date,open_ret,high_ret,low_ret,close_ret,volume_ret,range_ret,vol_ratio,target_return
2020-01-02,-0.000236587295255275,0.0002650462902259182,-0.07154673560807577,-0.06809568304968307,0.030376458097858484,0.07181178189830163,0.030376458097858484,0.03743497004252661
2020-01-03,0.00342803479365144,0.06270191511665539,-0.018823530808090176,0.03743497004252661,0.21926284092718668,0.0815254459247455,0.23433573325954887,0.009012876453299616
2020-01-04,-0.0005077347694613088,0.03190620075076468,-0.003373033371666641,0.009012876453299616,-0.4239605633606009,0.0352792341224314,-0.2739870600886344,-0.012791353820134313
2020-01-05,-0.0004972790792217952,0.025063777563517374,-0.01660180688055404,-0.012791353820134313,0.2406433610414609,0.04166558444407152,0.02844077424292355,-0.030454018526636886
2020-01-06,2.9521060236330393e-05,0.00454509265665688,-0.045125242286055633,-0.030454018526636886,0.18982946095024353,0.049670334942712516,0.2125170018910237,-0.002170978260569845
2020-01-07,6.121535954512742e-05,0.03391061612182387,-0.008758153711225704,-0.002170978260569845,-0.02050220448723362,0.042668769833049694,0.1376244565997565,-0.02106996987291752
2020-01-08,-0.0004970957148996135,0.019277214763581994,-0.02414134982850926,-0.02106996987291752,-0.06192243292047279,0.043418564592091334,0.03399295996015627,0.06106736546377222
2020-01-09,-8.65578923027283e-05,0.06106736546377222,-0.011590562006302079,0.06106736546377222,0.06514908015473027,0.07265792747007435,0.11559567866125696,9.942954404412942e-05
2020-01-10,3.4673383164322705e-06,0.04242979962016601,-0.012409237920993995,9.942954404412942e-05,0.2749823077676731,0.05483903754116,0.3173377903815115,0.0027087519203213817
2020-01-11,0.00015645009729527075,0.03835552906365054,-0.0012462119226100963,0.0027087519203213817,-0.2958191560208246,0.039601740986260514,-0.07298125757086876,-0.002874846177348412
2020-01-12,-0.00046041571990042393,0.016854821195511075,-0.009572306989480613,-0.002874846177348412,-0.15971787358917242,0.026427128184991752,-0.2254501590222593,-0.0016288491871757934
2020-01-13,-0.00026446556295689125,0.01631116748026004,-0.030500039682734525,-0.0016288491871757934,-0.018551004754598057,0.046811207162994625,-0.2125392700535,0.06458425326455491
2020-01-14,-0.0003315802045734761,0.09286295178662905,-0.0043149787723654985,0.06458425326455491,0.6630191700176652,0.0971779305589946,0.4739321901657641,0.006145948166506265
2020-01-15,-0.0008009822363373774,0.08260021181790732,-0.03201876615213248,0.006145948166506265,0.1639643004823433,0.11461897797003999,0.5252414325136394,0.10553037312112301
2020-01-16,0.0001915350990791577,0.12972556875820293,-0.08440710094539082,0.10553037312112301,0.12966466560661827,0.2141326697035937,0.5590909198784325,-0.014905130447518036
2020-01-17,0.004275456950962865,0.041364886869957505,-0.06309332736068804,-0.014905130447518036,0.0712107234389036,0.1044582142306454,0.4570222441517225,-0.07639800325727236
2020-01-18,0.00024090664526457757,0.00024090664526457757,-0.0794075175098734,-0.07639800325727236,-0.3617532447507603,0.07964842415513805,-0.0876742610728476,-0.02507391272689689
2020-01-19,0.0004305001162801572,0.027610818600437567,-0.05505196544718168,-0.02507391272689689,-0.1124986406105816,0.08266278404761929,-0.2855199389417949,-0.0029506692483948988
2020-01-20,-0.0009279092119314588,0.03091541159879863,-0.021656427635558598,-0.0029506692483948988,-0.3139108658368558,0.0525718392343572,-0.5818971286627278,0.03148863445001856
2020-01-21,-7.006791722070872e-05,0.04890392461585287,-0.00924755667004486,0.03148863445001856,-0.03203947746990149,0.05815148128589781,-0.5203800131058159,0.0005665764356111423
2020-01-22,-0.0012318678463759413,0.008241576208386146,-0.017964932364996626,0.0005665764356111423,-0.04955968408574347,0.02620650857338258,-0.4277863319414012,-0.04563534735262441
2020-01-23,-0.00011460176105636178,0.006336430644674553,-0.05965766080050098,-0.04563534735262441,0.18138389173879532,0.06599409144517542,-0.04701763917889951,0.008958700939542114
2020-01-24,0.00040267123671591755,0.0171468949251805,-0.021170250673534657,0.008958700939542114,0.025189928851450605,0.03831714559871522,0.0547379490555293,-0.015611388858167066
2020-01-25,0.0006734757843143246,0.0006734757843143246,-0.026465997543348125,-0.015611388858167066,-0.2032981882665304,0.027139473327662436,-0.10363301194328743,0.014730700662445707
2020-01-26,-0.0009183330939759207,0.01902775583581979,-0.010210320785727343,0.014730700662445707,-0.0017896271859840344,0.02923807662154731,-0.09062326256604743,0.008249843512622266
2020-01-27,-0.000456126615880814,0.04088622087383493,-0.012345724111193664,0.008249843512622266,0.2336467108412262,0.05323194498502865,0.152060399308391,0.015144645939527884
2020-01-28,-0.0003088830503186461,0.015144645939527884,-0.00870884486489918,0.015144645939527884,0.190713883080815,0.023853490804427117,0.2951379340602221,-0.03862536583469754
2020-01-29,8.306234551114132e-05,8.306234551114132e-05,-0.05003340448138533,-0.03862536583469754,-0.0283230529952297,0.05011646682689647,0.2101830760562055,0.00047738697495436697
2020-01-30,-0.0007156970409069637,0.012540718638616305,-0.024860440861668675,0.00047738697495436697,-0.010649146937413131,0.037401159500284976,0.15753162001081647,-0.00578143451114842
2020-01-31,0.000399645755697702,0.041893367659336565,-0.02564494698719578,-0.00578143451114842,0.028305770314201995,0.06753831464653233,0.11389759510929989,-0.0030016294859429287
2020-02-01,-0.0007960387794000946,0.009380365552714069,-0.020980772371020785,-0.0030016294859429287,-0.26339640557380883,0.030361137923734786,-0.22268763814905965,0.006924195485943198
2020-02-02,-0.0004381053170617095,0.021305995381817797,-0.02822811556390532,0.006924195485943198,0.08054778091178309,0.049534110945723034,-0.12812844817758806,-0.03370107031379966
2020-02-03,0.0,0.011312627391562085,-0.03622725911325034,-0.03370107031379966,0.021241989813772236,0.04753988650481242,-0.0685964008886723,-0.010322028835493182
2020-02-04,0.00015655614122323975,0.00045874424381179044,-0.05796788326521335,-0.010322028835493182,0.16070000314430585,0.05842662750902514,0.12144218500927817,0.025490236349435518
2020-02-05,-0.00020536651265870443,0.03032171158045917,-0.014987537683600005,0.025490236349435518,0.09772143540108293,0.04530924926405919,0.21307876121971997,0.0542463286140841
2020-02-06,0.0001851688773001522,0.05738641650672315,-0.013407552533060767,0.0542463286140841,0.10933989011276316,0.0707939690397841,0.29983757797731375,0.05197439183842667
2020-02-07,0.00017236523829420645,0.07010001539063686,-0.008761475264525186,0.05197439183842667,0.07325264151887206,0.078861490655162,0.27673821249999453,-0.03879874682809355
2020-02-08,-0.0007956673439678884,-0.0007295028692771132,-0.06081033698826527,-0.03879874682809355,-0.16372232922812613,0.06008083411898813,0.019863123225140267,0.027962368026693656
2020-02-09,-0.00025011631260261083,0.03426368177314929,-0.00548680731270249,0.027962368026693656,-0.13973397818013852,0.039750489085851735,-0.16809415847776846,0.006275225531844748
2020-02-10,0.0007508281648443058,0.006275225531844748,-0.0371180894442991,0.006275225531844748,0.09363284046445895,0.0433933149761439,-0.07049551834914672,0.06354649612460543
2020-02-11,-0.0009730187094226766,0.07343510493101227,-0.016759664533092317,0.06354649612460543,0.14081261507388718,0.09019476946410461,0.07547559098341217,0.0014909997024331499
2020-02-12,-0.0004878025396565004,0.03927673837485954,-0.004285722985945835,0.0014909997024331499,0.05314896796913526,0.04356246136080538,0.12771204644828266,-0.04321129197869492
2020-02-13,6.0832784037557e-05,0.02266904385261428,-0.05204453655139431,-0.04321129197869492,0.11837462741220404,0.0747135804040086,0.2497265656221526,0.04173421531670285
2020-02-14,0.001054068243173094,0.045995635069940415,-0.005721437868309654,0.04173421531670285,-0.24449305993605416,0.05171707293825019,-0.053044337580741514,-0.10767215143207993
2020-02-15,0.0,0.004499215068041393,-0.13642042780459357,-0.10767215143207993,0.12795745668679834,0.1409196428726352,0.04702375685285484,-0.04172291252148317
2020-02-16,0.004608928195884326,0.03363617059619013,-0.116534172884515,-0.04172291252148317,0.19222093050032973,0.1501703434807052,0.2026455779365572,-0.028635745662872577
2020-02-17,-0.0014453844467396618,0.0019994831007662784,-0.11239443225596675,-0.028635745662872577,-0.012466667216898241,0.11439391535673317,0.13792364493342507,0.03733221823003553
2020-02-18,-0.00098133532806458,0.046908718988668226,-0.06735877151894326,0.03733221823003553,-0.1920214125511718,0.11426749050761162,-0.09151257288292695,-0.06395793925837788
2020-02-19,0.00019186802292178986,0.055939971019371905,-0.06538629274922717,-0.06395793925837788,-0.014741231533865393,0.1213262637685992,-0.08084484577277351,0.07255960020587147
2020-02-20,-0.0011340936283370051,0.0904797897603783,-0.0074178646471844915,0.07255960020587147,1.9362803408935783,0.09789765440756279,1.8378778094499557,0.07800983685045473
2020-02-21,-0.0004455279737424047,0.10491745212661896,-0.00904705710783896,0.07800983685045473,-0.8585388865037524,0.11396450923445775,0.25158790642806583,0.03458364521289119
2020-02-22,-7.54592249038634e-05,0.051070801549491236,-0.026276126751080976,0.03458364521289119,-0.9169862450916658,0.07734692830057205,-0.8036010291722211,-0.04334745454267646
2020-02-23,0.0028025321993268796,0.017185912077673043,-0.05148377304377532,-0.04334745454267646,-0.15105396518395148,0.06866968512144848,-0.9504302125082171,-0.08947684860678165
2020-02-24,0.00025788114568129933,0.028727126555984858,-0.1210991507626878,-0.08947684860678165,0.06653713685070238,0.14982627731867262,-0.8835023494223715,-0.07636554120276483
2020-02-25,0.00018029482114710133,0.001162260017780606,-0.09038973618497964,-0.07636554120276483,-0.15133446939619433,0.09155199620276033,-1.0408865952905084,-0.10183906716535479
2020-02-26,-0.0012239067842400727,0.001368098774701627,-0.14596094558046,-0.10183906716535479,0.15266183312787063,0.14732904435516178,-0.2771752295070731,0.005586632971179915
2020-02-27,-0.0007712682703564162,0.048000886121203575,-0.08642265402002446,0.005586632971179915,-0.11332276409738586,0.13442354014122798,-0.08866694042379097,-0.04176791374178832
2020-02-28,-9.18178822072042e-06,0.015409069866790942,-0.06452536503209452,-0.04176791374178832,-0.2911445482679489,0.07993443489888544,-0.3392550672226133,-0.016267722477030015
2020-02-29,-0.0001885862064520632,0.03771989259890125,-0.016267722477030015,-0.016267722477030015,-0.4381192447353515,0.05398761507593118,-0.7186746013763292,-0.03244589474075604
2020-03-01,-0.0022785436706797475,0.01947907809279418,-0.05874468341209076,-0.03244589474075604,0.13468927722313637,0.07822376150488487,-0.4463272764480434,0.08980521543028433
2020-03-02,-0.0016350919908034662,0.10923279156671653,-0.008554440326200412,0.08980521543028433,0.1465285996651394,0.11778723189291682,-0.19995941076922893,-0.015046559493074292
2020-03-03,0.00021602308444956963,0.001901457157163712,-0.04416153698243617,-0.015046559493074292,-0.20153947659885035,0.04606299413959998,-0.2698886651427503,0.03047769760238975
2020-03-04,-0.0004127831705625041,0.06816536411024264,-0.0004127831705625041,0.03047769760238975,0.19550173751149644,0.0685781472808051,0.07605852084538611,0.004960867222149376
2020-03-05,0.0004221378525892188,0.05005625258024237,0.000311827187200311,0.004960867222149376,-0.07167324607014422,0.04974442539304196,0.043323587478546186,0.021953532097186614
2020-03-06,0.0023382930053914056,0.029597198441969945,-0.009999102739200325,0.021953532097186614,-0.0997267324046278,0.039596301181170315,-0.09413970978380311,-0.05984323900536987
2020-03-07,-0.0003439667476072248,0.00265061957314314,-0.06771011251553641,-0.05984323900536987,2.0733260030697105,0.0703607320886795,1.9849169602738423,-0.1537611664954255
2020-03-08,0.0,0.0005626937987722693,-0.1539099975384459,-0.1537611664954255,-1.729748195442458,0.15447269133721828,-0.5499965068534874,-0.03046495649642146
2020-03-09,-1.1902596674558785e-05,0.0182282435838791,-0.08568215179326291,-0.03046495649642146,0.09652091306641,0.10391039537714196,-0.4883610731396491,0.020590250664884513
2020-03-10,0.002608515665296713,0.05573088732007959,-0.039107461651863074,0.020590250664884513,-0.22240410095314822,0.09483834897194274,-0.7392725094096771,-0.03258267562353868
2020-03-11,-0.0007282507003014428,0.006639901882387225,-0.11775226716384066,-0.03258267562353868,-0.09725121957709607,0.12439216904622802,-0.8470936071191726,-0.5901975818912364
2020-03-12,-0.0002628314656445287,0.005721706609128629,-0.6114476616345809,-0.5901975818912364,0.45440203414908553,0.6171693682437094,-0.4023727798888277,0.0905149680698591
2020-03-13,0.0018761505316928497,0.16299207223418197,-0.3772226524788221,0.0905149680698591,0.29062002932546016,0.540214724713004,0.5132740159775064,0.016917306892711502
2020-03-14,0.004093117382785834,0.0960669904080266,-0.05854366975636636,0.016917306892711502,-0.390001667366007,0.15461066016439287,-0.004122825425689566,0.05341860672630792
2020-03-15,0.0027251970038801652,0.12011117635150775,-0.005330483596037671,0.05341860672630792,-0.10365192528281125,0.12544165994754533,-0.11467172724963359,-0.14967415086806013
2020-03-16,-0.002344522636367483,-0.002344522636367483,-0.2328334426188845,-0.14967415086806013,-0.0481935809871118,0.23048891998251694,-0.18801718702346099,0.038128929314923274
2020-03-17,-0.000263293960504732,0.09740559022979371,-0.009786683877584764,0.038128929314923274,-0.2714478583281068,0.10719227410737846,-0.48948009580617813,0.012950829189088518
2020-03-18,-0.000998452495475638,0.04567967323538639,-0.040058594256564335,0.012950829189088518,0.06832219533866907,0.08573826749195074,-0.3332427651948547,0.16231907499515402
2020-03-19,0.0,0.19310992536007504,-0.0022856085048613387,0.16231907499515402,0.35927279913293403,0.19539553386493633,0.1986779085486896,0.04662940758018933
2020-03-20,-7.737676148385486e-06,0.17197718760078917,-0.09753558755539576,0.04662940758018933,0.041202071282867785,0.26951277515618494,0.23883336541389447,-0.002274448100650412
2020-03-21,0.0021133286977223498,0.028145239959282708,-0.07145019903001433,-0.002274448100650412,-0.20866998615985832,0.09959543898929699,-0.004420678336595477,-0.11459125483102178
2020-03-22,0.0007633239992846117,0.03187448891486461,-0.1161003857171203,-0.11459125483102178,-0.15882898997144546,0.14797487463198483,-0.16098011833499531,0.08407547594741495
2020-03-23,0.0,0.09322465607823238,-0.011755898059526334,0.08407547594741495,0.03419398516571866,0.1049805541377586,-0.14305547221537507,0.02244846070212204
2020-03-24,0.0013186618718373786,0.0628188616246579,-0.0043303875265214035,0.02244846070212204,0.009948287743376583,0.06714924915117927,-0.144305130673898,-0.028928796619315144
2020-03-25,0.0008628690612603165,0.013517064047082696,-0.04204563575367687,-0.028928796619315144,-0.14539975625230253,0.05556269980075962,-0.23161396939060316,0.04270941925486052
2020-03-26,0.0,0.04270941925486052,-0.0016270401750561525,0.04270941925486052,-0.16250464100699238,0.044336459429916694,-0.29443761467523094,-0.06858930304851138
2020-03-27,-1.4829505993499932e-05,0.0030269820034655942,-0.07466272006028657,-0.06858930304851138,-0.05441790803036777,0.07768970206375225,-0.26725991406900074,-0.025856208079743672
2020-03-28,-0.0006100635966308381,-0.0006100635966308381,-0.07126665937108416,-0.025856208079743672,0.25087398648266507,0.07065659577445325,0.04267742242708403,-0.05842255314484403
2020-03-29,0.0011538528716484942,0.008403696198598026,-0.05944412301860459,-0.05842255314484403,-0.3534652334235967,0.06784781921720244,-0.28823788852775317,0.05886148301397083
2020-03-30,-0.0006336922237989533,0.07890415080364244,-0.0038818764842177365,0.05886148301397083,0.22269979784905464,0.08278602728786026,0.027380319820809438,-0.008404857366320745
2020-03-31,-0.003804317079426832,0.00915111995176043,-0.01748134239922106,-0.008404857366320745,-0.24535098585255097,0.026632462350981254,-0.19685381489699916,0.010172746882480621
2020-04-01,0.0,0.010172746882480621,-0.032905216972977124,0.010172746882480621,0.13541626637577417,0.043077963855457695,-0.028574876799957443,0.0030536708811178775
2020-04-02,0.0005728112788668783,0.047135696694132576,-0.009744600074512694,0.0030536708811178775,0.1984949635724017,0.05688029676864517,0.16795459873314533,-0.0023924953609386033
2020-04-03,0.000664680932164921,0.0380418014195581,-0.00785037132231959,-0.0023924953609386033,-0.10538710078855416,0.04589217274187761,0.07281831860895167,0.02281796473056028
2020-04-04,0.0,0.022942918387858672,-0.007168191122000841,0.02281796473056028,-0.11398374320408616,0.030111109509859523,-0.08040879925428225,0.019720672916759014
2020-04-05,0.0013296845405148675,0.03349746719859255,-0.004588430474309558,0.019720672916759014,0.021116528576986506,0.03808589767290204,-0.03316294818848525,0.1420673238301995
2020-04-06,0.00043484444961510674,0.14689766238125393,-0.0012139510258592288,0.1420673238301995,0.5873053841503223,0.14811161340711307,0.5298948259503035,-0.01445163471973015
2020-04-07,0.0011361693772295753,0.04540250327193953,-0.03230036548334866,-0.01445163471973015,-0.019922473384617435,0.07770286875528822,0.36938040856741655,0.051519280511124574
2020-04-08,-0.0006373046921076394,0.051519280511124574,-0.014124248665146655,0.051519280511124574,-0.1821017606743402,0.06564352917627118,0.1017275619486788,0.04465983207411085
2020-04-09,0.001742343289157243,0.05377704565320192,-0.02542394017205645,0.04465983207411085,0.01822286507807459,0.07920098582525852,0.06533155074128628,-0.11332916861675028
2020-04-10,0.0002572093920415802,0.0057338080473190054,-0.1521891594925726,-0.11332916861675028,0.1788024230150622,0.15792296753989155,0.17286682595987715,-0.0014885654139617183
2020-04-11,0.0,0.028545500649855185,-0.02703508143182794,-0.0014885654139617183,-0.40424331007810876,0.055580582081683115,-0.3311649004864022,0.011945593242039754
2020-04-12,0.0016835822187686548,0.030942335213341852,-0.02103213255108497,0.011945593242039754,-0.03474177705844024,0.05197446776442689,-0.29051058922423356,-0.030944020781263164
2020-04-13,0.0002500190644893105,0.0002500190644893105,-0.06096524048718672,-0.030944020781263164,0.025705457550649756,0.061215259551676005,-0.18251034323558524,0.03705512078902296
2020-04-14,0.0011899322525239313,0.076680833256936,-0.008936507175571621,0.03705512078902296,0.028505669426751673,0.08561734043250765,-0.11294436776616516,-0.030765768743921593
2020-04-15,-0.0014427197658551708,0.03361716165145049,-0.031656061390105586,-0.030765768743921593,0.03786822977081905,0.06527322304155607,-0.033359742876169274,0.05995983072480036
2020-04-16,-0.0008876708167164909,0.06698592174666149,-0.027787949492965047,0.05995983072480036,0.18044625116514212,0.09477387123962638,0.23070245500682265,-0.012078706731045233
2020-04-17,0.0008150774481319236,0.002576522540366563,-0.02093512372036842,-0.012078706731045233,-0.21031637592110705,0.023511646260734997,-0.03154975938019767,0.047782130614271855
2020-04-18,-0.0006693282513509148,0.05063012791739306,-0.0015743679017346203,0.047782130614271855,0.11962062085197805,0.052204495819127665,0.07645052652828206,-0.04143290419993238
2020-04-19,-0.0005228994847290378,0.016571112422679172,-0.04143290419993238,-0.04143290419993238,-0.05022011566620771,0.0580040166226116,-0.004498838639594876,-0.04869768816973133
2020-04-20,0.0,0.016904227153936007,-0.050906809657788384,-0.04869768816973133,0.09975258754795212,0.06781103681172436,0.08053365801701755,-8.211445133503256e-05
2020-04-21,-0.0015921168203811365,0.017966261782055088,-0.008968215625124336,-8.211445133503256e-05,-0.22065851581327695,0.026934477407179587,-0.1679194252354248,0.0390747357443428
2020-04-22,-0.0024021196267694335,0.050123525709267855,-0.007870538408138616,0.0390747357443428,-0.01112323904519516,0.05799406411740645,-0.12711115548064789,0.010859956560775706
2020-04-23,0.0007324179822205967,0.03378112371368634,-0.013851573550675515,0.010859956560775706,0.2270685000704138,0.047632697264361895,0.11140598040785561,0.13642747404262412
2020-04-24,-0.0003980051013851253,0.15403787255878165,-0.0005809978183392181,0.13642747404262412,0.46548243084518626,0.1546188703771207,0.5671371215834599,0.04470243715592062
2020-04-25,0.00016172666689173352,0.06567829872120268,-0.023072111287746846,0.04470243715592062,-0.05497517747714532,0.08875041000894944,0.37125723414233747,-0.02928076458053463
2020-04-26,-0.0001277133082805825,0.007728066770612009,-0.03925723220045477,-0.02928076458053463,-0.18941484382490828,0.04698529897106683,0.08953615820290242,-0.010449271124152436
2020-04-27,0.000513177200055115,0.012626621119698818,-0.04192093822606451,-0.010449271124152436,0.021654193618171145,0.05454755934576319,0.036599537434084,0.015692340594463786
2020-04-28,-0.0005112578634185623,0.028376577069444676,-0.015221964461720352,0.015692340594463786,-0.14224082965009063,0.043598541531165075,-0.18053665453034373,0.04765645044421838
2020-04-29,0.0013700462431741603,0.06157956537584398,-0.011299887406077326,0.04765645044421838,0.36133524471531925,0.07287945278192134,0.16495953721941628,-0.06821818601092487
2020-04-30,0.0008300733783421022,0.04432141736755359,-0.07765749699614391,-0.06821818601092487,0.005033864316310237,0.12197891436369748,0.17085423428727264,0.03234133615449849
2020-05-01,0.0,0.06265704570880336,-0.0004884018923134913,0.03234133615449849,-0.18136442646227002,0.06314544760111686,-0.0234304037413268,0.010902790576921924
2020-05-02,0.00021558332640650213,0.01736679353772577,-0.013146181580007113,0.010902790576921924,-0.1918929668807341,0.030512975117732963,-0.2274381467395763,-0.035901077421612124
2020-05-03,0.0008090994778897307,0.009709316264857513,-0.04078023891442955,-0.035901077421612124,0.021034160800356534,0.05048955517928697,-0.18044865460568518,-0.0013552049560837114
2020-05-04,-0.0010264366288545163,0.006740596531982356,-0.062335657617305903,-0.0013552049560837114,0.16126435392564364,0.06907625414928838,-0.021526992047546614,-0.024248998515337166
2020-05-05,-0.0005930017031670248,0.008032867682895914,-0.03320836732235388,-0.024248998515337166,-0.1274269646624967,0.04124123500524984,-0.10813606550725204,-0.012521636542221007
2020-05-06,-0.0009931176097259778,0.022016361599764063,-0.012521636542221007,-0.012521636542221007,-0.06863525902155002,0.03453799814198495,-0.10710377366483571,0.020358040330076908
2020-05-07,-0.0017353800010337778,0.03893422217353933,-0.01938687980643101,0.020358040330076908,0.1332976179249026,0.05832110197997046,0.06808731880243958,0.03377066611318657
2020-05-08,0.0,0.0466164727842127,-0.013476329172550549,0.03377066611318657,-0.04081448870682722,0.06009280195676327,0.0034382644680988877,-0.02262801920759113
2020-05-09,-0.0025145436911293063,0.010545413601243307,-0.029680836378802384,-0.02262801920759113,0.012592952579446941,0.04022624998004572,0.004844807352611361,-0.09122375559282422
2020-05-10,-2.1691873676139887e-05,0.0006337826208242545,-0.14744321439296604,-0.09122375559282422,0.11800763746826844,0.14807699701379026,0.1421813367114031,-0.04861627972978241
2020-05-11,-0.0018731996476105117,0.014463622796376892,-0.08620449254520351,-0.04861627972978241,-0.14060196021349627,0.10066811534158028,-0.03088352728834673,0.034739987049813244
2020-05-12,0.0039056156046479358,0.05198199614712619,-0.0071739267233192116,0.034739987049813244,-0.15644446767322104,0.05915592287044521,-0.2025641397959419,0.02336934143144824
2020-05-13,-0.0007177479272902661,0.032859700864099506,-0.014073114637627419,0.02336934143144824,-0.07753662988149604,0.046932815501727086,-0.2417604580367799,-0.009070602209932315
2020-05-14,-0.0022768677366955294,-0.0005146137372851689,-0.029782669822840165,-0.009070602209932315,0.19194821608129856,0.029268056085555064,-0.005446428394210752,-0.017328803919744014
2020-05-15,-0.0008386309997452866,0.018733545611428978,-0.02529033500744411,-0.017328803919744014,-0.14425260853563165,0.044023880618873135,-0.1363303440234014,0.03031224638686029
2020-05-16,0.0006145233306031193,0.035368674802043594,-0.010412753508895917,0.03031224638686029,-0.07244353725961418,0.045781428310939475,-0.13891582333735528,-0.004234184827148359
2020-05-17,0.00042149100379270564,0.025298094985536916,-0.005284574281593583,-0.004234184827148359,-0.023647761422296444,0.030582669267130484,-0.1097986870766247,0.020282529718367286
2020-05-18,-0.0010929313665697575,0.04435541819533532,-0.0025888709602357434,0.020282529718367286,0.1290917543027916,0.04694428915557109,0.043636988017470964,0.003606326631606263
2020-05-19,-0.00028418785330017914,0.020921975075625963,-0.022184853386401485,0.003606326631606263,-0.1357635636186533,0.043106828462027486,-0.10819358216553744,0.035996858479661255
2020-05-20,-0.0002198556198684877,0.03698032821443994,-0.012846308576691142,0.035996858479661255,0.11368041477989362,0.04982663679113114,0.057088780933951505,-0.06815121923146117
2020-05-21,0.0008560865130424052,0.010154575946400481,-0.0901853404320738,-0.06815121923146117,0.1280458895157996,0.10033991637847425,0.18283814339357377,0.05022115767519547
2020-05-22,0.0002158300062402693,0.06085947115936374,-0.009273002271937367,0.05022115767519547,-0.18315279738734447,0.07013247343130109,-0.0450555701689787,-0.017772632432221713
2020-05-23,0.00024600061367856187,0.007159311951574212,-0.029589351916559894,-0.017772632432221713,-0.27223272438108453,0.03674866386813405,-0.3269117540669936,-0.03028986450865236
2020-05-24,-0.00020971614035791733,0.01742920972268523,-0.03395173617762544,-0.03028986450865236,0.16033185560146238,0.05138094590031058,-0.10435998144586832,0.033880261212909726
2020-05-25,-0.0032379419076708207,0.03915893952657957,-0.017102635172623944,0.033880261212909726,0.04695545268306876,0.056261574699203475,-0.047486155529111576,-0.013356383100191578
2020-05-26,0.00025443966097084443,0.00470290662799928,-0.0280485089925272,-0.013356383100191578,-0.15407097148980647,0.03275141562052662,-0.17692825564952958,0.010599470804226312
2020-05-27,0.0,0.03480885350689256,-0.0016108898018826203,0.010599470804226312,-0.0007778259901400548,0.03641974330877512,-0.09110525719928976,0.020428759654116002
2020-05-28,0.0005470712093213363,0.022732798999286718,-0.01118144969496748,0.020428759654116002,-0.1774599636536035,0.03391424869425412,-0.2226438520819691,0.007501809485087169
2020-05-29,0.0010643035517550392,0.01523509008190464,-0.00798926611511401,0.007501809485087169,-0.09287809763455461,0.023224356197018497,-0.29397314080298964,0.048268429594165815
2020-05-30,-5.3385290283201296e-05,0.05095312793158626,-0.01322645597284029,0.048268429594165815,0.29944139236494094,0.06417958390442667,0.07645167093856425,-0.028029582052894686
2020-05-31,-0.0001507511190063526,0.021657079706564473,-0.03687772904301026,-0.028029582052894686,0.014774036896645422,0.05853480874957481,0.12058022216496028,0.041626069751224015
2020-06-01,-0.0011947873105798627,0.04332811034574106,-0.007073174109741442,0.041626069751224015,0.03156736074348215,0.050401284455482705,0.1426746166562662,-0.03448387976305149
2020-06-02,-8.347181183506299e-05,0.03466409001974664,-0.06244056101163824,-0.03448387976305149,0.28037897039394183,0.09710465103138495,0.4064299025942514,0.053107319259058844
2020-06-03,0.0,0.05442108408184327,-0.00314248834232705,0.053107319259058844,-0.2819208568027601,0.05756357242417044,0.0075111343147123335,0.06899521932772165
2020-06-04,-0.0002692994314761525,0.08061164210526331,-0.0026137057831116736,0.06899521932772165,0.3944029525232937,0.08322534788837507,0.3448841293733739,-0.0008642573499765358
2020-06-05,0.0,0.02943838868569391,-0.022098455487217842,-0.0008642573499765358,-0.11029263574084702,0.05153684417291172,0.13894804447212575,-0.016638572219632778
2020-06-06,0.0,0.018119018931612614,-0.016638572219632778,-0.016638572219632778,-0.4127315602512703,0.03475759115124522,-0.3338931754500609,-0.010135108708475938
2020-06-07,0.0,0.016155028868420303,-0.04798507363451881,-0.010135108708475938,0.05911936533259644,0.06414010250293908,-0.25466247410603693,0.03939665611000067
2020-06-08,-0.0005555372953023252,0.04118191497396242,-0.007429142725400438,0.03939665611000067,-0.1252564678632592,0.04861105769936289,-0.3124067987263059,-0.006142911866372513
2020-06-09,-0.00014608178796155034,0.009235200999885987,-0.018517966404328654,-0.006142911866372513,0.20865480828910637,0.027753167404214733,-0.07178139259847845,-0.004017041273930677
2020-06-10,8.433915912131383e-05,8.433915912131383e-05,-0.030845601752728644,-0.004017041273930677,-0.05731780098349909,0.030929940911850074,-0.038965788389787655,-0.1174566378808379
2020-06-11,0.0,0.005827588681956512,-0.12374121283693214,-0.1174566378808379,0.13572857830966678,0.1295688015188885,0.17423334584805425,0.03272355450425377
2020-06-12,0.0012253636999119146,0.05320727448154047,-0.008356517704438505,0.03272355450425377,-0.1440551536943929,0.06156379218597901,-0.01593314622947074,0.00563206314666901
2020-06-13,0.00029952961254764947,0.013649051675362917,-0.013109889525736149,0.00563206314666901,-0.15293305495574352,0.026758941201099007,-0.1723240424833047,-0.03827148280697805
2020-06-14,-0.0001854752514675127,0.0010582066736141748,-0.045885720847513446,-0.03827148280697805,-0.06616570030603378,0.04694392752112749,-0.23680963037780592,-0.021199964274551706
2020-06-15,0.0,0.006134344835475706,-0.08102295636009968,-0.021199964274551706,0.3826796337602594,0.08715730119557527,0.19926221196498434,0.0037065573578993908
2020-06-16,-0.001040183142092259,0.018266209550624045,-0.009281185735178457,0.0037065573578993908,-0.2436876748602023,0.027547395285802346,-0.07892569335549776,-0.008221764516974128
2020-06-17,0.002369838326746589,0.004430036355931616,-0.022778326308597656,-0.008221764516974128,0.017836528649627287,0.027208362664529136,-0.013535367501191676,-0.01712356567837987
2020-06-18,-0.00015703511382415952,0.0011103702629017428,-0.029556860421474707,-0.01712356567837987,-0.19902295801051556,0.030667230684376396,-0.19980005362579475,-0.02459806245224528
2020-06-19,-0.0011768390229486324,0.0018034022464923478,-0.02511813936539205,-0.02459806245224528,0.03658611861009936,0.026921541611884287,-0.14429169190325233,0.008985695299104255
2020-06-20,0.00034843826267186816,0.016009416730911875,-0.010774618870921446,0.008985695299104255,-0.08840693710966314,0.02678403560183339,-0.23172446947194958,-0.0026840218370687992
2020-06-21,-0.000797148409752498,0.006197984486735355,-0.009158625374168967,-0.0026840218370687992,-0.10166849639989206,0.015356609860904378,-0.23148892971560114,0.027965476093674394
2020-06-22,-0.0021813763601075445,0.04094406880109774,-0.0021813763601075445,0.027965476093674394,0.16295830249230986,0.043125445161205436,-0.003384554596827896,0.03381780151172342
2020-06-23,-0.000649986606402986,0.0536059776360314,-0.01302645235211453,0.03381780151172342,0.07425951438638945,0.06663242998814609,0.11336608805909502,-0.03277996233162103
2020-06-24,0.0014581587383889654,0.03751602481657757,-0.04200305865909281,-0.03277996233162103,0.012737877883268706,0.07951908347567023,0.10827176074835829,-0.022397742450137304
2020-06-25,0.00029798969975520633,0.0018325398907333358,-0.04108278615544257,-0.022397742450137304,-0.3100924882620044,0.042915326046176004,-0.21469135558186528,-0.0019267680646933576
2020-06-26,0.0006243638786519489,0.01104439545946112,-0.03722082650289589,-0.0019267680646933576,0.08798063611134739,0.04826522196235715,-0.09796187146470561,-0.07047300440163669
2020-06-27,-0.0002505187672323196,0.038605241732891815,-0.11882247942267049,-0.07047300440163669,0.10061976873711953,0.1574277211555624,-0.0023092111600060126,0.02940771382736074
2020-06-28,0.0,0.04692041052786901,-0.011682614797565615,0.02940771382736074,-0.32354003261957637,0.05860302532543462,-0.3188214905939404,0.0508556646430219
2020-06-29,-0.00011305054775172631,0.06393899759902057,-0.016401027504099445,0.0508556646430219,0.29332324741397453,0.08034002510312002,0.05639665544569364,-0.01899303661256898
2020-06-30,-0.0002755756309602327,0.011727971614209994,-0.026450079956392456,-0.01899303661256898,-0.47459043573018633,0.03817805157060247,-0.3829135206561837,0.023184364879415036
2020-07-01,0.001319914912173559,0.03177928202525466,-0.006512654663965397,0.023184364879415036,0.09076899953957197,0.03829193668922001,-0.2400935364960828,0.009742740157079606
2020-07-02,0.000891780525717249,0.05056929985903124,-0.008680838485284883,0.009742740157079606,0.2842537140463474,0.059250138344316125,0.10380951395493535,0.00392292920937472
2020-07-03,0.0004338480066211993,0.04267344886237521,-0.001840034960414221,0.00392292920937472,0.02771028428825229,0.04451348382278956,0.16275094729808456,0.02935539572147997
2020-07-04,0.000806257236711026,0.0338819609472469,-0.0023330429681709557,0.02935539572147997,-0.13406073060392135,0.03621500391541785,-0.017003343324645266,0.053427548179360136
2020-07-05,0.0017607162038177776,0.0713412458731891,-0.010781458257949787,0.053427548179360136,0.5518057851495621,0.08212270413113888,0.5808040072907152,0.031692499826068574
2020-07-06,0.0,0.06502931878341761,-0.0011913176803564711,0.031692499826068574,0.08482224038249778,0.06622063646377403,0.48320624771581927,0.07075450364857351
2020-07-07,-0.0006841177646003441,0.08196055023925819,-0.016075465655508818,0.07075450364857351,-0.07214882131057801,0.09803601589476703,0.24498509358048048,0.09152299227553246
2020-07-08,0.0001937580205258407,0.09599987797896371,-0.02198664441479089,0.09152299227553246,0.25707518482522695,0.11798652239375444,0.4122996093750417,0.06785378973006713
2020-07-09,0.0,0.07009265754084809,-0.038322070447322415,0.06785378973006713,0.0270130214847855,0.1084147279881705,0.2994007655687793,0.06622051362214977
2020-07-10,-0.0005987409426510995,0.08425920878939779,-0.057574583006013404,0.06622051362214977,0.3323989242243626,0.141833791795411,0.48828491061416324,-0.029683132004495325
2020-07-11,3.158535405000395e-05,0.09026132153741512,-0.03989311899402522,-0.029683132004495325,0.0893776356816993,0.1301544405314404,0.4360029748633374,0.018521996787003246
2020-07-12,-0.002355267092512385,0.0543733646986867,-0.007957597566247103,0.018521996787003246,-0.48128950368383766,0.062330962264933815,-0.18084976246348414,-0.03552461224317571
2020-07-13,0.0,0.0743905187726239,-0.06578510647091422,-0.03552461224317571,0.2859817681891244,0.1401756252435381,0.07210982105903146,0.020288756643023223
2020-07-14,0.0,0.03782061181104443,-0.014535910681743945,0.020288756643023223,-0.2909834547115384,0.05235652249278826,-0.2658809494114565,0.020321722206241205
2020-07-15,-0.0005616674005255191,0.04467137315070723,-0.022066231032351766,0.020321722206241205,-0.30529796726661523,0.06673760418305907,-0.5609098717563517,0.010240493944748795
2020-07-16,0.0007394882185975839,0.05628994107233515,-0.06599456347923947,0.010240493944748795,0.4203631446562785,0.12228450455157484,-0.017003581569345883,0.015392239079486031
2020-07-17,-0.0008217811166344641,0.04247244308390119,-0.02997152451057763,0.015392239079486031,-0.20493060695521187,0.07244396759447877,-0.12939513256889246,0.05230419175063586
2020-07-18,-1.1744900755753751e-05,0.08772827435496912,-0.007002850372247624,0.05230419175063586,0.24259406745439524,0.09473112472721663,0.13084054721196692,-0.0406151624930058
2020-07-19,-0.001550648936020005,0.03321121073698993,-0.08490203187106836,-0.0406151624930058,0.016388437048441902,0.11811324260805814,0.18161215276438156,-0.07662521119859081
2020-07-20,0.00037560737239659714,0.012553710142741618,-0.07867919712647271,-0.07662521119859081,-0.438635556240428,0.09123290726921422,-0.29365915340785975,0.029398131822030656
2020-07-21,1.2901406927136926e-06,0.04204820877830142,-0.023164844253058595,0.029398131822030656,0.09037734825802328,0.06521305303135987,-0.20850874834718092,0.00412780345566832
2020-07-22,0.0005851090659371924,0.009698677536969742,-0.02788336337157203,0.00412780345566832,-0.3469327393184441,0.03758204090854174,-0.49830317670195057,-0.014465304950111377
2020-07-23,-0.0007165009104105224,0.01906736957298123,-0.02203481684357313,-0.014465304950111377,0.02015536776008125,0.041102186416554554,-0.40939066463167917,-0.03541551626031078
2020-07-24,0.0004916058907075616,0.0019081852689755178,-0.04259078252990493,-0.03541551626031078,0.03387695384495813,0.04449896779888033,-0.2433490839951604,0.022575726567619726
2020-07-25,0.0012067726516108456,0.0329151226022315,-0.01053973770111278,0.022575726567619726,0.15660867211504648,0.04345486030334443,0.06514413639797485,-0.025938722739637803
2020-07-26,-1.9964961188656812e-05,0.0005637387477846232,-0.04169651436325916,-0.025938722739637803,-0.02527345535915673,0.04226025311104369,0.04995080766776313,-0.058490075206242206
2020-07-27,-6.33499590116174e-05,0.027322659745429703,-0.13035022686283337,-0.058490075206242206,0.4466384545952627,0.15767288660826312,0.5341520657528374,0.0440430761731259
2020-07-28,0.00026051597587846295,0.05075067590010264,-0.010789236822214842,0.0440430761731259,-0.3961768789638473,0.06153991272231741,-0.010310275122558447,-0.02977340878729145
2020-07-29,-0.00042512276489111887,0.02718610888425029,-0.03376660497818914,-0.02977340878729145,-0.11584665512265269,0.060952713862439466,-0.1638402786712171,0.021466444015881422
2020-07-30,0.0,0.030046978827790078,-0.009331828849655504,0.021466444015881422,-0.18695125804106016,0.03937880767744552,-0.3615687440987418,0.019420170363145393
2020-07-31,-0.000677261780053004,0.03083359558886365,-0.0023860474300761974,0.019420170363145393,0.09585049911179419,0.03321964301893983,-0.22011687033368596,0.0690621453732458
2020-08-01,0.0,0.08043743562588121,-0.0005267206123672116,0.0690621453732458,0.4737357335774136,0.08096415623824854,0.2811804470203291,-0.04318230503444912
2020-08-02,0.0009943595141305149,0.03530974852405717,-0.11830455177281371,-0.04318230503444912,-0.022864679651927768,0.1536143002968709,0.29559878125256567,-0.009543857456631928
2020-08-03,0.0028962420907402073,0.038894007123370565,-0.02050902075343809,-0.009543857456631928,-0.06097825825181563,0.05940302787680873,0.1780705936443709,0.039503723952412244
2020-08-04,-2.022491903697898e-05,0.04907416812685334,-0.00830425226650984,0.039503723952412244,-0.2565100922828906,0.057378420393363196,-0.1383351708717643,0.036579361624406684
2020-08-05,0.000785905937847558,0.0472562453471706,-0.01262093496849705,0.036579361624406684,0.13023264851430402,0.059877180315667806,-0.0431589598975134,0.003960625957602184
2020-08-06,-0.00033490872215952654,0.02141132088428898,-0.0071416039152958025,0.003960625957602184,0.0062073383844406865,0.028552924799584656,-0.08038316538687358,-0.037972036871451946
2020-08-07,-0.0003739055967344054,0.004269544304214172,-0.060461021419947476,-0.037972036871451946,-0.047905743879255315,0.06473056572416168,-0.0856483658359679,0.09738939024495885
2020-08-08,0.00011634209784321799,0.09738939024495885,-0.007323700751457222,0.09738939024495885,-0.028602209380462627,0.10471309099641625,-0.06586554174666268,0.17589209992346583
2020-08-09,0.00046632136065969163,0.20404436431337278,-0.02711004505725208,0.17589209992346583,1.1255526828731006,0.23115440937062484,1.1012142516126902,0.03497783255534581
2020-08-10,0.0,0.10136493235142849,-0.027278766593361384,0.03497783255534581,-0.030491673389368094,0.12864369894478989,0.7216679138074056,-0.10425774688683873
2020-08-11,0.0019119409381066373,0.017330642145788246,-0.146481095767951,-0.10425774688683873,-0.4458670523159249,0.16381173791373907,0.04162528431205818,0.19239783626211804
2020-08-12,0.0006747502561046184,0.20471533558726257,-0.007736728224748901,0.19239783626211804,0.45860225597774473,0.21245206381201148,0.4132203153269133,0.028604675928124913
2020-08-13,0.0006185667117613006,0.09370449426372625,-0.07663192399010914,0.028604675928124913,0.29816398376434716,0.1703364182538353,0.5294119689587309,-0.009084351227840076
2020-08-14,0.0002690216752334032,0.0770566441488436,-0.03066381599040625,-0.009084351227840076,-0.3114152875681735,0.10772046013924975,-0.010208670290018557,-0.000335966009316696
2020-08-15,0.0,0.04111397491759348,-0.026134577057431725,-0.000335966009316696,-0.6054877990613328,0.06724855197502526,-0.6094422221110452,0.021032229827220857
2020-08-16,-0.0009505976210864414,0.04516230311187205,-0.045217550478667615,0.021032229827220857,0.09998461086778129,0.09037985359053974,-0.4145063841064614,-0.046681139771299715
2020-08-17,0.0,0.014666869532167072,-0.046681139771299715,-0.046681139771299715,-0.1907512173950124,0.061348009303466865,-0.597031836859827,-0.0167918331203131
2020-08-18,-0.004297144502863459,0.031423484987589886,-0.06108030008510507,-0.0167918331203131,0.005753965968350067,0.092503785072695,-0.47055551960853625,-0.029626084714434738
2020-08-19,-0.0010629526020231237,0.016063917944070485,-0.08929508865348514,-0.029626084714434738,-0.00831049193124971,0.10535900659755566,-0.2363893701151698,0.1061805632477712
2020-08-20,0.0003307940942921022,0.11688925950726899,-0.01671449657274797,0.1061805632477712,0.2833861366425519,0.1336037560800169,0.22097911510859092,-0.11246807731433772
2020-08-21,0.00016451880159834946,0.04458448473604713,-0.1130748762754699,-0.11246807731433772,0.06259852377977132,0.15765936101151704,0.2413042047562036,0.13334922649348163
2020-08-22,-0.0014148550253472347,0.14105374818851046,-0.0358149766836968,0.13334922649348163,0.14450445422757557,0.17686872487220734,0.35039617379592464,0.2809293637123582
2020-08-23,-7.393839690254819e-05,0.28389076651221645,-0.01156232303050349,0.2809293637123582,1.1912173474132446,0.29545308954271976,1.4375909964135434,-0.04506007941147673
2020-08-24,-0.0023884392712942826,-0.0006892983380638282,-0.103410470798675,-0.04506007941147673,-0.6880802663985184,0.10272117246061131,0.22826688497136624,0.03444426070275916
2020-08-25,0.005857978223180287,0.08366235114487035,-0.04153404662861362,0.03444426070275916,0.48418191502957997,0.125196397773484,0.5655378918046559,-0.08548698320937188
2020-08-26,-0.0007126118338582174,0.024520429419377685,-0.09279583073169137,-0.08548698320937188,-0.3554841842098248,0.11731626015106902,-0.009436453160091757,-0.060729547771408696
2020-08-27,-0.0016857512558815925,0.022395980684472995,-0.10889216066773105,-0.060729547771408696,-0.13208466288611542,0.13128814135220415,-0.24314620789845784,0.03968248674758375
2020-08-28,0.0006472976303180879,0.06997491609258236,-0.01662208616992814,0.03968248674758375,-0.3871598774422318,0.08659700226251066,-0.6901629457372579,-0.03689199281517577
2020-08-29,-0.0008518565232298165,0.004154176082442105,-0.03689199281517577,-0.03689199281517577,-0.21221995738740138,0.04104616889761804,-0.6859121047114612,0.04394566918607527
2020-08-30,-0.0013417690650963014,0.07763518316190456,-0.005342812948039695,0.04394566918607527,0.293239946043151,0.08297799610994432,-0.30567822029202335,-0.057072229388543706
2020-08-31,-0.0006545014102206175,0.02188268313354923,-0.057072229388543706,-0.057072229388543706,-0.21560762470882772,0.07895491252209302,-0.3246671412341525,0.004751481716147902
2020-09-01,-0.0005102942854009987,0.056358484987492255,-0.017809084618269442,0.004751481716147902,0.2731649643510736,0.07416756960576157,0.09168466517745694,-0.08525575330195019
2020-09-02,0.0004701926287567649,0.008626541429093979,-0.12491274515257518,-0.08525575330195019,-0.29276986842485037,0.13353928658166914,-0.13722828267041404,-0.2894853395728553
2020-09-03,0.0001475382239712631,0.012025356665219077,-0.32751412050420775,-0.2894853395728553,0.01758131317307567,0.3395394771694268,-0.0901485838929751,0.10085634849553847
2020-09-04,-0.0017646204263125618,0.12448779704210886,-0.0432122581820893,0.10085634849553847,0.19857268136267922,0.16770005522419817,0.09520316546518787,-0.11160785969589883
2020-09-05,-0.00028180348530566155,0.02927374724417819,-0.1589976069970277,-0.11160785969589883,-0.0033519536599077673,0.1882713542412059,0.09609282940975354,0.05089006586947346
2020-09-06,-0.0014250485391445874,0.07914848933815316,-0.0757224560969927,0.05089006586947346,-0.07238977548738064,0.1548709454351459,-0.014247604067810704,-0.02552405592426006
2020-09-07,0.00032206266010587916,0.01455967959922939,-0.10505390661240668,-0.02552405592426006,-0.0746874743941744,0.11961358621163612,-0.05594722910466109,-0.01973173617606531
2020-09-08,-0.0007749476033691226,0.020448213616995715,-0.058317316268891604,-0.01973173617606531,0.19040012343297416,0.0787655298858874,0.12249461893119158,0.07359296664667739
2020-09-09,-0.0013109634829484825,0.10538071975383219,-0.01077789014845125,0.07359296664667739,-0.10805507946758913,0.11615860990228341,-0.032421418496933835,-0.003019771159324288
2020-09-10,-0.00015303842536883166,0.04141643028468213,-0.025638477957244728,-0.003019771159324288,0.1296695329827536,0.06705490824192688,0.1109835679165972,0.007889376083673447
2020-09-11,0.0,0.014436804234736386,-0.048288535276759796,0.007889376083673447,0.13268474750385645,0.06272533951149624,0.22971536886216698,0.04564288589659283
2020-09-12,-0.0012140221747063214,0.06281124497466554,-0.02492048094531221,0.04564288589659283,-0.14872254273712157,0.0877317259199778,0.023150952793727902,-0.060484560284942396
2020-09-13,0.0,0.038007947239454276,-0.08951059990890241,-0.060484560284942396,0.0482400892174003,0.12751854714835673,0.03561145684954397,0.020427881438852293
2020-09-14,0.004246975636417453,0.04820523295570575,-0.026413024751342846,0.020427881438852293,0.010843441666653167,0.07461825770704858,0.03565468839286167,-0.09943502800716489
2020-09-15,0.0,0.010492668902983409,-0.11121251263061381,-0.09943502800716489,-0.04948149260178339,0.12170518153359718,-0.046174052095928196,0.05169019644096376
2020-09-16,-3.4001126534861855e-05,0.06118515764012022,-0.03092427280943069,0.05169019644096376,-0.0818178035920145,0.0921094304495509,-0.12675806173364115,-0.013287905571948184
2020-09-17,0.0,0.012339017267215124,-0.05312119692558241,-0.013287905571948184,0.01615258484926475,0.0654602141927976,-0.0660659572653264,-0.02054253698071698
2020-09-18,0.0,0.027271843488565196,-0.056489721802449946,-0.02054253698071698,-0.026787730693637473,0.08376156529101517,-0.08199940015767675,-0.004846088837257254
2020-09-19,0.0001858829442781684,0.015953157946338704,-0.01928478598979084,-0.004846088837257254,-0.17793331245993688,0.03523794393612941,-0.23378501283186448,-0.05789497219323973
2020-09-20,0.0016215683271401588,0.030992299572262346,-0.0833410758225239,-0.05789497219323973,-0.012091593220718084,0.11433337539478611,-0.18434911252876815,-0.1302609171834439
2020-09-21,-0.00037612125202420173,0.016278627698965816,-0.15058923290592563,-0.1302609171834439,0.23936839219144598,0.16686786060489145,0.11084057361165833,0.029662332519406562
2020-09-22,-0.0010514529197958287,0.04263859664145186,-0.014483132506383715,0.029662332519406562,-0.7070373323592821,0.057121729147835705,-0.6046448371346144,-0.09221915295412864
2020-09-23,-0.0004997085890813834,0.01571330088022237,-0.09996195858562906,-0.09221915295412864,0.4254060446799642,0.11567525946585144,-0.0656575081093458,0.15283468800423897
2020-09-24,0.0011259139718558517,0.16690223894051165,-0.010442404319768677,0.15283468800423897,0.049364791695041335,0.17734464326028024,0.033920299973227055,0.06747358250062836
2020-09-25,0.0006308123148147733,0.06937510641278792,-0.024654346362734378,0.06747358250062836,0.016447074717361402,0.09402945277552237,0.051402860979862755,-0.04084769407059147
2020-09-26,7.982843352869444e-05,0.0036139203247494006,-0.06576494176212001,-0.04084769407059147,-0.18848819391256744,0.06937886208686951,-0.14197366195209907,0.027941904521873295
2020-09-27,0.0018639264953765277,0.03909144780207761,-0.00855798929045682,0.027941904521873295,0.10808232792256114,0.047649437092534414,0.05654039210869396,0.025477311823816046
2020-09-28,-0.001265089105364999,0.08745466282422047,-0.0012693242080133432,0.025477311823816046,0.31623087198308547,0.08872398703223376,0.3039011947660706,0.07790745555602628
2020-09-29,-0.006373151329708684,0.10037508843523686,-0.009226283545650837,0.07790745555602628,-0.10842434604725099,0.10960137198088776,0.12728221920678084,0.021812704591675287
2020-09-30,0.011800096357658853,0.05727922783623785,-0.009199855029980716,0.021812704591675287,0.1689399533074013,0.06647908286621865,0.2662427672216671,-0.045201075592892256
2020-10-01,0.0016732875073373918,0.041057818119646115,-0.07450099562009536,-0.045201075592892256,-0.17490918055343035,0.11555881373974128,0.026538612150089,-0.04399437497769665
2020-10-02,-0.0015064332336392672,0.027129362707428252,-0.08987646869485531,-0.04399437497769665,0.09489973226020239,0.11700583140228353,0.06815141889793234,0.02210731819357884
2020-10-03,0.000265272924994883,0.04382302468162856,-0.005113847223786542,0.02210731819357884,-0.3862902801409847,0.04893687190541484,-0.371654835053493,0.05593422538398425
2020-10-04,0.0002331587250453206,0.06949565631414094,-0.02793217564883514,0.05593422538398425,0.15195464191228877,0.09742783196297612,-0.14817709154335876,0.014104224114604618
2020-10-05,1.1680970238912165e-06,0.017135960121891294,-0.021209931245152913,0.014104224114604618,0.028233593805523954,0.038345891367044214,-0.09258186291188043,-0.12855553851336143
2020-10-06,-0.00016462352197197915,0.0021559431394455263,-0.1325810022091255,-0.12855553851336143,0.06481472848148422,0.134736945348571,0.03452341050590743,0.031926218302269806
2020-10-07,0.0002339121679544432,0.04131278034611035,-0.03445599243470575,0.031926218302269806,-0.21926633504438034,0.0757687727808161,-0.1748646699130736,0.03208630433113026
2020-10-08,-0.0004750512999787335,0.047785558909599735,-0.04963429974559274,0.03208630433113026,0.045732757868846736,0.09741985865519245,-0.05344301033179911,0.021809365989398696
2020-10-09,-0.0021546030757431923,0.0411383221376768,-0.02006436978145226,0.021809365989398696,0.03401313036404053,0.06120269191912906,-0.032422261930539896,0.06904678846961106
2020-10-10,0.0011728562229170625,0.09853848071355259,0.0010785573994813876,0.06904678846961106,0.053985550267333544,0.0974599233140711,0.03081622922974173,0.09555528086989354
2020-10-11,0.001780652628206042,0.12589880644309717,-0.015863103643295493,0.09555528086989354,0.5045192699936151,0.14176191008639263,0.539663158734219,-0.015696204695609537
2020-10-12,-0.00015185251071754606,0.02293894190612971,-0.044760383348905655,-0.015696204695609537,-0.1849155992788418,0.0676993252550354,0.24371320089985826,0.0050850390350208365
2020-10-13,-0.0007609884609011588,0.031046505256385918,-0.02649130692230166,0.0050850390350208365,-0.06394743337431702,0.057537812178687614,0.09082353842425504,-0.04533368604983277
2020-10-14,0.0012019943952208765,0.01900901839424515,-0.06357339959091511,-0.04533368604983277,-0.03229244005888108,0.08258241798516033,-0.003217959870627541,0.0019396494229673598
2020-10-15,-0.0008915378189626619,0.024507086088794885,-0.039575480524685326,0.0019396494229673598,-0.287333974797091,0.06408256661348022,-0.3377087868298365,-0.06578109446097528
2020-10-16,0.0013700197834558483,0.0132775026362122,-0.07738311825298012,-0.06578109446097528,-0.045177200742166926,0.09066062088919236,-0.3734157188092211,0.013220287564411947
2020-10-17,0.004233250926934462,0.015213093884304774,-0.016943740586312768,0.013220287564411947,-0.842698690480534,0.03215683447061754,-1.0920943979134834,0.05320067535641276
2020-10-18,-0.0013481332285298147,0.05680877166402546,-0.007553669415856238,0.05320067535641276,0.5236623362702512,0.06436244107988166,-0.3794646082650841,-0.045621111703131954
2020-10-19,0.0005302376380304666,0.0011387008499667125,-0.0516930008451089,-0.045621111703131954,0.20792028512873711,0.0528317016950756,-0.02731586864136776,-0.08788579331625411
2020-10-20,0.00012295170697557657,0.00012295170697557657,-0.09174814956917059,-0.08788579331625411,0.09279071566039783,0.09187110127614614,0.18050510138814282,0.04119645726243583
2020-10-21,-0.002091643287804468,0.08383822789878338,-0.0068973851504235,0.04119645726243583,0.10648974590672328,0.09073561304920685,0.3028258732547018,0.032474004069768345
2020-10-22,-0.0014461890977324873,0.05745240062250876,-0.0030372505380071866,0.032474004069768345,0.07149756645295012,0.06048965116051594,0.3517332343896019,-0.010996840520474494
2020-10-23,0.002442924164160377,0.01201818371626888,-0.04612762722723562,-0.010996840520474494,0.19988193337970364,0.05814581094350452,0.38613277762079923,0.034049540988050256
2020-10-24,0.0,0.040543956088539515,-0.01836399501321931,0.034049540988050256,-0.175042754907931,0.05890795110175883,0.07571236320903635,-0.04729618383391492
2020-10-25,0.0,0.016621977679466035,-0.05293935659023148,-0.04729618383391492,0.113518659077369,0.06956133426969745,0.13548987679960786,-0.028092327339691043
2020-10-26,0.0,0.011436198385503108,-0.059228270709211245,-0.028092327339691043,0.1635111500466566,0.07066446909471434,0.2387451372755821,0.0009247006159188526
2020-10-27,-3.7019946166423685e-07,0.03173937387389416,-0.01580872479603767,0.0009247006159188526,-0.06666453885673086,0.04754809866993199,0.09593319205700584,-0.07008838743596793
2020-10-28,0.0,0.0,-0.0878984525932437,-0.07008838743596793,-0.17982043184312752,0.08789845259324375,-0.12899320116884322,-0.03775742861727545
2020-10-29,5.950647707104386e-07,0.010702291656164448,-0.059380408725046574,-0.03775742861727545,-0.15275454248265646,0.07008270038121103,-0.25403823773810974,-0.001081194930717299
2020-10-30,-7.724562693267975e-06,0.01625907563555594,-0.0612124641475691,-0.001081194930717299,0.18652059411699345,0.07747153978312507,-0.047145711982931264,-0.0010022721136943907
2020-10-31,1.835255505756141e-05,0.03668862538309354,-0.0066983417034430755,-0.0010022721136943907,-0.2002060195633273,0.04338696708653662,-0.23768196997512367,0.024686377262374187
2020-11-01,0.0,0.047436050600294356,-0.01737003112170632,0.024686377262374187,0.038053962881538284,0.06480608172200064,-0.11557611178313282,-0.026845766372602237
2020-11-02,-2.0138386965191163e-07,0.028020798376693874,-0.03701718000268594,-0.026845766372602237,0.16546899149907188,0.06503797837937977,0.1163707177250449,-0.029316299855051565
2020-11-03,-4.137268357774024e-07,-4.137268357774024e-07,-0.06589220620661143,-0.029316299855051565,-0.04062401866109133,0.06589179247977574,0.06760066569268203,-0.020641674273072504
2020-11-04,-2.2366874360923332e-06,0.0010621805568518587,-0.05905105459533757,-0.020641674273072504,0.020132325272695775,0.060113235152189304,0.05850254222953599,0.028829266027531476
2020-11-05,2.2833310473493557e-06,0.04301423877086385,-0.024131181591775873,0.028829266027531476,-0.43096895893654596,0.06714542036263975,-0.3687862995977927,0.07618196906607319
2020-11-06,-2.0071680195405203e-06,0.08984951034633734,-0.007684038413192494,0.07618196906607319,0.204614516602863,0.09753354875952977,-0.12447521126198925,-0.05341541757908015
2020-11-07,0.0,0.055744238634509544,-0.07328865614661868,-0.05341541757908015,0.15510626280020065,0.12903289478112817,0.04571571648402346,0.03941127373724612
2020-11-08,0.0,0.05824573226105051,-0.01057808869540714,0.03941127373724612,-0.5528074789383186,0.06882382095645766,-0.4867719129609042,0.06648717703248981
2020-11-09,-6.949033357345901e-07,0.07599775415805853,-0.025087353257220998,0.06648717703248981,0.35720028672003806,0.10108510741527957,-0.02205713552914013,-0.010787728141187508
2020-11-10,5.7216261694525454e-05,0.02447532136836179,-0.04369053332115522,-0.010787728141187508,-0.11099091731876037,0.06816585468951702,-0.07134726853581067,-0.008823597892467847
2020-11-11,-1.408405807131439e-06,0.03472613309404507,-0.011768407878059913,-0.008823597892467847,-0.046040464272890276,0.04649454097210486,-0.12697635004903224,0.0002785497794088373
2020-11-12,-4.736301219672269e-06,0.0512473702651811,-0.017866897157927587,0.0002785497794088373,0.14377193547873054,0.0691142674231086,0.056025123075284185,0.03429789751017869
2020-11-13,-3.219785391844549e-06,0.04304787982495464,-0.003183078388177847,0.03429789751017869,-0.2512647186317352,0.046230958213132514,-0.14485838031903409,-0.0318860678541398
2020-11-14,0.0,0.00493063924133016,-0.04057205670176052,-0.0318860678541398,-0.1572995452126183,0.045502695943090796,-0.31735685891887244,-0.01342078493955525
2020-11-15,0.0,0.013389687784776574,-0.03571568990470771,-0.01342078493955525,-0.24980835077612215,0.04910537768948431,-0.4876786781685413,0.023888585426537146
2020-11-16,0.0,0.0374556933405448,-0.008939783054297297,0.023888585426537146,0.22133806875782894,0.046395476394842095,-0.16946840779345462,0.03580488448079177
2020-11-17,0.0063477147176813,0.04831855522185811,0.005324778401854001,0.03580488448079177,0.28931014252730336,0.04299377682000417,0.1790970648170729,-0.03578020407336927
2020-11-18,-1.1725935482972752e-06,0.005440526445759532,-0.06585366371673461,-0.03578020407336927,0.02433639425546249,0.07129419016249415,0.24226100002848344,-0.0019689600254878133
2020-11-19,-7.011417438898595e-06,0.019759502175873404,-0.022848065497654235,-0.0019689600254878133,-0.307979820263267,0.042607567673527656,-0.09584906975326048,0.03467278479429297
2020-11-20,4.402456252307125e-06,0.06802787882254023,-0.0014204758216462543,0.03467278479429297,0.3728641704686275,0.06944835464418626,0.28121538739806196,0.11139402788095715
2020-11-21,0.0,0.11635996064757503,-0.0011467340410720066,0.11139402788095715,0.4022797509028714,0.11750669468864697,0.570593061898539,-0.07542826797368472
2020-11-22,1.6187959061921352e-07,0.010500200860743322,-0.10853333872277414,-0.07542826797368472,-0.0631276362550122,0.11903353958351734,0.3320160696223419,0.05995702718836798
2020-11-23,5.236864700662603e-07,0.07746450047194867,-0.00493542426881283,0.05995702718836798,-0.059041542927860194,0.08239992474076148,0.18027952671226957,0.02545413855969538
2020-11-24,-7.850577940149828e-05,0.0985996573995717,-0.021279480894493566,0.02545413855969538,0.43098524282782547,0.11987913829406528,0.5437150968928722,-0.004494001903871714
2020-11-25,3.357633975802339e-05,0.08167582334889097,-0.02774023287170436,-0.004494001903871714,-0.21391838790420117,0.10941605622059523,0.12444436047365852,-0.10579930130217649
2020-11-26,-0.0005471250527351444,0.0557243516402471,-0.1589225308228143,-0.10579930130217649,0.25725068258667333,0.21464688246306135,0.29667950434779705,0.00579624305489668
2020-11-27,0.00040070101294239244,0.021229130782241392,-0.04021484770214331,0.00579624305489668,-0.6995914553673576,0.06144397848438475,-0.4797512351082093,0.013856500883657674
2020-11-28,0.00026525229767312606,0.03238675097182423,-0.02347601968562659,0.013856500883657674,-0.24948703163716365,0.05586277065745095,-0.6876787454402128,-0.0017528880789495496
2020-11-29,6.957438770445914e-05,0.01962605731097659,-0.02024572528570017,-0.0017528880789495496,0.05627940310135591,0.03987178259667693,-0.5683571163384555,0.02359984231053069
2020-11-30,-0.0001641969590158183,0.041446684496122786,-0.015175144483002268,0.02359984231053069,0.1978467890541734,0.05662182897912517,-0.2060734246564525,-0.05276392975044752
2020-12-01,0.00012025837281214637,0.02537255695114859,-0.0702883958495795,-0.05276392975044752,0.08500587131615973,0.09566095280072809,-0.027442881812736367,0.04279589196951632
2020-12-02,-8.542970968148416e-05,0.05041612529652339,-0.009734761879093067,0.04279589196951632,-0.04982317234019943,0.060150887175616397,0.10128307552807898,0.0007723089964653116
2020-12-03,0.0001607337925886127,0.026296565901025488,-0.024221080877310182,0.0007723089964653116,-0.2327488863588503,0.05051764677833584,-0.14006881715469022,-0.08157531214025172
2020-12-04,8.40362889503689e-06,0.006144866049831803,-0.0932489029085262,-0.08157531214025172,0.0033435166615144807,0.09939376895835798,-0.14624046991534195,0.035799797645630356
2020-12-05,-0.00024621450032585526,0.04253159048193396,-0.01601933848414619,0.035799797645630356,-0.16301062040086967,0.058550928966080044,-0.3098759730256877,-0.00949686644290556
2020-12-06,3.881614037274162e-05,0.005088099498994101,-0.03163996835845415,-0.00949686644290556,-0.13034466128915842,0.03672806785744834,-0.3751574614625137,-0.021766209099842514
2020-12-07,-7.141634170734057e-06,0.0032399658640911667,-0.02368959615677028,-0.021766209099842514,-0.11661275872117054,0.026929562020861397,-0.3794785649610396,-0.07369265540054565
2020-12-08,7.654046102799003e-05,0.008589296522807776,-0.08810092297868936,-0.07369265540054565,0.24720389041275126,0.09669021950149712,-0.0015791145534499946,0.015001544757448857
2020-12-09,4.311149782297181e-05,0.03029181249848943,-0.03430993182761716,0.015001544757448857,0.12502622229504456,0.06460174432610648,0.15856839678337956,-0.030793936081948338
2020-12-10,1.4884510340186187e-06,0.0019772883043742296,-0.0322779494694502,-0.030793936081948338,-0.2567484779839856,0.03425523777382452,-0.08912570509980836,0.010780726205635777
2020-12-11,2.7424965602743523e-05,0.04029941752185537,-0.03675502444646937,0.010780726205635777,0.26732585339462533,0.07705444196832477,0.20424212803034256,0.07347684096969516
2020-12-12,-0.0003208685531141086,0.08051632575696284,-0.0008591544810208105,0.07347684096969516,-0.30390780451965227,0.08137548023798352,-0.1554158820511184,0.023447091744029265
2020-12-13,1.8718613107509907e-05,0.055273555681296715,-0.002377381985115646,0.023447091744029265,0.20393565326609378,0.057650937666412265,0.03561401882729017,0.006584212410645794
2020-12-14,0.00011558387649011892,0.02325010388647814,-0.02954681783299806,0.006584212410645794,-0.2138608493501857,0.05279692171947635,-0.18547528647989608,0.014175820513901474
2020-12-15,2.601485667530317e-05,0.026250271154264305,-0.029415278951415002,0.014175820513901474,0.15662254378318083,0.05566555010567924,0.03180799495531454,0.03330522491956994
2020-12-16,-5.417937640865228e-05,0.03687766261190886,-0.02546324371537288,0.03330522491956994,0.5064598937738056,0.062340906327281724,0.516968511321106,-0.021762546810323427
2020-12-17,-4.308995359269368e-05,0.043326758115766,-0.02902014476230377,-0.021762546810323427,0.23949160121089877,0.07234690287806983,0.6621810126782459,-0.005583977174461839
2020-12-18,0.00011680251310362507,0.014625183900689372,-0.026799306409711215,-0.005583977174461839,-0.40901545774636044,0.041424490310400575,0.0469883595649018,-0.0070381616982688674
2020-12-19,-4.500032722166463e-05,0.020677921341700222,-0.01164561191142218,-0.0070381616982688674,-0.10619846377742628,0.03232353325312246,-0.10909033683149796,-0.0517412458745274
2020-12-20,-9.352166091917068e-05,0.010798054899893062,-0.06512932607310627,-0.0517412458745274,0.06671208637254239,0.07592738097299931,-0.09837325820731911,0.003407140249615476
2020-12-21,0.00020292343580592646,0.02281279019169519,-0.04169148645699505,0.003407140249615476,0.1870525207655816,0.06450427664869009,0.043097158921460085,-0.01852465217159664
2020-12-22,-0.0001256718635543606,0.00981614322707653,-0.06138680910544177,-0.01852465217159664,0.13407058985163134,0.0712029523325184,0.18181417784227172,-0.12294275274663481
2020-12-23,-6.020381739297944e-05,0.008981466267102915,-0.14690250613599437,-0.12294275274663481,0.10741388710011346,0.1558839724030973,0.32235760598253044,0.1226649180214414
2020-12-24,0.0006289482333377965,0.13077543844816972,-0.031453501143257574,0.1226649180214414,-0.15063142436194923,0.16222893959142726,0.08648544119166605,-0.00692770591933238
2020-12-25,4.451269725418334e-05,0.019169861224822154,-0.03821339223601097,-0.00692770591933238,-0.2701296174099602,0.057383253460833054,-0.24527392212449511,-0.02598309482513624
2020-12-26,7.567513866048158e-06,0.008282624435784071,-0.03792448847350998,-0.02598309482513624,-0.1609176108532308,0.04620711290929411,-0.4074030015419382,0.007970588654588199
2020-12-27,9.648224642044331e-05,0.04416431697242394,-0.041805814091588886,0.007970588654588199,0.40925724496274823,0.08597013106401269,0.05728745123943407,0.10402552849254365
2020-12-28,2.3016215814014637e-05,0.1387038745289973,-0.004633375164462411,0.10402552849254365,0.1290076830664991,0.1433372496934596,0.20062273198437955,0.04934834335174949
2020-12-29,0.0006459248313989738,0.057182534006252214,-0.06192859390869573,0.04934834335174949,0.20102630795020943,0.11911112791494805,0.4125537327455702,-0.03454828434410267
2020-12-30,-0.0006009665485743037,0.02997613090103802,-0.04032911558567165,-0.03454828434410267,0.03857489971937217,0.07030524648670965,0.37403305715011115,0.17768266636460378
2020-12-31,-0.00023343891995959633,0.17768266636460378,-0.03368821942288854,0.17768266636460378,0.19998983449274674,0.21137088578749222,0.4484044309156026,-0.10114735175848874
2021-01-01,-0.00044769477058376677,0.00212226009819932,-0.1386755571859001,-0.10114735175848874,-0.014034813627283324,0.14079781728409937,0.2559081769340939,-0.08050724355139735
2021-01-02,0.00012365925796639646,0.0023241362164194528,-0.09829698269634948,-0.08050724355139735,0.19740811339403677,0.10062111891276915,0.3489888207392047,0.07114990571733684
2021-01-03,0.0003117010484655335,0.08596026225944194,-0.02107139332979876,0.07114990571733684,-0.1318818818415041,0.1070316555892407,0.09360117075191716,0.030969702104997957
2021-01-04,0.0005916579681223798,0.07434818800201591,-0.0802270505256787,0.030969702104997957,0.17712757722858666,0.15457523852769461,0.2169068118567064,0.03603689518023313
2021-01-05,0.0009352233945602914,0.06016024541838001,-0.05624951391242877,0.03603689518023313,-0.0291624192381404,0.11640975933080867,0.10468668781073034,0.07193304212680994
2021-01-06,5.9058169476214484e-05,0.1107998327008049,-0.054806446442150956,0.07193304212680994,0.23850910426772276,0.16560627914295586,0.30382500372209886,-0.06261422063146448
2021-01-07,0.00021353898627150185,0.02419577593196985,-0.08390196599355819,-0.06261422063146448,-0.17491785516346814,0.10809774192552803,0.034915632410781876,-0.052942627319805015
2021-01-08,-0.00010570731751076387,0.009414744923344723,-0.09418748430734057,-0.052942627319805015,-0.01699742037688706,0.10360222923068524,0.0021818147178988864,0.09421071281275448
2021-01-09,-0.000245040770304744,0.1218992206460297,-0.019181217401633175,0.09421071281275448,0.07394321753467353,0.14108043804766285,0.04130078632489096,-0.016863739830905982
2021-01-10,0.0003969576257765142,0.0883104594783544,-0.08571503308901567,-0.016863739830905982,0.12556320194170328,0.17402549256737004,0.14882638046654742,-0.11676979475756562
2021-01-11,-7.727531686352932e-05,-7.727531686352932e-05,-0.24614314986413968,-0.11676979475756562,-0.03209514630007852,0.2460658745472761,0.0673385846052692,-0.0037947103440682003
2021-01-12,-0.00023772229480291426,0.07050699912604928,-0.0353992300472508,-0.0037947103440682003,-0.2976735961448615,0.10590622917329993,-0.22501394632993554,0.08778722968403102
2021-01-13,-0.0001172142417900727,0.09181971800993254,-0.02490257051898438,0.08778722968403102,-0.19361261727026852,0.11672228852891707,-0.39296270076812917,0.03421934412426211
2021-01-14,-6.49832231631122e-05,0.055126192876810046,-0.01141971709775184,0.03421934412426211,0.1460912950706102,0.06654590997456189,-0.19385223371980206,0.2093310778046419
2021-01-15,0.0006579474070433919,0.26097801213905153,0.0006579474070433919,0.2093310778046419,1.193130438685199,0.26032006473200825,1.0475870151210425,0.1286947546191446
2021-01-16,-0.0016630696445088095,0.18047117724731349,-0.04141765496376922,0.1286947546191446,-0.1768575158661822,0.22188883221108271,0.5946195702609447,-0.05960465526392842
2021-01-17,0.0004304254689091924,0.0163376701654869,-0.11381460860866278,-0.05960465526392842,-0.4279863214882786,0.13015227877414964,0.0035030188093797443,0.1098165862171121
2021-01-18,0.0005054870105007047,0.145830163528416,0.0005054870105007047,0.1098165862171121,0.021420671717314533,0.14532467651791534,-0.05557982977294105,-0.05594962473997402
2021-01-19,0.0012194238938297512,0.06484535547541553,-0.06514930376968649,-0.05594962473997402,-0.20205793638850325,0.12999465924510195,-0.35325539134332345,-0.008304749968202267
2021-01-20,-0.0015381247503550995,0.05139651851916568,-0.11413749842304548,-0.008304749968202267,0.011685339218705057,0.1655340169422111,-0.38752845382041534,-0.21877400739373037
2021-01-21,0.00017672637886422365,0.004139181493020277,-0.22278371847790585,-0.21877400739373037,-0.13501326454583873,0.2269228999709263,-0.34991407078068587,0.11351598493909497
2021-01-22,-0.0004002817226038865,0.16520275468463175,-0.06738553017090475,0.11351598493909497,0.13159672253661925,0.23258828485553654,-0.05332045722411621,0.03644384334748424
2021-01-23,-0.0008196920357666569,0.07938218030995407,-0.018488211234907213,0.03644384334748424,-0.17130976538716108,0.09787039154486134,-0.1883089490248371,-0.008524642807167998
2021-01-24,2.983418161894064e-06,0.05487374266018287,-0.049860689861365055,-0.008524642807167998,-0.1396443789833397,0.10473443252154793,-0.2521469421341743,-0.06023445484842746
2021-01-25,0.00011190405101458133,0.033238460982392776,-0.06699654556524347,-0.06023445484842746,-0.06226586518224157,0.10023500654763631,-0.2579045233285932,-0.00502017830217455
2021-01-26,-0.00034956847827357024,0.02287501541416778,-0.04445013395500905,-0.00502017830217455,-0.050630241246969084,0.06732514936917697,-0.23523281025356682,-0.09949242980991238
2021-01-27,-0.00013546322560135734,0.0038959236449791486,-0.12881818772487105,-0.09949242980991238,0.10471294978030496,0.1327141113698501,-0.07536841174711258,0.1511822609569141
2021-01-28,9.715189406079055e-05,0.19003178626039968,-0.01715082888655263,0.1511822609569141,0.2503222383659992,0.20718261514695224,0.24723372948427616,-0.018201099071617256
2021-01-29,0.008319755504899962,0.0390543087175345,-0.051606882106601366,-0.018201099071617256,-0.1077393005855273,0.09066119082413589,0.11485246166421222,0.008288596434114396
2021-01-30,-2.4848954496399054e-05,0.036560168508788904,-0.027761860781494382,0.008288596434114396,-0.44097758925277736,0.06432202929028327,-0.3539475571550247,0.010877380357046006
2021-01-31,7.487563480434027e-05,0.09615869691816785,-0.03911219743670341,0.010877380357046006,0.3469402334816884,0.13527089435487127,0.032617231263906775,0.12397565522896306
2021-02-01,8.285469710892307e-05,0.12397565522896306,-0.036728280305068826,0.12397565522896306,0.04396809800411131,0.16070393553403198,0.04764746392406337,-0.03388224496619512
2021-02-02,0.0009983762728976067,0.011469486521278816,-0.055060066290740006,-0.03388224496619512,-0.1889474315762203,0.06652955281201878,-0.15966537883157678,0.04150402185520202
2021-02-03,-0.0002225781434667765,0.05362068454581624,-0.016091900316136897,0.04150402185520202,0.06394881527808229,0.0697125848619533,-0.022434316294649894,-0.01031993229246226
2021-02-04,0.0001261637658722333,0.02083626468570766,-0.06609182404613653,-0.01031993229246226,-0.0619649293422912,0.08692808873184427,-0.046264767494060534,0.2803892045527219
2021-02-05,-0.000795304815108708,0.3210098308015337,-0.014189285759007091,0.2803892045527219,1.0032586181532324,0.3351991165605407,0.9223699304864841,-0.011828153506884995
2021-02-06,-0.00033486745927212075,0.10326680115348998,-0.06903708934972991,-0.011828153506884995,-0.008597871069288101,0.17230389050321993,0.6589487184201747,0.14678349001208965
2021-02-07,0.0016485701736502394,0.14831759864810276,-0.04087404061833502,0.14678349001208965,0.09350519799972917,0.18919163926643773,0.5583728494549474,0.02274962983161142
2021-02-08,-0.0002155416355453153,0.07197917309968067,-0.044771471796331806,0.02274962983161142,-0.046275792099393386,0.11675064489601238,0.3034149706739268,0.0579547642222816
2021-02-09,-0.000824400808125769,0.08267327114849304,-0.029833178133399408,0.0579547642222816,-0.2595197416027137,0.11250644928189246,-0.1124396413627594,-0.005581680267387911
2021-02-10,-0.0005844590775818238,0.021889990700898764,-0.10034698312869152,-0.005581680267387911,-0.015849992979513148,0.12223697382959017,-0.22086262877025176,0.16958495773440674
2021-02-11,5.600181317692216e-05,0.19383218042835235,-0.009940418748777382,0.16958495773440674,0.3375216126774486,0.20377259917712973,0.16043856375659485,0.1760340601877003
2021-02-12,-0.0031105511131190866,0.2142641240731076,-0.02479754057770765,0.1760340601877003,0.44018462579137135,0.23906166465081513,0.5765859191817809,-0.04569387040582424
2021-02-13,-0.0020377951581692436,0.03737919814755449,-0.09018852107655348,-0.04569387040582424,-0.42202595868830495,0.12756771922410803,0.032012829571850636,-0.050985136811757946
2021-02-14,2.9199375264481314e-06,0.020451692721560465,-0.08474278550228695,-0.050985136811757946,-0.11594744824411235,0.10519447822384724,-0.09974510869872362,0.15460301133971582
2021-02-15,-0.0012999918269117172,0.25551826251678594,-0.22758359771608525,0.15460301133971582,0.7615482721065845,0.4831018602328712,0.6261370868542665,0.11456096330794535
2021-02-16,-0.0012111029861980869,0.16234253010572272,-0.0012111029861980869,0.11456096330794535,0.06976425601721105,0.16355363309192075,0.48350635594381375,-0.05391977216787159
2021-02-17,-0.0006229841657173301,0.024033503156852095,-0.10818926530941644,-0.05391977216787159,-0.3351209505844716,0.1322227684662685,-0.007414823152081929,-0.030928156562005902
2021-02-18,5.242858644295529e-05,0.04188023187322287,-0.04402964372171257,-0.030928156562005902,-0.7137386054392183,0.08590987559493536,-0.71264699594419,-0.011670037433508418
2021-02-19,0.00014523857769845402,0.015929241252325043,-0.061840069871365054,-0.011670037433508418,-0.3053102245711601,0.07776931112369023,-0.978364329556873,-0.0498758660360178
2021-02-20,0.0001817995778084573,0.06197222861625622,-0.09331362327474393,-0.0498758660360178,0.38196807871420985,0.155285851891,-0.5433749698150238,-0.00762632567147701
2021-02-21,-0.0006454381472969664,0.03950310634437076,-0.039322506857005134,-0.00762632567147701,-0.05463932054167159,0.0788256132013759,-0.41139516329474995,-0.013297503152922599
2021-02-22,1.6342440740326075e-05,0.0019810532144506994,-0.2354154935577832,-0.013297503152922599,0.15517954234062065,0.23739654677223387,0.015004423796893679,-0.05684021815981112
2021-02-23,-0.0024161276747534655,0.08899704119695594,-0.3267526681677567,-0.05684021815981112,0.43365528735803677,0.4157497093647125,0.6043351291391348,-0.03176448915706531
2021-02-24,0.0007764178148503661,0.05426120398880912,-0.0682441555938519,-0.03176448915706531,-0.6849619025189906,0.12250535958266098,-0.2353256635763947,-0.09325422368489049
2021-02-25,-0.00010290640163178788,0.04827576856387422,-0.09844336479062527,-0.09325422368489049,-0.302812615213622,0.1467191333544995,-0.5702447021018977,0.05755155656708691
2021-02-26,0.0022131296886617256,0.06100413385825868,-0.09236646545846058,0.05755155656708691,0.2146586114955611,0.15337059931671934,-0.28848523528413683,0.018693015306881416
2021-02-27,0.0004751100402852928,0.0869834998297751,-0.028501826827557752,0.018693015306881416,-0.26956150753568253,0.11548532665733288,-0.5272486215261832,-0.08419295976568224
2021-02-28,-6.089142662512225e-05,0.0018497490410436693,-0.1390051734167737,-0.08419295976568224,-0.26486320476334446,0.1408549224578174,-0.6878655091099369,0.05453362697021969
2021-03-01,0.0004162821905785346,0.05678152679470646,-0.00044774814612111514,0.05453362697021969,-0.2169762376407863,0.05722927494082772,-0.5885746215948184,0.011307774976159705
2021-03-02,-0.0002364674298661151,0.09015768446761338,-0.02792867772615012,0.011307774976159705,0.4177281831996068,0.1180863621937635,-0.012983281964249072,0.13010854732810112
2021-03-03,0.0005293377055448677,0.1510164906480693,-0.0057495512391326255,0.13010854732810112,0.05399043228661523,0.156766041887202,0.0662748191244385,-0.1251686058837879
2021-03-04,-0.0003055784372609881,0.01038151604154878,-0.15821938627893486,-0.1251686058837879,0.038043919491215314,0.1686009023204836,0.1757764448628405,-0.011855216896999188
2021-03-05,-0.0018771106978126694,0.015499678375895382,-0.048429185627856385,-0.011855216896999188,-0.5031530539701314,0.06392886400375168,-0.33392087736944565,0.012831539564355992
2021-03-06,-0.0010964961516009186,0.018946722963117835,-0.020588639935369295,0.012831539564355992,-0.46025897542526034,0.03953536289848717,-0.7600720655918933,0.029140010484621105
2021-03-07,0.00010294864261917814,0.029140010484621105,-0.012491196514459534,0.029140010484621105,0.3335680590008519,0.041631206999080766,-0.3713204636487031,-0.007126205327327881
2021-03-08,-7.289686315300453e-05,0.0167325237247059,-0.046072514135227255,-0.007126205327327881,0.22751712041837807,0.06280503785993313,-0.04036811009388345,0.08794761058800522
2021-03-09,1.6259681100456123e-05,0.08795022776972197,-0.015210108851592569,0.08794761058800522,0.3133941469772056,0.10316033662131442,0.3612221978149864,-0.07340466879166314
2021-03-10,-0.000326660003685509,0.005184357901547693,-0.09658466732971897,-0.07340466879166314,-0.047984451305796844,0.10176902523126659,0.34029508496580213,-0.017948216678745105
2021-03-11,-0.0008666026673829676,0.004560514560004607,-0.048021392891904546,-0.017948216678745105,-0.28573671052277905,0.052581907451909195,-0.028121371283163492,-0.03693563934046173
2021-03-12,0.0003075698236658821,0.00791178579040679,-0.07104065527582407,-0.03693563934046173,0.14638138777802814,0.07895244106623084,0.040167965351731144,0.04177223113429196
2021-03-13,0.00026416259150722023,0.06321712917294241,-0.0378571775779592,0.04177223113429196,-0.16292258158755993,0.10107430675090165,-0.1829143237347606,-0.04372478568016979
2021-03-14,-0.00043651422974088093,0.005626003464603277,-0.047337374066309154,-0.04372478568016979,-0.38253104932559423,0.05296337753091235,-0.5591700551453198,0.07683940434030914
2021-03-15,-0.0005938549302137151,0.1254999727665381,-0.028872919775185527,0.07683940434030914,0.9434141601517305,0.1543728925417237,0.5161594516626383,0.04844146963056826
2021-03-16,-0.0021350016107892136,0.0891599740631721,-0.061493229859066925,0.04844146963056826,-0.0045313497715885895,0.15065320392223905,0.4380397528698089,-0.0056725284608946675
2021-03-17,-0.000518283521572246,0.02800903104115439,-0.06590931029100625,-0.0056725284608946675,-0.16011429765974694,0.09391834133216047,0.15633988536235977,0.06141484256602053
2021-03-18,-0.0006326673141111086,0.15923422008472293,-0.01529207734635774,0.06141484256602053,0.5182429997718644,0.1745262974310807,0.627067717600282,0.002534991112619561
2021-03-19,-0.0010625967950160173,0.04190854916731612,-0.029457942124640663,0.002534991112619561,-0.5513458124826062,0.07136649129195696,-0.12671447478788048,-0.06420553490277875
2021-03-20,-0.00014709196264783465,0.02192871960342204,-0.06420553490277875,-0.06420553490277875,-0.47892864121176165,0.08613425450620067,-0.6942087154526849,-0.019243123441863706
2021-03-21,0.0016155749205300411,0.01918022165676006,-0.043536762867895935,-0.019243123441863706,0.10238675541463875,0.06271698452465607,-0.49019852914488454,-0.05892400818920737
2021-03-22,0.00013755004055411493,0.029803002685063494,-0.0654869190714533,-0.05892400818920737,0.13947999087351035,0.09528992175651677,-0.25193495822421114,-0.0289101809614709
2021-03-23,-0.000736029100158639,0.027141319208033542,-0.029593726213836095,-0.0289101809614709,-0.12748666131038416,0.05673504542186958,-0.32999991315602667,-0.06556797533580373
2021-03-24,-0.00022261642844774045,0.052786472744255936,-0.11171360523107313,-0.06556797533580373,0.22364055115790565,0.16450007797532892,0.136393564449697,-0.0218531735090483
2021-03-25,-0.0007952066738690296,0.0232593410649294,-0.04847690317696275,-0.0218531735090483,0.1119100075920234,0.0717362442418922,0.28360569773317695,0.09716210045448287
2021-03-26,-0.00024495161496822893,0.0973101181191331,-0.004061968453266905,0.09716210045448287,-0.2597665250268549,0.10137208657239995,-0.06803569411939103,-0.013861587131838306
2021-03-27,-0.00013094149568767047,0.012724382945148324,-0.048374443027429194,-0.013861587131838306,-0.19265923281998357,0.06109882597257763,-0.2762745283873235,0.03172102356214311
2021-03-28,6.189180407156987e-05,0.061012367556831947,-0.012601687520894387,0.03172102356214311,0.15407948769717852,0.07361405507772632,-0.07929035308909317,0.048934315613145866
2021-03-29,0.00021561975032065038,0.07755273640076396,-0.01109727064897903,0.048934315613145866,0.17706630266702394,0.08865000704974288,0.09105125123111397,-0.014858443836243651
2021-03-30,-0.0002112931193758035,0.015342748664859575,-0.03631055857847587,-0.014858443836243651,-0.26416782282016127,0.05165330724333545,-0.17105216500161224,-0.044402924748901985
2021-03-31,0.0002196603044812596,0.005471861770249919,-0.07115324458708602,-0.044402924748901985,0.22914954611010752,0.07662510635733592,0.14068260580474543,0.027565861299793257
2021-04-01,6.966375861579455e-05,0.03834524936317961,-0.004841223284684315,0.027565861299793257,-0.1026988060113084,0.0431864726478639,0.015607271691128952,0.03837268828245757
2021-04-02,-0.0006633758418797386,0.04301759358146484,-0.018560111443128087,0.03837268828245757,-0.1123530341201021,0.06157770502459287,-0.13184990191479143,-0.007094636121685608
2021-04-03,4.120590915765897e-05,0.10666723325817995,-0.00968945322301547,-0.007094636121685608,0.8368907386806832,0.11635668648119543,0.7184056153607972,0.06998745796657085
2021-04-04,-0.0007174287234102974,0.08310948153464344,-0.014797741187003588,0.06998745796657085,-0.5143618080834099,0.097907222721647,0.03674698977862325,-0.012732565388499288
2021-04-05,4.518697515601827e-05,0.026265129093155,-0.06157722047305998,-0.012732565388499288,0.0795941209116713,0.08784234956621507,0.058728432703270335,0.014375969574250908
2021-04-06,0.0010796078772738475,0.07905224802167053,-0.0157622134232751,0.014375969574250908,0.31934043334049433,0.09481446144494547,0.34252116473701805,-0.10602866631824318
2021-04-07,-0.0029656978780530545,0.016981935780268208,-0.14160533001980027,-0.10602866631824318,-0.034011157321727735,0.15858726580006832,0.18761952841322785,0.04668704801544589
2021-04-08,0.00038815287049506964,0.05067319345969528,-0.00313234872252996,0.04668704801544589,-0.6778275423625234,0.0538055421822254,-0.6034906903713217,0.042020227891107396
2021-04-09,0.00020076316093189548,0.0483408415564545,0.00020076316093189548,0.042020227891107396,-0.14420562234910747,0.04814007839552269,-0.5959682122605117,-0.016192451119983436
2021-04-10,0.0010388961590244192,0.05723658784341644,-0.04040884643074311,-0.016192451119983436,0.39281248582005585,0.09764543427415956,-0.13716069377966603,0.10324241329965868
2021-04-11,-0.0010223228880070826,0.11111949228710354,-0.014461632272533153,0.10324241329965868,-0.059453597591434544,0.12558112455963685,-0.16925886135252596,-0.05727998527949268
2021-04-12,0.0049202379621305185,0.01687996302224973,-0.09211591813748546,-0.05727998527949268,0.31114871754029694,0.10899588115973532,0.26510846163888846,0.079308643979996
2021-04-13,-0.001530511671125371,0.12052466283920026,-0.02892618119157181,0.079308643979996,0.17433122627308317,0.14945084403077208,0.49141323818966604,0.12713099419226134
2021-04-14,-0.002094322862933626,0.12713099419226134,-0.042421832359258144,0.12713099419226134,0.48039102812963175,0.16955282655151938,0.823032648577735,0.0317022716004847
2021-04-15,-0.00026071605417366905,0.04982259010703253,-0.0408095200038313,0.0317022716004847,-0.14207406964967642,0.09063211011086393,0.3948394858308784,-0.08958092952336652
2021-04-16,-0.00543914982030737,0.005944571080208378,-0.1470705642806572,-0.08958092952336652,-0.3032856106318107,0.1530151353608657,-0.05567038086995622,-0.037024760420783016
2021-04-17,-0.0007195816323195411,0.0730286293959212,-0.03948615060026201,-0.037024760420783016,-0.22709113846738105,0.11251477999618312,-0.356720006653408,-0.14233207619552166
2021-04-18,-0.0008270447735548608,0.015192900793616878,-0.33807526435851754,-0.14233207619552166,0.5218048443114288,0.3532681651521346,0.16759199585632642,-0.10298496789770487
2021-04-19,0.00209210980070829,0.03948716899277736,-0.12206583271683938,-0.10298496789770487,-0.4998273047925818,0.16155300170961664,-0.39655062108545563,0.09700111624665657
2021-04-20,-0.003925020778844662,0.11088220594390596,-0.0854955361521806,0.09700111624665657,0.2698484277207075,0.19637774209608652,0.004873598390400234,-0.07904065256798921
2021-04-21,0.001221297368587299,0.010164858508115037,-0.09113430739953539,-0.07904065256798921,-0.43181016922459986,0.10129916590765038,-0.3712707076950283,-0.04493744118180977
2021-04-22,-0.0029068465854301486,0.09121592757113973,-0.051775570307177506,-0.04493744118180977,0.162294185346349,0.14299149787831733,-0.14583302677580168,0.08694703400885335
2021-04-23,0.00034133212302207096,0.08777566552670316,-0.11610140088680522,0.08694703400885335,0.22363493919565827,0.20387706641350825,0.07399535510693425,-0.10729468307902171
2021-04-24,0.0011865927320576276,0.001723898801052191,-0.10813961832888005,-0.10729468307902171,-0.7719603377104569,0.10986351712993207,-0.6271002772519813,0.01384603507100686
2021-04-25,0.0022810244697524067,0.0651628812770051,-0.0359200024230048,0.01384603507100686,-0.07122496404124964,0.1010828837000098,-0.6171580594465919,0.16852874931081926
2021-04-26,0.0027332336940140874,0.1993251093499866,-0.007549861482551935,0.16852874931081926,0.5361898298347221,0.20687497083253856,0.08697508112822552,0.04318427595099541
2021-04-27,0.00099550768897016,0.059061798644874514,-0.014181429329959236,0.04318427595099541,-0.24629692064823283,0.0732432279748338,-0.17574536181366548,-0.003975789338756976
2021-04-28,-4.766753089826723e-05,0.04524308645779745,-0.05396081427984027,-0.003975789338756976,0.12232465502952676,0.09920390073763768,0.01433509993948196,-0.036909962396253
2021-04-29,0.000525865408933365,0.000525865408933365,-0.08022922056002921,-0.036909962396253,-0.2757634305582265,0.08075508596896254,-0.1456752202982331,0.02687660990742544
2021-04-30,0.00395951733077617,0.05670536137347418,-0.01709774493121641,0.02687660990742544,0.049668953502662344,0.07380310630469063,-0.10686448569008412,0.046925210161504874
2021-05-01,-0.00018053172306556,0.07390876432207602,-0.011578046000406426,0.046925210161504874,0.13102388361887046,0.08548681032248247,-0.005907242844636976,-0.030797077657643456
2021-05-02,-0.0009718565751640581,0.004722439266751249,-0.0638799006189563,-0.030797077657643456,-0.29711112959619795,0.06860233988570756,-0.25310469406497854,-0.005635016747219279
2021-05-03,-0.0003535831509578904,0.02817440262449836,-0.027970758556305667,-0.005635016747219279,0.06941034887739038,0.056145161180804024,-0.13439760639425757,-0.0875450045063711
2021-05-04,-0.0006674113055533836,0.015088754536676215,-0.0932563295995555,-0.0875450045063711,0.34233107825694115,0.1083450841362317,0.27686397757919035,0.16280464261370803
2021-05-05,-0.0036800949709677334,0.16363585945639583,-0.019896565666595718,0.16280464261370803,0.18221601534210846,0.18353242512299164,0.39380234924852386,0.030643765571108286
2021-05-06,0.0035696629867610122,0.08803142558821621,-0.017876601825388725,0.030643765571108286,0.4708647428853044,0.10590802741360494,0.7664336340762283,0.11855950319935515
2021-05-07,-0.0002520712778874656,0.2300212462148412,-0.02034824669148263,0.11855950319935515,0.5337927560818897,0.2503694929063238,1.0926669935297275,0.02364751307293045
2021-05-08,-0.004727036534324007,0.08890503310457504,-0.06617314991075816,0.02364751307293045,-0.48042697547532703,0.15507818301533313,0.2230014138249982,-0.022524392471669284
2021-05-09,0.001602991626768014,0.017541793218605117,-0.10381773489937117,-0.022524392471669284,-0.38956766004331356,0.1213595281179764,-0.3170405838446638,-0.127427531985444
2021-05-10,-0.002409192028038276,0.036789441698332905,-0.18707343959678108,-0.127427531985444,0.00751236686884408,0.22386288129511386,-0.3483243754747262,0.06011049108703262
2021-05-11,0.0003352467165705375,0.06564035680200295,-0.05952469431321893,0.06011049108703262,-0.2449830782435494,0.12516505111522186,-0.6118444713046253,-0.17094358911978863
2021-05-12,-0.0009828685358192538,0.03142920180078644,-0.17094358911978863,-0.17094358911978863,0.08964794587847148,0.2023727909205751,-0.43441440366598505,0.03763695148178622
2021-05-13,0.014042507741173564,0.10898655063210638,-0.0325495863972599,0.03763695148178622,0.08545609287266943,0.14153613702936635,-0.08902554575461222,0.09010191865623698
2021-05-14,-0.00048075934651515965,0.09010191865623698,-0.005141194499635326,0.09010191865623698,-0.2591298267375448,0.0952431131558722,-0.23774154800153552,-0.047221464146767665
2021-05-15,0.002658050627338843,0.10724874830659073,-0.05107660490754884,-0.047221464146767665,0.8674540291931861,0.15832535321413965,0.6913657764921414,-0.010468549618570784
2021-05-16,-0.00476602944985939,0.07876613286278061,-0.07713882257624315,-0.010468549618570784,-0.4725230550703131,0.15590495543902372,0.06505646939528144,-0.14175184468493188
2021-05-17,-0.001767625360854757,-0.001767625360854757,-0.16200762797360574,-0.14175184468493188,-0.12471750375709159,0.16024000261275093,-0.11512956514229312,0.0781006927765068
2021-05-18,-0.0027036073063893573,0.10120451673977321,-0.011764462508217489,0.0781006927765068,-0.3407317245753556,0.11296897924799076,-0.4721318820696259,-0.4932297821130024
2021-05-19,0.0013772635640363652,0.028913676266469,-0.8380094638774205,-0.4932297821130024,0.6708018900648755,0.8669231401438895,0.24860219656736307,0.19854855840024593
2021-05-20,-0.010902514911362723,0.21930971828434825,-0.12768099888757695,0.19854855840024593,-0.3709371840206918,0.34699071717192526,-0.23185780754261648,-0.22584422448735517
2021-05-21,-0.0036759279511522067,0.033957317168446396,-0.39865843372642523,-0.22584422448735517,-0.265076841038484,0.43261575089487164,-0.3442219342123298,-0.10274354331208922
2021-05-22,0.0024114309552237547,0.008535385122579358,-0.15872798763088775,-0.10274354331208922,-0.3943943432366907,0.167263372753467,-0.6592453722124054,-0.041660607641035526
2021-05-23,0.0009361038576390819,0.06898947900315199,-0.354763932247674,-0.041660607641035526,0.47653758021740356,0.4237534112508261,-0.07184163390583889,0.20730910152166723
2021-05-24,-0.004403160337715789,0.20730910152166723,-0.05063906291676459,0.20730910152166723,-0.21732936739605402,0.25794816443843194,-0.30950360926854187,-0.03751778912264144
2021-05-25,0.0049887383004849776,0.03285089636043611,-0.14804878891737536,-0.03751778912264144,-0.15971384072358197,0.1808996852778115,-0.2821761492327951,0.09282898598996542
2021-05-26,0.0026978266470970304,0.1180038850897759,-0.018941143127342838,0.09282898598996542,-0.16411333955297272,0.13694502821711874,-0.326135155549874,-0.05691051716846713
2021-05-27,0.0006441376531164065,0.003625880767293324,-0.11410943926077936,-0.05691051716846713,-0.2581173464110285,0.11773532002807278,-0.49642555070489247,-0.12555768841505272
2021-05-28,0.005698366458897089,0.011304022886703213,-0.18055155816423005,-0.12555768841505272,0.09369929877087195,0.19185558105093323,-0.35524557094116027,-0.052440542867181
2021-05-29,-0.0014899506150011514,0.12203932670018644,-0.10943180929197242,-0.052440542867181,0.008882035811788697,0.23147113599215882,-0.19122127061552022,0.04222626649143388
2021-05-30,-0.0016452666991617624,0.08274635682610255,-0.06326681334038285,0.04222626649143388,-0.38048238144222235,0.1460131701664855,-0.4645644895735452,0.1058269095907082
2021-05-31,-0.0017300860039783923,0.1058269095907082,-0.05447037258439308,0.1058269095907082,0.09510385287124722,0.16029728217510114,-0.23313270676320005,-0.017059206055754852
2021-06-01,-0.0014532256007131028,0.03723733839662272,-0.0441440526078019,-0.017059206055754852,-0.059295109300160805,0.08138139100442451,-0.20055457391590223,0.07660976465404627
2021-06-02,-0.00016201568343093535,0.1073279810323791,-0.011637009597962275,0.07660976465404627,0.08329813475725333,0.11896499063034147,-0.07139349821491052,0.11345893735756214
2021-06-03,0.0001404139504433661,0.14591988792457464,-0.012600595425871467,0.11345893735756214,0.4479000440637759,0.1585204833504461,0.4314780817566556,-0.09796405417064932
2021-06-04,0.0013887371565260037,0.02640404162891578,-0.16747227494881928,-0.09796405417064932,-0.16965278542385323,0.19387631657773496,0.21075783411102422,-0.014081627700505583
2021-06-05,-3.717474704685381e-05,0.0796093298273313,-0.053878309631992034,-0.014081627700505583,-0.1883661156364967,0.13348763945932318,-0.05546423499173915,0.015019642879010845
2021-06-06,0.0006007309714910086,0.0351808949130421,-0.024335500484712273,0.015019642879010845,-0.499852502986201,0.0595163953977544,-0.5754783466336401,-0.11828827695218423
2021-06-07,0.000790222147451998,0.04440595266040423,-0.12545054146018852,-0.11828827695218423,0.30227404774170535,0.16985649412059264,-0.22877243277626735,0.016004321421301804
2021-06-08,0.0035415492658245353,0.02934908126912248,-0.10515412221442594,0.016004321421301804,0.3448870141760898,0.1345032034835484,0.13437180646532818,0.02236346920925026
2021-06-09,-0.0038676811375020484,0.027545880901299988,-0.0767331933110455,0.02236346920925026,-0.15314773156171094,0.10427907421234543,0.03637488370861168,-0.08461779404890722
2021-06-10,6.814104926151077e-05,0.008102351980586843,-0.1019414710969415,-0.08461779404890722,-0.23327549850493992,0.11004382307752855,-0.15142491659313143,-0.07042730250215681
2021-06-11,0.0022877938221949543,0.010055355821795616,-0.10111466192121085,-0.07042730250215681,-0.1328572183079113,0.11117001774300635,-0.23673613116735184,-0.027042391898134486
2021-06-12,0.0012544649838065508,0.009614409026554733,-0.08760699874466621,-0.027042391898134486,0.009173732626962194,0.09722140777122094,-0.24633248300477856,0.07312755905441386
2021-06-13,0.0010333610969831453,0.0742837219413032,-0.0261606680075896,0.07312755905441386,0.02243853732284983,0.10044438994889265,-0.1954065251748883,0.008835412569686134
2021-06-14,0.0017961553516274804,0.06885959390802704,-0.02073845291903908,0.008835412569686134,0.044534488545480894,0.08959804682706614,-0.04173702404461769,0.05771146476043934
2021-06-15,0.05698382535754642,0.07325957175202454,0.004504845707258716,0.05771146476043934,0.08141344170204128,0.06875472604476578,0.10638411595066644,0.0015814135461016433
2021-06-16,-0.030654196597790253,0.0062446640700909405,-0.07668780256681167,0.0015814135461016433,0.03415136694984098,0.08293246663690261,0.13512230523196073,0.016228133440959115
2021-06-17,0.0019839256960179044,0.0858059766508129,-0.005906605669734548,0.016228133440959115,0.31181081814385714,0.09171258232054742,0.4077711338826494,-0.09002140629187486
2021-06-18,0.0019697971602778237,0.0019697971602778237,-0.12641965342733072,-0.09002140629187486,-0.44050865649373955,0.12838945058760862,-0.1436344274164758,-0.04005083601391104
2021-06-19,0.0020505595289408217,0.022545277906051677,-0.047044695622961576,-0.04005083601391104,-0.29843437716351845,0.06958997352901318,-0.44741000581748236,0.005999156399979443
2021-06-20,-0.002832873505985997,0.037234618735679056,-0.07614111361859852,0.005999156399979443,0.20896073501573886,0.11337573235427763,-0.19058204088528513,-0.22966312277306083
2021-06-21,-0.0019415554700420161,0.008061267780940283,-0.23418106208777134,-0.22966312277306083,0.3430547125685117,0.24224232986871172,0.18643938516363442,-0.062107003685368506
2021-06-22,-0.002602039814828078,0.10110349446086382,-0.1904437502974929,-0.062107003685368506,0.2205073077762294,0.29154724475835664,0.379047253317664,0.11803349231129937
2021-06-23,1.0627909098678681e-07,0.15573113649331935,-0.04376710069097179,0.11803349231129937,-0.3299105690886096,0.19949823718429108,0.039534564059452576,0.023711757050101572
2021-06-24,-0.048685258333090224,0.05784476341956039,-0.11014761896501858,0.023711757050101572,-0.18810853941379102,0.16799238238457898,-0.17612701614835674,-0.12321698655642403
2021-06-25,0.0023936359149852532,0.03296362918078025,-0.15151437376915916,-0.12321698655642403,0.06658113241008141,0.1844780029499392,-0.1465357450130141,0.04309081177108529
2021-06-26,-0.006233060147730757,0.04309081177108529,-0.0535671048936185,0.04309081177108529,-0.2765655350447095,0.09665791666470375,-0.4412572992632662,0.05166846848719579
2021-06-27,0.005312324738255948,0.05378383275380091,-0.011855200051937523,0.05166846848719579,0.042804381763965164,0.06563903280573839,-0.30956601524890837,0.07651162890829277
2021-06-28,0.0020616705178373327,0.07827917657812615,-0.01225573528840863,0.07651162890829277,-0.10149405154120296,0.09053491186653485,-0.2550732735843792,0.06520181651655518
2021-06-29,0.0033540529429163233,0.16968841077671584,-0.0010320227865986975,0.06520181651655518,0.6576012839442931,0.1707204335633145,0.4965382107724651,0.035945029352917296
2021-06-30,0.004797073859272585,0.038218435314917434,-0.04745774448726641,0.035945029352917296,-0.3163208680006697,0.0856761798021837,0.07957429010770202,-0.07731902874043273
2021-07-01,0.00228172918954801,0.003520958234536291,-0.11276556226062141,-0.07731902874043273,-0.22552246308449667,0.11628652049515759,-0.14724825543623427,0.05724205301741961
2021-07-02,-0.005623897131577536,0.05724205301741961,-0.05232979833651835,0.05724205301741961,0.0556627345446666,0.10957185135393797,-0.10111505031095748,0.004494998815961974
2021-07-03,0.002216742925315267,0.0361719471301088,-0.0192775235814813,0.004494998815961974,-0.19822271104426076,0.05544947071159014,-0.3114723586031241,0.03701363028711794
2021-07-04,-0.0015519628511963654,0.05081417281669445,-0.025472851847812842,0.03701363028711794,-0.06810821977712846,0.07628702466450735,-0.3755937707940247,0.09964273778212386
2021-07-05,0.004628186584421401,0.1301571420082716,-0.025418664253864076,0.09964273778212386,1.130713909389007,0.15557580626213563,0.9225695804400744,-0.02913985748501923
2021-07-06,0.0007100512156497761,0.03424082920978583,-0.054956909789470494,-0.02913985748501923,-0.5704035456937304,0.08919773899925632,0.12748718534003686,-0.01786351761080282
2021-07-07,-0.0005309193590517038,0.02577032936515058,-0.022439534517954635,-0.01786351761080282,-0.3037486934301417,0.048209863883105136,-0.24114604397946168,-0.08032477976394549
2021-07-08,0.0017051627234981287,0.003619964972640573,-0.10168719147391544,-0.08032477976394549,0.15524710920252474,0.10530715644655614,-0.08435502612974441,0.09859303910418941
2021-07-09,-0.0026296662453308395,0.13675990190088363,-0.04077600549339672,0.09859303910418941,0.4780934218187013,0.1775359073942803,0.3416527708381905,0.08975504301440462
2021-07-10,0.0012177291553846438,0.09454096713231616,-0.014206298426123422,0.08975504301440462,-0.14049909613794712,0.10874726555843964,0.04769279594627299,-0.023775480096131094
2021-07-11,0.00150127439961967,0.02720211312062328,-0.036108488174322835,-0.023775480096131094,-0.06501703889567373,0.06331060129494603,0.08512455320132997,-0.07506316807753612
2021-07-12,0.0006494699726414212,0.0041554832114639815,-0.09434980507146558,-0.07506316807753612,-0.2692711365284164,0.09850528828292943,-0.20924008840870634,-0.07413707312248179
2021-07-13,-0.0028934246415292047,0.05040901002626724,-0.0986117203593696,-0.07413707312248179,0.21289656108650848,0.14902073038563682,-0.019853045889143262,-0.0305142474584814
2021-07-14,-0.0015949703716684415,0.008460088041154213,-0.08726500049580091,-0.0305142474584814,0.03140933489774088,0.09572508853695504,-0.025856269059370836,-0.027453506888778113
2021-07-15,-0.0005516059390492136,0.026234559095344678,-0.096475876207328,-0.027453506888778113,-0.23459599309603177,0.12271043530267271,-0.20861359417427297,-0.022301001560470567
2021-07-16,0.0028366615417151114,0.14141420819565026,-0.03820146140684852,-0.022301001560470567,0.7635367422941313,0.17961566960249878,0.6191944799333688,-0.016139539921484085
2021-07-17,-0.003779470035340656,0.027198583157570767,-0.040518388967718436,-0.016139539921484085,-0.4894582095229873,0.0677169721252893,-0.007467989692185665,-0.0015560231217399995
2021-07-18,0.002553413946594511,0.04801262878720214,-0.019487443678258737,-0.0015560231217399995,-0.4195404554407959,0.0675000724654607,-0.47489073175097835,-0.09788244435319883
2021-07-19,-0.0001794966153817867,0.007851132678171911,-0.09940888275303639,-0.09788244435319883,-0.002678861473026323,0.10726001543120818,-0.42428518602391063,-0.04868458416458194
2021-07-20,0.0020011155445763605,0.018405869088967637,-0.10333846007856383,-0.04868458416458194,0.11001705254032498,0.12174432916753151,-0.25131435713586714,0.09367004852072809
2021-07-21,-0.0028418185608842243,0.12060915959368122,-0.03623181544318486,0.09367004852072809,0.04575236034040605,0.1568409750368661,-0.1994987999927796,0.08814991591609711
2021-07-22,0.0031155610398906205,0.10838232654705651,-0.022032146449639207,0.08814991591609711,0.055628493478684,0.13041447299669573,0.060759794396878744,0.007244393119381528
2021-07-23,0.00017358374753229935,0.013318178252735933,-0.06172307918166148,0.007244393119381528,-0.1267546046886391,0.07504125743439746,-0.01482913283644846,-0.0006775457453756752
2021-07-24,-0.0015496487534530983,0.0269462637060824,-0.03160181751836022,-0.0006775457453756752,-0.08662476572662163,0.05854808122444278,-0.11684226945995049,-3.0229286643077043e-05
2021-07-25,-0.0016354421882196879,0.014537724385658606,-0.04112381136076538,-3.0229286643077043e-05,-0.25368065047293537,0.05566153574642395,-0.37016991625247614,-0.003821403163737279
2021-07-26,0.0005349150405658556,0.08187256799656104,-0.01180672760524431,-0.003821403163737279,0.7094474491576557,0.09367929560180528,0.4021965332221999,0.02642778839634268
2021-07-27,-0.0016724893931820805,0.034138371671485014,-0.03222134795114709,0.02642778839634268,-0.4620664368148305,0.06635971962263217,-0.13410580194345387,-0.013326655881708421
2021-07-28,0.0013840101829282112,0.019209725185609566,-0.026889095990365826,-0.013326655881708421,-0.08161073275113073,0.04609882117597549,-0.17179729674091967,0.017373788457469487
2021-07-29,0.0024735901559195237,0.026238245084388594,-0.018726829137671833,0.017373788457469487,-0.06963323240359277,0.04496507422206036,-0.20878507195177515,0.03255885192765704
2021-07-30,0.0024570028971041716,0.03492823454037772,-0.02676120145291159,0.03255885192765704,0.20948179977871556,0.061689435993289354,0.028783409654134073,0.03686873090057068
2021-07-31,-0.0012786281278672658,0.06211834510666722,-0.021960836827049867,0.03686873090057068,0.10226955284998032,0.08407918193371718,0.07826652734363984,-0.019595030012777428
2021-08-01,-0.0011452931174551336,0.06375846055456773,-0.03533770762192703,-0.019595030012777428,0.09979807700778057,0.09909616817649484,0.2572417404276573,0.0100360075250102
2021-08-02,-0.002026193861741224,0.03158897758709066,-0.018341179860158388,0.0100360075250102,-0.4788090035144014,0.04993015744724908,-0.27915986359775835,-0.032402818542094994
2021-08-03,-0.0001697198679128124,0.013087994241872401,-0.05645389513646316,-0.032402818542094994,-0.0022036181768778536,0.06954188937833576,-0.25891936373363866,0.05616830517169473
2021-08-04,0.003433562105937635,0.0649027607867544,-0.009836227926080077,0.05616830517169473,0.06750669993336017,0.07473898871283453,-0.18024580232469592,0.018364705720167913
2021-08-05,0.0017932672133077377,0.03433485032928407,-0.02889721409745412,0.018364705720167913,0.06332789316085494,0.0632320644267382,-0.0768000108926742,0.04183799467660097
2021-08-06,0.00028648540626745263,0.07433566838189463,-0.021309558577762004,0.04183799467660097,0.22517994150065174,0.09564522695965658,0.20251530976395973,0.030929609502722083
2021-08-07,0.0005384722010276714,0.05551319026152161,-0.0056563495240271435,0.030929609502722083,0.09389546569910973,0.061169539785548614,0.32956119028640407,-0.06449237863720324
2021-08-08,0.0003309751441469799,0.016013134785535208,-0.07291413661687626,-0.06449237863720324,-0.25470189244524466,0.08892727140241156,-0.020776440138229376,0.0410167125728909
2021-08-09,0.00010696470592445877,0.06725159940001053,-0.03481470916378695,0.0410167125728909,0.07772130243078493,0.10206630856379746,0.02279657855121604,0.02968254474409816
2021-08-10,-0.0020179671590056575,0.05051049514501408,-0.01469595901789706,0.02968254474409816,0.01848795137578517,0.06520645416291121,0.003992820938375749,0.03520320388905808
2021-08-11,0.0007644445345792465,0.0909692952336564,-6.475639805790859e-05,0.03520320388905808,0.37447898938866103,0.09103405163171441,0.34911765062472744,-0.03914711217850143
2021-08-12,-0.0015111546608549365,0.039725527297839916,-0.07244545483609253,-0.03914711217850143,-0.2655957777685034,0.11217098213393262,0.01068036805815401,0.07995869411025829
2021-08-13,0.0029450295162637466,0.08858820400903619,-0.011596816334065388,0.07995869411025829,-0.06860018970126834,0.10018502034310164,-0.0475852637143135,0.022393647300033275
2021-08-14,0.0004414508562941829,0.03663570681916657,-0.028994665666377307,0.022393647300033275,0.17928714722434916,0.065630372485544,0.1076616066225833,0.022451808454016123
2021-08-15,-0.00029659863044846695,0.025203459883661405,-0.04238455457225481,0.022451808454016123,-0.18821670914051403,0.06758801445591633,-0.12666042761332236,-0.003255290464809489
2021-08-16,0.000976405257194526,0.04657249635058562,-0.02492209858310802,-0.003255290464809489,0.3644300243740616,0.07149459493369371,0.23234536014649254,0.008840784974305297
2021-08-17,-0.0029948524335710676,0.09658747841178433,-0.04824722604251491,0.008840784974305297,0.5512680887281899,0.14483470445429913,0.7783090374609802,0.11800183569890971
2021-08-18,0.0015447520671465881,0.14942405530031144,-0.0627952361504996,0.11800183569890971,0.13986663950017889,0.21221929145081112,0.6972923471261248,0.037347060455042366
2021-08-19,-0.0012650367950096646,0.12480488464943117,-0.009553497057660475,0.037347060455042366,0.6187447268209265,0.1343583817070914,1.0844244931849625,0.012752609500579333
2021-08-20,0.000420951509724451,0.06733071014686376,-0.01730326601193311,0.012752609500579333,-0.707070064609435,0.08463397615879686,0.0004898533041638431,0.1550241884923641
2021-08-21,0.0004724452069587616,0.23390441579227533,-0.01999845111535548,0.1550241884923641,0.974361871180434,0.25390286690763075,0.8579272360555252,-0.010794731098047917
2021-08-22,-9.73801713158417e-05,0.10884808995165574,-0.049879592519706174,-0.010794731098047917,-0.26367720479788076,0.15872768247136188,0.27635687540562937,-0.001204338610516812
2021-08-23,9.572254187228964e-05,0.05434482032846879,-0.02550475323419683,-0.001204338610516812,-0.4899207882315265,0.07984957356266548,-0.34514569291824393,-0.1065562859564341
2021-08-24,0.0007990087442273523,0.007843705080514617,-0.12534641662828028,-0.1065562859564341,-0.16639579611559835,0.13319012170879485,-0.5289563940908274,0.01762666548031578
2021-08-25,-0.0009079861981392646,0.060043734000353406,-0.05068267328298599,0.01762666548031578,-0.1782897052842938,0.11072640728333928,-0.5923943849377029,-0.1056783998285742
2021-08-26,0.003818069405766851,0.01692858005363941,-0.11283222412212354,-0.1056783998285742,-0.21771118662134367,0.12976080417576308,-0.7954068881732536,0.12973120041049044
2021-08-27,0.0015455459402534532,0.13473485050309814,-0.03882949915595705,0.12973120041049044,0.2734951434540099,0.1735643496590552,-0.23911927333715957,0.04193265062681188
2021-08-28,-0.0005278795538954277,0.045972489185566935,-0.04537928688875494,0.04193265062681188,-0.07234352151547636,0.09135177607432184,-0.10611583669669286,-0.0063472507291408185
2021-08-29,-0.0004332153079399759,0.04838372342746092,-0.04637829540415664,-0.0063472507291408185,0.1911552526297828,0.0947620188316176,0.16653322733632017,0.041537437141288755
2021-08-30,0.001761218037808023,0.11747257899151492,-0.07909451623266639,0.041537437141288755,0.325410728825045,0.19656709522418137,0.4928186291164444,0.034329193562526554
2021-08-31,0.0060838686511622666,0.1688676203409446,-0.02007978919636691,0.034329193562526554,0.6737698516121169,0.18894740953731162,1.0454181889338088,0.10293981403160922
2021-09-01,-0.0005414436173217552,0.12277961687707467,-0.0292346111015807,0.10293981403160922,-0.278836972274516,0.15201422797865521,0.41070918345834334,-0.04881114356989064
2021-09-02,0.0025695701699025384,0.014795195981610585,-0.07339906752187818,-0.04881114356989064,-0.714355532673817,0.08819426350348898,-0.4617377292737688,-0.00037894635826217867
2021-09-03,0.0009747554911491046,0.03164797321835485,-0.037466287935883844,-0.00037894635826217867,-0.02004210105659419,0.06911426115423873,-0.5040808268229068,0.01231918607046753
2021-09-04,-0.0015776147949127283,0.05304077428075968,-0.01457356889629002,0.01231918607046753,-0.11927953792257068,0.06761434317704976,-0.6216490174935274,0.05265598288647003
2021-09-05,-0.00018790900466139217,0.06965335123147215,-0.023650477846227896,0.05265598288647003,0.09146221092520385,0.09330382907770003,-0.46562395487127445,-0.025113993309384526
2021-09-06,-0.0007706313542479179,0.048134709109919176,-0.0705514117648636,-0.025113993309384526,0.23819907766910606,0.11868612087478274,0.03397831967462692,-0.18349849563603887
2021-09-07,-0.0014822275275724016,0.08642140399125421,-0.35050542118074773,-0.18349849563603887,0.4990008535887229,0.4369268251720019,0.6867371448976652,-0.018179803844639606
2021-09-08,0.0016392445025022345,0.046273347825995605,-0.11746362712000506,-0.018179803844639606,-0.47149231796662977,0.1637369749460008,0.0346212271692749,0.2741297384791258
2021-09-09,0.06773527190439436,0.3259145207935857,-0.007285631019119087,0.2741297384791258,1.0392613117522702,0.3332001518127048,1.030982281561053,0.08644707664012716
2021-09-10,-0.005496081209931888,0.11884450121373301,-0.08756770425141926,0.08644707664012716,0.381789868913921,0.20641220546515232,1.0607171729726297,-0.07605102447117529
2021-09-11,-0.001066571771273474,0.04820718231133413,-0.09121261154076264,-0.07605102447117529,-0.6924634010939676,0.13941979385209685,-0.01751701391240861,0.24896055533753128
2021-09-12,0.0019863861783478067,0.2543663370171392,-0.04516231386489884,0.24896055533753128,0.4819722314793278,0.299528650882038,0.36528115791770893,0.017812525282507662
2021-09-13,0.004128389052679707,0.10268150019180941,-0.14159777551993277,0.017812525282507662,0.5582463502224638,0.24427927571174224,0.7832795463909531,-0.043710073551209615
2021-09-14,0.007017738127887692,0.059421073200561385,-0.07896858627171344,-0.043710073551209615,-0.6236323185550842,0.13838965947227472,-0.15009898683966577,0.0007933876434380113
2021-09-15,0.0033129340919198073,0.03309528392302715,-0.03970012769889697,0.0007933876434380113,-0.627812262289539,0.07279541162192418,-0.795061319205876,0.07813604756563872
2021-09-16,-0.0017919422675142507,0.0802824543831898,-0.0826664672731571,0.07813604756563872,0.3391562695399994,0.16294892165634703,-0.31360523920673816,-0.09941414543565506
2021-09-17,0.007817721552561835,0.028378362593623606,-0.12575007988882636,-0.09941414543565506,-0.08486179230870301,0.15412844248244997,-0.4158666188268266,0.20105932736757015
2021-09-18,0.0011570976547594222,0.21279894425367968,-0.020938073191667426,0.20105932736757015,0.4537277193704392,0.2337370174453469,0.11334706522229959,0.08643649285319484
2021-09-19,-0.004302066744102506,0.08751610212977874,-0.07161272663867065,0.08643649285319484,0.04938625400976798,0.15912882876844933,0.3391200554740218,-0.2762228187631892
2021-09-20,-0.0059252197079620594,0.0034231218275706673,-0.2871698124703995,-0.2762228187631892,0.2950532943645251,0.2905929342979703,0.6006184546101823,-0.10439573290873504
2021-09-21,0.006757909433817941,0.0960527018630197,-0.14888101627140707,-0.10439573290873504,-0.21321062824490622,0.2449337181344267,0.17442901804131064,0.27264385048668555
2021-09-22,-3.721754608481502e-05,0.27264385048668555,-0.03448777981128466,0.27264385048668555,0.014701631023453192,0.3071316302979702,0.09956058558404157,0.0375848112508761
2021-09-23,-0.003920176678550172,0.0808793027028528,-0.026178676537262455,0.0375848112508761,-0.029929727884194755,0.10705797924011522,-0.025354539009382965,0.030328652785572157
2021-09-24,0.0004178133704650421,0.06427934411632048,-0.1355245227841697,0.030328652785572157,0.13469174666128114,0.19980386690049018,0.08820537595904551,-0.07970649932003376
2021-09-25,-0.0034332078205118,0.005700114930044989,-0.09428734714142044,-0.07970649932003376,-0.6843035516034119,0.09998746207146547,-0.6351557799373089,0.0026411604907306584
2021-09-26,0.0004863353990751765,0.05271694106829586,-0.10383924102072532,0.0026411604907306584,0.10488484617243685,0.15655618208902133,-0.3970239722992987,-0.05923027163461673
2021-09-27,0.009311953172455556,0.02821235005468198,-0.07451494736380179,-0.05923027163461673,-0.3645362708479045,0.10272729741848362,-0.6797783246241422,-0.10353917257204541
2021-09-28,-0.0017304226531786595,0.01286463633575166,-0.11077644399902488,-0.10353917257204541,-0.13546170392724638,0.12364108033477651,-0.672271138973811,0.008350226837535607
2021-09-29,0.002298080452543188,0.08544606647040166,-0.0255120071992507,0.008350226837535607,0.0026425457288312957,0.1109580736696522,-0.49464761727222145,0.06448906024461536
2021-09-30,-0.0011445966395127814,0.06548700442361398,-0.011498077585501957,0.06448906024461536,-0.03570726189973909,0.07698508200911597,-0.26115305261480004,0.043900707361278955
2021-10-01,0.0005858522487739469,0.06193921434327513,-0.037854903315571856,0.043900707361278955,0.0681528047823645,0.09979411765884692,-0.10708924075191112,0.024016235715407484
2021-10-02,0.0010314465106449817,0.09421982876102962,-0.016452795363836197,0.024016235715407484,0.03874106226083114,0.11067262412486585,0.04409594264353798,0.0008691184406551219
2021-10-03,-0.0025296967394754697,0.0501864365752192,-0.02332526254254286,0.0008691184406551219,-0.2115360475498606,0.07351169911776209,-0.1540635493746991,-0.05492772746361152
2021-10-04,-0.0003079518331021468,-0.0001001157429299169,-0.07189313363165434,-0.05492772746361152,-0.010344863224758126,0.07179301788872448,-0.13877078992414704,0.00035130552640187554
2021-10-05,0.0020733262225887485,0.039865315308229086,-0.03245287041459495,0.00035130552640187554,-0.12452451493694322,0.07231818572282393,-0.2345732746529811,-0.042243943976195394
2021-10-06,0.0015682541809530586,0.003613393907663789,-0.10385608146595036,-0.042243943976195394,0.13795609173799334,0.10746947537361412,-0.05286543853291839,0.04216822947508219
2021-10-07,-0.0006786437097180464,0.07523178208145327,-0.039233692147645764,0.04216822947508219,-0.052204602435563796,0.11446547422909915,-0.06935267629018059,-0.048650372052337486
2021-10-08,-0.001298944304655841,0.002781157105765194,-0.05269278409196568,-0.048650372052337486,-0.38535770008002557,0.05547394119773088,-0.3975416248708578,0.0066743159854235285
2021-10-09,-0.00021112893862250677,0.031902314038328744,-0.008176975926989773,0.0066743159854235285,-0.34847448467155695,0.04007928996531851,-0.670073172201279,-0.0798621228844801
2021-10-10,-0.0017384870026934734,-0.0017384870026934734,-0.08927425217616443,-0.0798621228844801,0.16445445754440563,0.08753576517347106,-0.3786255213563347,-0.01378697206753223
2021-10-11,-0.0017029787096074825,0.055686307650778304,-0.04516902606119792,-0.01378697206753223,-0.030149356780928883,0.10085533371197618,-0.31974486918568745,0.0428200491796075
2021-10-12,-0.0005507772684293928,0.0668127281693176,-0.06769681532504082,0.0428200491796075,0.4818034592362956,0.13450954349435842,0.3053287137300737,0.03454764784904578
2021-10-13,0.0004213549780858681,0.04050386670941175,-0.054316507161335674,0.03454764784904578,0.03616794903202042,0.09482037387074749,0.37599353166711286,-0.0255158919101679
2021-10-14,-0.0028274982551243803,0.029062807785268818,-0.03344552695229252,-0.0255158919101679,-0.2695919099551488,0.06250833473756136,0.0328581648152009,-0.022937629908913102
2021-10-15,0.0013981309220478027,0.009857840484807341,-0.043534797020517456,-0.022937629908913102,-0.15466836383654767,0.053392637505324914,-0.18545961485241666,0.003908834478488227
2021-10-16,0.0014282402476169338,0.04669584752134353,-0.002550449151441617,0.003908834478488227,-0.2794209782516254,0.04924629667278527,-0.4750604198761683,-0.022124744262089012
2021-10-17,-0.0008742998788060814,0.03260330438034736,-0.05825873587393445,-0.022124744262089012,-0.18057927891639322,0.09086204025428177,-0.6299316234300718,-0.01644038174418213
2021-10-18,0.0008890718278765445,0.0075176670181494295,-0.03942687706999263,-0.01644038174418213,-0.08200958327536013,0.046944544088142075,-0.5585198204096854,0.09687356615302464
2021-10-19,-0.00032618176714170377,0.102447367584456,-0.012969347590997419,0.09687356615302464,1.038980542535625,0.11541671517545353,0.6865939026851361,0.021164362048491876
2021-10-20,-0.0035990729832243635,0.04805117152040162,-0.04487305857404643,0.021164362048491876,-0.29691304378895683,0.09292423009444822,0.28065672381175766,-0.04419003647215114
2021-10-21,0.0013966580649862725,0.024697962100214545,-0.05400873130624472,-0.04419003647215114,-0.037136963391651866,0.07870669340645935,0.19662418860817055,-0.008426388468686723
2021-10-22,0.00023054691106753802,0.051068696144907194,-0.019773514344481068,-0.008426388468686723,0.14060188844144492,0.0708422104893882,0.2537780988134102,0.04963534265752282
2021-10-23,0.0005549914417900791,0.08813253470670211,-0.00598405783181154,0.04963534265752282,-0.03808275039230775,0.09411659253851354,0.08673292235108171,-0.042211200850404855
2021-10-24,-0.0002936056538844298,0.007626291835918785,-0.06520599351631486,-0.042211200850404855,-0.46251317764799166,0.0728322853522337,-0.4898589920544992,0.02806583522973559
2021-10-25,-0.0003555580513225396,0.036304733015206904,-0.003854460454210966,0.02806583522973559,-0.005968690220237656,0.04015919346941788,-0.364850209331689,0.20314818670178444
2021-10-26,0.00048559623190416436,0.20314818670178444,-0.0052667174048080185,0.20314818670178444,1.533399886075455,0.20841490410659247,1.239979035998892,-0.16174508310535585
2021-10-27,-0.007565097123974136,-0.0042795431872926434,-0.200838441543824,-0.16174508310535585,-0.11549609763841512,0.19655889835653126,0.7351061308842334,0.03484314072352935
2021-10-28,-0.00156903615929282,0.09508955763050529,-0.014550453098060296,0.03484314072352935,-0.5434278110831434,0.10964001072856557,-0.031030058940553207,0.03488525359167679
2021-10-29,0.0020323589544264694,0.0737713140945821,-0.0006215141527367098,0.03488525359167679,-0.2347340351907621,0.07439282824731873,-0.3284554000830012,-0.05599082185599515
2021-10-30,0.0016889835407343258,0.0029659855541740937,-0.0807471241381323,-0.05599082185599515,-0.4399121646246676,0.08371310969230643,-0.8337796803734558,-0.00020564350752070917
2021-10-31,0.0013158743837078267,0.012507103509706142,-0.05265139597895,-0.00020564350752070917,-0.08188191113357446,0.06515849948865617,-0.9312757709432387,0.0025391736043291215
2021-11-01,-0.0008137761915386954,0.02378251656739758,-0.067443697245642,0.0025391736043291215,0.255760570369714,0.09122621381303962,-0.3934739958422369,-0.007840183250906805
2021-11-02,-0.0018715238590274528,0.02490158671331934,-0.0273801772392186,-0.007840183250906805,-0.08368170517813502,0.05228176395253789,-0.1915476758567623,0.03584449309184733
2021-11-03,0.0009905880551410635,0.041363678720260325,-0.03858229582576266,0.03584449309184733,0.27870690834101786,0.07994597454602298,0.2277077179774916,-0.023765750515337594
2021-11-04,0.0019763422746301744,0.020736722640620393,-0.05780191122906511,-0.023765750515337594,-0.14493272704724508,0.07853863386968545,0.10142960745138814,-0.01650267396842209
2021-11-05,0.0007231927193757607,0.037941713490283614,-0.029199290265808253,-0.01650267396842209,-0.25823083556172544,0.0671410037560918,-0.20025965002259438,-0.016468162687021944
2021-11-06,-0.0012547934963718422,0.004403245108507633,-0.07075416130123277,-0.016468162687021944,-0.1390699114980116,0.07515740640974033,-0.34691393878219007,-0.016196387926388344
2021-11-07,-0.0003926877720233433,0.005804603846015782,-0.021230125554109233,-0.016196387926388344,-0.3075062331304599,0.02703472940012504,-0.5939420434486988,0.02708230955543193
2021-11-08,0.000795910163638302,0.034605543708689665,-0.01784248400111556,0.02708230955543193,0.40661150212649166,0.052448027709805105,-0.09845456687367313,-0.023681465066323775
2021-11-09,-0.001067623958126272,0.03410520160424857,-0.02908743545775861,-0.023681465066323775,0.17283335455067572,0.06319263706200715,0.1809160644431942,-0.10978616324296575
2021-11-10,-0.0004904977212794182,0.03809874401173518,-0.22284777994660482,-0.10978616324296575,0.5274990888760949,0.26094652395834,0.7409477540674815,0.0296287401926831
2021-11-11,-1.5086857832460842e-05,0.05792018238382717,-0.011832338462341309,0.0296287401926831,-0.5526518010774345,0.06975252084616836,0.0036425534065980553,-0.03195896941334706
2021-11-12,-0.0023320554434871806,-0.0023320554434871806,-0.07471167771297611,-0.03195896941334706,-0.1326289570521031,0.07237962226948885,-0.17194820735480046,0.015834640214461286
2021-11-13,0.0008169654071313242,0.03437464932445632,-0.0022182395179880595,0.015834640214461286,-0.43937372221427157,0.03659288884244444,-0.6676443751454361,-0.020732011694538182
2021-11-14,-0.00033888206636556066,0.020091937985861265,-0.04380980160987098,-0.020732011694538182,-0.23967826478589194,0.06390173959573203,-0.8515766339213625,-0.014177493325669045
2021-11-15,0.0013658256224127502,0.05503646983445229,-0.01614594211898371,-0.014177493325669045,0.5048643512017373,0.0711824119534359,-0.2282387027661259,-0.10102997597825698
2021-11-16,0.0023730536663531233,0.0023730536663531233,-0.1297012766035668,-0.10102997597825698,0.5028966085184698,0.13207433026992,0.5190216806370376,0.033229465414393075
2021-11-17,-0.0011775307824218144,0.04074436720778838,-0.040502672461178564,0.033229465414393075,-0.20799730964178978,0.08124703966896696,0.2529067729858875,-0.09747682033928881
2021-11-18,0.0008361900833915354,0.014721087435394043,-0.14213998349857634,-0.09747682033928881,-0.06953175507960757,0.15686107093397023,0.15450922576183884,0.05468496960966849
2021-11-19,-0.0014109815746208877,0.0695847770662562,-0.02180202656817171,0.05468496960966849,-0.30872984521258284,0.09138680363442792,-0.24085576539116943,0.044398116463827485
2021-11-20,0.0002207957479562209,0.05853056020189625,-0.008102635778867214,0.044398116463827485,-0.1705410989310248,0.06663319598076335,-0.46405019494415045,0.05364365695198123
2021-11-21,-0.00035114009517861396,0.08477103321003653,-0.0361181851877547,0.05364365695198123,0.4532701877927363,0.1208892183977912,0.026243641644237013,0.032599331379271415
2021-11-22,-0.003344801124083173,0.0836195224872721,-0.06627950903972665,0.032599331379271415,0.8040152554237157,0.14989903152699868,0.905858261956329,0.0019177286628762763
2021-11-23,0.0029110954025325544,0.03462791341151554,-0.0411768095013813,0.0019177286628762763,-0.41288286322714635,0.07580472291289679,0.2688958076308852,-0.054866824767210685
2021-11-24,0.00021249801827615897,0.00021249801827615897,-0.09150208956045197,-0.054866824767210685,-0.04440338144172465,0.09171458757872829,0.14748157214770546,-0.020866171880045567
2021-11-25,-0.026297954100352166,0.01645960867399508,-0.0374986747589511,-0.020866171880045567,-0.4172106388293595,0.05395828343294615,-0.37252937459130175,-0.10069869796229135
2021-11-26,-0.0007432588741556749,0.016553127442972587,-0.16150993276034528,-0.10069869796229135,0.3732187646677483,0.17806306020331783,-0.0422030751863516,-0.005480908966458986
2021-11-27,0.005111700692711054,0.04146942050701156,-0.016242921107236005,-0.005480908966458986,-0.6407376254494666,0.057712341614247584,-0.7318094102376591,0.022833399632856705
2021-11-28,0.0007971274793543587,0.030259500811978614,-0.07129187134066649,0.022833399632856705,-0.05837704469359057,0.10155137215264529,-0.5604988082664055,0.025974135460998832
2021-11-29,0.0011687946751754558,0.03644319390374458,-0.022969413924394274,0.025974135460998832,-0.018467367225575244,0.05941260782813891,-0.43187593690946807,-0.020698178763212813
2021-11-30,-0.00025657648637945814,0.04309544549408595,-0.03846028521530387,-0.020698178763212813,0.2153102270362744,0.0815557307093897,-0.05610157146451729,-0.03097333344484232
2021-12-01,-0.0018863034776613482,0.025753454217929413,-0.045340188305155904,-0.03097333344484232,-0.0763091169824072,0.07109364252308523,-0.10601840875310016,0.06049472087070121
2021-12-02,-0.0003350453819275273,0.06914433714598724,-0.03778855358065378,0.06049472087070121,0.14042548765122212,0.10693289072664117,0.1863215816128654,0.1411158475811803
2021-12-03,0.0005103990641773766,0.16627071633842466,-0.021697026405745567,0.1411158475811803,1.440049743397891,0.18796774274417008,1.5831320132268525,-0.14993641146821604
2021-12-04,0.004546776211704815,0.00799022025191441,-0.38986478066578867,-0.14993641146821604,-0.026194450751740296,0.39785500091770293,0.9712219261875868,-0.13291938785209823
2021-12-05,-1.4037735127782786e-05,0.041890291383656096,-0.1707255518258495,-0.13291938785209823,-0.6862805085414485,0.21261584320950544,-0.07349067060848427,-0.008478364287102245
2021-12-06,-0.0005910018210438759,0.008738527970369806,-0.10888082363364192,-0.008478364287102245,-0.1319612594142331,0.11761935160401155,-0.30224642811400004,-0.0016674946500417642
2021-12-07,0.001232902689227938,0.04100557497284969,-0.023578782664734448,-0.0016674946500417642,-0.31829465133606966,0.06458435763758401,-0.6947380582997517,0.03493006833367253
2021-12-08,-0.0018736070958085414,0.06567468109453298,-0.060619442994842856,0.03493006833367253,-0.020674402141786095,0.1262941240893759,-0.7393049680421245,-0.11522570858294523
2021-12-09,-0.0010603524105910341,0.0134398547340787,-0.11535332080206051,-0.11522570858294523,-0.3244801036789825,0.12879317553613917,-0.820020046734096,0.003569925852300216
2021-12-10,-0.0008338013876307722,0.05816662766186231,-0.02594557051109313,0.003569925852300216,-0.0028334627823828184,0.08411219817295541,-0.4668626132731914,0.07818571528729304
2021-12-11,0.000712458389834058,0.09102706635078855,-0.021988436629244174,0.07818571528729304,0.13706992926788994,0.11301550298003274,-0.16351976846414182,0.006611785733339414
2021-12-12,-0.0016831802772342256,0.02779363610642647,-0.03484690366114103,0.006611785733339414,-0.2786065588839648,0.06264053976756769,-0.31602717717261564,-0.12159785637149437
2021-12-13,-0.0003076390335519802,0.015057867307431215,-0.15136854461555432,-0.12159785637149437,0.06879621922008386,0.1664264119229855,-0.1506279866928639,-0.025481876018689564
2021-12-14,-0.0003891611609820228,0.0178713886900244,-0.03409030756117573,-0.025481876018689564,-0.04169394985643256,0.051961696251200194,-0.10390135939150434,0.049783432579344436
2021-12-15,0.02782984561083887,0.0735536860747224,-0.04467233325040327,0.049783432579344436,0.09546079422513652,0.11822601932512564,0.014243175523433795,-0.024619694813738068
2021-12-16,0.0008013416722799938,0.051251490873415774,-0.02821997493345676,-0.024619694813738068,-0.2811374248997869,0.07947146580687264,-0.2630007828593873,-0.024978172845762234
2021-12-17,-0.0006557945230999975,0.013887300519384025,-0.060698806895472,-0.024978172845762234,-0.16291860261291635,0.07458610741485612,-0.33784664622080146,0.08850051509142678
2021-12-18,0.0014149683638126236,0.09055974944586151,-0.012661554728789836,0.08850051509142678,0.027793628115777423,0.10322130417465125,-0.2544399552088767,-0.04577408421790467
2021-12-19,-0.002870694881441261,0.02229823039807293,-0.048794385300986745,-0.04577408421790467,-0.0030852566550481735,0.07109261569905972,-0.187369003855478,-0.029190055469999775
2021-12-20,0.0009749406436453169,0.012855573329351024,-0.06575815565236127,-0.029190055469999775,0.04900858105232483,0.07861372898171247,-0.07283205238860432,0.09269024768022255
2021-12-21,5.52513847241024e-05,0.09648023108602971,-0.000338581167202436,0.09269024768022255,0.05639989414113186,0.09681881225323218,0.07059540735485484,0.14561637055867482
2021-12-22,0.0016973563163090461,0.18588264321963877,-0.00814690608542051,0.14561637055867482,1.0819717889966376,0.1940295493050594,1.1597498898398322,0.037835408414818555
2021-12-23,0.0033738466072494493,0.055207948226987845,-0.031091263096844072,0.037835408414818555,-0.227747074622344,0.08629921132383209,0.5618018140859357,-0.05253413942832951
2021-12-24,0.001113204934659419,0.04679867615554272,-0.056633994804934855,-0.05253413942832951,-0.4116598282008763,0.10343267096047747,-0.0454212835972758,0.09640271022780744
2021-12-25,0.0010150988753587047,0.09640271022780744,-0.007378925334465663,0.09640271022780744,-0.12235793331021615,0.1037816355622731,-0.24532269762856165,0.08374265974359128
2021-12-26,0.001801007631424674,0.0850750885736363,-0.03313786857146048,0.08374265974359128,0.7483316581854205,0.1182129571450969,0.45506781355353576,-0.08313297424966065
2021-12-27,-0.0015741874963952828,0.013448324920168774,-0.08555143303295956,-0.08313297424966065,-0.2242739022736933,0.0989997579531284,0.04268712202754576,-0.10703183909893943
2021-12-28,0.0017810868357814216,0.0017810868357814216,-0.12110094250646528,-0.10703183909893943,0.23730788354933904,0.12288202934224665,0.33763263013044337,0.049008621195450054
2021-12-29,0.0006658122632538406,0.053590894803678714,-0.05278930022276265,0.049008621195450054,-0.03962628567611493,0.10638019502644135,0.24256605281304322,0.07877814547517517
2021-12-30,0.00025778549852459304,0.08692757102371919,-0.053667943420173295,0.07877814547517517,0.16329097303582696,0.14059551444389243,0.2970719109754078,0.07059380693583374
2021-12-31,-0.0014850416667136054,0.09119386482832005,-0.002400064292049463,0.07059380693583374,0.3075009737023628,0.09359392912036955,0.4578004541239332,0.10793422730033082
2022-01-01,0.0004962496257373531,0.12973440169534578,-0.0014313999575677324,0.10793422730033082,0.2074554492744434,0.13116580165291353,0.5578554972567675,-0.015800189892919102
2022-01-02,-0.000293445090692428,0.015143351971288122,-0.052466691485287084,-0.015800189892919102,-0.49502597559344486,0.06761004345657534,-0.12271564820073683,0.09878357445953624
2022-01-03,-0.0001416544275110042,0.10875478195607761,-0.03786648154022244,0.09878357445953624,0.551831706821902,0.14662126349630006,0.40572884950921145,0.06613678646771587
2022-01-04,-0.00035270268136671976,0.10696886572840973,-0.04466782376474051,0.06613678646771587,0.29145155140744705,0.15163668949315015,0.5520440614943868,-0.07911399059881026
2022-01-05,0.0007624284026103675,0.02677292451031313,-0.185024714870877,-0.07911399059881026,-0.12262309225197626,0.21179763938119012,0.24639800329256692,0.0348844651935549
2022-01-06,-0.0001672797392682438,0.06093439463061136,-0.08372597752208666,0.0348844651935549,0.01992370257571353,0.14466037215269797,0.18019738077990297,-0.041681133963770274
2022-01-07,-8.755934596672889e-05,0.10282859208072169,-0.048670361787810756,-0.041681133963770274,0.4444082276693326,0.15149895386853246,0.5737748621395959,-0.07036093729673569
2022-01-08,0.0005489276698496106,0.0420865420562362,-0.11548682910127485,-0.07036093729673569,-0.5312972973738929,0.15757337115751108,-0.17782431184258307,-0.026441053935524924
2022-01-09,-0.00043592121024107,0.05585455274921264,-0.04889030936411392,-0.026441053935524924,-0.03869156468041333,0.10474486211332665,-0.23259972395985112,0.07905412711071745
2022-01-10,-0.0001023104715769269,0.08302893179353776,-0.056901618708285605,0.07905412711071745,0.19239007221920754,0.13993055050182335,0.0012831717970075841,0.023108419082735678
2022-01-11,4.2627844363229445e-05,0.04561101834735708,-0.040058038361476936,0.023108419082735678,-0.0829863029532769,0.08566905670883396,-0.09820323656431829,0.03679043848488356
2022-01-12,6.696283936808727e-06,0.08669354736047594,-0.0007119328646696234,0.03679043848488356,0.012322211534521095,0.08740548022514565,-0.08292004455567209,-0.06578470354671588
2022-01-13,-2.2780342727893833e-06,0.024988872559234446,-0.06578470354671588,-0.06578470354671588,-0.21307245510692693,0.09077357610595026,-0.18604744289634056,0.07253191522660951
2022-01-14,-5.230937264519682e-05,0.07937521478633654,-0.022590703256322106,0.07253191522660951,-0.07211051748030543,0.1019659180426587,-0.23482872999693424,-0.03108066690884981
2022-01-15,0.00011859684299309226,0.009401924386244601,-0.03108066690884981,-0.03108066690884981,-0.4962932680965094,0.04048259129509435,-0.7026382743015308,0.10591134833715102
2022-01-16,-0.000127802550097482,0.1087177722687413,-0.006147150130177293,0.10591134833715102,0.37366199879063666,0.11486492239891857,-0.1860341212375311,-0.10627271966305422
2022-01-17,0.0001706632054140974,0.01652939230167386,-0.13081582395621086,-0.10627271966305422,0.07274402334073925,0.1473452162578846,-0.02930739310466795,-0.023087024550335677
2022-01-18,-6.032233337941754e-05,0.02043715150881328,-0.07180647628373174,-0.023087024550335677,-0.0972919394936714,0.09224362779254505,-0.04613902591948583,-0.03179287013038642
2022-01-19,4.420519214595605e-05,0.011384054199325184,-0.07474854637428517,-0.03179287013038642,-0.2113588422714369,0.08613260057361022,-0.2095387864914872,0.051023826218628665
2022-01-20,0.00025486119605981974,0.12386737622334636,-0.0020165140761040463,0.051023826218628665,0.1280501098892284,0.1258838902994504,-0.008979503609366848,-0.12647347512182683
2022-01-21,0.0003696990559026409,0.04285840649321722,-0.18435116321220105,-0.12647347512182683,0.8287743553273136,0.22720956970541833,0.7745681468644013,-0.16611068383478417
2022-01-22,0.0006253540257034207,0.012060140655585815,-0.21534872427514298,-0.16611068383478417,-0.3106176313505938,0.22740886493072873,0.26271901062059316,0.16549669423247515
2022-01-23,0.0014176112343159328,0.1663449604038879,0.0014176112343159328,0.16549669423247515,-0.010244682345173999,0.16492734916957202,0.18060650047371127,0.0429589038934197
2022-01-24,0.0006087803698865747,0.07069463393118432,-0.13323630872829414,0.0429589038934197,0.6037898109886313,0.20393094265947864,0.7047622605010169,-0.002968154154186861
2022-01-25,-0.0003066531972968966,0.03231034314241842,-0.023934044758328662,-0.002968154154186861,-0.4442866569701375,0.05624438790074693,0.007743693530893596,-0.10149402914187727
2022-01-26,-0.00023679313576799185,0.0017752271695786834,-0.1277183496331839,-0.10149402914187727,-0.045906213119846564,0.12949357680276258,-0.13178994007809738,-0.07219663587217444
2022-01-27,-0.00014495569824232482,0.015051271102747281,-0.11823284725218915,-0.07219663587217444,-0.5023299197198531,0.13328411835493645,-0.5929078651581632,-0.021303386039161966
2022-01-28,-0.00030054655513887324,0.004931357198292475,-0.0776074528812045,-0.021303386039161966,-0.16367893640711595,0.0825388100794969,-0.7008631439675354,-0.013423246076296625
2022-01-29,0.0001186766217869462,0.023364584908642124,-0.032199479513797306,-0.013423246076296625,-0.3252337850831541,0.05556406442243944,-0.9501042189897511,-0.06781914709150898
2022-01-30,0.00012251121227509573,0.0029103544333651575,-0.0897496100032782,-0.06781914709150898,-0.133539270660655,0.09265996443664323,-0.7786131706543346,0.03538486938905536
2022-01-31,0.0001837001255112666,0.060908485262098216,-0.05718780271247492,0.03538486938905536,0.14304510057322845,0.11809628797457306,-0.40715906555048587,0.02798774587098557
2022-02-01,-0.00030339126237402406,0.05629263340349722,-0.007419044705527505,0.02798774587098557,0.02075344389512216,0.06371167810902481,-0.1351603995332077,-0.09265364171037412
2022-02-02,-0.00012379744933723157,0.0011620125935159827,-0.09472761471004264,-0.09265364171037412,-0.3329788158919791,0.0958896273035587,-0.3609167964236863,0.11132468267934764
2022-02-03,-0.0003380572905490596,0.11768432889011192,-0.025121731268919614,0.11132468267934764,0.4652132459803572,0.14280606015903147,0.2341890229059151,0.051287416697172905
2022-02-04,0.0003007286044706722,0.0586764847520145,-0.028001037312478216,0.051287416697172905,0.07207769790385112,0.08667752206449278,0.26905660338606163,-0.007569223706335331
2022-02-05,0.00014092242508108289,0.037359065740712426,-0.03073243323829867,-0.007569223706335331,-0.3067346127902354,0.06809149897901114,-0.115201018676552,0.014572759292316304
2022-02-06,2.4152010526064102e-05,0.035784417204171706,-0.01671375791461069,0.014572759292316304,-0.19161879243489832,0.05249817511878237,-0.29153620824083476,0.0134533671305905
2022-02-07,0.0002452007219405094,0.05662554154019816,-0.02217893337673162,0.0134533671305905,0.46799718314320365,0.07880447491693,0.22889033497967284,-0.038421617010287366
2022-02-08,0.0003901329409401087,0.02780291747993321,-0.060947462017989305,-0.038421617010287366,-0.20081485037580002,0.08875037949792258,-0.0672239591190567,0.01374839575508064
2022-02-09,-0.0004053250858395096,0.0307446083508691,-0.025324968964372863,0.01374839575508064,-0.3161849122693909,0.05606957731524207,-0.3506302991815532,-0.05875462266075299
2022-02-10,4.055032532012721e-05,0.0060825903911429545,-0.06809869930920262,-0.05875462266075299,0.3065073698165191,0.07418128970034538,0.06416764726192555,-0.09306998479681555
2022-02-11,0.0002033535141595184,0.006487083810118649,-0.09925311904632209,-0.09306998479681555,-0.24416813665182607,0.10574020285644074,-0.19350647483299022,0.018450019707079674
2022-02-12,0.00026010362844663075,0.06351925137905348,-0.01373338032081441,0.018450019707079674,0.0185219059920604,0.07725263169986782,-0.17716564873407187,-0.026138866746765927
2022-02-13,8.95701707353346e-06,0.02116798273189524,-0.038153387326261265,-0.026138866746765927,-0.5048147948464059,0.059321370058156485,-0.5859192720952857,0.0311608070886704
2022-02-14,-0.0010020258650356142,0.035905414048878134,-0.03291955009738957,0.0311608070886704,0.3240711081252276,0.06882496414626757,-0.1317046816180179,0.06267886058230684
2022-02-15,-5.550973606055099e-05,0.06915543903971287,-0.0004650155551654022,0.06267886058230684,0.1922494239645269,0.06962045459487841,0.0791322301067959,-0.014074135238705994
2022-02-16,0.00023138762324442734,0.006929179001555293,-0.04460843090184583,-0.014074135238705994,-0.34113604985534307,0.05153760990340104,-0.20892767828760517,-0.019074977216581208
2022-02-17,-0.0005585159975002226,0.07597331549811266,-0.03220819815582296,-0.019074977216581208,0.9972322065553583,0.10818151365393561,0.8493568040664458,-0.03767141930559367
2022-02-18,0.001118114689319486,0.03470518622566049,-0.043086490567484564,-0.03767141930559367,-0.486925447167974,0.07779167679314511,0.15723635862955063,-0.01009378702307827
2022-02-19,-0.00020795111306321501,0.015654284832412067,-0.028458449840448954,-0.01009378702307827,-0.840902448802341,0.04411273467286095,-0.7935314877380102,-0.0169019850012778
2022-02-20,-0.0001473025149260034,0.0027310611415355514,-0.043988350475507774,-0.0169019850012778,0.39528536936550024,0.04671941161704339,-0.34099019161796207,-0.09596152693377698
2022-02-21,-0.00040384282986147035,0.038670945733293945,-0.0974521672346404,-0.09596152693377698,0.5315962177013948,0.13612311296793436,0.23694930742438308,0.041947476854648606
2022-02-22,-4.480370617023424e-05,0.045298508990297345,-0.026512016348730433,0.041947476854648606,-0.26983684581539275,0.07181052533902788,-0.14070778446230972,0.01697863152504488
2022-02-23,-1.6494557467831298e-05,0.07715460809114592,-0.009244104273147941,0.01697863152504488,0.11180637622986928,0.08639871236429385,0.152696545039022,-0.013631498937793862
2022-02-24,-0.000245543935172589,0.007692069347673504,-0.15068068199432122,-0.013631498937793862,0.5592999380371194,0.15837275134199458,0.7295568898329783,0.08749267153208624
2022-02-25,-0.00035033324268633076,0.09386754127343976,-0.024141355872436043,0.08749267153208624,-0.4278978838634531,0.11800889714587577,0.03552070213455156,0.0905866896921427
2022-02-26,0.0002488091392472359,0.1065266377104854,-0.0006985654673736185,0.0905866896921427,0.1741769919079175,0.10722520317785887,0.13073658564860763,-0.10816376578478033
2022-02-27,-0.0001224186692494236,0.002373480827486911,-0.11825787561823548,-0.10816376578478033,-0.10078267731256302,0.12063135644572248,-0.0008350098106701446,0.1610435469417851
2022-02-28,-0.0002852350926955923,0.16724117663597815,-0.010687170308639865,0.1610435469417851,0.3640893456166271,0.17792834694461804,0.3104430587575689,-0.009850199822429871
2022-03-01,0.00012951110123668807,0.04692454839985938,-0.03548228054465132,-0.009850199822429871,0.009350157974111118,0.08240682894451057,0.20793418024944896,0.0349205124169951
2022-03-02,-9.010271617772394e-06,0.05146226178463946,-0.035547622668648596,0.0349205124169951,-0.029341562709232306,0.08700988445328815,0.17398459070649788,0.05688521844317911
2022-03-03,0.0002104596562645152,0.06254079726262604,-0.026498717153477236,0.05688521844317911,0.2255829152861915,0.08903951441610342,0.321465678717791,-0.11026428319184123
2022-03-04,9.382518987341737e-05,0.01298658656684017,-0.1144679936310574,-0.11026428319184123,-0.08892397425780293,0.12745458019789777,0.13428550702757833,0.01427821249721791
2022-03-05,0.0002600745341074064,0.034278533665859284,-0.027829602972640904,0.01427821249721791,-0.5007395852909642,0.06210813663850006,-0.45015904107514143,-0.09683531678514447
2022-03-06,-0.0002014146802652452,-0.0002014146802652452,-0.1016042369354843,-0.09683531678514447,-0.13103415095120774,0.10140282225521897,-0.5196320620581697,0.009962990295677751
2022-03-07,0.00025933686590411115,0.04575596324081291,-0.03129757526173467,0.009962990295677751,0.3568855195822603,0.07705353850254756,-0.07716760451766398,-0.02005507835898755
2022-03-08,-7.110066484140272e-05,0.02834319919903011,-0.034746527397629394,-0.02005507835898755,-0.14006596087391696,0.06308972659665958,-0.18940393196102145,0.07784863820544691
2022-03-09,0.000375567464658024,0.1141457637845629,0.00036536517970898487,0.07784863820544691,0.13143764464745655,0.11378039860485395,0.05679087001499911,-0.0707028596816043
2022-03-10,-9.613229128751556e-05,0.005523937297598412,-0.08755567441703932,-0.0707028596816043,-0.2031608752900407,0.09307961171463781,-0.07445606338866799,-0.018587668389724945
2022-03-11,8.33760018098905e-05,0.012182814525467002,-0.03459685371101315,-0.018587668389724945,-0.2802078550013649,0.046779668236480144,-0.3572529323884628,-0.011320412714515614
2022-03-12,-6.810978815449685e-05,0.025052439451047553,-0.011435200700950627,-0.011320412714515614,-0.6900329751206022,0.03648764015199809,-1.0268369262860761,-0.034454021175462535
2022-03-13,-0.00014506393700926327,0.010109750630314211,-0.042828403046181136,-0.034454021175462535,0.22216874986048368,0.052938153676495396,-0.627991744414419,0.020427191647687706
2022-03-14,-2.741691333596159e-05,0.030811178229016436,-0.016671017291800202,0.020427191647687706,0.2860998619036036,0.04748219552081656,-0.19622542631455214,0.0025770089547628187
2022-03-15,-0.00010162662302187893,0.030321453306954207,-0.02325959938444671,0.0025770089547628187,0.22972619415073678,0.05358105269140086,0.20225568170010289,0.07483916693551199
2022-03-16,3.650308006661044e-05,0.07542119373858774,-0.011504855127787442,0.07483916693551199,0.25430658583259724,0.0869260488663751,0.5227090019204577,-0.02873055226648393
2022-03-17,-0.00018371253887108078,-0.00018371253887108078,-0.0296190007215801,-0.02873055226648393,-0.5229148114079917,0.02943528818270895,-0.08454044847388995,0.018261323806502774
2022-03-18,-0.00013788799678393675,0.020276287186403605,-0.03333498966297298,0.018261323806502774,0.16916318247522802,0.05361127684937663,0.018040191356851663,-0.00186141010966452
2022-03-19,-0.0003188699971051501,0.02378489934291213,-0.010020631720210796,-0.00186141010966452,-0.052921008837797254,0.03380553106312295,-0.10193568536477991,-0.030138205903547485
2022-03-20,4.694204692243504e-05,0.005249158568370251,-0.03850273146641062,-0.030138205903547485,-0.3843104220590129,0.043751890034780895,-0.4996023225058266,0.006823630006251879
2022-03-21,-5.60668539391431e-05,0.019856585327487717,-0.005933450466596201,0.006823630006251879,0.1556460610679838,0.025790035794083854,-0.2538131364253598,0.002132800435815353
2022-03-22,-0.00014797912246752802,0.03213351361197077,-0.010635984294823845,0.002132800435815353,0.38817120960140994,0.042769497906794435,0.2825513638970908,0.005884417026584527
2022-03-23,5.712801164799012e-05,0.008284480955782336,-0.026029635746313572,0.005884417026584527,-0.06904138226399138,0.03431411670209583,0.15153391992823384,0.034263242151255986
2022-03-24,5.138532816407982e-06,0.041338831120658205,-0.004288577463391361,0.034263242151255986,0.23023127717419994,0.045627408584049615,0.3732262665506434,-0.03704699899311649
2022-03-25,0.00035307368315523705,0.02511194867753549,-0.049330503702581976,-0.03704699899311649,-0.0984561835555366,0.07444245238011742,0.19809070037538493,0.024140029571583597
2022-03-26,7.797076144030185e-06,0.027871187753303196,-0.0026618103992784286,0.024140029571583597,-0.7325229186533029,0.030532998152581745,-0.6395847280548431,0.03661525204690704
2022-03-27,-0.00012893436821689936,0.03661525204690704,-0.021311919947687774,0.03661525204690704,0.1872203081972423,0.057927171994594774,-0.4174447858280418,-0.014755628611784267
2022-03-28,0.0003455681745754397,0.049215238319466406,-0.016765370628838597,-0.014755628611784267,0.764837695916567,0.06598060894830488,0.4326379104213267,0.027187313543949727
2022-03-29,-0.0005276150845947653,0.0698969420866135,-0.0009633372870954902,0.027187313543949727,0.11239495103201982,0.07086027937370899,0.45764641213740487,-0.005455467684549638
2022-03-30,-0.001078785688389827,0.03242696363814098,-0.023988146393073877,-0.005455467684549638,-0.22353940265648367,0.05641511003121488,0.1703694609544229,-0.04092206988972495
2022-03-31,-0.0007202907486896464,0.03740659823971395,-0.050078956494445145,-0.04092206988972495,0.11720173969668395,0.08748555473415906,0.2635025801136069,0.016851016655596865
2022-04-01,0.000316257311218957,0.025536341113070144,-0.039003707102497995,0.016851016655596865,-0.38312732569281904,0.0645400482155681,-0.26842620930842287,0.0659270341526429
2022-04-02,0.00013291537697308312,0.10770614648495198,-0.0029394226368014693,0.0659270341526429,0.5843744267068157,0.11064556912175344,0.2679660839451851,0.01801337531863744
2022-04-03,-0.0003628843664223918,0.056796502041043605,-0.023273599416624775,0.01801337531863744,0.13183183640996918,0.08007010145766848,0.3520056997044747,-0.034015174008771944
2022-04-04,0.0001774090072634192,0.01617390601565738,-0.05495118137624265,-0.034015174008771944,-0.42225190223014325,0.07112508739190002,-0.12633698600510887,-0.052014677417192796
2022-04-05,-7.730596376762138e-05,0.00808796807063896,-0.05249771721647534,-0.052014677417192796,-0.16364636319159317,0.06058568528711425,-0.2948433767482887,-0.08644102516562807
2022-04-06,-0.00011207046752949879,0.0029397174306614446,-0.08726380603956267,-0.08644102516562807,0.05779164717175103,0.09020352347022415,-0.19326732777569264,0.03020596553460632
2022-04-07,0.00034464597503650507,0.03546650338362334,-0.012031687124510856,0.03020596553460632,-0.43656069137390313,0.04749819050813421,-0.6577027572857143,-0.031109230545508924
2022-04-08,1.6030851339263487e-05,0.040995939603003205,-0.035738869926359364,-0.031109230545508924,0.23395688097697,0.07673480952936258,-0.27909823110494153,0.015021292026589483
2022-04-09,-2.2996657536195364e-05,0.018744425568997285,-0.005517363655678529,0.015021292026589483,-0.6515614890839432,0.024261789224675732,-0.7528773506345455,-0.025574636647636713
2022-04-10,-2.6569000883173593e-06,0.004174418772773871,-0.028025263667737492,-0.025574636647636713,-0.23355994736879496,0.0321996824405114,-0.8217634088269922,-0.11147947593095227
2022-04-11,-0.0005885704920987285,-0.0005885704920987285,-0.12391166271782222,-0.11147947593095227,0.8488973422705332,0.12332309222572341,0.19952901331856618,0.03552454052856336
2022-04-12,0.0006102097773366221,0.06442756396312255,-0.0006872122288600814,0.03552454052856336,-0.18774907310775618,0.06511477619198265,0.07991542050866667,0.0023303585898203608
2022-04-13,-0.00010548811811510296,0.01876184606352348,-0.017281450410209006,0.0023303585898203608,-0.3203401642197255,0.036043296473732486,-0.24257453304072193,-0.03004041582280864
2022-04-14,-3.628928895014973e-05,0.015719112102613578,-0.03572055191658057,-0.03004041582280864,0.29338785671791645,0.05143966401919408,0.17131065065648862,0.005684763598977471
2022-04-15,5.139731886931182e-05,0.01592473457242716,-0.004714469023483427,0.005684763598977471,-0.41042067325103815,0.020639203595910597,-0.31454945960278247,0.0036363957853678265
2022-04-16,-2.0569514478306684e-06,0.012420177847429574,-0.006853293175294193,0.0036363957853678265,-0.4431458439940847,0.019273471022723775,-0.786553360759737,-0.03789427237911626
2022-04-17,-0.00014828320827056565,0.010308788769714604,-0.04217189861158904,-0.03789427237911626,0.21628039507253458,0.05248068738130359,-0.3791152253533743,0.03203841960740849
2022-04-18,6.377520478679339e-05,0.033225467298827,-0.0319515758833598,0.03203841960740849,0.5445419844083442,0.06517704318218699,0.30364549279095837,0.02426324665656968
2022-04-19,0.00012312857758879875,0.025417758943864905,-0.010337375989419188,0.02426324665656968,-0.22556100405975218,0.03575513493328415,0.030000228276071066,-0.014448937467417287
2022-04-20,-3.559879967019302e-06,0.01660097006760064,-0.021387363647380662,-0.014448937467417287,-0.013219254137166995,0.037988333714981205,0.09716924618889722,-0.04147734045021141
2022-04-21,-7.95387131942562e-05,0.02524336135160562,-0.05163847634054474,-0.04147734045021141,0.13770327805108326,0.07688183769215033,0.21828959738184997,-0.009307542471988497
2022-04-22,-1.309439660592124e-06,0.022899520017236167,-0.015062323000989588,-0.009307542471988497,-0.08726019902141907,0.03796184301822558,0.017549341370327442,0.007834239279248308
2022-04-23,-1.776027780105056e-05,0.015594323820014988,-0.009801655006643649,0.007834239279248308,-0.43259761868091057,0.02539597882665859,-0.47425566351237713,-0.041283689462603024
2022-04-24,-0.0005027086691123056,-0.0005027086691123056,-0.04194672993748781,-0.041283689462603024,0.12289971527720253,0.0414440212683754,-0.23804519611676797,-0.008835557578661493
2022-04-25,-5.893655142918463e-06,-5.893655142918463e-06,-0.06402905341965505,-0.008835557578661493,0.5520880720556183,0.06402315976451214,0.36467561986800195,-0.08419053544822899
2022-04-26,-0.00022174790267403914,0.005638149600236975,-0.09049587961170896,-0.08419053544822899,-0.10902168313897719,0.09613402921194605,0.18509094024737455,0.055425244647381425
2022-04-27,0.00012513798588308775,0.07025911382381725,-0.005383454684089882,0.055425244647381425,0.1681263965387187,0.07564256850790718,0.34243097948133466,-0.035587062124236714
2022-04-28,3.1040270318988386e-05,3.1040270318988386e-05,-0.04789514111582152,-0.035587062124236714,-0.20305660464097233,0.04792618138614035,0.06862115250664409,-0.06338247669661147
2022-04-29,-2.545685520390074e-05,0.005531531504974333,-0.06892329841108555,-0.06338247669661147,-0.0035821257311693254,0.07445482991605995,-0.019535417734788604,-0.08564161328446743
2022-04-30,-2.3205957920255046e-05,0.0044311687618062414,-0.10636112361982272,-0.08564161328446743,0.04715337602369288,0.11079229238162885,-0.03559884551098095,0.008102757885541396
2022-05-01,-0.00014646779289561278,0.04158674765891238,-0.00965470195135143,0.008102757885541396,0.008991590654192142,0.05124144961026381,-0.006016952040951942,-0.011901527408959837
2022-05-02,-7.226985928349152e-05,0.015199582411658261,-0.041211661964911786,-0.011901527408959837,0.05051249320911209,0.05641124437657009,0.04102691609147001,-0.01240517795446866
2022-05-03,-0.00010161968835056844,0.05785183735026291,-0.01609603503741891,-0.01240517795446866,-0.0767634514276821,0.07394787238768182,-0.013582143958510567,0.12202506212195387
2022-05-04,1.9297137541336134e-05,0.1275644260569704,-0.0016874452874664902,0.12202506212195387,0.1825292414298174,0.129251871344437,0.16383649595205446,-0.10736880445689789
2022-05-05,-0.0002867643310162188,0.019592437849230596,-0.13246709690197572,-0.10736880445689789,0.11139824069210369,0.15205953475120632,0.23113230619457711,-0.010086635457852385
2022-05-06,0.0,0.0054246370925694195,-0.034065379383642146,-0.010086635457852385,-0.31587508011999865,0.03949001647621144,-0.14386802284464478,-0.0701962296316005
2022-05-07,0.0001129834068288247,0.000355417602695906,-0.08795085877490844,-0.0701962296316005,0.016698474972056777,0.08830627637760434,-0.11858030362545778,-0.048412649587807895
2022-05-08,6.876221646247531e-05,0.0021730983887727137,-0.0515257781066329,-0.048412649587807895,-0.11240595082862688,0.05369887649540579,-0.21568735972890937,-0.20365856633009405
2022-05-09,5.1214172303183306e-05,0.016928637843354393,-0.20365856633009405,-0.20365856633009405,0.5700846553470571,0.22058720417344843,0.3747290695736494,0.06053366388094275
2022-05-10,-0.0019743936202888373,0.16604609363138986,-0.054500290532103694,0.06053366388094275,0.4552235490203107,0.22054638416349356,0.7634017101902817,-0.23759105803605
2022-05-11,-0.0006641590716768749,0.026857770891873124,-0.3326125313805028,-0.23759105803605,0.2768917282620474,0.3594703022723758,0.860624653643352,-0.09968929343993327
2022-05-12,0.00022178845410453465,0.05849133720853138,-0.2242866972494756,-0.09968929343993327,-0.2924555499965707,0.28277803445800703,0.28193338352492986,0.06037153970306195
2022-05-13,-0.0015235107324593873,0.1770184010929628,-0.06596669400750606,0.06037153970306195,-0.38750808544827636,0.242985095100469,-0.25145155359315796,0.04836534585447917
2022-05-14,0.00029918207763821204,0.06261971324361904,-0.070680993334544,0.04836534585447917,-0.7618763872672679,0.13330070657816306,-1.0829028396664744,0.13204016311209646
2022-05-15,-0.0002590543016969101,0.135549969071888,-0.04389968980017545,0.13204016311209646,0.07414655390104372,0.17944965887206346,-0.9362003384650023,-0.11436434300170448
2022-05-16,-5.71315323069661e-06,0.00608178613239461,-0.11739719349507925,-0.11436434300170448,0.14303299010810094,0.12347897962747391,-0.6247303023622,0.040940988338169816
2022-05-17,0.000486255082688527,0.07449377639721323,-0.010924213744953656,0.040940988338169816,-0.3932697688173262,0.08541799014216687,-0.7205138895008175,-0.12378388440686483
2022-05-18,3.514495612299597e-05,0.021535749977082973,-0.12800611185458105,-0.12378388440686483,0.04172675310274486,0.14954186183166393,-0.36553334159485285,0.0684890875773851
2022-05-19,-0.0003232500872598709,0.07422469619853712,-0.021636609424121246,0.0684890875773851,-0.22328306928484074,0.09586130562265838,-0.3640949772890291,0.03128390472895291
2022-05-20,-6.190804006080712e-05,0.1099786662051423,-0.0077834054571754106,0.03128390472895291,0.8652838017442076,0.11776207166231767,0.5627976916235051,-0.013820381346771039
2022-05-21,-1.1234000485594386e-05,0.022586523977523126,-0.035264874279785995,-0.013820381346771039,-0.8791155781213188,0.05785139825730907,-0.43277342248012235,0.03318351694504625
2022-05-22,-6.221698447158057e-05,0.042635406475349115,-0.006738425981617054,0.03318351694504625,-0.1672869923803629,0.049373832456966305,-0.49024919117556287,-0.02589714078046795
2022-05-23,-3.631164355787616e-05,0.07031976521559256,-0.03534361459628083,-0.02589714078046795,0.5090812558819107,0.10566337981187349,0.07387013695817535,-0.004561431617194583
2022-05-24,-7.213125767487776e-05,0.018134266886290683,-0.047518767155160076,-0.004561431617194583,-0.2089645677297514,0.06565303404145081,-0.15626993659798272,-0.031376004718916856
2022-05-25,-5.628163745950441e-05,0.022847110318001095,-0.039024134373051994,-0.031376004718916856,-0.18656211535871192,0.0618712446910529,-0.36184212610392985,-0.10766179644823516
2022-05-26,0.00014082371061257545,0.014461790166172602,-0.13666886172610682,-0.10766179644823516,0.4684964413063856,0.15113065189227942,0.34838308027601206,-0.04140102504093427
2022-05-27,-0.0007501775259094539,0.022986780717242746,-0.05219535454696655,-0.04140102504093427,-0.20083677091615568,0.07518213526420917,0.05569655298475959,0.019053733612174006
2022-05-28,0.017681515843700094,0.04200991397785382,-0.003094466624068972,0.019053733612174006,-0.4442180578890673,0.045104380601922796,-0.4533956076869358,0.01665562762131796
2022-05-29,-7.251040165903499e-05,0.024071070505662248,-0.026453365211412196,0.01665562762131796,-0.14036512489501682,0.05052443571707435,-0.4904972378471534,0.09378104723837154
2022-05-30,-0.00014442086413246505,0.0987015307967142,-0.007158762134893998,0.09378104723837154,0.4401598000643283,0.10586029293160833,0.03320750113294671,-0.023620280537257614
2022-05-31,-7.380350819938173e-05,0.02462917260289377,-0.04230186655652997,-0.023620280537257614,0.06180871087595595,0.06693103915942372,0.07132700067366711,-0.09384791756419728
2022-06-01,0.0004181610236695955,0.01632430695491736,-0.10687135420838045,-0.09384791756419728,-0.04660694438730028,0.12319566116329775,0.09770639775701273,0.02845186829268815
2022-06-02,-0.0002482153234318407,0.03403623642838064,-0.014389169903975063,0.02845186829268815,-0.31929992588989164,0.048425406332355724,-0.19070112565781958,-0.04794110302984957
2022-06-03,5.7410247491430915e-06,0.003979718455623838,-0.06934204713847274,-0.04794110302984957,-0.046394849315008896,0.0733217655940965,-0.23638292590340992,0.005553623262948142
2022-06-04,0.00022812020278790174,0.008487945717878403,-0.02486869113898437,0.005553623262948142,-0.38422825160927687,0.03335663685686276,-0.6340621072222828,-0.005206427750907756
2022-06-05,5.6486723079167445e-05,0.01419852825533749,-0.018574132367980438,-0.005206427750907756,-0.10036977763287576,0.03277266062331797,-0.6121587332411743,0.03175832974011896
2022-06-06,0.00011750419037415916,0.058238844371415154,0.00011750419037415916,0.03175832974011896,0.5071838339644169,0.0581213401810411,0.06634464236322692,-0.027380155041043252
2022-06-07,5.7822286987896e-05,5.7822286987896e-05,-0.09636120722799377,-0.027380155041043252,0.48784571243051555,0.09641902951498174,0.6457355797534657,-0.05150012890997221
2022-06-08,-0.00034733274132852033,0.019144686730137035,-0.056168927854395305,-0.05150012890997221,-0.2827344019188412,0.07531361458453231,0.2305464785712338,0.0026086408093911246
2022-06-09,9.662493884139224e-05,0.04473181863174893,-0.009116560450165243,0.0026086408093911246,-0.12152095735504428,0.05384837908191411,0.05901047529204371,-0.08179206248579753
2022-06-10,-9.149803619363787e-05,0.02205050331972696,-0.08302000723656285,-0.08179206248579753,0.2058259185711467,0.1050705105562897,0.18580649555082862,-0.07229312848446225
2022-06-11,0.00012119235626733315,0.028983942773221937,-0.09006617169450992,-0.07229312848446225,-0.17778932694213112,0.11905011446773187,-0.11619305996379832,-0.05320664272963358
2022-06-12,0.00046867951183218905,0.021876754057453762,-0.08038132629847508,-0.05320664272963358,0.2972530568677875,0.10225808035592882,0.16242751406603428,-0.1007869211236838
2022-06-13,-0.0008903966473445773,0.004043818133723875,-0.18460311934630688,-0.1007869211236838,0.37828873117162143,0.18864693748003059,0.560237241096453,-0.013871278593894637
2022-06-14,0.0003521130306645299,0.04423392953802482,-0.07859106136303744,-0.013871278593894637,-0.34243196871792075,0.12282499090106237,0.07410817433922717,0.13453554796280054
2022-06-15,-9.637290074878816e-05,0.1350772839069714,-0.06893906759165407,0.13453554796280054,0.34157507723706987,0.20401635149862554,0.3524380171922194,-0.14158526287355544
2022-06-16,0.00045466182267877263,0.01815736773985643,-0.15666559695532922,-0.14158526287355544,-0.5741746739586981,0.17482296469518574,-0.32736430629835095,0.010814683251051182
2022-06-17,0.0005837133295832737,0.03882814645273496,-0.006364810828033791,0.010814683251051182,-0.38364454030887396,0.04519295728076894,-0.7247002682901713,-0.049628439197168944
2022-06-18,-0.00017755620931618146,0.015835144278530257,-0.13430942040970154,-0.049628439197168944,0.3799674184638473,0.15014456468823187,-0.26544132129657205,0.10718393598223967
2022-06-19,-0.0005885077585675585,0.11426730668076884,-0.031518519336324255,0.10718393598223967,0.03788849636045242,0.14578582601709303,-0.09948766104103607,0.006070797402385683
2022-06-20,-0.0002491932399402518,0.025872668441594446,-0.0394043522688139,0.006070797402385683,-0.2680307133064634,0.06527702071040847,-0.3269764660832021,0.017005508959124935
2022-06-21,-0.00025468642764022825,0.05031958792833279,-0.01824780693168115,0.017005508959124935,0.021154048894045232,0.06856739486001383,-0.1081957832451651,0.020813916623612993
2022-06-22,0.0007351882554360099,0.08735062113382963,-0.04827294444533508,0.020813916623612993,0.679739878427177,0.13562356557916475,0.6150090937035924,0.14062844261749263
2022-06-23,-4.5226749641801336e-05,0.1416619318426577,-0.00019224466738667758,0.14062844261749263,0.17552803013849894,0.1418541765100444,0.5983207321111916,0.01655485418759312
2022-06-24,-0.000632161555428984,0.043119997482799356,-0.01915824681764046,0.01655485418759312,-0.23880539425054634,0.062278244300439906,0.19979925637018528,0.044516454331183244
2022-06-25,-1.7279088438126786e-06,0.04757483874290864,-0.029318533337003783,0.044516454331183244,-0.25525194601511775,0.07689337207991241,-0.12820353116914565,-0.07322510519366116
2022-06-26,-0.00016263634878903188,0.0092030212093709,-0.07357856165707195,-0.07322510519366116,-0.027869381747045726,0.0827815828664429,-0.21047014986931328,-0.027377009969103968
2022-06-27,0.00015907985024092068,0.06203717182406237,-0.02818976366416586,-0.027377009969103968,-0.08104244120208831,0.09022693548822823,-0.3364232032191181,-0.06524760020089414
2022-06-28,-0.00025516374668615186,0.02099500338457701,-0.06987788489949603,-0.06524760020089414,0.3175138499911699,0.09087288828407299,0.06034337918869299,0.004776316436815773
2022-06-29,0.00038859072897513293,0.020483287967704183,-0.03596610614751592,0.004776316436815773,-0.14888213788670723,0.05644939411521999,-0.015770864902272374,0.021304509787731067
2022-06-30,0.00035322840873649536,0.030708924229673487,-0.06009179397717754,0.021304509787731067,0.11995485626781316,0.09080071820685111,0.14762997723370935,0.07166523300185798
2022-07-01,0.0012582844459547533,0.10133903128732262,-0.0427058492153213,0.07166523300185798,0.5116731822799354,0.1440448805026439,0.6218877856207142,-0.002481535313527665
2022-07-02,2.500365029830888e-05,0.026151351498548574,-0.015363703913320025,-0.002481535313527665,-0.18677416641474293,0.04151505541186855,0.2602894947404559,0.003883722292219845
2022-07-03,2.2464865098891628e-06,0.026262244019242063,-0.033001803500196984,0.003883722292219845,-0.29432945719954484,0.05926404751943898,-0.14645146953322685,0.07923557583409085
2022-07-04,-2.591118446878319e-06,0.0931555966471871,-0.027092293063395004,0.07923557583409085,0.21620311662718245,0.12024788971058227,0.06946821094563155,0.02363042684153704
2022-07-05,-0.0002828265281841094,0.05577602884380346,-0.03980131327581305,0.02363042684153704,0.4968469981169568,0.09557734211961652,0.5025732612199972,-0.007333493509496502
2022-07-06,-5.5153010032006786e-05,0.03962017307779807,-0.02077172476721349,-0.007333493509496502,-0.016920759282989407,0.06039189784501169,0.32571900289683403,0.050866631514108224
2022-07-07,-0.0001278223694740939,0.06928804232700345,-0.02205429210626457,0.050866631514108224,-0.3209611470580464,0.09134233443326804,-0.04745006187754271,-0.037087734444978294
2022-07-08,-1.648171033792295e-05,0.029447601238764252,-0.04804863097349859,-0.037087734444978294,0.12230366771600619,0.07749623221226289,0.06015047001894439,-0.003985317667348602
2022-07-09,-0.00041586914133310654,0.03350043135161291,-0.00531135011507185,-0.003985317667348602,-0.23425058207206534,0.03881178146668474,-0.25406266036352926,-0.022328778140963654
2022-07-10,-4.63247388657814e-05,-4.63247388657814e-05,-0.05300720925232473,-0.022328778140963654,-0.0485035789994566,0.052960884513459004,-0.30966602602933196,-0.07119055592516803
2022-07-11,-0.0007520184621152537,0.031127283331142775,-0.07119055592516803,-0.07119055592516803,-0.43612617088195393,0.10231783925631072,-0.6462047547042596,-0.04868140425290058
2022-07-12,0.00018703017379601526,0.023065177767194946,-0.05618587480159824,-0.04868140425290058,-0.27132607515125295,0.07925105256879317,-0.7461062355874041,0.05055431614839368
2022-07-13,0.00026685366130928056,0.05055431614839368,-0.047213269505615815,0.05055431614839368,0.1401597609660364,0.09776758565400943,-0.46546186668722034,0.0892374483945984
2022-07-14,-0.00047109560927926386,0.09472617378811811,-0.01195406012715265,0.0892374483945984,0.28586375463290314,0.10668023391527084,0.004603413145210052,0.008806888222926863
2022-07-15,1.668259925782122e-05,0.05255454783387375,-0.008977771005071633,0.008806888222926863,0.08034332241724133,0.061532318838945305,0.16673775767280724,0.017953403296009206
2022-07-16,-0.0001568453546468992,0.031109276126584373,-0.02701948294259757,0.017953403296009206,-0.342720875661595,0.05812875906918186,-0.12191921765344114,-0.03421362372467676
2022-07-17,0.0003651247375953371,0.013711253089696658,-0.0346930212841548,-0.03421362372467676,-0.09013981373287636,0.048404274373851496,-0.19172531222516706,0.07423552701401143
2022-07-18,9.174143501917223e-05,0.09828407565621593,-0.0006473534954335161,0.07423552701401143,0.49882555094353825,0.0989314291516493,0.29546712474691156,0.09460297832306892
2022-07-19,-0.0009158472330884884,0.11144602708714325,-0.03335208942286494,0.09460297832306892,0.4740781836016356,0.14479811651000818,0.6794256203888853,-0.08341822306870467
2022-07-20,-0.0007912430875439294,0.0031560223765686995,-0.08955385732275621,-0.08341822306870467,-0.3296521844154338,0.09270987969932501,0.18223944111088258,0.132069509368899
2022-07-21,6.290329367649253e-05,0.14157419329049917,-0.005279377567526308,0.132069509368899,0.5841252570130571,0.1468535708580256,0.721838788988105,-0.037187856310537254
2022-07-22,4.909347815988212e-06,0.020901815839180993,-0.06502347100976837,-0.037187856310537254,-0.6000439166059381,0.08592528684894928,-0.12477406512117051,-0.053664832919885025
2022-07-23,-0.0006935677505416925,0.047069132249468335,-0.08552427895015213,-0.053664832919885025,-0.10981973310045479,0.13259341119962045,-0.3136496745534354,-0.009618810961583851
2022-07-24,0.0008901793504333577,0.01693527616149935,-0.017757537140710763,-0.009618810961583851,-0.4698525270544897,0.03469281330221006,-0.7862044719069207,-0.10549215651044788
2022-07-25,-2.0475152093971904e-05,-2.0475152093971904e-05,-0.10549215651044788,-0.10549215651044788,0.29210447623157276,0.10547168135835393,-0.3447648719298333,0.022184163562844136
2022-07-26,-6.921363680758692e-05,0.0711660414141479,-0.043083938894995726,0.022184163562844136,0.44660538027369723,0.11424998030914375,0.15338120763141003,0.11107693533648742
2022-07-27,8.000673592651997e-05,0.11107693533648742,-0.016571398621474148,0.11107693533648742,-0.058564298713045304,0.12764833395796163,0.2331946684363533,0.05402067410378169
2022-07-28,0.00019921474632876313,0.0741381605616422,-0.01804506373116213,0.05402067410378169,0.1485187392828567,0.09218322429280422,0.3578610562218969,0.030416160054987786
2022-07-29,4.4840930317335955e-05,0.04718046415590829,-0.044438448090772194,0.030416160054987786,-0.16068246958225318,0.09161891224668045,0.11445323886432666,-0.047149266408487926
2022-07-30,-0.00036686817298810855,0.007002103715740231,-0.06131626763519667,-0.047149266408487926,-0.184010877616922,0.06831837135093695,-0.17325845109079194,-0.02963605602476592
2022-07-31,0.00027159152801373414,0.030448530575037675,-0.035255144615477275,-0.02963605602476592,-0.25690169889042325,0.0657036751905149,-0.45909940423359313,0.004911972324755962
2022-08-01,-2.0497959787325904e-05,0.02965916737359455,-0.027887454659965456,0.004911972324755962,-0.15002421962627036,0.057546622033560035,-0.5209274975915191,-0.04736016016657216
2022-08-02,-0.00021542979631056073,0.0009320793709265928,-0.06099733094954311,-0.04736016016657216,0.00016032418574915116,0.06192941032046974,-0.4172551140756522,0.022513682380866703
2022-08-03,-3.903365521610136e-05,0.054651029949665135,-0.02648501740812038,0.022513682380866703,-0.05995459084757779,0.08113604735778543,-0.3175161894647535,0.019299241155069445
2022-08-04,7.379339250563943e-05,0.041453909651457545,-0.0018674621984892045,0.019299241155069445,0.03300231582665336,0.043321371849946944,-0.14122250065997968,0.0562079823094671
2022-08-05,-0.00032675415848952593,0.05645201938814336,-0.0037205587333213872,0.0562079823094671,0.05629463962950158,0.06017257812146468,0.014112764586969502,-0.031163260156608596
2022-08-06,0.0001457165129556307,0.0021212259188514216,-0.03414435875992687,-0.031163260156608596,-0.625606439058882,0.036265584678778315,-0.5851691078245268,0.0670397092430103
2022-08-07,0.00018315399481174554,0.08311508776474011,-0.012167298677394895,0.0670397092430103,0.5674668369967206,0.09528238644213498,0.07748417340357878,0.03602862750367805
2022-08-08,5.284754970789928e-06,0.0630721237299417,-0.010618670569392022,0.03602862750367805,0.15363480008016794,0.0736907942993338,0.23745292439121757,-0.034027954414645054
2022-08-09,3.163794794908138e-05,0.03550407465435774,-0.056778020409821814,-0.034027954414645054,-0.01956496808086478,0.09228209506417955,0.17598942973793474,0.047977275193882944
2022-08-10,-3.097554593522269e-06,0.052050525975639646,-0.06537043362477683,0.047977275193882944,0.42698465632675686,0.11742095960041643,0.5738641027890039,-0.016758484604499618
2022-08-11,4.388675462546742e-05,0.026244779549784093,-0.019660193867937655,-0.016758484604499618,-0.4259712680016558,0.04590497341772171,0.016586307892042247,0.02558489554143506
2022-08-12,-6.045438736571403e-05,0.02619555694274479,-0.024186186935968964,0.02558489554143506,-0.35047392755662643,0.050381743878713935,-0.43158040923990226,-0.014205447267760124
2022-08-13,-7.553823268415911e-05,0.025424255792444412,-0.015384665614041143,-0.014205447267760124,-0.15106350829483753,0.04080892140648558,-0.5509260562841244,-0.024930758417060314
2022-08-14,0.00012009145736986839,0.0225232313081952,-0.03263259444438005,-0.024930758417060314,-0.04673237734433975,0.055155825752575334,-0.5157501298561903,-0.015209208150202663
2022-08-15,4.441569670601446e-06,0.028193845426714582,-0.03274305298753456,-0.015209208150202663,0.16498535328456157,0.060936898414249145,-0.2597551673077639,-0.0007910045124906458
2022-08-16,-0.00031037880746151474,0.01862109424172901,-0.0188838744940081,-0.0007910045124906458,0.05601239568216961,0.03750496873573718,0.009734447479401834,0.02557729893641882
2022-08-17,-7.497236494548621e-05,0.039077713660530984,-0.016615279651445353,0.02557729893641882,0.30416590489929596,0.05569299331197642,0.395320018414398,-0.01952462387077638
2022-08-18,0.0008100290948306278,0.0433482787731085,-0.020211048627102213,-0.01952462387077638,0.2083187485310145,0.06355932740021078,0.5239878103488423,-0.061915195071129116
2022-08-19,-0.00017571643019164904,-0.00017571643019164904,-0.10130325710372333,-0.061915195071129116,0.13321090559001844,0.10112754067353151,0.5020847145916313,-0.05180567525650856
2022-08-20,-0.0003137092976536417,0.014703394708315158,-0.07340107447066385,-0.05180567525650856,-0.40931861152697224,0.088104469178979,-0.08247940275445452,0.03798961101106241
2022-08-21,-0.00025553478472464087,0.04873817149014903,-0.0012334068983390753,0.03798961101106241,-0.370224954476448,0.04997157838848794,-0.498337335110492,0.040718841625613234
2022-08-22,1.9534655824346957e-05,0.041066788157527026,-0.05377465954837295,0.040718841625613234,0.37127542904302374,0.0948414477058998,-0.10950644835553387,0.08907178627435555
2022-08-23,9.351446239810246e-05,0.10230720524850365,-0.00900637136273258,0.08907178627435555,0.7482600113241388,0.11131357661123621,0.651202186455848,0.0715589784568507
2022-08-24,-5.910700183168169e-05,0.09455588663165049,-0.04121682564585068,0.0715589784568507,0.3225142859017879,0.13577271227750132,0.8386576700064414,-0.011364523558228548
2022-08-25,-0.000254855145760167,0.01609555485682684,-0.03106129534704132,-0.011364523558228548,-0.34313563956931326,0.047156850203868075,0.2932931139995393,-0.11258667756237589
2022-08-26,-0.00017675463201532326,0.012863248941382686,-0.12099391389146419,-0.11258667756237589,0.0950067665613041,0.13385716283284682,0.2583551239973463,-0.02683224618031998
2022-08-27,0.000364020032252397,0.002452540640552696,-0.06895877378131142,-0.02683224618031998,-0.36046830209021546,0.0714113144218642,-0.26804019585384564,-0.0630049052060629
2022-08-28,-0.00022100946375106873,0.013094785222081014,-0.06324591572367276,-0.0630049052060629,-0.5149849287154056,0.07634070094575361,-0.8380951030067879,0.0847711714977255
2022-08-29,0.00027959378344513333,0.0877439124836181,-0.029275091338778873,0.0847711714977255,0.25187914355362917,0.11701900382239697,-0.4739167219024057,0.039464014262946726
2022-08-30,8.793733566123596e-05,0.057185935028643525,-0.024667214159995687,0.039464014262946726,0.3303072419118661,0.08185314918863923,0.046574918538440924,-0.007154553687537507
2022-08-31,0.00015247779857028104,0.029675442935760934,-0.02453202279098811,-0.007154553687537507,-0.21596145470303826,0.05420746572674918,-0.12235070210129476,0.07480363281839839
2022-09-01,0.00020715193958658406,0.07912924637449457,-0.026160930859795567,0.07480363281839839,0.13051670397538223,0.10529017723429024,0.1331711626409262,-0.008257246209864526
2022-09-02,-6.732798628860973e-05,0.021280904061138937,-0.02894073198988422,-0.008257246209864526,-0.10308332780257748,0.05022163605102311,0.03430335648829865,0.00028116160091596335
2022-09-03,4.5305278299249105e-05,0.01588419704400556,-0.03648745576012042,0.00028116160091596335,-0.32169492467451666,0.05237165280412583,-0.3525746306694587,0.028800513027309044
2022-09-04,-3.9934626493404986e-05,0.028800513027309044,-0.01618203985088627,0.028800513027309044,-0.00976811441964327,0.04498255287819533,-0.3342418906154484,-0.02767846618530588
2022-09-05,0.00014008135302479778,0.022280196050978897,-0.037129411354493935,-0.02767846618530588,0.04238349008966749,0.059409607405473,-0.18910788359185504,-0.06791239008091304
2022-09-06,0.00010556090323474618,0.023754238233394943,-0.06858754067833611,-0.06791239008091304,0.35867213808004633,0.09234177891173108,0.22033910818689212,0.09255507620668874
2022-09-07,-0.0004304840049007446,0.10821121112902432,-0.02164430533242239,0.09255507620668874,-0.055369978046186666,0.12985551646144655,0.17349600267129128,0.06955811523001666
2022-09-08,-0.00023721510753570702,0.08102895339393977,-0.02318007708440497,0.06955811523001666,0.5216086477866371,0.10420903047834475,0.6917507940828769,0.1462682623349634
2022-09-09,-0.0001640976286428207,0.1781152286617367,-0.008174738016639465,0.1462682623349634,0.6709104946523958,0.18628996667837597,1.1556515640893366,-0.002326896157340108
2022-09-10,0.0005604661024425817,0.01507947336131842,-0.034743904231704204,-0.002326896157340108,-0.6380533619255072,0.04982337759302259,0.11293680505656566,-0.02307406381037955
2022-09-11,-0.0005880116649467097,0.011531602299339373,-0.04618598591940546,-0.02307406381037955,-0.3907885819599356,0.05771758821874479,-0.3991391908470362,-0.011201648653609021
2022-09-12,0.00016673483253315676,0.043982164189356306,-0.03921041638077686,-0.011201648653609021,0.37832446978552553,0.08319258057013308,-0.03449400262053706,-0.09824379943266708
2022-09-13,-1.5067085892593856e-05,0.03808287153308326,-0.11796708489796277,-0.09824379943266708,-0.009509795862978185,0.1560499564310461,-0.12174791388986428,-0.004660082022304007
2022-09-14,-0.01054005917584153,0.022518669198042674,-0.04194631495452812,-0.004660082022304007,-0.43691203739364864,0.06446498415257067,-0.5605748074292335,0.06339325495158973
2022-09-15,-3.08102782839703e-05,0.0975539197415948,-0.05039252779295387,0.06339325495158973,0.6894015349816828,0.14794644753454872,0.38731221805239274,0.10725023964917973
2022-09-16,-6.378641061799824e-05,0.10946382987896555,-0.017589901450858713,0.10725023964917973,0.10051953194193422,0.12705373132982437,0.4289481954383237,-0.007493701654252593
2022-09-17,0.000952857743259373,0.019262272631151742,-0.030576064387392837,-0.007493701654252593,-0.3948679639518721,0.04983833701854445,-0.11253235828286155,-0.11553595848046087
2022-09-18,-0.0003676310517523844,-0.0003676310517523844,-0.11648564404532867,-0.11553595848046087,-0.15754356082701274,0.11611801299357646,-0.2606110936205303,0.06345685349954683
2022-09-19,-4.036197739786184e-05,0.085555826885506,-4.036197739786184e-05,0.06345685349954683,0.4474485717009031,0.08559618886290409,0.2214385421529654,-0.11518303884588538
2022-09-20,2.635063793705271e-05,0.010059773975460715,-0.11905295878876099,-0.11518303884588538,-0.35024171381262476,0.1291127327642216,-0.2454842406536782,-0.03465916626385133
2022-09-21,4.71569218526487e-05,0.07144294319753207,-0.06821299523190015,-0.03465916626385133,0.2866748527319685,0.13965593842943222,0.11012508311972065,0.08478613546140973
2022-09-22,-0.0006750082860282877,0.1042712748565603,-0.011126784612054913,0.08478613546140973,-0.22375871921586274,0.11539805946861525,-0.07178328872641183,-0.029554035137837713
2022-09-23,-0.00023828649467143247,0.035683929634524963,-0.07984785626420556,-0.029554035137837713,0.1409145757192304,0.1155317858987306,0.06865186864720074,-0.04067249434741564
2022-09-24,-0.0001154675565611891,0.0017679648927453593,-0.04384945599880226,-0.04067249434741564,-0.7148109223561849,0.0456174208915474,-0.7003485067562576,0.026103764632964703
2022-09-25,-4.783728842126068e-05,0.07888115943361552,-0.0021203050248038207,0.026103764632964703,0.34559366430548705,0.0810014644584192,-0.20900649352086476,-0.008635851812670244
2022-09-26,-7.865091638500626e-05,0.05735778403706315,-0.015492454914416164,-0.008635851812670244,0.3422777670018171,0.07285023895147938,0.16289119515392997,-0.027551885141608435
2022-09-27,1.2832704593808657e-05,0.0548052151811648,-0.04867905350500377,-0.027551885141608435,-0.09451146955083074,0.10348426868616867,0.09607254525167534,-0.036930123005690485
2022-09-28,-0.00028164153173951766,0.002662992283265894,-0.06351387060282382,-0.036930123005690485,-0.12737406116322264,0.06617686288608979,-0.03553636320954709,-0.018063334008219543
2022-09-29,-7.693128360268806e-05,0.0014971146098610036,-0.043457621766548916,-0.018063334008219543,-0.32513443092813055,0.044954736376409905,-0.30459677563433374,0.017058662336310877
2022-09-30,-6.596080655991213e-05,0.03244153859239313,-0.0128052445878641,0.017058662336310877,-0.02221609928502338,0.0452467831802571,-0.34600425004634255,-0.026159686045309136
2022-10-01,0.0005243947889160436,0.005019710430480648,-0.03493662180396438,-0.026159686045309136,-0.7358891440117364,0.039956332234445086,-1.0451759805942957,-0.05302788705984
2022-10-02,8.054764884752451e-05,0.01546137556521274,-0.05302788705984,-0.05302788705984,0.17786008822571317,0.06848926262505262,-0.6577708848277042,0.0685178482173534
2022-10-03,-0.0001266610333147818,0.0722788272724003,-0.009380414358683264,0.0685178482173534,0.45335551868927026,0.08165924163108369,0.0030914765845845883,0.011529605653842877
2022-10-04,-8.457424942807159e-05,0.02897626142521903,-0.008499827711530754,0.011529605653842877,-0.13054553391769327,0.037476089136749796,-0.005679735687278548,-0.0023360933064573157
2022-10-05,-0.00021246626482454258,0.006121012176045217,-0.02835311784679947,-0.0023360933064573157,-0.23904303733909726,0.03447413002284471,-0.18455972040167018,-7.851666035856064e-05
2022-10-06,-2.5462204129491523e-05,0.03308831449278475,-0.005678092910880247,-7.851666035856064e-05,0.32188779028682335,0.03876640740366504,0.24370232756271695,0.004485437487566059
2022-10-07,0.00011615844303520896,0.005813562962267448,-0.02264079846658769,0.004485437487566059,-0.29130214748924316,0.028454361428855164,-0.15449008392800695,0.005251082036736555
2022-10-08,0.000138428733292384,0.020767831789969785,-0.005998857701551879,0.005251082036736555,-0.13413448308298004,0.026766689491521844,-0.30697290285140094,0.006209174501718619
2022-10-09,6.59839172437034e-05,0.010018341533335608,-0.005773412134773787,0.006209174501718619,-0.3498606992733194,0.01579175366810949,-0.5635999694580802,-0.05757416803600798
2022-10-10,-2.9178144127698197e-05,0.003794921326588783,-0.05758908608257208,-0.05757416803600798,0.3035265577128411,0.06138400740916094,-0.13940385873380165,-0.024585628029054504
2022-10-11,-0.0005455331899472665,0.003729406135328494,-0.02659241350152496,-0.024585628029054504,0.07230456544902637,0.03032181963685359,-0.03856450689521733,-0.034505162980017955
2022-10-12,7.667851868412701e-05,0.0020170076611782826,-0.03660475871221294,-0.034505162980017955,-0.13224275695337892,0.03862176637339122,-0.07154968861892692,-0.034145545520065136
2022-10-13,-9.179508956287804e-05,0.003670894843457807,-0.0971031692045086,-0.034145545520065136,0.6415976652865383,0.10077406404796642,0.6219732505044532,0.024343235369162008
2022-10-14,1.2596709664043326e-06,0.07477451222428422,-0.002803925715827024,0.024343235369162008,-0.14445942346157167,0.07757843794011113,0.33391800314117304,-0.009510220416702441
2022-10-15,-8.85155717337046e-06,0.008100255911593869,-0.01411960889063907,-0.009510220416702441,-0.8861204615498143,0.022219864802232998,-0.6885947354997705,0.01602611963849512
2022-10-16,2.5235888330386174e-05,0.02360045207599697,-0.00023973132663026615,0.01602611963849512,-0.05709280193528367,0.023840183402627384,-0.6870828054469917,0.05938999915375549
2022-10-17,-0.00013216346025290063,0.0637583370598099,-0.005344497072968692,0.05938999915375549,0.6111906435969936,0.06910283413277865,0.006164184226965893,0.006924356123099035
2022-10-18,6.238043990819578e-05,0.022196440750605555,-0.02154071979970212,0.006924356123099035,0.1195034369569115,0.04373716055030769,0.09549824063057034,-0.06158589567377955
2022-10-19,2.0040826135267642e-05,0.0068167233777499895,-0.06166005193661991,-0.06158589567377955,-0.1454835380615099,0.06847677531436992,0.04917107778872066,-0.03298480749116564
2022-10-20,-9.976779075259042e-05,0.016625236571021697,-0.04199139951021267,-0.03298480749116564,-0.13756833553848943,0.05861663608123444,0.0063894012434181635,0.03088417985282337
2022-10-21,-5.5366776639375753e-05,0.031050002047472776,-0.03710092309742392,0.03088417985282337,0.019959451523210922,0.0681509251448966,-0.036698695807202426,-0.0022019007935562664
2022-10-22,-0.000104688404076193,0.01013173671114391,-0.021046224508461397,-0.0022019007935562664,-0.37777544744161945,0.031177961219605206,-0.4840074027924022,0.03308585775000224
2022-10-23,-2.132480775194113e-05,0.03347571550173691,-0.021354244629422085,0.03308585775000224,0.1356045584905958,0.05482996013115915,-0.26028068302854734,-0.03805165534373466
2022-10-24,6.063168053216947e-06,0.0035493979295760777,-0.04304552344110541,-0.03805165534373466,0.1298806537917854,0.04659492137068142,-0.023535288693077853,0.030462372194302915
2022-10-25,-7.852792215625205e-05,0.05373545476358621,-0.007945064636621058,0.030462372194302915,0.19912325150277216,0.061680519400207245,0.22739946239006556,0.021745988498756825
2022-10-26,-0.00035702588062964816,0.03902736717323917,-0.006116140860186801,0.021745988498756825,0.24909860971658465,0.04514350803342593,0.45138607787601215,0.032732631153057815
2022-10-27,2.391153972575749e-05,0.07148450315627593,-0.00020839619328433365,0.032732631153057815,0.42598990315884877,0.07169289934956023,0.7915462160156299,0.06635377153444995
2022-10-28,-0.0004400163978040968,0.07601325600378728,-0.0024979234585187976,0.06635377153444995,0.4641313363845054,0.07851117946230621,0.9931881332935664,-0.00766900991870715
2022-10-29,-0.000255405731885683,0.016958704147322833,-0.014635851420083536,-0.00766900991870715,-0.6082614817602245,0.03159455556740613,0.03737808828641703,0.034647325472221234
2022-10-30,6.84419245740367e-05,0.04491280945464832,-0.010470696495876628,0.034647325472221234,-0.05403427854069423,0.05538350595052488,-0.1188270652949876,0.02749560002506395
2022-10-31,-0.00010465091179212196,0.03680119859136225,-0.007671616839983074,0.02749560002506395,0.18761208720179406,0.044472815431345306,0.003594288389896636,-0.015265715332071557
2022-11-01,8.395923527724632e-05,0.006157758091186822,-0.03172697274881397,-0.015265715332071557,-0.4610647623426942,0.03788473084000085,-0.5234777916281823,-0.059213942922981405
2022-11-02,-0.00018452067662657983,0.005468880726449103,-0.0764863067454546,-0.059213942922981405,0.18734272758326542,0.0819551874719037,-0.2620568690426512,0.015963362978713824
2022-11-03,4.504717760115288e-05,0.04108560933719825,-0.0014925815194748655,0.015963362978713824,-0.217779187804964,0.042578190856673165,-0.2918424506659536,0.10724696621938
2022-11-04,-6.353712667203839e-07,0.11459445827630502,-0.004270043226533443,0.10724696621938,0.6318774427877776,0.11886450150283852,0.4064797577111357,0.023621193395182875
2022-11-05,6.59538367510122e-06,0.046578461671818235,-0.002391853565597767,0.023621193395182875,-0.2922823110471665,0.04897031523741601,0.03356378019268951,-0.06141674478847324
2022-11-06,-4.583342572151321e-06,-4.583342572151321e-06,-0.062063239137365354,-0.06141674478847324,-0.35811494744222766,0.062058655794793305,-0.2900320735701434,-0.014762039318102818
2022-11-07,-9.589694142212445e-05,0.01978081056861511,-0.038347567894775815,-0.014762039318102818,0.26778622039645406,0.05812837846339083,-0.01470902344766747,-0.16039163014714392
2022-11-08,-8.328556895181929e-05,0.009286481005406667,-0.21845368903556697,-0.16039163014714392,0.6486997495433415,0.2277401700409736,0.627900496656172,-0.21620173301890733
2022-11-09,0.0001542555669426658,0.010954213138173763,-0.25105798393857043,-0.21620173301890733,-0.24673459444853907,0.26201219707674417,0.18062085800823333,0.2150361227360312
2022-11-10,-0.0006207667472275641,0.23958322927193082,-0.014854333934934029,0.2150361227360312,-0.013250652023070273,0.25443756320686484,0.1627882096533999,-0.04091691163051297
2022-11-11,-0.00019280285998777007,0.016239010624876066,-0.07386566451226201,-0.04091691163051297,-0.5507970803420693,0.09010467513713809,-0.44695556164549893,-0.06429841970944006
2022-11-12,8.68287533347675e-05,0.0016549131946695334,-0.06790782584009351,-0.06429841970944006,-0.6319523691395686,0.06956273903476304,-1.0916572533556532,-0.07117334616427692
2022-11-13,0.00015568706373195052,0.013766656175484695,-0.0798365191526851,-0.07117334616427692,0.21394131148474577,0.09360317532816972,-0.7928284179775791,0.01202579878749161
2022-11-14,0.00022975885073221427,0.04653138470909563,-0.05071809412067695,0.01202579878749161,0.21984007805626868,0.09724947882977246,-0.32609199383589577,0.02400815328959985
2022-11-15,8.620052311763678e-05,0.05253355579243978,-0.007731432501102284,0.02400815328959985,-0.35077130546047397,0.060264988293542064,-0.4965478914773955,-0.03739315734175554
2022-11-16,-7.050963459966792e-06,0.0062076656613885405,-0.05377248625939134,-0.03739315734175554,-0.20070380277640634,0.059980151920779795,-0.41771892664713145,-0.024942180648712266
2022-11-17,5.658443673346196e-05,0.001645177655660173,-0.02743956378984353,-0.024942180648712266,-0.19422472355752263,0.029084741445503767,-0.45292352676462516,0.008292478320282003
2022-11-18,9.793788802349403e-05,0.0306246784453994,-0.01167778476271584,0.008292478320282003,0.012984990755274095,0.04230246320811542,-0.39227692434385764,-0.00044483457940866706
2022-11-19,-7.967583485290672e-05,0.004113229575096799,-0.02329140123805787,-0.00044483457940866706,-0.43295687413737066,0.027404630813154647,-0.7303396315958597,-0.06625717396464494
2022-11-20,-5.250248563459988e-06,0.004201277801590765,-0.0675371482398492,-0.06625717396464494,0.29454089154373264,0.07173842604143983,-0.1965941848938476,-0.0352154261513823
2022-11-21,4.1920251470548905e-05,4.4470088416343826e-05,-0.059255485690227754,-0.0352154261513823,0.4045289384546019,0.05929995577864399,0.3268982452397289,0.05450878435671269
2022-11-22,-0.000337937872102321,0.05558013378436324,-0.028929236332868813,0.05450878435671269,0.07862128938973222,0.0845093701172321,0.3832035382219127,0.03891006705794291
2022-11-23,0.0005632165162216989,0.040585867333521396,0.0002660945715803068,0.03891006705794291,-0.13538116804153597,0.04031977276194109,0.16326713026923106,0.024028512819390124
2022-11-24,1.7321379528961944e-05,0.027205973959327875,-0.011337552894211974,0.024028512819390124,-0.17309222675822447,0.03854352685353981,-0.05334257895348267,-0.013304816592927949
2022-11-25,-9.178945234778484e-05,-3.607591387304124e-05,-0.036912439247637534,-0.013304816592927949,-0.32882047121228514,0.03687636333376451,-0.4507660808439987,0.00871235315383419
2022-11-26,-0.00011634640317081826,0.0367184580176129,-0.00011634640317081826,0.00871235315383419,0.15393833981934035,0.03683480442078358,-0.2753620440079319,-0.0175645744928166
2022-11-27,-3.888467062015182e-05,0.018733375537127783,-0.017662935343894005,-0.0175645744928166,-0.32683187459204277,0.03639631088102172,-0.5234068540843028,-0.006600929565201669
2022-11-28,-5.763213754011104e-05,0.0020710143221432022,-0.04539984026344682,-0.006600929565201669,0.4282103407951839,0.04747085458559004,0.06488616068406204,0.032511197815021334
2022-11-29,-3.964171431827425e-06,0.04052648724803376,-0.00029387471604284525,0.032511197815021334,0.07766586433621542,0.040820361964076714,0.20408913136604953,0.029937725493076363
2022-11-30,1.5817270653723355e-05,0.03887844591349747,-0.00012720241426553952,0.029937725493076363,0.15857474777770272,0.039005648327763105,0.3616456090118053,-0.02337914982221646
2022-12-01,6.258238634849038e-05,0.0041028816846373365,-0.03271486369706987,-0.02337914982221646,-0.2613313305094934,0.036817745381707435,-0.005399267563337255,0.009874704907572744
2022-12-02,6.173828992088057e-05,0.00990849350155011,-0.011157865668302439,0.009874704907572744,-0.052178451820184234,0.021066359169852462,-0.07208299427425127,-0.031196302881233384
2022-12-03,6.324910662739706e-05,0.002786895459943135,-0.03282359721339605,-0.031196302881233384,-0.16548996181613415,0.03561049267333918,-0.2911878182554318,0.022290282352980948
2022-12-04,-0.0001263394116619582,0.022317220726900934,-0.0002543099590399158,0.022290282352980948,-0.030457792235326145,0.022571530685940776,-0.27970841411200503,-0.0004897546739218964
2022-12-05,-0.00019276988505417442,0.027672122784874242,-0.008950808897825084,-0.0004897546739218964,0.5147510252891586,0.036622931682699304,0.30070481362896795,-0.008926425247562804
2022-12-06,2.927494738046713e-05,0.010095159631593966,-0.025368005134896284,-0.008926425247562804,-0.10776020717116547,0.03546316476649012,0.19151930100397438,-0.05707176214325056
2022-12-07,-3.4320780964480466e-05,-3.4320780964480466e-05,-0.06463002082997078,-0.05707176214325056,0.25724338924628715,0.06459570004900632,0.4138020954715914,0.022278619845575127
2022-12-08,5.9366694388611925e-05,0.024611905716281218,-0.009028803170208377,0.022278619845575127,-0.43006228978727795,0.03364070888648975,-0.12342428064274573,-0.007308664518786407
2022-12-09,5.776749226750347e-05,0.006475157257230699,-0.017977415659118815,-0.007308664518786407,-0.09833623578981332,0.024452572916349637,-0.25382193569022843,0.019336877664916312
2022-12-10,2.7580131040546934e-05,0.05128805212058377,-0.009705603323577873,0.019336877664916312,0.5814908869105414,0.06099365544416178,0.3081524019498943,-0.04089675491274249
2022-12-11,3.3287222060076146e-05,0.003640726276930167,-0.041649646886619984,-0.04089675491274249,-0.6744971636879773,0.04529037316355021,-0.4150505147501259,0.0075456149433564485
2022-12-12,6.096001327765387e-06,0.01037043459051557,-0.00902927279323819,0.0075456149433564485,0.29424740656690357,0.01939970738375383,-0.061036726552635,0.012497749706334035
2022-12-13,2.3407037068858896e-05,0.024277794299705436,-0.046237505307767705,0.012497749706334035,0.3335690827399722,0.07051529960747333,0.3481407382073819,-0.013133420522892566
2022-12-14,-4.2218058432846555e-05,0.024133135386237962,-0.015768113858492503,-0.013133420522892566,-0.08762546463979831,0.03990124924473039,0.16502768750055813,-0.019176208361282192
2022-12-15,-1.3398379322364666e-05,0.00513599894450343,-0.02136616298699749,-0.019176208361282192,-0.34582430804877695,0.02650216193150092,-0.26242647658170504,-0.09310458917173975
2022-12-16,1.5478603739374656e-05,0.00888606098791582,-0.103954750153178,-0.09310458917173975,0.3053139250039315,0.11284081114109379,0.14249478282917846,0.02407888086194231
2022-12-17,-0.00014713850885068912,0.024400120877164228,-0.010652169605538156,0.02407888086194231,-0.3657966321715222,0.035052290482702336,-0.31012238732519465,0.007559108151972618
2022-12-18,0.00020062453802943982,0.01485882022629265,-0.0033174887241883087,0.007559108151972618,-0.5050623607665069,0.018176308950480852,-0.7893420344981941,-0.025370709226038263
2022-12-19,4.22787060778485e-05,0.0074005254590054385,-0.02985372926193095,-0.025370709226038263,0.5115925653373063,0.03725425472093639,-0.1083584393493236,0.036189663847269175
2022-12-20,0.00012953783808424227,0.04238390053032405,-0.00750447254401801,0.036189663847269175,-0.013166066934341282,0.04988837307434189,-0.029185842799805357,-0.012860786374906504
2022-12-21,-7.641537400157304e-05,0.009028153545746882,-0.020784246970415875,-0.012860786374906504,-0.0724116755507856,0.029812400516162758,-0.08802068769732559,0.01593087194590668
2022-12-22,-1.5523546147423087e-05,0.01669512059022837,-0.01739895409533138,0.01593087194590668,0.03770581572420448,0.0340940746855597,0.05794800929414618,-0.008665415809078562
2022-12-23,-5.580900081794043e-05,0.005904172608000389,-0.010599874097860163,-0.008665415809078562,-0.15827819490221595,0.0165040467058604,-0.09134467114427575,0.006725234139903641
2022-12-24,-3.435438820658669e-05,0.013913962907466831,-0.0017246343123149318,0.006725234139903641,-0.06547916812749233,0.015638597219781808,-0.20375053558607079,0.0054696549748268
2022-12-25,1.3394195423730845e-05,0.014476827572718825,-0.012761645584562257,0.0054696549748268,-0.03464459370209096,0.027238473157280917,-0.18613932686008333,0.01765632392239247
2022-12-26,-7.178916740496168e-05,0.018479184177955563,-0.0009291110364714676,0.01765632392239247,0.08098296844012873,0.019408295214426913,-0.04694630091201763,0.003625984557607393
2022-12-27,-6.89745008605768e-05,0.024172100422817918,-0.003937490737396588,0.003625984557607393,0.22298074329811202,0.02810959116021431,0.20506524435508877,-0.010190695923957258
2022-12-28,-3.7156370207839734e-05,0.0027984882231913903,-0.029402012389574166,-0.010190695923957258,0.10756307475588338,0.03220050061276544,0.30175231747915104,0.024412547127301003
2022-12-29,1.2546859908118795e-05,0.027965353258097382,-0.009132669657027732,0.024412547127301003,0.01277619376561331,0.03709802291512527,0.24466098619690052,0.001896685763096676
