date,open_ret,high_ret,low_ret,close_ret,volume_ret,range_ret,vol_ratio,target_return
2020-01-02,0.0006603623039536874,0.0019313867670197925,-0.0524208302885189,-0.04957369632146438,-0.10091403739358804,0.054352217055538714,-0.10091403739358804,0.04747996998948231
2020-01-03,0.0006383116588507107,0.05501038576936547,-0.0011039186493493908,0.04747996998948231,0.1049706385864758,0.056114304418714796,0.053241204293831765,0.016773065382669126
2020-01-04,0.0005115968934743953,0.018959217899200905,-0.00738005868723375,0.016773065382669126,0.04803494501576761,0.02633927658643456,0.08321228482727513,0.01567799090821782
2020-01-05,-0.00022836124541146237,0.03669999010687625,-0.0003574640361338256,0.01567799090821782,0.10572843656549875,0.03705745414301,0.16747954638173423,0.05827741597793649
2020-01-06,1.5679286149563297e-05,0.061331837431137584,1.5679286149563297e-05,0.05827741597793649,0.10421282300011822,0.06131615814498829,0.23587723571528973,0.0034332498142636172
2020-01-07,0.000561546998295982,0.011794697600281933,-0.02637838488872366,0.0034332498142636172,-0.15798551794786556,0.038173082489005694,0.021164496546742323,-0.027444197404841875
2020-01-08,0.0008666789744152845,0.015402484580513352,-0.0457566728918531,-0.027444197404841875,-0.04429245558783303,0.06115915747236655,-0.06028600914691479,-0.007190099293215188
2020-01-09,-0.0009407984111717493,0.0005582845877059381,-0.02058797841176039,-0.007190099293215188,-0.07890379929810475,0.021146262999466325,-0.14933931979754583,0.035738124008026104
2020-01-10,-0.001373867821917811,0.035862071301074154,-0.022052809167243795,0.035738124008026104,0.1651511877608441,0.05791488046831806,0.028612694364118035,-0.005304822323362014
2020-01-11,-0.00032228408729124747,0.01482459022409035,-0.01653114043853172,-0.005304822323362014,0.0074181292964348505,0.031355730662622136,0.03848040636062811,0.024829490157331924
2020-01-12,-8.48631321982685e-06,0.03457331153643048,-0.005127220394026463,0.024829490157331924,0.13646705233645423,0.03970053193045694,0.19908261642038685,-0.006207119093106554
2020-01-13,1.1576910959135496e-05,0.0021711877583814186,-0.021830742059721672,-0.006207119093106554,-0.08749241185272971,0.024001929818103094,0.07103342186026304,0.08788701125801446
2020-01-14,-0.0007873730758364803,0.09773479762033392,-0.0021610421835729196,0.08788701125801446,0.3459279867545392,0.09989583980390686,0.38881716059191235,0.060033328626944896
2020-01-15,-0.0013394496025260487,0.08473077382359497,-0.014033856754928664,0.060033328626944896,0.24078856784122707,0.09876463057852365,0.5093652332037341,-0.03327899091090329
2020-01-16,-0.0004764425511929167,0.0003387423402198323,-0.0713002322344297,-0.03327899091090329,-0.3799828933080211,0.07163897457464971,-0.017211956570479157,0.06012534160376906
2020-01-17,0.0020972631088969473,0.07254476221509329,0.0007015111695150132,0.06012534160376906,0.28767620506636465,0.07184325104557827,0.22706346821966564,-0.017313387574127984
2020-01-18,-0.0003062079504085032,0.00983727090539223,-0.0325069872413065,-0.017313387574127984,-0.29967368622939683,0.04234425814669886,-0.1531790637518088,-0.025839752645593343
2020-01-19,0.00039660970375560373,0.033859160304064446,-0.05672066627658136,-0.025839752645593343,0.03425819362346195,0.09057982658064574,-0.14883249374952442,-0.0025351410023766703
2020-01-20,0.0013389167969096467,0.010565314922421713,-0.029495283633880372,-0.0025351410023766703,-0.08279746225119274,0.04006059855630224,-0.21001991671349848,0.045272863419589734
2020-01-21,0.00013903466482434405,0.04632143765307031,-0.009048420357286755,0.045272863419589734,0.18832465983701446,0.055369858010357,0.07232118474085979,-0.018332941142272685
2020-01-22,-0.00018951476227814767,0.012392541640661356,-0.02960941737217025,-0.018332941142272685,-0.21936333109245762,0.04200195901283164,-0.17250657027615668,-0.04463473797293225
2020-01-23,0.0007297367947364428,0.0010474108281982603,-0.05847325700294573,-0.04463473797293225,-0.07252761652143602,0.05952066783114417,-0.16423266497979136,0.001526604173903422
2020-01-24,0.0005816250130077041,0.021713182025913436,-0.031735779438129844,0.001526604173903422,-0.03531103859558242,0.05344896146404326,-0.1712673580675558,-0.004191366874046136
2020-01-25,0.00011747230492037594,0.0036071467643505628,-0.026399970848407568,-0.004191366874046136,-0.023838938470065612,0.030007117612758146,-0.1523859940440556,0.026881166501107764
2020-01-26,-0.00016348973194493907,0.03008116294184864,-0.0060457416265183896,0.026881166501107764,0.17697457417184653,0.03612690456836707,0.05540394007661995,0.01438730307746044
2020-01-27,0.0002615905287650159,0.025839734532431616,-0.009150589787630612,0.01438730307746044,-0.08850871858264835,0.034990324320062174,0.007918489230512023,0.023672453897091338
2020-01-28,-0.00044169773970602555,0.023672453897091338,-0.010877068323026477,0.023672453897091338,0.12380668889697187,0.03454952222011805,0.14066704167835764,-0.011233533215204365
2020-01-29,-0.0027025557446238675,0.01742902931771459,-0.012854936904330127,-0.011233533215204365,-0.15011714539469165,0.030283966222044767,-0.04161126680449933,0.03713151213009004
2020-01-30,0.00041316268098901676,0.043182282894493405,-0.010222703835079816,0.03713151213009004,0.1773349313769545,0.053404986729573105,0.12853763945812216,-0.020621086953632007
2020-01-31,-5.745534386013261e-06,0.013387534289704413,-0.040387101242241416,-0.020621086953632007,-0.07714127903781748,0.05377463553194585,0.004096232632065015,0.00040304836628565
2020-02-01,-0.00044910488558489884,0.019530691064365405,-0.00793753520133876,0.00040304836628565,-0.027195166227039703,0.027468226265704134,-0.020135853487990508,0.012538262195894387
2020-02-02,-0.0008653560272197948,0.02979251594188147,-0.01778976007866274,0.012538262195894387,0.07178403931096614,0.04758227602054417,0.042746801075072366,0.0007894806740555792
2020-02-03,0.00013522432371213,0.018234820942567356,-0.012032090204888123,0.0007894806740555792,-0.11774888931845087,0.030266911147455337,-0.07388496869426753,-0.015578262664410342
2020-02-04,0.00018252841572369895,0.007169017086722434,-0.03068427045101934,-0.015578262664410342,-0.06444996505024737,0.03785328753774179,-0.14327708409841244,0.05551660491935486
2020-02-05,0.0009863787723065557,0.06546465566317268,-0.00037362011560336213,0.05551660491935486,0.34493039680806176,0.06583827577877605,0.24405498653270669,0.06936726214631789
2020-02-06,0.0007287238566353742,0.07890768314985115,-0.007204510553544677,0.06936726214631789,0.26941269518413835,0.08611219370339596,0.4667755472370902,0.06880728026877544
2020-02-07,-0.0005914963747257063,0.087556105637899,-0.0062154172215856075,0.06880728026877544,0.20710202851065918,0.09377152285948445,0.5549726040773733,-0.012765169288286544
2020-02-08,-0.00019384643964288854,0.004659922549166812,-0.05039841936774139,-0.012765169288286544,-0.25547029775329866,0.05505834191690807,0.14717381373912908,0.10972542026837712
2020-02-09,-0.0011556323330226704,0.10972542026837712,-0.001535907399141486,0.10972542026837712,0.33108192279270665,0.11126132766751856,0.39080789373952146,0.036741914986804014
2020-02-10,0.0014023461267255698,0.06005738267801858,-0.03176834236685928,0.036741914986804014,0.3323905712472349,0.0918257250448779,0.5618584624866534,0.01648183772382935
2020-02-11,0.0017151810613781336,0.019026326669974582,-0.041392764624513655,0.01648183772382935,-0.25248423655447216,0.060419091294488275,0.12211356657744422,0.031837343187494545
2020-02-12,0.0007645099406514439,0.047350632147959475,-0.008545203526233076,0.031837343187494545,-0.14161150286002538,0.055895835674192505,-0.08596949069021075,-0.03956304397384045
2020-02-13,-0.00012331220044984394,0.024287967346969263,-0.06685485050831678,-0.03956304397384045,-0.05926577140436586,0.0911428178552861,-0.14776656654412818,0.03312664408110115
2020-02-14,-0.000222172943016417,0.03968626891334068,-0.011270098533479045,0.03312664408110115,0.016112036659958064,0.05095636744681963,-0.163826182997123,-0.08518339120952388
2020-02-15,0.00013359345153773742,0.0053608159989451875,-0.10371122871998434,-0.08518339120952388,-0.03600363321829841,0.10907204471892946,-0.18088182050980345,-0.028700781640001373
2020-02-16,0.0032411514201895085,0.04306195812390607,-0.08791747695727667,-0.028700781640001373,0.035348576125864145,0.1309794350811829,-0.03904624478186621,0.003615213814023571
2020-02-17,-0.001898144572986042,0.003615213814023571,-0.07869984095556065,0.003615213814023571,-0.11798280905583187,0.08231505476958419,-0.11705609796392023,0.02129063499800913
2020-02-18,-0.0012655699409176292,0.031238050515897786,-0.028122829863079256,0.02129063499800913,-0.06433513885990859,0.05936088037897699,-0.14964957135276902,-0.07438667646896834
2020-02-19,0.0006892664483358419,0.01131395929115606,-0.07970139654550114,-0.07438667646896834,-0.27508650240531224,0.09101535583665711,-0.39296658131582723,-0.004683947946869631
2020-02-20,0.0007380364272745643,0.014749528050447627,-0.046410600057557254,-0.004683947946869631,0.18443290765307552,0.06116012810800471,-0.12684478574536714,-0.0019934953912930896
2020-02-21,-0.0015983456111062556,0.023384785699905042,-0.016105175742414726,-0.0019934953912930896,0.09950598422836697,0.039489961442319706,0.021069540259986058,-0.009802111185775883
2020-02-22,0.0003548425427762832,0.006013470923812415,-0.023307074947851707,-0.009802111185775883,-0.18643973267078298,0.02932054587166403,-0.12591121689293444,0.038417249737982995
2020-02-23,0.0004327143011279426,0.04455483013588878,0.0004327143011279426,0.038417249737982995,0.28915134269158865,0.044122115834760896,0.2127067527533688,-0.034979801905100166
2020-02-24,-0.00017313026666966285,0.018084853814834736,-0.05500467206059733,-0.034979801905100166,-0.2050548808211285,0.07308952587543205,-0.018130345295722754,-0.08033536785559364
2020-02-25,0.004545752943561464,0.004545752943561464,-0.08729887503514641,-0.08033536785559364,-0.004137796710500367,0.09184462797870784,-0.05436311903874168,-0.07890016086210282
2020-02-26,0.0008522137100615648,0.008680106245919786,-0.11471938700054994,-0.07890016086210282,0.22022946652106448,0.12339949324646969,0.16719304937521356,0.017058548760448298
2020-02-27,-0.0005730039201423248,0.04248672163666074,-0.05325595413184094,0.017058548760448298,-0.0890400012137567,0.09574267576850155,0.053053918726523375,-0.014099707152517299
2020-02-28,-0.0025986951444898804,0.030739725178503322,-0.05522474179222174,-0.014099707152517299,0.127761248752456,0.08596446697072523,0.14145654901345772,0.037948054594200725
2020-02-29,0.004910252053313255,0.06806268070953128,0.0011109248580000544,0.037948054594200725,0.23593482644261424,0.06695175585153121,0.36627022173059864,-0.032215613928425535
2020-03-01,-0.00048396430831188257,0.023736794757691956,-0.05673951794873068,-0.032215613928425535,-0.42770526863787167,0.08047631270642264,-0.1674849551298253,0.04389004132582183
2020-03-02,0.003927725240587573,0.055925492707102634,-0.009613161364349452,0.04389004132582183,0.11829678756509128,0.06553865407145197,-0.0601189653792716,-0.008966779426418211
2020-03-03,-0.0013350871899209045,0.02715990274918284,-0.02400654787289372,-0.008966779426418211,-0.18688507943188393,0.051166450622076726,-0.2403217747439746,0.016264401340774393
2020-03-04,0.0013382273268599785,0.029689843859145408,-0.0022803798455541583,0.016264401340774393,0.022890885647870122,0.03197022370469975,-0.19487841688371554,0.041360993375198864
2020-03-05,0.000164353879881115,0.07283565713668493,-0.00017317412443423446,0.041360993375198864,0.15475149134353416,0.0730088312611191,0.00499067102828572,0.023111211206837262
2020-03-06,0.0012008826853140424,0.04233868467276577,-0.000874008941210906,0.023111211206837262,0.05580001025991146,0.04321269361397646,0.13921699274897142,-0.05349124187836398
2020-03-07,-0.00029391716246031136,0.006511002353650712,-0.06977812144880767,-0.05349124187836398,-0.286736070319841,0.07628912380245828,-0.18185958286668844,-0.17298393759269076
2020-03-08,0.001608927379933375,0.005277213803064279,-0.17405290749563657,-0.17298393759269076,0.08020196132001305,0.17933012129870085,-0.055334086140739994,-0.024047932568571052
2020-03-09,0.0002448207750575033,0.028107327495275763,-0.07693217860513539,-0.024047932568571052,0.1337520207859051,0.10503950610041117,0.07340645492040151,0.018233300286292862
2020-03-10,0.0006478221608443764,0.05122616959728284,-0.007997277416146349,0.018233300286292862,-0.14770568804358103,0.05922344701342923,-0.10162316267367037,-0.021007683745872672
2020-03-11,0.0004996658828551937,0.013153163233428461,-0.08052646714388399,-0.021007683745872672,-0.22264781618216506,0.09367963037731254,-0.2913911668144686,-0.543083897481135
2020-03-12,8.898730205552596e-05,0.0020222453807678706,-0.5515132018134509,-0.543083897481135,0.4329786561467798,0.5535354471942188,0.22859292009628981,0.12082190649587292
2020-03-13,-0.00828896164449312,0.16736130936837149,-0.3211138798851828,0.12082190649587292,0.4265042392858233,0.4884751892535541,0.5961335157818571,-0.06607009502103835
2020-03-14,0.0001795726598058753,0.04102940861796194,-0.08334785814679108,-0.06607009502103835,-0.8135343248020707,0.124377266764753,-0.3729471799289544,0.02873085624234716
2020-03-15,-0.0007680910315188808,0.09709196222688693,-0.0122479942162556,0.02873085624234716,0.1072956224532782,0.10933995644314247,-0.21142438775018643,-0.10603852278576928
2020-03-16,-0.0009729707467472438,-0.0009729707467472438,-0.18462186075090248,-0.10603852278576928,-0.06515065978358958,0.18364889000415527,-0.2648722847056334,0.07104841101915643
2020-03-17,-0.0022003491473879836,0.10717650683944088,-0.0022003491473879836,0.07104841101915643,-0.08737282846982766,0.10937685598682878,-0.3651026458785034,0.004155385439130365
2020-03-18,-0.004076271115591426,0.015643814510420535,-0.03195759330074097,0.004155385439130365,-0.0870186332743735,0.047601407811161525,-0.37408705171977563,0.19351425763574656
2020-03-19,-7.294800516354467e-05,0.21939282780395822,-7.294800516354467e-05,0.19351425763574656,0.4321327751030777,0.2194657758091219,0.302246327977021,-0.03343427391707932
2020-03-20,6.399230603410346e-05,0.10384220037681495,-0.13407979972963135,-0.03343427391707932,0.06275728569316119,0.2379220001064463,0.29724560520648796,0.015219247467186033
2020-03-21,0.002114404143831545,0.03614058303978686,-0.04543031292996225,0.015219247467186033,-0.11659237937586446,0.08157089596974901,0.1217509110483806,-0.07755044012051636
2020-03-22,0.001884614029322961,0.027359000548479766,-0.07929517189535694,-0.07755044012051636,-0.22401657389690025,0.10665417244383672,-0.14308967450036691,0.08249126590528785
2020-03-23,0.0,0.08316298800471103,-0.021053041866232466,0.08249126590528785,0.15109289197159048,0.10421602987094357,-0.003209187254697677,0.023126459038009577
2020-03-24,-0.00010869176407714447,0.036756856491837346,-0.022263426235445204,0.023126459038009577,-0.07365662739112161,0.05902028272728249,-0.12799782628175319,-0.006221972850161144
2020-03-25,0.00020738224740037068,0.01831910183045008,-0.02297929929938942,-0.006221972850161144,-0.14364386403490131,0.04129840112983944,-0.23180901935407433,0.06997722276456425
2020-03-26,0.00012442190835143183,0.06997722276456425,-0.0051397182464759435,0.06997722276456425,0.03510955496453562,0.07511694101104022,-0.11371829360851884,-0.053962634703098776
2020-03-27,0.00029621137502326483,0.004700232017623032,-0.05522169073906442,-0.053962634703098776,-0.12624804676910767,0.05992192275668735,-0.18669810117816793,-0.026716185048437476
2020-03-28,0.0008434112463712661,0.000848813483848508,-0.05821188998490765,-0.026716185048437476,-0.029507797413194446,0.059060703468756005,-0.1875223520093699,-0.06364857921223559
2020-03-29,-0.0003959985579259965,0.007155339354409396,-0.06831796569003774,-0.06364857921223559,-0.15701403098724176,0.07547330504444719,-0.27554703824855037,0.07130630772057565
2020-03-30,-0.0016473523441379488,0.07856469420630388,-0.008519146240801124,0.07130630772057565,0.33397404814605364,0.08708384044710493,0.1413214485206701,0.023706859550919043
2020-03-31,-0.00034413767865066686,0.03622971941330188,-0.004504494950637494,0.023706859550919043,0.19803533717637017,0.04073421436393922,0.32682180605270733,0.012636559343848027
2020-04-01,0.0,0.012636559343848027,-0.04252056217039248,0.012636559343848027,-0.11460803904751757,0.05515712151424051,0.15905755186218914,0.025189878315836293
2020-04-02,-0.0012987697143341504,0.06121211922707434,-0.01061620603273488,0.025189878315836293,0.18213402057600347,0.07182832525980917,0.2939819247855134,0.023175993550188928
2020-04-03,-0.001410123534181346,0.03745680155412846,-0.004909353812462239,0.023175993550188928,0.01946331882052124,0.04236615536659062,0.22181571721934293,0.03320605676675598
2020-04-04,0.0,0.04657661092085121,-0.011299376970512092,0.03320605676675598,0.024829777812383554,0.05787598789136343,0.13758836844693312,-0.006561459731359392
2020-04-05,-0.0006208437456680585,0.010279715200808946,-0.02593880925327387,-0.006561459731359392,-0.04338658964694541,0.03621852445408277,0.0348489474771716,0.09378621090292441
2020-04-06,-0.00022451938587952978,0.09594474593848297,-0.0029474143581037613,0.09378621090292441,0.20925402718487385,0.09889216029658686,0.23049810960109424,-0.02707772783731562
2020-04-07,-0.0009030287748890966,0.024003799425554598,-0.04831761516942434,-0.02707772783731562,-0.08261366947093132,0.07232141459497897,0.06932971527795867,0.025190223621230412
2020-04-08,0.000901526230916237,0.03879454464883107,-0.00816198061179577,0.025190223621230412,-0.04017128422590767,0.04695652526062672,0.0038134499074711143,0.00043347854540450075
2020-04-09,0.0007401247367884073,0.008516129506308189,-0.01956892450236764,0.00043347854540450075,0.022356767567008686,0.028085054008675756,0.013074657418474146,-0.09206946503246499
2020-04-10,-0.0001577277132223184,0.0030119935349581938,-0.1026844032282265,-0.09206946503246499,-0.1204797894009496,0.10569639676318453,-0.12015899345695676,0.004833614577014773
2020-04-11,0.0,0.023709398014480933,-0.009120084826569556,0.004833614577014773,-0.0791776430629346,0.032829482841050354,-0.1972554854102992,0.0405190203412438
2020-04-12,0.0005647515555847337,0.06593777261176864,-0.005429972257628178,0.0405190203412438,0.1296676831988647,0.07136774486939675,-0.008406156158460595,0.04484440157317616
2020-04-13,0.002008080247459061,0.045772308536359795,-0.046393992634874696,0.04484440157317616,0.10258920114622895,0.09216630117123445,0.11255195864578248,0.03211383353598657
2020-04-14,-0.0014886042969503817,0.05700464114651669,-0.013255782853212252,0.03211383353598657,0.11453841625414228,0.0702604239997289,0.21519268932476374,-0.061851007952011365
2020-04-15,0.0011331343011964344,0.020099278107492454,-0.06535374076607152,-0.061851007952011365,-0.1911977752765061,0.08545301887356403,-0.009377353188840228,0.07322908442888684
2020-04-16,-0.0008693012962578959,0.07322908442888684,-0.024782099972564125,0.07322908442888684,0.11771202454864124,0.0980111844014508,0.09386266358254786,0.0020581876437166754
2020-04-17,-0.00011066169570881322,0.015096962507799199,-0.02258322903401091,0.0020581876437166754,-0.18877909221959174,0.037680191541810064,-0.146118262469452,0.05309850824453961
2020-04-18,0.0007139515666857044,0.060548045829335644,-0.0002915070982979608,0.05309850824453961,0.19074164842972693,0.06083955292763363,0.05263432050344813,-0.027694800982141134
2020-04-19,0.0008563391938831796,0.006860179049788832,-0.03023857589479528,-0.027694800982141134,-0.1744570262262229,0.037098754944584075,-0.13065927227685142,-0.0675688720235676
2020-04-20,3.0725222798604816e-05,0.019343668727913117,-0.07234528084565482,-0.0675688720235676,-0.010193985827486422,0.09168894957356802,-0.09067158959240224,0.007947502052446192
2020-04-21,-0.0014304527242314524,0.026481306257658384,-0.013466768387350695,0.007947502052446192,-0.021547201512208295,0.039948074645009185,-0.09988007158553834,0.03154983335778723
2020-04-22,-0.00030535741921451203,0.04123414187699416,-0.012430423270849162,0.03154983335778723,0.013870622580135956,0.05366456514784313,-0.04413499606465753,0.019751720944843603
2020-04-23,0.0006047830533552859,0.028456479104749962,-0.010674700039488016,0.019751720944843603,0.12148205060636863,0.039131179144237915,0.07765083529540708,0.000637676454008256
2020-04-24,-0.0008578651772820717,0.019216890889226946,-0.007344229270576213,0.000637676454008256,-0.17480464120301245,0.026561120159803043,-0.08115787878427187,0.017883096442885753
2020-04-25,-0.00021235482343501402,0.025113058457353697,-0.0036236491582002667,0.017883096442885753,-0.035039780665906475,0.028736707615554087,-0.10249690086090389,0.004793647473649312
2020-04-26,-0.00013418089980181606,0.010858471528542574,-0.006529367397779247,0.004793647473649312,0.09905815985387081,0.01738783892632171,0.014925231311849465,0.004837396946503129
2020-04-27,0.0027595784688892516,0.01696622243259311,-0.010692936996007471,0.004837396946503129,-0.025923368181495588,0.027659159428600574,-0.01591244614073788,-0.0011504082180317642
2020-04-28,-0.0009350407073887676,0.006284240346496424,-0.011299700072912058,-0.0011504082180317642,-0.07668878249004117,0.0175839404194085,-0.08957628210078711,0.06186698755479112
2020-04-29,0.00017976606568448927,0.064860830317897,-0.004332729271173958,0.06186698755479112,0.2490402479956155,0.06919355958907102,0.20393762412633595,-0.026635155509528944
2020-04-30,-0.0026321777617711274,0.035696922880267296,-0.04164243751548283,-0.026635155509528944,0.07254837639971445,0.07733936039575014,0.23099472311216493,0.03069796741142769
2020-05-01,0.0007362885347828934,0.04918290499289612,-0.00043712689723607724,0.03069796741142769,-0.09377122676082134,0.049620031890132324,0.07083442354547649,0.001132908851585937
2020-05-02,-0.0007504078549237507,0.0036236343797017255,-0.0090673677106642,0.001132908851585937,-0.1406234147304409,0.012691002090365876,-0.0947396464186052,-0.026425560916682064
2020-05-03,-0.00017703073937697176,0.012093007610275878,-0.03218365403885028,-0.026425560916682064,-0.033151867576138305,0.04427666164912615,-0.1297908323128474,-0.0014925746859739107
2020-05-04,0.0005517953473665237,0.01328539519054621,-0.03956042577936295,-0.0014925746859739107,0.02446772234599539,0.05284582096990927,-0.11452153980672225,-0.010639598260772907
2020-05-05,-0.0007221211841627279,0.012883152280449055,-0.022092132008391135,-0.010639598260772907,-0.08426467559669248,0.034975284288840044,-0.16506099244723865,-0.015649784824766547
2020-05-06,-0.0007670765109194727,0.013962971002223276,-0.015649784824766547,-0.015649784824766547,0.01583489522931332,0.029612755826989794,-0.08130041834115113,0.02115617396813294
2020-05-07,5.484735861243438e-05,0.037193254667240626,-0.01851599567823078,0.02115617396813294,0.12909917872755985,0.05570925034547155,0.09368896985024354,0.013328433937866787
2020-05-08,0.0003533080972999745,0.024861977219797177,-0.005961917877459855,0.013328433937866787,-0.08245737230999824,0.030823895097257054,0.0001665255642026059,-0.017878662397741423
2020-05-09,-0.0012489682803516074,0.01400818094159965,-0.02059810492939377,-0.017878662397741423,-0.04526052176590076,0.03460628587099348,-0.045629174320712534,-0.10186952703246478
2020-05-10,6.779567871586186e-05,6.779567871586186e-05,-0.14022657906502312,-0.10186952703246478,0.1775199632468157,0.1402943747437389,0.14523020053836427,-0.013037564438941747
2020-05-11,0.0028931207703030977,0.012613990239936656,-0.06840306070153516,-0.013037564438941747,-0.0749787685152387,0.08101705094147174,0.030145299570736837,0.0417400513248414
2020-05-12,0.001557192605630272,0.06808056506450855,-0.00698063013371216,0.0417400513248414,-0.025406553004140457,0.07506119519822065,-0.015402181486736628,0.02495895826284701
2020-05-13,9.626519232268935e-05,0.03168468425314018,-0.0010837285878916273,0.02495895826284701,-0.09287544562721865,0.03276841284103173,-0.0980067778881205,0.013473683515618331
2020-05-14,-0.0001873383510425309,0.024501252357263345,-0.013545152042651479,0.013473683515618331,0.07683873480091341,0.03804640439991486,-0.009696875587514791,-0.03758680660907985
2020-05-15,-0.0006157303489307037,0.005900332571643873,-0.044097191707935246,-0.03758680660907985,-0.13004463307447958,0.049997524279579215,-0.15141252577785996,0.018701778040212273
2020-05-16,-3.069117897340383e-05,0.029856858679227334,-0.006668935772976046,0.018701778040212273,-0.0028672551584655475,0.0365257944522032,-0.10504219751519164,0.016243427212195197
2020-05-17,-0.001166231636804591,0.026353052320125813,-0.0014490476172808026,0.016243427212195197,-0.030582964888569753,0.027802099937406528,-0.1007262085512388,0.019521721386294506
2020-05-18,0.00022011769430077012,0.031644303010019234,-0.0022095871607155197,0.019521721386294506,0.0237945819127455,0.03385389017073473,-0.04072124447043015,0.03068509760506101
2020-05-19,0.00017173103202449956,0.03068509760506101,-0.016245890880296755,0.03068509760506101,0.040816619487648836,0.04693098848535761,0.01263172413379206,-0.01566522901689374
2020-05-20,-0.0007004911398696115,0.009784877646519726,-0.02950409716959246,-0.01566522901689374,-0.14050139242746557,0.03928897481611233,-0.10659310045406482,-0.046396363760081195
2020-05-21,-4.630683769848223e-05,0.008812907320874924,-0.0671620300973887,-0.046396363760081195,-0.07467680590459562,0.07597493741826346,-0.16027918846596392,0.03157653950332195
2020-05-22,0.00024840838371168665,0.0440301654220121,-0.008823506099687737,0.03157653950332195,0.08261500404839427,0.052853671521699924,-0.04324163271240264,-0.0030937523420338443
2020-05-23,-0.00048705459631701324,0.011467433829431158,-0.017033524734455543,-0.0030937523420338443,-0.0915463471541495,0.028500958563886822,-0.12122882132283665,-0.030901129927543416
2020-05-24,-0.0005096163892785773,0.012271994004572488,-0.031023167354996408,-0.030901129927543416,-0.11375808442064118,0.04329516135956881,-0.19869643910684553,0.019546568504590387
2020-05-25,-0.0005507689463082854,0.020683871144359066,-0.007777110535123611,0.019546568504590387,0.16297432099297293,0.028460981679482866,0.03245439752559385,-0.011551202391078607
2020-05-26,0.00045042657576016277,0.005200438203024839,-0.021700599085004133,-0.011551202391078607,-0.10889706039614301,0.026901037288028923,-0.06918753487699891,0.01716781413545232
2020-05-27,7.646990000640724e-06,0.021013896366841745,-0.0020171992181445657,0.01716781413545232,0.09021844013253086,0.02303109558498616,0.03437415830153838,0.03374454497110846
2020-05-28,0.00028536856155969006,0.0373010457499764,-0.0014115050342133361,0.03374454497110846,0.05845504464786129,0.03871255078418976,0.10593636890058292,-0.0010386645308779693
2020-05-29,0.0010223967672361978,0.009949658905683004,-0.01995902804417139,-0.0010386645308779693,-0.015815206066673103,0.029908686949854445,0.0713655411875646,0.040355453735219454
2020-05-30,-0.0002577916649064932,0.041157483092898836,-0.004603335324349538,0.040355453735219454,0.09030441755961433,0.04576081841724856,0.1257015431795402,-0.040423393243563976
2020-05-31,-5.331949894265279e-05,0.02036595695471811,-0.0476663917564454,-0.040423393243563976,-0.0765035279174062,0.06803234871116366,0.02500462242641571,0.05004387904575548
2020-06-01,0.0017038089302666287,0.0548828913548121,-0.0016596268445547833,0.05004387904575548,0.11343896477847254,0.05654251819936687,0.11085455659375237,-0.0384432320495337
2020-06-02,0.00021823336663993163,0.01338500524172388,-0.05809377473442415,-0.0384432320495337,-0.18332877132334519,0.07147877997614786,-0.10678855123115435,0.017600190678470268
2020-06-03,-0.00027165696808112324,0.022009380232321695,-0.007862336579846545,0.017600190678470268,-0.025926160932473515,0.029871716812168134,-0.11922385152152823,0.0011659881782231489
2020-06-04,0.00010348589867127623,0.00586816140098838,-0.02360099269929183,0.0011659881782231489,-0.10207250704440904,0.02946915410028022,-0.20600689204961398,0.00697280600374191
2020-06-05,0.00016220927768404166,0.018621622200930294,-0.004455827849694334,0.00697280600374191,0.051625084452419936,0.023077450050624497,-0.10162425658506363,-0.008678681569026918
2020-06-06,0.0,0.012315993446453628,-0.008957275237397231,-0.008678681569026918,-0.06827455909522745,0.021273268683851036,-0.14102978057219004,-0.00508246187290423
2020-06-07,9.658132568415914e-05,0.006272083403892635,-0.03311887842203954,-0.00508246187290423,-0.07483560708955152,0.039390961825932054,-0.14606502567565097,-0.003100149924438137
2020-06-08,-4.132465414151911e-05,0.006317412329927885,-0.009123546260741943,-0.003100149924438137,-0.12857458339900116,0.015440958590669646,-0.23129786914225295,0.0024317491675059383
2020-06-09,0.00044085236189284993,0.004939880106616456,-0.008248018873702792,0.0024317491675059383,0.005942190080820996,0.013187898980319314,-0.16314309791158207,-0.0014297244282909245
2020-06-10,6.191583342977255e-05,0.0035810903090753,-0.009852052740599242,-0.0014297244282909245,0.0746021968365601,0.013433143049674549,-0.04712991902786739,-0.06535904305212958
2020-06-11,0.00019969305611573053,0.006527983655594448,-0.07150967153768246,-0.06535904305212958,-0.020838604932473682,0.07803765519327682,-0.026952194257134684,0.02184655495122027
2020-06-12,-0.0010103839891308654,0.028235331250987473,-0.009347488755205798,0.02184655495122027,0.030293151672379223,0.03758282000619322,0.03388947786208667,0.009231546902207483
2020-06-13,0.00038736442014816145,0.01045816486643586,-0.0076218015564041225,0.009231546902207483,-0.01418289283968646,0.018079966422839926,0.02787687989740266,-0.010005581060853946
2020-06-14,0.0004386553097699822,0.0026768797197909235,-0.01633394433462801,-0.010005581060853946,-0.0952452644797281,0.019010824054419083,-0.08227222837079676,-0.01643087372396145
2020-06-15,0.0,0.0012080643762049754,-0.06387368389097749,-0.01643087372396145,0.03924741146930015,0.06508174826718258,-0.03828026580613416,0.0022650922261605215
2020-06-16,0.00011058302876058653,0.01453653183021895,-0.00917617016605754,0.0022650922261605215,-0.04165769230494772,0.02371270199627666,-0.06781343716873889,-0.001182952033505248
2020-06-17,3.3682354146425606e-06,0.011131639362961972,-0.01920675163088229,-0.001182952033505248,-0.03550018486812806,0.030338390993844347,-0.0873078552141039,-0.011895008690631497
2020-06-18,0.0,0.008014399665676918,-0.026069175689911545,-0.011895008690631497,-0.0774948893779272,0.034083575355588425,-0.13527623969819508,-0.018776627358260085
2020-06-19,-3.730372665248211e-05,0.005180387845304502,-0.01949050024478045,-0.018776627358260085,-0.09345238412362328,0.024670888090084803,-0.18690338151838595,0.00879210304453389
2020-06-20,0.0,0.014230874417315383,-0.0061404140336357065,0.00879210304453389,-0.012198110907149217,0.020371288450951052,-0.1598047407739045,-0.0028914259050155547
2020-06-21,-0.0005737635885302855,0.012671084481707335,-0.004163026874579001,-0.0028914259050155547,-0.04653745717590122,0.016834111356286187,-0.1543303692721906,0.029196214131654682
2020-06-22,-0.00016915932327250615,0.029196214131654682,-0.00016915932327250615,0.029196214131654682,0.18308027461517526,0.029365373454927075,0.0822016174203338,-0.0032051370812421756
2020-06-23,-0.00040134029204324937,0.0013618042056641145,-0.012976237514354663,-0.0032051370812421756,-0.09194499478249839,0.014338041720018738,0.0006691836419111105,-0.0243967354450472
2020-06-24,0.0007364170261810831,0.014319260596623922,-0.025656776506822722,-0.0243967354450472,0.013638043065619936,0.03997603710344675,0.026986681031729697,-0.006513354018801555
2020-06-25,-0.0002548334303592559,0.0011460069221304148,-0.025030280869967905,-0.006513354018801555,-0.16219669571204506,0.026176287792098307,-0.14441251516522907,-0.010955282715712994
2020-06-26,-0.0003765044835479884,0.005510904369146992,-0.017815031534295173,-0.010955282715712994,-0.04614242896119371,0.023325935903441963,-0.1714078156311705,-0.03646624396837898
2020-06-27,0.000110807195412007,0.00970781191826778,-0.04369173051641151,-0.03646624396837898,0.1096914936743101,0.05339954243467921,-0.043159166565563366,0.01534629302074668
2020-06-28,0.0,0.02123289747706804,-0.01089885324839596,0.01534629302074668,0.047292040768688814,0.0321317507254638,0.04191781630860565,0.005506381353700787
2020-06-29,-0.0005110422443612845,0.011463600381835798,-0.012089569059928628,0.005506381353700787,0.04971155485175426,0.023553169441764443,0.0996783495098546,-0.005928447220489245
2020-06-30,-0.0006796329603872951,0.005167022512270149,-0.012253135134211581,-0.005928447220489245,-0.10261673542655747,0.017420157646481617,-0.00257474987752647,0.026623711034218837
2020-07-01,-0.0002676955531680632,0.029701016806061208,-0.0040266424107547666,0.026623711034218837,0.05303020882606079,0.03372765921681594,0.039289067601870536,-0.01855257933336109
2020-07-02,-0.0005493606980318866,0.008004141601306533,-0.037228169033923064,-0.01855257933336109,-0.051333253768802524,0.045232310635229755,-0.04183880719600736,-0.01599288134611926
2020-07-03,-0.00027782168581234895,0.003117403125311483,-0.017188373215441498,-0.01599288134611926,-0.09129553150428614,0.02030577634075283,-0.1323814393015005,0.01692503936295029
2020-07-04,-0.0003206668900744852,0.020249308667962963,-0.001985345135418248,0.01692503936295029,0.05424249910586648,0.022234653803381296,-0.050938965379838455,-0.00468890933766228
2020-07-05,9.197663020197787e-07,0.005192741919344632,-0.019998836465467244,-0.00468890933766228,-0.05494518408319876,0.025191578384811664,-0.07736184185320666,0.051403495235499
2020-07-06,0.0,0.053666913107915076,-0.002032226720147127,0.051403495235499,0.21801644737056608,0.05569913982806234,0.1583031504642747,0.02863808931317884
2020-07-07,-0.0012774709782859051,0.03411845500723765,-0.016905988950824943,0.02863808931317884,0.13078293141876793,0.05102444395806247,0.2723651391370815,0.02691105214880033
2020-07-08,0.00023028529151337965,0.0374231782471971,-0.006341984935465601,0.02691105214880033,0.07876765135139709,0.04376516318266257,0.2933582235166197,-0.020098202964496277
2020-07-09,0.0006499033453288164,0.012472034050729943,-0.03877412925713629,-0.020098202964496277,-0.16707681049137477,0.05124616330786629,0.03719036065833707,0.022046315751743126
2020-07-10,-0.0003990614200793561,0.02396185617648915,-0.02851186734175954,0.022046315751743126,-0.03098821761082753,0.052473723518248555,-0.03164002679606553,0.020694092133995676
2020-07-11,0.0010454355644804315,0.023099656922060393,-0.010829302322930839,0.020694092133995676,0.06940568506746381,0.033928959244991355,-0.0012018989889953226,0.034269297772005824
2020-07-12,0.0003505139491252995,0.05301090420138718,-0.0005059133123210058,0.034269297772005824,0.181980613159426,0.053516817513708105,0.1653754230321281,0.009442682668989523
2020-07-13,0.0,0.03524303500483288,-0.02579387796636675,0.009442682668989523,0.155447093622522,0.06103691297119944,0.2920427988547397,-0.01790304377298754
2020-07-14,-0.0009298852617886943,0.01641941707622452,-0.02619158363311919,-0.01790304377298754,-0.2520035673951565,0.042611000709343774,-0.009192796265196194,-0.027567580298920254
2020-07-15,-0.0006009831150168404,0.002774858360941622,-0.03586725684846896,-0.027567580298920254,-0.18435856447402568,0.03864211520941075,-0.21637185213069776,-0.025760554558730272
2020-07-16,2.4720868328334245e-05,0.006011368094212318,-0.04996348703169888,-0.025760554558730272,0.12247368014843835,0.05597485512591114,-0.08905885473501289,-0.0034397020656069563
2020-07-17,2.0359568900678112e-05,0.019208736519694253,-0.007099104404783724,-0.0034397020656069563,-0.21958504402218015,0.026307840924478,-0.3128912761476016,0.002439904568751907
2020-07-18,0.00011341874357356691,0.010568523365304382,-0.013215684542530292,0.002439904568751907,-0.02704663203729382,0.023784207907834715,-0.27037905931367695,0.0472726788354267
2020-07-19,9.354775518283074e-06,0.05247877694099639,-0.01274067343773744,0.0472726788354267,0.3562561268802207,0.06521945037873389,0.2077116148810528,-0.02658524877800955
2020-07-20,0.0003040753178583455,0.01719892247935501,-0.03524605576603944,-0.02658524877800955,-0.04898553699798262,0.05244497824539464,0.14731541042323595,0.013108072436759932
2020-07-21,-0.0009986414941105385,0.026180025364108617,-0.004432729021014559,0.013108072436759932,-0.07824751979204182,0.030612754385123103,0.031024135336155754,0.021029951174742212
2020-07-22,-0.0005626058534478292,0.021029951174742212,-0.011466248478590223,0.021029951174742212,0.021358975630715895,0.032496199653332385,0.056054706946992224,0.0316297416097137
2020-07-23,-0.00025252598608110455,0.03233223943691678,-0.0010064765744759651,0.0316297416097137,0.13754365555889428,0.033338716011392815,0.15213143695484,0.02535969599875769
2020-07-24,0.00017761110456168517,0.044515715439301135,-0.021588884609026967,0.02535969599875769,0.11889484227865572,0.06610460004832804,0.19882281829719062,0.032036268836414625
2020-07-25,0.0002552047265061695,0.04216835827021408,-0.000544780734750789,0.032036268836414625,0.035836581834439336,0.04271313900496474,0.20112327649604217,-0.01299837066982082
2020-07-26,-0.0012034002378323537,0.02291233466690911,-0.02139897186696889,-0.01299837066982082,-0.03352870825797613,0.04431130653387792,0.1175749843919936,0.005074142978299032
2020-07-27,-0.00029267649835366906,0.031185381689371586,-0.050967318488766115,0.005074142978299032,0.2692427370359532,0.08215270017813753,0.33331947961262154,0.027806010986803673
2020-07-28,0.004082567286267649,0.049366132701599605,-0.0061624137432710405,0.027806010986803673,-0.13459967702295766,0.05552854644487061,0.09031634292780437,-0.013874138142033763
2020-07-29,0.0008978879258380443,0.00989355516574683,-0.015428693597650884,-0.013874138142033763,-0.33013860874725015,0.025322248763397698,-0.2880552372075001,0.005870748733005559
2020-07-30,8.349746437625906e-05,0.008702777512245161,-0.016387469044614678,0.005870748733005559,-0.019779607652821222,0.025090246556860044,-0.2753585117087419,0.03222484167173467
2020-07-31,-0.0011320268506814198,0.040432255055481585,-0.003899539501159428,0.03222484167173467,0.13662999022770073,0.044331794556641074,-0.09488217262068871,0.040873683554129486
2020-08-01,0.0,0.044978499856761035,-0.003535847354917303,0.040873683554129486,0.14110736939628432,0.04851434721167846,0.061219859602334115,-0.02757279746888731
2020-08-02,0.0007567908745760497,0.022263751353000717,-0.07510168590278854,-0.02757279746888731,0.12338081221129803,0.09736543725578918,0.234676817945935,0.05164529928146809
2020-08-03,-0.00020182066717591262,0.0663643708248653,-0.008331829643076646,0.05164529928146809,-0.11921367812808592,0.07469620046794198,0.10291956621580349,0.01026557185002453
2020-08-04,-1.011837679265053e-05,0.015742439730037847,-0.019750321244872353,0.01026557185002453,-0.0937450117085774,0.035492760974910234,-0.0406780950494404,0.04620113104715721
2020-08-05,0.00021020702387994814,0.05562353596401721,-0.006420572213778778,0.04620113104715721,0.3521965933328323,0.06204410817779591,0.2791131823103679,-0.027304226952402675
2020-08-06,-0.0004988616704970906,-0.0002494814811769631,-0.03339944286749454,-0.027304226952402675,-0.33326939728700516,0.0331499613863177,-0.1383352871789002,-0.017598025306995
2020-08-07,0.0006045031764733793,0.012982175815485119,-0.04868154667101933,-0.017598025306995,0.2805705241148661,0.0616637224865045,0.15506691351599855,0.02507661347457884
2020-08-08,4.7187747060185165e-05,0.027776654029431035,-0.016772408272128288,0.02507661347457884,-0.3226598997569769,0.044549062301559396,-0.18676906638059362,-0.01775348618692333
2020-08-09,0.0006889823481951259,0.0027908309878974724,-0.03183965911624875,-0.01775348618692333,-0.08700530660024987,0.03463049010414633,-0.25298224491190346,0.006132728657346297
2020-08-10,0.0002074692941219286,0.016253369058352517,-0.008960604177218447,0.006132728657346297,0.10075019242153006,0.025213973235570855,-0.13397989585572206,-0.06187652352613116
2020-08-11,0.0006461228827023037,0.006638598370948883,-0.08184283215066929,-0.06187652352613116,0.26006079468214066,0.08848143052161818,0.20534448189242033,0.022996753559033963
2020-08-12,0.0024823890916654177,0.04282882651208092,-0.030650353418546966,0.022996753559033963,-0.19381650741744094,0.07347917993062784,-0.038019069127224144,0.014790002735061938
2020-08-13,0.0010006370397053668,0.018278657075075633,-0.046949597058228654,0.014790002735061938,0.1582368779064022,0.06522825413330448,0.17454791115409526,0.04405364153647054
2020-08-14,0.00020690893631427558,0.05665063119108079,-0.017309390812328004,0.04405364153647054,0.17509622490497928,0.07396002200340891,0.300396774584036,-0.0020845649365621123
2020-08-15,0.0008132141122626119,0.03449156689837515,-0.007311278651298995,-0.0020845649365621123,-0.2813343147891745,0.041802845549674165,-0.08197801569339334,0.02043764354725483
2020-08-16,0.0012388317751216617,0.03199886062076612,-0.008409057186855346,0.02043764354725483,0.005613306504171607,0.04040791780762136,-0.0967049279066867,0.0005531274767914427
2020-08-17,0.0,0.015159229647368148,-0.01766353948979857,0.0005531274767914427,-0.024852227196004988,0.0328227691371667,-0.09470666073967052,-0.019019397748910257
2020-08-18,-0.0007719959358549501,0.0072152290591300456,-0.04058129040573537,-0.019019397748910257,-0.02082598063490939,0.04779651946486539,-0.12137888810943775,-0.03335808861747577
2020-08-19,-0.000502613256222079,0.008051200037011009,-0.046861609343211964,-0.03335808861747577,-0.14240734908467992,0.05491280938022284,-0.23548161624179015,0.03445837356787764
2020-08-20,0.0027436721531883617,0.04218829164144098,-0.008111928080274057,0.03445837356787764,0.06724874154264336,0.05030021972171505,-0.07033260301753783,-0.042622446623088
2020-08-21,0.0005125404691547675,0.011240314711360538,-0.05501065729239783,-0.042622446623088,0.021175968608670378,0.06625097200375836,-0.026127488282158228,0.004995703587272819
2020-08-22,-0.0006248306803989858,0.004995703587272819,-0.030638007600658428,0.004995703587272819,-0.16564007638672257,0.0356337111879313,-0.17113750916627204,-0.016730064162112677
2020-08-23,-0.0009341354574974087,-0.0009341354574974087,-0.02883535484893151,-0.016730064162112677,-0.1339493253205208,0.0279012193914341,-0.2581914357788957,0.033054483173173825
2020-08-24,-0.00023156844989907047,0.0457955563556858,-0.004490112788253191,0.033054483173173825,0.056945299676469434,0.05028566914393882,-0.13347463421170588,-0.051302278050147324
2020-08-25,0.0001043653266596427,0.001269614658263591,-0.06633538494913359,-0.051302278050147324,0.19827148687037283,0.06760499960739731,0.09441347929299046,0.03666193592535267
2020-08-26,-4.938272044544698e-05,0.04594097587961076,-0.006540946998130364,0.03666193592535267,0.08538399065325583,0.05248192287774118,0.18496910416975335,0.03543060659074223
2020-08-27,-0.0008640065676744959,0.03798400014443607,-0.01612010803172393,0.03543060659074223,0.146611815482194,0.054104108176160126,0.3219581721133117,0.0022961872414883813
2020-08-28,-0.0001342132124343789,0.019396950950419378,-0.01623508763944552,0.0022961872414883813,-0.1300433818214429,0.0356320385898649,0.11298398232845354,-0.005311066604418352
2020-08-29,9.151744204956641e-06,0.016262268247020793,-0.01323944437697381,-0.005311066604418352,-0.19551930309775542,0.029501712623994623,-0.14762459192080532,0.027163863940124794
2020-08-30,-9.615421286348838e-05,0.03527351297453148,-0.0020382921418768706,0.027163863940124794,0.06446943180732469,0.037311805116408456,-0.10016291049940071,-0.019295384070979353
2020-08-31,0.00012446041124371954,0.011322916495839875,-0.025267537573472557,-0.019295384070979353,-0.05695182009695981,0.03659045406931241,-0.15175823116996562,0.06788153763241998
2020-09-01,-0.0003451299371141184,0.09110889162747593,-0.00886769133906207,0.06788153763241998,0.7366809228421508,0.099976582966538,0.6175851230524377,-0.005321216304003047
2020-09-02,-0.0003110997701604226,0.03824960411630013,-0.04999348028668157,-0.005321216304003047,0.24956374728974337,0.08824308440298165,0.7477095531237717,-0.1801570334569997
2020-09-03,0.00029343247890135254,0.0328424989595635,-0.18512627346030153,-0.1801570334569997,-0.004962924703167137,0.2179687724198649,0.5338749106027841,0.020934646993413377
2020-09-04,-0.0011195117817897541,0.056921985593378396,-0.03148135704623118,0.020934646993413377,-0.1600452305153119,0.08840334263960949,0.17973892182958892,-0.07786559546825914
2020-09-05,-0.0005693926083141377,0.02326313743675392,-0.14666457742332453,-0.07786559546825914,-0.20286226865339183,0.16992771486007846,-0.14348897622822773,0.1744246934044765
2020-09-06,0.0,0.1839487292739037,-0.04165563982512454,0.1744246934044765,0.6161823301716596,0.22560436909902837,0.3958185241742161,-0.03498760659701851
2020-09-07,0.00012632250052453358,0.013488001654463528,-0.1345701871145495,-0.03498760659701851,-0.2875417640479123,0.14805818876901297,-0.0019438374089539277,0.03496975896765826
2020-09-08,0.0014426741351934449,0.04492597826265745,-0.047089113714613745,0.03496975896765826,-0.00029885399863223736,0.09201509197727117,0.005775733202343053,0.05617683848896696
2020-09-09,0.001361755164734023,0.057449031023620645,-0.028424916515858316,0.05617683848896696,-0.1966123553257713,0.08587394753947908,-0.18373670768668743,0.001205872131910758
2020-09-10,0.0002878847013287728,0.043232618397152776,-0.012964937056225033,0.001205872131910758,0.00017674033611778407,0.05619755545337784,-0.1712141250442822,0.03565672843005398
2020-09-11,0.0,0.046522645519580436,-0.062358151075452055,0.03565672843005398,-0.08139827268391268,0.10888079659503253,-0.27322466146863367,0.1141795353186843
2020-09-12,3.739474625243778e-05,0.1141795353186843,-0.0001771007266695437,0.1141795353186843,0.4919045728601183,0.1143566360453539,0.3417029896472377,0.08492586728847605
2020-09-13,0.0,0.12489093338743618,-0.01106551517460874,0.08492586728847605,0.5090444041553922,0.13595644856204506,0.7979903506095473,0.0038566096395883666
2020-09-14,0.0014097445911989174,0.07530507258789719,-0.0626623636918696,0.0038566096395883666,-0.12574022212292627,0.1379674362797668,0.46632221434667165,-0.13642845612793375
2020-09-15,-0.0006307892160376617,0.0029199515923468713,-0.14902125560989327,-0.13642845612793375,-0.1580550575645187,0.1519412072022401,0.1472516046113344,0.02763434424381816
2020-09-16,-0.00022404874833472274,0.04731272086440741,-0.04208127821852803,0.02763434424381816,-0.25995428366967255,0.08939399908293535,-0.21617974024871608,-0.03535682680224132
2020-09-17,-0.0013989932494188272,0.030665704581259504,-0.0675409662207067,-0.03535682680224132,-0.2596395758229809,0.098206670801966,-0.5332592274364207,0.014941685839271709
2020-09-18,0.0,0.06398262606855053,-0.01055909681643764,0.014941685839271709,-0.061199588385093186,0.07454172288498824,-0.5534716993081693,-0.005429737990197217
2020-09-19,0.007919912600301594,0.017337258579483178,-0.02349872142835739,-0.005429737990197217,-0.37548203653560275,0.040835980007840514,-0.7569787888158142,-0.032028326711935756
2020-09-20,-4.507559927687782e-05,0.0027486382722251377,-0.07604550843406523,-0.032028326711935756,0.035532977503114925,0.07879414670629034,-0.5081394300943886,-0.12599215367560868
2020-09-21,0.0014198838595112521,0.011441564654974838,-0.1573461932831111,-0.12599215367560868,0.29834754841954064,0.16878775793808584,-0.00911129467813428,0.0351687167241227
2020-09-22,-0.0034300714256998255,0.052340137573504635,-0.01824784585194354,0.0351687167241227,-0.307638786454831,0.0705879834254482,-0.2261971784593901,-0.05298613322637547
2020-09-23,-0.0022601980843007224,0.006089497865630264,-0.0597724965702292,-0.05298613322637547,0.27290201777852285,0.06586199443585948,0.13111888795445212,0.0740518404782262
2020-09-24,-0.0001744196628291393,0.07690300353471896,-0.006901975127343776,0.0740518404782262,0.06332695989207668,0.08380497866206289,0.2126997798058358,0.0020115777163897666
2020-09-25,-0.0011585406011976223,0.018542631752662856,-0.03029441379404132,0.0020115777163897666,-0.07261382108285443,0.0488370455467043,0.0675591669348419,0.06124770409130475
2020-09-26,0.0007604573979839608,0.06990374388682297,-0.0048217798462985096,0.06124770409130475,0.10346304078204913,0.07472552373312148,0.12409002082125098,-0.0008380336159435908
2020-09-27,-0.0003276052879607898,0.025099503692411942,-0.018378725735493963,-0.0008380336159435908,-0.11901141363076553,0.04347822942790591,-0.007903074149662459,0.029351751736943345
2020-09-28,0.0014019064437495996,0.05672465597994386,-0.01071280474308929,0.029351751736943345,0.19638320689956804,0.06743746072303322,0.1458109934859769,0.06678534551122892
2020-09-29,0.0003922148409340486,0.072323732738041,-0.0001322808511751757,0.06678534551122892,0.14400991497504848,0.07245601358921622,0.25399323408912655,0.015409465409388987
2020-09-30,0.0011841925509476782,0.02453642699344558,-0.028179492628268677,0.015409465409388987,-0.07789156652977619,0.05271591962171418,0.12021309548011666,-0.06556686866123869
2020-10-01,0.0010545426211626692,0.003113754523877033,-0.10530686751248482,-0.06556686866123869,0.10627594016088358,0.10842062203636181,0.17831343643065828,-0.00534716211677059
2020-10-02,0.0006636534210151331,0.02699765219783351,-0.05769678738851956,-0.00534716211677059,0.013952898094217394,0.0846944395863531,0.14078275017276956,0.03304185871704534
2020-10-03,0.0022255372742163385,0.03599937774178023,-0.005355948796450317,0.03304185871704534,-0.2534203444083224,0.04135532653823055,-0.18329682931631255,0.025953953522198044
2020-10-04,0.00037575450129531023,0.03257413760271152,-0.0047276716258200634,0.025953953522198044,0.03694906782435707,0.03730180922853159,-0.13472951647924122,-0.009886725270995197
2020-10-05,0.0022530245616818653,0.012361310061795727,-0.026993710829922565,-0.009886725270995197,-0.1897419072535582,0.039355020891718225,-0.2906583768872622,-0.033514416815290535
2020-10-06,0.00024308847452129894,0.010784514977142768,-0.04857796588147271,-0.033514416815290535,0.17113514067105973,0.059362480858615396,-0.06874227694048843,-0.0003497419664778963
2020-10-07,-0.0005973404313379374,0.005641645139172769,-0.028209594589863097,-0.0003497419664778963,-0.2469691082129951,0.03385123972903585,-0.2684019780667532,1.7142340807666986e-05
2020-10-08,0.0003124401487254319,0.0038839987546685586,-0.040673448800872175,1.7142340807666986e-05,0.08962699052909609,0.04455744755554095,-0.07926778120545519,0.026349339110797083
2020-10-09,0.0011867882680981004,0.029741265374209135,-0.0064320975465384225,0.026349339110797083,0.07676034882837189,0.03617336292074766,0.025431146899564775,-0.004670528666985049
2020-10-10,-0.00034807002232530433,0.02702045065873347,-0.010151539449313922,-0.004670528666985049,-0.08869342826916995,0.037171990108047386,-0.04163809456219655,0.008549436793984623
2020-10-11,0.0024532167088544467,0.015073079915546862,-0.01248213802739263,0.008549436793984623,-0.04300869205899552,0.027555217942939338,-0.08500320931317695,0.07288840065440347
2020-10-12,-0.00019866583996909273,0.08478014912612263,-0.0022484826871700682,0.07288840065440347,0.5645856822634051,0.08702863181329265,0.5239997591679687,-0.0002584270057620452
2020-10-13,-0.0014556019355827538,0.033627448798473715,-0.01460335365691048,-0.0002584270057620452,-0.1800227622935648,0.04823080245538413,0.20225578248671292,0.006665962693577657
2020-10-14,0.001043732041143715,0.019057118391280797,-0.00800534590283343,0.006665962693577657,-0.26513915593549686,0.027062464294114075,-0.12937295486456848,0.012337646796655282
2020-10-15,-0.0007184109890636119,0.021036573328244216,-0.013417681430378157,0.012337646796655282,0.09097152572270817,0.03445425475862231,-0.03622810225623974,-0.04245859273431776
2020-10-16,0.0005805830919492377,0.019658024939214758,-0.05345186236539597,-0.04245859273431776,0.08132854767890507,0.07310988730461056,0.01580504630846744,0.008410500024505543
2020-10-17,0.0016275096438777756,0.018520839928112424,-0.009207418831030456,0.008410500024505543,-0.3718584878964376,0.02772825875914288,-0.4061867131124868,0.01350545703501501
2020-10-18,-0.00023964350746686329,0.024438097910763283,-0.0008773118196069141,0.01350545703501501,0.1563680537003563,0.025315409730370088,-0.12125761152759151,-0.02424679542599227
2020-10-19,-0.00010794129061902517,-0.00010794129061902517,-0.02652194171630755,-0.02424679542599227,-0.1330713344969201,0.02641400042568849,-0.1882087496072719,-0.038201560345497494
2020-10-20,0.0001752627304337743,0.005166385590687966,-0.04726912056517613,-0.038201560345497494,0.2464660335372705,0.05243550615586419,0.09071483235395228,0.033085288869430296
2020-10-21,0.00036122814783752554,0.05340088029435237,-0.0032697607901124217,0.033085288869430296,0.034009166610052745,0.05667064108446484,0.1293299759456468,0.029319642930614682
2020-10-22,-0.0002289283788057095,0.05003806789655647,-0.0002666716744809205,0.029319642930614682,0.03850094665555722,0.050304739571037364,0.18399806834417778,-0.0007906708230304768
2020-10-23,-9.568870145851311e-05,0.016368388978954318,-0.01827560635097124,-0.0007906708230304768,-0.031383420994690166,0.0346439953299256,0.08525542258869322,-0.0014745922791921837
2020-10-24,0.0,0.006765424551882709,-0.00569033260824456,-0.0014745922791921837,-0.23327577115046202,0.012455757160127265,-0.17872736664537975,-0.01585898579096084
2020-10-25,0.0,0.012258759229080013,-0.02071586069670302,-0.01585898579096084,-0.03867309991799418,0.03297461992578302,-0.22620467865660404,0.034184982760515285
2020-10-26,6.335119250581964e-08,0.03919714623120383,-0.00382910920525945,0.034184982760515285,0.46525342426632094,0.04302625543646339,0.2813454383625762,0.015421107475651593
2020-10-27,3.979430751087777e-06,0.037500984290579416,-0.004987880375604681,0.015421107475651593,0.13714046641087732,0.042488864666184116,0.371483355145197,-0.041140296098015845
2020-10-28,1.989411687811286e-06,0.009075452626640862,-0.05758090418070354,-0.041140296098015845,-0.40554693934676556,0.06665635680734437,-0.10634239006437637,-0.017308629170935376
2020-10-29,1.5704272714498998e-06,0.00189841535928861,-0.028416005130945964,-0.017308629170935376,-0.11295207107436729,0.030314420490234605,-0.20517003455377741,-0.04573362719528338
2020-10-30,6.902675534360656e-06,0.011715609110846677,-0.07862453261930574,-0.04573362719528338,0.22144547215157853,0.09034014173015241,0.009098630021791792,-0.0027115094704909994
2020-10-31,0.0,0.013388803756672594,-0.011955882834751774,-0.0027115094704909994,-0.38883543860363146,0.02534468659142435,-0.4314811740752911,0.0010669098666678538
2020-11-01,0.0,0.008196812384831994,-0.011670704303253824,0.0010669098666678538,-0.06277053831786061,0.01986751668808582,-0.3944592889516606,-0.020504036611372928
2020-11-02,-3.3507500855318777e-06,0.028282642248678845,-0.022331316715116935,-0.020504036611372928,0.1433708940880467,0.050613958963795835,-0.08833506509008587,-0.03752219045636966
2020-11-03,-1.3680630753678676e-07,-1.3680630753678676e-07,-0.07391754539565006,-0.03752219045636966,0.15829300076914993,0.07391740858934241,0.11127906766638286,0.0027687983862728772
2020-11-04,1.2570203610801791e-05,0.003696704906742017,-0.033707545379931036,0.0027687983862728772,-0.176083458907152,0.037404250286673026,-0.08011251296433652,0.02726338071397912
2020-11-05,2.26630724929076e-06,0.03530901326973087,-0.007936512068445556,0.02726338071397912,-0.24933579720412463,0.04324552533817625,-0.25563472477632126,0.04735578173606306
2020-11-06,-1.8607718792005151e-06,0.061042542908202144,-1.8607718792005151e-06,0.04735578173606306,0.1368001600422895,0.061044403680081245,-0.08655920991493728,-0.04510960002695232
2020-11-07,0.0,0.02808679583047398,-0.07259668614606615,-0.04510960002695232,0.056188489391964413,0.10068348197653999,-0.03274498974243594,0.02023587380950204
2020-11-08,0.0,0.03357937363657999,-0.008083537153659517,0.02023587380950204,-0.12220059494216287,0.041662910790239496,-0.1399383553194835,-0.01019469169991271
2020-11-09,6.738527219570048e-07,0.021607870125616258,-0.032183534506467354,-0.01019469169991271,0.04496104102285771,0.05379140463208349,-0.018081302480269734,0.0062379611038371925
2020-11-10,2.069482324533417e-05,0.015935379813585136,-0.011234653291758899,0.0062379611038371925,-0.07803294513747712,0.02717003310534424,-0.06764082152492482,-0.008447621649695577
2020-11-11,-7.441772107532161e-07,0.015021877937340968,-0.011480648810330165,-0.008447621649695577,-0.10542863924148256,0.026502526747670955,-0.1799642193404383,-0.012286117494518588
2020-11-12,-1.4191185977403013e-05,0.007164446570594201,-0.021929295248192763,-0.012286117494518588,-0.04967907059467384,0.02909374181878718,-0.19099557067504985,0.02033748790844121
2020-11-13,-1.927065409262896e-05,0.030903125395965347,-0.001896588642308038,0.02033748790844121,0.09543253037372586,0.03279971403827356,-0.03354571179549989,-0.008766228880008754
2020-11-14,0.0,0.0,-0.02778685156957247,-0.008766228880008754,-0.14149081301053565,0.027786851569572456,-0.15606200866229672,-0.011345909731754054
2020-11-15,0.0,0.008421343578028186,-0.029866483791944235,-0.011345909731754054,0.003268188837048314,0.03828782736997255,-0.09611062759405423,0.015914060409759446
2020-11-16,0.0,0.02004540463354413,-0.004359975569395826,0.015914060409759446,0.0758604691246885,0.024405380202939992,0.02031859700032113,0.01648498399674536
2020-11-17,0.003811419519118729,0.02417443368645638,0.003811419519118729,0.01648498399674536,0.15241219162366265,0.02036301416733765,0.17615487419600442,-0.016055611792572592
2020-11-18,-2.0724383383796717e-06,0.008741656345631862,-0.035204782578978834,-0.016055611792572592,0.022744497073320036,0.04394643892461059,0.15931198004099287,0.0006388586034508341
2020-11-19,-4.008161568186269e-06,0.009291957066878504,-0.015115367217891461,0.0006388586034508341,-0.14903890770629477,0.024407324284770007,-0.014436592548230837,0.02800485546579046
2020-11-20,-6.802951560247087e-05,0.04105581238567602,-6.802951560247087e-05,0.02800485546579046,0.1297695148033079,0.041123841901278546,0.09583122096291583,0.050591461050735226
2020-11-21,0.0,0.061740846426179476,-0.018925932259952507,0.050591461050735226,0.2655581612798626,0.08066677868613209,0.316863953410724,-0.015459428095926904
2020-11-22,0.0,0.022197622222675743,-0.043775826494046904,-0.015459428095926904,0.016758538602557195,0.06597344871672269,0.24339531638496875,0.034172779476523855
2020-11-23,7.011120240173186e-07,0.03671568356385476,-0.0035561745980593083,0.034172779476523855,0.01720505816166278,0.040271858161914094,0.19911342282827577,0.08768457119644617
2020-11-24,0.0002061411913089573,0.12572087855481112,-0.0036909326955131445,0.08768457119644617,0.6613527365927118,0.12941181125032442,0.8025265882362203,-0.07556430677999197
2020-11-25,0.0016145999666483876,0.04282761218730629,-0.09387080000751276,-0.07556430677999197,-0.3375787171446931,0.13669841219481893,0.20543420355695857,-0.10549340286396734
2020-11-26,-0.0008053026212926611,0.012312872873329194,-0.16643501914890999,-0.10549340286396734,0.09552183358922697,0.1787478920222391,0.193069848388275,0.009536798063660883
2020-11-27,0.0009061658693956915,0.017708049131829405,-0.03256860411160359,0.009536798063660883,-0.6024818453210313,0.050276653243433105,-0.49413213736251477,0.023212931241625417
2020-11-28,-8.17193866133688e-06,0.039421644031853234,-0.01734130826292416,0.023212931241625417,-0.06527691439225286,0.05676295229477755,-0.5371319605166722,0.0328638098086007
2020-11-29,0.0006927662989061255,0.04390088386939094,-0.006353995234065561,0.0328638098086007,0.027690036800390037,0.05025487910345648,-0.47591861786232215,0.04146829400502795
2020-11-30,0.00022264358830299848,0.045949678396503185,-0.011076874251673224,0.04146829400502795,0.1135922540345137,0.05702655264817645,-0.16879035395964517,-0.0417771389047649
2020-12-01,0.0005962182955057686,0.015146878622202507,-0.06272581110725216,-0.0417771389047649,0.1829390434578977,0.07787268972945482,0.1095707727281157,0.006259642134471689
2020-12-02,0.0013011772097190235,0.02628333426053543,-0.012008780743564191,0.006259642134471689,-0.23068932837577735,0.03829211500409978,-0.025181200506289796,0.013346306337953757
2020-12-03,0.00021861632321354415,0.015450878334664322,-0.010586517479447943,0.013346306337953757,-0.1338821224502867,0.0260373958141123,-0.16448198929095112,-0.05462425149792206
2020-12-04,0.0003768089568230847,0.013335121295971935,-0.05968228756795618,-0.05462425149792206,0.10986423498387034,0.07301740886392817,-0.04760717372447362,0.022356747546134155
2020-12-05,0.0001007677109617638,0.031513052242938336,-0.010884684945314145,0.022356747546134155,-0.16361213324314777,0.04239773718825246,-0.2190003857154677,-0.006366936744911005
2020-12-06,-2.6304631111380208e-05,0.013502990715512477,-0.02153764812272907,-0.006366936744911005,-0.2083256968243458,0.035040638838241434,-0.38375167903783086,-0.00552177763527852
2020-12-07,-0.0003528540302622581,0.003912238748068347,-0.015368571616363893,-0.00552177763527852,-0.045088047501162604,0.019280810364432317,-0.3024525634430626,-0.0611203426827856
2020-12-08,9.322664299551152e-05,0.0037374388519306814,-0.06564060429625015,-0.0611203426827856,0.30338300373291527,0.06937804314818094,0.0864122733074621,0.01768154074325964
2020-12-09,1.0835460597773337e-05,0.02651334128197486,-0.02344002803865741,0.01768154074325964,-0.0008707100979359107,0.04995336932063242,0.08636739928378186,-0.015517057132791726
2020-12-10,7.878800457377335e-05,0.0038584641481589107,-0.025083230358366286,-0.015517057132791726,-0.20332539195473878,0.028941694506525235,-0.09014728179795584,-0.012176070841686142
2020-12-11,3.3606445388784606e-05,0.0016209125163995166,-0.03419133300965644,-0.012176070841686142,0.05230220071973993,0.035812245526056004,-0.006894901210977396,0.0289418177055681
2020-12-12,-9.990010346558326e-05,0.0316866061363713,-0.0011890611554173515,0.0289418177055681,-0.15148310591093123,0.032875667291788625,-0.1782281721609623,0.03273572252811798
2020-12-13,3.643368903078692e-05,0.03786585633919915,-0.0036451949596600424,0.03273572252811798,0.10611901794014889,0.04151105129885927,-0.07211015773151645,0.031386480802453036
2020-12-14,0.0001775343084470096,0.03619548406009552,-0.014121435044642765,0.031386480802453036,0.233011491995945,0.05031691910473836,0.20232508986542927,-0.01619100486978629
2020-12-15,-8.613095378397914e-05,0.008864852205696827,-0.021835099240227522,-0.01619100486978629,-0.13092552602210478,0.030699951445924325,0.06263292033737905,0.03141333462716123
2020-12-16,9.017566477319997e-05,0.03488722875302052,-0.016465283062068334,0.03141333462716123,0.16487964418159218,0.05135251181508875,0.20575743308796987,-0.010088727731229721
2020-12-17,0.00011215685557714588,0.031081201052811095,-0.021766501164029905,-0.010088727731229721,0.3243178554947512,0.052847702216840924,0.48239537535676574,0.0246804383388621
2020-12-18,-5.118438616054724e-06,0.03243514130540329,-0.016163683623918762,0.0246804383388621,-0.2902799061168723,0.0485988249293221,0.04138530013121095,0.07345112276411662
2020-12-19,0.00013814801481354085,0.09921741547830809,7.31141782405205e-05,0.07345112276411662,0.39849795054678433,0.09914430130006757,0.3871185905381252,0.025616107178942367
2020-12-20,-8.524223235314825e-05,0.06531810310919829,-0.01894397656111158,0.025616107178942367,0.08717234310925337,0.0842620796703097,0.37010492290251445,-0.056940712920590913
2020-12-21,0.0011977301702384654,0.04025327367897005,-0.07652398464542788,-0.056940712920590913,-0.0009590330770570595,0.11677725832439803,0.23501363847801016,0.03691294150026286
2020-12-22,-0.0020080998107602213,0.04504206527971404,-0.05335461762311286,0.03691294150026286,-0.03326588713504002,0.09839668290282687,0.10426533323313397,-0.07389605935257074
2020-12-23,-0.00015655145658442673,0.026482887511717974,-0.10736548171889962,-0.07389605935257074,0.0326023022820772,0.13384836923061755,0.10436046533771096,0.04411803832473867
2020-12-24,0.0005210778494633625,0.050394315177578704,-0.02086350813472354,0.04411803832473867,-0.17666931241109465,0.07125782331230215,-0.15405935447586577,0.020236043088225533
2020-12-25,-0.0003596960607100982,0.028353457078791597,-0.019773465184799936,0.020236043088225533,-0.14815954052245317,0.04812692226359141,-0.28572788448635605,0.009368448178047913
2020-12-26,0.00015756754389630785,0.0232565607276039,-0.017128492310858664,0.009368448178047913,0.03141935933734344,0.04038505303846243,-0.1945379071015532,0.0010362877570373693
2020-12-27,8.07868065671959e-05,0.04026146658979853,-0.0423848859209412,0.0010362877570373693,0.2667477427994241,0.08264635251073975,0.13014457794032358,0.06729271496483215
2020-12-28,0.0006027826847166527,0.07097169835247631,-0.003305312078548045,0.06729271496483215,0.07501339518778244,0.07427701043102436,0.20380964474299962,0.08315968316048374
2020-12-29,0.00021261120800805338,0.09670967301745528,-0.014101827387627342,0.08315968316048374,0.42877903941799017,0.11081150040508254,0.6210807804149759,-0.02118489776241805
2020-12-30,-0.0001407370283943642,0.005217458008334934,-0.05401819702827334,-0.02118489776241805,-0.6276037107041521,0.059235655036608194,-0.17087193630118264,-0.0201368706549324
2020-12-31,-0.0003674703082475424,0.0007065480981100163,-0.03718934482515171,-0.0201368706549324,-0.21528794321596936,0.03789589292326168,-0.4127765811910526,0.014053608146003387
2021-01-01,-3.909076114839774e-05,0.04068863872790445,-0.008861030936772426,0.014053608146003387,0.1276476711053027,0.0495496696646771,-0.27514772678410515,0.008840430545519288
2021-01-02,0.0003190732634270089,0.02427089567749751,-0.026178168721122545,0.008840430545519288,0.12819004992417818,0.05044906439861994,-0.11053637953590527,0.07327538993079916
2021-01-03,0.00031726260388862244,0.08432842696578528,-0.011135805541510746,0.07327538993079916,0.37309345770877955,0.09546423250729609,0.29374698361266594,-0.005424925400666817
2021-01-04,0.0011973963344479568,0.04706889076946797,-0.07583112188950673,-0.005424925400666817,0.0637152825017204,0.12290001265897459,0.4236091980881557,0.0195563282889945
2021-01-05,0.00026691444637211184,0.0195563282889945,-0.048752326763276746,0.0195563282889945,-0.22629069913958907,0.06830865505227106,0.08760439149829408,0.010282609575795722
2021-01-06,0.000980372485739237,0.010916774670615498,-0.027746480373594697,0.010282609575795722,-0.005056176475949797,0.03866325504421012,0.004321239280071368,0.02998597249800569
2021-01-07,0.0007271035950944093,0.053202471845106514,-0.016019259688822573,0.02998597249800569,0.25832009884583246,0.06922173153392899,0.207220727583826,-0.02456119480137982
2021-01-08,0.0027396096787319153,0.003239341637956257,-0.0694461088510592,-0.02456119480137982,-0.24354741796348625,0.07268545048901542,-0.12370485446195652,0.03562450615674862
2021-01-09,-0.000510132274642351,0.039869467358318075,-0.01917567595496227,0.03562450615674862,-0.09764608116361462,0.05904514331328033,-0.1917279572558219,-0.034371431249955696
2021-01-10,0.0002564634400420387,0.02744786542032753,-0.07902086254059687,-0.034371431249955696,0.17301522426516394,0.10646872796092427,0.04418000078568337,-0.10097961647800544
2021-01-11,0.0005686934166326275,0.0006835607680942934,-0.1880724268860046,-0.10097961647800544,0.2388349057859117,0.1887559876540989,0.26610847465069665,-0.0067923973358203285
2021-01-12,-0.0023963898817509935,0.03983929741322988,-0.03139243839328525,-0.0067923973358203285,-0.4512404947336708,0.07123173580651519,-0.25574134172917673,0.051753044972829884
2021-01-13,-5.7354811140956615e-05,0.05834899803093507,-0.02572254704857298,0.051753044972829884,-0.044823815940490876,0.08407154507950806,-0.2261373030238519,0.04047316621352751
2021-01-14,-0.0004262701088355345,0.0423716067646553,-0.012020757576091647,0.04047316621352751,-0.015376078233187866,0.054392364340747096,-0.20918019248981057,-0.02115117673008027
2021-01-15,3.0393945236291266e-05,0.014664003001537716,-0.06673876282183884,-0.02115117673008027,0.050936895878443376,0.08140276582337652,-0.14110679783406047,0.0535940874685696
2021-01-16,1.1093787297512745e-05,0.07072841268937576,-0.004535253899803406,0.0535940874685696,0.0723990850347894,0.07526366658917913,-0.02465148252623717,0.05657343660115745
2021-01-17,-0.0003634056558233807,0.0775822536894907,-0.049387471591068134,0.05657343660115745,0.09566434759926667,0.12696972528055867,0.16810482956986159,-0.007281403822488865
2021-01-18,0.0018134095712711666,0.024202919939257366,-0.034022211712749814,-0.007281403822488865,-0.12473577411880042,0.058225131652007156,0.009216392386846328,-0.0582800730704635
2021-01-19,-0.0003866485493660867,0.0377525894113817,-0.07814736203946858,-0.0582800730704635,0.246060432241589,0.11589995145085041,0.24008099292648744,-0.0041838579253182205
2021-01-20,-0.0028692231183767886,-0.0007241406030350785,-0.05968968524286789,-0.0041838579253182205,-0.09282895325994553,0.05896554463983282,0.07647015277039629,-0.09757706600794348
2021-01-21,-2.050312612312584e-05,0.0006637518277356101,-0.10267335289126184,-0.09757706600794348,-0.0951817602570373,0.10333710471899757,-0.056513709658600295,0.05565300347117496
2021-01-22,-0.00027247432024101695,0.06907589558102618,-0.044781065579464964,0.05565300347117496,-0.10306292741945108,0.11385696116049111,-0.16496072527692207,-0.001030728579210553
2021-01-23,0.0001841002892455831,0.02400664700875202,-0.0316032541065797,-0.001030728579210553,-0.1800819966862354,0.05560990111533189,-0.3131654509388602,0.02578535459213433
2021-01-24,0.0011506963570363355,0.03315795623068539,-0.007659122049723685,0.02578535459213433,-0.039441698643550814,0.04081707828040899,-0.3149950781056475,-0.006176969406598485
2021-01-25,-0.00013262546333599447,0.0345413043926249,-0.03025008053162423,-0.006176969406598485,0.11852404577641981,0.06479138492424934,-0.09416126469771387,0.0017051086274208636
2021-01-26,0.000754705055453428,0.020298021397596292,-0.039594564439513515,0.0017051086274208636,0.07474992738848686,0.05989258583710967,0.04619251166717535,-0.01692779305276451
2021-01-27,0.0014723796672225457,0.008433032419313239,-0.048248175989530864,-0.01692779305276451,-0.05050711067541154,0.056681208408844205,0.025026086968767545,0.03674158758250503
2021-01-28,-0.00020631983696026588,0.04953067618558978,-0.011959498818848535,0.03674158758250503,0.02701625924435534,0.06149017500443829,0.06853790057549929,0.007571755104027207
2021-01-29,-0.0033663054660672794,0.034215755774785694,-0.014735778787162562,0.007571755104027207,0.19958393018307685,0.04895153456194814,0.24228379778621983,0.04382870250647052
2021-01-30,2.7150597735521648e-05,0.048640998649679586,-0.004028493961239901,0.04382870250647052,-0.19973182604133569,0.05266949261091954,-0.03320378650668066,-0.011146530228869548
2021-01-31,0.0005899364980028782,0.020677848969983436,-0.030460040182996567,-0.011146530228869548,-0.04057299601797953,0.051137889152980114,-0.08337055413913824,0.15322819971967383
2021-02-01,0.0007468765801253505,0.16346453612293851,-0.01712567921519545,0.15322819971967383,0.8970411140647017,0.180590215338134,0.8259483003072589,-0.010739834371974167
2021-02-02,-0.001082068015677037,0.024956790274768874,-0.04398209873193296,-0.010739834371974167,-0.22200327637380662,0.06893888900670175,0.3665328382086088,0.02296798978278939
2021-02-03,-0.0001234373815388188,0.03125616316904835,-0.021796664353709923,0.02296798978278939,-0.3435430080045739,0.05305282752275828,-0.10410981995624999,0.068114770297128
2021-02-04,-8.178144522046854e-06,0.08839558001791932,-0.012326100518832993,0.068114770297128,0.2759581994638923,0.10072168053675222,0.15626279934688184,0.19322028640751554
2021-02-05,0.001530842127009261,0.20229371233242976,0.001530842127009261,0.19322028640751554,0.4197023036182511,0.20076287020542052,0.4795841037752,0.0695693760129711
2021-02-06,0.00013369692770540386,0.10559815549898555,-0.08674839570645695,0.0695693760129711,0.39005438705435513,0.19234655120544247,0.6811609824672702,-0.05864903402278528
2021-02-07,0.0018491624646164511,0.02550530080413466,-0.12017083055594198,-0.05864903402278528,-0.3475954102173219,0.14567613136007668,0.18488789574944,0.15176432856219635
2021-02-08,-0.0009475810380247498,0.15176432856219635,-0.01071884764809926,0.15176432856219635,0.35655023725218954,0.1624831762102956,0.46591389370983755,0.3012794674693715
2021-02-09,-0.00030720489383671026,0.36615923581960397,-0.017504040529783896,0.3012794674693715,0.7296636022480134,0.3836632763493879,1.0032701412749072,0.1843123275941958
2021-02-10,-0.001769134737075017,0.31651916671461794,-0.001769134737075017,0.1843123275941958,0.4584940786585065,0.318288301451693,1.1044528305337782,-0.04173297243012966
2021-02-11,-0.0033347104716144067,0.013767727260161252,-0.08557842243660947,-0.04173297243012966,-0.9128554655674531,0.09934614969677062,-0.20050778061825356,0.0958266501084948
2021-02-12,-0.0022110469731680205,0.11960027784145681,-0.02199614934813491,0.0958266501084948,0.05936848311973221,0.14159642718959164,-0.18083549593436177,-0.025857197621211424
2021-02-13,-0.0001489796263367081,0.01105338692728165,-0.08547856241562583,-0.025857197621211424,-0.34258667673383203,0.09653194934290744,-0.6034307410619932,0.022039131504887018
2021-02-14,0.00015800342244048102,0.038975492818195914,-0.03601642811985956,0.022039131504887018,0.08848866194453879,0.0749919209380554,-0.5140723643235994,-0.051581145554919085
2021-02-15,-0.001098149645020745,0.020267562597025782,-0.13050526313389707,-0.051581145554919085,0.04332251323194867,0.15077282573092293,-0.35500159004177323,0.0037652072833446286
2021-02-16,0.0013258808527382463,0.028251785994287022,-0.021620431412584927,0.0037652072833446286,-0.2263652043394198,0.04987221740687205,-0.27176185556730276,0.2359739387432947
2021-02-17,0.00018054559661203395,0.29747929748393137,-0.023058013328855504,0.2359739387432947,1.0002720428485434,0.3205373108127869,0.8010373733229544,0.1738267793892666
2021-02-18,0.002115475886378472,0.1916476840011007,-0.008508904525081063,0.1738267793892666,0.1544876826188488,0.20015658852618176,0.7800165122226818,0.5292178669714958
2021-02-19,0.00028179980323475947,0.5596085007782235,-0.0027951185034828683,0.5292178669714958,1.0793354569893086,0.5624036192817065,1.6084582383413204,-0.26199204824622774
2021-02-20,0.000908831103161876,0.005513728602941634,-0.3780214550636062,-0.26199204824622774,-0.619308127460355,0.38353518366654765,0.3629190773574991,0.13832310826899666
2021-02-21,-0.005541556167943261,0.183764857223446,-0.021374856456764024,0.13832310826899666,-0.12934816030366605,0.20513971368021008,0.0381845101070869,-0.09416362837426613
2021-02-22,0.002340662632735502,0.005276520472467563,-0.276061216038027,-0.09416362837426613,-0.07570779838157463,0.2813377365104947,-0.18658234676271981,-0.14676337941975634
2021-02-23,-0.0005436259366763956,0.0038319048075408334,-0.339963623648616,-0.14676337941975634,0.04887416473918158,0.34379552845615685,-0.1919694023723994,0.09635436208331628
2021-02-24,0.0005511598798987919,0.19271173123515942,-0.07396783440709641,0.09635436208331628,-0.1462452525327874,0.26667956564225587,-0.3805569857597463,-0.08391354119867715
2021-02-25,0.0004263719860532046,0.03986935465823092,-0.08391354119867715,-0.08391354119867715,-0.5665418612625027,0.12378289585690808,-0.7152804733848868,-0.053596764568402476
2021-02-26,0.005901413000732823,0.020604313776911475,-0.1062473794538632,-0.053596764568402476,0.026084594902161428,0.12685169323077464,-0.5436907825027563,0.01597152639139136
2021-02-27,0.001354529181206929,0.0675800716316163,-0.007157620461260213,0.01597152639139136,-0.4137154823844058,0.07473769209287666,-0.8285450557113273,-0.07212957361071183
2021-02-28,0.0008719978483780857,0.012895941926188068,-0.13984566451118324,-0.07212957361071183,0.12742093819187017,0.15274160643737125,-0.5236384789221266,0.19473241418777865
2021-03-01,0.0017968264642820233,0.21364342834890535,0.0017968264642820233,0.19473241418777865,0.4701510279650272,0.21184660188462315,0.1634119456689737,-0.06116371702534487
2021-03-02,0.001269371847634912,0.036778998485095596,-0.10765531152255207,-0.06116371702534487,0.16085365577726868,0.14443431000764761,0.43063271118888796,0.0065284751321675214
2021-03-03,0.0006946530780925602,0.05968480477468171,-0.01097245739517789,0.0065284751321675214,-0.009317832004995608,0.0706572621698595,0.3302745379820284,-0.047335541553145274
2021-03-04,-0.00019033259237879771,0.03414506801843072,-0.06426519424361436,-0.047335541553145274,-0.04337405262911362,0.09841026226204516,0.21059618749897802,-0.015658315819880267
2021-03-05,-0.00047749638288127134,0.0018316716090034536,-0.061300735617411645,-0.015658315819880267,-0.11590171323937824,0.06313240722641515,-0.023075533041849203,0.0012992084013272779
2021-03-06,-0.0007724299481461385,0.024981409019624742,-0.02821340120551883,0.0012992084013272779,-0.10156552623810426,0.05319481022514367,-0.19450120999584083,0.05790403191051484
2021-03-07,2.5984461024448107e-05,0.0709911421232271,-0.004955563553909138,0.05790403191051484,0.12383772639536408,0.07594670567713614,-0.05146286000007808,0.0005804399280154676
2021-03-08,1.524739179125447e-06,0.010392379528461672,-0.04573894880230353,0.0005804399280154676,-0.012833656207865824,0.05613132833076528,-0.0339065064216641,0.19978652618616957
2021-03-09,0.0003195776371356509,0.2106162734565409,-0.0179211174026352,0.19978652618616957,0.5478049022406929,0.228537390859176,0.5456483723852525,-0.04925810902014287
2021-03-10,-0.0001340535759758334,0.0054623718602948715,-0.08860913429911682,-0.04925810902014287,-0.6466464478907038,0.09407150615941168,-0.2171417555413714,0.0366650614952948
2021-03-11,-0.00304351557321278,0.11406077828238141,-0.021639033089133376,0.0366650614952948,0.028526401021924833,0.13569981137151482,-0.1734474221634721,-0.09440096575842574
2021-03-12,0.0007185809588604637,0.0008414859575551417,-0.13203506390616357,-0.09440096575842574,-0.1660215711414711,0.13287654986371877,-0.34615122597555614,0.046021838153
2021-03-13,-0.00035583151973102024,0.07073666682639052,-0.028843008394540792,0.046021838153,-0.31043818273627605,0.09957967522093128,-0.6157324382802534,-0.04242203449583896
2021-03-14,0.0002934114561919219,0.0009648946600728843,-0.04242203449583896,-0.04242203449583896,-0.350968866501614,0.04338692915591177,-0.8848139580122766,-0.03842555605043598
2021-03-15,-0.002168496819326345,0.009765556025386025,-0.054448307011681386,-0.03842555605043598,0.19664883620434612,0.06421386303706726,-0.37641758627338295,0.013417159527366131
2021-03-16,-0.0008264920034966615,0.016417109357860213,-0.05024498743987241,0.013417159527366131,-0.025635776726485118,0.0666620967977326,-0.28167978790243103,0.04453452133827316
2021-03-17,0.0011043338925978336,0.048632144905297485,-0.0321731559518279,0.04453452133827316,-0.0656478200025166,0.08080530085712556,-0.19648337686805126,-0.030667088745726014
2021-03-18,-0.0008044984008777154,0.028917270680775018,-0.04211308197153402,-0.030667088745726014,0.07404410885432551,0.07103035265230899,0.007915838161480997,0.00894946859864428
2021-03-19,-0.0002842206422681685,0.028366365399597606,-0.020972769953331947,0.00894946859864428,-0.2666736904088328,0.0493391353529296,-0.22029927845658234,0.002587882609508986
2021-03-20,0.0001316275529224811,0.040143154618095866,-0.004117154927163144,0.002587882609508986,0.067742273712512,0.04426030954525913,-0.1378177435970612,0.0005456689607411205
2021-03-21,0.0008128056390264957,0.015503876185412963,-0.0276638074464285,0.0005456689607411205,-0.15403174096503108,0.043167683631841515,-0.24889040249178845,-0.03451268991883104
2021-03-22,0.0006948214546435489,0.044604279173964166,-0.037210074246442224,-0.03451268991883104,0.3017628525078057,0.08181435342040638,0.11916986555528097,-0.0008230246197093284
2021-03-23,0.0001754694908937859,0.02793402680829949,-0.011351989195859516,-0.0008230246197093284,-0.14487419492874629,0.03928601600415888,-0.030780071558843373,-0.02309821119212357
2021-03-24,0.0008000079884631513,0.04933643448532476,-0.04996464325228152,-0.02309821119212357,0.17113722943174348,0.09930107773760632,0.18327543243601135,-0.06176836546703867
2021-03-25,-0.0015439785988572174,0.0011514499606439018,-0.0946216285313358,-0.06176836546703867,-0.030219959800091643,0.0957730784919797,0.10275594149695613,0.08257564037934836
2021-03-26,-0.00040239486888813693,0.08257564037934836,-0.00040239486888813693,0.08257564037934836,-0.09769779156685679,0.08297803524823656,-0.024191728301575115,0.05341816566144049
2021-03-27,4.6713533927033674e-05,0.0772529987025072,-0.01823538471414355,0.05341816566144049,0.15761246469066695,0.0954883834166508,0.09862845628957502,0.00033052125997615
2021-03-28,0.0007741437519977807,0.043235927461976194,-0.0256460242361858,0.00033052125997615,0.027879556679447744,0.06888195169816207,0.11456719408858312,0.0221290459453118
2021-03-29,-0.0008246359624888562,0.030323048225546993,-0.014305325356829194,0.0221290459453118,-0.20077373107675026,0.04462837358237616,-0.13103816822711165,0.12361203479281384
2021-03-30,8.726384228236619e-05,0.12361203479281384,-0.01329984204435674,0.12361203479281384,0.6698354877338774,0.13691187683717046,0.5661790505555149,-0.030526219686176848
2021-03-31,0.0004011024001371677,0.016117417319579636,-0.07470451210482959,-0.030526219686176848,-0.13047346714398855,0.09082192942440913,0.2955686114012225,0.10412874283568269
2021-04-01,0.0006024645678805583,0.11597966883776924,-0.0015730669327042013,0.10412874283568269,0.047690788758966096,0.11755273577047332,0.23922857322079913,0.011257058389748215
2021-04-02,-0.0003787045354539627,0.062363354120536174,-0.016426868155280893,0.011257058389748215,0.060480112697339154,0.07879022227581696,0.21706877791831297,-0.04795728767382716
2021-04-03,-0.0002907178162025447,0.030852321789515833,-0.06022448286330494,-0.04795728767382716,-0.2909708127644628,0.0910768046528208,-0.15964843315596633,0.08449793590307779
2021-04-04,0.000684757876866124,0.08963174589879454,-0.01021649331793252,0.08449793590307779,0.08048412652279101,0.09984823921672704,-0.12903306885496094,0.044900986238497496
2021-04-05,-0.0010907673379774274,0.08031273584950525,-0.0352025818366239,0.044900986238497496,0.2410300549200178,0.11551531768612906,0.1591693199512747,0.0929368752279182
2021-04-06,0.0008874867366198956,0.1141818040001865,-0.00995447900706774,0.0929368752279182,0.2590510827144075,0.12413628300725442,0.38829840899030593,-0.07438561137836149
2021-04-07,0.0002688513501099603,0.02632813595625283,-0.11779289403090897,-0.07438561137836149,0.12436947408400531,0.14412102998716178,0.42915319001833485,0.1095574919818547
2021-04-08,0.004288565124057167,0.12009456968039041,-0.005738026690400407,0.1095574919818547,-0.27261535908279094,0.12583259637079083,0.05747993680391228,0.0807127412617513
2021-04-09,3.905522990350593e-05,0.08185809749559383,-0.030591488069182642,0.0807127412617513,0.03261567562785631,0.11244958556477659,0.018377107362672066,0.0418794138666696
2021-04-10,0.0025667795921542284,0.0725430569746118,-0.004031482370416671,0.0418794138666696,0.27037312206913117,0.07657453934502846,0.22575751541636627,0.10596696310035347
2021-04-11,-0.0019358264302383095,0.11404157947338439,-0.027829718861107824,0.10596696310035347,-0.07817165180839251,0.14187129833449222,0.0660635281513424,0.1306660883191788
2021-04-12,0.0025021189392689875,0.19333140599135745,-0.01748461746614749,0.1306660883191788,0.9297330067147034,0.21081602345750491,0.9801698103785306,-0.08563221526787661
2021-04-13,-0.0029004846287773813,0.005951282606515321,-0.11635985141452043,-0.08563221526787661,-0.42544470424690706,0.12231113402103583,0.28291532941362524,9.66186847550273e-06
2021-04-14,0.0014817280331394875,0.07166351295573302,-0.04284978436699379,9.66186847550273e-06,-0.23577331069978558,0.11451329732272691,-0.08159075620453737,-0.012744404860974503
2021-04-15,0.001493578993352371,0.013090887256243083,-0.024895450903285446,-0.012744404860974503,-0.48072160077590487,0.03798633815952855,-0.6281457492553919,-0.061589154842515356
2021-04-16,-0.00010764897737396461,0.011457444228680756,-0.09590309605214448,-0.061589154842515356,0.4017245166120372,0.10736054028082515,-0.18980271250376632,0.01978756262580427
2021-04-17,-0.0012529606833940547,0.07253150646298717,-0.0022989646046456995,0.01978756262580427,-0.2817584143641767,0.07483047106763285,-0.49972014014849264,-0.07869147504105663
2021-04-18,0.00033337517932458536,0.010783020419385779,-0.1930497381832805,-0.07869147504105663,0.25609462870508226,0.20383275860266628,-0.0005032755459636764,0.0488039701729986
2021-04-19,0.0007532120549002348,0.1150958066448522,-0.02501130193523504,0.0488039701729986,0.06202694500538319,0.14010710858008726,0.14606979704694667,0.15033199188255594
2021-04-20,-0.002572655452627838,0.15209475451015161,-0.06018545927415641,0.15033199188255594,0.2674390344150938,0.212280213784308,0.4236412170717954,-0.07241229195109022
2021-04-21,-0.0002179510797882558,0.042779904529263994,-0.08842594616376336,-0.07241229195109022,-0.09842221428761848,0.13120585069302737,0.18143846910589032,-0.07609976258817111
2021-04-22,-0.003702779677156381,0.06387313194789268,-0.1262539954287848,-0.07609976258817111,-0.013493666342700699,0.19012712737667758,0.1243877458220387,0.03981288740600622
2021-04-23,-0.0003046112312663618,0.04645605223110525,-0.1119171139243301,0.03981288740600622,0.06390900857928708,0.15837316615543545,0.1063033947800413,-0.058962838422488735
2021-04-24,0.00036667788512277264,0.00166160619860244,-0.08437477363822361,-0.058962838422488735,-0.7816265309133249,0.08603637983682602,-0.7284530000203516,0.017298594920116928
2021-04-25,-0.00031880351007984885,0.04079100771235437,-0.035942664860818686,0.017298594920116928,-0.1742619886703016,0.07673367257317303,-0.8270918764843336,0.056766079676927525
2021-04-26,-0.0006502272276952523,0.08514679058068012,-0.005490635196552574,0.056766079676927525,0.17490848315077215,0.09063742577723273,-0.48823347137837925,0.06147237091705349
2021-04-27,0.0015902136836937419,0.07917487706800058,-0.016617488536132253,0.06147237091705349,-0.005452433134681101,0.09579236560413294,-0.3520056053357249,-0.010322672725190423
2021-04-28,0.00048389478272386084,0.018159777495563637,-0.05309936779165769,-0.010322672725190423,-0.10450056001171812,0.07125914528722119,-0.29511404863833807,0.06381365712363685
2021-04-29,0.0004283012271407245,0.08870952111359545,-0.014948387519448115,0.06381365712363685,0.5905397345267287,0.10365790863304346,0.5362419108806423,0.039839032347548105
2021-04-30,0.0004699884390399816,0.045745309362683534,-0.02276950006440861,0.039839032347548105,-0.137238108683378,0.06851480942709202,0.276251749847754,-0.007613405914475068
2021-05-01,-0.002585164110159208,0.028092046960434266,-0.020688360925244943,-0.007613405914475068,-0.3451085829287365,0.048780407885679125,-0.1701721655976793,0.004436413219199883
2021-05-02,0.0010084212591885766,0.014862419375201863,-0.03866240003448425,0.004436413219199883,-0.07679031556666176,0.05352481940968612,-0.24666526507709394,0.08262315236463261
2021-05-03,-0.00031881451903482044,0.08871822575285086,-0.00031881451903482044,0.08262315236463261,0.3371569144578078,0.08903704027188576,0.1024140898863281,-0.10030087540463202
2021-05-04,0.0009346686146418729,0.0018228412826906324,-0.10840399451102387,-0.10030087540463202,0.08244322898180771,0.11022683579371438,0.1187859960629359,0.064102369917095
2021-05-05,-0.0030630333632808687,0.0710972463114126,-0.009921628179604475,0.064102369917095,-0.2988429792548721,0.0810188744910172,-0.14574958098021404,-0.028613840094814512
2021-05-06,-0.0009414516131510821,0.0026820257324563627,-0.048089607824949934,-0.028613840094814512,-0.06652924057710603,0.050771633557406264,-0.14960696883207472,-0.013860611910872796
2021-05-07,0.0011465459312040732,0.016978761641921736,-0.03391555669110555,-0.013860611910872796,-0.08307645675490127,0.05089431833302726,-0.2287460673261105,0.03390290027332884
2021-05-08,-0.00027044034880693824,0.051459944805588735,-0.00920478888340948,0.03390290027332884,0.06682729145883108,0.06066473368899822,-0.15725107302324243,0.024655202989816726
2021-05-09,0.0003269910140610023,0.04852851954948224,-0.022912629500605738,0.024655202989816726,0.09972347347060047,0.0714411490500881,0.0039230256069703135,-0.04774724285140735
2021-05-10,-0.00117636494154525,0.04243055407254706,-0.10509180507987821,-0.04774724285140735,0.17694032894102155,0.14752235915242537,0.2484836106718487,0.06289159138281898
2021-05-11,-0.00017644513566475342,0.06307821973433117,-0.012916106841225397,0.06289159138281898,-0.05827913629472232,0.0759943265755566,0.14600318244023755,-0.1337132954165485
2021-05-12,-0.0008259035185023075,0.0174040794627263,-0.1337132954165485,-0.1337132954165485,-0.12086017997537707,0.15111737487927485,-0.01634165349721343,-0.028891949191676678
2021-05-13,0.008075987653813906,0.0733823070704119,-0.1037154537524357,-0.028891949191676678,0.5424899336184867,0.17709776082284762,0.4967642626485589,0.05398005455231403
2021-05-14,-0.0008298338885136324,0.07263530784312335,-0.007729329928251009,0.05398005455231403,-0.6859152175575582,0.08036463777137434,-0.33357294275748156,-0.06877626695606606
2021-05-15,-0.0009520143698358364,0.012171550860514661,-0.07210890518399965,-0.06877626695606606,-0.07072899500789206,0.0842804560445144,-0.38158636228724674,-0.0003763360665819497
2021-05-16,-0.0006978138432406809,0.0735319564415419,-0.05097968933809247,-0.0003763360665819497,0.1509276842106283,0.12451164577963436,-0.16259424399303452,-0.09472226975800162
2021-05-17,0.0028665999029275605,0.0028665999029275605,-0.14677473803899937,-0.09472226975800162,0.23575073795651483,0.14964133794192702,0.10811843668954083,-0.0077297033114204616
2021-05-18,-0.0011186479388720894,0.04247378401111432,-0.029708205549957123,-0.0077297033114204616,-0.36737906907854356,0.07218198956107134,-0.29396253093875313,-0.4044500874670106
2021-05-19,0.0016529376321652422,0.015031937457459696,-0.5834765495007479,-0.4044500874670106,0.9060247939114263,0.5985084869582076,0.7894353140722175,0.1492923163578688
2021-05-20,-0.010284233704825719,0.2243519283136862,-0.16977075947474302,0.1492923163578688,-0.2132432876427098,0.3941226877884292,0.3506138645301493,-0.18756164659006055
2021-05-21,-0.005275911351080087,0.05461243666450965,-0.35716962064055446,-0.18756164659006055,-0.12007775351527318,0.4117820573050643,0.09543102238196816,-0.08567787158536427
2021-05-22,0.0015356590416327513,0.028515444504160433,-0.134077446526037,-0.08567787158536427,-0.48557334822334614,0.16259289103019747,-0.4656891843537534,-0.13018060538464296
2021-05-23,0.0017724993061765215,0.045751497523776,-0.33841412586105013,-0.13018060538464296,0.3209445124209144,0.3841656233848261,-0.10328999957646137,0.2724940306830515
2021-05-24,-0.006969166022223125,0.2867656750718063,-0.016577179942722856,0.2724940306830515,0.12822500594287148,0.3033428550145292,-0.033746813364535486,-0.0034685478330832064
2021-05-25,0.0005217326040457233,0.08140981459947526,-0.11522047092417234,-0.0034685478330832064,-0.06990844145683574,0.19663028552364753,-0.013185089639859395,0.09881483318332275
2021-05-26,-0.00169273405364575,0.11942704714263747,-0.020720963613359185,0.09881483318332275,-0.22819106696666439,0.14014801075599673,-0.18992773271116153,-0.03264062877750211
2021-05-27,-0.00042348260669861033,0.019902471025326322,-0.10822547735869853,-0.03264062877750211,-0.12692531449231437,0.12812794838402486,-0.2488888979550779,-0.1084184640414464
2021-05-28,0.005911681732508716,0.01527067916949123,-0.15863665071400643,-0.1084184640414464,0.12253308884536188,0.17390732988349786,-0.13006878164079325,-0.07824592874948584
2021-05-29,-0.002710918222191983,0.05037690299126155,-0.10644291663446424,-0.07824592874948584,-0.3785699999636555,0.1568198196257259,-0.4746363579871694,0.06575190777742997
2021-05-30,-3.141321868504242e-05,0.10180062722028553,-0.040814183052993676,0.06575190777742997,0.055837113545901505,0.1426148102732791,-0.2893361920319568,0.08399216745388847
2021-05-31,7.39999284693245e-05,0.08863185360226869,-0.056316620106703845,0.08399216745388847,0.17462017002683594,0.1449484737089727,0.0031554326461450655,0.023610128328640435
2021-06-01,-0.0015444284750895684,0.027806121767326143,-0.0398873571452902,0.023610128328640435,-0.12081287009854957,0.06769347891261641,-0.0840450388798996,0.10077843666110795
2021-06-02,-0.001196369321317973,0.1432344253967197,-0.03317386180567315,0.10077843666110795,0.26982322817544335,0.17640828720239285,0.2151951040999578,0.06405891462004809
2021-06-03,0.001241569921706021,0.07452314043133978,-0.0232689404964561,0.06405891462004809,-0.02634490660702874,0.0977920809277959,0.1886276883654696,-0.08895620548546887
2021-06-04,0.0008865833518749419,0.001483731883932031,-0.15529033119534263,-0.08895620548546887,0.12487450345961369,0.1567740630792747,0.2441124613141839,-0.002464664756205227
2021-06-05,-0.0011159230029105728,0.0844929016274702,-0.04261208704877011,-0.002464664756205227,-0.22441103424294287,0.12710498867624018,-0.0645634951497446,0.008641068069630383
2021-06-06,-0.00049990329781028,0.024314017260844596,-0.020930179326540174,0.008641068069630383,-0.6324194922024001,0.04524419658738483,-0.7012606239185115,-0.09729016979808891
2021-06-07,-0.0004204778263388808,0.03384127208364409,-0.10103270639760363,-0.09729016979808891,0.3312102311106393,0.13487397848124763,-0.3055391997495808,-0.009303550875549472
2021-06-08,0.002390647453364003,0.023819097134809317,-0.10953985342209191,-0.009303550875549472,0.42804229933327204,0.13335895055690136,0.2042602665684965,0.05958246400057036
2021-06-09,-0.0034960428064664244,0.06755276151096894,-0.0569058019534785,0.05958246400057036,-0.23701350036868477,0.12445856346444745,-0.03933741517685571,-0.06473177018320347
2021-06-10,-0.00017480305053104995,0.003229814316615526,-0.08383947224210095,-0.06473177018320347,-0.34679522617647046,0.0870692865587164,-0.306647472598165,-0.017904390583111888
2021-06-11,-0.00027932023015141697,0.03657835791772042,-0.030870117077249702,-0.017904390583111888,-0.09854769208890131,0.06744847499497035,-0.31607852140973147,-0.006358547925781157
2021-06-12,-9.245673882558236e-05,0.008476830577424847,-0.059909016414742146,-0.006358547925781157,-0.055785822868432935,0.06838584699216713,-0.38259780098840995,0.06451632016074994
2021-06-13,0.0008776561306975047,0.07106538587005044,-0.03743204687304729,0.06451632016074994,0.011632931187999539,0.10849743274309782,-0.3200966304983858,0.005829979091165605
2021-06-14,-0.002441978624366536,0.027889777799471896,-0.03141156437286252,0.005829979091165605,0.044721693945394964,0.059301342172334216,-0.10687506059430771,0.01286028270057957
2021-06-15,0.010637819393143143,0.029040876061607376,-0.013259573485755379,0.01286028270057957,-0.010925622749307763,0.04230044954736261,-0.011692992891756893,-0.0736739646242296
2021-06-16,-0.018233079934583757,-0.018233079934583757,-0.08347562374181276,-0.0736739646242296,-0.32317450943294174,0.06524254380722908,-0.3118612035216143,0.01630589607459143
2021-06-17,0.000515450175105077,0.04293936306082722,-0.002873908598541414,0.01630589607459143,-0.16473891577712535,0.04581327165936871,-0.4168875882665055,-0.046209001377928355
2021-06-18,0.0007788610291180012,0.012216765571136113,-0.07256915601155517,-0.046209001377928355,0.15720279741288648,0.0847859215826912,-0.1834876938074921,-0.0032619391312741198
2021-06-19,0.0022023321681901276,0.025357629310218982,-0.014092480772012658,-0.0032619391312741198,-0.3469193480253101,0.03945011008223156,-0.4711350876227453,0.012887123596391575
2021-06-20,-0.003168102409086889,0.0150089234008037,-0.07718411489657614,0.012887123596391575,0.43166315748517725,0.09219303829737986,0.09259160154880189,-0.22708185665206768
2021-06-21,-0.0021800915159551483,0.00508061570492717,-0.23282094987502683,-0.22708185665206768,0.50540461854983,0.23790156557995412,0.6611298789383823,-0.034411458167646646
2021-06-22,-0.0007052339010040676,0.07133948137238284,-0.18020939621761647,-0.034411458167646646,0.33955747640069045,0.2515488775899994,0.8427784963353295,0.11759612032360826
2021-06-23,0.0009166756727543088,0.1661004363278755,-0.037415054542618675,0.11759612032360826,-0.254560479220436,0.2035154908704942,0.3198064870505328,0.04614197348044818
2021-06-24,0.006004718464770017,0.07109966957296265,-0.0433931977129528,0.04614197348044818,-0.31069503399840226,0.11449286728591546,-0.11768426282451064,-0.09082614518507512
2021-06-25,0.0005996883027318948,0.017931970487949322,-0.11157357655375347,-0.09082614518507512,-0.0024366619303751685,0.12950554704170283,-0.2067599289013292,-0.00778125829147426
2021-06-26,-0.0017306616325094572,0.02914592158726668,-0.06233879728955326,-0.00778125829147426,-0.18740526986971612,0.09148471887681978,-0.4327934383506618,0.03905362388176952
2021-06-27,0.0015277798027908105,0.041054288919081854,-0.03328547022466055,0.03905362388176952,-0.23366410712519275,0.07433975914374236,-0.5972789326656747,-0.0035610998772432887
2021-06-28,0.0008657883311072642,0.027674483433238847,-0.02302958586407709,-0.0035610998772432887,0.12419929415577222,0.05070406929731592,-0.2675635084385993,0.03621424186302379
2021-06-29,0.0013288727752553298,0.08569322510318113,-0.0010814857513637463,0.03621424186302379,0.12217368815825463,0.08677471085454487,-0.007704513222191888,0.010221405209337583
2021-06-30,0.002485996868967098,0.015172903647893346,-0.06336780507054933,0.010221405209337583,-0.022281599982425185,0.07854070871844278,0.009233541594683996,-0.05099021514457034
2021-07-01,0.0007630108499251274,0.0007630108499251274,-0.07429527415388061,-0.05099021514457034,-0.33785259237530135,0.07505828500380579,-0.28367673457006004,-0.00276324446983677
2021-07-02,-0.0016110440781198874,0.008303754825559723,-0.03843720688355454,-0.00276324446983677,-0.18043469622714525,0.046740961709114355,-0.3995058416406263,0.03693354885465442
2021-07-03,-0.0007221547098210804,0.051475853522020464,-0.013975965338765817,0.03693354885465442,-0.01766999802209183,0.06545181886078628,-0.37021123637718895,0.03134067427202342
2021-07-04,-0.00041440608776199773,0.053772272636992975,-0.018442186262272838,0.03134067427202342,0.21967123161948152,0.07221445889926573,-0.07204160804800802,-0.017551694720030795
2021-07-05,-0.0001535258737254568,-0.0001535258737254568,-0.04727195912925435,-0.017551694720030795,0.0812780602357975,0.047118433255529,0.08718273152255172,0.059560172614135584
2021-07-06,-0.0006034123112921838,0.06138489364211941,-0.0006034123112921838,0.059560172614135584,0.38123407667825654,0.06198830595341174,0.5279655467089303,0.020318603469889326
2021-07-07,-0.0023179270366800522,0.055256535660509594,-0.007521469809593371,0.020318603469889326,-0.06372949727417677,0.06277800547010282,0.34190952379095463,-0.05360746715144438
2021-07-08,0.0013284742208346132,0.0013284742208346132,-0.0709975472462979,-0.05360746715144438,-0.09292798133050668,0.07232602146713261,0.12929579804361982,0.01932518582362179
2021-07-09,-0.0013436960977908688,0.02863253016645747,-0.028091132413466606,0.01932518582362179,-0.3268401978762683,0.0567236625799241,-0.2865026012113099,-0.0010887684992132158
2021-07-10,0.0016157707329232595,0.013977560849984359,-0.01784516800072587,-0.0010887684992132158,-0.14119441363210924,0.03182272885071018,-0.42450708553901284,0.018464236568817797
2021-07-11,-0.0002650149188979916,0.03301527701988699,-0.011136391421588121,0.018464236568817797,0.008541263877780968,0.0441516684414752,-0.37923911850626907,-0.017869584425201243
2021-07-12,1.0139886366167375e-05,0.0373353469369462,-0.04084891231081108,-0.017869584425201243,0.30521686086194993,0.07818425924775733,0.049942984902287144,-0.024050289642497977
2021-07-13,-0.00018746736803295939,0.00619881335756054,-0.03486512321842306,-0.024050289642497977,-0.27056272912420043,0.041063936575983735,-0.1598495595615539,0.001925584440616503
2021-07-14,0.0004579387314542822,0.014162428848394134,-0.060567547111346466,0.001925584440616503,0.2903555381790059,0.07472997595974065,0.22506844760808598,0.018691468154641136
2021-07-15,0.00030462992852312785,0.045735744290849555,-0.025365992471380137,0.018691468154641136,0.3086197705227996,0.07110173676222967,0.49079050554072495,-0.03966173556242949
2021-07-16,0.0014172062402347855,0.024298425029044578,-0.043143534721047816,-0.03966173556242949,-0.28374908741923194,0.06744195975009251,0.0630993139625654,-0.008244417302388602
2021-07-17,-0.00016751615932979237,0.011633148066521513,-0.025397273736452102,-0.008244417302388602,-0.26245466909668724,0.037030421802973564,-0.26034819845401913,0.006575962018388324
2021-07-18,0.00032624845789714946,0.028270126791110343,-0.0017508460243597012,0.006575962018388324,-0.034223580128235766,0.030020972815470153,-0.25633962240201474,-0.07716072447876653
2021-07-19,-0.000702044587267625,0.004448868586775624,-0.07826872557286724,-0.07716072447876653,0.1882615388023359,0.08271759415964279,-0.07091836404952931,-0.05594780782830038
2021-07-20,0.0019492414198481356,0.011318978726737478,-0.09026180424051133,-0.05594780782830038,0.18328333245140377,0.1015807829672488,0.1287321413781868,0.09966363800704023
2021-07-21,-0.0010868718324311669,0.12083855804426626,-0.013520892464100926,0.09966363800704023,0.07319442938614847,0.13435945050836706,0.2562169428940847,0.0037865066151320124
2021-07-22,0.0020875018724857966,0.0198760225784342,-0.016537670382321557,0.0037865066151320124,-0.26952565798243244,0.03641369296075583,-0.04825329194248514,0.019031156493181225
2021-07-23,-0.00013563542175685215,0.024731159048337486,-0.04152957105882056,0.019031156493181225,0.21281813240665326,0.06626073010715809,0.13981226657190257,0.00927538657132049
2021-07-24,-0.0007859797136306125,0.02819226189698598,-0.010653468459889546,0.00927538657132049,-0.11745999489172705,0.03884573035687559,-0.04901336802793303,0.0012052391645205863
2021-07-25,-0.000745962441057724,0.006553151437612375,-0.03086571973104362,0.0012052391645205863,-0.19633168034285411,0.03741887116865605,-0.26027985814165683,0.006729421653665102
2021-07-26,0.0009806266276426614,0.08003084728459622,-0.00443636404301329,0.006729421653665102,0.64348354964563,0.08446721132760956,0.43805764226248267,0.029526953210042003
2021-07-27,-0.0011632335510149913,0.04462033805447662,-0.01989062830320634,0.029526953210042003,-0.3186589032727712,0.06451096635768293,0.04796876808122633,-0.0005548374176725962
2021-07-28,0.0014419156050772474,0.015314689888557638,-0.017301573572048208,-0.0005548374176725962,-0.13953511565968876,0.03261626346060593,-0.1327891366789059,0.010539342820792493
2021-07-29,0.0006078715412510714,0.019995853299388727,-0.013762835936689323,0.010539342820792493,-0.16112742564121643,0.03375868923607792,-0.26960901947151805,0.019260588323333713
2021-07-30,0.0009928353929034759,0.026483407732072195,-0.031231528038037124,0.019260588323333713,0.137659415694122,0.05771493577010939,-0.10283397692992088,0.03241987984897307
2021-07-31,-0.0011479880644480079,0.04574861730233436,-0.016308473306023814,0.03241987984897307,0.07809804381232105,0.062057090608358255,-0.05134017300897075,-0.0001966385969653262
2021-08-01,-0.00377536390702293,0.040735968748099594,-0.012695630707013066,-0.0001966385969653262,0.040164676844113845,0.053431599455112465,0.08804200058568286,-0.007165050237111412
2021-08-02,-0.001683028411596584,0.013576203511015154,-0.02142446901532319,-0.007165050237111412,-0.2823268599710021,0.0350006725263382,-0.18424109099267064,-0.02555883166765547
2021-08-03,-0.0006981504001002807,0.01061045926806299,-0.0401809045304081,-0.02555883166765547,0.012510500407928074,0.05079136379847111,-0.1368158587864706,0.03701706001847551
2021-08-04,0.0023468539129317925,0.04311535970139612,-0.008421108393586644,0.03701706001847551,-0.06521634182429678,0.051536468094982794,-0.19958878720236453,0.008784570011700384
2021-08-05,-1.813291233442426e-05,0.015199960087836717,-0.03346223618646565,0.008784570011700384,0.19273723469389328,0.04866219627430228,0.03360845426647888,0.012538559705234003
2021-08-06,0.00021927873820148472,0.02677593885788871,-0.01856331600739975,0.012538559705234003,0.04585335099885309,0.04533925486528852,0.10195357751689361,0.03899273748809999
2021-08-07,0.0006995945383484125,0.050198717198305154,-0.004520535485836589,0.03899273748809999,0.15855948704809333,0.054719252684141705,0.28319082392621425,-0.03920388897232179
2021-08-08,0.0014752001886643704,0.01117374382496041,-0.05337141124739799,-0.03920388897232179,-0.20702949588763073,0.06454515507235838,0.0016526301457133342,0.037024270250193655
2021-08-09,-0.0004341290455847805,0.04385363622121799,-0.024843251417255574,0.037024270250193655,0.0634147416554825,0.06869688763847362,0.04181720567095926,0.04674686103899629
2021-08-10,-0.00145813368409854,0.056827644728916035,-0.01605504527093466,0.04674686103899629,0.2658703190112899,0.07288268999985058,0.26204304690440877,0.05187067393979517
2021-08-11,0.0003745544519299741,0.09393860704235663,-0.0019865140766502603,0.05187067393979517,0.1675259303424957,0.09592512111900693,0.35963928556298025,-0.015273607014710922
2021-08-12,-0.0008983479832330142,0.03593675740284862,-0.05115622161221829,-0.015273607014710922,-0.13702951790497583,0.08709297901506682,0.12408766626197594,0.06309083725645863
2021-08-13,0.0005832580440029585,0.06363977959113477,-0.006767470426888672,0.06309083725645863,-0.2514050661882243,0.07040725001802342,-0.15888825466642809,-0.004659638807593509
2021-08-14,-0.0003927001498155296,0.01922388336557641,-0.025116212760734384,-0.004659638807593509,0.15998116646559243,0.0443400961263106,-0.016279554973981862,0.013502749107125879
2021-08-15,-0.00012781306748219388,0.014312773200867998,-0.030202781409210074,0.013502749107125879,-0.10256037571934926,0.04451555461007813,-0.15465366047833515,0.0069125185138403334
2021-08-16,-0.0005726882361005577,0.05175738918967045,-0.008409143242514705,0.0069125185138403334,0.36119114209719394,0.06016653243218514,0.23744245854281018,-0.03798927664297025
2021-08-17,-0.003363329310539098,0.04279245694975227,-0.0433856132991464,-0.03798927664297025,-0.018471544631927055,0.08617807024889865,0.21146052033982238,-0.009141831550729571
2021-08-18,-6.682202283230176e-05,0.02554092512388002,-0.035694748409540754,-0.009141831550729571,-0.11719163610676055,0.061235673533420576,0.060689635021509605,0.07899861843217225
2021-08-19,-0.004421748013747223,0.07962804748819158,-0.017110739597137624,0.07899861843217225,0.10805636805774146,0.09673878708532925,0.1176991075476422,0.05407518530621003
2021-08-20,-3.2076663369868134e-05,0.059921344195830305,-0.020886973884473286,0.05407518530621003,-0.03905341654286694,0.08080831808030356,0.0332813856977811,-0.01331215882425722
2021-08-21,0.00043311522655204544,0.011624788633206512,-0.022133349518634295,-0.01331215882425722,-0.14500447766299052,0.03375813815184061,-0.1631293870648099,0.00029675643936598393
2021-08-22,0.0006799761760670691,0.020903204708478704,-0.021962759344248108,0.00029675643936598393,-0.14912593752016085,0.04286596405272689,-0.27138099992195086,0.10724723510601708
2021-08-23,0.00011572881320241024,0.1259790669529294,-0.003093756739748217,0.10724723510601708,0.7474148795181021,0.1290728236926775,0.5402927125255295,-0.05826772378349897
2021-08-24,0.0006541650125997778,0.008390010685417615,-0.07935269058796866,-0.05826772378349897,-0.25861754319289565,0.08774270127338632,0.15093802594189368,0.06404359953516095
2021-08-25,0.0012853763137551989,0.07099829160124337,-0.0020297238923130353,0.06404359953516095,0.09930554922240589,0.07302801549355643,0.217275223056509,-0.04845179966252633
2021-08-26,0.0015228182425723828,0.03126916871975604,-0.06311884909833625,-0.04845179966252633,-0.00349755030577495,0.09438801781809228,0.15239741005651897,0.03183115782325604
2021-08-27,-0.000785154195911211,0.03286933000084912,-0.023456211034032025,0.03183115782325604,-0.2459039698430984,0.05632554103488102,-0.1725330527588796,-0.01693074990927371
2021-08-28,0.00034763722425433275,0.0048149317200547785,-0.022856745405714647,-0.01693074990927371,-0.42445068741577585,0.02767167712576941,-0.6442061427061125,-0.012238192265444797
2021-08-29,2.3977064369919003e-05,0.019309345358404534,-0.018676368909887713,-0.012238192265444797,0.05046983688659213,0.03798571426829227,-0.44687970918291614,-0.044256737258403296
2021-08-30,1.4423662685938165e-05,0.0017653839843855424,-0.047171733190022144,-0.044256737258403296,0.12933710690324243,0.048937117174407734,-0.22528823730594622,0.01066776633522103
2021-08-31,0.0024632586835774094,0.03798916793936267,-0.015363832211410028,0.01066776633522103,0.16962115300504582,0.0533530001507726,0.051929512044845895,0.05375905330860977
2021-09-01,-0.00031401809075831287,0.05375905330860977,-0.01882442613303575,0.05375905330860977,-0.031812810817182464,0.07258347944164553,0.10318832890892154,-0.012623861872153886
2021-09-02,-0.00042621837170525237,0.029103982361998768,-0.020682670469721182,-0.012623861872153886,0.008977853027320045,0.04978665283171999,0.13748545580875035,0.00963201429464943
2021-09-03,-0.00033990499071444617,0.021413426996352587,-0.018131524465159424,0.00963201429464943,-0.12486360267016007,0.03954495146151204,-0.04935482276140132,0.01920376494716473
2021-09-04,-0.0004046888486552839,0.04296996405626425,-0.005641280669615057,0.01920376494716473,0.11877363155602509,0.04861124472587911,0.04304652380281614,0.013047864257397138
2021-09-05,-0.0007502951562845027,0.014031935203453817,-0.017424341367051194,0.013047864257397138,-0.1956916318582824,0.03145627657050496,-0.1796803220674116,-0.017380676658386808
2021-09-06,0.0001549889247702169,0.008293292952389371,-0.032099678914809915,-0.017380676658386808,0.1496970503106553,0.040392971867199395,0.013012728866421254,-0.1721191468201458
2021-09-07,0.00022446060789043575,0.017347535058479035,-0.2867168433486842,-0.1721191468201458,0.7064048385091474,0.30406437840716327,0.7283828831311379,-0.005754439931647392
2021-09-08,0.000981761224508275,0.018944218906776798,-0.08306050252439276,-0.005754439931647392,-0.41904034053998185,0.10200472143116941,0.12787911074653316,0.014722848862742551
2021-09-09,-0.0232315426106884,0.048442728862632164,-0.02584713713801279,0.014722848862742551,-0.2065371988559361,0.0742898660006449,-0.14513457032544871,-0.04776316569473186
2021-09-10,-2.680351915764835e-06,0.04104812660015421,-0.06676362660978374,-0.04776316569473186,-0.03635490503065402,0.107811753209938,-0.18739368302876203,0.009677539766168782
2021-09-11,-0.0008925482020998001,0.033627612988814524,-0.003298433132732053,0.009677539766168782,-0.38650730854234083,0.03692604612154677,-0.6027457488486283,0.027137908213566164
2021-09-12,-0.000316192256104822,0.037937398925374496,-0.018655635462958977,0.027137908213566164,0.06464010828736128,0.05659303438833348,-0.4924392461720424,-0.04320587003952451
2021-09-13,0.0002720469041748928,0.006217468493426242,-0.07810670829309782,-0.04320587003952451,0.2721081916781189,0.08432417678652404,0.008680797411474143,0.03731601393094125
2021-09-14,0.0003591291771643868,0.037517118044765325,-0.006656058598840082,0.03731601393094125,-0.3170304633104284,0.04417317664360544,-0.23729624918144795,0.04065269685663676
2021-09-15,0.0006208614958056079,0.052160291082287535,-0.009172690989895397,0.04065269685663676,0.14008468402052282,0.06133298207218291,-0.015646515188853002,-0.01582563846009004
2021-09-16,-0.000307045783362698,0.004093719581554436,-0.03598030565869811,-0.01582563846009004,-0.06622900503807332,0.04007402524025246,-0.030475048895806305,-0.0433528915770257
2021-09-17,-0.0005786837098705291,0.002626963128373763,-0.05520441061634711,-0.0433528915770257,-0.1264005707302195,0.057831373744720874,-0.1740567142863126,0.01021850833033676
2021-09-18,-0.00041908901112776666,0.032348836581710366,-0.012009799307829083,0.01021850833033676,-0.14620479893065721,0.04435863588953945,-0.30290765833060856,-0.005706596358611572
2021-09-19,-0.0005020054688487625,0.02017748673820143,-0.017410936177611722,-0.005706596358611572,-0.05251313139563039,0.03758842291581311,-0.250380314762623,-0.12087246834106834
2021-09-20,0.00010257379167937801,0.0028642971603986566,-0.13392143131035822,-0.12087246834106834,0.6341212899028058,0.13678572847075676,0.4292360060746569,-0.049355500325148426
2021-09-21,0.005750870035165729,0.03715069477402978,-0.06550762428179575,-0.049355500325148426,-0.13642399965602914,0.1026583190558255,0.22869149448166998,0.09650283176194287
2021-09-22,-0.002526016003832977,0.09799895723268591,-0.005397317114865032,0.09650283176194287,-0.19733142526004985,0.10339627434755086,-0.007713962899783694,0.011477372693148318
2021-09-23,-0.0007505127340432757,0.013967149109816834,-0.02613532840337731,0.011477372693148318,-0.0630142658184728,0.04010247751319415,-0.08972852672310237,-0.07716641122968812
2021-09-24,-3.673431612093145e-05,0.003897530677545996,-0.13453432398101323,-0.07716641122968812,0.27779161089818766,0.13843185465855923,0.15767390184457117,-0.015417819997731256
2021-09-25,0.00025634427528464196,0.014844350595868794,-0.03181183665764317,-0.015417819997731256,-0.4047258312971594,0.04665618725351192,-0.33713760820367994,-0.016420616418139446
2021-09-26,1.6572348923364181e-06,0.008022079600820372,-0.08811785712244562,-0.016420616418139446,0.34399401787298195,0.09613993672326586,0.11028410874306212,-0.02348978317870326
2021-09-27,0.0013644524603992304,0.037386273649627655,-0.024682544498661512,-0.02348978317870326,-0.2620338438197401,0.06206881814828903,-0.14182178640293136,-0.009439753192016861
2021-09-28,-0.0011418682464763678,0.023762308521301605,-0.018363689584458377,-0.009439753192016861,-0.152164785712939,0.04212599810575979,-0.27399678398125055,0.09981429786500914
2021-09-29,0.0010963662618630114,0.11870397496225935,-0.004767867455202557,0.09981429786500914,0.6114959317751253,0.12347184241746195,0.3711980020791629,0.05051819471133664
2021-09-30,-0.000553382764233545,0.05364314239500343,-0.0036626093878605742,0.05051819471133664,-0.2837966628030643,0.057305751782864026,0.05106439053829229,0.08558657747739022
2021-10-01,0.0014938657269495058,0.08961286829541086,-0.012808382563732639,0.08558657747739022,0.1855687303360623,0.10242125085914344,0.18995801685322244,0.015193475224028133
2021-10-02,-0.0003940296203001937,0.038303798736313815,-0.02547296076266717,0.015193475224028133,-0.21683818234193328,0.063776759498981,-0.04943425501418281,0.005614903822228325
2021-10-03,-0.0017469719708762227,0.020809946986988775,-0.01449245314221047,0.005614903822228325,-0.16854976818932896,0.035302400129199295,-0.24323493909002306,-0.01111807141253605
2021-10-04,0.00017578488171952843,0.000503385281894041,-0.044060612452334176,-0.01111807141253605,0.11318590363301714,0.0445639977342284,-0.14869858251335616,0.03905648410026899
2021-10-05,0.0010923044850547126,0.04178166417512065,-0.0038466283040745155,0.03905648410026899,-0.07586761080878195,0.04562829247919516,-0.14413518215881932,-0.01663793430725155
2021-10-06,-0.0006776455803452229,-0.000512518957026579,-0.06302002099551793,-0.01663793430725155,0.2731222050627155,0.06250750203849129,0.16001644021310904,0.007688264511104486
2021-10-07,-0.0010098154915551849,0.03283680056338482,-0.02580591637955455,0.007688264511104486,-0.021845774221482418,0.05864271694293931,0.15660614667175377,-0.045842105161776205
2021-10-08,-0.0006531850202014394,0.006252709541223403,-0.05157555820379579,-0.045842105161776205,0.3106196375887264,0.057828267745019264,0.4411103548766391,0.005822686499745498
2021-10-09,-0.0008260811314249867,0.016265795362096276,-0.005450731634622295,0.005822686499745498,-0.6451451971844046,0.021716526996718576,-0.33518086116500395,-0.039878957756890515
2021-10-10,0.0005839028687034632,0.0011876391006796175,-0.045424349522675586,-0.039878957756890515,0.022662203913853353,0.04661198862335528,-0.28753812769268666,0.020493424459537193
2021-10-11,-0.0013385420983837437,0.044613653304283976,-0.009545150088288835,0.020493424459537193,0.02477822837860476,0.05415880339257272,-0.2533453806071219,0.07097454530497393
2021-10-12,7.388198968217128e-05,0.07097454530497393,-0.051834774046108006,0.07097454530497393,0.7575727915040058,0.12280931935108204,0.5620598645899598,0.05880037253680267
2021-10-13,0.0012116014384250641,0.060725713100306306,-0.0214530524743347,0.05880037253680267,0.4938747160936026,0.0821787655746411,0.9322337179965995,0.0026999226183461373
2021-10-14,-0.00044838343934574555,0.02495459882361559,-0.01907477963133954,0.0026999226183461373,-0.727826528997095,0.04402937845495509,-0.013770806573910683,0.003553334255216532
2021-10-15,0.0012237752469035981,0.009978284804479414,-0.03914934416170093,0.003553334255216532,0.12023459270837596,0.04912762896618034,0.024123860327729233,-0.017161698190391497
2021-10-16,0.0006163428421411825,0.020591077203841835,-0.02174863499666872,-0.017161698190391497,-0.38723658752089396,0.042339712200510554,-0.45833153429638895,0.010644687815119725
2021-10-17,0.00017104124907834644,0.014192073139570598,-0.02223054562520474,0.010644687815119725,-0.14538866382809967,0.036422618764775476,-0.6319424728976253,0.03031501227853813
2021-10-18,0.0006136317317106002,0.03522689867645113,-0.006482090515340243,0.03031501227853813,0.19443582539422005,0.04170898919179134,-0.3359287646428659,0.006242632005657604
2021-10-19,-2.390549328216373e-05,0.024731894304306303,-0.006488369192398813,0.006242632005657604,-0.08085021197345714,0.031220263496705113,-0.16176126861238035,0.02602625849565395
2021-10-20,-0.00019469673419280942,0.03446846136564521,-0.012165984906998887,0.02602625849565395,0.02459721907003669,0.04663444627264395,-0.0760895807180143,-0.06124322964079995
2021-10-21,0.0006534817681463843,0.007215717772897621,-0.06941340144914585,-0.06124322964079995,0.4887150218756738,0.07662911922204341,0.5065247972638737,0.015551907936222097
2021-10-22,-0.0006315882964367035,0.05522513304893874,-0.0006315882964367035,0.015551907936222097,-0.4511659329559103,0.05585672134537538,-0.06405535441782341,0.01506073405601
2021-10-23,0.0006247020622681629,0.01506073405601,-0.011621975361489553,0.01506073405601,-0.5166033320003858,0.026682709417499485,-0.6104422914714773,-0.019269031280415995
2021-10-24,0.0001722605451591193,0.0018428345566877215,-0.037124345427232405,-0.019269031280415995,0.062349959696965954,0.03896717998392024,-0.4680729782051634,0.01666978078943959
2021-10-25,-0.0014883354128533259,0.025399297134912978,-0.003701414713935297,0.01666978078943959,0.0709249985002472,0.029100711848848333,-0.3351364015690234,-0.013753683107201105
2021-10-26,0.00012750393744695676,0.01052757675748067,-0.01949950181361056,-0.013753683107201105,0.10520096149284075,0.030027078571091142,-0.16902569751365223,-0.06262245212449252
2021-10-27,0.00020082349189116236,0.016890090033083876,-0.08187755119858982,-0.06262245212449252,0.45397150267861824,0.09876764123167368,0.48502097069010475,0.09146959287294516
2021-10-28,-0.00027210759667927305,0.09734510609998848,-0.0030966614816714715,0.09146959287294516,0.11563593685615609,0.10044176758165992,0.5496015479312705,0.07365350450690618
2021-10-29,0.000847221370894323,0.08090267635567666,-0.006409260422967042,0.07365350450690618,0.01529765955162788,0.08731193677864388,0.38920968399737627,-0.003216755559498137
2021-10-30,0.0003786162738229428,0.019292086473208264,-0.033973346565604245,-0.003216755559498137,-0.19498975653713144,0.053265433038812475,0.04815846287585154,-0.006760096479126187
2021-10-31,0.0011852671473656505,0.012891459452267958,-0.033428179974429234,-0.006760096479126187,-0.0555511087389667,0.046319639426697305,-0.08616058169776854,0.05001222616696396
2021-11-01,0.0007125695635680465,0.05149455598155748,-0.023518098291291895,0.05001222616696396,0.19983961563689429,0.07501265427284932,0.0628443303538352,0.005773193518657493
2021-11-02,0.0008914536091872344,0.022895341242021198,-0.023597456364315633,0.005773193518657493,-0.05449187783055829,0.04649279760633687,-0.00793395639805274,0.02516754741320046
2021-11-03,0.0001979093165721349,0.02811887677375935,-0.02912728705869085,0.02516754741320046,0.06706125210446337,0.057246163832450264,0.07796697292835301,-0.015672332712689894
2021-11-04,-1.1808163080094555e-06,0.0009536441503721264,-0.04258013655127356,-0.015672332712689894,-0.12741447318912652,0.043533780701645694,-0.04100800148375918,0.08377264612075842
2021-11-05,-0.0006197715159128173,0.09509875378261334,-0.008398400835064691,0.08377264612075842,0.486229176753203,0.10349715461767806,0.43966694332706147,0.04413749708701808
2021-11-06,-0.0006320632410070016,0.04413749708701808,-0.019717715903495303,0.04413749708701808,-0.27938161560624986,0.06385521299051342,0.033571508993756737,0.022292924820244878
2021-11-07,0.0032521138909486318,0.050923137006362994,-0.006362881400787822,0.022292924820244878,0.08189391513900227,0.05728601840715085,0.09744909220651662,0.005918247684148926
2021-11-08,2.0549586975176e-05,0.008053593553255056,-0.02769469885261353,0.005918247684148926,-0.06470905930268649,0.03574829240586865,-0.011292963070451509,-0.02966375913266946
2021-11-09,-0.00048097919518980586,0.004156904323112474,-0.03417484765897813,-0.02966375913266946,-0.2516114878578989,0.038331751982090656,-0.2809531862762819,-0.03185080948346523
2021-11-10,-0.00023967596385855052,0.041803336266464736,-0.09422275932064822,-0.03185080948346523,0.5078239525826048,0.13602609558711304,0.2311024604207878,0.023474584351617252
2021-11-11,0.0002878349485815207,0.03130564119202841,-0.014519349770984603,0.023474584351617252,-0.4449651250530644,0.04582499096301316,-0.2123489699303614,-0.0051726764887034225
2021-11-12,-0.001188381691099473,0.007320797697326861,-0.04170534117027487,-0.0051726764887034225,-0.058242988781444634,0.04902613886760168,-0.2398529689464532,0.03675631401554769
2021-11-13,0.0006972402722991891,0.04474875120436802,-0.009709088748274147,0.03675631401554769,-0.047742376507595594,0.054457839952642244,-0.2283224037524641,0.0012512698698634622
2021-11-14,-6.440732168890314e-05,0.015096193787638743,-0.024217246343722167,0.0012512698698634622,-0.00226677815182515,0.039313440131360795,-0.17448366203387902,-0.02783654617640555
2021-11-15,3.844405832091439e-05,0.013922972756042973,-0.029585783351814162,-0.02783654617640555,0.021409922613251947,0.043508756107857184,-0.14524235784145112,-0.07072498594513538
2021-11-16,0.0029952583786080037,0.003487688193285763,-0.09760413170914664,-0.07072498594513538,0.5638444541891312,0.10109181990243245,0.5480511763479218,-0.020087918148709114
2021-11-17,-0.0008392683650621093,0.005554382828160129,-0.06207759860185681,-0.020087918148709114,-0.33281349292113693,0.06763198143001684,0.09191539889556913,-0.08264433875849315
2021-11-18,-0.00010020063892888625,0.016844137572023854,-0.10894266752761517,-0.08264433875849315,0.07555011622312037,0.12578680509963902,0.12807167003601855,0.08857395143844277
2021-11-19,-0.0013771807798547496,0.09605820594843041,-0.013231837209331049,0.08857395143844277,-0.1618858550641183,0.10929004315776142,-0.09509356163479607,0.03764533050497857
2021-11-20,-8.99513481368889e-05,0.039373085563726706,-0.01299491839838218,0.03764533050497857,-0.06018516281112588,0.052368003962108896,-0.18273045033503363,-0.031194593593363115
2021-11-21,0.0009418087787900426,0.0022118755091778174,-0.03926947858360401,-0.031194593593363115,-0.12798630355461074,0.0414813540927817,-0.32412717424861637,-0.04573804897154953
2021-11-22,-0.0008177942202727809,-0.0002490543924510606,-0.05446230470658559,-0.04573804897154953,0.09126765538757027,0.054213250314134646,-0.10407029435403016,0.05618285890392087
2021-11-23,0.0007923078575627673,0.0790012936771227,-0.0001527286326850866,0.05618285890392087,0.2623202656418856,0.07915402230980798,0.19516825312944114,-0.017128576340802414
2021-11-24,-0.0004126692190711425,0.00571779792196614,-0.023836601366778235,-0.017128576340802414,-0.003427121610611413,0.029554399288744468,0.19088471202951146,0.0376965035072951
2021-11-25,0.015296482904653786,0.10685166926654703,0.011057541262174139,0.0376965035072951,-0.13962706863723662,0.09579412800437263,0.01569688739984836,-0.03126377332861074
2021-11-26,0.056782639685402654,0.08533699347472805,-0.06359186815561228,-0.03126377332861074,0.5169062344491683,0.14892886163034033,0.5166341582769391,0.025627140890437862
2021-11-27,0.003337162460821008,0.06008984856576488,-0.0006034956603976442,0.025627140890437862,-0.5374926584064159,0.060693344226162634,-0.1806693128454506,0.01820632347955732
2021-11-28,0.0011147801364074837,0.02044588432983572,-0.04390148241109438,0.01820632347955732,0.09442990694822415,0.06434736674092993,-0.10180471499791902,0.02094999253156784
2021-11-29,0.0006472135885479645,0.02763393408304682,-0.014704198781060931,0.02094999253156784,-0.11875295008291332,0.04233813286410774,-0.20752803989491772,-0.00263067379715191
2021-11-30,-0.0005657257304317185,0.017181807513987228,-0.031637518248055205,-0.00263067379715191,0.1368390664155728,0.04881932576204256,-0.03719830359411073,0.008478415088101819
2021-12-01,-0.0013772706454588974,0.04334532531610276,-0.0055926522219228,0.008478415088101819,0.008959108481708505,0.0489379775380257,-0.045022269015762395,-0.013630352986978659
2021-12-02,-0.0006367270984985513,0.0030423066215081777,-0.03454643825445149,-0.013630352986978659,-0.16538230328405146,0.03758874487595966,-0.10655402542275533,-0.04091509139372811
2021-12-03,0.0013371159224471164,0.01417925201806191,-0.06610332507206468,-0.04091509139372811,0.04302924205844502,0.08028257709012647,-0.05542231998225311,-0.043933205196115474
2021-12-04,0.002540671150537315,0.002540671150537315,-0.18312450541509567,-0.043933205196115474,0.5851866223962594,0.18566517656563292,0.5488668217976529,-0.020046082275917497
2021-12-05,-0.0007485832176290475,0.022121829573362478,-0.045737131251472225,-0.020046082275917497,-0.6217304134830518,0.06785896082483475,-0.2194377720279391,0.054890860280104814
2021-12-06,0.00029879377144833484,0.06187114271747863,-0.0430806585180377,0.054890860280104814,0.3988020863984225,0.10495180123551644,0.20568569935738115,-0.016367731923467528
2021-12-07,-0.00024675801327339456,0.0076803048712010685,-0.027384709021447528,-0.016367731923467528,-0.5237787997476963,0.03506501389264871,-0.3691678405168748,0.04701160550459086
2021-12-08,-0.0008753372871965349,0.047321156977828835,-0.021047766153970613,0.04701160550459086,0.06084164846468195,0.06836892313179949,-0.2907802237603656,-0.06097973343063559
2021-12-09,-0.0015760595077291834,0.014792409502990647,-0.06731382907844345,-0.06097973343063559,-0.051420451578765625,0.08210623858143404,-0.3262348310696467,-0.033227075321916294
2021-12-10,-0.0011691778147554933,0.03935910668197395,-0.0354557628745999,-0.033227075321916294,-0.020370030580033633,0.07481486955657377,-0.17539730043734258,0.020327845613545253
2021-12-11,0.0012727265219569794,0.03417570677431343,-0.018988932444589234,0.020327845613545253,-0.13558493707039848,0.05316463921890263,-0.28624404887258365,0.011454972595436135
2021-12-12,-0.00032095188090505657,0.017325832197020732,-0.008555114325667263,0.011454972595436135,-0.33333298026786545,0.025880946522687902,-0.4647538812782768,-0.09130858648105383
2021-12-13,0.0006190090484147729,0.0035995478197775343,-0.1087592416861551,-0.09130858648105383,0.37414255809743974,0.11235878950593281,-0.0100652714167577,-0.018953945314097647
2021-12-14,-0.0007293913866588158,0.028917058511181468,-0.020536862757253135,-0.018953945314097647,0.16071911229490934,0.04945392126843468,0.18719878979543583,0.05665078897049276
2021-12-15,0.03308828155548936,0.06685889787490393,-0.01615368322239564,0.05665078897049276,-0.07081198221808593,0.0830125810972996,0.10569964243418406,-0.027699369623374253
2021-12-16,0.0006962682043763426,0.007595469995129987,-0.029839206832381036,-0.027699369623374253,-0.32625489695874227,0.037434676827510865,-0.21946983155570046,-0.0010270844951947042
2021-12-17,-0.0001857045221372539,0.017297182865918595,-0.028030280141108883,-0.0010270844951947042,0.18443206121305275,0.04532746300702746,0.00025952753559119174,0.01544967819474111
2021-12-18,0.0008861563608284105,0.02277830511589773,-0.0160736039162148,0.01544967819474111,-0.3322650684765787,0.03885190903211257,-0.3856482346000137,-0.007368106173175002
2021-12-19,0.00023810292777335236,0.018298673892654244,-0.011526659525140388,-0.007368106173175002,-0.07620860864286828,0.029825333417794548,-0.3960323909576886,-0.01293218497129503
2021-12-20,-0.0004605426859204086,0.009031582980332103,-0.045555920633203774,-0.01293218497129503,0.20150505743283162,0.05458750361353581,-0.07135736013680208,0.010549889408299517
2021-12-21,0.0004318034626532137,0.02257304340164857,-0.010379771772359537,0.010549889408299517,-0.003880604123782902,0.032952815174008096,0.005670630103821488,0.009288780100479708
2021-12-22,0.00011681990827678712,0.02969608630731704,-0.002029903103156872,0.009288780100479708,0.0887315485856541,0.03172598941047406,0.0998010098316132,0.02786817189882996
2021-12-23,0.00013746820640515332,0.034774607248626736,-0.01674958592728919,0.02786817189882996,0.15607008454978416,0.05152419317591593,0.2849948707910216,-0.012513673537519832
2021-12-24,0.0005036369779103466,0.009791485208485369,-0.019306058830084717,-0.012513673537519832,-0.10723878981427429,0.02909754403857001,0.09935778060001547,0.009959784035455714
2021-12-25,0.0010421977286874833,0.01640628064350293,-0.002506595825728766,0.009959784035455714,-0.2506606796194226,0.018912876469231614,-0.21231258614826995,-0.0006053758158047474
2021-12-26,-3.791521622334767e-06,0.0038000088801280617,-0.01818746925394413,-0.0006053758158047474,0.188851056464401,0.021987478134072105,-0.003185910274703581,0.028202968864405292
2021-12-27,-0.0008909379723045092,0.04391037222741098,-0.00639826697237319,0.028202968864405292,0.32413703423758283,0.05030863919978421,0.30651128460742716,-0.05051038921340174
2021-12-28,0.0016850043727332797,0.0016850043727332797,-0.05965253361787479,-0.05051038921340174,0.24712117306620243,0.06133753799060814,0.4834884072531537,-0.03990742319207457
2021-12-29,-0.00014583011479323617,0.010576597696837515,-0.0443051318027072,-0.03990742319207457,-0.2568135768948164,0.05488172949954469,0.12465110710384525,0.00950512633807785
2021-12-30,0.0011072799857760717,0.02605352335006332,-0.009769957639326615,0.00950512633807785,-0.10165703650623338,0.035823480989390005,-0.026345586347139877,-0.013975173979414966
2021-12-31,0.00041100412058959427,0.016792938893951004,-0.021473490243132422,-0.013975173979414966,0.035201026257080575,0.0382664291370836,-0.053589029226103514,0.030114865181799608
2022-01-01,0.0003947893698560985,0.030114865181799608,0.00038143550256715413,0.030114865181799608,-0.21934286032386555,0.02973342967923253,-0.3137227468242262,0.00763913541364341
2022-01-02,-0.00011586122199785312,0.011347676716774939,-0.016440730991848153,0.00763913541364341,-0.10400289293223963,0.027788407708623043,-0.36617712953785586,-0.03691857402715834
2022-01-03,-1.470193154693854e-05,0.001314374741894951,-0.03982010691840215,-0.03691857402715834,0.28740073342049516,0.04113448166029717,0.05597397389972302,-0.009081450596246796
2022-01-04,-1.1083581586764769e-05,0.014664728388776298,-0.01757195344390649,-0.009081450596246796,0.12146191505608207,0.03223668183268284,0.20050705537241112,-0.06607405473011328
2022-01-05,0.00018068164529578613,0.015122515122123705,-0.09381927373682471,-0.06607405473011328,0.26571913155856314,0.10894178885894834,0.4388126801524147,-0.0037567911123994003
2022-01-06,4.65727932681227e-05,0.012563214365529015,-0.03166811165709833,-0.0037567911123994003,0.42708046770573305,0.044231326022627394,0.7780033727311845,-0.055356907615837156
2022-01-07,-0.000582374102573863,0.0021541370298799375,-0.07458637651428525,-0.055356907615837156,0.047259251768676895,0.07674051354416536,0.5824221616685357,-0.03996348612941066
2022-01-08,0.00015258017431165886,0.023603963905523013,-0.06598366908425748,-0.03996348612941066,-0.1257301001352964,0.08958763298978033,0.23790018477429156,0.01969322699844273
2022-01-09,1.617202495090727e-05,0.03257738398211108,-0.0046748748119548895,0.01969322699844273,-0.19486351234941818,0.03725225879406602,-0.08108552857132308,-0.03211738726633174
2022-01-10,-3.9712309016174494e-05,0.014104819888554313,-0.07107229124728924,-0.03211738726633174,0.21624617082816183,0.08517711113584343,0.07389281531983254,0.08691255156136438
2022-01-11,-0.00010019009193028127,0.09499759531148817,-0.006925854090013185,0.08691255156136438,0.10162183416968876,0.10192344940150141,0.11104276649505426,0.04943346124238865
2022-01-12,9.585697725000219e-05,0.05418570364446676,-0.013908440004971082,0.04943346124238865,-0.10758944092057679,0.06809414364943789,-0.006233996705861421,-0.024903256120763967
2022-01-13,7.218572035499567e-05,0.002468836102197857,-0.040076879681323396,-0.024903256120763967,0.004750431026361244,0.04254571578352148,0.021970339268046448,0.030758712525118494
2022-01-14,0.00020645760135030414,0.0344126373170451,-0.0129021066155269,0.030758712525118494,-0.28800972336022895,0.04731474393257195,-0.270112473424926,0.010398849646151035
2022-01-15,0.00010322183899220781,0.02309211290440693,-0.007296940194929115,0.010398849646151035,-0.5666152893236035,0.030389053099336268,-0.8251026900147941,0.0069253236368988095
2022-01-16,-0.00012923337191119404,0.02062056430307474,-0.011144830405774726,0.0069253236368988095,0.0033420691254681598,0.031765394708849294,-0.6955108033426082,-0.04665082981038856
2022-01-17,0.00015697541469083097,0.001034701890373998,-0.06175958852405509,-0.04665082981038856,0.18621483499092628,0.0627942904144291,-0.3358206452343037,-0.007818431895504742
2022-01-18,5.5810387366893854e-05,0.008273766918083385,-0.03760612677933641,-0.007818431895504742,-0.013084676113621753,0.04587989369741971,-0.2053620544810298,-0.019647009185934792
2022-01-19,-0.0001861596241707477,0.001628372249565885,-0.037222976596443566,-0.019647009185934792,-0.16854937898922248,0.03885134884600937,-0.20190928985077086,-0.05055563663546324
2022-01-20,7.536433268167234e-05,0.03300821552001377,-0.05061785204722581,-0.05055563663546324,0.05554896993115099,0.0836260675672396,-0.015896909347996504,-0.1385591161888681
2022-01-21,0.00014023057897062766,0.009443346253447624,-0.15515169405742624,-0.1385591161888681,0.6617677286045468,0.1645950403108738,0.6338376072217086,-0.06742640022785419
2022-01-22,0.0010452954301253248,0.015125107909011785,-0.11912114715803997,-0.06742640022785419,0.14751086141064162,0.1342462550670517,0.6041862141415049,0.06966900236231408
2022-01-23,0.000643302399733044,0.08173328993767832,-0.0025878653634173214,0.06966900236231408,-0.416570036776836,0.08432115530109562,0.021131128662738818,-0.033274495442162544
2022-01-24,0.00027776684064557234,0.00027776684064557234,-0.12785687812082064,-0.033274495442162544,0.14163593324497306,0.128134644961466,0.1141280690424411,0.03505809185931854
2022-01-25,4.81539176795958e-05,0.04168550066537996,-0.036429704118424056,0.03505809185931854,-0.32253805931156276,0.07811520478380414,-0.30362678609910715,-0.02331558843762347
2022-01-26,-8.609290524774489e-05,0.039590492643771416,-0.045326493200790165,-0.02331558843762347,-0.04336100187608174,0.08491698584456163,-0.3747769656040731,0.03743452482488751
2022-01-27,-0.0005677839207120905,0.04182412404435376,-0.0419135827191783,0.03743452482488751,-0.13135639080291006,0.08373770676353202,-0.41436552210285604,-0.010317141864025749
2022-01-28,-0.00022463070700742618,0.008391738047913343,-0.034785502687494536,-0.010317141864025749,-0.20376181202615803,0.04317724073540801,-0.4510203559618703,0.007864677762094707
2022-01-29,-4.829693048636601e-05,0.02730655916589366,-0.011463492965210565,0.007864677762094707,-0.1798869769822225,0.03877005213110423,-0.5305405311604798,-0.030050990581637425
2022-01-30,0.00017840002359074706,0.000293970567030236,-0.04224493242545168,-0.030050990581637425,-0.03151529819281268,0.04253890299248201,-0.3802229031669145,-0.006204382023362668
2022-01-31,9.5521241790699e-05,0.01931495948309002,-0.030930257109366987,-0.006204382023362668,0.07286031532913263,0.05024521659245705,-0.1909303542627988,0.026782045907565288
2022-02-01,-0.00047477794937038565,0.03274080135742242,-0.002535926386841026,0.026782045907565288,0.0042234858305685834,0.03527672774426358,-0.08122267605217413,-0.047801046925631904
2022-02-02,6.475983011753874e-05,0.00168721539003354,-0.04937054558847106,-0.047801046925631904,-0.07590597156156,0.051057760978504764,-0.08005910618246508,0.009226230656180634
2022-02-03,-0.000274426355954863,0.009226230656180634,-0.01917833875983233,0.009226230656180634,-0.07069507235133907,0.02840456941601289,-0.10660270871301439,0.0731631204765309
2022-02-04,-0.00045011651814751846,0.07363144763465782,-0.0028625002684258614,0.0731631204765309,0.35252188184641603,0.0764939479030836,0.26521669770572,0.03731337369149028
2022-02-05,0.0002988371677792787,0.07555806384590208,-0.005266300663204392,0.03731337369149028,0.17533734045326713,0.08082436450910649,0.37826602374987783,0.01282315360074618
2022-02-06,4.162740766792333e-05,0.016553258002242922,-0.013580315094836646,0.01282315360074618,-0.3564744133134241,0.030133573097079425,-0.06748968483033989,0.032094967523261984
2022-02-07,0.000288080072687905,0.04451048068292842,-0.012703138752356527,0.032094967523261984,0.20686261755742547,0.05721361943528487,0.13480705344379754,-0.05809790201855539
2022-02-08,0.0005303587545920399,0.02520726237736097,-0.06205029376017991,-0.05809790201855539,0.24674500043110953,0.08725755613754092,0.3227240394436277,0.03293869718644052
2022-02-09,-0.0006358967304438088,0.04453599354719027,-0.002025073390805193,0.03293869718644052,-0.3385043300612897,0.046561066937995325,-0.1365357161375445,-0.01754210930624725
2022-02-10,0.00011477775943230335,0.027331602275184944,-0.026917575323231215,-0.01754210930624725,0.24082053098940284,0.05424917759841618,0.11626646458336504,-0.03604581097285175
2022-02-11,0.00016370497547908943,0.009987504839372302,-0.052272427422643646,-0.03604581097285175,-0.1727028608750389,0.06225993226201599,-0.05631265857389153,0.007383216914241461
2022-02-12,0.0001913537015157304,0.01663649356811441,-0.014141934587913877,0.007383216914241461,-0.22256555748507997,0.030778428156028194,-0.3100374329512749,-0.011225574674421519
2022-02-13,-0.00029297069541684475,0.008204016572379933,-0.0193597265883859,-0.011225574674421519,-0.17557192407885006,0.027563743160765833,-0.44379837994348437,0.011897297513660714
2022-02-14,-0.0006110174656088346,0.01257506683519106,-0.018989292302434527,0.011897297513660714,0.09722118315419016,0.03156435913762553,-0.2163809080380827,0.0687978949899083
2022-02-15,8.467392186042331e-06,0.0776362221394314,-0.001402796410911436,0.0687978949899083,0.6934293266409113,0.07903901855034287,0.5201907660487367,-0.010440937193707776
2022-02-16,0.0001908889386081095,0.002354593946720891,-0.02181566599596275,-0.010440937193707776,-0.4184289747089394,0.024170259942683726,0.03747782243119128,-0.06136090029428152
2022-02-17,-0.0008608027000731847,0.0072188426803545475,-0.06545267779585785,-0.06136090029428152,-0.01615514080250317,0.07267152047621252,0.026789059877251675,-0.007184046645148911
2022-02-18,0.0004963324229662727,0.020883381886614195,-0.02168645495508845,-0.007184046645148911,-0.0559787240116213,0.04256983684170268,-0.06255219599226948,0.0011865638716388987
2022-02-19,-0.00011953590599779854,0.016904097392649167,-0.014204418807099457,0.0011865638716388987,-0.2651973056840297,0.031108516199748526,-0.3753059618588484,-0.04923110079040423
2022-02-20,-0.0001004732274597249,0.00021960222642403667,-0.06196316201760063,-0.04923110079040423,0.18293004705567925,0.062182764244024705,-0.1834988171823184,-0.06555592269014024
2022-02-21,-0.00023474367585191446,0.033053965394188874,-0.06689222187508052,-0.06555592269014024,0.41330035094853373,0.09994618726926939,0.3676027327398562,0.04829109209012563
2022-02-22,0.00018001171835917715,0.04976440878261888,-0.018431734102915355,0.04829109209012563,-0.06061343098786099,0.06819614288553418,0.2431817217528326,-0.020971293730795867
2022-02-23,-2.1850486740851694e-05,0.023603749181598164,-0.020971293730795867,-0.020971293730795867,-0.21401858162022772,0.04457504291239405,-0.018892004776728945,-0.01457851757811062
2022-02-24,-0.0005193356884010179,0.004434499073182893,-0.12187104296275988,-0.01457851757811062,0.5919926840502119,0.12630554203594277,0.5623954429967067,0.037171447377082674
2022-02-25,-5.161941555189999e-05,0.042193729318055186,-0.010765749923928784,0.037171447377082674,-0.48031437491096335,0.05295947924198388,-0.1087087174694683,-0.003409736134697205
2022-02-26,-7.03309241211305e-05,0.027090295794311714,-0.009217527879934214,-0.003409736134697205,-0.33220901582928175,0.03630782367424576,-0.4798799458296758,-0.03571141186615474
2022-02-27,-0.00010381646402030135,0.019402499623853518,-0.03822619298932606,-0.03571141186615474,0.19350648199929232,0.057628692613179676,-0.20374320984609123,0.09285696608205429
2022-02-28,-0.0004129893766850976,0.09499038924175073,-0.010914030598867124,0.09285696608205429,0.15451690037886645,0.1059044198406178,-0.003740925774258459,0.03201357194333827
2022-03-01,2.9544217957605184e-05,0.05621788683650143,-0.010885801811771659,0.03201357194333827,0.4345798790614561,0.06710368864827308,0.407268299847465,0.001267318563767511
2022-03-02,8.867644730604449e-05,0.015619894777082042,-0.00971084331656475,0.001267318563767511,-0.34381171966532215,0.025330738093646738,0.07262661184486516,-0.01589487612831162
2022-03-03,7.931265256951965e-05,0.009248760966260358,-0.027499247333701984,-0.01589487612831162,-0.24705908734659088,0.036748008299962345,-0.1959424344972884,-0.07281448435580398
2022-03-04,6.087399672080907e-05,0.0009088582702239642,-0.07659546168866173,-0.07281448435580398,0.08544442701508263,0.07750431995888576,-0.13877960942151576,0.027907782748266642
2022-03-05,0.00042944240808601966,0.033015111908730806,-0.016446216923842537,0.027907782748266642,-0.2756209278572008,0.04946132883257348,-0.42827677803865966,-0.025958432396856003
2022-03-06,9.990358519470484e-05,0.0059342916692761045,-0.03128779783183022,-0.025958432396856003,-0.01215864977026001,0.03722208950110632,-0.3849614943031378,0.01674762803495697
2022-03-07,0.00016103365577176105,0.024773496845521784,-0.028617654729539234,0.01674762803495697,0.45546166642092983,0.05339115157506114,0.25051191711025994,0.0016085934340225455
2022-03-08,-0.00023570505954993744,0.016347217802447224,-0.00958855284701745,0.0016085934340225455,-0.20039832945277625,0.02593577064946465,0.048560569737450585,0.029910635815682624
2022-03-09,0.0002200937096793264,0.0512098138739536,-0.00030901182030315145,0.029910635815682624,0.36456944283008985,0.051518825694256844,0.40240416118635836,-0.055901494217896454
2022-03-10,-0.00019155008278938979,0.0021533037786785514,-0.07782745309403892,-0.055901494217896454,-0.1413627199499747,0.07998075687271759,0.17995625915011731,6.72389246060325e-05
2022-03-11,9.970878646841847e-05,0.019722299634593175,-0.01775877803804393,6.72389246060325e-05,-0.3059023487122606,0.037481077672637114,-0.21139304751487276,0.0014668148729321292
2022-03-12,5.739698757666475e-06,0.01866379997943418,-0.00015367218325919676,0.0014668148729321292,-0.24700552629666842,0.018817472162693378,-0.48370786417075823,-0.02962603677152129
2022-03-13,-0.00032600048185653325,0.011199955347240026,-0.03155949079913487,-0.02962603677152129,0.02494114218742902,0.04275944614637488,-0.36862508317104753,0.031598115210145675
2022-03-14,-4.2254075278857894e-05,0.03198193598477384,-0.0042871215645034705,0.031598115210145675,0.1585932100380074,0.036269057549277325,-0.15948632353959508,-0.004931759069553948
2022-03-15,1.6751320076014385e-05,0.00231914283128651,-0.02929337830266846,-0.004931759069553948,-0.06737030265342031,0.0316125211339549,-0.10621082805498847,0.03671878838299287
2022-03-16,-0.00023160079616498034,0.03888236272102665,-0.008504690127287566,0.03671878838299287,0.2736141642116997,0.04738705284831428,0.2710929517309622,0.016200225045346062
2022-03-17,-0.0001781209808741759,0.018865426736037437,-0.008771204956225874,0.016200225045346062,-0.08952487970552149,0.027636631692263262,0.14726715218329042,0.014746282779076855
2022-03-18,-0.00011730287522328683,0.020458694478802497,-0.019525627476848686,0.014746282779076855,0.018707086713389845,0.03998432195565103,0.10760686740532259,0.005537420919110331
2022-03-19,-0.00021091939288582745,0.02080140536474986,-0.005625596857997834,0.005537420919110331,-0.08381824643211817,0.026427002222747683,-0.03139602845313858,-0.02298336101960002
2022-03-20,0.00016552847751489814,0.0018918317551948334,-0.033276615447246846,-0.02298336101960002,-0.13860666950301237,0.035168447202441715,-0.1797043059685485,0.01442943374045242
2022-03-21,-7.52877021486352e-05,0.020750515500410006,-0.010824342822068279,0.01442943374045242,0.2168878394202358,0.031574858322478416,0.04050143150972742,0.01964971405832147
2022-03-22,-0.00023265319205128136,0.03274052618361704,-0.0022021331420760985,0.01964971405832147,0.07985681648966213,0.03494265932569299,0.1370213304719931,0.010566465043269111
2022-03-23,3.049334150949648e-05,0.01647102991043625,-0.013594019974970705,0.010566465043269111,-0.08693549462168072,0.030065049885407008,0.029915433111090402,0.013412053326320889
2022-03-24,-0.00013586372508352763,0.0191388333343928,-0.006378949963248456,0.013412053326320889,0.10697253888303751,0.02551778329764113,0.13950764100956725,-0.008039013130880365
2022-03-25,5.136155466455371e-05,0.016825240084302532,-0.019090566979745698,-0.008039013130880365,-0.08734772493657132,0.03591580706404813,0.01531954522097207,0.012358815305391771
2022-03-26,1.2405709642649139e-05,0.013314637903487518,-0.006912390052283167,0.012358815305391771,-0.43872748870591627,0.020227027955770756,-0.4642007828066421,0.03446245618407434
2022-03-27,2.780824884562475e-05,0.035674971400951716,-0.008540156230801878,0.03446245618407434,0.3261016614257556,0.044215127631753594,-0.06895118499774493,-0.0002611151275538417
2022-03-28,0.00010115226760000034,0.02347388915093341,-0.004511986287864835,-0.0002611151275538417,0.3503761142046792,0.027985875438798175,0.3189204345880584,0.00951521473100974
2022-03-29,-0.0007344371689462457,0.025501299352052302,-0.0007344371689462457,0.00951521473100974,-0.06853500153173535,0.02623573652099845,0.18982421839626187,0.018649097439393688
2022-03-30,-0.00017483060914780317,0.03269621988878939,-0.015805516648390555,0.018649097439393688,0.09314518939530962,0.04850173653717999,0.26414027552201025,-0.03159676053045896
2022-03-31,-5.86675173049322e-05,0.020737986279480904,-0.040885915970124816,-0.03159676053045896,0.18782557056811286,0.06162390224960551,0.39359704101152737,0.040411574225190774
2022-04-01,0.0004846306283738147,0.0408419762156738,-0.03358688798421319,0.040411574225190774,0.032025216378528454,0.07442886419988691,0.2647073452669384,-0.02184189733373084
2022-04-02,0.0005370857047894753,0.015451275822255582,-0.02225083255288701,-0.02184189733373084,-0.17891489479766834,0.03770210837514255,-0.024714241171349727,0.030191542174506866
2022-04-03,-0.00020493569603108786,0.04096836860961028,-0.00950511974473446,0.030191542174506866,-0.0655298599119756,0.05047348835434485,-0.10254717783692216,-0.006290312452406902
2022-04-04,-0.00018725030171136298,0.0001859279640201026,-0.03656795543563051,-0.006290312452406902,0.054894371700488664,0.03675388339965066,-0.05954124274106476,-0.005270163247639773
2022-04-05,0.00023482535040724752,0.02707147962254606,-0.005571221434121488,-0.005270163247639773,0.008763136443065514,0.032642701056667354,-0.05638650046244196,-0.057858956556829357
2022-04-06,-0.00038526922680451987,-0.000325676152846094,-0.06087489879004546,-0.057858956556829357,0.023778553108420183,0.060549222637199335,-0.0018181982804224813,0.03886492825119717
2022-04-07,8.6359985150968e-05,0.042286104028944796,-0.0060765963998831215,0.03886492825119717,-0.08917174904669058,0.04836270042882794,-0.05646124140464761,-0.03522785877163282
2022-04-08,0.0003152590100997638,0.008766906227473724,-0.040563573284293206,-0.03522785877163282,-0.0849763323260897,0.0493304795117669,-0.1281983671246636,0.01290216801814633
2022-04-09,-2.8225434374876967e-05,0.014931549848306648,-0.003336766418141702,0.01290216801814633,-0.3329803347328545,0.01826831626644832,-0.4451136327062296,-0.02024885400063082
2022-04-10,-7.715995909683734e-06,0.005162919340244663,-0.02024885400063082,-0.02024885400063082,0.00795522957177271,0.025411773340875625,-0.3561304867464347,-0.06032211414748753
2022-04-11,0.00016191009330476935,0.0021480401728887874,-0.0653512960918237,-0.06032211414748753,0.44138106277390055,0.06749933626471237,0.1743629791341085,0.04899001349717756
2022-04-12,0.0005122032772372044,0.055641065019929985,-0.002337429193195286,0.04899001349717756,-0.024119685855551666,0.05797849421312521,0.16451012987871932,0.02211841749606482
2022-04-13,-0.00014807367459269378,0.02496403185186008,-0.00682401358264594,0.02211841749606482,-0.10246844859829177,0.03178804543450605,0.060337706170764706,-0.02021193768115227
2022-04-14,-0.0001492344129535405,0.008652604356031973,-0.026542122936124436,-0.02021193768115227,-0.17894819771629247,0.03519472729215639,-0.11642322847229142,0.006322471460182064
2022-04-15,8.169119015431775e-06,0.012303286514728208,-0.003360438532732839,0.006322471460182064,-0.2621715433038766,0.01566372504746102,-0.40215873080335546,0.00044257081498859385
2022-04-16,3.65660567362336e-07,0.0032654239371314917,-0.012978440263388475,0.00044257081498859385,-0.19523111153381065,0.01624386420051992,-0.5792124463788483,-0.024492132816951603
2022-04-17,-0.0001603206416259722,0.0009629911158264003,-0.027465320519981185,-0.024492132816951603,0.062390675144229045,0.028428311635807536,-0.37954676853812436,0.023269669492485316
2022-04-18,0.00013550706460864408,0.025613731226709197,-0.025427621914869317,0.023269669492485316,0.5706499082859987,0.05104135314157848,0.33300890174792597,0.012911610435790203
2022-04-19,9.411686188824805e-05,0.017369039926320228,-0.004492474472683719,0.012911610435790203,-0.03768335507465274,0.02186151439900413,0.2962511762512933,-0.009593527318556028
2022-04-20,-5.3900152942138143e-05,0.020128367698069836,-0.015889937377535978,-0.009593527318556028,0.09298813611097737,0.036018305075605835,0.3551675475334749,-0.03238851878821707
2022-04-21,-8.936374804652013e-05,0.01687556919340647,-0.03967827557262643,-0.03238851878821707,0.07345246605901237,0.05655384476603268,0.3233100875022006,0.004842479239674558
2022-04-22,-0.0001345053207169298,0.02018831573576568,-0.002255297372251524,0.004842479239674558,-0.1444158437740261,0.02244361310801728,0.041451052974567845,-0.013195315603233882
2022-04-23,1.4321853668068315e-05,0.0022323315366631112,-0.01912356977364648,-0.013195315603233882,-0.3361935322319786,0.02135590131030955,-0.3798092309548,-0.006361716555417255
2022-04-24,-0.00031734307514597157,0.009362442543283465,-0.008264674420823594,-0.006361716555417255,-0.1025486969902518,0.017627116964106928,-0.42293946094746715,0.013056048622764707
2022-04-25,6.147594101981878e-05,0.014350178704666016,-0.040692777080767406,0.013056048622764707,0.4466016400161379,0.05504295578543342,0.09380121448437173,-0.047784277669482705
2022-04-26,-0.00020138256596239658,0.006739254502534539,-0.056648922494485665,-0.047784277669482705,-0.1334748756773999,0.06338817699702012,-0.02526164683941585,0.015349887688402708
2022-04-27,0.0002051800854279593,0.02301674953880954,-0.003652386204340918,0.015349887688402708,-0.10017724844148705,0.026669135743150447,-0.06307990583057294,0.03827342010923992
2022-04-28,-1.8321044655386003e-05,0.0419896045086828,-0.00658236125719212,0.03827342010923992,0.33588596188672476,0.048571965765874754,0.32154057479461456,-0.03415278576535315
2022-04-29,-0.00018805217400127372,0.008465238551010043,-0.04059022347284941,-0.03415278576535315,-0.09311565193014411,0.04905546202385947,0.13374583956194355,-0.03968799816309815
2022-04-30,-0.00016189373307448965,0.01647894757920466,-0.03968799816309815,-0.03968799816309815,-0.2729596387589775,0.05616694574230283,-0.219573725847829,0.03258972961854622
2022-05-01,-5.73567713569891e-06,0.034624680836079245,-0.0012657967079987176,0.03258972961854622,0.057101257211843885,0.03589047754407791,-0.11277764369837569,-0.0015676035220822345
2022-05-02,-5.309490723728217e-05,0.0049449970285509685,-0.019423691285260874,-0.0015676035220822345,-0.11281360561590985,0.024368688313811854,-0.21191640785520327,-0.01602539151940559
2022-05-03,-9.367072553887299e-05,0.005334127472118228,-0.024219957953747973,-0.01602539151940559,-0.06873172032387094,0.02955408542586621,-0.2660278637401949,0.04842517851137837
2022-05-04,2.021349589936519e-05,0.04931929795126706,-0.0001245527989080614,0.04842517851137837,0.27993134546732845,0.049443850750174996,0.11599563200854371,-0.060762973669054365
2022-05-05,-9.303493969123398e-05,0.02429293215885621,-0.0773230146765124,-0.060762973669054365,0.33195921023436736,0.10161594683536858,0.4763504973639145,0.0014000414594138998
2022-05-06,-4.455589237320453e-05,0.010263263044374889,-0.018116567712594782,0.0014000414594138998,-0.26415930876314736,0.028379830756969763,0.09508003378048485,-0.03656888070800831
2022-05-07,-4.248204912798801e-05,0.0028515004190194223,-0.04891915667508108,-0.03656888070800831,-0.1829859330180373,0.05177065709410062,-0.1210279767409968,-0.028529502323140235
2022-05-08,0.00013368339153133304,0.002254786748346758,-0.04057414433475899,-0.028529502323140235,0.205125981340033,0.04282893108310576,0.06800565131426137,-0.1716304683028863
2022-05-09,-6.002392457540296e-05,0.009944714523487112,-0.1716304683028863,-0.1716304683028863,0.4504970146012487,0.18157518282637333,0.4544141301263661,0.06460563791568665
2022-05-10,-0.0017661507885984291,0.10484600203070969,-0.02970761035435325,0.06460563791568665,0.08690243573097474,0.13455361238506303,0.41774110458206826,-0.16793149230676127
2022-05-11,-0.000639652928609756,0.010714580537496382,-0.19550570265349415,-0.16793149230676127,0.18695533485225643,0.2062202831909906,0.5298922479089797,-0.0020598536983032407
2022-05-12,-0.0002769953148973359,0.048840332761750566,-0.22133345399784043,-0.0020598536983032407,0.2026207192028853,0.2701737867595911,0.5681009443201515,0.07566917095035933
2022-05-13,-0.0009823652194099917,0.1489841867931724,-0.013820238308665255,0.07566917095035933,-0.5357010762583015,0.16280442510183762,-0.18206351410523675,0.02314297861191367
2022-05-14,0.00011656703174099991,0.027890640435988802,-0.06370022020203439,0.02314297861191367,-0.3866341072029102,0.09159086063802323,-0.6212725195087684,0.047991583016979575
2022-05-15,3.2837497387450716e-05,0.048532523427475896,-0.03679613170959826,0.047991583016979575,-0.15679000585965874,0.08532865513707429,-0.7157939172806179,-0.0469076944795798
2022-05-16,0.00024488707884380193,0.000437507695633615,-0.07155578640549097,-0.0469076944795798,0.08509407472691541,0.07199329410112465,-0.5286022796185031,0.02734537784917064
2022-05-17,-3.6288383169914616e-05,0.04107914506549373,-0.002516755613482341,0.02734537784917064,-0.10173644024228659,0.04359590067897617,-0.47691969920826405,-0.06245571301903375
2022-05-18,8.637333052265323e-05,0.005696896176559427,-0.06245571301903375,-0.06245571301903375,-0.04149749598203563,0.06815260919559323,-0.23443622458624852,0.0651586709633664
2022-05-19,4.066255331344194e-05,0.06895937760760797,-0.0007802343031667547,0.0651586709633664,0.08011435487847135,0.06973961191077468,-0.014469824868014418,-0.014552786751098406
2022-05-20,-3.421941048644012e-05,0.027273097555323565,-0.04000438454235973,-0.014552786751098406,0.06453599780690997,0.0672774820976835,0.07892919535907754,0.032879983170901086
2022-05-21,2.220468948995922e-05,0.03669430616505248,-0.00739985493284121,0.032879983170901086,-0.2867459334179088,0.044094161097893526,-0.22559385067595578,0.02260262933243253
2022-05-22,7.041533084318534e-05,0.03271380675754951,-0.0020461617910376467,0.02260262933243253,0.19601146301959896,0.03475996854858704,0.024559960232117015,-0.008952246852652708
2022-05-23,-0.0002875439578401945,0.05092759504293581,-0.010250054519117346,-0.008952246852652708,0.3284830888959755,0.061177649562053106,0.3505165517535108,0.03544451633428696
2022-05-24,0.00028494120607317695,0.040396847725406464,-0.010184436412742361,0.03544451633428696,-0.1066312985224625,0.050581284138148934,0.15749101283232525,-0.007507110415464748
2022-05-25,1.9341259034713018e-05,0.025500807347705923,-0.011155520250073115,-0.007507110415464748,0.0028412023486387153,0.036656327597778864,0.1195716233788194,-0.06589005877072204
2022-05-26,6.286295218036831e-05,0.015709487230538666,-0.08635398559962237,-0.06589005877072204,0.2908283345782376,0.10206347283016122,0.3825323201193467,-0.013176111823939038
2022-05-27,-0.00056775516623773,0.01271055750855573,-0.0429539397545402,-0.013176111823939038,-0.035347832531495225,0.05566449726309592,0.2080576031208556,0.0224829594208037
2022-05-28,0.0048490815156025,0.02700018085580726,-0.010874291062073521,0.0224829594208037,-0.5664864530283786,0.03787447191788057,-0.4481814548992183,-0.00599673039388242
2022-05-29,-0.00020435348345317785,0.00041888827902778484,-0.028033276703174938,-0.00599673039388242,-0.19671586331743046,0.028452164982202658,-0.5769659604629997,0.05028023837103895
2022-05-30,-0.00010123998038304194,0.05494647286001917,-0.005369364055456961,0.05028023837103895,0.5351618935413627,0.0603158369154761,0.034829012431198,-0.003948048486072382
2022-05-31,-0.00010130265932885541,0.006037489772999856,-0.023513826906322744,-0.003948048486072382,-0.18742954266994044,0.02955131667932246,-0.15819014859980682,-0.06437454774659637
2022-06-01,-4.08515345307412e-05,0.010552924535025848,-0.07284770543763672,-0.06437454774659637,0.02998188313592036,0.08340062997266268,-0.02589724434296711,0.024968909515499665
2022-06-02,-0.00012512313015900826,0.028012348910199256,-0.006117945971187363,0.024968909515499665,-0.3618372290309772,0.03413029488138649,-0.2915962221869116,-0.03200237917576542
2022-06-03,0.00029987938695587833,0.005679826644294618,-0.047316267878014344,-0.03200237917576542,-0.09649035231162385,0.052996094522309085,-0.3580219707253148,0.010777069187224356
2022-06-04,0.00035164960478692615,0.014108876362635548,-0.01049050770247682,0.010777069187224356,-0.32477114507940613,0.02459938406511238,-0.6709862714135334,-0.008979628862122434
2022-06-05,-0.00011018581903474797,0.00102599665464353,-0.02078897444926088,-0.008979628862122434,-0.03324264495838155,0.02181497110390456,-0.5303077691071625,-0.01190831236578652
2022-06-06,0.0001667974986283203,0.04181501536975424,-0.03231768990016397,-0.01190831236578652,0.6348724535495227,0.07413270526991826,0.25617758263465085,-0.01726039265610962
2022-06-07,-7.655617871244632e-05,-7.655617871244632e-05,-0.07362884438732248,-0.01726039265610962,0.1752912580857694,0.07355228820861007,0.4842527357020396,-0.005959133708577199
2022-06-08,-0.00014569222490756832,0.01265910751690701,-0.020768639088067458,-0.005959133708577199,-0.4331244275018887,0.0334277466049744,-0.04158475774027145,0.004506413257931055
2022-06-09,5.075392846090297e-06,0.015009179447249806,-0.00743118535489169,0.004506413257931055,-0.3499829605096424,0.02244036480214155,-0.3951768038847597,-0.013448750157251504
2022-06-10,-0.00010716265511735148,0.024906793081967592,-0.02246736070217008,-0.013448750157251504,0.5314534088018423,0.04737415378413771,0.13711291048649737,-0.05963490597025493
2022-06-11,0.0002051388297287388,0.015007099964254396,-0.07405147866731397,-0.05963490597025493,-0.11039271276553088,0.08905857863156838,-0.06692094668482501,-0.05153459117775137
2022-06-12,0.0006512761727682395,0.006999471000132562,-0.06712503193331104,-0.05153459117775137,0.1230817849328745,0.07412450293344365,0.09532610534237632,-0.14003246607508374
2022-06-13,-0.0011069080518554932,0.0035234747013856153,-0.17618502750738477,-0.14003246607508374,0.5826251103993879,0.17970850220877047,0.7391740868385226,0.00321035036164038
2022-06-14,0.00020858961406317525,0.034714654492992304,-0.08002703222689823,0.00321035036164038,-0.1981850565743733,0.11474168671989067,0.3370499548375191,0.044576194728913235
2022-06-15,-0.00014253500617231746,0.04723070320549072,-0.11339124781142235,0.044576194728913235,0.10177267271978743,0.1606219510169131,0.2822752812320801,-0.10783098914254505
2022-06-16,0.0003048067352483811,0.012483305088369385,-0.114886234992344,-0.10783098914254505,-0.4142308280240839,0.12736954008071333,-0.23106089392053514,0.02986870732161856
2022-06-17,0.0008106771060550258,0.05615185098831122,-0.0068758810178777795,0.02986870732161856,-0.291167833161216,0.06302773200618897,-0.5499715415957013,-0.09135538059940983
2022-06-18,-0.00035295726844264354,0.012238386996755436,-0.1569108194027997,-0.09135538059940983,0.35421201538177133,0.1691492063995552,-0.16707339866558743,0.08684636693711788
2022-06-19,-0.0004426611559276434,0.09223818243333946,-0.035758683926796264,0.08684636693711788,-0.16963180189435026,0.1279968663601358,-0.23629066236659352,0.009326039760592821
2022-06-20,-0.00018979393640143716,0.014592304685611207,-0.04644491677788181,0.009326039760592821,-0.07587302122422221,0.061037221463493024,-0.22639461127393695,0.011751594032578378
2022-06-21,-0.00015285682434696297,0.04818076839539232,-0.015719583431902256,0.011751594032578378,-0.05841579154931471,0.06390035182729453,-0.14537336056362582,-0.024146797643259818
2022-06-22,0.0007959258248224742,0.004673850897276841,-0.03668639491499254,-0.024146797643259818,-0.10360726917495518,0.04136024581226939,-0.20073262772317121,0.0663208423555779
2022-06-23,-0.00014415074546404703,0.06988582479785865,-0.00014415074546404703,0.0663208423555779,0.08876565231078751,0.07002997554332283,-0.1029659638324288,0.04811137561902358
2022-06-24,-0.00013490004919943156,0.058784978783089796,-0.0014148895737204426,0.04811137561902358,-0.01815469889846219,0.06019986835681019,-0.05097887295476971,-0.00228222703690787
2022-06-25,9.9332869353687e-05,0.005228662347069574,-0.04161391141448327,-0.00228222703690787,-0.20856432300503583,0.0468425737615528,-0.2243219253072996,-0.024631871329271863
2022-06-26,-0.0003258030330157952,0.02054266449971299,-0.025601141533913054,-0.024631871329271863,-0.10550895976659735,0.04614380603362612,-0.27230091851524774,-0.0008758143022892069
2022-06-27,-0.00010727327845317031,0.028494187782708322,-0.014435719870670792,-0.0008758143022892069,0.02073255835035037,0.04292990765337916,-0.18628080037006658,-0.029211615942116888
2022-06-28,-0.00034748326453523735,0.03271012641255134,-0.032642542468586895,-0.029211615942116888,0.2519310139850799,0.06535266888113822,0.10794848321972288,-0.03426003288615832
2022-06-29,-0.00010019389881346183,0.010988622964294101,-0.049593086764014346,-0.03426003288615832,-0.018200049940392888,0.06058170972830852,0.10351681980208063,7.125193762718771e-05
2022-06-30,0.00047007162309592476,0.0027442601439408394,-0.06284971849897546,7.125193762718771e-05,0.02439584686516458,0.0655939786429162,0.14163057666024906,-0.015091120797974929
2022-07-01,0.0010432176108182507,0.03177225286939239,-0.026028750922512296,-0.015091120797974929,0.12531190729745906,0.05780100379190462,0.23092439862685588,0.009306700885693896
2022-07-02,0.0010018439283226532,0.01564690645737497,-0.008391026661141646,0.009306700885693896,-0.4752335039536913,0.024037933118516635,-0.3247518585959492,0.00432517833418808
2022-07-03,5.661475337888056e-05,0.008010015911090611,-0.016512476980768152,0.00432517833418808,-0.057440471490936916,0.024522492891858698,-0.3681986913797872,0.05591818090915616
2022-07-04,-7.804313527473394e-06,0.05675590514231802,-0.017350218528981113,0.05591818090915616,0.3608553786030093,0.07410612367129907,0.06340911030243306,-0.003147648369982607
2022-07-05,-0.00038877009194127255,0.017910729281611023,-0.03670466081989316,-0.003147648369982607,0.23143378846744722,0.05461539010150424,0.2996184141644805,0.032616676637894824
2022-07-06,0.000280354043653252,0.03676179231522769,-0.006730224778014829,0.032616676637894824,-0.03362362941325456,0.04349201709324265,0.2214389760528024,0.012684707647803216
2022-07-07,1.2667596945988586e-05,0.019938061159837248,-0.012927392782031638,0.012684707647803216,-0.13374639328438567,0.03286545394186882,0.08130974831077893,-0.0032917325192089466
2022-07-08,-3.1585879304402966e-07,0.021050405903106018,-0.01840140763710646,-0.0032917325192089466,0.19119556535567286,0.03945181354021257,0.20792221026734947,0.01029099448008199
2022-07-09,2.43376375683185e-05,0.016244239225855765,-0.0003402185196698188,0.01029099448008199,-0.4544522457453519,0.0165844577455254,-0.35381666758555513,-0.03593420787832366
2022-07-10,4.0523493281227624e-05,0.0003537410377801673,-0.0468762037259208,-0.03593420787832366,0.033986937107477244,0.04722994476370108,-0.288394003839075,-0.0382100959145322
2022-07-11,-0.0002395856662232602,-2.4060028341565806e-05,-0.039792364241436555,-0.0382100959145322,0.14743616132945914,0.03976830421309513,-0.06518734148433364,-0.02417179185872273
2022-07-12,4.3777314805173714e-05,0.010273583502377075,-0.02417179185872273,-0.02417179185872273,0.11021033217141464,0.03444537536109988,0.09115040480292068,0.04462136870316202
2022-07-13,0.00012637309645733004,0.04468186594016471,-0.016684157297236064,0.04462136870316202,0.22785791454372084,0.06136602323740054,0.3128974391068348,0.03260320719143097
2022-07-14,-5.3947559741513126e-05,0.03886360714342415,-0.012856866389608042,0.03260320719143097,0.11692183156686649,0.05172047353303235,0.4127452900173091,0.0017179880047487742
2022-07-15,0.00026091607698843834,0.015287636934331977,-0.010473180778986185,0.0017179880047487742,-0.33498024110730895,0.02576081771331806,-0.05525762310160987,0.04515559292134343
2022-07-16,-6.255318301825749e-05,0.04981186335134298,-0.018855615366206918,0.04515559292134343,-0.11034172650401416,0.06866747871755002,-0.20905203503865896,-0.007017492581104819
2022-07-17,0.00018803195033650062,0.022590504256376605,-0.010645935753988688,-0.007017492581104819,0.019094869918822862,0.03323644001036526,-0.1915172381959248,0.06648213094311228
2022-07-18,-5.6518257413008996e-05,0.06648213094311228,-0.00010755982086466581,0.06648213094311228,0.4403946298417186,0.06658969076397708,0.2629897318064116,0.014732324153156064
2022-07-19,-0.001477625249567795,0.03471722982144609,-0.03139479800358723,0.014732324153156064,0.16533919912026696,0.06611202782503331,0.39686539476538724,-0.039760122142022264
2022-07-20,-0.00016598782377752862,0.010998591281197805,-0.04496961863234555,-0.039760122142022264,-0.13952016613071652,0.05596820991354339,0.20962878887288075,0.027201869129775225
2022-07-21,5.079579588212549e-06,0.028876697735369047,-0.02664742448172233,0.027201869129775225,-0.3169277576004088,0.05552412221709136,-0.1815922026142402,-0.00978587338909374
2022-07-22,5.4489560434472294e-05,0.02120567171932764,-0.014609556692943651,-0.00978587338909374,-0.03866834101667906,0.035815228412271326,-0.2457790039857735,-0.013073761826249754
2022-07-23,-0.0005985095966324365,0.032693507993880745,-0.037413994978742635,-0.013073761826249754,-0.05751576325049423,0.07010750297262337,-0.3195420928274956,0.00921444085852089
2022-07-24,4.1871210279299676e-05,0.024456074454948278,-0.007854850443053238,0.00921444085852089,-0.19357113593654396,0.032310924898001525,-0.4419143008277995,-0.06596445693927964
2022-07-25,-9.113797421513126e-05,0.002179125260352062,-0.06596445693927964,-0.06596445693927964,0.09608964182881097,0.06814358219963153,-0.19200755177728585,0.015421566492819479
2022-07-26,-0.00010127456255248979,0.015421566492819479,-0.020753262661158678,0.015421566492819479,-0.0812705338735682,0.03617482915397814,-0.15677101589214465,0.08669250306681613
2022-07-27,0.00023067092370288023,0.08669250306681613,-0.004647164297928989,0.08669250306681613,0.41644015711079835,0.09133966736474519,0.31529393524011895,0.02109979493816588
2022-07-28,4.0463827872444164e-05,0.03126621665678976,-0.0252333805070428,0.02109979493816588,0.15952144532628548,0.05649959716383253,0.43060976573694076,0.05834303467790875
2022-07-29,7.285374734507092e-05,0.08272864647230223,-0.007200788367665208,0.05834303467790875,0.44099339970835766,0.0899294348399674,0.7755240202015502,-0.022072510887822076
2022-07-30,-0.0001300921190046461,0.019440903543248213,-0.029498456872922522,-0.022072510887822076,-0.4841834639936639,0.048939360416170724,0.04482718345508906,-0.013856138193353015
2022-07-31,0.0001429533018995347,0.02972082288795827,-0.01728310386045752,-0.013856138193353015,-0.1840124468137415,0.04700392674841586,-0.21243307818357823,-0.00014098639052694944
2022-08-01,0.00017636643546030227,0.022680824115223413,-0.01863630034227199,-0.00014098639052694944,0.0004765335465539578,0.04131712445749531,-0.2584747845848136,0.0009922938830064488
2022-08-02,-0.0002227128947752086,0.02437874872044903,-0.031233376865763083,0.0009922938830064488,0.2968477127272609,0.055612125586212105,0.04916714690538839,0.04994632108127356
2022-08-03,0.0001862142940548976,0.07258054091294096,-0.017806596124090336,0.04994632108127356,0.18775984440050195,0.0903871370370312,0.22280074364654906,0.040557281387024115
2022-08-04,4.4697772744104405e-05,0.04710807741245438,-0.003104269051227672,0.040557281387024115,-0.10205337556912572,0.05021234646368204,0.1722722197642593,0.014314199653767892
2022-08-05,-4.007460162646329e-05,0.03245862051637011,-0.006779291432422388,0.014314199653767892,-0.19512690071184013,0.03923791194879254,-0.0648394028546791,-0.00037013045729441884
2022-08-06,3.630840358392738e-05,0.020892064930932326,-0.0046171492316928004,-0.00037013045729441884,-0.3195495530032979,0.025509214162625263,-0.41599433715287776,0.024616780138341312
2022-08-07,0.00017200858613187516,0.031561859087127074,-0.019369607646815994,0.024616780138341312,-0.12817866949198084,0.05093146673394307,-0.5253613823619585,0.005802733325849751
2022-08-08,0.0001042332940512184,0.030377226934058657,-0.0011829536921297466,0.005802733325849751,0.2638070896053494,0.03156018062618854,-0.1692292761598825,0.0003444844268534594
2022-08-09,0.00011067632925528487,0.009270476902516783,-0.03542135791111748,0.0003444844268534594,-0.14654865449431,0.0446918348136342,-0.20559140668729795,0.010893673234449798
2022-08-10,-0.0001640075097698337,0.03439975284413617,-0.032849241909668286,0.010893673234449798,0.42270753566095903,0.06724899475380428,0.33656866494442955,-0.014322286247780095
2022-08-11,-3.335450586003243e-05,0.016983011638397653,-0.018942810762107232,-0.014322286247780095,-0.13970688051137314,0.03592582240050492,0.1724876143121714,0.011406117777889316
2022-08-12,-8.680632877296956e-05,0.011406117777889316,-0.017241862983407248,0.011406117777889316,-0.43269995163593755,0.028647980761296654,-0.31527822807654377,-0.011190218536688817
2022-08-13,0.0001815899053671438,0.015157371940937543,-0.012399043757491523,-0.011190218536688817,0.011223733686187242,0.027556415698429232,-0.29923158474112715,-0.018333308519659454
2022-08-14,0.0003208884662197426,0.021187321520982422,-0.022516315095494722,-0.018333308519659454,-0.0576272827217509,0.043703636616477165,-0.306721665499061,0.005959393583185201
2022-08-15,0.00014413844532195976,0.02744197357611521,-0.00988730851213045,0.005959393583185201,0.19833918080026697,0.0373292820882455,-0.07597817840989801,-0.010886680873577782
2022-08-16,-0.0005457473899572922,0.007074281292987747,-0.022385357420779645,-0.010886680873577782,-0.17001643054668925,0.029459638713767552,-0.14408638907347532,-0.03141933584081295
2022-08-17,-6.973238728378436e-05,0.02130062220722924,-0.03567285428361339,-0.03141933584081295,0.1435927740591156,0.05697347649084271,0.10333754101277914,-0.028095406758073253
2022-08-18,0.0005218654005224999,0.011515703990786367,-0.03184160636165753,-0.028095406758073253,-0.0650021179652517,0.043357310352443716,0.012512518311974885,-0.06378279339184968
2022-08-19,3.869113024727859e-05,0.00016591093302578943,-0.06786406714928887,-0.06378279339184968,0.42798884284698685,0.0680299780823146,0.43080912376958597,0.014108656355118517
2022-08-20,-0.00035256731511909263,0.032315180893879886,-0.004969657297677163,0.014108656355118517,-0.1948364906532013,0.037284838191556965,0.11599458885002048,0.06272015780991796
2022-08-21,-0.00019052902954604458,0.0680086512216899,-0.00019052902954604458,0.06272015780991796,-0.051608434233243426,0.0681991802512359,0.035139335363555,-0.00496889053289316
2022-08-22,-7.31503913771024e-05,0.0058345610078105545,-0.04312596233283777,-0.00496889053289316,0.15846201778558544,0.04896052334064843,0.1472438604698085,-0.005100753989437897
2022-08-23,3.929367038865462e-05,0.002113471237135615,-0.020977953494000074,-0.005100753989437897,-0.3466071793654973,0.023091424731135627,-0.25358098792502776,-0.00866621566048955
2022-08-24,-4.960008655520681e-05,0.0031010345541489016,-0.014544963718902385,-0.00866621566048955,-0.10113755243244134,0.017645998273051272,-0.3536900873095462,0.017169940465067722
2022-08-25,0.00012692132577872642,0.03215900175426206,-0.000835529870343818,0.017169940465067722,0.03994745326447875,0.0329945316246059,-0.20892270088603865,-0.07569393608625002
2022-08-26,-9.168333029426753e-05,-9.168333029426753e-05,-0.0819600666672879,-0.07569393608625002,0.2175114900495786,0.08186838333699367,0.06726291421439488,-0.006446384535291001
2022-08-27,-9.41991498431745e-05,0.015092790327121857,-0.01824058678026751,-0.006446384535291001,-0.22872940468547417,0.033333377107389255,-0.15452538433667531,-0.005597642313919622
2022-08-28,6.701063629185074e-06,0.020757572453873597,-0.005597642313919622,-0.005597642313919622,-0.23865023184238243,0.026355214767793324,-0.29975587939229065,0.035456198302351784
2022-08-29,0.00010759249540565984,0.03583911220289262,-0.012548649380179014,0.035456198302351784,0.2858153851379973,0.04838776158307163,0.04164989048086222,-0.016898414646502737
2022-08-30,-2.143130746276738e-05,0.018833666043987337,-0.03247936562275526,-0.016898414646502737,-0.029709591960116206,0.05131303166674248,-0.0031836557120851713,-0.0078024238864248035
2022-08-31,0.00011060200465461148,0.029224123512502025,-0.0119627263689036,-0.0078024238864248035,-0.028089170345076606,0.041186849881405474,-0.03251175181847151,-0.0029439776095754417
2022-09-01,4.7430185562497685e-05,0.003514879985425602,-0.028202833503011858,-0.0029439776095754417,0.0025504660675265537,0.03171771348843736,0.02381689682866984,-0.003602267638921733
2022-09-02,-0.00010512242744054092,0.015993545444369983,-0.014213604020105708,-0.003602267638921733,-0.16823653098027397,0.030207149464475794,-0.14275594788830964,0.001294927915263326
2022-09-03,5.412173894473424e-05,0.003656304377888878,-0.009564346303954153,0.001294927915263326,-0.4987762156394258,0.013220650681843102,-0.6519554083090231,0.0038313046749798314
2022-09-04,2.2851482721654646e-05,0.0073085274323573665,-0.008395697620888348,0.0038313046749798314,0.043738839386021175,0.015704225053245747,-0.4912759136514794,-0.007761828519427159
2022-09-05,4.530880413210943e-05,0.006330410747080702,-0.018540896922161102,-0.007761828519427159,0.2618457683702602,0.02487130766924161,-0.11092168804792028,-0.05199059016426398
2022-09-06,0.00023832304067420302,0.03224895884384097,-0.05226028705901001,-0.05199059016426398,0.5676806841901306,0.08450924590285093,0.5371872950887737,0.05946355415733832
2022-09-07,-0.00021228870483604018,0.06305348734908521,-0.010233994473597796,0.05946355415733832,-0.19706343687542766,0.07328748182268305,0.2782918565170612,0.006493983510408907
2022-09-08,-3.941131321421242e-06,0.011775659764382775,-0.009777843846652163,0.006493983510408907,-0.10177428872607655,0.021553503611034874,0.13446567482624716,0.044711261205903005
2022-09-09,-0.00014423547608569608,0.049976041645369354,-0.0012719688262330937,0.044711261205903005,0.2694613130653112,0.051248010471602296,0.3086414578292387,0.012066758263849878
2022-09-10,-4.108520057041381e-05,0.017013969657952346,-0.007387771013720415,0.012066758263849878,-0.291861386597048,0.024401740671672646,-0.1229594722077377,-0.006104040475953669
2022-09-11,-0.00016607959896245564,0.0030467105282614465,-0.019262272268227527,-0.006104040475953669,-0.19436902476993895,0.022308982796488932,-0.3552314642403128,-0.0051056182768520406
2022-09-12,4.1459607724702346e-05,0.013509130325092317,-0.013682913454740877,-0.0051056182768520406,0.354106343183017,0.027192043779833308,0.09824013036724057,-0.05632014595779036
2022-09-13,-3.23202393264106e-05,0.013626712874944597,-0.06212987454129649,-0.05632014595779036,0.1297309925703381,0.07575658741624114,0.22029176578909623,0.006495714998964838
2022-09-14,-0.0005896869837080246,0.016341658893523982,-0.009943351710248712,0.006495714998964838,-0.17291922159162998,0.026285010603772745,-0.00941217989902018,-0.031187887818338166
2022-09-15,-1.0049296167057018e-05,0.0030767756684902028,-0.041568725579503335,-0.031187887818338166,0.12167784222628031,0.04464550124799357,0.15096973721669565,0.014108240074576383
2022-09-16,1.9833470966318067e-05,0.01994823152359941,-0.006213226431596869,0.014108240074576383,-0.2959504884384564,0.026161457955196254,-0.19310785778206652,0.01659082910507837
2022-09-17,0.0002746325834379821,0.017601526161869156,0.0002746325834379821,0.01659082910507837,-0.35928324353586666,0.017326893578431143,-0.5732308292364136,-0.04743208139133979
2022-09-18,-0.00010240466825601232,0.0013292158836406092,-0.053343025541385335,-0.04743208139133979,0.3416854247949366,0.05467224142502603,-0.13946998372659336,0.02138578773363865
2022-09-19,-0.00023001424711320542,0.023402667608572687,-0.03487017193257384,0.02138578773363865,0.3080345124766504,0.058272839541146634,0.24823650943239658,-0.021173928047664742
2022-09-20,0.00022318977762352682,0.004156826098749933,-0.02371645482968081,-0.021173928047664742,-0.2391865071851066,0.02787328092843073,-0.018676449692164414,-0.005939883616214904
2022-09-21,9.440002774851372e-05,0.034912817934856254,-0.019310642056442277,-0.005939883616214904,0.22318951840779755,0.054223459991298316,0.26047169024346173,0.03964369716177349
2022-09-22,-0.0006963590274901573,0.04112129370501583,-0.0028893661630490313,0.03964369716177349,-0.2259811111549775,0.04401065986806503,-0.02592939023164205,0.00407869598970494
2022-09-23,-2.4591574927683924e-05,0.006805960442025919,-0.021391623487165907,0.00407869598970494,0.030677953962293728,0.028197583929191698,-0.05846631617160226,-0.005404068709889073
2022-09-24,2.8683318730598438e-06,0.028531364268441578,-0.005404068709889073,-0.005404068709889073,-0.06082234150346555,0.033935432978330654,-0.13653246176829917,-0.0039116357182091424
2022-09-25,-0.0001128103846649723,0.01467117347513995,-0.012663651027170535,-0.0039116357182091424,-0.24493011262039077,0.027334824502310444,-0.3253504694511439,0.006787824759459039
2022-09-26,0.00029381774392907826,0.00866747107848093,-0.010538115150097907,0.006787824759459039,0.1127586447699395,0.01920558622857889,-0.16521690706152745,-0.012862176361814874
2022-09-27,-6.8572138941509675e-06,0.03609007904244166,-0.01867735865144766,-0.012862176361814874,0.2573578117901152,0.05476743769388936,0.17600324394606945,0.03385368690160224
2022-09-28,-0.0002463878119629721,0.039378928018407006,-0.020116391847794273,0.03385368690160224,-0.07843546176284405,0.05949531986620124,0.0761756329370335,0.00710016458492748
2022-09-29,-5.166157209260577e-05,0.012178118505269347,-0.01530770977563398,0.00710016458492748,-0.06826186139527131,0.02748582828090333,0.010976975754061334,0.001419973962525138
2022-09-30,0.00015946338615205522,0.02005235618500982,-0.010257283961863496,0.001419973962525138,0.1227457139666472,0.030309640146873266,0.13812918537714447,-0.004656883296221792
2022-10-01,0.00028538475921278565,0.003514601117505819,-0.02073261459323284,-0.004656883296221792,-0.4226392570001627,0.02424721571073866,-0.349538308305392,0.0055038881073569985
2022-10-02,8.177332912415134e-05,0.015809492062655382,-0.010367341806999527,0.0055038881073569985,-0.06444181720488291,0.026176833869654817,-0.38416603052021886,0.009095550804606965
2022-10-03,-6.40557562121323e-05,0.014657556741169716,-0.0018807835284588364,0.009095550804606965,0.23050369010882846,0.016538340269628648,-0.05841775788505573,0.031773617029898366
2022-10-04,-2.721859166069515e-05,0.03748191838726816,-0.0017540293662294956,0.031773617029898366,0.12590658102766714,0.039235947753497744,0.1106581356232969,-0.00731935824413615
2022-10-05,-3.038430324470863e-05,0.00011679072690781963,-0.021818300673386717,-0.00731935824413615,-0.19035964186022028,0.02193509140029471,-0.0779224049063975,-0.02584122303576931
2022-10-06,5.9863518458367586e-05,0.012036250942445674,-0.04996012572087095,-0.02584122303576931,0.43037825852358813,0.06199637666331661,0.42506314668603096,-0.012114486830068478
2022-10-07,0.0004805908709664714,0.0011313354709396144,-0.022733501101753074,-0.012114486830068478,-0.05861328334212512,0.023864836572692484,0.24758421758934657,-0.02399142044819286
2022-10-08,-0.0006657868809521884,-0.0006657868809521884,-0.025510673174980052,-0.02399142044819286,-0.45445741794270444,0.02484488629402792,-0.30813595297266255,0.006376330562617286
2022-10-09,-7.241395795448788e-05,0.010114192665490317,-0.0036472998557456546,0.006376330562617286,-0.05849240357246218,0.013761492521235815,-0.3430557344508851,-0.023388305410889397
2022-10-10,2.3361893889281428e-05,0.002965117547323515,-0.023388305410889397,-0.023388305410889397,0.13869184048075608,0.026353422958212958,-0.1469559233580785,-0.0016004418086128483
2022-10-11,-0.00027421810954604835,0.006808044120493118,-0.012435900703515933,-0.0016004418086128483,-0.11452641318222795,0.019243944824009006,-0.26105124826088844,-0.0014765236588790468
2022-10-12,0.00012976680787922786,0.005013110855144585,-0.006325872736721754,-0.0014765236588790468,-0.06610301999416052,0.011338983591866227,-0.20807514365255306,0.003243795222044124
2022-10-13,-4.5388114279708424e-05,0.009262895608623548,-0.04915102280399285,0.003243795222044124,0.7207620921006729,0.058413918412616485,0.6410670923071184,-0.008438034319667687
2022-10-14,-2.0206698813243965e-05,0.017059596527390274,-0.012989551486534521,-0.008438034319667687,-0.3290980859630108,0.030049148013924727,0.15026619245543069,-0.004323977329214604
2022-10-15,-3.022740689796241e-05,0.006645347180914338,-0.006260458746098413,-0.004323977329214604,-0.4981615467674586,0.012905805927012815,-0.414239260265085,0.015218235318594741
2022-10-16,2.7969839873451682e-05,0.01969624513742088,-0.00015566758827014406,0.015218235318594741,0.13607513486513778,0.019851912725690948,-0.2332102805383412,0.01092141184554817
2022-10-17,-6.618409023101011e-05,0.012114652328747935,-0.007708413786623594,0.01092141184554817,0.054408886572758795,0.019823066115371536,-0.17289147437437147,-0.008375811610695415
2022-10-18,7.963798062453196e-05,0.001097979675133435,-0.01823842747320025,-0.008375811610695415,0.008520419861297712,0.019336407148333647,-0.17783329054571023,-0.004523942251198849
2022-10-19,3.250365065994412e-05,0.0015840773714294063,-0.009304047258652002,-0.004523942251198849,-0.18670083017798403,0.010888124630081455,-0.20626683755360797,-0.010014198668958824
2022-10-20,-0.00010155038268256015,0.004782266840663258,-0.015267287424655893,-0.010014198668958824,0.08107046841448844,0.020049554265319274,-0.01783987426031128,0.0028449382874581593
2022-10-21,-9.79253317861228e-05,0.006576291582483337,-0.01779118548839916,0.0028449382874581593,0.09537166297000471,0.02436747707088229,0.060169190699799584,0.0016320297376449377
2022-10-22,-1.9777292989884423e-05,0.003581933764848696,-0.005464226649190682,0.0016320297376449377,-0.4166807031699794,0.00904616041403936,-0.36735044775876957,0.02023421734022537
2022-10-23,1.8052415188512102e-06,0.02226692661077848,-0.005103787873698283,0.02023421734022537,0.2117187444973365,0.027370714484476744,-0.08094519904799848,-0.0073848150339090495
2022-10-24,-2.6868302033790926e-05,0.003137295831806068,-0.015051728572631998,-0.0073848150339090495,0.10243464336112867,0.01818902440443801,0.06679304756555354,0.03745037393936046
2022-10-25,-9.512919587909872e-05,0.05546121563721567,-0.005897038292387222,0.03745037393936046,0.561882881115438,0.06135825392960282,0.6135566676007874,0.02068396518627071
2022-10-26,-0.0002683754432941719,0.025238021833449458,-0.0009451601236360374,0.02068396518627071,0.07901513580282214,0.026183181957085674,0.5465003251505393,-0.01224110327055615
2022-10-27,5.170609625493801e-05,0.009229616589923613,-0.017900588552158876,-0.01224110327055615,-0.15125085841429786,0.027130205142082406,0.2608872874785821,0.03820218597254456
2022-10-28,-1.031996190769859e-05,0.047246671607887016,-0.002469291580051548,0.03820218597254456,0.20430443406544954,0.04971596318793849,0.3311804879215359,0.0206033017414674
2022-10-29,-3.492006812119269e-05,0.0326825944178174,-0.006966629133258936,0.0206033017414674,0.26436117660455083,0.0396492235510765,0.453242901181896,0.030867354452931886
2022-10-30,3.9322647341971674e-05,0.04452479783620093,-0.005549539794750008,0.030867354452931886,0.038039545375078025,0.05007433763095082,0.31398299424875015,0.03939150461162925
2022-10-31,-0.0002659597768540354,0.07086362136144958,-0.01972916132410237,0.03939150461162925,0.40136026017343884,0.09059278268555203,0.6232423371658621,-0.005472960763235821
2022-11-01,-0.0002539084496463095,0.023755014948919417,-0.026154682420942755,-0.005472960763235821,-0.48948233964587406,0.049909697369862116,-0.04689363888447539,-0.013738972416941862
2022-11-02,-0.0003434269738463819,0.013647375313062756,-0.0258995171127354,-0.013738972416941862,0.059809872355809944,0.03954689242579811,-0.050312645324278545,0.02944331734887055
2022-11-03,7.463480065995247e-05,0.05615387664866388,-0.0051827511955159855,0.02944331734887055,0.07098626278819645,0.06133662784417989,-0.023911893276536426,0.07220954839448496
2022-11-04,-0.0001395855311681296,0.08280660613561183,-0.0029679791449396453,0.07220954839448496,0.24680444224397494,0.08577458528055143,0.20786405098594002,-0.014645539971895011
2022-11-05,3.69400785040871e-05,0.01651870342998998,-0.021062870239897623,-0.014645539971895011,-0.4538008353528747,0.0375815736698876,-0.3059812044491046,-0.028650615010972002
2022-11-06,9.855909753016479e-05,0.014876113288558191,-0.029231121173947158,-0.028650615010972002,-0.07421088126555642,0.04410723446250524,-0.2613764744557842,-0.007021918545576058
2022-11-07,-0.001451357450113187,0.013615410657908451,-0.03509899507594712,-0.007021918545576058,0.4600665736751826,0.04871440573385565,0.22400355628217375,-0.028057239784922795
2022-11-08,-7.98706711335523e-05,0.14272162759171284,-0.10721249283211004,-0.028057239784922795,1.090492030820959,0.24993412042382293,1.2606541208320987,-0.20537049460020806
2022-11-09,0.00039479044728823613,0.013249815810091688,-0.22475447232290274,-0.20537049460020806,-0.5241791295276323,0.23800428813299454,0.32616990927508804,0.1305925907050545
2022-11-10,0.0001223587381331391,0.15333245194105416,-0.008979101610973842,0.1305925907050545,-0.25979843288448157,0.16231155355202798,-0.0368776841352186,-0.048029019984654225
2022-11-11,-0.0003064470797758616,0.0027347897528875293,-0.0802650891035367,-0.048029019984654225,-0.4150646383853255,0.08299987885642425,-0.5438872860979782,-0.026145416085429335
2022-11-12,0.00012792910954829504,0.0018911560794361635,-0.06329037969665138,-0.026145416085429335,-0.31216500047054035,0.06518153577608744,-0.8898824698161668,-0.020618469790943096
2022-11-13,8.495320877481064e-05,0.01317058097486712,-0.029796107437242245,-0.020618469790943096,-0.21833580113329784,0.04296668841210924,-1.064304229145842,0.007201560768854127
2022-11-14,0.0001547940395581276,0.049861273794971406,-0.030641949454145733,0.007201560768854127,0.4775316050674128,0.08050322324911725,-0.20111394347037986,-0.0061370224458256175
2022-11-15,0.00017799888877116922,0.011790815537498115,-0.016231773140515392,-0.0061370224458256175,-0.32263431615513044,0.02802258867801336,-0.33124378583519287,-0.01746057768431982
2022-11-16,-3.979089389775484e-05,0.010483828343631357,-0.026437135508427165,-0.01746057768431982,-0.2056241607124594,0.03692096385205843,-0.3468853675887464,-0.01544602102686018
2022-11-17,2.4675627659174004e-05,0.004184347240501058,-0.028644606822063576,-0.01544602102686018,-0.06130184014874759,0.032828954062564655,-0.2900361826149168,0.022180015569503036
2022-11-18,1.047959645352936e-05,0.024316924874491306,8.315340966925846e-06,0.022180015569503036,-0.22097311429013575,0.02430860953352448,-0.4506399784176718,-0.005572993180103462
2022-11-19,-0.00011966209844328515,0.0012494683703118156,-0.01571292903829305,-0.005572993180103462,-0.2173144006312902,0.01696239740860484,-0.6162825983884073,-0.030423656638699254
2022-11-20,0.00011975629999395185,0.004588642228524528,-0.03680131905492448,-0.030423656638699254,0.2672003319531873,0.04138996128344907,-0.133601719418878,-0.03884289734298527
2022-11-21,2.425371464096905e-06,0.0019184776035913664,-0.052754162790088766,-0.03884289734298527,0.4186195187419072,0.05467264039368008,0.3861402747501617,0.046718408997475834
2022-11-22,-0.0005870666671214463,0.04884816410467323,-0.00702115696070793,0.046718408997475834,-0.3132253439028228,0.0558693210653812,0.02412505730316453,0.11186652552806527
2022-11-23,0.0003604289395399032,0.11913492211206345,-0.0048531009904452145,0.11186652552806527,0.8750559510102559,0.12398802310250864,0.9131900407499873,0.008626127259237412
2022-11-24,0.0003303803168458212,0.017364685725119046,-0.011195272270688193,0.008626127259237412,-0.45427188212371367,0.02855995799580729,0.18086151700461564,0.0004987369445803269
2022-11-25,-0.00031291657909557065,0.012357081269999846,-0.018529443198447328,0.0004987369445803269,-0.2504752168135334,0.030886524468447245,-0.19293944186194487,0.03533491252273255
2022-11-26,-1.979849699013184e-05,0.053076013585500285,-0.0006264316574765392,0.03533491252273255,0.2524230440299347,0.05370244524297697,0.020516651940616065,-0.012796082560075944
2022-11-27,-5.2727997638066076e-05,0.015396597058750428,-0.013684221466049008,-0.012796082560075944,-0.43107468099469404,0.029080818524799434,-0.43151170969080455,-0.04627462467519509
2022-11-28,-9.669071566203748e-05,0.005407119214903453,-0.060111636177692954,-0.04627462467519509,0.3749025008872942,0.06551875539259627,-0.055520310830905875,0.006692152945892007
2022-11-29,-0.0001207146746892544,0.037760185762676104,-0.012904926557340062,0.006692152945892007,-0.15759331992712083,0.05066511232001617,-0.0791264758774187,0.01776414183031827
2022-11-30,0.00016935668458268525,0.03050412181325235,-0.003783502662950553,0.01776414183031827,0.02321533174799286,0.034287624476202955,-0.01133748352368048,-0.02961748545947847
2022-12-01,-0.0001329170090475106,0.002275819736622432,-0.034638331641924355,-0.02961748545947847,0.35025604301952057,0.03691415137854691,0.32712413930768663,0.005162022430649781
2022-12-02,4.232421825328674e-05,0.005162022430649781,-0.02032569764922093,0.005162022430649781,-0.5173573168313229,0.02548772007987074,-0.2303621299878185,-0.010150414102054748
2022-12-03,-9.24321610720718e-05,0.001754797276704748,-0.013109992440328632,-0.010150414102054748,-0.29722228528761635,0.014864789717033521,-0.5387669923046763,0.005919737379624415
2022-12-04,-3.4555162936046664e-05,0.0060884483623474435,-0.007111750452450075,0.005919737379624415,-0.0018391988692443538,0.01320019881479743,-0.44005634604429505,-0.013134733152037819
2022-12-05,-0.0002717095644072251,0.015695730099994618,-0.019867049827820546,-0.013134733152037819,0.10790553122196193,0.03556277992781503,-0.2576653587767559,0.006496548931475139
2022-12-06,-4.337467681251884e-05,0.007347428667278733,-0.004747876916943786,0.006496548931475139,-0.1451536969871352,0.012095305584222494,-0.3339037364043174,-0.021127228868018388
2022-12-07,0.00010383791457398125,0.0004518475123072957,-0.02912158508524025,-0.021127228868018388,0.218505236023232,0.029573432597547515,0.09915870143566242,0.021756291970908094
2022-12-08,3.778604681964444e-05,0.025104977171356655,-0.005202749534057366,0.021756291970908094,-0.16062623830708814,0.030307726705414092,-0.03346782828326521,-0.015423594098413991
2022-12-09,-5.220547930775328e-05,0.0035506066369478,-0.01722464969030637,-0.015423594098413991,-0.003726768764068255,0.020775256327254014,-0.040788817873594986,0.007087227948166072
2022-12-10,5.621408586741149e-05,0.011821859084103733,5.621408586741149e-05,0.007087227948166072,-0.38189821186783546,0.011765644998236435,-0.4259002708270724,-0.01304717308572663
2022-12-11,6.60905001607833e-05,0.009709641001523474,-0.013758131574734577,-0.01304717308572663,0.12208220416416833,0.02346777257625803,-0.2215358727981952,-0.028939659382305773
2022-12-12,0.00015461994721474112,0.004025194512389267,-0.03893355755372203,-0.028939659382305773,0.6739388654798311,0.04295875206611139,0.4896825246857432,-0.015783880002444316
2022-12-13,2.2754417865107587e-05,0.015833084518345714,-0.07062020747119394,-0.015783880002444316,0.6807493752071181,0.08645329198953966,1.1007827216773538,-0.0137738916516017
2022-12-14,2.345305895598989e-05,0.021482460318629812,-0.021578509677236717,-0.0137738916516017,-0.6289081692646781,0.043060969995866456,0.13585462879121116,-0.03783062865036944
2022-12-15,-0.0003026826926502093,-0.0003026826926502093,-0.04245853445360261,-0.03783062865036944,-0.3696871098406844,0.04215585176095237,-0.3157203089799337,-0.11059649642426768
2022-12-16,-1.9142075795590535e-05,0.02286657879127726,-0.1275502227676411,-0.11059649642426768,0.5777308300328604,0.15041680155891837,0.20805598254639884,0.04769902604198684
2022-12-17,-5.054882430168677e-05,0.05203003057804666,-0.045246294307646505,0.04769902604198684,-0.05454384393643036,0.09727632488569317,0.01421478152191174,0.034953350179555656
2022-12-18,-5.1025565108821276e-05,0.04360878896908637,-0.01033133384013319,0.034953350179555656,-0.25721467509755935,0.05394012280921975,-0.27996576615975904,-0.042699768180421246
2022-12-19,0.00034350562862379253,0.007048884339785852,-0.0510744595562583,-0.042699768180421246,-0.2086532218486989,0.05812334389604414,-0.310287356700242,0.04503879864824427
2022-12-20,4.3304339193391166e-05,0.04854463782589581,-0.0035647973747205525,0.04503879864824427,-0.11757886336521155,0.05210943520061642,-0.3725973272449891,-0.022892331997070584
2022-12-21,-0.00019949463244660096,-0.00019949463244660096,-0.024070580994209858,-0.022892331997070584,-0.33176861303974287,0.023871086361763383,-0.6957707286722016,-0.0006356774299163363
2022-12-22,8.675627621823541e-05,0.008035383115905684,-0.02287226773052198,-0.0006356774299163363,0.12546579897630014,0.030907650846427583,-0.39201291127058757,0.0010468813536059103
2022-12-23,1.4272591480397889e-05,0.009649048697852193,-0.005863999539389597,0.0010468813536059103,-0.3343865124167853,0.015513048237241832,-0.5490041231492649,-0.006164240195320731
2022-12-24,1.4071689555254489e-05,0.00013624530523334054,-0.008957921153183451,-0.006164240195320731,-0.3263710673399045,0.009094166458416826,-0.701798187182467,-0.006125907594023067
2022-12-25,3.5552866566477904e-06,0.004467926625116085,-0.012070105991806798,-0.006125907594023067,0.06028006041352487,0.01653803261692295,-0.45970817294151256,0.004336994051599248
2022-12-26,2.6483030905172014e-05,0.005964097486252188,-0.003778879122056251,0.004336994051599248,-0.07648932601726853,0.009742976608308461,-0.3657766253257196,0.009773575417175667
2022-12-27,1.7870619464696993e-05,0.014155777834856036,-0.006722462767998771,0.009773575417175667,0.3487641061308217,0.020878240602854863,0.09066905764723932,-0.010004422543410434
2022-12-28,4.232332271890693e-05,0.0009863977922089295,-0.018364917558300605,-0.010004422543410434,0.057970337014281045,0.019351315350509598,0.23754467619388686,0.009530018900575065
2022-12-29,0.00012080456102197535,0.010021933726048987,-0.002304641417762479,0.009530018900575065,-0.18310301758503736,0.01232657514381153,0.038804336442779475,-0.0028460669857053884
