date,open_ret,high_ret,low_ret,close_ret,volume_ret,range_ret,vol_ratio,target_return
2020-01-02,0.00033006990689328757,0.001662598640477984,-0.03748524756695842,-0.030272928096194005,0.11373924135997246,0.039147846207436346,0.11373924135997246,0.050171745960031294
2020-01-03,-0.00014910686379524966,0.059499399743334264,-0.010139908023316097,0.050171745960031294,0.30112492226835236,0.0696393077666504,0.35637833696506643,0.008915009823896914
2020-01-04,6.687573201838482e-05,0.011169890953462857,-0.004827245010713386,0.008915009823896914,-0.421424248274395,0.01599713596417623,-0.19845372838613842,8.914393268935946e-05
2020-01-05,-2.767379058299399e-05,0.01789936862188034,-0.0013666820420360215,8.914393268935946e-05,0.06713680085395934,0.019266050663916442,-0.08527239020339536,0.047161467235659664
2020-01-06,-0.00011675183238525627,0.04878809982726883,-0.0002731890289358855,0.047161467235659664,0.16554340256446112,0.049061288856204664,0.09675368337198564,0.04952688932640552
2020-01-07,-6.913538225283198e-05,0.0513043367509242,-0.00012765279061715705,0.04952688932640552,0.2118049982233545,0.05143198954154126,0.2649366945925495,-0.010321673202805576
2020-01-08,-0.00021522430277698306,0.028146766066763466,-0.025672871156701024,-0.010321673202805576,0.09621164376073969,0.0538196372234644,0.29145874982283587,-0.02516485111441786
2020-01-09,0.0003010866968439382,0.0003010866968439382,-0.029829495713985257,-0.02516485111441786,-0.275482401611367,0.030130582410829075,-0.013675552760753997,0.0358370170573265
2020-01-10,-9.692879509227288e-05,0.0358370170573265,-0.019518482992150744,0.0358370170573265,0.17743687551415102,0.05535550004947714,0.11882726897226376,-0.01592428993077385
2020-01-11,-0.0005344294766728108,0.006323542467903348,-0.016907101924116697,-0.01592428993077385,-0.11789703034130247,0.02323064439202005,-0.0672077814965876,0.019095619045757743
2020-01-12,-0.000532130222394415,0.020019127951718257,-0.0035494810635671612,0.019095619045757743,-0.10822106430434011,0.02356860901528533,-0.1917440154453609,-0.005913064387262195
2020-01-13,-0.00033233106762896975,0.0006459858864439725,-0.013863558641322986,-0.005913064387262195,-0.01853155128371997,0.01450954452776695,-0.1670855013521336,0.0805965063783667
2020-01-14,-0.00040051642507300974,0.08644124687377608,-0.00040051642507300974,0.0805965063783667,0.6903848900567635,0.0868417632988491,0.5949770272515179,-0.0023537488141357047
2020-01-15,-0.00027427446748023136,0.0070384030153417656,-0.01951192759726126,-0.0023537488141357047,-0.11169336436380865,0.02655033061260284,0.3278554082952997,-0.009494746324859216
2020-01-16,0.0006209830842549734,0.004469405417624495,-0.02238038735092495,-0.009494746324859216,-0.24738231647740672,0.026849792768549523,0.004594925511612283,0.023255338715640103
2020-01-17,0.00016319885917906186,0.026507281422197843,-0.005341022148041502,0.023255338715640103,0.1497383734124195,0.03184830357023942,0.11783872886333145,0.0015410282758632793
2020-01-18,-0.00020454147778694776,0.009270347961428456,-0.011455851202650793,0.0015410282758632793,-0.11756710012226525,0.020726199164079286,-0.07976130509485636,-0.026809102516198058
2020-01-19,-0.00015245603867930987,0.024472599236637162,-0.03675532578396954,-0.026809102516198058,0.0564959842352023,0.0612279250206068,-0.07801573379698098,-0.005598131806099833
2020-01-20,-0.00018531878192702198,0.004509069410194096,-0.016885078146916928,-0.005598131806099833,-0.2585207476545649,0.021394147557111012,-0.2773815128734778,0.010141927934056931
2020-01-21,0.00015576154484230672,0.01126314246722839,-0.013152264679364303,0.010141927934056931,-0.09210649565903872,0.024415407146592714,-0.2877700444808309,-0.007461951294768086
2020-01-22,-0.00019251956578624825,0.005370890194644641,-0.012558378402107788,-0.007461951294768086,-0.06414578403187682,0.017929268596752486,-0.30595855645748904,-0.03211536772319544
2020-01-23,-2.5986878427794403e-05,0.0007912076956134288,-0.04082238356847004,-0.03211536772319544,0.13127850677351724,0.041613591264083476,-0.08064359503409287,0.00461893300829455
2020-01-24,-0.00011280484257242127,0.012783130159071418,-0.01675464356169374,0.00461893300829455,-0.0547398448965093,0.029537773720764948,-0.08722531560103262,-0.009229306182408406
2020-01-25,-0.0006295831281661672,0.0015403033309342158,-0.017826169115383653,-0.009229306182408406,-0.21655606685913056,0.019366472446317912,-0.22714844146486118,0.02699683810277081
2020-01-26,-0.0004108829886416327,0.027644691383317453,-0.005073842114300232,0.02699683810277081,0.12114479336430434,0.03271853349761767,-0.049483321518440426,0.03576042498236325
2020-01-27,5.5660319397857615e-05,0.04335314375797061,5.5660319397857615e-05,0.03576042498236325,0.2559742146523446,0.04329748343857287,0.22310467735011832,0.04914065669354804
2020-01-28,0.0003035603154914389,0.04914065669354804,-0.00015400715971902404,0.04914065669354804,0.18295952572310734,0.04929466385326708,0.35463925914896627,-0.004493658672814258
2020-01-29,-0.00011959147316617563,0.00509905097346108,-0.009568657359607245,-0.004493658672814258,-0.11432440656484943,0.014667708333068456,0.17123801744390701,0.020437036918080173
2020-01-30,-6.582867879087245e-05,0.02506746557380493,-0.009244685922070856,0.020437036918080173,0.05380800962101021,0.03431215149587575,0.17757377202368432,-0.01680504867594127
2020-01-31,-7.148094239985706e-05,0.00133604050696381,-0.029694841233545776,-0.01680504867594127,-0.09540451019416915,0.031030881740509494,-0.007600057422320701,0.004518472151643944
2020-02-01,-0.0004462641435435263,0.009451336151493116,-0.003995987045548913,0.004518472151643944,-0.126981802158301,0.013447323197041897,-0.18234743154007574,-0.005177910236525379
2020-02-02,-0.000325266153351163,0.008050533185798153,-0.018812398372958436,-0.005177910236525379,0.1735569533132269,0.026862931558756693,0.008882338153233221,-0.00545597007771587
2020-02-03,3.406908269740311e-05,0.020758972875735117,-0.010297670768802943,-0.00545597007771587,0.0031847146295190163,0.031056643644538036,0.035658945692506334,-0.0121854536490776
2020-02-04,-7.31382993022856e-05,0.0040531139576757335,-0.01963625969130179,-0.0121854536490776,-0.034228537403734015,0.023689373648977434,-0.0002532292893161771,0.04602834799275258
2020-02-05,0.00026716122849716056,0.05512778783720267,-0.0018816143309520498,0.04602834799275258,0.16404213062308892,0.05700940216815474,0.18055438850556374,0.012033084493942919
2020-02-06,0.00045732462847263076,0.021730955520120727,-0.007685991789736501,0.012033084493942919,0.06609772924247219,0.029416947309857132,0.20802776316763058,0.0067748353927720014
2020-02-07,-0.0003905084610267026,0.01072513432439696,-0.0003905084610267026,0.0067748353927720014,-0.08615274022331125,0.011115642785423716,0.048060441299340305,0.0070368594474600355
2020-02-08,-0.00029333247132553496,0.008215054343827551,-0.012019049271767833,0.0070368594474600355,0.01863395105896832,0.02023410361559532,0.044530471105219606,0.025179720219250152
2020-02-09,-0.00012414299031268582,0.026440379262799362,-0.0014939064680564453,0.025179720219250152,0.01791655539584458,0.027934285730855993,0.03756345737065009,-0.026042505869956382
2020-02-10,-0.00011014679315756816,0.004840827244170009,-0.03337894836218177,-0.026042505869956382,0.09525622745057628,0.03821977560635169,0.09909454029065058,0.03505244674627077
2020-02-11,-7.302234174793191e-05,0.03523036628196089,-0.012996886330735768,0.03505244674627077,-0.04514292912612812,0.0482272526126966,0.030870422927841083,0.011475404940052
2020-02-12,-0.000573096928919078,0.01799644441741155,-0.000573096928919078,0.011475404940052,0.14319833652965414,0.018569541346330588,0.17396337446803806,-0.010873762642183454
2020-02-13,-0.00020278435088836658,0.012661281631411607,-0.02053602534927422,-0.010873762642183454,0.12758103912653201,0.03319730698068586,0.2538258482295292,0.009523015160699344
2020-02-14,-0.0002770107886019737,0.01048064138872794,-0.008736149809902826,0.009523015160699344,-0.13002484145290882,0.019216791198630682,0.05233284556706543,-0.04185355039924229
2020-02-15,0.0001687420426791508,0.0028507737743508556,-0.043371176900581974,-0.04185355039924229,0.012082041905951451,0.046221950674932934,0.028450697506553116,0.004540878520857384
2020-02-16,-2.478609525856718e-05,0.016501472389980384,-0.017034849132866032,0.004540878520857384,-0.011239812334079806,0.03353632152284638,-0.003580239195247747,-0.02489772344158013
2020-02-17,0.00021407616730917127,0.0004409783225019246,-0.04391141965576763,-0.02489772344158013,0.05872623154338437,0.044352397978269516,0.02917478929345731,0.04557569247775114
2020-02-18,0.00011226146088939135,0.04753979084923192,-0.005978508139839427,0.04557569247775114,0.027293101581310236,0.053518298989071414,0.04509927354154048,-0.05144998404328957
2020-02-19,0.0001777336689726387,0.0048864550050137096,-0.05375328822362279,-0.05144998404328957,-0.005919712475210058,0.058639743228636444,0.048451039844344145,-0.0025892656683303506
2020-02-20,-0.000421697995153285,0.001019897407666109,-0.013111775105763647,-0.0025892656683303506,-0.0449775685374835,0.014131672513429736,-0.012717275149970713,0.008081532009711982
2020-02-21,0.00034407869965959127,0.011850136896942172,-0.0019514756096653395,0.008081532009711982,-0.09312355812287214,0.013801612506607592,-0.11049022749741767,-0.002404158134973382
2020-02-22,0.00013065090379411334,0.0012164291454999153,-0.008888131876272035,-0.002404158134973382,-0.13286718237025275,0.01010456102177195,-0.2326058297382656,0.02668506547579107
2020-02-23,1.4148319664944021e-05,0.0279828930508481,-0.0005580076361352854,0.02668506547579107,0.13906913792865067,0.028540900686983384,-0.047562207007782534,-0.028031992193656916
2020-02-24,-0.0002955358897588815,0.0027400007276628885,-0.03982454579058709,-0.028031992193656916,0.09037108335995454,0.042564546518250056,0.07139437947855605,-0.03248723753845248
2020-02-25,0.00011788680280013446,0.00026550398204508555,-0.03642183066416758,-0.03248723753845248,-0.058586656326322775,0.03668733464621262,0.021957539416415046,-0.057407687925487366
2020-02-26,-0.0003656359735773817,0.0013984709359009377,-0.07065707313255265,-0.057407687925487366,0.1705258787213441,0.07205554406845364,0.20413989102619776,-0.004092966388449268
2020-02-27,0.0005181217941178787,0.012659155163661095,-0.02797367536984688,-0.004092966388449268,-0.10333185688793285,0.040632830533507976,0.055675495895435106,-0.012836217768337236
2020-02-28,0.00048191218705625604,0.011990210140073959,-0.033753776966955626,-0.012836217768337236,-0.01920101285288257,0.04574398710702949,-0.007343975412950548,-0.008446835964171201
2020-02-29,-0.00014324392099318605,0.011826850813708888,-0.008446835964171201,-0.008446835964171201,-0.22012068674683205,0.020273686777880027,-0.24257337227575212,-0.004318240904803676
2020-03-01,2.9071005364744727e-05,0.014693308366034252,-0.015031387244375404,-0.004318240904803676,-0.012460620727008985,0.029724695610409475,-0.21346071093315186,0.035250739590151826
2020-03-02,9.46584359393138e-05,0.04105579599472101,-0.003489104910675165,0.035250739590151826,0.19260997707300642,0.04454490090539628,0.01244889895557467,-0.009274764811755473
2020-03-03,-0.00048291093698720936,0.003593299509711713,-0.018741131384041574,-0.009274764811755473,-0.01104972136183059,0.02233443089375329,0.037785946939296204,-0.0037097436703969933
2020-03-04,8.600879206279134e-05,0.006304779307826673,-0.00861188802130734,-0.0037097436703969933,-0.19875022029696773,0.01491666732913402,-0.14573940954437012,0.03628484201142127
2020-03-05,0.0005753822213095871,0.043232087617269835,0.00022930050064773558,0.03628484201142127,0.13321739715617884,0.043002787116621984,0.03777238871459439,0.004811004368074786
2020-03-06,-5.0019252044089304e-05,0.009748009325835071,-0.005155331559709597,0.004811004368074786,0.028038642526261905,0.01490334088554466,0.04558270987826293,-0.02357983053034934
2020-03-07,-0.0001036291285706571,0.004448801372073703,-0.025738169280154197,-0.02357983053034934,-0.11981412714632782,0.030186970652227953,-0.10192961610532486,-0.09430352876922735
2020-03-08,-0.00019620958227771693,0.0004925465858797463,-0.09465672880494261,-0.09430352876922735,0.09868008166710714,0.09514927539082234,0.030429561596042865,-0.02301429329184435
2020-03-09,0.00037366352955540955,0.008556804336354489,-0.05293201530647665,-0.02301429329184435,0.1605994067479638,0.06148881964283128,0.20355642063275015,-0.0017576850801850666
2020-03-10,-0.00018901657236108596,0.026563572780281416,-0.013836607457393523,-0.0017576850801850666,-0.10605566589830218,0.04040018023767507,0.03577593385654381,0.00021498848832731012
2020-03-11,4.5556975703641886e-05,0.005180787364467794,-0.034327919280313375,0.00021498848832731012,-0.08735643170732231,0.039508706644781115,-0.0638586642997254,-0.46473017533977296
2020-03-12,0.0002762753570174097,0.0022330091492439638,-0.48719729590712957,-0.46473017533977296,0.333226135542804,0.48943030505637364,0.27982181815289453,0.11268622219754491
2020-03-13,0.009419383382284468,0.16082953113670562,-0.19089019788347844,0.11268622219754491,0.31756116818332597,0.35171972902018395,0.5139011285393861,-0.06753557004657186
2020-03-14,0.0016828210223145494,0.010996606722628184,-0.08212056443813454,-0.06753557004657186,-0.7183798054524093,0.09311717116076287,-0.3478239868985443,0.03624573263084445
2020-03-15,0.0001347282797871157,0.1154271005166643,-0.005995014810129458,0.03624573263084445,-0.06150313511252384,0.1214221153267936,-0.3662902798463487,-0.07264505770911892
2020-03-16,-0.0013148542848900662,-0.0013148542848900662,-0.16428985352309342,-0.07264505770911892,0.2885091400321715,0.16297499923820338,-0.04369769849901832,0.04124552567019178
2020-03-17,-0.0023763186644505355,0.06874929583097321,-0.006516536225215139,0.04124552567019178,-0.16096888426148964,0.0752658320561884,-0.23248714015291358,0.002448204386069575
2020-03-18,0.0002840163556456171,0.02012001723826884,-0.030365418652075187,0.002448204386069575,-0.019447093367072902,0.05048543589034409,-0.18683031185742321,0.1671043242496126
2020-03-19,0.001331195135228124,0.18923505055709972,-0.0002806051431427001,0.1671043242496126,0.2974483659299583,0.18951565570024245,0.28366864291045196,0.0012244500086869695
2020-03-20,7.444774406662557e-05,0.10028281839547518,-0.053992015582739736,0.0012244500086869695,0.06531386228586895,0.15427483397821493,0.27451040375797353,-0.0022144850761294074
2020-03-21,0.0012483640363388274,0.02852354715836994,-0.043852033007795825,-0.0022144850761294074,-0.2477817559418137,0.07237558016616569,-0.06751870629665038,-0.05907702386252891
2020-03-22,7.949464775100703e-05,0.02784303402653917,-0.06019956270782277,-0.05907702386252891,-0.05800411424715034,0.0880425967343619,-0.11280048739005273,0.09578323765146265
2020-03-23,0.00019201929195505427,0.1000785930948278,-0.007791598297816544,0.09578323765146265,0.14791047433830576,0.10787019139264438,0.02855061281321109,0.04844470857364082
2020-03-24,0.0031631091344484826,0.05646307943010073,-0.0008183331120981037,0.04844470857364082,0.03653504800704538,0.05728141254219884,0.02766926346360524,-0.00801155993972081
2020-03-25,0.0005808557674665212,0.02314682847904844,-0.02982159918948933,-0.00801155993972081,-0.07830145783200848,0.05296842766853775,-0.03871295778238711,0.005281211361417012
2020-03-26,-0.0008822981502044767,0.008109576738080602,-0.013577653126483845,0.005281211361417012,-0.2330683917482637,0.02168722986456448,-0.22833621369616283,-0.03741337669931112
2020-03-27,0.00043893538487902627,0.011457476940250086,-0.03789212748146189,-0.03741337669931112,-0.02100628319675369,0.04934960442171213,-0.21647539831013898,-0.03581324079079013
2020-03-28,-0.0003933560100333199,-0.000355153459653616,-0.05593619127455047,-0.03581324079079013,0.008626049714066712,0.055581037814896844,-0.18183400699085098,-0.052650213305665085
2020-03-29,0.0005494417119272827,0.0013245278362394451,-0.05298073348211467,-0.052650213305665085,-0.2066010728144362,0.05430526131835406,-0.3313578953457907,0.08226844860278629
2020-03-30,0.0005900960558924767,0.0957627060811986,-0.0031810855786420246,0.08226844860278629,0.2681991439742309,0.09894379165984062,0.04269645769463329,0.001368107409615196
2020-03-31,0.00011891474138398614,0.011546638132269024,-0.0086972854566034,0.001368107409615196,-0.12364559006714654,0.02024392358887244,-0.037907904283299425,0.025777803165675912
2020-04-01,-0.00020584017334126026,0.026654905838664554,-0.0373859944069813,0.025777803165675912,0.20748692836273386,0.06404090024564575,0.18456947830045897,0.02788875596596145
2020-04-02,0.0,0.07034229451636324,-0.001644802481418577,0.02788875596596145,0.16660320610688514,0.07198709699778186,0.31740401700685034,-0.008906283829348233
2020-04-03,0.000555068343162789,0.030385543107352354,-0.017864725126980546,-0.008906283829348233,-0.20114700231761576,0.04825026823433289,0.045205697752253186,0.019725803844387817
2020-04-04,0.0007416405847909786,0.0213882325341014,-0.005495575301356967,0.019725803844387817,-0.1608312699660584,0.026883807835458268,-0.17098656682220123,-0.011186860819705755
2020-04-05,-0.0007268350637397263,0.0023106382827156285,-0.02232192354155393,-0.011186860819705755,-0.1173846786659643,0.024632561824269605,-0.2682813734075788,0.06838401551364988
2020-04-06,-0.00045357526421397866,0.06838401551364988,-0.0012140467874282987,0.06838401551364988,0.463208596019898,0.06959806230107808,0.21205127220747155,-0.013201383140758695
2020-04-07,0.0002561345497177858,0.021247216999742025,-0.01874877915491019,-0.013201383140758695,-0.058243597326436324,0.039995996154652214,0.11985623403364357,0.021734626116209514
2020-04-08,0.00039965349384041266,0.02474681554661276,-0.003225311646711074,0.021734626116209514,-0.16368190945574418,0.027972127193323943,-0.02625823533680171,-0.004373997983961782
2020-04-09,0.00052721629658581,0.001001613098584525,-0.021361293819806972,-0.004373997983961782,-0.07597384078059502,0.02236290691839128,-0.09487542483774522,-0.06165264619598333
2020-04-10,0.0002363529342652897,0.0002363529342652897,-0.07087398937604947,-0.06165264619598333,0.2255285631119725,0.07111034231031471,0.12217740200168305,-0.0009341136128114594
2020-04-11,0.0002835906290170683,0.008784653308156904,-0.01106858229703132,-0.0009341136128114594,-0.33445516187404567,0.019853235605188306,-0.2828390597512486,0.016198094339308036
2020-04-12,-0.00014800984979531948,0.03732655841080116,-0.007023337863411324,0.016198094339308036,0.13569213213533854,0.04434989627421245,-0.0684586448994434,-0.018247903368068016
2020-04-13,-0.0007857088981160865,-0.0007857088981160865,-0.044412933629539374,-0.018247903368068016,0.07693451601152518,0.043627224731423234,0.05379767327942534,-0.0003813508563592871
2020-04-14,-0.00025654857130932103,0.016448192346087572,-0.007510386280957546,-0.0003813508563592871,-0.12414905400044894,0.023958578627045087,-0.07610614481710204,-0.029712937076683203
2020-04-15,0.0004578888919663105,0.012524488529554227,-0.031024680389100622,-0.029712937076683203,-0.054898044269197255,0.043549168918654915,-0.12716773052397604,0.06902911272643515
2020-04-16,-0.0002493135710407457,0.07150559546972773,-0.013124601195509416,0.06902911272643515,0.37081979278775834,0.08463019666523708,0.3074702072538853,-0.0029015210954838368
2020-04-17,-3.533457988152237e-05,0.007053928860474624,-0.009384063890573564,-0.0029015210954838368,-0.3638720330422342,0.016437992751048142,-0.14301245001915722,0.022500902000608027
2020-04-18,-0.0005487645725422186,0.02419305880271033,-0.000978116243319805,0.022500902000608027,-0.0020392419948634397,0.025171175046030187,-0.12759302216406126,-0.009446987957285106
2020-04-19,0.00044871090873162413,0.00314440203692993,-0.012563369700350317,-0.009446987957285106,-0.03563760763881913,0.015707771737280263,-0.12917025017195466,-0.04370789261905666
2020-04-20,-0.0003549271860840577,0.0070501644938842055,-0.05048112019610707,-0.04370789261905666,0.1869328334877397,0.05753128468999129,0.0736007356023085,-0.00023764284804566149
2020-04-21,-0.0003159943439676284,0.007613140333851933,-0.006928392334901718,-0.00023764284804566149,-0.14691145947134135,0.014541532668753535,-0.1039680232973637,0.033849812461733006
2020-04-22,-0.00012831797438722528,0.037868335146713165,-0.0018244707038488088,0.033849812461733006,0.02003175786437175,0.039692805850561855,-0.002180583327827101,0.04297334717626114
2020-04-23,0.0005757107827626091,0.05129166156973453,-0.005016319972617138,0.04297334717626114,0.2687496030698165,0.056307981542351816,0.26216282305626,0.016178084496425684
2020-04-24,0.0005997119880359072,0.019258387490497304,0.0005997119880359072,0.016178084496425684,-0.22787012397022083,0.018658675502461593,-0.02967030898451005,0.0025177397803475064
2020-04-25,-5.535502652538362e-05,0.011909213261755185,-0.0038783758808532557,0.0025177397803475064,-0.05017427898589294,0.015787589142608412,-0.09831286742978,0.014417636083330129
2020-04-26,2.6832759730899268e-05,0.017112882052204095,-0.0011272391079681823,0.014417636083330129,0.0038966793660417556,0.01824012116017229,-0.06761579840014047,0.01495735604802822
2020-04-27,-5.836758085651588e-05,0.01495735604802822,-5.836758085651588e-05,0.01495735604802822,0.08938164723154739,0.015015723628884595,0.019054069488695244,0.0014686626299017075
2020-04-28,0.00017561447732218237,0.0024248716344113163,-0.008346400652101127,0.0014686626299017075,-0.08582568868424079,0.01077127228651236,-0.08305889599625069,0.11984140644428902
2020-04-29,-4.43443683647585e-05,0.12784423902009526,-0.002694689240628032,0.11984140644428902,0.5955026734511587,0.13053892826072325,0.5713391479906257,-0.01632197818592355
2020-04-30,-0.00038277401978923986,0.07015519625807076,-0.030898695041297428,-0.01632197818592355,0.10647473207788087,0.10105389129936816,0.5377206497413151,0.02353691044657035
2020-05-01,0.001641941379816327,0.043998628509848675,0.0010631182150774771,0.02353691044657035,-0.4184218173653234,0.04293551029477135,-0.04109677171006251,0.013872127279034094
2020-05-02,0.00048393574401243934,0.01593825862850975,-0.006042108152162381,0.013872127279034094,-0.09350920538082105,0.021980366780672198,-0.18139858169222256,-0.010189912204170495
2020-05-03,-0.0005544584380819398,0.019738561144252483,-0.017691686816380146,-0.010189912204170495,0.16007736213864227,0.03743024796063265,-0.03769722582998362,0.0017052718293899742
2020-05-04,-0.00019374047103087733,0.006658056590664174,-0.02878288297486224,0.0017052718293899742,-0.02980139167901818,0.03544093956552636,-0.12283316041123017,0.010093566989645255
2020-05-05,1.99416017868628e-05,0.016663547133949113,-0.006283507179651594,0.010093566989645255,-0.05786272125422538,0.02294705431360072,-0.12303429983347688,0.029084126239824877
2020-05-06,0.00048539363057317536,0.04436325661511909,-0.004047274346429928,0.029084126239824877,0.13473438258053502,0.04841053096154896,0.11441082995284022,0.07107536685466279
2020-05-07,-0.0007410650542808052,0.07520143880011275,-0.014172982175055839,0.07107536685466279,0.21333853801357897,0.08937442097516864,0.3039469161164604,-0.010998547172291293
2020-05-08,-0.0015443176732254282,0.0045341982668448055,-0.018698104270099526,-0.010998547172291293,-0.16570128898631953,0.023232302536944426,0.04928246448286927,-0.025599497514193534
2020-05-09,-0.00017880551415574574,0.007207498115484341,-0.026981742358973253,-0.025599497514193534,-0.10614514314268954,0.03418924047445754,-0.07566987443216999,-0.09133874992634657
2020-05-10,-0.0002843398257746973,0.00017557229616048305,-0.13347802701782915,-0.09133874992634657,0.3074113294232181,0.13365359931398973,0.2283731175250442,-0.017817356616017375
2020-05-11,-0.00010227381922383042,0.03114828261572791,-0.0446180959311085,-0.017817356616017375,-0.10313276096814447,0.07576637854683646,0.04821162025846928,0.0232893964825246
2020-05-12,0.0009981122256863422,0.03967117759883195,-0.0037448673319692267,0.0232893964825246,-0.304089951571744,0.04341604493080122,-0.28394941182248606,0.05152160673099469
2020-05-13,0.00010336890586018313,0.05667461428904985,0.00010336890586018313,0.05152160673099469,0.07792750626226327,0.05657124538318966,-0.1358429691859437,0.048814308336527425
2020-05-14,0.00014473588044601203,0.05491325741843743,-0.0016142654310895993,0.048814308336527425,0.21395672973218458,0.0565275228495269,0.10225007065311492,-0.04255454133663077
2020-05-15,5.8489373987264316e-05,0.002268544426583344,-0.04974126198392145,-0.04255454133663077,-0.15844219843127494,0.05200980641050468,-0.09417501090298876,0.005219563387115276
2020-05-16,0.0005404694973533706,0.024985715009456243,-0.007262748941873954,0.005219563387115276,-0.2864185908481663,0.032248463951330186,-0.32156056242930314,0.03084341466898477
2020-05-17,-0.00022226863036438034,0.04646543306582228,-0.002933565349565806,0.03084341466898477,0.10289816440154527,0.049398998415388105,-0.13090180648502095,0.005757095071523827
2020-05-18,0.0005123481309077526,0.02403893510449325,-0.01043399812129971,0.005757095071523827,0.04256190302908142,0.03447293322579285,-0.07928853649106299,0.0002531804680276828
2020-05-19,5.019947767504604e-05,0.011192139084176995,-0.019407776056785737,0.0002531804680276828,-0.06348469765094136,0.03059991514096261,-0.12615570550556632,-0.021407053865041548
2020-05-20,-0.0003813009576915111,0.007756413493789989,-0.02939650531763259,-0.021407053865041548,-0.07148241099712849,0.0371529188114226,-0.11737750017693635,-0.04743978112005262
2020-05-21,-2.5329671573456982e-05,0.0033819472459385045,-0.07104099741516215,-0.04743978112005262,0.07331165981182212,0.0744229446611007,0.014105556396611523,0.011039704675422358
2020-05-22,-0.00015711377828208492,0.016508952118548047,-0.00808422627916134,0.011039704675422358,-0.27702009811478207,0.02459317839770936,-0.2790892341451172,0.0029045429371388543
2020-05-23,0.0002706228590324235,0.012975490838040817,-0.007045530236304315,0.0029045429371388543,-0.07243193211128687,0.020021021074345103,-0.2979731732329355,-0.04655584805354227
2020-05-24,0.0003252810401710659,0.008554329102159272,-0.046910524930739265,-0.04655584805354227,0.15938055552346012,0.055464854032898504,-0.06009881297336875,0.013173543308948167
2020-05-25,-0.00048482327985791923,0.018109317253043152,-0.008075435023444377,0.013173543308948167,-0.038578821332968576,0.02618475227648748,-0.05888749658533593,-0.008103063993220552
2020-05-26,0.00029763019169877893,0.009501570679921198,-0.016943191676908553,-0.008103063993220552,-0.05599966995894654,0.026444762356829663,-0.08268562987487729,0.038410971222694656
2020-05-27,0.00026347531607547227,0.040837247920686055,-0.00010136365069478005,0.038410971222694656,0.10137397695243246,0.04093861157138083,0.08123713451268964,0.03686071480897355
2020-05-28,0.00042771886867798756,0.039017624574100636,-0.0035528111763634845,0.03686071480897355,0.04848495830435107,0.04257043575046418,0.1104966602569492,-0.00913557886418624
2020-05-29,0.00027337857182602534,0.0050175472603700465,-0.01548948329676863,-0.00913557886418624,-0.04372834204402293,0.020507030557138754,0.024522298189161493,0.02730538972956484
2020-05-30,-2.2243936213382965e-05,0.02767810959896778,-0.007699186724309562,0.02730538972956484,-0.005293152137283829,0.035377296323277505,0.016877759029664843,-0.024984292562996217
2020-05-31,-3.181293671327763e-05,-7.248428198464468e-06,-0.028028933417354608,-0.024984292562996217,-0.16400265665354302,0.028021684989155998,-0.15600410884169347,0.07198931640233779
2020-06-01,0.00026915933693358784,0.07516083555905836,-0.00107436582298877,0.07198931640233779,0.2369400842180731,0.07623520138204692,0.0921556080277792,-0.06474947480283666
2020-06-02,-0.0004225155705753948,0.0014813324524708246,-0.07204082408858101,-0.06474947480283666,0.10605989032623772,0.07352215654105183,0.1830147559518185,0.013229694990896244
2020-06-03,0.00041514075886060753,0.015933127158339964,-0.006100229168207562,0.013229694990896244,-0.4479006019392732,0.022033356326547522,-0.2937378801082402,0.014793539385652563
2020-06-04,-8.940096002762295e-05,0.023628678264427185,-0.013707955664579585,0.014793539385652563,0.035910358338188654,0.03733663392900669,-0.2096501292628109,-0.013881075272663914
2020-06-05,-4.294695210077661e-05,0.00697522149811228,-0.014120760328458007,-0.013881075272663914,-0.09767444233189375,0.021095981826570215,-0.26384290233254537,-0.0012271221586050945
2020-06-06,-6.506901359288305e-05,0.011101367432391469,-0.007738575333831411,-0.0012271221586050945,-0.13999364198160746,0.018839942766222906,-0.37558107047451594,0.010835668358634767
2020-06-07,-7.010606909491944e-05,0.011823565672661723,-0.020462312449687603,0.010835668358634767,0.20206924784392738,0.03228587812234932,-0.06902489778546543,0.0012940603543832425
2020-06-08,0.00012407835564064368,0.002400483268094188,-0.008538041488827213,0.0012940603543832425,-0.15206799456839418,0.01093852475692137,-0.1097404432422826,0.002474647666023554
2020-06-09,0.0002937804012646359,0.006617767048049901,-0.010986772712604552,0.002474647666023554,0.09880994678151565,0.01760453976065447,0.01887830621985027,0.00756591700730524
2020-06-10,-0.0001614159542587404,0.011489454580616208,-0.006905293780912886,0.00756591700730524,0.08051888300489779,0.01839474836152912,0.11851785886942033,-0.05715571914128428
2020-06-11,-1.6820078147353804e-06,0.006886312885230268,-0.06347399532099883,-0.05715571914128428,0.16265524035114073,0.07036030820622896,0.2621127841211082,0.01691958379014404
2020-06-12,-0.00011702528854401336,0.023188580712344427,-0.003861827295903868,0.01691958379014404,-0.2909844948119003,0.027050408008248233,-0.10980001182168471,-0.0005872938226618028
2020-06-13,-1.1433482087166731e-05,0.0013036923716508125,-0.008988209336266232,-0.0005872938226618028,-0.25254755005118007,0.010291901707916938,-0.3431049837658329,-0.009382843818570023
2020-06-14,0.00024021394923833344,0.0007377709854098564,-0.013567064409810562,-0.009382843818570023,0.07813406242400478,0.014304835395220572,-0.2327695838224167,0.006785862337686215
2020-06-15,-8.02148593410862e-05,0.01250010589991296,-0.043170776561808566,0.006785862337686215,0.3406487421235128,0.05567088246172159,0.1481124858922709,0.00919733936802677
2020-06-16,0.00037709167514372654,0.013529120410793169,-0.005331978343321019,0.00919733936802677,-0.21355596702493443,0.01886109875411415,-0.07403343018506346,-0.006075177257296805
2020-06-17,-0.00044465992032402806,0.0002514290056463145,-0.02233652389932808,-0.006075177257296805,-0.06651801714408022,0.02258795290497433,-0.06284036435192081,-0.00724264397501192
2020-06-18,0.00013843606207365438,0.00026655474546483885,-0.016148173503183285,-0.00724264397501192,-0.1270622106798317,0.01641472824864796,-0.16699666662741613,-0.013243316204145586
2020-06-19,-0.00016436764721368096,0.00308021167657099,-0.014721866606315706,-0.013243316204145586,0.09965593924202393,0.017802078282886595,-0.06929845392180692,0.004760633072752032
2020-06-20,0.00031663810495294537,0.011449376359310013,-0.004384986611328867,0.004760633072752032,-0.1363093259877693,0.015834362970638897,-0.21167735820561903,-0.003081241183796443
2020-06-21,-0.0001515342902079245,0.007341618002852853,-0.003425168120980323,-0.003081241183796443,-0.11142304630745224,0.010766786123833211,-0.22834225826185542,0.03642039931563134
2020-06-22,-0.00029184737177606737,0.037078867797235675,-0.0007266269280653833,0.03642039931563134,0.3200231667251192,0.0378054947253011,0.15870404482681136,-0.0019773010491619188
2020-06-23,-0.00048117464636923636,0.0022592224378879737,-0.010572185255968373,-0.0019773010491619188,-0.2158713465546737,0.012831407693856501,-0.06740297141045719,-0.033370923273779836
2020-06-24,0.0002586684490782126,0.005252100907645704,-0.037176570125977734,-0.033370923273779836,0.10883030283342024,0.04242867103362345,0.049858109447523245,-0.005253081495321345
2020-06-25,5.54658415225656e-05,0.0028466950184461077,-0.023716349625012154,-0.005253081495321345,-0.01839796501788882,0.026563044643458194,0.03892167698374586,-0.011059043986902698
2020-06-26,-0.00041222054192638406,0.004920851153867736,-0.017758312286885982,-0.011059043986902698,-0.014859648734724128,0.022679163440753602,0.0076053469104749236,-0.012909378740095026
2020-06-27,0.000535302942670981,0.0048874128697146925,-0.01813825947379552,-0.012909378740095026,-0.06001440815716962,0.023025672343510294,-0.08502251253283404,0.010796911071170564
2020-06-28,0.00033937633663725254,0.016681499719124224,-0.007753832751907743,0.010796911071170564,-0.17081213523348193,0.024435332471031853,-0.2142398876274723,0.0051566968672220465
2020-06-29,-0.00038862502116841655,0.010226999202327258,-0.011185543423328469,0.0051566968672220465,0.12262858558776747,0.021412542625655777,-0.06412392164498254,-0.005768117633966839
2020-06-30,-0.00057393476893869,0.002931383385095924,-0.011602054637360415,-0.005768117633966839,-0.0450282035847113,0.014533438022456248,-0.08023573440451187,0.00983678469207803
2020-07-01,0.0008742285495676025,0.01862196750291308,-0.003646148580978636,0.00983678469207803,0.014870808797653397,0.02226811608389169,-0.030995887363287823,-0.011433924918011266
2020-07-02,0.00030493334131085525,0.005041027719915478,-0.020992031902035354,-0.011433924918011266,0.022740758953946914,0.026033059621950908,0.020937835197735916,-0.003965412107265914
2020-07-03,0.00015701417510629014,0.008614658329392786,-0.007107554459197282,-0.003965412107265914,-0.22254412254680872,0.015722212788589977,-0.18986064356022925,0.004959953765059784
2020-07-04,-0.00033792546120199824,0.01050792779779443,-0.003712473410108516,0.004959953765059784,-0.06217674681837241,0.01422040120790279,-0.23311736253169374,-0.006431364974036432
2020-07-05,-0.0007007622185399797,0.0032463373797654038,-0.017170705162336614,-0.006431364974036432,0.04866239229284519,0.020417042542102068,-0.12920945548264975,0.032690364054528694
2020-07-06,-0.00012043709315576992,0.032690364054528694,-0.001685176808333697,0.032690364054528694,0.3267093959520378,0.03437554086286226,0.23684402286662956,-0.013227475028494522
2020-07-07,-0.002810574715189994,-0.0015859684239711265,-0.018696401673087292,-0.013227475028494522,-0.25666286620257495,0.01711043324911615,-0.04662577619864616,0.01884958505462196
2020-07-08,8.031905985630451e-05,0.021180569269023623,-0.00030022453727126283,0.01884958505462196,0.35320057122766646,0.021480793806294883,0.3416550688223807,-0.016076772716190905
2020-07-09,-3.5942014037901676e-05,0.00032300583146361174,-0.020718797695806274,-0.016076772716190905,-0.09032763333914064,0.021041803527269816,0.16092255874363057,9.051613040455209e-05
2020-07-10,-0.0004970374470692076,0.001023827860814192,-0.01739183688836449,9.051613040455209e-05,-0.06546472187109614,0.018415664749178703,0.023583017454634654,-0.004153644618958577
2020-07-11,-0.000139671926975004,0.0015856496902418608,-0.008585506572676269,-0.004153644618958577,-0.2409552709085705,0.010171156262918172,-0.2643083486141006,0.0039049160883403893
2020-07-12,7.661841207604418e-05,0.00852087743396774,-0.004653111438787202,0.0039049160883403893,0.08686706150696191,0.013173988872754772,-0.12217864242751837,-0.003551357868856212
2020-07-13,7.600402424962992e-05,0.0032185816818039114,-0.0056437764493553234,-0.003551357868856212,0.19247502877092348,0.008862358131159126,0.06282055027692968,-4.331631390260929e-05
2020-07-14,-0.0005314412501816068,0.004342485245525654,-0.007814544136582943,-4.331631390260929e-05,0.03175210286335159,0.012157029382108603,0.12146140319603094,-0.005465061808117076
2020-07-15,-0.00014242881515379326,0.003468023066040767,-0.007741521438345006,-0.005465061808117076,-0.13224793428313306,0.011209544504385886,-0.011839084549051365,-0.006614939463274875
2020-07-16,-9.316875933950557e-05,0.0023333972250129927,-0.011365495373787773,-0.006614939463274875,-0.00828708432836245,0.013698892598800742,-0.007380450206245046,0.002096417007004295
2020-07-17,-4.544876836486232e-05,0.005463053022423552,-0.004722513142603907,0.002096417007004295,-0.11945972910392523,0.010185566165027417,-0.15749619741005927,0.0008353119275824921
2020-07-18,-2.2836607595197408e-05,0.008659524511105536,-0.005541079127364373,0.0008353119275824921,-0.12935195914127082,0.014200603638469991,-0.28060700404865635,0.0029193317943758054
2020-07-19,-0.00011291992107605972,0.0046141026144011915,-0.006727124776738168,0.0029193317943758054,0.054507941746713216,0.011341227391139522,-0.1589537187219582,-0.0023526855605594836
2020-07-20,0.00015275865740495333,0.0030927186705221278,-0.005272811942831254,-0.0023526855605594836,0.06120009383404874,0.008365530613353375,-0.027488840471951246,0.022726572419009328
2020-07-21,-0.00018735424949303955,0.02617399791510153,-0.0016208482252988866,0.022726572419009328,0.27278365430683005,0.027794846140400512,0.27529158004721993,0.015923467431184803
2020-07-22,2.0520868604377325e-05,0.016464536441546444,-0.005909162003760043,0.015923467431184803,-0.08891665549317132,0.022373698445306418,0.15261570739191013,0.005831453188377249
2020-07-23,0.0001866757498399424,0.008871872312407963,-0.004456926226403506,0.005831453188377249,0.09315882478793738,0.013328798538811307,0.20995758543711565,-0.004621806400934839
2020-07-24,0.0004635549262858035,0.004401563857286111,-0.010451822492385254,-0.004621806400934839,-0.09191878070520797,0.01485338634967135,0.04095346641912307,0.014595935230040647
2020-07-25,0.00027183079125628335,0.017427825136949203,-0.000700752894978676,0.014595935230040647,0.0034558358880951386,0.01812857803192799,-7.529663887459505e-05,0.023292897324558883
2020-07-26,0.0003224712220362726,0.035199383122946966,-0.002510676335557965,0.023292897324558883,0.21080581089792574,0.03771005945850503,0.1769401666170392,0.10400866598506177
2020-07-27,5.1267303085079595e-06,0.13158880046352342,-0.0001208801416696903,0.10400866598506177,0.5447591509998883,0.13170968060519306,0.6937116179611061,-0.007126663372121388
2020-07-28,0.002416432768664656,0.019234850848841363,-0.03313745797180221,-0.007126663372121388,-0.20636086252159427,0.05237230882064362,0.2941696552700659,0.01704870717725163
2020-07-29,1.190178166551787e-05,0.035253263847754755,-0.005207575934533064,0.01704870717725163,-0.15576588835826974,0.04046083978228773,0.04392133368263415,0.0009676074745081875
2020-07-30,-5.71853175709388e-05,0.006186747675168381,-0.01864151221021772,0.0009676074745081875,-0.07417914329703033,0.024828259885386263,-0.09647687818496258,0.01892242337372686
2020-07-31,-9.026691105513737e-05,0.02704913292687918,-0.011237212359264805,0.01892242337372686,0.013178674168428287,0.038286345286143914,-0.13174095697306373,0.03779203373214687
2020-08-01,-7.917362063292417e-05,0.04077938988684814,-0.007426672867861632,0.03779203373214687,0.1185557712818767,0.048206062754709816,-0.03306420893918919,-0.061911857122825646
2020-08-02,-7.042371076234712e-05,0.023078673205994518,-0.06512722654224974,-0.061911857122825646,0.049907659646339295,0.08820589974824433,0.08822429965104603,0.017286053356239672
2020-08-03,-0.0008911194470473297,0.0355011543765065,-0.003734180361091919,0.017286053356239672,-0.30168387906023486,0.03923533473759859,-0.20259011941313443,-0.0036037470015529804
2020-08-04,-1.2938310785616552e-05,0.012286727468128634,-0.013625972546628451,-0.0036037470015529804,0.04713968001902885,0.02591270001475718,-0.11981231132527402,0.04716003790353572
2020-08-05,-0.00018468203345135654,0.05052498820570322,-0.004257477681665464,0.04716003790353572,0.13867810687595583,0.05478246588736867,0.032373848816979696,0.002784144331385825
2020-08-06,0.00024246888805326552,0.01313487722534848,-0.012705582450177683,0.002784144331385825,-0.04227661444338886,0.025840459675526232,-0.02043192886043665,-0.015251902049187646
2020-08-07,-7.46142567630814e-05,0.009989574568889005,-0.03201703610183201,-0.015251902049187646,-0.01153719483056069,0.042006610670720944,-0.009314891009703669,0.013065469924046941
2020-08-08,0.00026553918855842557,0.016972950406485998,-0.003716860365605898,0.013065469924046941,-0.2749204479564846,0.02068981077209204,-0.24690496358318917,-0.006684391826167338
2020-08-09,-0.001423561518143593,0.004415161316990966,-0.017617347504455493,-0.006684391826167338,-0.004703093937359983,0.022032508821446257,-0.22731111621594818,0.01718420090459035
2020-08-10,-0.0011554054016220702,0.031148189690217053,-0.0011554054016220702,0.01718420090459035,0.40086895605251815,0.032303595091839006,0.20841833778953503,-0.04016111286278769
2020-08-11,0.00029765730115373254,0.004586125121027851,-0.059166743687631744,-0.04016111286278769,0.0348333330280947,0.06375286880865957,0.22731553460312298,0.015169300755772669
2020-08-12,-0.0005197176725749968,0.02918055254334136,-0.014203150728097734,0.015169300755772669,-0.07585477585201544,0.04338370327143917,0.11823304199233069,0.017048853955416797
2020-08-13,0.00029954276546688587,0.018088592077840547,-0.03228643045925151,0.017048853955416797,0.09353849662537152,0.05037502253709196,0.1945672416761355,-0.001296361228177031
2020-08-14,-0.0009745396705981884,0.03065662468263581,-0.008409451301496538,-0.001296361228177031,-0.12707299242499037,0.03906607598413242,-0.016696719644015947,0.008193734253123777
2020-08-15,-1.4770270433113143e-05,0.01637752967906676,-1.4770270433113143e-05,0.008193734253123777,-0.037112084074669385,0.016392299949499863,-0.10712406583391001,0.0022817499658520377
2020-08-16,8.320316213029311e-05,0.005815258536103578,-0.010889433741049621,0.0022817499658520377,-0.12632412201956714,0.01670469227715315,-0.2119916146270602,0.029951760409884235
2020-08-17,0.0002399896396423472,0.03845563852160006,-0.007266634382653464,0.029951760409884235,0.3158195708174313,0.045722272904253417,0.1559112174836137,-0.02170941475499902
2020-08-18,-0.00020458707891557888,0.006612820019917058,-0.024775346963727813,-0.02170941475499902,-0.080545545555707,0.0313881669836448,0.04950988928335775,-0.01961788699136637
2020-08-19,-2.9074397026981915e-05,0.0031382359628140174,-0.02567022626488339,-0.01961788699136637,-0.06096827729434961,0.028808462227697482,0.000547697725439293,0.01016132774175868
2020-08-20,0.00027353967230709357,0.012015002811879713,-0.004109347375575005,0.01016132774175868,-0.1943332269353913,0.016124350187454742,-0.1959465134933912,-0.024361862793125022
2020-08-21,-2.9104001259664713e-05,0.0017569201869705945,-0.02673775100981058,-0.024361862793125022,0.1636493376501394,0.02849467119678113,-0.006043826523312106,0.007676821280393403
2020-08-22,-0.0006050331355932858,0.008325655828707255,-0.012471994889072356,0.007676821280393403,-0.16122611634223916,0.020797650717779573,-0.1935181504936904,-0.0014543864269716935
2020-08-23,-0.00018225750042151433,0.0027017881678121133,-0.010490211388567143,-0.0014543864269716935,-0.09007880159731818,0.013191999556379425,-0.2161506493127129,0.009364458635234827
2020-08-24,-9.92949639766788e-05,0.012166242679502576,-0.0035724429796131435,0.009364458635234827,0.11243947356350387,0.015738685659115615,-0.03552155269828285,-0.035306004408532356
2020-08-25,-8.551282882184322e-05,0.00031453471118320775,-0.0509371343503803,-0.035306004408532356,0.24038620015772405,0.05125166906156334,0.2411806946886081,0.010696334763965401
2020-08-26,6.684244456479258e-05,0.014318608223630508,-0.006101701079661672,0.010696334763965401,-0.15759387424367496,0.020420309303292028,0.02598701645938625,-0.014463477673961746
2020-08-27,-0.0002398264317649641,0.007148850211927659,-0.026676876224175448,-0.014463477673961746,0.03386031708213227,0.03382572643610305,0.07175666141639987,0.01916471859560327
2020-08-28,0.00016764212171750139,0.019434574697955443,-0.0006161364798282217,0.01916471859560327,-0.1598509401218515,0.020050711177783703,-0.1156002296186091,-0.0030920412474540297
2020-08-29,-0.0001252244311116511,0.003730578755343576,-0.0066241901534204286,-0.0030920412474540297,-0.12466429522421454,0.010354768908763894,-0.25211308809498495,0.017627931208674324
2020-08-30,0.00016064186856362968,0.01794882811535644,-0.0012594673475836147,0.017627931208674324,0.12228861035692214,0.019208295462940058,-0.10100431280247184,-0.0026235581917250007
2020-08-31,0.00015374989691367688,0.004886735312403745,-0.00971164677632868,-0.0026235581917250007,0.12028929186152117,0.014598382088732554,0.08099788706020979,0.02449528784504093
2020-09-01,-0.0001287583433422683,0.032532963954144026,-0.00684579428710851,0.02449528784504093,0.20335442616401042,0.039378758241252435,0.28611264753790727,-0.04759982836281475
2020-09-02,-0.0004725466676758771,-0.0004725466676758771,-0.05845579644474943,-0.04759982836281475,0.026229636912012237,0.05798324977707349,0.27342183091698974,-0.108024907829682
2020-09-03,-0.0005996850271516281,0.002536485536851182,-0.11417655873103826,-0.108024907829682,0.12992071684801837,0.11671304426788934,0.32900469628666806,0.02568095890557451
2020-09-04,-0.0014584772098764354,0.04004731482564785,-0.0036528678853753153,0.02568095890557451,-0.06342585425700875,0.0437001827110231,0.14716472625946908,-0.03310004713411871
2020-09-05,6.818732454150438e-05,0.006614212710529195,-0.05526131471408102,-0.03310004713411871,0.4047722793918372,0.061875527424610145,0.47598443302000837,0.010834787536525494
2020-09-06,-0.00023116594316966861,0.017966268374247103,-0.011142122218112359,0.010834787536525494,-0.19195925814043396,0.029108390592359548,0.1337146564169318,0.008640468391535637
2020-09-07,6.288345731144404e-05,0.011489933195789025,-0.036035111019480905,0.008640468391535637,-0.09525763197621868,0.04752504421526993,-0.019988901121720287,-0.02322390559011147
2020-09-08,-2.4768556441261477e-05,0.0043505820092715,-0.04179391809092104,-0.02322390559011147,-0.008108330600595876,0.04614450010019254,-0.06052165394604592,0.010879835709758444
2020-09-09,0.0002600225804457406,0.02138795815370157,-0.011342316552054085,0.010879835709758444,-0.3260963182858963,0.0327302747057556,-0.39504969833635817,0.011724294913524443
2020-09-10,-1.7162217759128123e-06,0.025216912977125295,-0.0004113100301334995,0.011724294913524443,0.8130974630615493,0.025628223007258786,0.45118287649199706,0.003638635248421432
2020-09-11,0.0005681652668683078,0.00690299571019805,-0.021684620892998288,0.003638635248421432,-0.18536068366575043,0.028587616603196236,0.21249422452460842,0.003958714499077175
2020-09-12,0.0008597747105394624,0.01696179338954354,-0.010489318394632385,0.003958714499077175,-0.20698157485014276,0.027451111784175943,-0.038013716120173194,-0.011404867595945653
2020-09-13,0.0009790597546706734,0.012849643190663373,-0.021082319550552578,-0.011404867595945653,-0.006640339101155722,0.033931962741216085,-0.06049162049298865,0.03400365092776386
2020-09-14,0.00048212255906530715,0.045099495071382494,-0.005609313434433308,0.03400365092776386,-0.02927570070513427,0.05070880850581584,-0.10550491585079368,0.010812510742824319
2020-09-15,-0.0002886901648076533,0.02384944383963085,-0.002285007264185467,0.010812510742824319,-0.0866934143899329,0.026134451103816247,-0.24809734022509763,0.016347532426243053
2020-09-16,7.506901152027103e-05,0.027692486162649594,-0.008563637929766946,0.016347532426243053,-0.05499112638247234,0.03625612409241668,-0.192030355279824,-0.002364091830582051
2020-09-17,-0.00015065686823368519,0.005680071482800193,-0.018417223295983186,-0.002364091830582051,0.21503346547987545,0.02409729477878329,0.10357507965496326,-0.0004023369137903027
2020-09-18,0.00025844505934565615,0.007816485000704693,-0.010958825823094202,-0.0004023369137903027,-0.3704122387529122,0.01877531082379883,-0.2749542143031035,0.013590771382837723
2020-09-19,-0.0009902953568436143,0.01716692311339417,-0.003200098536281094,0.013590771382837723,-0.14597167328898306,0.020367021649675316,-0.36051303000994317,-0.0141678855300922
2020-09-20,0.00013730713100624245,0.00013730713100624245,-0.025549921119488835,-0.0141678855300922,0.08159466103967762,0.025687228250495207,-0.1979893954368228,-0.04449331082805089
2020-09-21,-0.00030591807045521417,0.004563712051669203,-0.052361787817000266,-0.04449331082805089,0.15653843945045812,0.056925499868669446,0.011823597246729968,0.0072569445920738825
2020-09-22,-0.0002519603137096061,0.010063393303735834,-0.007630956222991355,0.0072569445920738825,-0.20115290489313226,0.017694349526727174,-0.17603441863172148,-0.028125828810467837
2020-09-23,-0.0002816532405706905,-5.995704130758575e-05,-0.03285301103620333,-0.028125828810467837,0.00703957685644092,0.03279305399489573,-0.06011136450733282,0.04893613643511954
2020-09-24,0.000253682640376458,0.04995700611345004,-0.0014353475503541438,0.04893613643511954,0.684005752022716,0.05139235366380419,0.6443151855407596,-0.00627888978372976
2020-09-25,9.692488564905473e-05,0.0016371140307796922,-0.01697894573238295,-0.00627888978372976,-0.18075466077846367,0.018616059763162586,0.2837446695327497,0.005410230472935921
2020-09-26,0.0002672862756465845,0.007480076747538093,-0.002381606856126506,0.005410230472935921,0.1745447468973545,0.009861683603664568,0.36399150002741676,0.0022805831897412406
2020-09-27,-0.00035641670131838046,0.004941199604211945,-0.011958959543059863,0.0022805831897412406,0.13726382671913637,0.016900159147271644,0.396558889895698,-0.006108227146350323
2020-09-28,0.00012469908206452687,0.01566084422555196,-0.00664609128418594,-0.006108227146350323,-0.11803013112335846,0.02230693550973787,0.12438664375745986,0.01252558330751577
2020-09-29,-1.8237054908279852e-07,0.013940981396903543,-0.005632938836923802,0.01252558330751577,-0.025015894318971308,0.019573920233827476,-0.008302842352926804,-0.0055619032310387645
2020-09-30,-7.096210752511892e-05,0.00024121550038634822,-0.016298552321266282,-0.0055619032310387645,-0.05315258077511831,0.01653976782165263,-0.059059644953811094,-0.015421675401221661
2020-10-01,0.0009975717713136892,0.013733710769833268,-0.029370037139459383,-0.015421675401221661,-0.0986124942344924,0.043103747909292604,-0.1780463933319969,-0.004102545378274992
2020-10-02,3.476019329217753e-05,0.00360814593977384,-0.019278152695111135,-0.004102545378274992,0.195429576596846,0.022886298634885012,0.04636018319909914,-0.0025226166977002406
2020-10-03,-8.264576906151337e-05,0.0021691543295536226,-0.006150197717473211,-0.0025226166977002406,-0.08580288895968709,0.00831935204702687,-0.01731044140366276,0.011334718114116692
2020-10-04,0.00010534030946463301,0.012872207904535405,-0.0014169702501403516,0.011334718114116692,0.46713543204871305,0.014289178154675803,0.4635727433258795,0.011532279024733388
2020-10-05,0.0006508247692638664,0.011547841162631193,-0.003284092362635674,0.011532279024733388,-0.4046992448662153,0.014831933525267032,-0.04556114390741374,-0.017659664062251813
2020-10-06,0.0002748351526572531,0.00039259852782300457,-0.024806295925293372,-0.017659664062251813,-0.10911018775044676,0.025198894453116353,-0.16811330435530933,0.006069812450621233
2020-10-07,-9.90940264979543e-05,0.007150781680928067,-0.003958958835210486,0.006069812450621233,-0.12011555106883488,0.011109740516138602,-0.2984902210839459,0.022861384647314218
2020-10-08,3.7710876571725047e-05,0.025610682069146185,-0.010019340863028725,0.022861384647314218,0.5158242451611713,0.035630022932174904,0.2609102358793261,0.013537193923190284
2020-10-09,0.0011195536546162116,0.016984993006296273,-0.0063260265323756325,0.013537193923190284,-1.0213971865668583,0.023311019538672047,-0.8341953421385759,0.02074267777372715
2020-10-10,-0.00048052122159147523,0.03357124131733018,-0.0006796657485856223,0.02074267777372715,0.0034529801547972037,0.03425090706591586,-0.6267120302143536,0.007744148940002064
2020-10-11,-2.472480471201476e-05,0.01165699709101572,-0.0006848264262126312,0.007744148940002064,-0.13601241924293375,0.012341823517228331,-0.6403403018028883,0.014924866101628098
2020-10-12,0.0007423426906970397,0.02723305725000796,-0.012684895244531515,0.014924866101628098,0.27022097952405777,0.03991795249453955,-0.24273422275956902,-0.011267025530866026
2020-10-13,-0.0005750979052802253,-0.0005521823430799103,-0.020470434580040966,-0.011267025530866026,-0.07632062376560875,0.019918252236961084,-0.24672729465037727,0.000315673400463534
2020-10-14,0.00027551474814835835,0.00993465770973057,-0.010387157628905444,0.000315673400463534,-0.005708732798290096,0.02032181533863612,0.037761179787595536,0.005744241377636975
2020-10-15,-0.0002541374687161504,0.012209783149757038,-0.01107676034363808,0.005744241377636975,0.015797864158294483,0.023286543493395127,0.04238264181890227,-0.01518396829079633
2020-10-16,0.000650357256559226,0.003882020594789543,-0.023976196570809634,-0.01518396829079633,0.045825477517520016,0.02785821716559909,0.07458863194578538,0.0031726798498982116
2020-10-17,0.0,0.005648912777677623,-0.003253559838951312,0.0031726798498982116,-0.29269708949652856,0.008902472616628942,-0.2646434692056184,0.010967693217915127
2020-10-18,-0.00018659265613411532,0.010967693217915127,-0.0009269432492956165,0.010967693217915127,-0.04529141085917417,0.01189463646721086,-0.25184518011067025,0.02227634146506345
2020-10-19,0.0010164949024796387,0.027123668340554713,-0.0065586890381304,0.02227634146506345,0.2662468254963813,0.03368235737868503,0.06639521801472435,0.014734826605249336
2020-10-20,0.00033527742441832946,0.021724495793694863,-0.005170596204301147,0.014734826605249336,0.25903239377858334,0.026895091997996157,0.327603544606583,0.07338405430586939
2020-10-21,-0.0002734278550677969,0.1011367892447095,-0.0012937046304729856,0.07338405430586939,0.3395303057633442,0.10243049387518255,0.6110288915402551,0.011027987566796663
2020-10-22,-0.001721243825336872,0.026008825243018497,-0.008347145911419171,0.011027987566796663,-0.22320143955275787,0.034355971154437656,0.24728825031995882,-0.0026529704553783216
2020-10-23,0.0004362208882981389,0.003854257314936991,-0.01658329246685294,-0.0026529704553783216,-0.18116441818874826,0.020437549781789893,-0.04276197995792689,0.01355828284978525
2020-10-24,2.718640220705121e-06,0.016377293938896247,-0.0035473937866642353,0.01355828284978525,-0.1660336361113714,0.01992468772556035,-0.27711759026304744,-0.0058830252475124915
2020-10-25,7.450090067121397e-08,0.016728387629060464,-0.015220528494081644,-0.0058830252475124915,-0.005532168198152097,0.03194891612314207,-0.2868507101611507,0.0033765071930938885
2020-10-26,2.0983314069257097e-06,0.014787025689777883,-0.016152172627149006,0.0033765071930938885,0.18821618906224588,0.03093919831692675,-0.05777537986383501,0.04332755896265355
2020-10-27,-4.481273541583675e-07,0.051020792157486075,-0.001102702045335364,0.04332755896265355,0.1358938958504959,0.052123494202821266,0.1717750947870807,-0.02844584941845549
2020-10-28,-2.860837833953703e-07,0.013347872845626585,-0.054324272734051667,-0.02844584941845549,0.06084973657963611,0.06767214557967824,0.2395436801279597,0.012475103458646658
2020-10-29,1.0301841755678485e-06,0.025352581632361586,-0.022188389737794842,0.012475103458646658,0.4544052377415429,0.047540971370156344,0.6462689657138336,0.008052075583308513
2020-10-30,-6.540513484769238e-07,0.01577282794650269,-0.02270614973945517,0.008052075583308513,-0.6138370143950632,0.038478977685958066,-0.16304125428970215,0.01716060814063042
2020-10-31,7.208950864617794e-07,0.03494070846042579,-0.006591048428255799,0.01716060814063042,-0.009033720224896596,0.04153175688868154,-0.20580562679264053,-0.003189593193523672
2020-11-01,0.0,0.00586320117702457,-0.011136246311308521,-0.003189593193523672,-0.2145730560258142,0.016999447488333038,-0.4249075612795133,-0.01367823012311885
2020-11-02,-5.616076281431132e-06,0.005170659458499373,-0.036619679859653455,-0.01367823012311885,0.2297994989478959,0.04179033931815286,-0.14411987605427487,0.02907841515337467
2020-11-03,-2.810672758631827e-06,0.03156134563521175,-0.016747558585628416,0.02907841515337467,-0.029734477301761906,0.048308904220840165,-0.14475979591880242,0.013061444695718672
2020-11-04,1.3440480094087025e-05,0.019061614318100037,-0.026868214478995334,0.013061444695718672,0.1618142476091963,0.0459298287970955,0.18461352378918183,0.09741581080424415
2020-11-05,1.8655518221540127e-06,0.10550603206657114,-0.0022395810900384355,0.09741581080424415,0.15139429687241343,0.10774561315660963,0.3054161620559656,-0.0008969303080480761
2020-11-06,-7.647126961919175e-06,0.020556955913152396,-0.022918675023801908,-0.0008969303080480761,-0.02524429306786527,0.04347563093695424,0.21242884204776408,-0.04817614127429782
2020-11-07,0.0,0.010939314401925315,-0.07624315669612682,-0.04817614127429782,-0.12875649337412887,0.08718247109805209,-0.00754983601580512,0.04261566759184631
2020-11-08,0.0,0.05275513158717886,-0.006061548486553958,0.04261566759184631,-0.27394445296190384,0.058816680073732905,-0.3053140374478667,-0.009558200327301026
2020-11-09,1.8295270076331053e-06,0.01954786235632708,-0.04047585818755437,-0.009558200327301026,0.2486203696561581,0.06002372054388153,-0.03861321573883364,-0.002704687109614758
2020-11-10,2.292948501936144e-06,0.007667583591874362,-0.013616363894364417,-0.002704687109614758,-0.28912379399109955,0.021283947486238936,-0.32227181415909156,0.026488015591815354
2020-11-11,4.470590302288406e-07,0.04008324133737399,-5.856646102274351e-05,0.026488015591815354,0.15196805474530897,0.04014180779839659,-0.07974435993426227,0.03596670089126322
2020-11-12,-2.612240673731936e-06,0.03772599973578169,-0.010665216070434403,0.03596670089126322,0.13793562445671634,0.048391215806216054,0.12265889003529158,0.0025443132057155655
2020-11-13,5.939872114537585e-06,0.01141348462661446,-0.017614626570262373,0.0025443132057155655,-0.07837552242835887,0.029028111196876667,0.049917309308074316,-0.015418716403050705
2020-11-14,0.0,0.0,-0.03546791449388419,-0.015418716403050705,-0.13962035255268698,0.03546791449388407,-0.122217741541588,-0.007029240926094911
2020-11-15,6.077632834386716e-08,0.003415321541694006,-0.017237719631025262,-0.007029240926094911,-0.14999406167212545,0.0206530411727193,-0.22832234364957035,0.04656389869041283
2020-11-16,-6.732557389766927e-07,0.052532509883876366,-0.004704189134381834,0.04656389869041283,0.28731028499227534,0.05723669901825816,0.0719996523977206,0.054102475844138374
2020-11-17,-0.0018214544003657188,0.061865437142162354,-0.00910844143131584,0.054102475844138374,0.212900329729026,0.07097387857347819,0.2730105292722913,0.008947999876361636
2020-11-18,-1.2175693486186028e-05,0.041546283344299745,-0.01671548081189301,0.008947999876361636,0.22940462863681604,0.05826176415619295,0.4703872943860165,0.0007346200168832048
2020-11-19,-8.117939175614739e-06,0.01756781314573233,-0.023956381147906415,0.0007346200168832048,-0.28262795736415286,0.041524194293638704,0.07984508041990807,0.04414876269819295
2020-11-20,-3.288626826488935e-07,0.05227363552382004,-0.0028831252859290372,0.04414876269819295,0.00021137615241789335,0.055156760809749086,0.025888677608096454,0.0011227042351799794
2020-11-21,1.048865215186409e-07,0.01679080832843532,-0.009548264162152325,0.0011227042351799794,0.06937096436178426,0.0263390724905876,0.023862190055569124,-0.014710561659748133
2020-11-22,0.0,0.0025038761719560483,-0.053482915773786784,-0.014710561659748133,0.04029237791792072,0.055986791945742784,0.023046151510204553,-0.00032018509970887474
2020-11-23,8.505711319466672e-07,0.018415336069829234,-0.020302977798903006,-0.00032018509970887474,0.03477263438197864,0.03871831386873212,0.04660971877609518,0.03968026776556164
2020-11-24,4.870962565912527e-05,0.052204266064084494,-0.01290491591367634,0.03968026776556164,0.18582938773799043,0.06510918197776078,0.26393237092628363,-0.019839332374638075
2020-11-25,-0.00015988158165533754,0.014728139665581733,-0.027931651437658696,-0.019839332374638075,-0.16340557748168993,0.04265979110324043,0.029803921923382364,-0.08820525362378571
2020-11-26,-0.00012179020775905348,0.007136719096704346,-0.13594854819170007,-0.08820525362378571,0.33977321380013903,0.14308526728840437,0.33840197266477795,-0.0024647942560283285
2020-11-27,0.00019187057528883682,0.01701991593009787,-0.03707395812484019,-0.0024647942560283285,-0.4567112896165676,0.05409387405493813,-0.21304383576280086,0.034978293300267825
2020-11-28,0.00026482017153014786,0.042654473569687726,-0.011625968398444365,0.034978293300267825,-0.1763027967616119,0.05428044196813225,-0.37934685733117396,0.025635704702410122
2020-11-29,0.00012533228366039078,0.03145806291117256,-0.008974688377321946,0.025635704702410122,-0.046045101120990986,0.040432751288494446,-0.38189055468852606,0.07666315234015364
2020-11-30,4.6093909202953614e-05,0.08293250225285934,4.6093909202953614e-05,0.07666315234015364,0.42722918197328996,0.08288640834365638,0.13873337057796475,-0.04283053060242915
2020-12-01,0.00040416065129893984,0.011154337806027127,-0.06874859871834645,-0.04283053060242915,0.03914091357723356,0.07990293652437344,0.15871585428729737,0.020950814137308933
2020-12-02,-6.668873006564831e-05,0.026520285359185738,-0.024511079729013265,0.020950814137308933,-0.2833275098477107,0.051031365088199,-0.06745591493419956,0.012643316046180679
2020-12-03,0.0002517240184397289,0.018836006744606233,-0.014441855593957272,0.012643316046180679,-0.15778574947203292,0.033277862338563405,-0.21771883788916715,-0.039099467524232566
2020-12-04,8.065127262893032e-05,0.0033886724733396697,-0.03923703302147688,-0.039099467524232566,0.05904422359949789,0.042625705494816694,-0.1552896748336912,0.024012613075875922
2020-12-05,-7.384639941837194e-05,0.024337227563342733,-0.005876787422880686,0.024012613075875922,-0.21782356654217058,0.030214014986223506,-0.3868617490279069,0.009916644389898553
2020-12-06,-2.651180239196849e-06,0.012259651974562073,-0.013473088038271705,0.009916644389898553,-0.07421825812973677,0.02573274001283368,-0.35333005937174294,-0.007965956561317785
2020-12-07,-0.00010298669501773002,0.003442329619116179,-0.021631926362955568,-0.007965956561317785,0.061432531258447186,0.02507425598207154,-0.14667333001097427,-0.04641845955624486
2020-12-08,-5.292034297655775e-06,0.004774402579412987,-0.049216914173577445,-0.04641845955624486,0.1640825168682113,0.05399131675299041,0.08715616245518981,0.012625041029578565
2020-12-09,-1.4178561067061125e-05,0.016518351289277953,-0.021271229133734495,0.012625041029578565,0.08257523512728704,0.03778958042301244,0.17137165946713487,-0.01569464022080565
2020-12-10,-3.3265094276502906e-05,-3.3265094276502906e-05,-0.03269727238039418,-0.01569464022080565,-0.29812355927734063,0.03266400728611773,-0.1305240545428486,-0.011347356530151446
2020-12-11,-5.81730829032438e-05,0.00018946680121451827,-0.03597810480408472,-0.011347356530151446,0.08880534887515616,0.03616757160529923,-0.030002254791731752,0.04041245632345914
2020-12-12,-0.0004200463757038397,0.04655694429259439,-0.0007125495791735407,0.04041245632345914,-0.2495980110493998,0.04726949387176795,-0.2976898575808939,0.01785353982728499
2020-12-13,0.00016534645728888593,0.03026948444436504,-0.0036935542225991643,0.01785353982728499,0.1570017487958409,0.03396303866696421,-0.1049397756209516,0.005431863337978572
2020-12-14,0.00011018789087028956,0.008464417336558267,-0.006797222666026276,0.005431863337978572,-0.12437517455469893,0.01526164000258451,-0.18414577735464013,0.008816158477203611
2020-12-15,1.4308398243620783e-05,0.014359360378617335,-0.008704361057724146,0.008816158477203611,0.17387572802431162,0.023063721436341642,0.08231967915026316,0.0930515975767781
2020-12-16,8.972047752200668e-05,0.09998696605319056,-0.006135034683249603,0.0930515975767781,0.507207699758959,0.10612200073644025,0.5798712650151019,0.06778242711074886
2020-12-17,-0.00010540352557975467,0.10384822243820155,-0.0035689960108444443,0.06778242711074886,0.4745557837479983,0.1074172184490459,0.9298965265462535,0.014487680725324005
2020-12-18,7.16814476773993e-05,0.01882783780273847,-0.017934330349576883,0.014487680725324005,-0.5694680509056242,0.0367621681523153,0.0585570094888477,0.031140804146840156
2020-12-19,-0.0002202555505135465,0.04015015882198871,-0.013553655524003097,0.031140804146840156,-0.04819541941248724,0.05370381434599186,-0.0651452505147059,-0.016581622945616773
2020-12-20,-0.0003379902087033099,0.014136330009839345,-0.03071950745828643,-0.016581622945616773,-0.01685624080482088,0.04485583746812567,-0.15707740377530197,-0.029138076932326975
2020-12-21,-0.00012096860089186719,0.024516199384508337,-0.057773475615791214,-0.029138076932326975,0.19195590684884778,0.08228967500029967,-0.014049273641663782,0.04207656794577848
2020-12-22,-0.0003966464834465308,0.04236551574385576,-0.016469361763620096,0.04207656794577848,-0.03735160105912597,0.05883487750747568,-0.05759095502056628,-0.023039436663009637
2020-12-23,-4.4347205447571025e-05,0.010101464919272128,-0.04209566847938196,-0.023039436663009637,0.1466046649944961,0.05219713339865401,0.21264396623084644,0.021057908650393337
2020-12-24,-4.9162652882103674e-05,0.022421519341746195,-0.02015534092028079,0.021057908650393337,-0.21914757510251404,0.042576860262026936,-0.05723155881289927,0.03838601817057906
2020-12-25,-0.00010022878998919035,0.04022138660293143,-0.011537312938001948,0.03838601817057906,0.023756887893727596,0.05175869954093333,-0.04532684936463305,0.06938918605018134
2020-12-26,0.0004955071756556589,0.07996336547919076,-0.005777972625699618,0.06938918605018134,0.13881049347160926,0.08574133810489039,0.07447306564713478,-0.006250988870123867
2020-12-27,8.835461766852008e-05,0.06770142727314747,-0.019644232812401886,-0.006250988870123867,0.31879232046887973,0.08734566008554938,0.38227069576645456,0.030458043294241247
2020-12-28,0.00032452285539647045,0.041630578709395114,-0.002463963757256053,0.030458043294241247,-0.3039219338748589,0.04409454246665112,-0.015470418037165182,0.010198176486275929
2020-12-29,-0.00011069721262380845,0.010500852358093787,-0.04136509015940621,0.010198176486275929,-0.0804226233917804,0.051865942517499986,-0.08747005979356766,0.05262518188935121
2020-12-30,-8.580218660933832e-05,0.05597545494948596,-8.580218660933832e-05,0.05262518188935121,0.12489091765695862,0.05606125713609544,0.02061997423948538,0.005558802229052879
2020-12-31,2.1534900727304843e-05,0.013908050848435223,-0.022403740192071506,0.005558802229052879,-0.09252549056127896,0.03631179104050672,-0.10794762266976361,0.012759952848226697
2021-01-01,-0.0002659139727395192,0.02044037913775722,-0.006855271707054494,0.012759952848226697,-0.13794812947588275,0.027295650844811725,-0.23981916622058122,0.08959001114880642
2021-01-02,7.83901470037171e-05,0.12108195368435451,-0.009680023816992692,0.08959001114880642,0.5105543171829623,0.13076197750134716,0.3755167444675265,0.020175172403393154
2021-01-03,6.662731847755917e-05,0.07439588286275262,-0.002335671292822578,0.020175172403393154,0.14767468184701615,0.07673155415557535,0.4455908660030317,-0.02502246735581663
2021-01-04,0.0008819781130111653,0.019879030544900166,-0.13219060353428777,-0.02502246735581663,0.03126401533062432,0.152069634079188,0.3523501950474628,0.06128001171320478
2021-01-05,0.0001603451731063737,0.07429086394127832,-0.056314580620052776,0.06128001171320478,-0.1836368748391676,0.13060544456133108,0.06912437988961005,0.08002182823088061
2021-01-06,0.0006229915316459694,0.08152339940674992,-0.014173532594686698,0.08002182823088061,0.10851134362619107,0.09569693200143667,0.11375061493095608,0.06687092425852742
2021-01-07,0.00025826625846114674,0.08721882610353486,-0.00908877167772247,0.06687092425852742,0.11850918927836235,0.09630759778125737,0.13435009061649186,0.0355928898794487
2021-01-08,0.0002723117183432974,0.06337008129356662,-0.06648339082441164,0.0355928898794487,0.03870888794254129,0.12985347211797826,0.12846677450258312,-0.01340052262051337
2021-01-09,-0.00021985935218564258,0.015535066686453465,-0.04555234470703215,-0.01340052262051337,-0.3516789666434295,0.06108741139348567,-0.24729167844479996,-0.04830048595686678
2021-01-10,-8.151286321585773e-06,0.028545513740792193,-0.11213109087290708,-0.04830048595686678,0.25490703753477434,0.14067660461369927,0.057148570153582635,-0.07551390060372581
2021-01-11,-0.00025840344805295296,-0.00025840344805295296,-0.22757089791044086,-0.07551390060372581,0.43300125220011476,0.22731249446238797,0.4577604667352663,-0.04731647785882869
2021-01-12,-0.0014151589645371092,0.027779385070757945,-0.08409537959632477,-0.04731647785882869,-0.5003266300906418,0.1118747646670828,-0.15867455862745905,0.09533972073625589
2021-01-13,-0.0002311340046816265,0.102910912595532,-0.04025022886725129,0.09533972073625589,-0.07508801764609102,0.1431611414627835,-0.2107011451297101,0.048921612778852486
2021-01-14,0.0002344541227983587,0.06860743785783543,-0.01207259649116992,0.048921612778852486,-0.08650770194079796,0.08068003434900534,-0.2524462600335999,-0.06216649897230796
2021-01-15,-0.0007817084031534656,0.009912672265786506,-0.12277898190716882,-0.06216649897230796,0.06311838070610831,0.13269165417295525,-0.19330563230968392,-0.017731847143619858
2021-01-16,-0.00010098847785214491,0.027823556646543283,-0.032899192105511656,-0.017731847143619858,-0.16061882510072342,0.06072274875205489,-0.323745247466833,-0.010750872199338055
2021-01-17,-0.00040065881371398657,0.014930517772205353,-0.06005780456464236,-0.010750872199338055,-0.09722425089820073,0.07498832233684774,-0.24122645057015402,0.02316538885922865
2021-01-18,2.684801079319055e-05,0.04126994765098543,-0.025680421879468632,0.02316538885922865,-0.05593110472622428,0.06695036953045386,-0.2275255153698658,-0.015413522880192659
2021-01-19,0.0003319168344773239,0.03027190360536998,-0.015413522880192659,-0.015413522880192659,0.14511719406268328,0.04568542648556279,-0.016402711129036365,-0.014579216975338103
2021-01-20,-0.0005460740193259125,0.008517136069240453,-0.0718090731083866,-0.014579216975338103,0.15489426054053407,0.0803262091776271,0.16063453164261746,-0.14252813081835994
2021-01-21,4.637140972670017e-05,0.00013866829017961026,-0.1613558855491114,-0.14252813081835994,0.12380529044918664,0.1614945538392911,0.28769966591029816,0.06833341147530216
2021-01-22,-0.0002619657164341642,0.0924626466849617,-0.06266202221134776,0.06833341147530216,0.020467856711182012,0.15512466889630946,0.24685183881157283,-0.028834641394269323
2021-01-23,-0.0006062568949704025,0.01070470675433883,-0.04691175940706711,-0.028834641394269323,-0.46792944572776557,0.05761646616140597,-0.3002465270067339,0.006890847351743181
2021-01-24,-0.00010184070380729111,0.026961885060543964,-0.03042473693423165,0.006890847351743181,0.005960778271798161,0.057386621994775566,-0.2907352749113492,0.0023822686367903426
2021-01-25,-0.00011088093766908964,0.0749578324459133,-0.006262855862630994,0.0023822686367903426,0.20810234728439858,0.0812206883085444,-0.05583754699413486,0.006266383460683916
2021-01-26,-0.00024037995235906282,0.013141748511962346,-0.04215757967033653,0.006266383460683916,0.00596521529445772,0.05529932818229886,-0.027722025644491635,-0.06787434522440919
2021-01-27,-0.0001787184369556992,-0.0001787184369556992,-0.10351068485199595,-0.06787434522440919,0.03780144414414629,0.10333196641504036,0.06103411591698524,0.0950202595471698
2021-01-28,0.00027907475062563763,0.10667188130208476,-0.01354200627331929,0.0950202595471698,0.2011210040519582,0.12021388757540398,0.3131358997264322,0.025090070847817985
2021-01-29,0.025156659448386565,0.13768759575068906,-0.04277361014344885,0.025090070847817985,0.4322757723785483,0.1804612058941379,0.6494853718423252,-0.0013665573129015413
2021-01-30,-0.0005961939637860245,0.01499123127348364,-0.040929570088638165,-0.0013665573129015413,-0.5932238974629043,0.055920801362121714,-0.14661425264046035,-0.034289423389572346
2021-01-31,3.955240132323454e-05,0.0005486926069457792,-0.06011297642428868,-0.034289423389572346,-0.21091698870475545,0.06066166903123461,-0.37134209815664543,0.0126875420679964
2021-02-01,6.605873754165439e-06,0.04499054154547308,-0.022295476210883236,0.0126875420679964,0.15176647490486947,0.06728601775635623,-0.19976467572327078,0.057167938879420434
2021-02-02,-0.00011857880635558773,0.06799591363390545,-0.0014309896800799137,0.057167938879420434,0.027123496178528706,0.06942690331398531,-0.1694983188765763,0.053773897801538996
2021-02-03,1.4960340796871144e-05,0.05398997279134534,-0.001868941885742289,0.053773897801538996,-0.030935001180156487,0.05585891467708773,-0.16383854485337102,-0.01467867670382311
2021-02-04,8.047332496047076e-05,0.029453170920762228,-0.03129666627108998,-0.01467867670382311,0.11815214318931358,0.06074983719185208,0.1256414020231143,0.03245885330843299
2021-02-05,0.0001484063325790983,0.03459575150800264,-0.007265243939252535,0.03245885330843299,-0.16105529924099066,0.04186099544725527,-0.04751699840088962,0.02898274128113115
2021-02-06,-0.00015526129452132274,0.06844572426864914,-0.00015526129452132274,0.02898274128113115,0.19655968966451146,0.0686009855631704,0.13020240004085107,-0.009276588183404773
2021-02-07,-0.0004029821128489414,0.009021075929789945,-0.04745533939161119,-0.009276588183404773,-0.08520145811413128,0.05647641532140115,0.013791100554895427,0.17182056188812328
2021-02-08,-0.00042713006659277514,0.17198213790311986,-0.02149003734323788,0.17182056188812328,0.43767588610081626,0.1934721752463578,0.44402747025090517,0.0061426193854515
2021-02-09,-0.00024837573854452437,0.03837528661272169,-0.022537409774626906,0.0061426193854515,-0.10001626070947336,0.06091269638734868,0.2272620079571574,-0.03420320342962812
2021-02-10,-0.00024408056427132328,0.01419407696550229,-0.05756099969741481,-0.03420320342962812,-0.050356609169501444,0.07175507666291711,0.11598836331366245,0.06446761605839371
2021-02-11,-0.0004336078787120179,0.07596759989772625,-0.016394826029303443,0.06446761605839371,-0.07012390207835267,0.0923624259270297,-0.02537961881433478,-0.008478464657924508
2021-02-12,-0.0006743522522510612,0.017307384974839638,-0.03147270624855284,-0.008478464657924508,-0.061229070299704855,0.0487800912233924,-0.11043087171236747,-0.008441745251820123
2021-02-13,-0.00028734746171957335,0.011363382815155558,-0.023698750959314178,-0.008441745251820123,-0.08594317337744964,0.03506213377446969,-0.2219055241413878,0.033643879906238475
2021-02-14,0.0001908763593817551,0.04933285532396133,0.0001908763593817551,0.033643879906238475,0.01410942418229222,0.049141978964579766,-0.13394900176985847,-0.015978235928812496
2021-02-15,-0.0004260977685755074,0.0032437083982417634,-0.049867131203385796,-0.015978235928812496,0.07853661766224268,0.053110839601627546,-0.0036126703007874177,0.0258352607407487
2021-02-16,-1.2546992152059084e-05,0.04876612920874744,-0.015634208814542205,0.0258352607407487,-0.0002636951450888603,0.06440033802328955,0.022934518492928494,0.058214152169521576
2021-02-17,0.00015052260189580836,0.06556793973468339,-0.002594674672182327,0.058214152169521576,0.04778205980484307,0.0681626144068657,0.08230855081929746,-0.009038226589304248
2021-02-18,-0.00015409258357861234,0.006214663134774555,-0.021970440763136794,-0.009038226589304248,-0.43993566626598773,0.02818510389791138,-0.36902299392373294,0.07828513543693166
2021-02-19,-7.384988724993969e-05,0.08231221117884999,-0.014471909203432021,0.07828513543693166,0.19867344696623226,0.09678412038228201,-0.12080582698459913,0.0037751835203801024
2021-02-20,-1.42584953376014e-05,0.02852377594532941,-0.02283187884884471,0.0037751835203801024,0.070675549843149,0.05135565479417418,-0.028250443272054372,0.02535215971053203
2021-02-21,-0.0005519061063936524,0.038999070075540536,-0.007638974696396135,0.02535215971053203,-0.2723722775724415,0.04663804477193673,-0.27483019219638444,-0.05966344725525414
2021-02-22,-0.000125260505523044,-0.0001139219169008952,-0.16132123882225266,-0.05966344725525414,0.5730859400222766,0.1612073169053518,0.3747452276777473,-0.10458524450100902
2021-02-23,-4.4102488425156486e-05,-4.4102488425156486e-05,-0.17971667925026635,-0.10458524450100902,0.14204733938644606,0.17967257676184117,0.4819106537698552,0.017881495738120444
2021-02-24,0.00021831270922256633,0.04926775105918477,-0.03355084729528403,0.017881495738120444,-0.5102912881606341,0.0828185983544687,-0.1810656487326891,-0.053969759252051705
2021-02-25,7.544177646955415e-05,0.044149654851095385,-0.053969759252051705,-0.053969759252051705,-0.1557930816847392,0.09811941410314702,-0.3373826379527545,-0.016142075456887308
2021-02-26,0.0018374740633749023,0.026753566574096343,-0.057668525650276956,-0.016142075456887308,1.8623737139359506,0.08442209222437325,1.5613582890076643,-0.0032705424799890207
2021-02-27,0.00010814573858389533,0.04046321082485533,-0.023377301422348132,-0.0032705424799890207,-2.0339913125750644,0.06384051224720355,-1.067135612324505,-0.02301047656676125
2021-02-28,0.00012042328121302042,0.011366081749757801,-0.06592644215249614,-0.02301047656676125,0.1519286988986132,0.07729252390225388,-0.84355629471416,0.09490116032713884
2021-03-01,0.00048139605089567167,0.09797460319939735,-0.000502494456191884,0.09490116032713884,0.008336786146184876,0.09847709765558929,-0.7466380766248678,-0.025554925208490772
2021-03-02,-0.0003856524278778411,0.009949475223092382,-0.049615715904021286,-0.025554925208490772,-0.1255890790595926,0.059565191127113656,-0.8548317108221339,0.043664727693901485
2021-03-03,0.0007609525510384097,0.0824166235270889,-0.0021658443190052303,0.043664727693901485,0.1130695444983661,0.08458246784609424,-0.729198499526378,-0.0399061221991278
2021-03-04,-0.0003154049849311618,0.02340595093400667,-0.05870227230071505,-0.0399061221991278,-0.016615707040234594,0.08210822323472178,0.02994595040309598,0.007511420176535919
2021-03-05,-0.0007032104917265152,0.01705394951288148,-0.04245798915822116,0.007511420176535919,-0.07367691059675759,0.05951193867110255,-0.0687420352670911,-0.0003050270395783075
2021-03-06,-0.0005739591916624028,0.00448463930015006,-0.03472366859940873,-0.0003050270395783075,-0.3471600685140543,0.0392083078995588,-0.3972288762282478,0.0458396233606819
2021-03-07,0.0001287295639602767,0.04930339420635366,0.0001287295639602767,0.0458396233606819,0.2273949105028266,0.04917466464239334,-0.09036233487251344,0.020103136515502152
2021-03-08,-0.0006363344907427751,0.021395150685923726,-0.03377523602065654,0.020103136515502152,0.11917886194583592,0.05517038670658004,0.04760142362762178,0.048156840253235314
2021-03-09,0.0005060360036363399,0.048156840253235314,-0.005079078031701422,0.048156840253235314,0.04653250969821406,0.053235918284936894,0.11429062827785554,0.021374179798027783
2021-03-10,-1.9237674377144186e-06,0.04344161327422401,-0.028364782836194383,0.021374179798027783,0.11812032284959768,0.07180639611041843,0.23873557612845425,0.031573000390297756
2021-03-11,-0.0008104026979523403,0.036507450819593695,-0.027586393380702196,0.031573000390297756,-0.009174142620940419,0.0640938442002958,0.1918581604408431,-0.008216872853115568
2021-03-12,0.0002784427211958586,0.0033073798536519708,-0.042919375446203924,-0.008216872853115568,-0.019249693969868018,0.046226755299855905,0.0812708566234089,0.06599046126171279
2021-03-13,0.00019675089934956662,0.07316186241680545,-0.01962399520930642,0.06599046126171279,0.08564693220061281,0.09278585762611183,0.11917906072600046,-0.03220259265928875
2021-03-14,-0.00035852309285489177,0.005777110359615192,-0.03220259265928875,-0.03220259265928875,-0.3235042999738155,0.037979703018903924,-0.24818347972935415,-0.05895520841682183
2021-03-15,-0.000588459044673053,0.02067232467622886,-0.06819217397463354,-0.05895520841682183,0.41404649228577517,0.08886449865086223,0.19109881249324023,0.015929471547609108
2021-03-16,-0.0011886401475778069,0.016427145282121264,-0.04298348553423326,0.015929471547609108,-0.10582290907471678,0.05941063081635455,0.052558418441248436,0.03572418708035779
2021-03-17,0.0003683120120802953,0.03740309579448905,-0.04089676609252788,0.03572418708035779,0.008474721048591208,0.07829986188701706,0.050583686839415457,-0.017339151916613386
2021-03-18,0.0003767466995554219,0.02093336973795073,-0.08167787148515412,-0.017339151916613386,-0.07783414676075813,0.10261124122310485,-0.04307393306692032,0.008394319050580128
2021-03-19,-0.0001465822388905683,0.027941335218972498,-0.021226838755229023,0.008394319050580128,-0.12768339848136676,0.04916817397420141,-0.15369222584996314,-0.0005658791253751102
2021-03-20,-0.0002466705349221852,0.028463860515269786,-0.0022881878008538734,-0.0005658791253751102,0.026108589627033406,0.030752048316123777,-0.14546923206158013,-0.013643904139846409
2021-03-21,-6.397453132547793e-05,0.007759654921406233,-0.04038411333610738,-0.013643904139846409,0.03092335862787383,0.0481437682575136,-0.05783169226746183,-0.05345688104443306
2021-03-22,-9.61611074154357e-05,0.016346920189187562,-0.05788611561463042,-0.05345688104443306,0.08446535598548496,0.07423303580381801,0.05541212750111306,0.0038401154329438564
2021-03-23,-0.000320694169489228,0.026356361271209553,-0.019601568112955287,0.0038401154329438564,-0.001530342973133877,0.04595792938416496,0.06795655029556381,-0.036551757777657644
2021-03-24,-0.0005200032737832749,0.04506847650520723,-0.0414893127954369,-0.036551757777657644,0.22347582724031612,0.08655778930064402,0.2888224045192693,-0.020485432915556448
2021-03-25,-0.0009008356164433365,0.01164448656053667,-0.03701435459843778,-0.020485432915556448,-0.037060831557862654,0.04865884115897435,0.17354966562221316,0.06428841931989358
2021-03-26,-0.00040911144799548883,0.06428841931989358,-0.0024070471459684516,0.06428841931989358,-0.18257416685413472,0.06669546646586201,-0.06890394422120917,0.015051908974823298
2021-03-27,4.604969917349476e-06,0.025620587432122477,-0.01635436931979534,0.015051908974823298,-0.18112809314164918,0.041974956751917966,-0.2654295133859959,-0.0004068041327035923
2021-03-28,2.5541889328032798e-05,0.011312594448776643,-0.016253254992470653,-0.0004068041327035923,0.00884734300361096,0.02756584944124729,-0.22609070960291036,0.03165502939331705
2021-03-29,-5.089706425921669e-05,0.04185214982742828,-0.014608336519775209,0.03165502939331705,0.18931665244253731,0.05646048634720346,-0.0070704828067340445,0.020014609919984168
2021-03-30,-1.1498884693154092e-06,0.028962105669768656,-0.008672069121702484,0.020014609919984168,-0.057343074849803194,0.037634174791471,-0.018788561413747296,1.935944759335448e-05
2021-03-31,0.00021359617278676456,0.017036261740199895,-0.020426489847114045,1.935944759335448e-05,0.18574443630233312,0.03746275158731396,0.21720236764897757,0.0029992328786879927
2021-04-01,0.00013119679036819004,0.011261058726843414,-0.007043807265538664,0.0029992328786879927,-0.060584020222295365,0.01830486599238209,0.12353322695376592,0.004870090844088338
2021-04-02,5.1953477193048845e-05,0.019627800081097862,-0.003840587456712005,0.004870090844088338,-0.04886978802328111,0.023468387537810047,0.023161707576610145,-0.030439981167968613
2021-04-03,0.00022053319332607113,0.012150608846280386,-0.030439981167968613,-0.030439981167968613,0.015434791477665504,0.042590590014248975,0.000835904962185092,0.019846643132378484
2021-04-04,1.6478243378869647e-05,0.022484332634446633,-0.007583988811827923,0.019846643132378484,-0.16144405605444348,0.0300683214462745,-0.16735061986016903,0.005081207326213134
2021-04-05,3.948815113333273e-05,0.019094446198731265,-0.018269286216870514,0.005081207326213134,0.17914204554908802,0.03736373241560162,0.024082585081730525,-0.01476389754962159
2021-04-06,0.001929373319111614,0.007115067394304392,-0.024183074573937,-0.01476389754962159,0.08448654522168902,0.03129814196824154,0.12495101489379759,-0.037528870853164246
2021-04-07,-0.00010056056819150567,0.009216093459103724,-0.04549850128042993,-0.037528870853164246,0.13552178977586757,0.05471459473953369,0.2455285955914165,0.03978767570422682
2021-04-08,0.0009090876152637687,0.04004114416361068,-0.003035016391130066,0.03978767570422682,-0.3547478156643486,0.043076160554740776,-0.164820508213803,-0.001354549836114697
2021-04-09,4.4738336328068915e-05,0.010457003381370036,-0.008888059400162828,-0.001354549836114697,-0.1285229691605772,0.019345062781532977,-0.27205885255166423,0.026234198096664975
2021-04-10,0.00015061852875119776,0.05074076741058506,-0.00354816835080234,0.026234198096664975,0.2217615693172741,0.05428893576138729,-0.03683582578658896,0.006862304387402612
2021-04-11,0.0008859300279464855,0.016541909355192105,-0.008455285257997587,0.006862304387402612,-0.22983078199394105,0.024997194613189746,-0.2584647454923902,-0.005187618998143358
2021-04-12,-0.0004821284666224735,0.017258580366878953,-0.010269144312354742,-0.005187618998143358,0.11322846841032065,0.027527724679233766,-0.07695451274631349,0.05852714345026763
2021-04-13,-5.7330008469475936e-05,0.06228095715500093,-0.0003923751673536333,0.05852714345026763,0.3003150194833137,0.06267333232235463,0.31229873150163606,-0.006219938149170958
2021-04-14,0.0003195673591970721,0.02118451300075698,-0.031166561654042385,-0.006219938149170958,0.10139669727364826,0.0523510746547993,0.34967267271739694,0.003232251116976691
2021-04-15,-0.000546816670185611,0.01121840952753205,-0.014375289024360959,0.003232251116976691,-0.23952980369490495,0.025593698551893095,0.0032511895198025905,-0.027886621874568536
2021-04-16,-0.0008770911407483387,0.004423830978720542,-0.05006010327375279,-0.027886621874568536,0.3241731719503125,0.054483934252473255,0.3185237793354627,-0.014542926101405163
2021-04-17,-0.0006964459012514265,0.016100666012296323,-0.019871011606534258,-0.014542926101405163,-0.24254396624055752,0.03597167761883045,-0.040934065215385,-0.07647243109811933
2021-04-18,0.0002976694180106392,0.006138228545879312,-0.1386066985676397,-0.07647243109811933,0.38777812612555906,0.1447449271135191,0.3061462633850032,-0.008788979117796622
2021-04-19,-0.0004376504710518237,0.022928984421112648,-0.03341801337145201,-0.008788979117796622,-0.3998542107448674,0.05634699779256484,-0.16751509924615263,0.013347500558966063
2021-04-20,-0.0007624838154020334,0.02372529669885251,-0.041705604986241436,0.013347500558966063,0.03761055989149553,0.06543090168509398,-0.09806277477485113,-0.04651974554182734
2021-04-21,-3.3686447312462565e-05,0.00503293264023764,-0.05043458405346412,-0.04651974554182734,-0.21129144697752422,0.055467516693701716,-0.3276123500877313,-0.040581883746807136
2021-04-22,-0.000909111468561822,0.027520786558738464,-0.06361184160306285,-0.040581883746807136,0.30880160426946823,0.09113262816180127,0.0613781099342194,-0.013001302685204313
2021-04-23,-0.0004340945353347532,0.006902394530028508,-0.08142279855647831,-0.013001302685204313,0.14729284683657531,0.08832519308650666,0.18434826350256533,-0.020620437180110716
2021-04-24,0.0009697913935893799,0.0014455171343829138,-0.04582165983782187,-0.020620437180110716,-0.569976360318446,0.04726717697220481,-0.35520162472118927,-0.02113272327896639
2021-04-25,3.925616666691149e-05,0.009052695781629568,-0.059504689949479536,-0.02113272327896639,-0.060931943466006326,0.06855738573110903,-0.3682941172961104,0.09747970680195452
2021-04-26,0.0014995420390007343,0.10239617124034019,-0.0030954775558636174,0.09747970680195452,0.2341441736854681,0.10549164879620375,-0.06671505082568213,0.01854831914865377
2021-04-27,0.0001582715105872266,0.025498955934782637,-0.013090558547833782,0.01854831914865377,-0.16440217922289824,0.03858951448261642,-0.241836943108451,-0.0037942553737364284
2021-04-28,6.395092432372449e-05,0.0214656159257682,-0.021028838342134915,-0.0037942553737364284,-0.029713169821481433,0.042494454267903055,-0.18761682783437156,-0.023429673825133245
2021-04-29,0.0006087868274956154,0.0052963408650618755,-0.04489031389382083,-0.023429673825133245,-0.040640161157633505,0.05018665475888263,-0.08490203304850288,0.07541518772096198
2021-04-30,0.0002530659094127326,0.07801859263863775,-0.007976964366929351,0.07541518772096198,0.12825616819776828,0.08599555700556723,0.05508460448222688,0.0013475723603123622
2021-05-01,-0.0006151088057236284,0.01201689127086711,-0.012158467801983723,0.0013475723603123622,-0.20144010729527348,0.024175359072850785,-0.17136421635265076,-0.020916047590224387
2021-05-02,-3.7828378191844247e-05,0.001288215050742815,-0.029591439941137356,-0.020916047590224387,-0.11514498990374643,0.030879654991880227,-0.2238193311198944,0.010001102205402288
2021-05-03,-0.0001908089816803197,0.04052702682882293,-0.0007102338940033886,0.010001102205402288,0.3034680318506563,0.041237260722826255,0.12800278329304807,-0.06999363622377694
2021-05-04,0.000242744095144507,0.000242744095144507,-0.07266180637091023,-0.06999363622377694,0.28206603755317744,0.07290455046605472,0.39388152067022814,0.07389708647447689
2021-05-05,-0.0015269405450255024,0.08234823835931579,-0.006857514769482871,0.07389708647447689,0.009819820626355296,0.08920575312879865,0.31093202882861837,-0.018055093557641698
2021-05-06,0.000301235950452377,0.016225078286030984,-0.03619867001553007,-0.018055093557641698,0.004063986684165481,0.052423748301561025,0.25070557609560057,0.016877096781434925
2021-05-07,0.00030914684305629827,0.03844050120733055,-0.019239471232111872,0.016877096781434925,-0.015791615219551296,0.05767997243944239,0.14083591979620605,0.024921619702789645
2021-05-08,-6.340763891185347e-05,0.03609692717937898,-0.006668196271825455,0.024921619702789645,-0.04560812909303564,0.042765123451204486,-0.0017163068366199145,-0.009765628034028508
2021-05-09,0.0012510632265465187,0.006899262906076194,-0.04028402089910054,-0.009765628034028508,0.007977969429582935,0.047183283805176696,-0.03463358363633838,-0.041595541159714526
2021-05-10,0.00031858138595203966,0.021861096300976508,-0.07413401518761539,-0.041595541159714526,0.08531781038857676,0.09599511148859174,0.05850616559022537,0.015009957344289306
2021-05-11,-0.00022477880817944684,0.01796775160102428,-0.022652586157061477,0.015009957344289306,-0.15764096485365844,0.040620337758085746,-0.10659674836461308,-0.142967146773037
2021-05-12,0.00017557943583533357,0.021542121471362467,-0.142967146773037,-0.142967146773037,0.20443924456140736,0.1645092682443995,0.12222630052780573,0.011442928110092723
2021-05-13,0.011829893888482261,0.0434040794340905,-0.04516533979262165,0.011442928110092723,0.2514760773115532,0.08856941922671221,0.35353097975237413,0.003300186759766157
2021-05-14,-0.0006682337107916345,0.03404881428142312,-0.01719604705810634,0.003300186759766157,-0.5511790022222456,0.05124486133952937,-0.2859174486987449,-0.06459870319528387
2021-05-15,-0.0005021066652088463,0.015104294348448843,-0.06665484661672354,-0.06459870319528387,0.059610219209537144,0.0817591409651723,-0.19850888089879773,-0.006525257090234029
2021-05-16,-0.0009317985450417358,0.061375984423442595,-0.0616757786189187,-0.006525257090234029,0.07936745333238207,0.12305176304236115,-0.08354603636693572,-0.0648839844864655
2021-05-17,-0.0008648500588760027,0.003599073263686049,-0.09591395661709153,-0.0648839844864655,0.15657166998074185,0.09951302988077773,0.06518762070037687,-0.014531934084628221
2021-05-18,-0.001136519534328605,0.05093313686350361,-0.02723350906912508,-0.014531934084628221,-0.28751055572559275,0.0781666459326286,-0.2214340231450201,-0.14810707635188664
2021-05-19,0.0008287106898709335,0.014729570974273198,-0.3354312309980408,-0.14810707635188664,0.8104280184463316,0.35016080197231386,0.7118648420113589,0.0972750161239599
2021-05-20,-0.006745865068321082,0.1376488461254926,-0.054190672321334295,0.0972750161239599,-0.35858433477262386,0.19183951844682678,0.14807211696675188,-0.08913981683679192
2021-05-21,-0.004565989155006222,0.03350165873382555,-0.19324328708793184,-0.08913981683679192,-0.07318707158474178,0.22674494582175747,0.0011686476675032418,0.0061982374372439785
2021-05-22,0.001776745074361157,0.04010121133369225,-0.052868295252479956,0.0061982374372439785,-0.3577002348067146,0.09296950658617212,-0.399529067943253,-0.07654564579833298
2021-05-23,-0.00013810380172181834,0.019851030636946754,-0.184023342992377,-0.07654564579833298,0.31305885041712206,0.20387437362932392,-0.04463702855125479,0.10722243682664231
2021-05-24,-0.0020215292478608653,0.13597776766695882,-0.006332817786406261,0.10722243682664231,-0.15266194315578327,0.14231058545336514,-0.2501875533238253,-0.007878782581024249
2021-05-25,0.0023173878747136376,0.027278431674864767,-0.056453396116538546,-0.007878782581024249,-0.18091643620796583,0.08373182779140331,-0.28445759730067793,0.022961565812768543
2021-05-26,-0.0002499557351277135,0.060127383672523904,-0.01301025683770058,0.022961565812768543,-0.09052740517299675,0.07313764051022456,-0.2852195778519055,-0.02205718107153495
2021-05-27,0.0005773080344091116,0.027248227185082498,-0.053481275084073875,-0.02205718107153495,-0.17250698561674324,0.08072950226915634,-0.3635040191405849,-0.07393611150144239
2021-05-28,0.0018224489078448342,0.01086771219910372,-0.10000484481386589,-0.07393611150144239,0.24487206206810574,0.11087255701296969,-0.07197495558016809,-0.030765691542153008
2021-05-29,-0.00037682507647087505,0.042152138014748104,-0.057765919665603856,-0.030765691542153008,-0.19918344338353577,0.09991805768035175,-0.18945674591633194,0.030219944078986264
2021-05-30,-0.0002502086637053017,0.050269203974739315,-0.03215362082112658,0.030219944078986264,-0.3571686719224261,0.08242282479586609,-0.4622004909124274,0.04533591723246496
2021-05-31,-0.000547688652097216,0.0489560423166348,-0.041086501675423694,0.04533591723246496,0.20919980245774333,0.0900425439920586,-0.15008871987461375,-0.01750785357311659
2021-06-01,-0.0010468781430073772,0.014991161527139113,-0.04228668227500387,-0.01750785357311659,-0.11882168273441918,0.05727784380214297,-0.21293770082816926,0.02397778870231388
2021-06-02,0.00040869728391298754,0.04128966498639878,-0.019783301169467915,0.02397778870231388,-0.046339685575183254,0.0610729661558666,-0.2184572325743226,0.042556616951370016
2021-06-03,0.0006446452089589042,0.049423979892965264,-0.008853593882711548,0.042556616951370016,0.06977371354560317,0.0582775737756769,-0.034880028410469756,-0.06084038726712561
2021-06-04,0.000859610320455371,0.000859610320455371,-0.09325333612973305,-0.06084038726712561,0.16521338438209154,0.09411294645018838,0.18501738373996734,-0.03706474257477647
2021-06-05,-0.00038631202122601865,0.027358465597314422,-0.055561254021294124,-0.03706474257477647,-0.15124728201873966,0.08291971961860856,-0.02317037948423591,0.008693599850188834
2021-06-06,-0.0003755113253864958,0.02457367049724194,-0.0069825573832077575,0.008693599850188834,-0.2180860062682582,0.031556227880449796,-0.22454040734357167,-0.06633285563534304
2021-06-07,-0.0007563228253791961,0.02555276614154595,-0.06872142469356621,-0.06633285563534304,0.15271450768585454,0.09427419083511217,-0.03967249927206103,-0.002627775063457771
2021-06-08,0.0008581505452216497,0.013515818935497394,-0.07568382097708863,-0.002627775063457771,0.3930410260982658,0.08919963991258584,0.34987608883707355,0.10947410238213756
2021-06-09,-0.0016641228245801488,0.11460882524669644,-0.030230968698340153,0.10947410238213756,0.07842032798400915,0.14483979394503668,0.34937115488531356,-0.017354742993128305
2021-06-10,0.0011880578650274192,0.026143412172779348,-0.04092583152428619,-0.017354742993128305,-0.2139751268910972,0.06706924369706546,0.07354206748783458,0.017067578415986145
2021-06-11,-0.00015167396194280098,0.02438774859100675,-0.018094656018828426,0.017067578415986145,-0.1186744902688045,0.04248240460983517,-0.08206716680987941,-0.048904195040405544
2021-06-12,0.0001538969917430749,0.0019942214031310706,-0.07236332223094082,-0.048904195040405544,-0.020242620195120596,0.07435754363407186,-0.14784769491118693,0.09505680129465752
2021-06-13,9.206906328879096e-05,0.10079310974523847,-0.01955300136794349,0.09505680129465752,0.06987872244591,0.12034611111318205,-0.09707385527127707,0.02825878796632069
2021-06-14,-0.0020710703935610483,0.04697648451081178,-0.008748975889098223,0.02825878796632069,0.059188358781123974,0.055725460399909936,0.004192162246781443,0.004658453327527578
2021-06-15,0.005175527414983618,0.026421448195467535,-0.015258306489773756,0.004658453327527578,0.07307634985850482,0.041679754685241405,0.12896317488852588,-0.052307031596144006
2021-06-16,-0.005897087897523767,0.002731184389631235,-0.05677699252967952,-0.052307031596144006,-0.1687600981183971,0.05950817691931067,-0.05364116287655244,-0.007684760787668957
2021-06-17,-0.00014710487646594258,0.02996880769003275,-0.023946935864812734,-0.007684760787668957,-0.05544630709191968,0.0539157435548455,-0.1115589990000067,-0.06140159139173661
2021-06-18,0.001207376561016247,0.003508830181274806,-0.07636153890844254,-0.06140159139173661,-0.02444358054904558,0.07987036908971744,-0.1320039394174425,-0.004800219817294286
2021-06-19,0.001878269242980041,0.018563766047230656,-0.02415784524228462,-0.004800219817294286,-0.14843223696399518,0.04272161128951526,-0.25856572534452194,0.0023116253137915738
2021-06-20,-0.0014816299671210427,0.01237856283690619,-0.06327561061669768,0.0023116253137915738,0.16114488409292382,0.07565417345360403,-0.03650868491801638,-0.119521795848678
2021-06-21,-0.0016022653065529008,0.0006537040397519627,-0.13161474668314138,-0.119521795848678,0.36488608553467944,0.13226845072289334,0.381051730984455,0.025833047609393114
2021-06-22,-0.001716183802172655,0.04974955320211561,-0.09196033786054916,0.025833047609393114,0.11025071430043257,0.14170989106266474,0.41862670329115986,0.03676667515561315
2021-06-23,0.00030927329913108925,0.06686346836310135,-0.022808916951743866,0.03676667515561315,-0.241421659801067,0.08967238531484527,0.07038602504058576,0.027475699857643344
2021-06-24,-0.0011935634764680383,0.04368448555780383,-0.04047892131715978,0.027475699857643344,-0.3352723973832277,0.08416340687496363,-0.31068909083901014,-0.09130465397426267
2021-06-25,-9.613263380670277e-05,0.023516759126526197,-0.10041411896925016,-0.09130465397426267,0.19439644344953164,0.12393087809577644,-0.12473659669407491,0.01718823840092292
2021-06-26,-0.0013637063117021711,0.031112673090689238,-0.047023341566056906,0.01718823840092292,-0.04176187078672253,0.07813601465674633,-0.18202977939378073,0.0737472744793095
2021-06-27,0.0031406920562148744,0.07393439814007546,-0.003564368322697871,0.0737472744793095,-0.08301303609616593,0.07749876646277318,-0.20161735252166332,-0.006233262455755746
2021-06-28,0.0008503415288134909,0.016323530838490995,-0.021811267836507355,-0.006233262455755746,-0.04666610346168192,0.038134798674998166,-0.13403130690223292,0.040785121124139886
2021-06-29,0.0011964221233444934,0.059411072827035435,-0.0052951057152101685,0.040785121124139886,0.11179518315958233,0.06470617854224558,0.0440327461352153,-0.02332520296585249
2021-06-30,0.0011315561332512468,0.005754065779895658,-0.05094811322664054,-0.02332520296585249,-0.10689426018874948,0.05670217900653605,-0.08886862577933008,-0.04281824560087459
2021-07-01,-0.00013846411655429254,-0.00013846411655429254,-0.06353455735094526,-0.04281824560087459,0.10524380772064022,0.063396093234391,0.050097803026477775,0.00963202091343982
2021-07-02,-0.0006708894308374522,0.010886298141357371,-0.024161673200492194,0.00963202091343982,0.023248843939816376,0.03504797134184968,0.07750324950799348,0.022504948021345134
2021-07-03,-0.0012582754709316991,0.029424275002408636,-0.01469130305421314,0.022504948021345134,-0.46266254297486076,0.04411557805662188,-0.40295354313823456,0.017703918010918158
2021-07-04,-8.597409300513101e-05,0.03595032060060072,-0.007878712156567106,0.017703918010918158,0.021918065170210745,0.0438290327571678,-0.32750357053891055,-0.04467475626166748
2021-07-05,-9.741806705461733e-05,-9.741806705461733e-05,-0.06057552200290705,-0.04467475626166748,0.06962696761139371,0.06047810393585244,-0.17986052135214958,0.014392210079461632
2021-07-06,-0.0006668521532341268,0.037586452762201635,-0.004338381970670465,0.014392210079461632,-0.008278242086977606,0.041924834732871924,-0.1411752064738695,-0.011157826650301255
2021-07-07,-0.0002779872463295028,0.022027100580640297,-0.01163169188409691,-0.011157826650301255,-0.06650881616489308,0.03365879246473717,-0.13048118752551335,-0.029311778537964177
2021-07-08,0.0010119530673893358,0.0015518189483204158,-0.05220713796776596,-0.029311778537964177,0.18752268593983182,0.05375895691608626,0.16088462620707406,0.02761736344787324
2021-07-09,-0.0004776223790148548,0.03481905002383455,-0.017133006244198005,0.02761736344787324,-0.08634935782613097,0.0519520562680324,0.03204733124374913,-0.0082442012335933
2021-07-10,0.00039138041479433114,0.012088846851713759,-0.020385072723440777,-0.0082442012335933,-0.17758621118497053,0.032473919575154366,-0.16426826418399704,0.021242252673874872
2021-07-11,-0.0003413837099185076,0.031253703455964704,-0.005197809718603718,0.021242252673874872,-0.1331165570897641,0.036451513174568496,-0.26929346150609457,-0.032180926347831006
2021-07-12,0.00040377505122985845,0.010226931076979775,-0.046107258795595865,-0.032180926347831006,0.19020669599060044,0.056334189872575706,-0.02929790726336046,-0.013782086425800635
2021-07-13,-0.0009166658124598674,0.005151825754949133,-0.02734701429645614,-0.013782086425800635,-0.24058100230733925,0.03249884005140509,-0.26608224971376243,0.0036725998364308425
2021-07-14,0.000667024005771673,0.010929376946816784,-0.033042526886524475,0.0036725998364308425,0.1115139363291116,0.04397190383334144,-0.06410699946573138,-0.032249468356842406
2021-07-15,0.0001683876623542891,0.010223878230069301,-0.05147038098425149,-0.032249468356842406,-0.003561963334440358,0.061694259214320854,-0.013030551095923075,-0.01136653085848622
2021-07-16,0.0019119192154731953,0.013677765891257746,-0.021630660566237,-0.01136653085848622,0.1067212924488186,0.035308426457494844,0.10930183427050146,0.003543169217346287
2021-07-17,-0.0007714394916716724,0.016238572560973708,-0.0063068980393716926,0.003543169217346287,-0.22655463763867353,0.022545470600345396,-0.1504962896162797,0.008329203113175575
2021-07-18,2.589014403232649e-05,0.027090653182677074,-0.010122268325588329,0.008329203113175575,-0.005680680778982516,0.03721292150826546,-0.10550138132437524,-0.031272502988710885
2021-07-19,0.00010067081227211045,0.0027966442447664996,-0.03955183252038944,-0.031272502988710885,0.08402115970166923,0.04234847676515616,-0.018286485210976974,-0.033338555734212405
2021-07-20,0.0006634581184556313,0.006093296843322709,-0.04842775137311275,-0.033338555734212405,0.12468111049176993,0.05452104821643527,0.11548585289532812,0.07443417235693212
2021-07-21,-0.0003712022105037563,0.09421905894271766,-0.0094774796358088,0.07443417235693212,0.1975092973551946,0.10369653857852638,0.2952350391839766,0.006283788882169604
2021-07-22,0.0008771946919851157,0.014399010700152039,-0.011444455151970614,0.006283788882169604,-0.3661864297328698,0.025843465852122764,-0.11296148975422882,0.038503942271904575
2021-07-23,-0.00022118811111291348,0.038503942271904575,-0.007929478666205194,0.038503942271904575,0.14258300572861024,0.04643342093810986,0.023608597767425542,0.020948244356669858
2021-07-24,0.00036262409049345564,0.026703920355181817,-0.004676916477122799,0.020948244356669858,-0.04014127730192354,0.031380836832304665,-0.05014011777407163,0.030378619797658737
2021-07-25,-6.276634047127302e-05,0.030795455203261126,-0.01204601889849889,0.030378619797658737,-0.03800999063399373,0.042841474101759834,-0.09889106749002703,0.05469542869161192
2021-07-26,0.0009569273028152647,0.13599027224886168,-0.0017802163611433002,0.05469542869161192,0.8945848518160626,0.13777048861000502,0.8158000287244238,0.0539428534880362
2021-07-27,-0.0016484940653496614,0.0539428534880362,-0.024284672883935026,0.0539428534880362,-0.37413317108871547,0.0782275263719714,0.25748022697517275,0.01483512651645551
2021-07-28,0.002439386243842408,0.03513390545800118,-0.013913811460581899,0.01483512651645551,0.09777552008182731,0.04904771691858303,0.24678291013064402,0.00031287370059631146
2021-07-29,-1.132934865827092e-05,0.014820264955278514,-0.016228816669544493,0.00031287370059631146,-0.3538933583383518,0.031049081624822894,-0.20860106384890328,0.0541722306526184
2021-07-30,0.00047634871031289674,0.0541722306526184,-0.041101389606184355,0.0541722306526184,0.19670230047785436,0.09527362025880272,-0.044250889151212114,-0.014532545375150554
2021-07-31,-0.0009295589188079654,-9.702384227487124e-05,-0.026990569629716882,-0.014532545375150554,-0.2482259066074576,0.02689354578744206,-0.3607673050168021,-0.04047804375571393
2021-08-01,-0.003980206363299804,0.021754629784629644,-0.051393037686197615,-0.04047804375571393,0.033745671762074506,0.07314766747082715,-0.18052091097488787,-0.01952524946480863
2021-08-02,-0.0016933150489509032,0.011052796702765369,-0.031215123023900143,-0.01952524946480863,-0.041823051746115,0.04226791972666547,-0.16830205532239123,-0.0271224912051319
2021-08-03,-0.0006007365407787275,0.013884256379554835,-0.03689222809090117,-0.0271224912051319,0.02296379417865239,0.05077648447045599,-0.054807575760042394,0.04094316463847637
2021-08-04,0.00158058109888117,0.04608228462289232,-0.014888060644814245,0.04094316463847637,-0.0317028021905731,0.060970345267706706,-0.07942001863748369,0.027838357371246687
2021-08-05,-7.518443408601747e-05,0.03933028179238594,-0.05932663472622265,0.027838357371246687,0.3269523544954399,0.09865691651860861,0.30522829734871526,0.04653814062641624
2021-08-06,-9.023015769445318e-05,0.05711251918566339,-0.023202894387312285,0.04653814062641624,0.08290781190644314,0.08031541357297563,0.3182686126494275,0.03981881145877593
2021-08-07,0.0003805489546622953,0.042823073948293953,-0.004633552853854391,0.03981881145877593,0.046122161279531476,0.047456626802148474,0.28466602489249654,-0.017151523902089738
2021-08-08,0.0004181907146438066,0.016175012573427083,-0.027853035073714946,-0.017151523902089738,-0.09775956247712869,0.04402804764714185,0.09535468129745724,0.056962712090068326
2021-08-09,-0.00014137237636755595,0.05893270813001766,-0.021915815402032635,0.056962712090068326,0.06482866045291237,0.08084852353205028,0.10069995131876504,-0.01697414139260822
2021-08-10,-0.0018253239818484318,0.005861866243921803,-0.036455782123012814,-0.01697414139260822,-0.14380159504978912,0.04231764836693456,-0.11663110603322636,0.0001887605723412682
2021-08-11,0.0003218055133281014,0.02492748841450611,-0.005131497321652093,0.0001887605723412682,0.022801584619371162,0.030058985736158294,-0.08509550623657029,-0.025891753544200504
2021-08-12,-0.0003676147397838171,0.013837202197242607,-0.038732465833308465,-0.025891753544200504,-0.017521291139475387,0.05256966803055114,-0.08148537530059285,0.07300947971891747
2021-08-13,0.0002566130962450636,0.0738179739849527,-0.003288694907395207,0.07300947971891747,-0.06048659947961465,0.07710666889234796,-0.10688521094984785,-0.014677743757973101
2021-08-14,0.0003633150552661554,0.006368921307685133,-0.03439034471885936,-0.014677743757973101,-0.016929954036720582,0.04075926602654439,-0.097668068837695,-0.0010609584864258955
2021-08-15,-5.888801593628723e-06,0.005508727513562444,-0.03274811838254775,-0.0010609584864258955,-0.007150991157090167,0.038256845896110274,-0.06011499226584288,-0.02240830692116523
2021-08-16,-0.000574972723738636,0.02001419288924571,-0.029041878169958037,-0.02240830692116523,0.056092323494424425,0.04905607105920357,0.011639542361599017,-0.02886919903458737
2021-08-17,-0.0014798055169656476,0.024373904180029302,-0.032970672429662035,-0.02886919903458737,0.020369235799164685,0.057344576609691285,0.04157879345763834,0.002364966650012081
2021-08-18,-0.0001926420194561574,0.027729054423676944,-0.00744073302378596,0.002364966650012081,-0.038308598476537316,0.03516978744746282,0.004968530021971067,0.04188585333234935
2021-08-19,-0.001324607163106773,0.04729067127461222,-0.018083276074194937,0.04188585333234935,0.14464075388274814,0.06537394734880711,0.14680460709728083,0.05459790698385328
2021-08-20,0.00011864142290983098,0.054658233745915843,-0.001432415837391027,0.05459790698385328,-0.06948709992589767,0.056090649583306874,0.040685928040262005,-0.008828701235467067
2021-08-21,-0.00024530297970551065,0.007628913696081214,-0.021034305497868763,-0.008828701235467067,0.15646602236428192,0.028663219193950092,0.1750829846541585,0.008473475397263706
2021-08-22,-0.0007442980345000787,0.011509252206478674,-0.014531899428958437,0.008473475397263706,-0.46979778002555733,0.026041151635437222,-0.3395365280292983,0.0045413466832814305
2021-08-23,-0.0006079617024043975,0.023255204435514692,-0.005021479466893244,0.0045413466832814305,0.30168686307534376,0.02827668390240786,0.00857055509363756,-0.03784489433094968
2021-08-24,0.00032689869249819545,0.006690925000617683,-0.03824324543783343,-0.03784489433094968,0.030321610418347644,0.04493417043845093,0.026555822272292362,0.02596012195042943
2021-08-25,0.0004430446968014854,0.030892503544636258,-0.01143694236326364,0.02596012195042943,-0.07988123685406588,0.04232944590789982,-0.04256248208213238,-0.0421022974523753
2021-08-26,0.0008544324178862316,0.007869013805044518,-0.05359570717087547,-0.0421022974523753,0.0006185497137313647,0.06146472097592008,-0.029772904708899765,0.04409943030226678
2021-08-27,-0.0010158931270374486,0.04520193395804508,-0.011741254380433865,0.04409943030226678,0.054928739480491845,0.056943188338478924,0.07335872351023226,-0.0031903644385737097
2021-08-28,0.0002836602670260467,0.004572531294622848,-0.011468795117856926,-0.0031903644385737097,-0.18898951506853445,0.016041326412479653,-0.17106636022810917,-0.0014850847584068098
2021-08-29,0.00018090841231520506,0.015053296178449221,-0.02017138402925967,-0.0014850847584068098,-0.09844754554585389,0.03522468020770886,-0.2350795172417921,-0.03702463994727715
2021-08-30,0.00010279112304916179,0.001959450452934109,-0.03925240854752154,-0.03702463994727715,0.2071001221533308,0.04121185900045582,0.031600971266057175,0.002371071858731938
2021-08-31,-0.0006514615743315717,0.023825410531259222,-0.006500537172187472,0.002371071858731938,0.08667092469240613,0.030325947703446574,0.1234664242827295,0.03500565378801719
2021-09-01,-0.0014196793445567608,0.04039700158437242,-0.012893716254199945,0.03500565378801719,0.1195152788535238,0.05329071783857226,0.22962472180426136,0.00979272478817146
2021-09-02,-0.0008024113410046883,0.030174438765916994,-0.003994022416856417,0.00979272478817146,0.00937535300332514,0.0341684611827734,0.20967888451310848,0.014044128006187486
2021-09-03,-0.0008005327594467319,0.03299174396026631,-0.019273956925443817,0.014044128006187486,0.08947856884430136,0.052265700885710094,0.23308857881813644,-0.0016154849967335088
2021-09-04,-0.000320904276477958,0.010345166956445818,-0.009572712587378752,-0.0016154849967335088,-0.14240748338926673,0.019917879543824762,-0.005718034848070483,0.035575435016673145
2021-09-05,-0.00013547170062263897,0.03780024208185108,-0.008162775338466776,0.035575435016673145,-0.21168022239171078,0.045963017420317845,-0.24680963917144602,0.0168631403802205
2021-09-06,0.0003012632628239671,0.01814299217045717,-0.013612704631922682,0.0168631403802205,0.24868974027529173,0.031755696802379704,0.02485558512643393,-0.11723249529729855
2021-09-07,0.0005118109121065046,0.004175493866859123,-0.19554252945834397,-0.11723249529729855,0.5170281803974718,0.19971802332520328,0.5432308198141208,-0.015494793572991005
2021-09-08,0.0003552543727059154,0.01110903689734977,-0.04925308108249917,-0.015494793572991005,-0.285635042961503,0.060362117979848834,0.13033985243260562,0.006488390533953229
2021-09-09,-0.006893719846945578,0.025079337262649555,-0.009190281692180488,0.006488390533953229,-0.23684589049728497,0.03426961895482992,-0.1331209677479446,-0.03303518664446581
2021-09-10,0.00011299268548561463,0.01370817068737122,-0.045126233575792075,-0.03303518664446581,0.012386800024293099,0.058834404263163255,-0.1261578725745447,0.0070499394103558715
2021-09-11,-0.00031353147061294854,0.02389424731174692,-0.0014636109413553309,0.0070499394103558715,-0.12656506469459325,0.025357858253102154,-0.29171893082706357,0.01888655452823882
2021-09-12,0.00011441177969887862,0.025412930976326027,-0.009134130276434282,0.01888655452823882,-0.21297394072234507,0.034547061252760206,-0.4855249967022112,-0.024174296052118335
2021-09-13,-0.00013145149094252734,0.01155633179242293,-0.05515782091605281,-0.024174296052118335,0.3848580986748517,0.06671415270847574,0.07938263486081695,0.046272006777909304
2021-09-14,-6.724493841020026e-05,0.04893624311863114,-0.004698024206182566,0.046272006777909304,-0.058236231048544605,0.05363426732481374,0.06455444092811632,0.022754601314508963
2021-09-15,0.00011695049847094799,0.028428426435255668,-0.006800458174183939,0.022754601314508963,-0.23738423363406605,0.035228884609439695,-0.17271661577038636,-0.0081907394359386
2021-09-16,-0.0003620981049688224,0.006423987914165138,-0.023029281407466948,-0.0081907394359386,0.04112457921826329,0.029453269321632145,-0.08254930080145587,-0.010854079709278335
2021-09-17,-0.0002586060624462338,0.007870494084230092,-0.02009954184919234,-0.010854079709278335,-0.10048052963673659,0.027970035933422555,-0.16704344917245123,0.02116012615402399
2021-09-18,0.00012709426659992477,0.031738512720557534,-0.003820358588182841,0.02116012615402399,-0.00530801890547694,0.03555887130874037,-0.17732124416974707,-0.021314594702563614
2021-09-19,-0.00019695673586112933,0.0010352055280812781,-0.028543633994526495,-0.021314594702563614,-0.05791357907105297,0.02957883952260799,-0.15980854940417633,-0.09810793836995628
2021-09-20,2.512652528056788e-05,0.001437395442580005,-0.10384013893826993,-0.09810793836995628,0.4874978758470844,0.10527753438085001,0.4044155195358311,-0.051488267863326775
2021-09-21,0.0039236335460465,0.01767070004835912,-0.07400542044473096,-0.051488267863326775,0.10356284433455586,0.09167612049309014,0.4203080306412041,0.06839960199678301
2021-09-22,-0.00038644074493768033,0.07763093744052453,-0.0016734767131282267,0.06839960199678301,-0.24444543676706432,0.07930441415365287,0.0752110312962533,0.02985630902322461
2021-09-23,-0.00032618280782202444,0.03090438467174066,-0.010732620817155945,0.02985630902322461,-0.10774272843217614,0.04163700548889679,-0.08437489982656432,-0.04686219528987527
2021-09-24,-1.7749868333906368e-05,0.004121002017240423,-0.09230508823694705,-0.04686219528987527,0.2239437243045137,0.09642609025418744,0.1095951986173715,-0.002878952738409655
2021-09-25,2.6625034354340868e-05,0.0036466743952406453,-0.025529337131673772,-0.002878952738409655,-0.30415058360844577,0.029176011526914385,-0.27399564785081104,0.011450682044497961
2021-09-26,0.00011786659645499598,0.0277664196368426,-0.04471831250884726,0.011450682044497961,-0.030307657420749708,0.07248473214569005,-0.24327168712609654,-0.022771582829569807
2021-09-27,0.0005933300389972507,0.025245502044094953,-0.023839914066082924,-0.022771582829569807,0.010344041329259646,0.049085416110177735,-0.1361282804910839,-0.028852332947741827
2021-09-28,-0.0008250455679494225,0.012690642273114911,-0.03136261039012727,-0.028852332947741827,-0.02500625073472807,0.04405325266324201,-0.11995964848046728,0.012828924814572349
2021-09-29,0.0007415732740481275,0.03615417561971742,-0.005005250166668769,0.012828924814572349,0.01274060481728131,0.04115942578638625,-0.0832798778851265,0.05218276011816411
2021-09-30,-0.0003150731015393806,0.05904885511772986,-0.002885986147309397,0.05218276011816411,0.017470049605441563,0.061934841265039474,0.010621734520264136,0.09420841893127979
2021-10-01,0.0005900777139548103,0.1008176724786338,-0.010810945191933624,0.09420841893127979,0.3191734410052915,0.11162861767056745,0.33280518910904794,-0.008462113921141138
2021-10-02,0.0004265226710728815,0.0034257875817735105,-0.01363127822831152,-0.008462113921141138,-0.3362518789785929,0.017057065810084916,-0.07981318323729199,0.010185835179136425
2021-10-03,-0.0006596171249523961,0.02931170571007628,-0.0116836231812975,0.010185835179136425,-0.13912562078695292,0.0409953288913737,-0.21673066589424558,0.018763728593427256
2021-10-04,0.00018573241263881258,0.025741054606122804,-0.0242533750547796,0.018763728593427256,0.22570885278801203,0.04999442966090229,0.030837537865749005,0.047747610534684515
2021-10-05,0.0012627927787830695,0.054039973496659184,-0.0008160553931910638,0.047747610534684515,0.07195815897277028,0.0548560288898503,0.08575990874641293,0.07201410137731079
2021-10-06,-0.0005465637802513858,0.07574647360657877,-0.02012991227543474,0.07201410137731079,0.31251869631517765,0.09587638588201346,0.3699390417351901,-0.028498794333346032
2021-10-07,-0.00041236140507583245,-0.00041236140507583245,-0.03372589702382066,-0.028498794333346032,-0.2868174054388464,0.033313535618744776,0.04725807244151556,0.0030037607441677503
2021-10-08,-7.136716883113352e-05,0.03859070058482865,-0.0021941632455423853,0.0030037607441677503,-0.05606892132166053,0.040784863830370936,-0.0434844876302037,0.01836679291081593
2021-10-09,-0.0007056023049855058,0.026154049381478806,-0.004321207468349824,0.01836679291081593,-0.06867286448835526,0.030475256849828426,-0.15609292342510736,-0.003583836316874845
2021-10-10,-0.00028024377198066213,0.025737042620778697,-0.012889473662213775,-0.003583836316874845,0.19603439391024693,0.03862651628299239,0.04464952940501824,0.04834896270757248
2021-10-11,-0.000684039742069702,0.05369692492535266,-0.004608104117946646,0.04834896270757248,0.07572617181489429,0.05830502904329918,0.10122832404645832,-0.02543576350608531
2021-10-12,0.0007311082171159301,0.0024860846329694303,-0.053723926238514845,-0.02543576350608531,-0.03711731644610038,0.05621001087148433,0.09788003071437416,0.023978814816483514
2021-10-13,-4.997855697893069e-05,0.028976011854386335,-0.030254190683515224,0.023978814816483514,0.014510542366642657,0.05923020253790159,0.08969411041970177,-0.0013872457018979745
2021-10-14,-0.0004925443547745983,0.018599747119103026,-0.007765525831006968,-0.0013872457018979745,-0.1296438209375816,0.026365272950109743,-0.0754379409690075,0.0718874583745788
2021-10-15,0.0004252106725379899,0.09059599925474797,-0.007940846080150754,0.0718874583745788,0.3465259486585057,0.09853684533489877,0.25041129993423356,-0.011458884632588321
2021-10-16,0.0002528845048478501,0.010988017107442195,-0.022789612302586706,-0.011458884632588321,-0.4132908368849233,0.03377762941002893,-0.2218940592743915,0.010803865067540788
2021-10-17,-7.43529314595036e-05,0.012295860329565343,-0.02878358244391998,0.010803865067540788,-0.16530338856166618,0.04107944277348524,-0.34718234754068106,0.007646292349290159
2021-10-18,-7.818692644959853e-05,0.01709081930639358,-0.02535144935366265,0.007646292349290159,0.27063592302452244,0.042442268660056265,-0.01608645429964862,0.03541344366049976
2021-10-19,0.00027542583974497715,0.038094838033625796,-0.006520811677403851,0.03541344366049976,0.06154326807560301,0.044615649711029694,0.06440129850402838,0.026577834542035658
2021-10-20,0.00035152628039146965,0.040684778225761664,-0.01018704073606722,0.026577834542035658,0.00782082849007452,0.050871818961828845,0.052105851743551146,-0.059027668390729156
2021-10-21,0.00014240588672936988,0.009166599115643452,-0.060519883303095726,-0.059027668390729156,0.11823068933512763,0.06968648241873919,0.22878720776574502,-0.02470225108270476
2021-10-22,0.0004454669667256394,0.023901860170595736,-0.03412943599966096,-0.02470225108270476,-0.17769739938075993,0.05803129617025668,-0.010795370582630612,0.011489604888576206
2021-10-23,3.893799671579191e-05,0.01717857331049753,-0.01436717189205938,0.011489604888576206,-0.3574674085037416,0.03154574520255678,-0.41552657236710144,-0.007566491344887265
2021-10-24,-0.0004117470536321424,0.0018256803726090615,-0.028923321263515774,-0.007566491344887265,0.01600211303906819,0.0307490016361249,-0.343100464869624,0.03402727333400422
2021-10-25,-0.0006059549283520351,0.04490542164951976,-0.003930772600824908,0.03402727333400422,0.12859959558076567,0.0488361942503448,-0.1437102178249468,-0.04337718610106227
2021-10-26,-0.00011203863163223634,0.002996831986060076,-0.0495694364988865,-0.04337718610106227,0.11580500394895994,0.05256626848494648,0.0278446645119485,-0.03166384386368273
2021-10-27,-0.00019538402552791856,0.017593222701272154,-0.03636344749928961,-0.03166384386368273,0.2244814550121291,0.053956670200561795,0.3195649855115031,0.03593449158802419
2021-10-28,-0.00019933201130341129,0.06048133138943998,-0.004721414056942474,0.03593449158802419,0.03599379646364097,0.06520274544638241,0.3231528638786532,0.026144375505153635
2021-10-29,4.51042058652279e-05,0.03732488941822458,-0.0048312090408324185,0.026144375505153635,-0.20531684174065357,0.042156098459057136,0.011516775771060202,-0.0054647503804892625
2021-10-30,0.00018315549475628054,0.0016406753592110356,-0.021269448553758747,-0.0054647503804892625,-0.13638300750490606,0.022910123912969753,-0.1759122153835602,-0.009250698649359285
2021-10-31,-0.0006197504743108709,0.008324434851962438,-0.029757146262279766,-0.009250698649359285,0.002585791030015575,0.038081581114242105,-0.17901154763130808,-0.005142950065019365
2021-11-01,2.4334551930837433e-05,0.017780733552992214,-0.026837704913768082,-0.005142950065019365,0.11444765923337623,0.04461843846676022,-0.05078865065885721,0.0357758773484733
2021-11-02,-0.0006748074900984458,0.05172345061986006,-0.005446405259103254,0.0357758773484733,0.04320434980355184,0.057169855878963234,0.03268842892334442,-0.004062805617150114
2021-11-03,0.00044170510994399306,0.004584630095758685,-0.03283236059562035,-0.004062805617150114,-0.04391943043400583,0.03741699069137913,0.030754271325363965,-0.02439903425460908
2021-11-04,-0.0004486025361895865,0.002430616365338514,-0.035074903233442596,-0.02439903425460908,-0.10217944260677207,0.03750551959878092,-0.06723635541310984,-0.005328129187967981
2021-11-05,0.00012769520563808858,0.017569704075685637,-0.00993690588134978,-0.005328129187967981,-0.0636315298624151,0.02750660995703545,-0.13348974833284669,0.006551908440948538
2021-11-06,-0.0009296778780710474,0.007578615280402702,-0.015861472568756137,0.006551908440948538,-0.05060266438809043,0.023440087849158752,-0.17469277795408827,0.028827681539784322
2021-11-07,0.000445903007775822,0.028827681539784322,-0.0015450915832794909,0.028827681539784322,-0.16267824972098083,0.030372773123063822,-0.295791609568949,0.06480556096155835
2021-11-08,0.00026964526577292884,0.06638665581387194,0.00026964526577292884,0.06480556096155835,0.5087451736450755,0.06611701054809893,0.2945376726186075,-0.008845099182201409
2021-11-09,-0.00025302227609872477,0.014159353233729806,-0.017690277487297918,-0.008845099182201409,0.029526108617370223,0.03184963072102771,0.29193570640232186,-0.02995816542044536
2021-11-10,-0.00027615702765006455,0.026780878929334746,-0.057839387603175585,-0.02995816542044536,0.14015474624190047,0.08462026653251041,0.37231931817213865,-0.0006967481072823624
2021-11-11,-0.00025143226510908795,0.008941871211536969,-0.012614646149727862,-0.0006967481072823624,-0.30611417030144067,0.02155651736126475,-0.036305233837639075,-0.012300437518712916
2021-11-12,-0.0013246725334966588,0.007834599136950988,-0.041111497038481576,-0.012300437518712916,0.005676640126950471,0.04894609617543256,-0.06645429081703823,0.00487596370827555
2021-11-13,3.3974257501343785e-05,0.011772427832504864,-0.013372381897821632,0.00487596370827555,-0.16899295757587562,0.025144809730326574,-0.29268245931259,0.015351084638069591
2021-11-14,-0.0002196045950543414,0.015783879494071215,-0.012827772477378633,0.015351084638069591,-0.19313374231384492,0.028611651971449926,-0.4322396427235385,-0.029592905846716044
2021-11-15,0.0008313611674699757,0.012368131859511215,-0.02974595230122346,-0.029592905846716044,0.1959038776730083,0.04211408416073452,-0.14305613227937003,-0.05492245425158357
2021-11-16,0.0025663970204152487,0.0025663970204152487,-0.07413656079511714,-0.05492245425158357,0.4271785925249983,0.07670295781553255,0.392909902006099,0.00343096492223367
2021-11-17,-0.00035951528427829484,0.010949633265721712,-0.027738251398762907,0.00343096492223367,-0.17870470212392017,0.038687884664484654,0.14716581660537056,-0.058423750403308876
2021-11-18,-0.000130458391238345,0.00956988794427838,-0.06532013244410814,-0.058423750403308876,0.05487377315239273,0.07489002038838642,0.18390934010444773,0.02046697304630566
2021-11-19,-0.0008083014046698986,0.02444283098022339,-0.021962471736562635,0.02046697304630566,-0.06709735278538638,0.04640530271678611,0.05535138888304685,0.02678245961804076
2021-11-20,-7.736235897616492e-05,0.02950389948630645,-0.011244265395661248,0.02678245961804076,-0.23410915032782018,0.0407481648819678,-0.2503080028573209,-0.016326255638854346
2021-11-21,0.0005578689029811946,0.0051332829177172055,-0.018227362975665278,-0.016326255638854346,-0.1589593774020626,0.023360645893382485,-0.4096003729093013,-0.042454514477448545
2021-11-22,-0.0004024088036073396,0.009083065533485547,-0.05334064431340956,-0.042454514477448545,0.29354629353258854,0.06242370984689525,-0.004762247042230321,0.022481248103212805
2021-11-23,0.0002711626956698331,0.027790152165411613,-0.011732002219612066,0.022481248103212805,0.06758271837625067,0.039522154385023774,0.08663518206196265,-0.02263871996463873
2021-11-24,-5.598051553820773e-05,0.00405630869060057,-0.02827291216653242,-0.02263871996463873,-0.022942759874491136,0.03232922085713299,0.08665987893276968,0.01751183816078035
2021-11-25,0.01560233695994577,0.05340803666271723,0.015274561074249342,0.01751183816078035,-0.06634029177537504,0.03813347558846774,0.03270058873588474,-0.06687380102128215
2021-11-26,0.029005448517194343,0.03278382102545245,-0.06687380102128215,-0.06687380102128215,0.19847419399077185,0.0996576220467346,0.20935527682538183,0.02298046960742265
2021-11-27,0.0031063294347607223,0.0323170082182529,0.0018387094164077134,0.02298046960742265,-0.3134334104889392,0.030478298801845313,-0.19256050441770414,0.043435386277887976
2021-11-28,-3.7484686334184725e-05,0.04597174145743003,-0.022850390696588892,0.043435386277887976,-0.08334969664173975,0.06882213215401899,-0.25145594178677255,0.009701684218223901
2021-11-29,0.0007586709102249703,0.027979833965588594,-0.00799593442919285,0.009701684218223901,0.14088769473235854,0.03597576839478143,-0.057351178005237,-0.013955922421075117
2021-11-30,0.00040725616455065174,0.022355297838473658,-0.0307283274554604,-0.013955922421075117,0.1257528848672112,0.05308362529393396,0.09359700500900207,0.003928780734843055
2021-12-01,-0.0017111414337818741,0.03509724359085351,-0.007966750377388707,0.003928780734843055,0.004067076879824815,0.04306399396824235,0.08326230536061197,-0.013227302108743101
2021-12-02,-0.00021769045261451185,0.002084260258744124,-0.023597926357478403,-0.013227302108743101,-0.12953800912912966,0.025682186616222673,-0.016633794602016673,-0.05233158566534184
2021-12-03,0.0005548897213516386,0.017626846347648828,-0.07309979335404103,-0.05233158566534184,0.2060538841725221,0.09072663970168993,0.17843002732841298,-0.08560843085516442
2021-12-04,0.0024156816532701782,0.005700950396805886,-0.2232363685350303,-0.08560843085516442,0.43358267662205835,0.22893731893183614,0.5442314591922046,0.003411696472447897
2021-12-05,1.6593248160007797e-05,0.01146727524280322,-0.027680150748735335,0.003411696472447897,-0.5009161377423379,0.03914742599153862,-0.10760760032869134,0.024288526851428814
2021-12-06,0.0009036599234792302,0.03112309592050582,-0.04321034400123609,0.024288526851428814,0.013593517625772843,0.07433343992174204,-0.0963751538931422,0.002319467736866812
2021-12-07,-1.5754051455834092e-05,0.026380586796582357,-0.00807512785515692,0.002319467736866812,-0.11304430784918988,0.03445571465173927,-0.21350103878585125,-0.0038592862213869153
2021-12-08,-0.0006399965690697898,0.009252688054152854,-0.038894497196659515,-0.0038592862213869153,-0.16761808067142564,0.04814718525081235,-0.3873209190208726,-0.057721555808476536
2021-12-09,-0.0010839466046614994,0.0057722080907561925,-0.06432513595909982,-0.057721555808476536,0.03870367377421687,0.07009734404985597,-0.2931924744858376,-0.009035819421615396
2021-12-10,-0.0006290047621261961,0.04798127344071618,-0.013695050264306724,-0.009035819421615396,0.044994786699657646,0.06167632370502289,-0.07366150776367668,0.04388024071672512
2021-12-11,0.0004513509854573028,0.04581714536851379,-0.0063907410111124115,0.04388024071672512,-0.18345123950145006,0.0522078863796263,-0.21900226556872543,0.014796607838164322
2021-12-12,-0.00015503541648546255,0.02722508254291018,-0.012981462728529576,0.014796607838164322,-0.16116268754528493,0.04020654527143977,-0.30288421756523387,-0.06944137030817533
2021-12-13,0.000327427326922583,0.002126830612564193,-0.0876349334508283,-0.06944137030817533,0.38265655269192955,0.08976176406339234,0.16211097962077423,-0.002674827620426481
2021-12-14,-0.0005919111503526271,0.035601909026367784,-0.006719169431121081,-0.002674827620426481,0.07403659852761826,0.042321078457488844,0.20954558752428376,0.04783877809998121
2021-12-15,0.037209823695163416,0.05957481575360705,0.001272065072721039,0.04783877809998121,0.053488373321405186,0.05830275068088596,0.2278125840908333,-0.025504064198459072
2021-12-16,7.652955258719456e-05,0.010757614080768077,-0.028351830000552986,-0.025504064198459072,-0.29273820212800145,0.039109444081321026,-0.10253482262783616,-0.031180093256039692
2021-12-17,-0.00024539270003638193,0.007096666418650928,-0.043899223601808986,-0.031180093256039692,0.18783610192020397,0.05099589002045989,0.07547116703587337,0.01389869565630835
2021-12-18,0.00037024705284064926,0.023776386702172834,-0.013152679187014519,0.01389869565630835,-0.23168559307547062,0.03692906588918747,-0.2256155814473057,-0.0030305301841360094
2021-12-19,0.00010863820931550914,0.02614235857323075,-0.007409092450749367,-0.0030305301841360094,-0.03685082714023001,0.033551451023980085,-0.2246485289563544,0.003702680378992096
2021-12-20,1.003596051812912e-06,0.014764107684267906,-0.024429556446468863,0.003702680378992096,0.20773841423689468,0.03919366413073684,0.04521929121208203,0.042928792887466996
2021-12-21,0.0001237284147048756,0.05034563964419392,-0.0038791616785799543,0.042928792887466996,-0.13485593987482927,0.05422480132277393,-0.05119607627420423,-0.006315834406489169
2021-12-22,9.8979592245368e-06,0.012351393519855883,-0.009974085556784983,-0.006315834406489169,-0.10135396835198952,0.022325479076641033,-0.15105757468417166,0.043381939329586325
2021-12-23,-4.458324964667898e-05,0.05411094009719426,-0.01163836658814483,0.043381939329586325,0.14362078419657948,0.06574930668533928,0.05387292814060669,0.0007412156675569818
2021-12-24,0.0004234982611006091,0.02006895165068596,-0.005331612646103769,0.0007412156675569818,-0.14690116686987484,0.02540056429678969,-0.10879924678553325,-0.0077497271989944395
2021-12-25,0.0006436582692748982,0.006949175762547671,-0.011587199513361242,-0.0077497271989944395,-0.24721630886198176,0.018536375275908946,-0.35021163784467524,0.007500204929835927
2021-12-26,-2.3160530088985837e-05,0.015085357491055735,-0.016126886239552166,0.007500204929835927,0.09677358431049747,0.031212243730607908,-0.1609476644533503,-0.003333620966693561
2021-12-27,-0.00013593358097042742,0.022319869469239747,-0.006120836071842732,-0.003333620966693561,0.14865326218405206,0.02844070554108243,0.038444371337203985,-0.062151426511976506
2021-12-28,0.0007785491567187546,0.0007785491567187546,-0.06582803895378186,-0.062151426511976506,0.31798724232252973,0.06660658811050066,0.35748855703123134,-0.024336011956341844
2021-12-29,0.0007355240805045166,0.01109392837545122,-0.02958642447219561,-0.024336011956341844,-0.10662806063616058,0.04068035284764692,0.20728983033157886,0.01566773871313257
2021-12-30,0.0009876661909701185,0.03043455337115264,-0.008310914062562583,0.01566773871313257,-0.11867943054221601,0.0387454674337152,0.04313689122422205,-0.018649172756865187
2021-12-31,-0.00018556732584447085,0.02706685915741531,-0.029210677774017632,-0.018649172756865187,0.32606214266928635,0.05627753693143295,0.3110194376388656,0.02937373314776973
2022-01-01,0.0001144652292450717,0.03231570851189891,-0.0003879464628544551,0.02937373314776973,-0.4081780243929193,0.03270365497475329,-0.2088725021730269,-0.007189054400021723
2022-01-02,-0.00012345304321078585,0.004072358394357141,-0.017555815467592842,-0.007189054400021723,0.128431752289733,0.02162817386195005,-0.08214478629210147,-0.018914636695763702
2022-01-03,-3.539556795875689e-05,0.003489670150136857,-0.03239679620176817,-0.018914636695763702,0.16820241208413922,0.03588646635190487,0.12283635503505849,-0.012138934663861074
2022-01-04,1.580712349740883e-05,0.020209137820035025,-0.015305534432711737,-0.012138934663861074,0.2507030766879516,0.035514672252746814,0.35308326603089635,-0.05206628845481275
2022-01-05,3.889359220051341e-05,0.022224553691347758,-0.06991569140285997,-0.05206628845481275,-0.14249378425794845,0.09214024509420761,0.10992477958861772,-0.009410297303589778
2022-01-06,-8.015623835911274e-05,0.004116348710093565,-0.02142330356278201,-0.009410297303589778,-0.19877666955445067,0.025539652272875458,-0.08810596437924202,-0.037847988650375176
2022-01-07,-0.00017052465154368903,-0.00017052465154368903,-0.0494764856287913,-0.037847988650375176,1.02504624118838,0.04930596097724763,0.9034056819146423,0.004227048332596754
2022-01-08,8.572009443096855e-05,0.01601810929564778,-0.021540977978671105,0.004227048332596754,-1.0985830715875715,0.03755908727431896,-0.48015630529047526,0.004247935206112907
2022-01-09,1.8813197074444967e-05,0.02203954270861369,-0.009528692236340335,0.004247935206112907,-0.2761281646646594,0.031568234944953956,-0.7339703947497485,-0.002157811766201214
2022-01-10,-3.2714478242688566e-05,0.0068453268302688065,-0.051781940010636573,-0.002157811766201214,0.41054447631448726,0.05862726684090538,-0.22296924790760006,0.021633410637439378
2022-01-11,-4.193902710575951e-05,0.02782214109797645,-0.009936708053222386,0.021633410637439378,-0.19836819382265888,0.03775884915119864,-0.3973916880946763,0.027993907251911834
2022-01-12,0.00014797295585888704,0.03222316367546933,-0.0048523537790759125,0.027993907251911834,0.24092393271039866,0.03707551745454522,-0.13645775024482482,-0.03137582795207003
2022-01-13,-5.36857011641186e-05,0.007465285867710319,-0.034774930485092066,-0.03137582795207003,0.35320192463477135,0.04224021635280242,0.5233508103730921,0.011859664695822615
2022-01-14,0.00017139907124228622,0.017573933682592812,-0.014400697581473243,0.011859664695822615,-0.7044567630264146,0.031974631264066106,-0.31116413040929986,0.0018011556222094572
2022-01-15,5.1025011374962875e-05,0.014396498186287437,-0.010042533216644304,0.0018011556222094572,-0.24949647699116745,0.024439031402931927,-0.5747484329106228,-0.0014722123644015362
2022-01-16,-0.0001241322505866119,0.005990031907877148,-0.011328499835973851,-0.0014722123644015362,-0.02587438924318314,0.017318531743850937,-0.5127229899463305,-0.02022757169904886
2022-01-17,9.839009888262824e-05,0.0015183508909025884,-0.03381587920349561,-0.02022757169904886,0.19197511017143248,0.035334230094398185,-0.26272624801603345,0.002956109256612036
2022-01-18,-1.1279502370686634e-05,0.006695825439670065,-0.020524574065063507,0.002956109256612036,0.03293591876020436,0.027220399504733712,-0.14234927149757962,-0.01500991044287061
2022-01-19,-3.761076509039941e-05,0.0024199684335447585,-0.027094181495693825,-0.01500991044287061,0.02963752481628857,0.02951414992923851,0.10490813518454004,-0.02581674309560386
2022-01-20,-7.205346142278187e-06,0.03919588652211188,-0.026003428956372646,-0.02581674309560386,-0.124812634172278,0.06519931547848465,-0.015219967429348155,-0.10960468291543993
2022-01-21,0.0004715530801064486,0.00930040907704716,-0.1280384842748372,-0.10960468291543993,0.7468251376544904,0.13733889335188412,0.712359595793036,-0.039930188839646726
2022-01-22,0.00039143429995572407,0.006329709312655987,-0.05956197839465661,-0.039930188839646726,-0.07976548642437072,0.06589168770731249,0.41906054282448224,0.034966573781181565
2022-01-23,0.0004882979169108512,0.03927156076967639,-0.00702661292440174,0.034966573781181565,-0.4229257929726983,0.046298173694078106,-0.13314803509742992,0.010352967106698903
2022-01-24,-2.9504480860557082e-05,0.026406805138223327,-0.089108949936551,0.010352967106698903,0.47546320868256303,0.11551575507477425,0.31837555512269194,0.008142486826951165
2022-01-25,1.3001449661832271e-05,0.02133019966017029,-0.02415837627967205,0.008142486826951165,-0.4598196624158331,0.045488575939842256,-0.2576952643858848,-0.0027608244495656064
2022-01-26,-9.439967338165588e-05,0.049400931570773424,-0.01579485346995026,-0.0027608244495656064,0.16997244046082902,0.06519578504072365,-0.12247311861370636,0.007733837890785913
2022-01-27,-0.00027796530425671555,0.008005484444430173,-0.03374537038221082,0.007733837890785913,-0.22387214997433702,0.041750854826641,-0.2780454612289011,0.017247505090414967
2022-01-28,-0.0002636192326863869,0.02169834639170418,-0.025281054516777604,0.017247505090414967,-0.1186916350082467,0.04697940090848187,-0.3038065782418751,0.00932135173920975
2022-01-29,-9.573705442795706e-05,0.020742585742304826,-0.010050765048849546,0.00932135173920975,-0.25726875029709356,0.03079335079115452,-0.535672942247367,-0.005800446457155093
2022-01-30,0.0003601589674299009,0.003354782602787728,-0.0185373616590969,-0.005800446457155093,-0.1605712740866878,0.02189214426188455,-0.5124440641362641,0.014804408066392667
2022-01-31,7.06688373076398e-05,0.019060498914660884,-0.031724259743965415,0.014804408066392667,0.34781023535989863,0.050784758658626354,-0.06324780158790677,0.006737318502634114
2022-02-01,-3.532454835189525e-05,0.01628958704903216,-0.009646978869910816,0.006737318502634114,-0.02175585535007553,0.02593656591894303,0.01579585996308708,-0.04731073995912287
2022-02-02,1.139304184596757e-05,0.002354892392058117,-0.050570287229917084,-0.04731073995912287,-0.05748057253155648,0.052925179621975196,0.00708478797307283,0.005441215831991581
2022-02-03,-0.0002213784102928171,0.005441215831991581,-0.015749867092815353,0.005441215831991581,-0.02986730952237525,0.021191082924807002,0.01018014570784283,0.11062688345744714
2022-02-04,-0.00014362475901044403,0.111275097149963,-0.0016424006221052063,0.11062688345744714,0.4587035640045571,0.11291749777206803,0.45381192257572484,-0.0014398234837348135
2022-02-05,1.4589194405279716e-05,0.008309518950729903,-0.011213664968783095,-0.0014398234837348135,-0.40318774780571837,0.019523183919512983,-0.09615644049470184,0.02316687651757865
2022-02-06,-1.0368620971525648e-06,0.025247862156434195,-0.004747067560672123,0.02316687651757865,-0.19679157262924704,0.029994929717106416,-0.282897092843583,0.033111582709537346
2022-02-07,-0.00013327979441404215,0.045839869965984326,-0.015786275740512046,0.033111582709537346,0.5734385411343746,0.061626145706496514,0.3300259476677885,0.006324808965338507
2022-02-08,0.00032766287400665383,0.03261849405449002,-0.023831978613074654,0.006324808965338507,0.14404155604429375,0.05645047266756483,0.3859240169804819,0.00498211368199733
2022-02-09,-0.0004929354725431996,0.013717293648653877,-0.02027458636384689,0.00498211368199733,-0.35278247185881556,0.03399188001250083,-0.0880570814193568,-0.01760339378138894
2022-02-10,0.0002030499876842843,0.029388236272956603,-0.0213359165882528,-0.01760339378138894,0.32403687014216054,0.050724152861209355,0.28578063297512224,-0.026921126055171853
2022-02-11,0.00013807400591396985,0.005624417495636834,-0.03386364898828055,-0.026921126055171853,-0.1759990407470856,0.03948806648391737,0.01136723911516953,-0.00386212183286643
2022-02-12,0.0001028830227846818,0.013691313134952914,-0.013182244258756618,-0.00386212183286643,-0.3953638062292924,0.026873557393709405,-0.4620182916777414,-0.001112080209543203
2022-02-13,-0.00018707970986467335,0.010562825243488408,-0.006972554261424994,-0.001112080209543203,-0.2081295653615232,0.017535379504913382,-0.5945499072016965,0.009185768314632001
2022-02-14,-0.0009511524247360095,0.013610644601789268,-0.012292997795849036,0.009185768314632001,0.345615133287247,0.02590364239763826,-0.10126376734762857,0.045630604487240684
2022-02-15,-1.0640061132800898e-05,0.04769275510293445,-0.002253999998181362,0.045630604487240684,0.08703079564256537,0.049946755101115785,0.0069740949176490315,-0.01385529504989858
2022-02-16,6.89646379492019e-05,6.89646379492019e-05,-0.025412878365768363,-0.01385529504989858,-0.13801312690611586,0.025481843003717527,-0.04384557873672066,-0.08108233071910446
2022-02-17,-0.000564035608745721,0.00388475674448728,-0.08822804687295031,-0.08108233071910446,0.2822333641306751,0.0921128036174376,0.3101735761332515,-0.012586526423760572
2022-02-18,0.0003482813842390103,0.0096024854924614,-0.022461498555645883,-0.012586526423760572,-0.11865606647293571,0.03206398404810729,0.11075942827592575,0.002275138191892225
2022-02-19,-0.0001237399604362363,0.009643407003688407,-0.007973503033162755,0.002275138191892225,-0.5288220475728876,0.01761691003685129,-0.4969919558631134,-0.043054421746525254
2022-02-20,-0.00010106367088020902,-5.646977087035943e-05,-0.05137819497407764,-0.043054421746525254,0.2890551617644696,0.051321725203207255,-0.1430669817136449,-0.03592381094835431
2022-02-21,-0.00021255643410131737,0.024750341216026497,-0.03929574011029723,-0.03592381094835431,0.4678025480196588,0.0640460813263236,0.36702341432315133,0.03213453434150656
2022-02-22,-0.00017565047223957772,0.034061008279156035,-0.015941448564623033,0.03213453434150656,-0.13850863948239853,0.050002456843779144,0.1390907204788575,-0.026183634615420347
2022-02-23,-1.9487553855979175e-05,0.021610044881290393,-0.0287274200990585,-0.026183634615420347,-0.15425127268319605,0.050337464980349064,-0.008343719800024992,0.027399579951549815
2022-02-24,-0.0004828393856702495,0.043860974715247046,-0.07912481406589789,0.027399579951549815,0.7527917718666616,0.12298578878114488,0.7577986187481961,0.022738450595305906
2022-02-25,2.965365297818484e-05,0.033293634665978504,-0.0057889796087398585,0.022738450595305906,-0.5580863282362295,0.039082614274718236,-0.06291601021587599,-0.0027852723260769346
2022-02-26,-2.8987833031542722e-05,0.01997373234174591,-0.013134298438917592,-0.0027852723260769346,-0.4185188669452487,0.03310803078066342,-0.5378613252451022,-0.036334517924426976
2022-02-27,-0.0001649335411977677,0.017083529949898396,-0.04809287889087491,-0.036334517924426976,0.2945308264734426,0.06517640884077323,-0.16104804529888037,0.13576425730332167
2022-02-28,-0.00010038100764540465,0.1488109881085122,-0.0050930697772308235,0.13576425730332167,0.4199949959288997,0.15390405788574305,0.27389059970872615,0.026533380332524757
2022-03-01,2.939146863549649e-05,0.03638143565988502,-0.005587016586725278,0.026533380332524757,-0.09427573909374415,0.041968452246610284,0.08248860285718702,-0.009753715935407227
2022-03-02,6.719407116558606e-05,0.016167712165283628,-0.021001148417809812,-0.009753715935407227,-0.10700498620372978,0.0371688605830935,0.07308025764263248,-0.03409447865241336
2022-03-03,2.4544870514641712e-05,0.0022163899449727884,-0.04682574207230963,-0.03409447865241336,-0.15600390988017604,0.04904213201728231,-0.10218304488802861,-0.0812852755652355
2022-03-04,0.0001496070609226056,0.0006552163034542005,-0.08979810897691808,-0.0812852755652355,0.13288855411573522,0.09045332528037242,-0.022117853287422114,0.0066969062286334315
2022-03-05,0.00027702890668421985,0.010894872655105175,-0.009255587490420493,0.0066969062286334315,-0.518679132508403,0.02015046014552578,-0.5749610365467007,-0.025202937052357023
2022-03-06,9.170207736415489e-05,0.006062456189715507,-0.030640285654676257,-0.025202937052357023,0.1511162191137616,0.03670274184439177,-0.29137688464739325,-0.0093603152707349
2022-03-07,0.0002425608007413326,0.02595494316410035,-0.03065193393589176,-0.0093603152707349,0.3686099100478839,0.05660687709999205,0.17857843721955022,0.01758473821596099
2022-03-08,-5.6139365630621265e-05,0.032120089991051815,-0.002753307033984509,0.01758473821596099,-0.1020553856896634,0.03487339702503623,0.0818726069047003,0.08046083301385845
2022-03-09,0.00014318195294589264,0.09189385536376977,-0.0008051247160032832,0.08046083301385845,0.2251090379104922,0.09269898007977308,0.30019385639386964,-0.06254685680053026
2022-03-10,-0.00021095249222478538,0.0005191425437253608,-0.07799411486639102,-0.06254685680053026,-0.03807324491999814,0.0785132574101162,0.23109273279977843,-0.016425482290646415
2022-03-11,6.358758166379547e-05,0.016203214459578803,-0.02802854486801174,-0.016425482290646415,-0.16446903716204023,0.04423175932759059,-0.041644603527628464,0.002806706804667275
2022-03-12,-1.3089732735989254e-05,0.013152597308698688,-0.0005785283363763082,0.002806706804667275,-0.5898855666843785,0.013731125645075046,-0.6785735310983937,-0.027475269974984843
2022-03-13,-0.0004958341546916976,0.00781790428961931,-0.03069101910110904,-0.027475269974984843,0.16860193035018878,0.03850892339072846,-0.40827045510157817,0.04689129940953424
2022-03-14,-8.845004005372418e-05,0.04879903970419598,-0.004473165048076961,0.04689129940953424,0.34063824862817277,0.053272204752272935,-0.00027524053292443326,-0.00830247189817811
2022-03-15,-6.312554052109192e-05,0.003218547321037904,-0.034796938991917346,-0.00830247189817811,-0.016087752289091768,0.03801548631295531,0.05133018519874405,0.044865467674200424
2022-03-16,-8.172532797081113e-05,0.052649693874400494,-0.008076433014932957,0.044865467674200424,0.5039561251944346,0.060726126889333466,0.6201900745201644,-0.004690916877794194
2022-03-17,-7.500628299817258e-05,0.0034842426809328125,-0.011760981585215732,-0.004690916877794194,-0.5877774321362553,0.015245224266148525,-0.08482579728069471,0.020538517974936225
2022-03-18,-0.00015969143908477922,0.029933929838859296,-0.01597450089657738,0.020538517974936225,0.44720448434018123,0.04590843073543674,0.3024908518357609,0.009274687432012266
2022-03-19,-0.0001556971079464137,0.012254372628700149,-0.004759701556480463,0.009274687432012266,-0.5598503156606623,0.017014074185180618,-0.38365301099103216,-0.022600322885966202
2022-03-20,1.7868875507130148e-05,0.001196509252700444,-0.02851058388438789,-0.022600322885966202,0.02327629141235946,0.029707093137088376,-0.32757020960228544,-0.004125761887466681
2022-03-21,-4.100679155436049e-05,0.004995907758579994,-0.014155766191117152,-0.004125761887466681,0.2012688521280583,0.019151673949697207,-0.09866822005159015,0.03070379130997368
2022-03-22,-9.471760134951331e-05,0.048623478560215434,-0.003162765788710861,0.03070379130997368,0.26250319528625815,0.05178624434892627,0.2808558966818775,0.012531246090632069
2022-03-23,0.00013149440365483865,0.012544086840067676,-0.011427518188231713,0.012531246090632069,-0.2373346447390588,0.023971605028299318,-0.035949081130044414,0.024593725965785046
2022-03-24,-0.0001469973472084403,0.028474227225911534,-0.0038961665948896163,0.024593725965785046,0.20682645755326676,0.032370393820801285,0.24361411921745568,0.008782716407665668
2022-03-25,8.218962768852223e-05,0.02334983832806198,-0.0058094498108419036,0.008782716407665668,-0.015209607987067027,0.0291592881389038,0.13899607761558563,0.0034237154855725296
2022-03-26,2.545488608211491e-05,0.008694376229492864,-0.004122629647382593,0.0034237154855725296,-0.5898687479847589,0.012817005876875284,-0.526466796153262,0.050813175792382204
2022-03-27,0.00010173099376035035,0.05096383965216966,-0.0014287499280769833,0.050813175792382204,0.5076393902077205,0.05239258958024678,0.03607500975244266,0.0065464127633699815
2022-03-28,2.9033339953996517e-05,0.026687484179160635,-0.0027866148652809677,0.0065464127633699815,0.25559497930314923,0.02947409904444168,0.3203795567313428,0.00714059973919024
2022-03-29,-0.0005850973787749641,0.0187978714916515,-0.0005850973787749641,0.00714059973919024,-0.14681487703046384,0.019382968870426325,0.09267186118326813,-0.0085279952347302
2022-03-30,-0.00018608905752521177,0.003982684375993816,-0.01527478385977315,-0.0085279952347302,-0.06797093123915131,0.019257468235767107,0.02222956818341422,-0.03291800954258311
2022-03-31,-1.095619712401997e-05,0.009502894616082587,-0.036176298972700895,-0.03291800954258311,0.1276373977348088,0.04567919358878357,0.1585526947816806,0.016183454010017757
2022-04-01,0.00034005485888503157,0.02338704313288067,-0.02525178033334126,0.016183454010017757,0.13547644411147855,0.04863882346622192,0.18502680093847948,-0.008957035540670266
2022-04-02,8.33010194222158e-05,0.01600371339007854,-0.01084325807860616,-0.008957035540670266,-0.26302145357582796,0.02684697146868465,-0.1391557401399855,0.012664841243046981
2022-04-03,-0.0002141179176159783,0.03100677113499637,-0.005133036627939348,0.012664841243046981,-0.1435198368626305,0.036139807762935745,-0.24010802785824362,0.0036337857461326666
2022-04-04,-0.00017853761760596343,0.007239555063829955,-0.02656407035491369,0.0036337857461326666,0.24591763945572445,0.03380362541874348,0.04354380955785035,-0.02314486060589607
2022-04-05,3.9294082236569585e-05,0.010316339202459003,-0.023390381912191418,-0.02314486060589607,-0.092088307985718,0.03370672111465052,-0.06868989744690625,-0.05294570510057487
2022-04-06,-0.00025547034918456,-0.00025547034918456,-0.05324165542539809,-0.05294570510057487,0.2844530027166762,0.052986185076213416,0.23926248664081212,0.0068529242315328075
2022-04-07,1.762947322509462e-05,0.01502222310334655,-0.007126821202387584,0.0068529242315328075,-0.4115872732579427,0.022149044305734302,-0.1802310154671117,-0.028353972258937266
2022-04-08,2.9630560783087748e-05,0.009133713697961052,-0.030825237214715098,-0.028353972258937266,0.0417939570125058,0.03995895091267607,-0.11752290590821324,0.011625235289932529
2022-04-09,-0.000132102507673272,0.011734613454179262,-0.0024720983726457565,0.011625235289932529,-0.5280478874051232,0.014206711826825012,-0.6572733406975345,-0.013518646577317169
2022-04-10,-2.447020857225953e-05,0.013794379025728245,-0.01794622891688142,-0.013518646577317169,0.09523234627614616,0.031740607942609605,-0.44974060901754565,-0.06574699455484899
2022-04-11,-0.00015715943153223633,0.0051261407729489865,-0.0695202121298141,-0.06574699455484899,0.6538969415579423,0.07464635290276314,0.29474127925467897,0.015198991801760953
2022-04-12,0.0002988402471109711,0.02734611604510219,-0.003385476015872702,0.015198991801760953,-0.09117326594899608,0.03073159206097507,0.2475824688906411,0.02557641749549052
2022-04-13,-9.004977714385382e-05,0.03195257633461679,-0.010381803291122186,0.02557641749549052,-0.11260175017115719,0.04233437962573902,0.09535787855992257,-0.030364373354540806
2022-04-14,-0.00015819166932271627,0.0068931806748557265,-0.03638638658579628,-0.030364373354540806,-0.12890791621793507,0.0432795672606519,-0.03731775851061854,0.015355179227128868
2022-04-15,9.732013132297644e-05,0.016938446095636907,-0.001721343111486029,0.015355179227128868,-0.1122744196038101,0.018659789207122798,-0.2131559886880345,-0.0031855728397045674
2022-04-16,-2.8319497879803484e-05,0.0019760485558355284,-0.01178304402915633,-0.0031855728397045674,-0.2565787172683237,0.013759092584991866,-0.4997514063351988,-0.017657522881942136
2022-04-17,-0.00016592883778342692,0.003611135639438881,-0.02007903149418625,-0.017657522881942136,0.1256904429982375,0.02369016713362517,-0.24237859428565217,0.027546268364385663
2022-04-18,0.00010700147648653488,0.03146023271798259,-0.02603694548020228,0.027546268364385663,0.56861095558752,0.057497178198184895,0.42924218182219587,0.016435294339235306
2022-04-19,4.8030179035568454e-05,0.02052810396317466,-0.005097498165105883,0.016435294339235306,-0.28672046752865266,0.025625602128280536,0.08915387909084917,-0.003097867846210707
2022-04-20,-2.4189201725046482e-05,0.01491257717443406,-0.013136911480984692,-0.003097867846210707,0.09480724749081015,0.0280494886554187,0.17568948136640136,-0.020684439708319406
2022-04-21,-6.920660577450678e-05,0.03606038948590985,-0.03218793679780193,-0.020684439708319406,0.24020440241765229,0.0682483262837118,0.36524147679715807,-0.019611085251918917
2022-04-22,-3.701271531776216e-05,0.006159398559583165,-0.030360625880553684,-0.019611085251918917,-0.23331990077329495,0.03652002444013689,-0.008741979373358834,-0.006401619327578674
2022-04-23,-4.020320805433943e-05,0.004908354186736053,-0.009814336070022075,-0.006401619327578674,-0.5514448216944645,0.014722690256758113,-0.6214344843876499,-0.00044170158334548267
2022-04-24,-0.00021162433030598492,0.009055483177549558,-0.006432708648991054,-0.00044170158334548267,0.10721386356682402,0.015488191826540548,-0.38984853938570924,0.024749050076096804
2022-04-25,8.392248140749194e-05,0.02557536974454811,-0.029071521709274965,0.024749050076096804,0.6796108907661138,0.05464689145382307,0.3466783467845477,-0.05959955698854747
2022-04-26,-0.0002443979318390304,0.006297300758700049,-0.06571718350929458,-0.05959955698854747,-0.02504292610030674,0.07201448426799459,0.2625551642973257,0.029052734994520196
2022-04-27,7.44996623010015e-05,0.03304050200324598,-0.003157035930500058,0.029052734994520196,-0.10958528089989422,0.03619753793374615,0.15903413726841736,0.013483906721524785
2022-04-28,7.86400918237646e-06,0.025868281104780497,-0.007666690679240856,0.013483906721524785,0.09014969424270414,0.03353497178402141,0.22695989208287412,-0.02970235366082905
2022-04-29,-0.00013102281397017737,0.0028481024306981693,-0.03944378828754808,-0.02970235366082905,-0.09331860027679925,0.0422918907182463,0.010095383191488953,-0.023452178557919624
2022-04-30,-0.00010269529631684335,0.004171227547504827,-0.023901269172527703,-0.023452178557919624,-0.25650659637536277,0.028072496720032477,-0.32753987822294583,0.019800580200401846
2022-05-01,-4.267306569956635e-05,0.023919182635168804,-0.0034285504797890486,0.019800580200401846,0.1222399860212353,0.027347733114957844,-0.13308431414186636,0.0015645616058173508
2022-05-02,8.041846851021694e-05,0.015627017361888273,-0.008157397883705437,0.0015645616058173508,0.19822155361617935,0.023784415245593528,0.11543937456226885,-0.02042224184090012
2022-05-03,-3.163224834983104e-05,0.0026093547834357815,-0.02479816123902236,-0.02042224184090012,-0.18628749318368923,0.027407516022458143,-0.08399966734432517,0.050312677532991644
2022-05-04,-6.467432830333252e-05,0.05545275748685916,-0.0004873852550817412,0.050312677532991644,0.29638492103706365,0.05594014274194087,0.25765025602011077,-0.08194136472907673
2022-05-05,-6.61258061414956e-05,0.00228740422462923,-0.10178485907365047,-0.08194136472907673,0.1594100761969009,0.10407226329827972,0.37655302768634635,-0.014713780107637159
2022-05-06,-5.350857374707854e-05,0.0013447839785092727,-0.030339523011625822,-0.014713780107637159,-0.13147604660704726,0.03168430699013512,0.12295974085176484,-0.015067299056939674
2022-05-07,4.389445238220703e-05,0.00246647931295863,-0.030999117656483957,-0.015067299056939674,-0.4385973062968077,0.033465596969442506,-0.37822162716521696,-0.04148559878699712
2022-05-08,2.7836989452340667e-05,2.7836989452340667e-05,-0.04679339686483179,-0.04148559878699712,0.4108982527694453,0.046821233854284,0.08190977457364007,-0.1170549632581505
2022-05-09,2.202019710925016e-05,0.00476876706462359,-0.1170549632581505,-0.1170549632581505,0.5442685981134221,0.1218237303227742,0.571958669222851,0.023678692386482958
2022-05-10,-0.0007693113959324328,0.0731518981122902,-0.01169137243181235,0.023678692386482958,-0.05757140319841964,0.08484327054410248,0.3756870285176816,-0.06962706368652095
2022-05-11,-0.00021672323992002758,0.031428795445015055,-0.0964535624303745,-0.06962706368652095,0.16284471307084586,0.12788235787538949,0.46034040841600427,0.0038423156405122537
2022-05-12,1.3094384662385808e-05,0.03717933333783782,-0.09361189969398574,0.0038423156405122537,-0.04950393921557299,0.13079123303182363,0.27390481375683484,0.008069582993285078
2022-05-13,-0.0005799650589525538,0.06261744454935392,-0.009179434973054627,0.008069582993285078,-0.4470325184466179,0.0717968795224084,-0.3278309017865038,0.02755654035085545
2022-05-14,8.670366606539288e-05,0.03059289806207683,-0.02001216106470184,0.02755654035085545,-0.4047959193613443,0.05060505912677849,-0.7528644037861647,0.039214229608877514
2022-05-15,-8.90263823653808e-05,0.039312551363905206,-0.019237049788517563,0.039214229608877514,-0.10095801234779124,0.05854960115242284,-0.7320782651547629,-0.047163938825930986
2022-05-16,-2.3583685805511536e-05,7.299599554691121e-06,-0.06783743978838383,-0.047163938825930986,0.2329939314279855,0.06784473938793843,-0.3638521267094449,0.018675310971867837
2022-05-17,-1.707033373230222e-05,0.027465658297268467,-0.009846937295117843,0.018675310971867837,-0.11394968687515626,0.037312595592386304,-0.3022632298898535,-0.05768962303395388
2022-05-18,-4.5321237064390927e-05,0.0063186620313070265,-0.05768962303395388,-0.05768962303395388,0.07235851824048375,0.06400828506526095,-0.016141186855790787,0.054017472510896065
2022-05-19,3.0602249203428596e-06,0.05785047758404541,-0.00039409920954273535,0.054017472510896065,0.07652759695197023,0.058244576793588125,0.13585512898662624,-0.03742660999960213
2022-05-20,-0.0001060559084443774,0.011500505324997768,-0.05146733929081178,-0.03742660999960213,-0.09380500680293916,0.06296784461580948,0.007425727056126741,0.007896156156526583
2022-05-21,-3.0166107230338828e-05,0.013204188616621168,-0.005954036340764179,0.007896156156526583,-0.5766187829068177,0.0191582249573854,-0.6008854134851319,0.02984011653578575
2022-05-22,8.361335512382781e-06,0.0332027327519894,-0.005350034788348532,0.02984011653578575,0.2249009442349494,0.03855276754033792,-0.27353490503436995,-0.04122961033666706
2022-05-23,-0.00047255270204280605,0.008761980385810187,-0.04547759721876931,-0.04122961033666706,0.375310078186703,0.05423957760457943,0.1557425565927283,0.01894978176706928
2022-05-24,7.611142313316788e-05,0.022946746480771642,-0.010791073523814204,0.01894978176706928,-0.1679305968182081,0.03373782000458583,-0.013658116878990115,-0.0031485281301596416
2022-05-25,-8.26580592983682e-05,0.016792600411379876,-0.009167891639909314,-0.0031485281301596416,0.03356543259117041,0.02596049205128927,0.07441493123244794,-0.010033699544872113
2022-05-26,8.172273107106191e-05,0.009152075525523513,-0.04498714645771991,-0.010033699544872113,0.2897029295777238,0.054139221983243474,0.38967996409195693,-0.022097889022563728
2022-05-27,-0.0005497072488474667,0.0027201204731291595,-0.03266651451073508,-0.022097889022563728,-0.005243447750127873,0.035386634983864275,0.2389666509714187,0.006522241153916333
2022-05-28,-0.00017289787039581993,0.006522241153916333,-0.0025535193811355677,0.006522241153916333,-0.02947244616159048,0.009075760535051828,0.11073500550998666,0.02166399017895866
2022-05-29,0.007088042836207803,0.023430167473588597,0.0009090824720325413,0.02166399017895866,-0.6745099133616467,0.02252108500155601,-0.5888453991123687,0.07459222816391974
2022-05-30,-8.802264237252433e-05,0.08160400885640995,-0.004847189283365535,0.07459222816391974,0.7750902806951782,0.08645119813977552,0.23994148816360106,0.0020756074770069063
2022-05-31,-7.960222042065234e-05,0.016364957524584313,-0.013973201421163768,0.0020756074770069063,-0.15797898968893467,0.030338158945747984,0.00864394050469024,-0.06474693067083527
2022-06-01,7.679205550021772e-06,0.00517571839740807,-0.0747803651461215,-0.06474693067083527,0.2041938053819578,0.07995608354352943,0.23249530655163464,0.02218263391098452
2022-06-02,-0.00014059989903242719,0.026677191954675866,-0.004924168227525705,0.02218263391098452,-0.34670607320003566,0.03160136018220148,-0.141763182449317,-0.02536528971019155
2022-06-03,1.0449096058743224e-05,0.005418849815956936,-0.03649271415071181,-0.02536528971019155,-0.10534746533558921,0.04191156396666873,-0.2079446175229778,0.00431741536890466
2022-06-04,5.884636599588964e-05,0.007585313421440037,-0.006904405405454644,0.00431741536890466,-0.45612376644191266,0.014489718826894843,-0.7130074120520936,0.002468985857085947
2022-06-05,7.384607652863061e-05,0.009502221654290812,-0.00870149625567799,0.002468985857085947,0.0399264524207288,0.018203717909968855,-0.5291059629894308,0.04779217112896654
2022-06-06,0.00012107250664527556,0.05802374999862617,-0.0004172050944904446,0.04779217112896654,0.6154604654261471,0.05844095509311654,0.20409114520501445,-0.006883334658869973
2022-06-07,3.411767035409719e-05,0.0037865475007605853,-0.06788724572278508,-0.006883334658869973,0.2438815846031616,0.07167379322354568,0.5211310933910478,-0.030672946983430784
2022-06-08,-0.00012833387941438287,0.0031473891360245224,-0.03964763279340163,-0.030672946983430784,-0.2987367664617768,0.04279502192942612,0.130231654915409,-0.0033934595457949636
2022-06-09,3.0575333730001626e-05,0.012987070829748952,-0.006444483652755183,-0.0033934595457949636,-0.3322898946314351,0.019431554482504162,-0.2322321018785816,-0.03474221923780006
2022-06-10,-5.5393698727926114e-05,0.00443391745143214,-0.03838172213501021,-0.03474221923780006,0.31982640028009235,0.042815639586442335,0.050969483667400735,-0.02517319741030233
2022-06-11,2.9614948258011126e-05,0.010878363517462726,-0.02957618011053952,-0.02517319741030233,-0.09184234225781505,0.04045454362800222,-0.1259568579705764,-0.05800108151881945
2022-06-12,0.0004478109288233935,0.004990030657326931,-0.05800108151881945,-0.05800108151881945,0.2262218302466547,0.06299111217614643,0.1311590554843285,-0.17405255177667042
2022-06-13,-0.0009372040436410815,0.0012301155325865336,-0.18956446294123208,-0.17405255177667042,0.6913617377950428,0.19079457847381873,0.8676278781397629,-0.012556416941057361
2022-06-14,2.657704355043124e-05,0.02336319205437557,-0.07077694049213247,-0.012556416941057361,-0.2923817804261311,0.09414013254650798,0.3401105342250789,0.01634917508386348
2022-06-15,-0.000453229806702865,0.019438030395589303,-0.09578664845274731,0.01634917508386348,0.0756024394530702,0.11522467884833666,0.26618131265462475,-0.10211240133010355
2022-06-16,0.0001534843591290557,0.013031458731647533,-0.10784096673225876,-0.10211240133010355,-0.5658276695713256,0.1208724254639061,-0.4121135466149152,0.004397810882562394
2022-06-17,0.00019958900828117966,0.04140713454772262,-0.002708591085586552,0.004397810882562394,-0.13917498340343312,0.04411572563330915,-0.5678738218152761,-0.07366571122488891
2022-06-18,9.492557007670979e-05,0.012840481866458212,-0.14498111755586376,-0.07366571122488891,0.4371648991668476,0.157821599422322,-0.10089775605414653,0.07765301952407
2022-06-19,-0.0003544829001176992,0.08398475658581864,-0.05127160315618508,0.07765301952407,-0.17316344041165682,0.13525635974200356,-0.15444217898170723,0.002248480532576946
2022-06-20,4.846388259996581e-06,0.01736626028467317,-0.04295139017451625,0.002248480532576946,-0.136617021830426,0.060317650459189485,-0.21245622253324045,0.005376928208097346
2022-06-21,-0.0002545132253935426,0.04837929575934485,-0.00899561888312354,0.005376928208097346,-0.06184566021423016,0.05737491464246856,-0.13913448581737117,-0.03556200532463169
2022-06-22,0.0004256048220760176,0.006024728014286616,-0.042538350785873785,-0.03556200532463169,-0.013743173062941623,0.04856307880016035,-0.1394905185399762,0.053519949652552336
2022-06-23,-2.1107661681269333e-05,0.05588294599311078,-0.0018485106290775546,0.053519949652552336,-0.08721998112357915,0.05773145662218823,-0.2354531754662275,0.006889809613761697
2022-06-24,-5.826418399900256e-05,0.018189034112854878,-0.014732243203964206,0.006889809613761697,-0.04811920687390223,0.03292127731681903,-0.18322130596135025,0.01266838104662478
2022-06-25,9.198694380592919e-05,0.013531922140617426,-0.012658657025343176,0.01266838104662478,-0.3063287056465544,0.026190579165960508,-0.41783660087764957,-0.02234031636729734
2022-06-26,-0.00027180971016755456,0.01300144509484415,-0.02286479096982664,-0.02234031636729734,-0.018976996800214228,0.03586623606467071,-0.34336838292651994,-0.013975180844796839
2022-06-27,4.4862556876870346e-05,0.021211986533195643,-0.019550211978272464,-0.013975180844796839,0.15100747243999613,0.0407621985114681,-0.10230197608258769,-0.022179692795419582
2022-06-28,-0.00018972153946509432,0.02047547963160902,-0.024738221602516798,-0.022179692795419582,0.019640142336716973,0.045213701234125596,-0.014888576257198385,-0.00874651225988825
2022-06-29,2.6387201168800344e-05,0.004109830551436246,-0.01704950147975205,-0.00874651225988825,0.0967144691953815,0.021159332031188322,0.12713240994464964,-0.016009711756282033
2022-06-30,0.00021332073436022527,0.0018455241583879946,-0.07081180267557505,-0.016009711756282033,0.10908035662124638,0.07265732683396312,0.24985389598513943,-0.02639361166796203
2022-07-01,0.0018050232190551187,0.04196557845703437,-0.03659936044588001,-0.02639361166796203,0.1581380683867338,0.07856493890291423,0.33365260135986374,-0.0014079558563739067
2022-07-02,0.00028376511087610046,0.00529907578116497,-0.012653308272555399,-0.0014079558563739067,-0.5305255280131983,0.01795238405372039,-0.3062808414383117,0.0028449039765122944
2022-07-03,-8.323188179013214e-06,0.016289504147728187,-0.014410634146489958,0.0028449039765122944,-0.09921353201414744,0.0307001382942182,-0.3819111662281838,0.04727542718300751
2022-07-04,1.2347973171549583e-05,0.04863311183194931,-0.012200823708320707,0.04727542718300751,0.27572351196790945,0.06083393554026985,-0.0637339034329694,-0.002035878126304793
2022-07-05,-0.00029207599957507255,0.019782266624098974,-0.044989805952161656,-0.002035878126304793,0.21280062744959502,0.06477207257626061,0.16622846780714237,0.017582449257883936
2022-07-06,0.00022304993896210058,0.019880888012801835,-0.018324446036199052,0.017582449257883936,-0.08254217689692367,0.03820533404900081,0.07973103616139648,0.05165639338861742
2022-07-07,-2.1006423451342918e-05,0.0578407189100679,-0.012346666483035094,0.05165639338861742,0.04825115051642279,0.07018738539310304,0.18382894292331278,0.0043132227124235666
2022-07-08,-2.003911418511596e-05,0.030824489869084787,-0.017724413281185042,0.0043132227124235666,0.6590630320445641,0.048548903150269794,0.773524635272296,-0.0064127411638449485
2022-07-09,-0.0006577555238755898,0.006696990156948331,-0.013209060947716341,-0.0064127411638449485,-0.5208548342849546,0.01990605110466468,-0.0028184314222014324,-0.03447747972502637
2022-07-10,-5.2193948200409154e-05,-5.2193948200409154e-05,-0.04088932929376393,-0.03447747972502637,-0.03265579621813033,0.040837135345563484,-0.08819943090063008,-0.04359596339476734
2022-07-11,-0.0001963574804252314,-0.0001963574804252314,-0.045902893493441434,-0.04359596339476734,-0.17221236373551932,0.0457065360130162,-0.2729281137496621,-0.03291562138901987
2022-07-12,-4.1076180274931685e-06,0.0036431623399768324,-0.03371198895977807,-0.03291562138901987,0.06647584657994621,0.03735515129975479,-0.20361994261101252,0.044936759944821686
2022-07-13,0.00010652521529623349,0.0454797786872877,-0.01690688743411465,0.044936759944821686,0.2470219653853638,0.06238666612140222,0.0434320652766747,0.017549651263241726
2022-07-14,-3.0052878089549815e-05,0.028186869368035196,-0.026206961122664886,0.017549651263241726,-0.05869761290857847,0.05439383049070008,0.0974151660893424,0.012868197042892807
2022-07-15,0.00015732066888504397,0.02725410766521029,-0.008441979487879798,0.012868197042892807,-0.18463668033075326,0.035696087153090195,-0.09790215581961935,0.016846296291970084
2022-07-16,-0.00010677160228621467,0.03202467035902397,-0.015351671264627777,0.016846296291970084,-0.06386030131711928,0.0473763416236517,-0.14208661504446532,-0.01958489970974724
2022-07-17,0.00022293592325021262,0.019178668779952748,-0.019640921455222813,-0.01958489970974724,-0.0582476701091316,0.03881959023517556,-0.20142391805976606,0.07891967823012867
2022-07-18,0.00012359392540772435,0.08545108094379512,0.00012359392540772435,0.07891967823012867,0.555890900545145,0.08532748701838747,0.37523761420341745,0.03940528200341783
2022-07-19,-0.0007937014552617171,0.05120102224460027,-0.03633180347295815,0.03940528200341783,0.19877585953907012,0.08753282571755844,0.5247714839323699,-0.006765243636369361
2022-07-20,0.0001606499211226111,0.03393678720726745,-0.016357667435038813,-0.006765243636369361,-0.1273867398637046,0.05029445464230632,0.28223750127853087,-0.0028926217700481673
2022-07-21,6.321971804929635e-05,0.006717728397350567,-0.03506857274267454,-0.0028926217700481673,-0.24418163561500908,0.04178630114002521,-0.06195713145088364,-0.019601945764881813
2022-07-22,-3.785813830909192e-05,0.021663363151531903,-0.024525453162648498,-0.019601945764881813,-0.06795448061265673,0.046188816314180405,-0.18073809799793847,-0.011044710597189035
2022-07-23,-0.0003519945065689131,0.011478342541780213,-0.031849828948018695,-0.011044710597189035,-0.26853242612957123,0.04332817148979883,-0.49340614431963326,0.006375470790258249
2022-07-24,1.3910221516632091e-06,0.02238338394730483,-0.007086491902534568,0.006375470790258249,-0.01917813806092721,0.02946987584983939,-0.4280157349515471,-0.056755659782032404
2022-07-25,-8.880919488551666e-05,0.0017657337874647894,-0.056758402720428903,-0.056755659782032404,0.41184723644423815,0.05852413650789375,0.13395743590834866,-0.0057250438268413185
2022-07-26,-2.715542158843314e-05,-2.715542158843314e-05,-0.02776188456871196,-0.0057250438268413185,-0.2173617470882278,0.027734729147123566,-0.034953053694169074,0.07659542154936112
2022-07-27,0.00020789113824658533,0.07903375163357843,-0.007986099043065359,0.07659542154936112,0.10390567205375753,0.08701985067664363,0.10331393750908933,0.03905783089201425
2022-07-28,0.00013482400611671848,0.05017618363038243,-0.0091247232297194,0.03905783089201425,0.23600032139941743,0.05930090686010176,0.3369610206049948,-0.001647644691440151
2022-07-29,5.561740046272236e-05,0.018733942672126032,-0.01532887602300185,-0.001647644691440151,-0.11379298941954659,0.03406281869512807,0.1162970816189258,-0.006254683466181995
2022-07-30,-0.000328328359863852,0.0317509725828901,-0.009459787115039359,-0.006254683466181995,-0.2428980125860224,0.041210759697929346,-0.20090864831986205,-0.013589886059606543
2022-07-31,-0.00017488350846025271,0.019483935538582905,-0.016215502096587044,-0.013589886059606543,-0.17820572859005784,0.03569943763516989,-0.33499329808845946,-0.0009730647082914476
2022-08-01,-7.616053485798161e-06,0.005465228321160998,-0.019300701600286827,-0.0009730647082914476,0.09299974107554174,0.024765929921447803,-0.21070655782359765,-0.01452024708261338
2022-08-02,-0.0002473315933306499,0.004316010827859711,-0.026253529254022995,-0.01452024708261338,0.09373250560843922,0.03056954008188264,-0.07923273759074813,-0.005744061707541017
2022-08-03,0.00013862432926768284,0.0257993217236568,-0.010072319159065486,-0.005744061707541017,-0.07689155082961716,0.035871640882722156,-0.0760543782435143,-0.009479525568520927
2022-08-04,7.471459072566381e-05,0.015268214330427105,-0.015918670977343844,-0.009479525568520927,-0.0454455383963551,0.031186885307771053,-0.051419254051693494,0.028675899088160428
2022-08-05,-0.00018220274537848025,0.03439235858176937,-0.0008301501675673276,0.028675899088160428,0.1395190740874927,0.03522250874933692,0.11126577609118121,-0.014185359813054537
2022-08-06,9.056855169217166e-05,0.0015980844826619807,-0.014185359813054537,-0.014185359813054537,-0.5919635213960619,0.015783444295716414,-0.5211058381401964,0.009303252730044901
2022-08-07,9.696561428305586e-05,0.017173478487218754,-0.002910107382140875,0.009303252730044901,-0.005739392578392999,0.020083585869359644,-0.45063968322020065,0.02697154534457858
2022-08-08,0.0001569058771042249,0.043392537148794326,2.8315663013239423e-05,0.02697154534457858,0.5870616282343896,0.04336422148578116,0.2421097917467315,-0.02747099349637511
2022-08-09,8.391457992854844e-05,0.0037364307957898756,-0.035372785643337665,-0.02747099349637511,-0.1931826314726176,0.03910921643912772,0.028737534352200608,0.03325679505388167
2022-08-10,-6.129968401380802e-05,0.040735614003339575,-0.01710248121812558,0.03325679505388167,0.3322004304522972,0.05783809522146525,0.3747030306363457,0.00041276206736784357
2022-08-11,2.936049657937467e-05,0.03588580499700208,-0.0019497524045451724,0.00041276206736784357,0.12277637725162212,0.03783555740154709,0.4630311868620053,0.018415982056898608
2022-08-12,-1.3614680016731446e-05,0.01881536626953488,-0.012612367758712814,0.018415982056898608,-0.3087121114606327,0.03142773402824751,-0.012055969652345037,0.0008704221288590054
2022-08-13,-2.5852240520247815e-05,0.018563496608984844,-0.0023263339889581644,0.0008704221288590054,-0.1706894383443184,0.020889830597943023,-0.2619879745074211,-0.0042973830773317305
2022-08-14,0.00020421544240361602,0.02230282929834459,-0.008957786574537333,-0.0042973830773317305,0.00029521738196873037,0.031260615872881835,-0.22356098826493814,-0.00752687118445491
2022-08-15,-4.184322708754439e-05,0.03301309268516078,-0.01991625059350006,-0.00752687118445491,0.42363134952027676,0.052929343278660924,0.20398405850150436,-0.010565706274135412
2022-08-16,-0.00044903603693988034,0.0037813598048518104,-0.01685724783055188,-0.010565706274135412,-0.23550182264404262,0.020638607635403792,-0.04735456302574746,-0.023181944883864696
2022-08-17,-8.268085859827393e-05,0.02169328333945612,-0.027159872884525076,-0.023181944883864696,0.10841041365895897,0.04885315622398123,0.12764727208700985,-0.005295957030778942
2022-08-18,0.0002159955282844573,0.009715846570979706,-0.0068107864365297924,-0.005295957030778942,-0.26429703474760524,0.016526633007509384,-0.16322343402611791,-0.10602664190168617
2022-08-19,2.473691991313521e-05,2.473691991313521e-05,-0.10644368759519343,-0.10602664190168617,0.5340572099773611,0.1064684245151066,0.36540988764535715,0.013724431302661714
2022-08-20,-0.00022567152109029362,0.022414970786056053,-0.000997849525838965,0.013724431302661714,-0.3838803237388461,0.023412820311895136,-0.1359160562186729,0.017239723512555944
2022-08-21,-0.0002678215803786236,0.023476565844252156,-0.002974423060646442,0.017239723512555944,-0.17772639862860679,0.02645098890489871,-0.2648464669647563,-0.006298802571622582
2022-08-22,-0.00012344906918438468,-0.00012344906918438468,-0.028016487952077746,-0.006298802571622582,0.3153267865729222,0.02789303888289336,0.08186606168658805,0.0060185938546632
2022-08-23,9.984677999685505e-05,0.011490161599016236,-0.020956003222418893,0.0060185938546632,0.006665620278287177,0.03244616482143525,0.08350702686890657,-0.00620033327852915
2022-08-24,-7.584855804726825e-05,0.011774849874294922,-0.01559291478004187,-0.00620033327852915,0.002630703477290707,0.02736776465433685,0.03216732059653859,0.009577016652955654
2022-08-25,2.0539762127363637e-05,0.018276314135466605,-0.0015238571510067039,0.009577016652955654,-0.029643699334366103,0.01980017128647313,0.05934001222605995,-0.06408571655966329
2022-08-26,-0.00022308773684652332,0.009399911975771454,-0.06707819801040739,-0.06408571655966329,0.3105082836532061,0.0764781099861788,0.3466389427367923,-0.010832449813926528
2022-08-27,0.00012146029998283205,0.003978048509950549,-0.018406053714186344,-0.010832449813926528,-0.3403393847506157,0.02238410222413696,-0.1145660494989522,-0.0214299343072556
2022-08-28,-3.5083650145495894e-05,0.004843936087041872,-0.0214299343072556,-0.0214299343072556,-0.21185883918566198,0.02627387039429752,-0.3172048165325224,0.034134991629983055
2022-08-29,-8.463282898551334e-05,0.03706049274380257,-0.0008174543025206405,0.034134991629983055,0.29225079809771853,0.03787794704632323,0.020979758954746873,-0.02500132778356697
2022-08-30,3.040586733398537e-05,0.011980876158105329,-0.034092877020592986,-0.02500132778356697,0.05500411427516,0.04607375317869841,0.0717650293178357,0.012696624168793951
2022-08-31,0.0001400853694368787,0.031042562343566848,0.0001400853694368787,0.012696624168793951,-0.037167283536646396,0.030902476974129955,0.013298598118354215,0.0038518173635346637
2022-09-01,3.6626942997766934e-05,0.007385562459262518,-0.019938076812361143,0.0038518173635346637,-0.09606286588439789,0.02732363927162347,-0.02564300067740296,-0.007849479691159277
2022-09-02,-5.3081942957180575e-05,0.013542594148803058,-0.015641785695783016,-0.007849479691159277,-0.0356842079050674,0.02918437984458623,-0.06174888056042086,-0.006918477935497839
2022-09-03,-2.640713473803603e-06,0.00336134737450318,-0.013684550900840538,-0.006918477935497839,-0.20976295271732517,0.017045898275343776,-0.30176193585987665,0.007766470822269511
2022-09-04,1.9302496414061596e-05,0.008415519608604097,-0.009895034135422889,0.007766470822269511,0.06686266031181554,0.018310553744026913,-0.17671090068290116,-0.008761151996171085
2022-09-05,0.00010387221050035135,0.002221371628121726,-0.015818177304802318,-0.008761151996171085,0.13218039262264994,0.01803954893292407,0.018757278561551252,-0.0504480646723607
2022-09-06,0.0002701742482617101,0.017159224094879234,-0.05244053322583788,-0.0504480646723607,0.4097084769164528,0.06959975732071702,0.46016575770089657,0.02374515374913594
2022-09-07,8.294547683745001e-07,0.030814217605619997,-0.010309065059782855,0.02374515374913594,-0.20837620758441075,0.041123282665402994,0.15964274568257503,0.00204607030353663
2022-09-08,-1.9844990375803504e-05,0.006563442376791279,-0.011135161188677365,0.00204607030353663,-0.09037996677177522,0.01769860356546868,0.029352557061162535,0.10086009766789074
2022-09-09,-8.760724757018735e-05,0.1035811197677231,-0.0009767446210463414,0.10086009766789074,0.4091403728538627,0.10455786438876938,0.3850489433267311,0.01390523841339878
2022-09-10,-0.00019833612410348413,0.017576275371433612,-0.009985056475849501,0.01390523841339878,-0.2723515058552206,0.027561331847283255,-0.01906472513895899,0.004083651963045384
2022-09-11,-9.207269424996936e-05,0.004143223883192656,-0.012699624081983399,0.004083651963045384,-0.06779980625114927,0.016842847965176055,-0.1290221104650769,0.027242163871664303
2022-09-12,4.1000934190078356e-05,0.030309918479809794,-0.007625001515397348,0.027242163871664303,0.37547181049277994,0.03793491999520713,0.2929209653016764,-0.09728219892342403
2022-09-13,4.609769884250331e-05,0.013470112134717603,-0.10887998612296027,-0.09728219892342403,0.017354825341499056,0.1223500982576779,0.23337695962670804,-0.0027439686753737906
2022-09-14,-0.005540965174138161,0.008365004353559167,-0.025110286496859348,-0.0027439686753737906,-0.2993885290905947,0.033475290850418456,-0.15531874698958067,-0.02703458624126178
2022-09-15,5.924499301944187e-05,0.0038006744957782023,-0.03031267408879928,-0.02703458624126178,-0.039955262711415286,0.03411334858457736,-0.14617643195499552,0.0036162281734326176
2022-09-16,0.00014185542457964673,0.00856260434369334,-0.015403110316552863,0.0036162281734326176,-0.18896582133022213,0.023965714660246114,-0.3326473627196322,0.017794492715736767
2022-09-17,0.00022499427732393593,0.01952966242026272,0.00022499427732393593,0.017794492715736767,-0.18812872726020868,0.01930466814293898,-0.49975005320335253,-0.03581280604750071
2022-09-18,-1.6981666060025038e-05,-1.6981666060025038e-05,-0.037462698115858103,-0.03581280604750071,0.22499999840634022,0.03744571644979807,-0.14375107830975523,0.006396912022913548
2022-09-19,-4.807620743616878e-05,0.011263832260032247,-0.05445366759032251,0.006396912022913548,0.25112246080093137,0.06571749985035481,0.22383466159287796,-0.03400047754708742
2022-09-20,7.484784231614343e-05,0.0029799874889478647,-0.038102620135163995,-0.03400047754708742,-0.08803208961450525,0.04108260762411201,0.12155422081216904,-0.018344813515223775
2022-09-21,2.6157412518456854e-05,0.04065558013420362,-0.032302797200196555,-0.018344813515223775,0.23125618409116958,0.07295837733440015,0.35034364602373264,0.045641677549128984
2022-09-22,-0.0006876642598679194,0.047872646358777075,-0.0071319525097859136,0.045641677549128984,-0.11964084349515876,0.0550045988685629,0.13589355534672165,-0.00598857629671097
2022-09-23,-5.925885087759035e-05,0.0026298076259456036,-0.04186648499973491,-0.00598857629671097,-0.055984584623602195,0.044496292625680584,-0.00636747466472665,-0.018864440709329067
2022-09-24,-3.360247363099256e-05,0.0006505722938356121,-0.022834769823146906,-0.018864440709329067,-0.3970578794215901,0.02348534211698259,-0.44172396585824414,-0.007149858037088313
2022-09-25,-3.702721774243322e-05,0.010386835969763624,-0.012783629978583287,-0.007149858037088313,-0.11281183756061355,0.023170465948346878,-0.4830649202056702,0.022121968157295297
2022-09-26,9.587483220815891e-05,0.024833891942246236,-0.0043073208695879606,0.022121968157295297,0.636542001308112,0.0291412128118342,0.22705812757474725,-0.005850034170169328
2022-09-27,-4.328478697900865e-05,0.056423023645582715,-0.016099837532809438,-0.005850034170169328,0.28268149067794085,0.07252286117839227,0.5224115506777023,0.016409099157190264
2022-09-28,-0.0003101271883634949,0.029786397751533637,-0.0295928726868252,0.016409099157190264,-0.09861093062626727,0.059379270438358916,0.3281416756427164,0.007504185755091534
2022-09-29,5.449014915965703e-05,0.008332269799373779,-0.02619983581284558,0.007504185755091534,-0.2571416088445547,0.034532105612219435,-0.0005453336368853648,-0.007243323491751529
2022-09-30,1.945816591686963e-05,0.027056065385431514,-0.01582931397202951,-0.007243323491751529,0.06913227231928776,0.04288537935746096,-0.0014229978171297836,-0.006178716506548767
2022-10-01,-3.517976508527113e-05,0.002023767068050146,-0.010382510585938724,-0.006178716506548767,-0.8540591584794789,0.012406277653988815,-0.9449802486568525,-0.013973887936277964
2022-10-02,-1.2743066406668364e-05,0.003009788849900801,-0.0178400957210614,-0.013973887936277964,0.10374710899300349,0.0208498845709622,-0.7296296078763452,0.0299741763073446
2022-10-03,-2.0511615060689306e-06,0.031499893779145006,-0.000991919686897093,0.0299741763073446,0.3839110031211539,0.03249181346604203,-0.1527004436038432,0.035702295702777984
2022-10-04,1.9905896859153965e-07,0.03783898633494628,-0.005095633397596757,0.035702295702777984,0.16315699277444287,0.04293461973254295,0.1465033292336012,-0.00869820607502516
2022-10-05,-4.6387790895394554e-05,0.00033943935603337815,-0.02666132193375953,-0.00869820607502516,-0.07711667572462844,0.027000761289792875,0.10318444817138753,-0.010234041758595132
2022-10-06,1.598470196251141e-05,0.012210219164873165,-0.013011849636620096,-0.010234041758595132,0.043802334002030624,0.02522206880149325,0.22144785436302677,-0.02068782806747579
2022-10-07,0.00010599224681042324,0.004282507033484303,-0.02844577094162565,-0.02068782806747579,-0.17196480622788868,0.032728277975109944,-0.05935540795246644,-0.0066873874171619555
2022-10-08,-2.6679047611524437e-05,0.002801929886098355,-0.012739392151540565,-0.0066873874171619555,-0.5755430948910878,0.015541322037638881,-0.6880255948685909,0.0015365479891413887
2022-10-09,4.6874138721439655e-05,0.00646683923061147,-0.0034725769908129675,0.0015365479891413887,0.02403380244198743,0.009939416221424547,-0.5741785588925028,-0.01580535214708789
2022-10-10,-5.021810980103607e-07,0.003544031530316084,-0.017819022596400808,-0.01580535214708789,0.4878613984530629,0.02136305412671695,0.05000182864956028,-0.004716403712704758
2022-10-11,-0.00012979851451991117,0.005235423302113898,-0.011342247894119686,-0.004716403712704758,0.04584304903092569,0.01657767119623367,0.14131975747987602,0.005549896374470987
2022-10-12,6.448213034785878e-05,0.00793535827198105,-0.0011375782465468717,0.005549896374470987,-0.14041809565328067,0.009072936518527835,0.05023716938615351,0.011700026522297709
2022-10-13,-2.497836185810832e-05,0.015326738019467285,-0.04470777169132353,0.011700026522297709,0.5722927672921324,0.06003450971079075,0.6592477270876345,-0.010228526229371489
2022-10-14,-1.914559844769537e-05,0.02578272439449462,-0.01389673371383694,-0.010228526229371489,-0.13975356987765333,0.03967945810833148,0.30201845296184626,-0.006170546675591737
2022-10-15,-1.1401812073781848e-05,0.0014003141778855613,-0.008711305362029128,-0.006170546675591737,-0.8648881481683707,0.010111619539914704,-0.704425632918207,0.010458171486817167
2022-10-16,6.709033275386734e-05,0.016744638316881475,6.709033275386734e-05,0.010458171486817167,0.1052239873878327,0.016677547984127634,-0.5281422457460144,0.014563494131467007
2022-10-17,2.432748689876154e-05,0.01890401568832362,-0.004930095636112492,0.014563494131467007,0.4234316068834654,0.023834111324436087,-0.03181711104145746,-0.011127327349328565
2022-10-18,-1.4885243514090612e-05,0.005927757849358989,-0.0209845016758102,-0.011127327349328565,0.10715917069714888,0.026912259525169235,0.05771056650317733,-0.010130621895940859
2022-10-19,3.161814972981833e-05,0.0007238353489708038,-0.010749828402510528,-0.010130621895940859,-0.3101529306373387,0.011473663751481459,-0.15316648156424748,-0.004492679159130498
2022-10-20,-7.572146383615952e-05,0.00913621104129125,-0.008820408144780714,-0.004492679159130498,0.08823347173514094,0.017956619186071898,0.06590163847854642,0.00621191065339352
2022-10-21,-2.8189580569144745e-05,0.009592088992647584,-0.014951855132280829,0.00621191065339352,0.2815594777676187,0.024543944124928427,0.27755857552087654,0.0018613913940529582
2022-10-22,-4.584220613485588e-06,0.003935380014533145,-0.002100244127965999,0.0018613913940529582,-0.7008915532355643,0.006035624142499202,-0.5345905537968468,0.01850815095417208
2022-10-23,-2.369216094119981e-05,0.022570237505005825,-0.004382316318396342,0.01850815095417208,0.3177846017643594,0.02695255382340218,-0.13046501323636048,-0.011381303255268389
2022-10-24,3.892797157903281e-05,0.0011296922481123996,-0.018605261873883252,-0.011381303255268389,0.3110362833610663,0.019734954121995822,0.2499637760931639,0.038050125599863024
2022-10-25,-3.139898902578734e-05,0.05053931001104858,-0.0043580226687134896,0.038050125599863024,0.458304442257338,0.054897332679762115,0.6442395308782243,0.033017194358947406
2022-10-26,-0.00018020729135972255,0.04105843088025414,-0.0009827864403392722,0.033017194358947406,0.20955193962401122,0.042041217320593446,0.6835734277403054,-0.023607984321621485
2022-10-27,0.00011368048771307545,0.004017040709599555,-0.025110795763182866,-0.023607984321621485,-0.17127537306967036,0.02912783647278229,0.34861792012829174,0.015142492579417856
2022-10-28,0.00010455486641665144,0.021416853173452054,-0.009896447147212151,0.015142492579417856,-0.12042742997834115,0.0313133003206642,0.053023632552102906,0.010775490653264773
2022-10-29,-1.2043900681931689e-05,0.018904245565451505,-0.0014026192746341344,0.010775490653264773,-0.08598654625682327,0.02030686484008557,-0.13264118444097728,-0.008822978719624204
2022-10-30,-2.373595819989328e-05,0.0047216169170990014,-0.013103415669489547,-0.008822978719624204,-0.2485290100534592,0.017825032586588335,-0.42433983131289577,-0.006799218852899474
2022-10-31,-9.247567468049048e-05,0.007710066458355655,-0.017014998840411435,-0.006799218852899474,0.37185407824796723,0.0247250652987672,0.017540744126025447,-0.0005124320157945651
2022-11-01,-4.26926400621706e-05,0.007365339415550365,-0.0066540778855079235,-0.0005124320157945651,-0.13705625698071963,0.014019417301058336,-0.05875292415984273,-0.01603042401585493
2022-11-02,-0.00011298769757155795,0.01249344787873938,-0.01962671036475977,-0.01603042401585493,0.3329707712135435,0.0321201582434991,0.32177205646297513,0.002501116490787244
2022-11-03,0.00015800464291386085,0.010981018792709712,-0.003640819886360903,0.002501116490787244,-0.25081678262548546,0.014621838679070541,0.015139325939949806,0.04533199824767065
2022-11-04,-6.0306158146805196e-05,0.04827509764786201,-0.0010876156204309292,0.04533199824767065,0.3935130250969713,0.049362713268292974,0.39531305705111824,0.006385182519711849
2022-11-05,-0.00011342258385105607,0.0140705437090418,-0.00234801203107621,0.006385182519711849,-0.5264922604464105,0.01641855574011813,-0.2718400188374988,-0.01687848726805324
2022-11-06,0.0001111280011726876,0.0029410477402405525,-0.01717934374045663,-0.01687848726805324,-0.07581861401536315,0.020120391480697324,-0.315653231402583,-0.015587859865227252
2022-11-07,-8.913667958327309e-05,0.006039111903056561,-0.02108001730812352,-0.015587859865227252,0.42217654093209767,0.02711912921118007,0.12641309457224537,-0.10542864681146098
2022-11-08,-0.00010409464544832697,0.002994665335104996,-0.15732748742213012,-0.10542864681146098,0.7991756980159106,0.160322152757235,0.9342841200183956,-0.15488954817014716
2022-11-09,0.00013429861934334439,0.0026493528930612415,-0.16744143011927054,-0.15488954817014716,-0.1452524710951239,0.17009078301233177,0.5082720605856926,0.1020374090112842
2022-11-10,0.0001497251163421403,0.12827498569095058,-0.0029488916445553344,0.1020374090112842,-0.2125329097649152,0.13122387733550597,0.1775417028294246,-0.03191845360130116
2022-11-11,-0.00020014381099311065,0.003642230844180169,-0.061154786338113463,-0.03191845360130116,-0.3982182999445744,0.06479701718229368,-0.3430781430733541,-0.013898139747380939
2022-11-12,0.00015156693526395217,0.001899231806073195,-0.022711704819314983,-0.013898139747380939,-0.631313687735016,0.024610936625388123,-1.025849718898487,-0.026896704984698754
2022-11-13,3.197183502494077e-05,0.0072111969774590005,-0.02890016214928875,-0.026896704984698754,-0.08818825665697427,0.03611135912674784,-1.0549199379745253,0.016064732404599078
2022-11-14,-8.175495953038794e-05,0.045189889953320905,-0.029817839723324465,0.016064732404599078,0.6010458352239223,0.0750077296766454,-0.18609062560928652,0.01590431717951544
2022-11-15,-4.301664192308164e-05,0.025766889351668574,-0.004562536657310064,0.01590431717951544,-0.30456755145492764,0.0303294260089785,-0.29435976925111956,-0.012825680370738035
2022-11-16,-1.607893252116836e-05,0.004472268993274561,-0.027287042549212156,-0.012825680370738035,-0.07586550857848982,0.03175931154248684,-0.15984117753234925,0.0010839194206494296
2022-11-17,5.916809311330902e-05,0.0034135981574314675,-0.012602345119002737,0.0010839194206494296,-0.19665545198084733,0.01601594327643401,-0.2396635401821559,0.0006146278457023498
2022-11-18,2.364201771861255e-05,0.015433294944906478,-0.0073924174935924535,0.0006146278457023498,-0.036791088214492,0.022825712438498815,-0.2659594723555955,0.0008242927596795972
2022-11-19,-9.322876667487296e-05,0.005976889209419855,-0.00765703330221575,0.0008242927596795972,-0.5115150370823082,0.013633922511635723,-0.7754925285837806,-0.02543603029442077
2022-11-20,8.215819172918598e-05,0.0021060488630915025,-0.02808747334811895,-0.02543603029442077,0.28012923167077497,0.03019352221121065,-0.2825532421496824,-0.03145906258707414
2022-11-21,-3.734446786348162e-05,-3.734446786348162e-05,-0.04345406520912398,-0.03145906258707414,0.56312379537697,0.04341672074126052,0.3950098241666744,0.02517471508039186
2022-11-22,-0.00031570883716454547,0.02907563403011771,-0.008311852262544326,0.02517471508039186,-0.19732260270299437,0.03738748629266183,0.170273935300926,0.025667956985737504
2022-11-23,0.00035938067620164006,0.02732132501075623,-0.001190756589720855,0.025667956985737504,0.07012441729003388,0.02851208160047702,0.2185828726997638,-0.00037586363225689277
2022-11-24,5.596760464809712e-05,0.009632014036558272,-0.00657998820478623,-0.00037586363225689277,-0.23221335072400157,0.01621200224134446,-0.05863634727625369,-0.004988374895103048
2022-11-25,-0.00013222092111841768,-6.916677099333181e-05,-0.013097596008227012,-0.004988374895103048,-0.335687175234325,0.013028429237233607,-0.4641748243179773,-0.0034899891216231276
2022-11-26,-1.6077331967058147e-05,0.00873926277209733,-0.0064128616030899145,-0.0034899891216231276,-0.03698782048798471,0.015152124375187466,-0.4832653871639323,-0.0011944668045808346
2022-11-27,-2.4200407849196465e-05,0.007872404011075454,-0.0016568257247440816,-0.0011944668045808346,0.1273122317671596,0.009529229735819477,-0.21306463340018486,-0.013918848240971523
2022-11-28,-0.00026786176331354555,0.0023267231018827494,-0.02400772509173604,-0.013918848240971523,0.3052999863179873,0.026334448193618975,0.1770228195770589,0.01394046411034608
2022-11-29,1.9570413762122184e-05,0.01862848358679587,-0.004816677025318262,0.01394046411034608,-0.16251409160456665,0.023445160612114154,0.06043010338899923,0.043059766583943886
2022-11-30,3.004765760622849e-05,0.04436194469292949,3.004765760622849e-05,0.043059766583943886,0.22471877908842805,0.044331897035323156,0.3083666514446854,-0.011802068595367332
2022-12-01,-3.2877666698792694e-05,0.0016837335272685517,-0.016453852361703148,-0.011802068595367332,-0.2542534442261435,0.01813758588897167,-0.04120228074012936,0.007136986045805121
2022-12-02,9.139495761732383e-05,0.007136986045805121,-0.00527416894450723,0.007136986045805121,-0.15848715036397942,0.012411154990312286,-0.23990668501175028,-0.010614234867796273
2022-12-03,8.41165737346486e-05,0.001601000113169729,-0.0118034573410356,-0.010614234867796273,-0.1863405877417158,0.013404457454205302,-0.41893976975035474,0.01305884246336571
2022-12-04,-3.927457548800819e-06,0.014650131178818485,-0.0002837407446597668,0.01305884246336571,0.03672942745974608,0.014933871923478212,-0.28406173513286337,-0.009128269217154126
2022-12-05,-9.292619050406639e-05,0.01435410248408713,-0.012219644529336994,-0.009128269217154126,0.2776641264959411,0.026573747013424104,0.05596982595437017,0.006733035250819497
2022-12-06,2.427738395535754e-05,0.006871085609706664,-0.0020583558014574685,0.006733035250819497,-0.11028833213611923,0.008929441411164125,0.017887911274376042,-0.014224977832437721
2022-12-07,1.1428798054326384e-07,0.001162204646030735,-0.020032861804532242,-0.014224977832437721,-0.01084384230596878,0.021195066450563106,0.03829378818214283,0.022614200081039638
2022-12-08,-4.6139353375636465e-05,0.02461072352932256,-0.003528493627671892,0.022614200081039638,0.04088985512781104,0.028139217156994505,0.07775144367130547,-0.005838370505888547
2022-12-09,-7.695621076402826e-05,0.002727720085177672,-0.007726343101056994,-0.005838370505888547,-0.008238982544476614,0.010454063186234675,0.025373715520381465,-0.00025846420531521353
2022-12-10,6.235432017996619e-05,0.004871851293081788,-0.0007280206849515489,-0.00025846420531521353,-0.46988435588177097,0.005599871978033335,-0.47925873429621757,-0.00143319679738864
2022-12-11,5.758162096586065e-05,0.006802198450268183,-0.0021568511703035785,-0.00143319679738864,0.10563247356676171,0.008959049620571605,-0.27643720170370034,0.0059599279123048595
2022-12-12,-9.900748713672283e-05,0.006315949460986657,-0.012045864406165634,0.0059599279123048595,0.3286578335557893,0.018361813867152327,0.11617343453424445,0.03286478873072886
2022-12-13,2.2702256384653064e-07,0.04119649349788316,-0.005517426034212484,0.03286478873072886,0.3057902686054219,0.04671391953209566,0.4226260459308412,0.0019289306421712124
2022-12-14,4.20683734149843e-05,0.029764808305624446,-0.0023538134897615496,0.0019289306421712124,-0.04218668670976339,0.032118621795386014,0.31246906561792076,-0.02562838102102438
2022-12-15,-0.0001125960747478924,0.0017437840777553787,-0.028065885384554675,-0.02562838102102438,-0.19720168631069598,0.02980966946230996,0.061031716420844886,-0.04218980898149945
2022-12-16,-1.833370366341766e-05,0.008067642297964984,-0.045968271143223306,-0.04218980898149945,0.1365419368667427,0.05403591344118831,0.11715978213426183,0.008827572352892032
2022-12-17,-3.0152345018807278e-05,0.009154879117070774,-0.0020116396227126405,0.008827572352892032,-0.507736112014934,0.011166518739783237,-0.47924452374489745,-0.002212331171359141
2022-12-18,3.0816750290169855e-05,0.0012076545909410384,-0.00580849808110088,-0.002212331171359141,-0.28063921910405504,0.0070161526720420204,-0.7147470534893787,-0.01917645189485355
2022-12-19,6.351717439516223e-05,0.002952484633246549,-0.021706643939219835,-0.01917645189485355,0.4551392409678095,0.024659128572466462,-0.1079267888979776,0.027988705082472278
2022-12-20,0.0001281829603834299,0.0342789335747363,-0.000718794168212039,0.027988705082472278,0.2772039565248037,0.03499772774294845,0.2599369251864113,-0.005264509420176635
2022-12-21,-0.00010513457639809263,0.0006206463860405858,-0.008935453043524605,-0.005264509420176635,-0.42312194067285963,0.009556099429565408,-0.18304971647053486,0.0007612154110786702
2022-12-22,5.0285719870712774e-05,0.0029176108458026768,-0.013476847780991206,0.0007612154110786702,0.09959713984486403,0.01639445862679399,0.024552257867289606,-0.0019858084288219657
2022-12-23,-4.142994107623991e-05,0.004439059251833427,-0.0021343071356617837,-0.0019858084288219657,-0.07004930893332581,0.006573366387495403,-0.0698568388997393,0.0030199561547248985
2022-12-24,1.395341373732046e-06,0.0040253569805988555,-0.00020397334090316318,0.0030199561547248985,-0.45304675879220024,0.004229330321502189,-0.5751097361846017,-0.0003425096739709631
2022-12-25,-1.4838881626182546e-05,0.0007593871382108819,-0.005505589375848131,-0.0003425096739709631,0.17913666264630873,0.006264976514058842,-0.3056806340391824,0.004609855984671537
2022-12-26,1.565550558648058e-05,0.004628671590751362,-0.0017600809603017552,0.004609855984671537,0.019588151954009876,0.006388752551052913,-0.13543352636469716,-0.012048246868378581
2022-12-27,-3.035966915583321e-05,0.0023637218097806124,-0.0165508479864816,-0.012048246868378581,0.28130840142096736,0.01891456979626213,0.19089646592533963,-0.009895050300250239
2022-12-28,-4.6267114313130904e-05,0.0030458778357802837,-0.013224276396220027,-0.009895050300250239,0.07679918287117991,0.016270154232000168,0.2784045752976276,0.00540864482551941
2022-12-29,-1.5103506810397852e-05,0.005974154234909879,-0.0026549927711496278,0.00540864482551941,-0.16131724301625822,0.008629147006059419,0.09137510693100902,-0.002391695878759684
