date,open_ret,high_ret,low_ret,close_ret,volume_ret,range_ret,vol_ratio,target_return
2019-01-03,-0.09241419272317941,-0.080401583572938,-0.10626150648908615,-0.10492435551203613,0.9022940936914499,0.025859922916148217,0.9022940936914499,0.04180324359937803
2019-01-04,0.016322881436420886,0.04375741387394625,0.011259257930873259,0.04180324359937803,-0.44342855443138307,0.032498155943073016,-0.09077268026674543,-0.002228312784927654
2019-01-07,0.002963380765502942,0.0038372751063728673,-0.016046038482504642,-0.002228312784927654,-0.06757084726729203,0.019883313588877596,-0.12899205042458875,0.018883696214533664
2019-01-08,0.010958494392226473,0.025956517438639092,0.003980518683024232,0.018883696214533664,-0.2890960528222244,0.021975998755614914,-0.387366220297673,0.016839163790429983
2019-01-09,0.0035756447719794636,0.024765408738851535,-0.007457222779390363,0.016839163790429983,0.09467334109173688,0.032222631518241715,-0.22630570497870056,0.003191077516197131
2019-01-10,-0.005297403350258457,0.0042957867722908235,-0.0161097409264255,0.003191077516197131,-0.2314536487639776,0.020405527698716286,-0.4858631225760866,-0.00986652313639065
2019-01-11,-0.005999745043047558,-0.0006504462246601715,-0.015001483798294158,-0.00986652313639065,-0.28071288557975027,0.014351037573634045,-0.5546851271468983,-0.015151259681275484
2019-01-14,-0.009500547711635804,-0.006720205959482822,-0.020364818553603246,-0.015151259681275484,0.18267181171898703,0.013644612594120304,-0.22787278831863236,0.020260086856178132
2019-01-15,0.0017984103732743707,0.02234839968467858,0.0003332981283927909,0.020260086856178132,-0.12209072642665512,0.022015101556285794,-0.2338106055187091,0.012142580008430107
2019-01-16,6.52915664909366e-05,0.01819113084224977,-0.00045745955999834204,0.012142580008430107,0.06273248070788315,0.018648590402248116,-0.10076563200964919,0.005920211370575425
2019-01-17,-0.004787519622541659,0.01740287789878958,-0.010902171260731433,0.005920211370575425,-0.024789772336281997,0.028305049159520982,-0.03569002022205404,0.006140525175957054
2019-01-18,0.010467285934248552,0.012877109390572275,0.0007695941798305496,0.006140525175957054,0.12379049653360054,0.012107515210741758,0.1274307708930055,-0.02270189172253216
2019-01-22,-0.0026179094077218683,-0.0005741451014271587,-0.027147557639177144,-0.02270189172253216,-0.10476482599780626,0.026573412537749915,-0.02162408268201953,0.00403616923638681
2019-01-23,0.005529308952642032,0.011931125343662807,-0.010491939547436645,0.00403616923638681,-0.2730888042672859,0.022423064891099364,-0.28145536500654367,-0.007957782781980848
2019-01-24,0.001233662086528064,0.003631635441958541,-0.014264408910162571,-0.007957782781980848,0.09522528275373893,0.01789604435212113,-0.14913674127625068,0.032599663795302374
2019-01-25,0.018041886265584544,0.03494231817442482,0.010553223819443696,0.032599663795302374,0.2762228802384202,0.024389094354981287,0.16243175614456168,-0.009297599082139885
2019-01-28,-0.012565952605859767,-0.009105686732586615,-0.02633246276253569,-0.009297599082139885,-0.24714674065511336,0.01722677602994912,-0.11043951271644742,-0.010418837564118141
2019-01-29,-0.00031996833592185897,0.011640253461262184,-0.014110619844653689,-0.010418837564118141,0.46233458903136165,0.025750873305915797,0.40496243553106126,0.06610105934348101
2019-01-30,0.053924348768225834,0.0715325386773158,0.035251836966923085,0.06610105934348101,0.3848798185021559,0.036280701710392604,0.7122291488535032,0.007175420051331279
2019-01-31,0.0051907444455715655,0.022439236191277804,-0.004184248223058122,0.007175420051331279,-0.4054716537245651,0.026623484414335964,0.08090902979599335,0.00048054920099162155
2019-02-01,0.0031194041982467134,0.015145440657745356,-0.0030689302488447097,0.00048054920099162155,-0.22080152579923445,0.01821437090659001,-0.21817754005525963,0.02800902915821617
2019-02-04,0.0053304673186680045,0.030400349639459767,0.0045535998388952495,0.02800902915821617,-0.0365543881072144,0.02584674980056437,-0.2504533350388728,0.016964728072546495
2019-02-05,0.009357544713058427,0.022118545638748495,0.006402851234032667,0.016964728072546495,0.13649250720263728,0.015715694404715867,-0.13983901656199194,0.0003444854961924585
2019-02-06,0.002694731090832723,0.00794866028303609,-0.007665003536194538,0.0003444854961924585,-0.24561193746753637,0.015613663819230676,-0.35867170261202985,-0.019121058690960906
2019-02-07,-0.01061636788470447,-0.0017232645135440716,-0.022637272496961198,-0.019121058690960906,0.1169060256216239,0.02091400798341704,-0.06427463782130316,-0.0031053124108205155
2019-02-08,-0.011473057939528153,-0.001639337453163805,-0.014851783290221786,-0.0031053124108205155,-0.2871057099132474,0.01321244583705805,-0.2967497783273747,-0.005767500667860776
2019-02-11,0.0037486096556414482,0.00468359282165689,-0.006830407816907755,-0.005767500667860776,-0.1263174613161222,0.011514000638564703,-0.36626875787067,0.008580252145781262
2019-02-12,0.0039467163423101016,0.00922373756122847,0.0015923353154975166,0.008580252145781262,0.05963839167240304,0.00763140224573114,-0.2347397520836117,-0.004163413703872242
2019-02-13,0.002921586756082902,0.009261191862657918,-0.005692343809619604,-0.004163413703872242,0.009233164489511095,0.014953535672277633,-0.1222850737880053,0.0036366418385634976
2019-02-14,-0.0027655197993446644,0.006326180139707477,-0.004711917062325512,0.0036366418385634976,-0.02953341372780908,0.011038097202033017,-0.10552005815403025,-0.0022273315664589934
2019-02-15,0.0026311779204309096,0.005255450907747017,-0.006166532783098354,-0.0022273315664589934,0.12028903578830116,0.011421983690845416,0.09994121885240974,0.0029881054635016733
2019-02-19,-0.004174830071449032,0.00596739775046373,-0.005472007215522658,0.0029881054635016733,-0.26082890630252653,0.011439404965986322,-0.16810248594738295,0.006414799994127669
2019-02-20,0.001519991929123874,0.013885566011120053,0.000351034267199559,0.006414799994127669,0.31948051179186343,0.013534531743920284,0.1695462356813788,-0.00565451523266056
2019-02-21,-0.0013378457994863346,0.0019744277257178876,-0.010107267524538624,-0.00565451523266056,-0.4146921343009845,0.01208169525025645,-0.27931572270289257,0.011103818232729537
2019-02-22,0.003035282936131004,0.011277236617365093,0.0018689838517039921,0.011103818232729537,0.09206533896556807,0.009408252765661174,-0.1402078162792949,0.007258064799711384
2019-02-25,0.006856261840418688,0.01662688187136926,0.005649707940928307,0.007258064799711384,0.14541119572410735,0.010977173930440856,0.0324321006436969,0.0005738243456519585
2019-02-26,-0.002988960149163216,0.006122568423106604,-0.006102480522535887,0.0005738243456519585,-0.24793703351212548,0.012225048945642497,-0.18915513346107252,0.0030927475445332578
2019-02-27,-0.006445295314889053,0.003835908665007542,-0.009220408288223339,0.0030927475445332578,0.48897433872985946,0.013056316953230859,0.31844124709348365,-0.009884577204483195
2019-02-28,-0.0031500801507355985,0.00022876405303869297,-0.011213763592636546,-0.009884577204483195,0.013559336247694604,0.011442527645675386,0.31514108920292333,0.010456302034614272
2019-03-01,0.006504958646420944,0.011484479197575578,-0.0015026850121603152,0.010456302034614272,-0.0861579200024575,0.012987164209735792,0.1277603271838864,0.005016855995467426
2019-03-04,0.004106554639894432,0.0157635310501795,-0.005731660059966896,0.005016855995467426,0.05815330112844293,0.02149519111014642,0.12649794018455032,-0.0018214321147683496
2019-03-05,0.0005116480722473097,0.0008526014095136935,-0.007477490359539746,-0.0018214321147683496,-0.3293479962317379,0.008330091769053395,-0.24784155170525118,-0.005770588777250313
2019-03-06,-0.0049114925565058734,-0.00022786898649123966,-0.009099535316340472,-0.005770588777250313,0.052937548677781096,0.008871666329849068,-0.21577862719286728,-0.011642136265205077
2019-03-07,-0.0037315072800437445,-0.0004585157663748482,-0.014428598776285207,-0.011642136265205077,0.1752456195947707,0.013970083009910407,0.015413955734082321,0.002374012624563746
2019-03-08,-0.01271817288349792,0.0032989427848934567,-0.017544309650909508,0.002374012624563746,-0.03266965130825369,0.020843252435803105,0.011148862083530645,0.03405570730178221
2019-03-11,0.014810843431400484,0.03528469593451374,0.01401276229782517,0.03405570730178221,0.28805076369579097,0.0212719336366885,0.3152273959334311,0.0111727338781232
2019-03-12,0.00612989449244994,0.020854279866992828,0.0026237279411490343,0.0111727338781232,0.014163075269213728,0.018230551925843896,0.29096374309945977,0.004412356333335049
2019-03-13,0.007379680612883963,0.013124481218754395,5.5244212961248606e-05,0.004412356333335049,-0.04520762659247923,0.01306923700579313,0.14600051922640786,0.011055218768405506
2019-03-14,0.011980051811737806,0.013067074783075443,0.004666826131374993,0.011055218768405506,-0.274657351934075,0.008400248651700526,-0.20212667877645252,0.012924335364069037
2019-03-15,0.006077453023764585,0.019404511869830707,5.4479362093300376e-05,0.012924335364069037,0.5042833510990566,0.01935003250773714,0.31062515108840416,0.010156762132150202
2019-03-18,-0.0017207579369937572,0.012122678195759833,-0.0017746332604743102,0.010156762132150202,-0.39814619103155,0.013897311456234308,-0.18748685000225337,-0.00795628536164436
2019-03-19,0.001753603669386215,0.005145769799000519,-0.011231899058912889,-0.00795628536164436,0.18810954750361053,0.01637766885791326,0.03793234784090116,0.008700606660804314
2019-03-20,-0.0016096315106357481,0.01574420415852678,-0.009696801069791148,0.008700606660804314,-0.019502353863117602,0.025441005228317843,0.023835067436887073,0.03616828760478263
2019-03-21,0.009836668089869785,0.042504242064067596,0.008730874791530436,0.03616828760478263,0.49737395203390716,0.03377336727253722,0.5211912003291418,-0.020925781911268808
2019-03-22,0.00128063949418486,0.013239187779730214,-0.022340046459209433,-0.020925781911268808,-0.18516604669226952,0.03557923423893973,0.16950217506270857,-0.012164754168932364
2019-03-25,0.002404808028518757,0.004855987814154942,-0.023567868744186978,-0.012164754168932364,0.03333757996970609,0.028423856558341808,0.18421426787577364,-0.010385480469770754
2019-03-26,0.015352552325353621,0.021697823490617475,-0.022287451940039556,-0.010385480469770754,0.12735749464761373,0.0439852754306571,0.21930158219617696,0.008953894277632107
2019-03-27,0.010438432901320292,0.015775131633590622,-0.0012856392017201045,0.008953894277632107,-0.5118937870788732,0.0170607708353108,-0.37948951590710867,0.0013255920623030466
2019-03-28,0.002543564138912465,0.005766734714609259,-0.005000023402990304,0.0013255920623030466,-0.362121002298006,0.010766758117599586,-0.7361546929314905,0.006496421999774271
2019-03-29,0.005864502880461933,0.007180604239604988,-0.0009542912095214862,0.006496421999774271,0.12570988889547255,0.008134895449126439,-0.46025020546070855,0.006768348914307308
2019-04-01,0.008857745262511917,0.009066413148903512,-0.008299638252837211,0.006768348914307308,0.1675436296245922,0.017366051401740638,-0.18630113761765782,0.014432056072031083
2019-04-02,-0.0007847103928680239,0.016697308425377602,-0.000994022615313759,0.014432056072031083,-0.2020087360132954,0.017691331040691243,-0.2882351640424979,0.006831584191218765
2019-04-03,-0.003976581086330222,0.012701162755454444,-0.0044942110414457155,0.006831584191218765,0.02198730986667094,0.01719537379689997,-0.07019646569467117,0.001738934206920548
2019-04-04,-0.002870832023782425,0.005207757151689442,-0.01137754136645944,0.001738934206920548,-0.19680558111471777,0.01658529851814902,-0.21287478196098827,0.006671941785987601
2019-04-05,0.003876143517940942,0.007179458173266923,0.001225628248860315,0.006671941785987601,-0.031229208799613932,0.00595382992440659,-0.2299134116207296,0.015613543354025693
2019-04-08,-0.0029485143305000966,0.016262955728803135,-0.003355897125489588,0.015613543354025693,0.3343286180420736,0.019618852854292712,0.14858721058684113,-0.003003035762096085
2019-04-09,0.0010988523823125243,0.013649547649254114,-0.004357357316149847,-0.003003035762096085,0.32352307524114443,0.018006904965403983,0.49002388580405776,0.005598310786808091
2019-04-10,-0.0041187829551678785,0.006196329420307048,-0.006638564656571661,0.005598310786808091,-0.4999635832806036,0.012834894076878755,-0.1220883602066904,-0.008359025583109109
2019-04-11,0.0011458440769919768,0.0018923609423496357,-0.010925747380883486,-0.008359025583109109,-0.03730821147552942,0.012818108323233069,-0.1464503147806642,-0.0004022011649930928
2019-04-12,0.0012558082968114764,0.005963597079069928,-0.013867973083844853,-0.0004022011649930928,0.283833915708849,0.019831570162914834,0.12272540011244022,0.0018085944072403282
2019-04-15,-0.001459269542435301,0.004915795329191492,-0.0043338136407730975,0.0018085944072403282,-0.45933122595026965,0.009249608969964573,-0.40912464093116474,0.00010040289446002329
2019-04-16,0.001153833858075573,0.010684072866485456,-0.003368605615126601,0.00010040289446002329,0.3820607787596069,0.014052678481612275,0.03824001395283518,0.019285874533208815
2019-04-17,0.0014543661683127085,0.02051585670098847,-0.003217211786508291,0.019285874533208815,0.11772595729036582,0.023733068487496702,0.2409210604694074,0.00358729453070754
2019-04-18,-4.927884616365437e-05,0.005008795664839915,-0.0030075240053361795,0.00358729453070754,-0.1778977971772711,0.008016319670176013,0.0014699297833304233,0.0032811712875012032
2019-04-22,-0.00506528793601084,0.0052837785501163425,-0.007484054055287701,0.0032811712875012032,-0.21887198584452813,0.012767832605404103,-0.2443128861294881,0.014320270869299245
2019-04-23,-0.0004890752523404689,0.015620775713815442,-0.0030850103752008934,0.014320270869299245,0.18213291961129185,0.018705786089016282,0.007228394471532639,-0.0015434696576649158
2019-04-24,-0.0005785127836921382,0.004808163992108346,-0.0020746041602339896,-0.0015434696576649158,-0.28492180426357816,0.006882768152342225,-0.3264642012391213,-0.00911656431257735
2019-04-25,-0.0015942505691987278,0.0028920816811659417,-0.009896309305734367,-0.00911656431257735,0.05558495114370183,0.012788390986900367,-0.20143059711826536,-0.00478537815959275
2019-04-26,-0.0018528694637230505,-0.0013649157823908125,-0.015513338655079166,-0.00478537815959275,0.005694742524415548,0.014148422872688306,-0.09990184259630161,0.001516214400261222
2019-04-29,0.0004893117076985069,0.008141016281786309,-0.0021560300269654917,0.001516214400261222,0.17450609062943762,0.010297046308751933,0.1299366932126491,-0.01944397248774684
2019-04-30,-0.0076042413114691485,-0.005931277554460056,-0.027248292270125405,-0.01944397248774684,0.7398985905330137,0.021317014715665498,0.8418676848913922,0.04791892210665562
2019-05-01,0.04487420340957235,0.0704170800973408,0.04177234625751385,0.04791892210665562,0.33152424221896093,0.028644733839827043,0.9651462641601091,-0.006529012074649099
2019-05-02,-0.0032353626736709657,0.010066912217099565,-0.011417772849819216,-0.006529012074649099,-0.7061065398195172,0.021484685066918856,-0.06519619339212111,0.012354664826436598
2019-05-03,0.008284998923775658,0.012779586755768338,0.005150480448513276,0.012354664826436598,-0.4262348146392468,0.0076291063072551814,-0.5672655279266443,-0.015563240649014187
2019-05-06,-0.03586581339699693,-0.01383794252529103,-0.03974032864951411,-0.015563240649014187,0.4401023292419115,0.02590238612422315,-0.13926744288427964,-0.027327003926567044
2019-05-07,-0.01254959438180722,-0.005097378549324885,-0.037384304717126886,-0.027327003926567044,0.17799645598564298,0.03228692616780203,-0.014727067488204425,0.00019712779378808017
2019-05-08,-0.00474359386818081,0.01215103507986669,-0.005486781806524418,0.00019712779378808017,-0.38641452810405114,0.017637816886391242,-0.3608308399733786,-0.010802308610581944
2019-05-09,-0.012397877996326249,-0.006030970186745875,-0.031236848776834244,-0.010802308610581944,0.2816635035915809,0.025205878590088368,0.14864003241629742,-0.01779392813772992
2019-05-10,-0.01657747842496664,-0.009360105792020434,-0.040413117566773085,-0.01779392813772992,0.16591618192134527,0.031053011774752663,0.2953820279225362,-0.05987681027752314
2019-05-13,-0.04921872555644514,-0.039833524494855686,-0.07545080202676399,-0.05987681027752314,0.33192786321111273,0.035617277531908305,0.5028950801770182,0.015706302908331103
2019-05-14,0.0037083988020740173,0.02120369112914856,-0.0016705608633612794,0.015706302908331103,-0.4524516339776087,0.022874251992510034,-0.08398647884314542,0.01190800991413839
2019-05-15,-0.012749215651031185,0.016245967614498962,-0.014092254850795531,0.01190800991413839,-0.31929552393693894,0.030338222465294405,-0.3919724424975229,-0.0044094367396509924
2019-05-16,-0.005304187537457359,0.0080858212223309,-0.010954406261576264,-0.0044094367396509924,0.21862851980602138,0.019040227483907043,-0.17438809291282778,-0.005698030747711541
2019-05-17,-0.016710869764726553,0.00430465295202873,-0.01762070511757647,-0.005698030747711541,-0.00462142666383186,0.021925358069605154,-0.16941641398751842,-0.03176919983681909
2019-05-20,-0.029423338397953573,-0.024910857271186613,-0.047235824008345965,-0.03176919983681909,0.16073368101091134,0.022324966737159332,0.03503073769480563,0.01898950589950643
2019-05-21,0.011566499109857343,0.026464147607125944,0.008755055459588941,0.01898950589950643,-0.3084219387508807,0.017709092147536888,-0.16697662921980516,-0.02068408395681203
2019-05-22,-0.010451004946215117,-0.0047809677649421145,-0.02194319630330368,-0.02068408395681203,0.047633132250199266,0.017162228538361635,-0.06939939621433465,-0.017217040980903087
2019-05-23,-0.0164380981549291,-0.012330914483208739,-0.027567686428082917,-0.017217040980903087,0.20534355628451947,0.015236771944874213,0.11604773621827208,-0.0038479953345840847
2019-05-24,0.003001132054229774,0.01370942260405537,-0.005805579265189468,-0.0038479953345840847,-0.4320305193171762,0.019515001869244812,-0.3372646797901346,-0.004143373785886148
2019-05-28,-0.0002794325193129227,0.00901104733563761,-0.005940375819290919,-0.004143373785886148,0.1642576877835782,0.014951423154928544,-0.11626463210548992,-0.004780475588425642
2019-05-29,-0.010207321612475536,0.006264410945457529,-0.012590832025992756,-0.004780475588425642,0.018891423675859057,0.018855242971450227,-0.027018185883395104,0.005173190509235518
2019-05-30,0.00320824333095867,0.010375521929919728,-0.004010776215394712,0.005173190509235518,-0.29437549071002134,0.014386298145314497,-0.3221889530758821,-0.018281606204170173
2019-05-31,-0.011677606152340878,-0.001740142184087247,-0.018738681159996266,-0.018281606204170173,0.2425816486300474,0.016998538975909104,-0.01958392963119631,-0.01016172144954247
2019-06-03,0.0030227801782931035,0.01614806498998364,-0.027800498255961342,-0.01016172144954247,0.40128286724625495,0.04394856324594518,0.45297326017240624,0.03593063049065823
2019-06-04,0.012272903694295175,0.03698775602800624,0.007015158405377664,0.03593063049065823,-0.26577883237852246,0.02997259762262851,0.0650553170147063,0.01601444548657865
2019-06-05,0.025501488621640353,0.029346954435781187,0.008315364755400647,0.01601444548657865,-0.03933903583383625,0.021031589680380464,0.005116278797039098,0.014575024024202094
2019-06-06,0.002953935478353731,0.01592386017439117,-0.0021388003620900972,0.014575024024202094,-0.27893186196097947,0.018062660536481295,-0.2825024980582709,0.026268887943161654
2019-06-07,0.006940513164290984,0.03553429465803989,0.0029650580692911566,0.026268887943161654,0.309070866641574,0.0325692365887489,0.017852085948835607,0.01269845904431637
2019-06-10,0.008692083729501048,0.027081969335059335,0.007701016465136934,0.01269845904431637,-0.1571975794328471,0.019380952869922318,-0.16321637394923022,0.011513050740710823
2019-06-11,0.011769693809293031,0.017602997910358336,0.005282545048740975,0.011513050740710823,0.026791784931339897,0.012320452861617403,-0.04009087397381424,-0.003187638263085994
2019-06-12,-0.00442433390965941,0.005936880459123717,-0.00731583984272836,-0.003187638263085994,-0.38900818049703745,0.013252720301852119,-0.3998900230456855,-0.0002060490572217193
2019-06-13,0.0026228229062160912,0.013300062404301602,-0.0030428674288838515,-0.0002060490572217193,0.17180066093215995,0.01634292983318565,-0.1396716703493751,-0.0072888658170367155
2019-06-14,-0.013482137661991791,-0.002888523041535358,-0.020029234401895912,-0.0072888658170367155,-0.1443341703179842,0.01714071136036052,-0.27714787584864553,0.005948825871461684
2019-06-17,0.0008297293473301051,0.01145228483057713,-0.0029617715074961577,0.005948825871461684,-0.246063657158067,0.01441405633807334,-0.4219158432564016,0.023246179056119212
2019-06-18,0.01107875950957574,0.032475297997422825,0.0067849517730645195,0.023246179056119212,0.5933241711824059,0.025690346224358552,0.28042637277105603,-0.002926939123628617
2019-06-19,0.006178884650174808,0.007180047053617716,-0.005761080243190862,-0.002926939123628617,-0.22864810905840266,0.012941127296808666,0.05559343981574246,0.008003523906462598
2019-06-20,0.012555408309196922,0.013752503048997819,0.0008083034770785515,0.008003523906462598,0.01828458330614121,0.01294419957191936,0.04554712507965885,-0.0034150692350559194
2019-06-21,-0.003314439060571914,0.00694464255977819,-0.006589459799997662,-0.0034150692350559194,0.7983343057100722,0.013534102359775835,0.8454452075798957,-0.0010066285726951902
2019-06-24,-0.0012081220535027888,0.006918385615627175,-0.003073440459580158,-0.0010066285726951902,-0.9644963462322403,0.009991826075207363,-0.36823472922967226,-0.01527364177100664
2019-06-25,-0.0007556946398724699,0.0034184262226996253,-0.01670645191045877,-0.01527364177100664,0.1453226204805299,0.02012487813315847,-0.24952822614783055,0.021398472433334065
2019-06-26,0.011186351881931464,0.02733677385301217,0.009060423981039335,0.021398472433334065,0.21282486171343545,0.018276349871973,0.00467572669885485,-0.0003003331719556246
2019-06-27,0.0024494013038935418,0.00881987044750884,-0.0011517928086241,-0.0003003331719556246,-0.22095452288085202,0.00997166325613289,-0.25367541557551465,-0.009153648923871764
2019-06-28,-0.005321094941810223,-0.0012023119866424192,-0.013559029188322294,-0.009153648923871764,0.3978137923258921,0.012356717201679922,0.1487102377133793,0.018174605311928722
2019-07-01,0.02618015860440383,0.0326562020017855,0.013699166901518997,0.018174605311928722,-0.13238499033393009,0.018957035100266518,0.14928296129358382,0.005837518700848873
2019-07-02,-0.0006948550374665883,0.007808687498915718,-0.0009431508464111568,0.005837518700848873,-0.4757693107314878,0.008751838345326887,-0.40062797571120207,0.008252775321929343
2019-07-03,0.0027093096014091187,0.008399522436533016,-0.00019729311056766795,0.008252775321929343,-0.3991198419262981,0.008596815547100747,-0.7664866325675949,-0.0008810099181792018
2019-07-05,-0.0051991363593327415,0.0032723571165940465,-0.007414581977025041,-0.0008810099181792018,0.418435836612034,0.010686939093618954,-0.21990527677703076,-0.020829405900678007
2019-07-08,-0.016887613592640297,-0.013953838830195225,-0.028911173545555433,-0.020829405900678007,0.3836186340009782,0.014957334715360286,0.19808484310065516,0.006080870011160483
2019-07-09,-0.0041080530781099946,0.007421597778336607,-0.006067800420391096,0.006080870011160483,-0.20810638079432883,0.013489398198727695,0.04711972613075881,0.009840068659729903
2019-07-10,0.003026624617128144,0.012297313902918633,0.00158883878014494,0.009840068659729903,-0.13958385540532126,0.010708475122773545,-0.02203611619712605,-0.0073090144293705885
2019-07-11,0.00039357422840847404,0.005691608888047269,-0.0075072659814366186,-0.0073090144293705885,0.12063789284861465,0.013198874869483956,0.08814172711575356,0.007653428495348504
2019-07-12,0.003463620253980774,0.011090686694158138,0.002227984343544217,0.007653428495348504,-0.137650443822379,0.008862702350614,-0.14073604187947988,0.009351142124322339
2019-07-15,0.0038783194360721292,0.01256214225786934,0.0034372581988097624,0.009351142124322339,-0.03751170784426386,0.009124884059059596,-0.18149808272005735,-0.00346590228687262
2019-07-16,-0.0030259192017417507,0.004376132046767391,-0.008367872887079303,-0.00346590228687262,-0.0047672369978643955,0.01274400493384668,-0.10006454266086749,-0.005639313114793578
2019-07-17,-0.002202898675110426,0.0028809138466758077,-0.006032809893336328,-0.005639313114793578,-0.17864062187124652,0.008913723740012177,-0.23807514739174723,0.011295675239601045
2019-07-18,0.003191331476153542,0.012364836133279562,0.0017196458830682944,0.011295675239601045,0.2732563512124448,0.010645190250211293,0.07844649713697628,-0.01504012342926056
2019-07-19,0.0006318611219463446,0.004076074793423441,-0.016176045167761534,-0.01504012342926056,0.12118716900896162,0.020252119961185106,0.21908691504338879,0.022596822536058173
2019-07-22,0.005218589945403196,0.022645052753992645,0.0050221882030235775,0.022596822536058173,0.06244506459707966,0.01762286455096898,0.24263389991091824,0.007787354292411349
2019-07-23,0.00596617180369498,0.00812251802609947,0.00033770990819254667,0.007787354292411349,-0.19368224257664401,0.007784808117906964,-0.010256022073117538,-0.0008143430364616738
2019-07-24,-0.00561811846912136,0.0014832776988545132,-0.008028687587491512,-0.0008143430364616738,-0.2024228688593533,0.009511965286345906,-0.22860368366096515,-0.007938620376893236
2019-07-25,0.0010537467302736733,0.0027278967849335436,-0.009340474600049666,-0.007938620376893236,-0.07491079501220389,0.012068371384983304,-0.3128550239392387,0.0034718966486429687
2019-07-26,0.00221950129752339,0.013005541227241792,0.0005794626206494341,0.0034718966486429687,0.23639294026992697,0.01242607860659217,-0.026537457917543514,0.009295199842530036
2019-07-29,0.003459884275995549,0.013863188048287912,0.0033639175116061014,0.009295199842530036,0.20711351267817138,0.010499270536681772,0.21785612501993368,-0.004301463951377867
2019-07-30,-0.004397283622776695,0.0022866387179332178,-0.011367278316266457,-0.004301463951377867,0.44838185543397946,0.013653917034199478,0.673198208757734,0.020198849857778322
2019-07-31,0.035939895549535764,0.058554427547826096,0.01199787893147048,0.020198849857778322,0.7137089142886769,0.04655654861635569,1.2213757059307935,-0.021876691677457694
2019-08-01,0.004028677562833252,0.023152752410080267,-0.030017918280355056,-0.021876691677457694,-0.24886099878429024,0.05317067069043534,0.546215081443346,-0.02138516911787818
2019-08-02,-0.014011215570010454,-0.009641881911535023,-0.03316885944695338,-0.02138516911787818,-0.2791124900417675,0.023526977535418308,0.038839542553273584,-0.053767771100588196
2019-08-05,-0.030001497082494673,-0.026673597660119862,-0.057706387875596635,-0.053767771100588196,0.24857001154095387,0.031032790215476797,0.17562708700987034,0.01875345064282113
2019-08-06,0.015244751888290213,0.024170262451935483,0.003614010681419203,0.01875345064282113,-0.3801326036120914,0.0205562517705163,-0.3353410953467591,0.010302047081579696
2019-08-07,-0.008103794625491935,0.012911202020902018,-0.01627379764281864,0.010302047081579696,-0.0711509277273569,0.02918499966372076,-0.4140053426847122,0.021816153540660115
2019-08-08,0.005811075818006459,0.022307632347562487,0.0017569269381456593,0.021816153540660115,-0.21130080730681172,0.02055070540941702,-0.4717893679510256,-0.01206674645203406
2019-08-09,-0.010525581554235207,-0.0032989428480315925,-0.020560912703901008,-0.01206674645203406,-0.09264172050403903,0.017261969855869436,-0.4311603474253676,-0.002540713071594287
2019-08-12,-0.006839648110291538,0.005260023720261575,-0.009196903928373067,-0.002540713071594287,-0.09083639443992873,0.014456927648634776,-0.43236436036276804,0.04147623699692992
2019-08-13,0.0026899570139032984,0.056531961363607296,0.0,0.04147623699692992,0.7420752239251819,0.056531961363607296,0.499281249044095,-0.030217013838007633
2019-08-14,-0.02819684287474566,-0.01218088172677684,-0.031006492655126627,-0.030217013838007633,-0.25617571671742184,0.0188256109283498,0.16659898858652086,-0.00499392613990471
2019-08-15,0.0034957653685419327,0.011718976908449925,-0.015307698367120705,-0.00499392613990471,-0.29438622903098893,0.02702667527557048,-0.14815451720287384,0.023320645545469795
2019-08-16,0.012511828948188464,0.026511692377758675,0.01035558756257358,0.023320645545469795,0.014330810931874325,0.01615610481518508,-0.13520294306099565,0.01847242665144221
2019-08-19,0.01975512636832061,0.029723323498966735,0.016949959444086646,0.01847242665144221,-0.12341427606406671,0.012773364054880092,-0.27741971107596824,4.751257007602561e-05
2019-08-20,0.0025164354160725046,0.01416119918947346,-0.00014262380673768602,4.751257007602561e-05,0.09640211902772493,0.014303822996211107,-0.1929372859120785,0.010780240471978196
2019-08-21,0.012424890418616682,0.015518781899603734,0.005877377206130083,0.010780240471978196,-0.22184438035185328,0.009641404693473674,-0.2815601649438132,-0.0008468251420992521
2019-08-22,0.002583206233653047,0.008429398249785197,-0.008927995212618752,-0.0008468251420992521,0.03281019417475951,0.01735739346240401,-0.1375895495964311,-0.04732276427106394
2019-08-23,-0.014364247274221711,-0.0019316566401949334,-0.05544885889340858,-0.04732276427106394,0.743759457440603,0.05351720225321358,0.6459029972000191,0.018821008999528887
2019-08-26,0.01576532638187959,0.0222052557743881,0.011871604654710653,0.018821008999528887,-0.5864956877298757,0.01033365111967746,-0.08594785056006476,-0.011347993587076307
2019-08-27,0.006612767415685353,0.009926823595223908,-0.014438603513818397,-0.011347993587076307,-0.006560507688733393,0.02436542710904242,-0.10392944652116538,0.006687984649750432
2019-08-28,-0.0002939183735390719,0.007612008746651195,-0.004122889492061617,0.006687984649750432,-0.4844551607245138,0.011734898238712961,-0.5813161059264469,0.016790068684689404
2019-08-29,0.014347038495232884,0.018272213750918115,0.005482945763041244,0.016790068684689404,0.27531356619635255,0.01278926798787696,-0.26594299150987505,-0.0012925867205883237
2019-08-30,0.005487091374311309,0.006866009287160628,-0.008697575771545642,-0.0012925867205883237,0.007257845638954062,0.015563585058706267,-0.24941700230204897,-0.014670702884777075
2019-09-03,-0.01112814830562569,-0.008467335109599827,-0.021891634602939858,-0.014670702884777075,-0.05444618724435044,0.013424299493339953,-0.0940662906235547,0.016824159748841536
2019-09-04,0.012992539331160126,0.018209467192784046,0.00784474682664375,0.016824159748841536,-0.042591317593697844,0.010364720366140417,-0.08036457013362466,0.01936290913513286
2019-09-05,0.013343333100223682,0.022592882412090596,0.011029311149514854,0.01936290913513286,0.2201612212491377,0.011563571262575793,0.20625694894511534,-9.379787494966438e-05
2019-09-06,0.0036037961412527025,0.00533084918160158,-0.003616830475120415,-9.379787494966438e-05,-0.2111236400209863,0.008947679656721785,-0.08365534059978891,0.004258030800968148
2019-09-09,0.007381495159534297,0.014801331222391623,-0.010322186119021201,0.004258030800968148,0.34390308882493587,0.025123517341412858,0.27583718966184906,0.011743810826503567
2019-09-10,-0.0014484854504524507,0.012112925123594792,-0.011552638239526892,0.011743810826503567,0.15154011436018106,0.02366556336312151,0.3695803396352414,0.03130010672358681
2019-09-11,0.006302251291758473,0.03183670577584438,0.004741848982035533,0.03130010672358681,0.331978806880181,0.027094856793808977,0.5998505803546916,-0.002238740113862526
2019-09-12,0.005397130411940423,0.01257767237994982,-0.003270226825400851,-0.002238740113862526,-0.3179545850035353,0.015847899205350617,0.09416464373846228,-0.0196457358314443
2019-09-13,-0.013947714716806572,-0.010363267955301665,-0.027585726190161166,-0.0196457358314443,0.21014907482542985,0.017222458234859427,0.24917719605056216,0.005243344567122095
2019-09-16,-0.00467378179624449,0.006288777869010917,-0.005454861904724496,0.005243344567122095,-0.6309215654340996,0.01174363977373548,-0.5054196272811311,0.0036314296302153264
2019-09-17,0.00027287235789532835,0.004175053374420647,-0.003553367133760509,0.0036314296302153264,-0.14410041486859404,0.0077284205081812,-0.6138133330400901,0.009335568820519655
2019-09-18,0.001629847403659334,0.009694627345951124,-0.005725441680092552,0.009335568820519655,0.32446177886352817,0.015420069026043794,-0.20647116098901372,-0.008158148209610257
2019-09-19,-0.0034174670956220545,0.004434156088766335,-0.010831938551253525,-0.008158148209610257,-0.1385909628880997,0.015266094640019805,-0.21533858711641374,-0.014725976604491247
2019-09-20,0.0018989839677564287,0.007214997159507768,-0.01592080445187216,-0.014725976604491247,0.9210228158894532,0.023135801611380093,0.7828999972914972,0.004536635115282754
2019-09-23,0.0055876358677786255,0.009644248934438314,-0.00036750348597422157,0.004536635115282754,-1.061704240176996,0.010011752420412651,-0.3953210423503583,-0.004766317728495033
2019-09-24,0.010506054831794872,0.017089802908791536,-0.007019820831654667,-0.004766317728495033,0.48701139181997843,0.024109623740446395,0.10579307290090778,0.015272372560290017
2019-09-25,0.003988774444716257,0.017396528656923413,-0.0024837568354273394,0.015272372560290017,-0.3534813036235326,0.019880285492350897,-0.3354686273285659,-0.005171014853590805
2019-09-26,-0.004670887036195458,-0.00040725089434087247,-0.010003252354812801,-0.005171014853590805,-0.15100467691114575,0.009596001460471832,-0.4637812679953035,-0.004877911014890791
2019-09-27,0.0029516353527111053,0.004854301511004611,-0.011940579782745705,-0.004877911014890791,0.297220423385969,0.016794881293750244,-0.14477289612275102,0.02326261224460155
2019-09-30,0.009460575275775672,0.025982491777557463,0.008962485593791203,0.02326261224460155,0.024369306863504452,0.017020006183766208,0.10924406561288855,0.0027643816452000186
2019-10-01,0.004899377707786491,0.018797961590656696,0.0010263772616171654,0.0027643816452000186,0.2925571103076254,0.017771584329039605,0.34494953423936836,-0.02538740601492544
2019-10-02,-0.006835718788551259,-0.004507201377990213,-0.030102624710282973,-0.02538740601492544,-0.005574929338662778,0.025595423332292644,0.3104675302632208,0.008458827784315233
2019-10-03,-0.002423531851416798,0.009092624651019152,-0.017646576135326515,0.008458827784315233,-0.1905751454905408,0.026739200786345733,0.02442679925111088,0.02764612199737835
2019-10-04,0.021592882987529337,0.02975838234852445,0.013806933906016595,0.02764612199737835,0.19078891946870652,0.015951448442507787,0.14754146960474226,0.00022024380749102585
2019-10-07,-0.0032650498312725537,0.012780837743140165,-0.005167277446914855,0.00022024380749102585,-0.12419114414011473,0.017948115190055017,-0.03685246954240626,-0.011784142534862617
2019-10-08,-0.005476034797880476,0.004394452539971268,-0.012096098796595543,-0.011784142534862617,-0.08963566558052886,0.016490551336566763,-0.15506989847650354,0.01165201551342433
2019-10-09,0.01165201551342433,0.014993975970045358,0.005510659717522743,0.01165201551342433,-0.4024683508617847,0.009483316252522798,-0.5146593578044945,0.01338835885275686
2019-10-10,0.003956370174716186,0.014908373496026512,0.0011885823219229563,0.01338835885275686,0.4130860807159673,0.013719791174103595,0.0057980272274641845,0.026250747477459573
2019-10-11,0.012353304346866786,0.032286400103698785,0.00960215530815866,0.026250747477459573,0.3892609452271527,0.022684244795540206,0.3975761945752829,-0.001440483198416748
2019-10-14,-0.005561402611511112,0.00809549524775637,-0.006541004161089407,-0.001440483198416748,-0.547976642987436,0.014636499408845684,-0.19969584834761,-0.0023344639737364857
2019-10-15,0.002202195776323858,0.007518192282728249,-0.004206018879805686,-0.0023344639737364857,-0.09875495569580367,0.01172421116253398,-0.25349722942136554,-0.004045278790755524
2019-10-16,-0.008321165157019816,-0.000340028177687677,-0.009049879730863545,-0.004045278790755524,-0.167281383220799,0.008709851553175718,-0.3763468140167045,0.003875246727434728
2019-10-17,0.0030673616424470316,0.007566128166193628,-0.0036332974882359523,0.003875246727434728,-0.08936710460786641,0.01119942565442958,-0.46410182339978806,0.004791312254767542
2019-10-18,-0.0029369951031982915,0.00972812751106135,-0.00421665343511782,0.004791312254767542,0.36578209619154506,0.013944780946179241,-0.010015201565779341,0.017194044571112885
2019-10-21,0.004684247131091177,0.01918786033578078,0.003841870940440689,0.017194044571112885,-0.11042565148243173,0.015345989395340265,0.03149796285363866,-0.0022893751193184602
2019-10-22,0.00269898292327758,0.0070021726355154286,-0.0037073310488834337,-0.0022893751193184602,-0.05845212849485206,0.010709503684399019,-0.004996875841033861,0.013329608985762098
2019-10-23,0.008878618390732042,0.013576362071215854,0.005237114451633706,0.013329608985762098,-0.08181517266598407,0.00833924761958214,-0.07448476513161233,0.0016435584264626098
2019-10-24,0.005454305658279954,0.006639683354738044,-0.005649596027640819,0.0016435584264626098,-0.0903911899269437,0.012289279382378908,-0.1695791381265184,0.012241053689984014
2019-10-25,-0.001725760235212274,0.012849165837919391,-0.002877923865155188,0.012241053689984014,0.05888817622465708,0.01572708970307452,-0.11480055606055634,0.00996719990667687
2019-10-28,0.0034007981678821483,0.010769916975737388,0.0005676034564808727,0.00996719990667687,0.27332197405632697,0.010202313519256344,0.21841531731507563,-0.023399571945007035
2019-10-29,-0.0003212795914080601,0.002806725755775584,-0.026363333061509835,-0.023399571945007035,0.39142519431603945,0.02917005881728556,0.5860971333149052,-0.00012331221904248797
2019-10-30,0.006023996323396399,0.008227843877483864,-0.00858616863033226,-0.00012331221904248797,-0.13723991526502724,0.016814012507816188,0.30706510933793557,0.022357746544666414
2019-10-31,0.01622873940017681,0.024004579476215513,-0.024974244528389023,0.022357746544666414,0.11115631500516826,0.04897882400460469,0.3171835733356974,0.027985546648102575
2019-11-01,0.0031306419243967492,0.0284153868171536,0.001606720930262566,0.027985546648102575,0.08246991021542867,0.02680866588689111,0.2704435462598074,0.0065456193021840225
2019-11-04,0.005885154922296045,0.007903943366160245,-0.0017214496852799332,0.0065456193021840225,-0.3807423481374479,0.009625393051440171,-0.2366419353465754,-0.0014379075352251626
2019-11-05,-0.001749149091215257,0.002676037347664877,-0.004593027649285537,-0.0014379075352251626,-0.256620469430249,0.007269064996950339,-0.5034502870077385,0.000427650735007009
2019-11-06,-0.00140111279358862,0.0013990339034417707,-0.006868357793408506,0.000427650735007009,-0.051798278613571724,0.008267391696850285,-0.45516985322250764,0.008477425163155188
2019-11-07,0.00581419544317788,0.012017439748836617,0.003376330590353193,0.008477425163155188,0.22430179014098522,0.00864110915848326,-0.14599609544306377,0.002733115478688886
2019-11-08,-0.002856445396810177,0.0038856292760935207,-0.009994607790493801,0.002733115478688886,-0.30494838884241376,0.013880237066587215,-0.36701678765804235,0.007887613940364985
2019-11-11,-0.007098351102745164,0.008916790491695201,-0.00717574091342859,0.007887613940364985,0.15623544127529174,0.0160925314051239,-0.03566670695919162,-0.0009158301551149942
2019-11-12,-0.002482194741046638,0.002247648766467284,-0.004893719494855444,-0.0009158301551149942,0.06583074926249143,0.00714136826132266,0.0820850991605526,0.009536040200540746
2019-11-13,-0.0031734014208117762,0.010707500168590008,-0.003403189078625704,0.009536040200540746,0.16177988903532906,0.014110689247215742,0.22542484294303322,-0.006943498964046312
2019-11-14,-0.0027261431409310683,0.0015490837418383268,-0.009001694314873968,-0.006943498964046312,-0.14145882115156747,0.010550778056712222,0.02048769350475891,0.011809353643853203
2019-11-15,0.003951889977023533,0.011884565343292523,0.0014077624316842863,0.011809353643853203,0.11654386298580378,0.01047680291160807,0.15029834284029703,0.00502946035595119
2019-11-18,0.0001504177425042142,0.006264139849859692,-0.00577370504983575,0.00502946035595119,-0.14474126687992805,0.012037844899695418,-0.062192721123340074,-0.0030371703968733767
2019-11-19,0.0029906108007842084,0.0033638375438910777,-0.006422645557971233,-0.0030371703968733767,-0.12955986815676138,0.00978648310186238,-0.2022793518113587,-0.011709758485477976
2019-11-20,-0.0028204519229216955,-0.0007890075905028619,-0.02236708567467833,-0.011709758485477976,0.33271704966566656,0.021578078084175396,0.15480165387876846,-0.0044935058410086725
2019-11-21,0.0018979659332714846,0.003110804121799586,-0.007666417335154384,-0.0044935058410086725,0.13340336563324565,0.010777221456953931,0.28054204610242645,-0.0008782565431199999
2019-11-22,0.0022111582227393937,0.004455472648695055,-0.004475529758281097,-0.0008782565431199999,-0.6196734661117391,0.00893100240697629,-0.4070302001519273,0.01738184968091957
2019-11-25,0.003546277975694395,0.0176446350075553,0.002822776055545626,0.01738184968091957,0.2516817534841572,0.014821858952009487,-0.08161186375480006,-0.007839283948000878
2019-11-26,0.0021376218104994203,0.002961442183581374,-0.014635219349726518,-0.007839283948000878,0.2248759145390438,0.017596661533307918,0.1491670286026145,0.013342756194956442
2019-11-27,0.004869045568740048,0.013865374423878198,0.0038519269753658214,0.013342756194956442,-0.4779302088481073,0.01001344744851257,-0.39088005063816444,-0.002205223723205765
2019-11-29,-0.004640342989845248,0.0005972068824963518,-0.007269498333563388,-0.002205223723205765,-0.3360271799610973,0.007866705216059595,-0.6380459573241304,-0.011629555870112395
2019-12-02,7.479238977779958e-05,0.003734831605653304,-0.014320906914574353,-0.011629555870112395,0.7064862233591157,0.018055738520227505,0.254159188127871,-0.017990941171646374
2019-12-03,-0.022394589461238564,-0.017682695878164123,-0.030245344862573728,-0.017990941171646374,0.19150240232023208,0.012562648984409583,0.3690809724516677,0.00878755445353455
2019-12-04,0.006224545788645058,0.014767983136755605,0.004729520504194678,0.00878755445353455,-0.5325673773977129,0.010038462632560785,-0.23755132781179256,0.014564455685213685
2019-12-05,0.007801757134984956,0.015731137193580755,0.003775323376174923,0.014564455685213685,0.10238444454953248,0.011955813817405929,-0.04166089418878955,0.019132042634335593
2019-12-06,0.00712877525708933,0.020202757877556776,0.006455514474822266,0.019132042634335593,0.3543682023854425,0.013747243402734604,0.2892980749229046,-0.014099067294862138
2019-12-09,-0.002626146638104836,0.00033239032397597664,-0.02165794615262176,-0.014099067294862138,0.18820941162085092,0.02199033647659753,0.33799338948898444,0.005827425857694246
2019-12-10,0.006274268470958155,0.011732173433847063,-0.003979239000478921,0.005827425857694246,-0.3478915534117302,0.015711412434325975,-0.0808126254204481,0.008493247261956991
2019-12-11,0.0012283370563688594,0.009711314819198078,7.444974960759052e-05,0.008493247261956991,-0.13810528247250486,0.009636865069590406,-0.16869292175178863,0.0025450559309034984
2019-12-12,-0.011103968150639715,0.006589052934125544,-0.012823241419706236,0.0025450559309034984,0.5558794332615099,0.019412294353831776,0.36265801939050674,0.013501613931092525
2019-12-13,0.0,0.014046600415555745,-0.0019543094949758407,0.013501613931092525,-0.027486614021955912,0.01600090991053156,0.21150536220864807,0.016973044462281803
2019-12-16,0.006701124864073606,0.020290708090354045,0.006628959756004305,0.016973044462281803,-0.0412751082686038,0.01366174833434981,0.12059180704488105,0.001963405136893595
2019-12-17,-0.0010366911217163034,0.006801670540322727,-0.0037947906833655834,0.001963405136893595,-0.11589537650175831,0.010596461223688285,0.004443697914241682,-0.0023922654809314142
2019-12-18,-0.0021778123187633893,0.005299545546276091,-0.004611051537517835,-0.0023922654809314142,0.01624803107378351,0.00991059708379377,-0.02023238237045206,0.0010004245141857632
2019-12-19,-0.0008582728463552081,0.005134442162102261,-0.002827967389330088,0.0010004245141857632,-0.16510724179633174,0.007962409551432336,-0.24639602932862947,-0.0020733807203366845
2019-12-20,0.007861390322903188,0.009348371571705517,-0.005227522700197856,-0.0020733807203366845,1.031593405464343,0.014575894271903521,0.8490780398452458,0.016186628925848053
2019-12-23,0.0038930575286896334,0.01706652339528742,0.0033225327713689175,0.016186628925848053,-1.0295339067745621,0.013743990623918397,-0.3965384790399938,0.000950213944801419
2019-12-24,0.0024266393889059304,0.0031289541094064286,-0.0038100185321767463,0.000950213944801419,-0.709660656641174,0.006938972641583075,-1.0649431613918916,0.019646090511887815
2019-12-26,0.0019329754005282711,0.019887540865542622,0.0015115850548057567,0.019646090511887815,0.6527752815185704,0.0183759558107368,-0.31409903645507686,-0.00037955485357511856
2019-12-27,0.004164993913501182,0.013907182850416684,-0.006193499543881878,-0.00037955485357511856,0.45152501133940265,0.020100682394298616,0.17402462083899534,0.005917588620911079
2019-12-30,-0.001173899075078537,0.00992304901743673,-0.015930171175834063,0.005917588620911079,-0.014819453220943362,0.025853220193270732,0.08415158368188952,0.007279984798295676
2019-12-31,-0.005469087113755602,0.007382137863893676,-0.006884235076443367,0.007279984798295676,-0.3574135189668225,0.014266372940337044,-0.05128690583317339,0.022559920433986982
2020-01-02,0.008781342456581978,0.02339193643979001,0.005230663900881345,0.022559920433986982,0.2956330707608499,0.018161272538908788,0.2401450502399457,-0.00976960306049766
2020-01-03,-0.010711440345028482,0.0007654152156859846,-0.012901263179733884,-0.00976960306049766,0.07698815962896297,0.013666678395419775,0.16587621377376288,0.00793666639423103
2020-01-06,-0.012313623071068832,0.008470225389300586,-0.01585987607918963,0.00793666639423103,-0.2118545315417894,0.02433010146849025,-0.1283307610358784,-0.004714140155944748
2020-01-07,0.0001334418852647426,0.0036624184005522487,-0.007768512184831881,-0.004714140155944748,-0.08378772823967806,0.011430930585384263,-0.16981067224767407,0.015958274951065204
2020-01-08,-0.004130678188001784,0.02007262662322258,-0.004130678188001784,0.015958274951065204,0.19322886240032197,0.024203304811224468,0.079597114784144,0.021018372269413728
2020-01-09,0.01326948959910754,0.023598729783185845,0.009878843343417213,0.021018372269413728,0.25303413824024074,0.013719886439768512,0.2826234559716968,0.0022581521277163447
2020-01-10,0.0031278783495312296,0.009770312191702617,-0.004466909971327895,0.0022581521277163447,-0.19019831785128438,0.014237222163030548,0.03982328593599867,0.021139351847751234
2020-01-13,0.004212518323514259,0.021486388645557533,0.0026388872557378037,0.021139351847751234,-0.14605996045806635,0.018847501389819898,-0.09779890443475546,-0.013595276063127494
2020-01-14,-0.0008205639021933606,0.00192273354528554,-0.015227601761459946,-0.013595276063127494,0.28713721153832616,0.01715033530674556,0.1846561955938463,-0.0042947290828305364
2020-01-15,-0.0026579573840305295,0.00897840205314626,-0.010060689397645473,-0.0042947290828305364,-0.2839201950660933,0.019039091450791704,-0.17515650540223981,0.012448671661775561
2020-01-16,0.007200837689417111,0.013906883385208672,0.0024060451714771973,0.012448671661775561,-0.11361493829477926,0.011500838213731358,-0.27469048074798613,0.011010161368047904
2020-01-17,0.0032620219045669226,0.011041470286204296,-0.0007615836814336811,0.011010161368047904,0.23614268379379252,0.011803053967637929,0.0509021562798861,-0.006799974572640368
2020-01-21,-0.0048434127655861674,0.0009093784314460384,-0.008602170288202485,-0.006799974572640368,-0.2178057745385573,0.009511548719648386,-0.162575331908457,0.003563170396134458
2020-01-22,0.006329169415312322,0.010745305484474303,0.0023347970115241345,0.003563170396134458,-0.0847882654231612,0.008410508472950193,-0.2308352871153854,0.0048043008382272516
2020-01-23,0.000692241341102319,0.00583746227533309,-0.006473594221313904,0.0048043008382272516,0.025590768319349717,0.012311056496646936,-0.1068150052727826,-0.002886137509897144
2020-01-24,0.003190060240007779,0.012761551431486945,-0.0053711066624553576,-0.002886137509897144,0.3383629578987836,0.018132658093942357,0.2620324456582568,-0.029846252008602123
2020-01-27,-0.026259923762702725,-0.020760041793611954,-0.04310747044581161,-0.029846252008602123,0.09994384544107847,0.022347428652199734,0.2972346132642478,0.02789658121117404
2020-01-28,0.011744946494041394,0.03012894378255797,0.010432493620737658,0.02789658121117404,0.0018138412124692055,0.01969645016182039,0.25972618015478416,0.020716264770759222
2020-01-29,0.02105540646143304,0.03148013309691062,0.011548166577364277,0.020716264770759222,0.28729921874438197,0.01993196651954629,0.4680819623379247,-0.0014501513684274283
2020-01-30,-0.011785236776945466,-0.0007710933029348069,-0.01738524052763415,-0.0014501513684274283,-0.5341759640978688,0.01661414722469934,-0.2222187981385701,-0.04535175229956047
2020-01-31,-0.009119177639910618,-0.0036810882611565078,-0.049301259487659795,-0.04535175229956047,0.4540942538391344,0.04562017122650329,0.20412307414745845,-0.002750073995055365
2020-02-03,-0.016976416544478408,0.012776997153995566,-0.023835200307547082,-0.002750073995055365,-0.13841877873543112,0.03661219746154267,0.0025433320187025306,0.03248043256633249
2020-02-04,0.021315914794173264,0.034955048996957734,0.01597360339759722,0.03248043256633249,-0.24066146872526323,0.01898144559936069,-0.25169569909998546,0.008121256659034517
2020-02-05,0.014540109969817252,0.018365686160968536,0.00031359705695866265,0.008121256659034517,-0.13951002778268012,0.018052089104009808,-0.36161433527843834,0.011629052670693696
2020-02-06,0.003478141089757745,0.011659831588451337,-0.003708852175460938,0.011629052670693696,-0.11966147984657853,0.015368683763912178,-0.3600200281236221,-0.016056363648111773
2020-02-07,-0.008771162186221319,-0.005581172963242556,-0.02241971845311086,-0.016056363648111773,0.10999757533205143,0.016838545489868312,-0.22140259891912703,0.004738277032606629
2020-02-10,-0.018448690825556228,0.004738277032606629,-0.019499553374397415,0.004738277032606629,-0.07346029307252071,0.024237830407004092,-0.17658705236989042,-0.006051557935993908
2020-02-11,0.006355189427850762,0.007281792715673663,-0.008871443026741335,-0.006051557935993908,-0.14781559041522913,0.016153235742415097,-0.22039449181125598,0.02347018535435549
2020-02-12,0.0058027738420472425,0.02353127460366923,0.0058027738420472425,0.02347018535435549,0.18710355258164246,0.01772850076162182,0.04136714542101175,-0.007146554757796865
2020-02-13,-0.00924187083681204,-0.0029996379082968126,-0.011836295267662939,-0.007146554757796865,-0.1826142214656491,0.008836657359366036,-0.1318624122374071,0.0002462746278855343
2020-02-14,-0.0004002551915138573,0.003410976215599653,-0.006237249300758613,0.0002462746278855343,-0.16777088639913154,0.009648225516358399,-0.2796802100778738,-0.018480259121388166
2020-02-18,-0.02995656495171436,-0.016131921447280675,-0.032337631952433055,-0.018480259121388166,0.6439235378583916,0.016205710505152304,0.4377927323445214,0.014378870098712339
2020-02-19,0.0031298930089275656,0.017310149148661122,0.0031298930089275656,0.014378870098712339,-0.48424461026947774,0.01418025613973338,-0.1305375770166305,-0.010311954379688664
2020-02-20,-0.003063801961423782,0.0031776872706440135,-0.016858457551159105,-0.010311954379688664,0.06768967335696674,0.020036144821803194,-0.06221421233430189,-0.022895135306420445
2020-02-21,-0.005258863683997351,0.0004682775397706208,-0.031074117130334894,-0.022895135306420445,0.25328355426789556,0.03154239467010542,0.21597845810855806,-0.0486655767602737
2020-02-24,-0.05175567362456679,-0.02874327583179336,-0.07914062586830373,-0.0486655767602737,0.5394584921709117,0.050397350036510476,0.690880036476893,-0.03445913370768565
2020-02-25,0.009246872118263657,0.014483135635087166,-0.04125103637225316,-0.03445913370768565,0.037447449489317844,0.05573417200734035,0.5010335562734806,0.01573916215171651
2020-02-26,-0.005394934275030487,0.033452564504833776,-0.005499636574694334,0.01573916215171651,-0.15245996422310648,0.0389522010795279,0.2425763291923937,-0.06760262971661254
2020-02-27,-0.04026683525574986,-0.022985524061352403,-0.06965210188255803,-0.06760262971661254,0.48166794719361544,0.046666577821205646,0.598542505777483,-0.0005851509441740524
2020-02-28,-0.06128742055388614,0.01772015534446687,-0.06475301068980541,-0.0005851509441740524,0.285424106043906,0.08247316603427211,0.6610240242164706,0.08901835750994125
2020-03-02,0.0321099275877704,0.0977814452667247,0.015823862060099714,0.08901835750994125,-0.22258920451214873,0.0819575832066251,0.19965855877980274,-0.03227454443399327
2020-03-03,0.016133717967829118,0.017219789675862213,-0.04451568894638931,-0.03227454443399327,-0.06636570722933709,0.06173547862225132,0.05146984927623176,0.04534095178058701
2020-03-04,0.02431147802254346,0.04751867950100646,0.013082845985493427,0.04534095178058701,-0.37679489150175444,0.03443583351551308,-0.3822048707666247,-0.03297473904312418
2020-03-05,-0.024137839802283557,-0.010593011298251381,-0.03814309624789375,-0.03297473904312418,-0.15571897335134116,0.027550084949642444,-0.5509906727844038,-0.013369095303964924
2020-03-06,-0.03799250909571564,-0.007195035763775104,-0.04072670108954818,-0.013369095303964924,0.18714995759826392,0.03353166532577311,-0.2785471470189077,-0.08239523189183517
2020-03-09,-0.09152879993958812,-0.03858569559363752,-0.09437645255209974,-0.08239523189183517,0.237275627262358,0.05579075695846228,0.10269101207257225,0.06954618601444346
2020-03-10,0.040387593688270336,0.07339384582398256,0.011950628236010992,0.06954618601444346,-0.005086414800291258,0.0614432175879715,0.14076447074745815,-0.03534795262069725
2020-03-11,-0.028256927840105764,-0.01454415334906218,-0.04839426482765544,-0.03534795262069725,-0.10989717912478726,0.03385011147859332,0.058842966011848255,-0.10397776771127877
2020-03-12,-0.0733904346833467,-0.019911527233400648,-0.10490474006679325,-0.10397776771127877,0.4930057337001402,0.0849932128333925,0.5220711530107213,0.11315748006946919
2020-03-13,0.06495898225067534,0.1201481775088346,0.01883611015278015,0.11315748006946919,-0.12113533175338585,0.10131206735605454,0.23034685488894846,-0.137708052412532
2020-03-16,-0.1387821179638138,-0.07037635610377618,-0.14687427524797445,-0.137708052412532,-0.13961322065746543,0.07649791914419825,-0.0029245372347334224,0.04303083212011041
2020-03-17,0.021645816861788063,0.061641610312222594,-0.015855236588234567,0.04303083212011041,0.005050131417508432,0.07749684690045723,-0.019701453510753676,-0.02478457476832596
2020-03-18,-0.053155829964867736,-0.011375060435297674,-0.06426965678198006,-0.02478457476832596,-0.07635550204421446,0.05289459634668252,-0.11924476850999959,-0.0076915605619655705
2020-03-19,0.002914632773213155,0.024705459590979216,-0.01659618523760526,-0.0076915605619655705,-0.09928390988401725,0.04130164482858452,-0.24457750948895401,-0.06559032932121368
2020-03-20,0.009756943563222329,0.02839442099345423,-0.07101421401281185,-0.06559032932121368,0.39041168473094845,0.0994086350062661,0.2340760687998734,-0.021473060536676455
2020-03-23,-0.005073061013497579,-0.0032333033117794884,-0.07531000928500799,-0.021473060536676455,-0.17633948313671569,0.07207670597322839,0.03844291142458515,0.09560595528356855
2020-03-24,0.05205961595040779,0.09888152101066795,0.04330590542938884,0.09560595528356855,-0.15801775394099915,0.05557561558127916,-0.1283797118024116,-0.005523980679768436
2020-03-25,0.015554018449113931,0.04502569960681692,-0.01050541763739094,-0.005523980679768436,0.05438625702658223,0.05553111724420782,-0.05139513306318773,0.05128514042350652
2020-03-26,0.0040647157119722355,0.05221332055140987,0.0034154555831582946,0.05128514042350652,-0.18594257371278197,0.04879786496825159,-0.23944328365498285,-0.04228373683751426
2020-03-27,-0.0222627102360881,-0.009994084220718194,-0.045072810492115804,-0.04228373683751426,-0.2105928847738149,0.03507872627139765,-0.4376141667148163,0.028138328515267774
2020-03-30,0.012036736296533153,0.030920869888199195,0.006678177473983737,0.028138328515267774,-0.1953586812833844,0.02424269241421547,-0.4996090042129489,-0.002042838195450451
2020-03-31,0.0030955865681260427,0.029694789049719776,-0.011089072302999211,-0.002042838195450451,0.15939038762563992,0.040783861352718935,-0.21018791596560707,-0.05405188665813775
2020-04-01,-0.03111332813622722,-0.022147550960532468,-0.06146796409195946,-0.05405188665813775,-0.11148974613299542,0.03932041313142707,-0.24427350653142785,0.016548990570761035
2020-04-02,-0.002368862714883797,0.017446808239342047,-0.01678534956019641,0.016548990570761035,-0.06013401590262956,0.03423215779953842,-0.1842249193995157,-0.014475677535776998
2020-04-03,-0.008734353777233155,0.003138841574871332,-0.02463439938312394,-0.014475677535776998,-0.24497917170044808,0.02777324095799518,-0.3388755235428671,0.08364004644129358
2020-04-06,0.03855768105007068,0.08607539201577209,0.03248110915242945,0.08364004644129358,0.44076724576389986,0.05359428286334259,0.18697913180060963,-0.011649905970384159
2020-04-07,0.03124370152334359,0.03456176692353366,-0.013308732737574209,-0.011649905970384159,0.005271966579588376,0.047870499661108075,0.15261281399339768,0.025272571117155352
2020-04-08,0.012678024406235049,0.0301465601713528,0.006914398914033432,0.025272571117155352,-0.18337175535116018,0.023232161257319348,-0.03749416653425892,0.00719017035771461
2020-04-09,0.009836101467525105,0.014921752191581442,-0.005162304234352463,0.00719017035771461,-0.042702342382937325,0.02008405642593393,-0.07180866776135321,0.01943749711505021
2020-04-13,0.00119338940697957,0.02108303070507571,-0.008092673726765151,0.01943749711505021,-0.21120470798557103,0.02917570443184097,-0.2782873408798325,0.04926924703119566
2020-04-14,0.02440247611260174,0.053441032092520366,0.017413782674635742,0.04926924703119566,0.3976015376830534,0.03602724941788455,0.1179943969606494,-0.009169222240380774
2020-04-15,-0.016331890081772573,-0.002511429179009627,-0.022619280978647658,-0.009169222240380774,-0.39659763642045387,0.020107851799638025,-0.2706944803397592,0.007914349284236623
2020-04-16,0.01031824694438491,0.01316757407406902,-0.007339694111774394,0.007914349284236623,0.1806676846604542,0.020507268185843492,-0.002892864425998776,-0.013661610274173992
2020-04-17,-0.007000623581587486,0.0009065259632922928,-0.03488959078129897,-0.013661610274173992,0.31475720352632147,0.03579611674459128,0.32691544693182895,-0.02097515063526252
2020-04-20,-0.017298605539964686,-0.0039682420126413865,-0.021264025542258636,-0.02097515063526252,-0.5041487766103049,0.017295783529617366,-0.2437907306280614,-0.031398133038616306
2020-04-21,-0.0023499004198458007,0.0011548860082134492,-0.042413615380738935,-0.031398133038616306,0.3307992546515878,0.04356850138895238,0.08822390083495829,0.028396533858639317
2020-04-22,0.01933707406677134,0.03489470760181859,0.01417052787953444,0.028396533858639317,-0.43745344703854794,0.020724179722284106,-0.3321840302927174,-0.0038829628550406266
2020-04-23,-0.0008334184797470047,0.020257011877599613,-0.004464900183284839,-0.0038829628550406266,0.06583065958384396,0.024721912060884487,-0.2486514346837847,0.02846071108360393
2020-04-24,0.007859133165411066,0.02860208902703627,0.007137328000093148,0.02846071108360393,0.010732620446262513,0.02146476102694331,-0.19670490430181953,0.0007065821534516
2020-04-27,-0.004143333124337465,0.005532981982823645,-0.0107298298716215,0.0007065821534516,-0.07463808174366449,0.016262811854445017,-0.14803224497257686,-0.016342248365057214
2020-04-28,0.006722324107731801,0.009349710094059218,-0.01770714805634262,-0.016342248365057214,-0.04438064507740666,0.027056858150401757,-0.1731856985334445,0.03231735553149393
2020-04-29,0.021836178336339815,0.03903716730697016,0.0188816677279966,0.03231735553149393,0.20348673570888917,0.020155499578973547,0.13966585198088713,0.020876643600259502
2020-04-30,0.007720374372626212,0.02335828274033118,0.0021524626377224993,0.020876643600259502,0.287807355248723,0.02120582010260875,0.39383955069147397,-0.01623032353771697
2020-05-01,-0.02603366732254775,0.0175443511996893,-0.027432003128854646,-0.01623032353771697,0.2733698080620824,0.04497635432854397,0.5770447223078107,0.014049648896214476
2020-05-04,0.00034589824613890193,0.015855898935849152,-0.009558806614975275,0.014049648896214476,-0.5885949150845695,0.02541470555082429,-0.16805267366655338,0.014897329568893164
2020-05-05,0.006460169665655641,0.02639171719938103,0.00442459386881112,0.014897329568893164,0.10091906662590142,0.021967123330569955,-0.08777885958168775,0.010264411861892801
2020-05-06,0.009698728076423635,0.018908661865437763,0.004392802780659057,0.010264411861892801,-0.03735617998557735,0.014515859084778525,-0.16850193980363531,0.010291751170578447
2020-05-07,0.008578329698954988,0.014988753400252302,0.004447389754388524,0.010291751170578447,-0.2113719140927268,0.010541363645863645,-0.3858548813576317,0.02081954000678209
2020-05-08,0.0062359465556013,0.021528672375358205,0.0018091819866617768,0.02081954000678209,0.14983141803215524,0.019719490388696515,-0.15256217415984,0.015612835196842671
2020-05-11,-0.0065671547448420365,0.02206787148648642,-0.009362410812165803,0.015612835196842671,0.08660632897992486,0.03143028229865222,0.08136836456299795,-0.011494031672537217
2020-05-12,0.008912191037738184,0.014747368534529594,-0.013100922345190436,-0.011494031672537217,0.10621443719414114,0.027848290879720055,0.16934915442203666,-0.012147630334601305
2020-05-13,0.0023734382726567104,0.014473628173475842,-0.02668477710879687,-0.012147630334601305,0.21197066609019358,0.041158405282272555,0.3603039621154085,0.006124598742494439
2020-05-14,-0.010258793944178262,0.0069319228077909965,-0.02009324369095109,0.006124598742494439,-0.23296571426530704,0.02702516649874203,0.04731414346170767,-0.00592959887181035
2020-05-15,-0.03013887047232583,-0.005312316982430613,-0.030605150782514634,-0.00592959887181035,0.04562556411006743,0.02529283380008401,0.03686566115944399,0.023287866287270975
2020-05-18,0.017588463747108367,0.02816548836620124,0.008446293515830379,0.023287866287270975,-0.2074889966117712,0.01971919485037088,-0.21037706515134338,-0.005795197842728512
2020-05-19,0.00022224900583213755,0.011239613392143006,-0.00621044939463022,-0.005795197842728512,-0.2842770747106112,0.01745006278677319,-0.48166110845182886,0.019261458874264042
2020-05-20,0.011241355512522684,0.02016941362108134,0.010735974368676113,0.019261458874264042,0.09174932647980662,0.009433439252405149,-0.31350080961321586,-0.007483385504202602
2020-05-21,-0.0017871653822577498,0.005186550386948475,-0.010581159458356167,-0.007483385504202602,-0.08236458381486357,0.015767709845304616,-0.2716296902788945,0.006417766635006958
2020-05-22,-0.0034144293492006455,0.007483385504202598,-0.004745342568238486,0.006417766635006958,-0.22738669283812565,0.012228728072441065,-0.4118438184817882,-0.006796551051767431
2020-05-26,0.0143528522733149,0.016637690533904417,-0.007523020083409408,-0.006796551051767431,0.42816467936563657,0.02416071061731396,0.16357615786706264,0.004347478251902913
2020-05-27,-0.0018645108313380206,0.006231860975168181,-0.011559033167968821,0.004347478251902913,-0.10557829668252351,0.01779089414313699,0.07628435425547585,0.0004400485697400987
2020-05-28,-0.0042212650635940815,0.01661644401299037,-0.007826531909417761,0.0004400485697400987,0.1676540595437696,0.02444297592240819,0.2227303417781616,-0.0009745440259632908
2020-05-29,0.0031372574751328736,0.00907104726109894,-0.005608783218441321,-0.0009745440259632908,0.1393548147978167,0.014679830479540338,0.3216464231330665,0.012222924050923517
2020-06-01,-0.0005977833419892032,0.013775237279512968,-0.00229870523433569,0.012222924050923517,-0.6420435709679033,0.016073942513848482,-0.40782166211698895,0.004618772385106134
2020-06-02,-0.0034236139667304195,0.004928015418290091,-0.009113997458825754,0.004618772385106134,0.08140141439396142,0.014042012877115786,-0.32475264030652046,0.005489940083986764
2020-06-03,0.004074102314945886,0.008806337761253377,-0.003221638900938734,0.005489940083986764,0.17583339423394423,0.012027976662192205,-0.08441199343264923,-0.008649466325038917
2020-06-04,-0.002247789149143361,0.0015367123763675638,-0.013438803827758704,-0.008649466325038917,-0.17677401639239135,0.014975516204126314,-0.2462028869579144,0.028082946019387024
2020-06-05,0.0031904831619509436,0.02883680960578662,0.0028193145041095066,0.028082946019387024,0.44947815383493966,0.026017495101676977,0.2889866229120419,0.005895082881367225
2020-06-08,-0.0037778662234824846,0.006314879154584465,-0.012689501590411309,0.005895082881367225,-0.3610652989014682,0.019004380744995792,-0.0398902076713584,0.031089666286867896
2020-06-09,-0.0039662816254763126,0.035788036804887395,-0.004357774148833969,0.031089666286867896,0.4345254441004043,0.0401458109537213,0.36521079915056487,0.025402127217461996
2020-06-10,0.01130250581986472,0.030857102420164574,0.006086287464930465,0.025402127217461996,0.1206382656936269,0.02477081495523414,0.3750357789707714,-0.049201207564000385
2020-06-11,-0.010054912911902917,-0.0050575439377991025,-0.05045231114731734,-0.049201207564000385,0.19068960644636965,0.04539476720951826,0.46267693821412076,0.008596448300086336
2020-06-12,0.025919018401112638,0.03481408837472094,-0.0050140160199833046,0.008596448300086336,-0.007547911886487317,0.03982810439470438,0.2898378891712657,0.012291337002247682
2020-06-15,-0.016516967688882184,0.02010354368811934,-0.018529534462382015,0.012291337002247682,-0.36594965358829673,0.03863307815050149,-0.15675165784383993,0.026157120614582512
2020-06-16,0.02439461870410801,0.029333239541100172,0.0050312330987786575,0.026157120614582512,0.1754434441299047,0.024302006442321437,-0.03310067718757381,-0.0013926707845189497
2020-06-17,0.008681833893548175,0.009385514182369313,-0.0028157939404314454,-0.0013926707845189497,-0.3687838693324149,0.012201308122800738,-0.42239417020861236,0.00039815346877401846
2020-06-18,-0.0005120702125585525,0.005276353573748976,-0.006763613990516727,0.00039815346877401846,-0.16689930555600255,0.012039967564265772,-0.5275602671259142,-0.0057310292455795735
2020-06-19,0.008239364693102765,0.013638654742402997,-0.018884779582962162,-0.0057310292455795735,1.0048927940605774,0.03252343432536504,0.6140525375877454,0.025827354507163287
2020-06-22,0.004621567358767627,0.02747004374913091,0.004080627420318089,0.025827354507163287,-0.6691833794690089,0.023389416328812987,-0.14121246360131717,0.021120177724748765
2020-06-23,0.01419367532637155,0.036954659069982514,0.009429567530018505,0.021120177724748765,0.4487528372451863,0.027525091539964106,0.3118623371092588,-0.017809692586195552
2020-06-24,-0.004183016452626517,0.006147029482397255,-0.022095954189514776,-0.017809692586195552,-0.09658401870240524,0.02824298367191214,0.15684883450779252,0.01318821382545862
2020-06-25,0.001775944303185056,0.013626676133569016,-0.006939509802881306,0.01318821382545862,-0.33694913608588817,0.020566185936450255,-0.2708579459756977,-0.03120770867309365
2020-06-26,-0.0011792738446714857,0.0013148105978724436,-0.032934209843228146,-0.03120770867309365,0.40047506518331755,0.034249020441100494,0.08545845041775123,0.022785106298042836
2020-06-29,-0.001075161036650652,0.023862569326132253,-0.00666755982284008,0.022785106298042836,-0.4517705027646891,0.03053012914897245,-0.3013995368244345,0.00831293583858893
2020-06-30,-0.004710097205629013,0.011542428219140978,-0.004932257449174553,0.00831293583858893,0.070744063451346,0.016474685668315465,-0.22520556165500194,-0.0018932451823427524
2020-07-01,0.0008768285626195898,0.006993029078342606,-0.0024426303572031367,-0.0018932451823427524,-0.23607561217416367,0.009435659435545753,-0.3758229193895911,0.0
2020-07-02,0.010219283415100321,0.017316493537276312,-0.0012915720191195414,0.0,0.02940346748580304,0.01860806555639581,-0.23932264074651902,0.026398684216456428
2020-07-06,0.01604702608269353,0.031547882961348354,0.01569559979156561,0.026398684216456428,0.03966188529721316,0.015852283169782735,-0.16670897997846332,-0.0031076823275681766
2020-07-07,0.004164108033073782,0.012678386913390315,-0.004342691470169068,-0.0031076823275681766,-0.053944183656848034,0.017021078383559398,-0.08877036029617025,0.023023038247490753
2020-07-08,0.010755227731180528,0.023363869280047057,0.009799111772754221,0.023023038247490753,0.04067895484144479,0.013564757507292767,-0.017980378467357203,0.0042911043054629375
2020-07-09,0.009603144590845816,0.010174338986184082,-0.007052084812096997,0.0042911043054629375,0.07048300972561633,0.01722642379828118,0.09208102359855022,0.001747728752336816
2020-07-10,-0.004369767964385561,0.002373108527915947,-0.010999946434525228,0.001747728752336816,-0.33077958789411493,0.013373054962441233,-0.2643814155272409,-0.004623864407021476
2020-07-13,0.013924714344774974,0.04120561139663155,-0.006930743769110423,-0.004623864407021476,0.7530032451176125,0.048136355165741905,0.5299226270511912,0.0164129874574583
2020-07-14,-0.006699404639192284,0.018445739594775013,-0.01689986032839434,0.0164129874574583,-0.11406622092844865,0.03534559992316922,0.2941656760461195,0.006853781384709324
2020-07-15,0.019715198671148952,0.022313091053704416,-0.00586426078740683,0.006853781384709324,-0.10986919422239053,0.0281773518411112,0.09635063002217571,-0.012381263761140567
2020-07-16,-0.011966928972946045,-0.0032798645640862768,-0.018799290619612618,-0.012381263761140567,-0.32601366546062727,0.015519426055526414,-0.2802648904523116,-0.0020222946624239846
2020-07-17,0.004806003381672447,0.006454300362417822,-0.007096036147388702,-0.0020222946624239846,-0.1819005836453901,0.013550336509806504,-0.44136229229591606,0.02085494393110032
2020-07-20,0.0009339175858715807,0.022302710536596975,-0.0027548163426315752,0.02085494393110032,-0.020480177178549407,0.025057526879228634,-0.46453129941409044,-0.013897803069163552
2020-07-21,0.008251982698847868,0.009033137994753446,-0.01655596889276634,-0.013897803069163552,0.1355892176038835,0.025589106887519832,-0.17694197532319972,0.0028053302908855626
2020-07-22,-0.0031751669196062346,0.010001350008146339,-0.004106348225342073,0.0028053302908855626,-0.1502716466116694,0.014107698233488293,-0.21130515579552214,-0.04658485959395655
2020-07-23,-0.002831128988681716,-0.0020066865118646064,-0.05561901878262575,-0.04658485959395655,0.7945717164153103,0.053612332270761155,0.7074492614497636,-0.002480356691333042
2020-07-24,-0.02020928121552889,0.001345424397530293,-0.04066722937058256,-0.002480356691333042,-0.06050115503921458,0.04201265376811282,0.48312173641965944,0.023423770670374554
2020-07-27,0.011753804856960006,0.024425285895609505,0.009296453072392371,0.023423770670374554,-0.42516732995930806,0.015128832823217177,-0.09308624312206494,-0.016563969182728344
2020-07-28,-0.004678125732855963,-0.002746035798231675,-0.016617640848290528,-0.016563969182728344,-0.1567731749681628,0.013871605050058753,-0.2952595195255813,0.01898697125078352
2020-07-29,0.00532077085389506,0.020984159460128014,0.004920707115109951,0.01898697125078352,-0.13732362884009292,0.016063452345018065,-0.432859510420108,0.012027562298196777
2020-07-30,-0.009010388860694449,0.013144499017898282,-0.013479531622671658,0.012027562298196777,0.5599567048280573,0.026624030640569955,0.1251923176876431,0.09956351358099802
2020-07-31,0.06728645283707288,0.10102112547252912,0.047060882945957866,0.09956351358099802,0.8617384474005076,0.05396024252657121,1.044268563220838,0.024885382153636268
2020-08-03,0.01809239708099171,0.04936804654708628,0.01524643688829028,0.024885382153636268,-0.19456535532769664,0.0341216096587959,0.5975776575861662,0.006655949481549645
2020-08-04,0.0017884142437880706,0.016862202515969756,-0.005061582732955224,0.006655949481549645,-0.5768851898996246,0.02192378524892503,-0.17860057272754531,0.0036181134946353835
2020-08-05,-0.0026250488814562774,0.006611940577691737,-0.00702320833476499,0.0036181134946353835,-0.3515155207659848,0.013635148912456662,-0.595084482301029,0.034294400882708104
2020-08-06,0.0031070253594952003,0.03876193911782766,-0.002410620551630429,0.034294400882708104,0.5081983588383859,0.041172559669458056,-0.11497263840412122,-0.024799558105863165
2020-08-07,-0.006142436559511478,-0.0019992605817181716,-0.03220682912841721,-0.024799558105863165,-0.02189091257164656,0.03020756854669904,-0.17513549496584244,0.014430181016039248
2020-08-10,0.013298473120997568,0.0236795982808082,-0.010062863240853575,0.014430181016039248,0.06999093116752449,0.03374246152166179,0.05670289222743978,-0.0301910653715305
2020-08-11,-0.006742420875148194,-0.0021757723389838916,-0.03263979208386796,-0.0301910653715305,-0.1225655592873786,0.030464019744884007,0.03441757991449302,0.032693984597302515
2020-08-12,0.010210529495029232,0.0350361593459941,0.008398921400655164,0.032693984597302515,-0.12635951450577004,0.026637237945339075,-0.10814830239483725,0.017542770403711112
2020-08-13,0.012486955721463444,0.02648020296960148,0.008085933144880134,0.017542770403711112,0.23793476610841477,0.018394269824721383,0.08338036718867138,-0.0008916321795560421
2020-08-14,-0.0015663099449075128,-8.69713155418997e-05,-0.017233146348085798,-0.0008916321795560421,-0.23813285575187296,0.01714617503254397,-0.1626407592738983,-0.0026142363105950348
2020-08-17,0.010001371613688746,0.01021676274710452,-0.008258007198907773,-0.0026142363105950348,-0.32553335521174925,0.018474769946012288,-0.45425909576258827,0.008298277958702681
2020-08-18,-0.002227440250420529,0.012076959917723663,-0.00524899816129818,0.008298277958702681,-0.12385521724709163,0.017325958079021948,-0.47430219210993513,0.0012539167567720579
2020-08-19,0.00362779272189304,0.01375033790164889,0.00041095381928781395,0.0012539167567720579,0.3204607184166579,0.013339384082361015,-0.051881805922789716,0.021947008514207084
2020-08-20,0.000367267062227881,0.022939965410809924,0.00021605190577786329,0.021947008514207084,-0.13698111019842282,0.022723913505032032,-0.1623413666764224,0.05024858133128627
2020-08-21,0.008314486071063065,0.05424074313065412,0.008209695350127803,0.05024858133128627,0.9797519018193783,0.046031047780526274,0.9355608772591981,0.011889284263046699
2020-08-24,0.03420363096162153,0.03488335994720369,-0.003483609469594148,0.011889284263046699,0.023050399453614933,0.03836696941679783,0.7274323711036028,-0.008237568074272974
2020-08-25,-0.009259478511806644,-0.005397596078204564,-0.022539223797963234,-0.008237568074272974,-0.49205421748504646,0.017141627719758707,-0.004334135947557058,0.013507418789544586
2020-08-26,0.010796729422855617,0.017215300061376962,0.0020607608219467295,0.013507418789544586,-0.2603165798094978,0.01515453923943014,-0.35966544285981056,-0.012026399536978805
2020-08-27,0.004888368351829623,0.007578564678406437,-0.021490331844631068,-0.012026399536978805,-0.04690496233084031,0.029068896523037412,-0.4214298317712555,-0.0016211789009303247
2020-08-28,0.007987332971213726,0.011393886462995538,-0.0034657438922280266,-0.0016211789009303247,0.1874892861521963,0.014859630355223592,-0.2578178491668999,0.033349809497584974
2020-08-31,0.021971060875998927,0.048424750911133324,0.009509334661459923,0.033349809497584974,0.18474670803510787,0.03891541624967362,0.0592061725206594,0.03905974576211166
2020-09-01,0.028420563687519773,0.04366983932975624,0.011480694261198281,0.03905974576211166,-0.3956796313629612,0.03218914506855791,-0.21651672922608825,-0.02093606794909633
2020-09-02,0.0250960942739088,0.027926588603897934,-0.054995041091123506,-0.02093606794909633,0.2753731744342904,0.08292162969502141,0.1240564011612725,-0.08344776435769359
2020-09-03,-0.034767856922589865,-0.019674763561319798,-0.0865963066699088,-0.08344776435769359,0.25249425182824164,0.06692154310858899,0.33543621906819027,0.0006616096194540612
2020-09-04,-0.0067233917419471925,0.023060959484879916,-0.08625958178191771,0.0006616096194540612,0.2555557727153334,0.10932054126679762,0.48590594714220525,-0.06966627925552847
2020-09-08,-0.05970017595223774,-0.016420466848342453,-0.07090795914586692,-0.06966627925552847,-0.3629587486148274,0.05448749229752454,-0.00958675097234055,0.03911161590117418
2020-09-09,0.03860008414711426,0.05450564147071317,0.02139683893568372,0.03911161590117418,-0.2681899476665597,0.0331088025350294,-0.2826143051337884,-0.03319053301804974
2020-09-10,0.025582015324869513,0.026744511422684903,-0.041952019863549954,-0.03319053301804974,0.029699726089638383,0.06869653128623487,-0.27398577994586787,-0.013215837194880507
2020-09-11,0.009471278751897384,0.015215451668409607,-0.031234342697558756,-0.013215837194880507,-0.007788333905020249,0.046449794365968355,-0.266774722773906,0.029558807532386613
2020-09-14,0.023995516196933308,0.03448769201962971,0.007117494823454055,0.029558807532386613,-0.25501091892075645,0.02737019719617578,-0.45458770634419815,0.001559119449537733
2020-09-15,0.02541966804312348,0.02963623688348063,-0.015286142873327871,0.001559119449537733,0.2757048240183817,0.044922379756808434,0.01266431572828507,-0.02995791029885262
2020-09-16,-0.00268663811863418,0.0039733928293456304,-0.030760839713678285,-0.02995791029885262,-0.17706681339187053,0.03473423254302396,-0.11178617056629382,-0.016092413323200418
2020-09-17,-0.02172721078314306,0.0006240779111619264,-0.030975110183997248,-0.016092413323200418,0.14049334437721062,0.03159918809515918,0.05478402559239705,-0.032234120689782396
2020-09-18,0.0005436730093959026,0.004882036015865285,-0.03927871870267951,-0.032234120689782396,0.478002308069847,0.04416075471854483,0.537858957722848,0.029875036853703976
2020-09-21,-0.02176257192273283,0.030873816690834024,-0.035632977742258806,0.029875036853703976,-0.38319426619338576,0.06650679443309268,0.03534350551786747,0.015593589505076904
2020-09-22,0.023344554897624506,0.024940727130147892,-0.008392661430661596,0.015593589505076904,-0.06686454874425342,0.033333388560809585,-0.08867921592623294,-0.04285125330081208
2020-09-23,-0.0017007103571368136,0.0026795572857581437,-0.04612402357454812,-0.04285125330081208,-0.19437365374223714,0.04880358086030631,-0.2814652491302549,0.010216476471266047
2020-09-24,-0.018371655901643146,0.028800787303803026,-0.01998937686562902,0.010216476471266047,0.10701964914120896,0.04879016416943205,-0.17047171980397757,0.03682953712730816
2020-09-25,0.0019386028041678534,0.03825356425688138,-0.0050952266729662335,0.03682953712730816,-0.1119235482590511,0.04334879092984769,-0.27201820493112444,0.023588493185165465
2020-09-28,0.024023359057065506,0.02671512950213624,0.004443266933554236,0.023588493185165465,-0.08563433649278397,0.022271862568582088,-0.2076368043489117,-0.007596655297040167
2020-09-29,-0.0035727982661150994,0.003039898803586848,-0.012164849590453265,-0.007596655297040167,-0.3259039267347311,0.015204748394040173,-0.46257234521759616,0.014963317605299299
2020-09-30,-0.002632926095171872,0.027406131244112952,-0.004128007207468426,0.014963317605299299,0.3615976950289629,0.031534138451581324,0.0111046942232052,0.008426562014413056
2020-10-01,0.015678212382343494,0.016358037619668298,0.00017271863722459325,0.008426562014413056,-0.2059431343462054,0.0161853189824438,-0.18337178229588422,-0.03281269362998732
2020-10-02,-0.033963570262713,-0.012233079383639581,-0.03991621692897034,-0.03281269362998732,0.22011797653647122,0.02768313754533082,0.11364468414861119,0.03032650850617838
2020-10-05,0.00784393056139055,0.031613247048692665,0.004678530927884592,0.03032650850617838,-0.30900910723858327,0.02693471612080816,-0.18717186265844657,-0.029088494210164358
2020-10-06,-0.006890665182596643,-0.003267110196363496,-0.03716274638339154,-0.029088494210164358,0.4187575439290131,0.033895636187028136,0.2818942898470962,0.01682477579890206
2020-10-07,0.012819554290502836,0.020900584335510678,0.008535346704535514,0.01682477579890206,-0.511340932535289,0.01236523763097519,-0.3265500729311562,-0.0009563192112645524
2020-10-08,0.010115489872972665,0.011404993811769671,-0.004267046114504458,-0.0009563192112645524,-0.148579523875882,0.015672039926274278,-0.40441740726481035,0.017246266715423172
2020-10-09,0.0026927057190104277,0.01750269941452764,-0.00043501720543822546,0.017246266715423172,0.1856528411801913,0.017937716619966064,-0.1651593783214568,0.06158469047233511
2020-10-12,0.026074095390160736,0.06783520183579951,0.019556158123901716,0.06158469047233511,0.871357095251811,0.04827904371189778,0.7836972003322987,-0.026885554612096203
2020-10-13,0.006969188487527612,0.007926682763834389,-0.03893136546375095,-0.026885554612096203,0.08802168207211339,0.04685804822758522,0.6531954199757658,0.0007429441667834792
2020-10-14,-0.0008260923621492548,0.015811580191191613,-0.012296563381586455,0.0007429441667834792,-0.5542344283196352,0.028108143572777935,-0.03882252358324122,-0.003968614997157517
2020-10-15,-0.020591792424400634,8.24663300202872e-05,-0.02540456557799688,-0.003968614997157517,-0.29189142540273694,0.025487031908017082,-0.39720955468533736,-0.014099449116596274
2020-10-16,0.004710944700380998,0.006934758740631903,-0.0158654092071483,-0.014099449116596274,0.024871321000516505,0.02280016794778001,-0.40648359260847927,-0.025873726619552777
2020-10-19,0.007866828236949924,0.011694098818812275,-0.028636633619135345,-0.025873726619552777,0.04445447539469136,0.040330732437947624,-0.37906690671870513,0.01310566313262011
2020-10-20,0.0018950267624675107,0.025537648581659977,-0.003022377004692932,0.01310566313262011,0.030887574773411405,0.02856002558635285,-0.20233658664750465,-0.005461225078749214
2020-10-21,-0.0071740333835277285,0.010160081828153618,-0.009061484401230993,-0.005461225078749214,-0.3244831863707229,0.019221566229384517,-0.32706697321029315,-0.00962953647989451
2020-10-22,0.004950455675219906,0.009961328384577733,-0.019701720966249517,-0.00962953647989451,0.1256456690462568,0.029663049350827395,-0.09891905856367003,-0.006152791035267687
2020-10-23,0.005513922743520927,0.006887698699530424,-0.012781126285457623,-0.006152791035267687,-0.21117725293684664,0.019668824984988,-0.2911399479965872,8.69410757903019e-05
2020-10-26,-0.008993719348227298,0.013040489734798096,-0.018954618718392446,8.69410757903019e-05,0.3034870399306735,0.03199510845319067,0.07360208219104186,0.013382417823085942
2020-10-27,0.0038170846230263416,0.019197384723024236,-0.004442728048075172,0.013382417823085942,-0.1923721906638145,0.023640112771099456,-0.10171025884354862,-0.047418906457335354
2020-10-28,-0.013382417823085892,-0.010084972559314174,-0.04831857791865123,-0.047418906457335354,0.44458850618218054,0.03823360535933706,0.4078827518369903,0.03638051575124608
2020-10-29,0.010466667989501235,0.05024511338951205,0.008952611516711735,0.03638051575124608,0.015109900077461994,0.04129250187280029,0.31610977276540475,-0.057648211511051844
2020-10-30,-0.037640296293169985,-0.029301307604450377,-0.06817559084827811,-0.057648211511051844,0.26396661885694006,0.038874283243827794,0.5004571476761731,-0.000827128369731483
2020-11-02,0.002293894648106788,0.016580499063194445,-0.01424763589899337,-0.000827128369731483,-0.43735612510768346,0.030828134962187916,-0.10810101121538111,0.015236878925051371
2020-11-03,0.008149173127947223,0.024699351375664307,-0.0003677543593889531,0.015236878925051371,-0.1324542678239378,0.02506710573505318,-0.25652169931913726,0.040024815492492115
2020-11-04,0.03295335059303707,0.04557700645615711,0.01714657588173047,0.040024815492492115,0.25031136462311865,0.028430430574426558,-0.028037902602991084,0.03487832726374134
2020-11-05,0.02576355531974325,0.039822849916680815,0.01656500478561504,0.03487832726374134,-0.08960933290001598,0.02325784513106583,-0.10959286554819339,-0.0028604792863472085
2020-11-06,-0.0059827361010608236,0.001427177104889805,-0.024665322317624187,-0.0028604792863472085,-0.0991423497507113,0.026092499422514053,-0.18033793049299957,-0.02017006147639604
2020-11-09,0.015134680292692515,0.02742398401110777,-0.022493913620649446,-0.02017006147639604,0.3000860507690992,0.049917897631757045,0.23697428953515662,-0.0030134636669841776
2020-11-10,-0.006641648030519373,0.010858955530668773,-0.01900688566149467,-0.0030134636669841776,-0.11286988456091408,0.029865841192163577,0.07348822476389782,0.029901120489123658
2020-11-11,0.010465022608762687,0.031072075729201763,0.004044592349860507,0.029901120489123658,-0.20629389884435345,0.027027483379341147,-0.17912426365046077,-0.0023460319338046596
2020-11-12,0.0010874065935433696,0.008666006488696528,-0.007729167087584134,-0.0023460319338046596,-0.08482586092772432,0.01639517357628075,-0.22456062297078636,0.00041936555738399453
2020-11-13,0.001927537621419569,0.00385130323460253,-0.011304290509687629,0.00041936555738399453,-0.23469605258769347,0.015155593744290293,-0.42262423329729687,0.00868264674118801
2020-11-16,-0.0028550188748084956,0.014401878289789614,-0.00935098505966317,0.00868264674118801,0.11126105255595226,0.023752863349452865,-0.25710046850295054,-0.007593208103481453
2020-11-17,-0.006253928917153339,0.0030708835629140166,-0.011201353892722537,-0.007593208103481453,-0.20514791021896234,0.014272237455636607,-0.34860954550514817,-0.01145662114638139
2020-11-18,-0.006554635057992858,0.0035951738637802874,-0.011710815779381807,-0.01145662114638139,0.027241976507492837,0.015305989643162057,-0.19223139922284008,0.005154873586443159
2020-11-19,-0.0037348524063754406,0.008688728120898844,-0.010390156831721948,0.005154873586443159,-0.029371586973769386,0.01907888495262075,-0.14063109457143183,-0.011018020396781323
2020-11-20,0.0,0.001095128836885811,-0.011444184346022167,-0.011018020396781323,-0.006887507569717816,0.012539313182908124,-0.07698061508276319,-0.03019389318111618
2020-11-23,-0.0013644555673512798,0.0023834400948006883,-0.03107261445726734,-0.03019389318111618,0.553008796665572,0.03345605455206799,0.4963032366747248,0.011527502674892892
2020-11-24,0.0005269159537565642,0.017414458600014095,-0.011128909818234738,0.011527502674892892,-0.11661791429837179,0.02854336841824874,0.2894599982040131,0.00743948605676817
2020-11-25,0.0032940813489978045,0.0136256147669029,0.0,0.00743948605676817,-0.39781404704699386,0.0136256147669029,-0.19719465444679163,0.004814707696177695
2020-11-27,0.004643180474907352,0.012504437558376533,0.0016361893114700903,0.004814707696177695,-0.4937224314449932,0.01086824824690664,-0.6912971602565888,0.02088012303207468
2020-11-30,0.003254026563601813,0.036879115527664694,0.0018851867318936061,0.02088012303207468,1.2887651411035344,0.03499392879577097,0.6581085479680622,0.030361748998880982
2020-12-01,0.016329605896175218,0.03645462289916549,0.00803149187666278,0.030361748998880982,-0.28241842419041097,0.028423131022502494,0.17813386398299774,0.0029292177647828733
2020-12-02,-0.005720409353638432,0.005282644780333148,-0.015024311400922492,0.0029292177647828733,-0.36122100909968535,0.020306956181255442,-0.1826546316650185,-0.0011381139934067894
2020-12-03,0.0035684937684301275,0.005671221118550136,-0.007093696372306545,-0.0011381139934067894,-0.11964591787008083,0.012764917490856715,-0.2546266687491333,-0.0056283229824000995
2020-12-04,-0.0027694402812649004,-0.0006509506337377941,-0.011617620674400217,-0.0056283229824000995,-0.008995913822727986,0.010966670040662405,-0.26845721418254326,0.012195273093818206
2020-12-07,0.0004906571834836169,0.018799676093186144,0.0,0.012195273093818206,0.10255055457634245,0.018799676093186144,-0.22576139679008939,0.0050779721447592515
2020-12-08,0.00499761430080914,0.00989034991190195,-0.005347636078073328,0.0050779721447592515,-0.05312680958117044,0.015237985989975264,-0.11378377594650423,-0.021125245436970086
2020-12-09,0.0012052673370156173,0.012543604975144937,-0.027550827996817875,-0.021125245436970086,0.33624200694220036,0.04009443297196276,0.3264580399984548,0.01191752823797298
2020-12-10,-0.010566375225879191,0.017016522582620583,-0.01347515327432816,0.01191752823797298,-0.3474114130781995,0.03049167585694892,-0.0818882805184732,-0.006757560390391036
2020-12-11,-0.006594215816082482,-0.0039024092413444773,-0.022069026452095474,-0.006757560390391036,0.0669198583246378,0.018166617210750847,-0.02026783992175298,-0.005159967847581869
2020-12-14,0.001550915051945866,0.007649734600875449,-0.007132661764236965,-0.005159967847581869,-0.09343535252437163,0.014782396365112516,-0.1330800977066287,0.048876174557243975
2020-12-15,0.020803591232218584,0.04903259235845743,0.019113253244609354,0.048876174557243975,0.6860162585884326,0.029919339113848063,0.5697197189317486,-0.0005475356720504581
2020-12-16,-0.0036820409778283224,0.0038243783459798535,-0.010375817984993622,-0.0005475356720504581,-0.47070304328439916,0.014200196330973438,-0.05685355134418454,0.006939323848116403
2020-12-17,0.00849209555257766,0.01375369811071793,0.0017978956241772948,0.006939323848116403,-0.03997865290552959,0.011955802486540523,-0.06381602467158022,-0.015977730888703433
2020-12-18,0.0020182399300431447,0.003103254240122394,-0.020250234435509294,-0.015977730888703433,0.7131965799133934,0.023353488675631553,0.6237661252715557,0.012319133151096966
2020-12-21,-0.013032662348701951,0.012942831878326972,-0.025670168930604906,0.012319133151096966,-0.4624439893016262,0.03861300080893203,-0.024891574329350057,0.028066962075899832
2020-12-22,0.02601751533151737,0.0470693641765746,0.011012971755514349,0.028066962075899832,0.3314675169860692,0.03605639242106036,0.24108576069558732,-0.0070004708987655975
2020-12-23,0.0021208822541408066,0.004161693404338115,-0.008375942429082286,-0.0070004708987655975,-0.6494596081925366,0.012537635833420456,-0.4257935847546304,0.007682648949164508
2020-12-24,0.0027451640777890955,0.01890987345224569,0.0010684529964097252,0.007682648949164508,-0.4738141665486604,0.017841420455835987,-0.8847107287587493,0.03514097274686896
2020-12-28,0.015190578018745671,0.03988494324938819,0.011601706979197247,0.03514097274686896,0.818133398535999,0.028283236270190998,-0.005480663254379394,-0.01340429070053911
2020-12-29,0.009900354456880537,0.015246344968000808,-0.017341733446749354,-0.01340429070053911,-0.02801348808509034,0.03258807841475013,0.08162526949027415,-0.008563244644223426
2020-12-30,0.00525057018324344,0.008270078689827957,-0.010959227596889245,-0.008563244644223426,-0.22713486624853937,0.019229306286717356,-0.14514326699552385,-0.007732471733029185
2020-12-31,0.0026885797095091983,0.007598965620436779,-0.015069603905125175,-0.007732471733029185,0.027250422822171192,0.0226685695255618,0.021298574990419306,-0.02502991181558642
2021-01-04,0.00623571240456941,0.006909514221291845,-0.0457200472723888,-0.02502991181558642,0.36865665876741666,0.05262956149368083,0.36775046050535487,0.012287927104146933
2021-01-05,-0.004026364450839324,0.0178446377774736,-0.00760173533599687,0.012287927104146933,-0.38341136219549277,0.025446373113470474,-0.17961255171232285,-0.03424111657890924
2021-01-06,-0.025433236831997247,0.0003053388201590398,-0.035980394623647105,-0.03424111657890924,0.462450466302099,0.03628573344380623,0.3298195976987364,0.033553937989602045
2021-01-07,0.013806323339334434,0.03896249587497814,0.009903422454853743,0.033553937989602045,-0.34735424813007076,0.029059073420124308,-0.07679409077910007,0.008594226206842472
2021-01-08,0.011467712985608515,0.012976897674633375,-0.0052843504743514645,0.008594226206842472,-0.041172566679433475,0.01826124814898482,-0.1399106926847265,-0.023523341396521437
2021-01-11,-0.02189645398375874,-0.01433938744203661,-0.027251757518489846,-0.023523341396521437,-0.04645807007143874,0.012912370076453131,-0.19630944060263814,-0.0013964830932180804
2021-01-12,-0.003728416121968442,0.0054896857153453014,-0.016573199440270244,-0.0013964830932180804,-0.0877508988671531,0.022062885155615632,-0.2112043844999821,0.01609643377651533
2021-01-13,-0.0003106735954567045,0.020365690595754018,-0.002409714316950986,0.01609643377651533,-0.03670979273787454,0.022775404912704973,-0.2378014731855604,-0.015242756277262648
2021-01-14,-0.0006878087859603064,0.0008400520606113431,-0.016407107371972023,-0.015242756277262648,0.0177239617472712,0.017247159432583523,-0.09427966209628609,-0.013825678155640566
2021-01-15,-0.0010090022322207562,0.010110822319598527,-0.014927428404686286,-0.013825678155640566,0.21263652598511376,0.025038250724284717,0.1581876049785052,0.005412433796432332
2021-01-19,0.005021188913397494,0.012273027116395326,-0.0015742835965555264,0.005412433796432332,-0.20671869831554165,0.013847310712950872,-0.06196054586128091,0.03232788974139082
2021-01-20,0.006472023942249587,0.035805941836932996,0.005616686947679902,0.03232788974139082,0.13926939454094664,0.030189254889253184,0.09745099607121667,0.036002374302895025
2021-01-21,0.013317010257022185,0.05625332396235589,0.011746220343210073,0.036002374302895025,0.14129014756905595,0.044507103619145935,0.21293725500873453,0.015945921607861922
2021-01-22,-0.004319950712906125,0.021538928742913497,-0.013608587291460248,0.015945921607861922,-0.04852827782985149,0.0351475160343739,0.1015223738697363,0.02730756418724629
2021-01-25,0.028356616015277655,0.0423767581311161,-0.018359893337515018,0.02730756418724629,0.3199142382856362,0.06073665146863106,0.37562527485525055,0.0016778911348962942
2021-01-26,0.004746678774250283,0.0096094665850644,-0.010904488003763715,0.0016778911348962942,-0.4711891422071223,0.02051395458882817,-0.17715053580373072,-0.007713425094436053
2021-01-27,0.001884148762999252,0.007931575450168218,-0.019396171270266615,-0.007713425094436053,0.35870620385439717,0.027327746720434754,0.16864210594163048,-0.03561186864929152
2021-01-28,-0.01804149560068474,-0.0004928151106796212,-0.03846076497851012,-0.03561186864929152,0.012539988479480499,0.03796794986783045,0.12160047836430687,-0.03813872049620482
2021-01-29,-0.009233500419744734,-0.002556265076657394,-0.05148903443215638,-0.03813872049620482,0.21891322106032118,0.04893276935549902,0.30554748412532146,0.01638512888305546
2021-02-01,0.01347348853768885,0.025586777909491924,-0.007836123938725164,0.01638512888305546,-0.5134058812377574,0.03342290184821713,-0.2999265725892527,0.006316716192370748
2021-02-02,0.011783560710744288,0.016047659550578186,0.0034976870687405217,0.006316716192370748,-0.24318543019417196,0.012549972481837686,-0.4687662995725809,-0.007808785604338064
2021-02-03,0.00568783814980042,0.005761566766708622,-0.01027562914489286,-0.007808785604338064,0.07597208761607073,0.016037195911601448,-0.36987003730110196,0.02543163578386712
2021-02-04,0.017466404382977325,0.025504378657221702,0.004841136326736699,0.02543163578386712,-0.06549127210439001,0.02066324233048506,-0.3537822985338986,-0.004596067888735259
2021-02-05,-0.00029113551441851455,0.0002183237850336956,-0.011198644237722747,-0.004596067888735259,-0.1062979336702158,0.011416968022756293,-0.3575309223900216,0.0010962777893145012
2021-02-08,-0.005352083933087235,0.0014614368094260654,-0.013545527982608028,0.0010962777893145012,-0.05983919888162473,0.015006964792034214,-0.2088944116086259,-0.006595430337242815
2021-02-09,-0.0021204888303591844,0.00705997466819604,-0.007772421593261042,-0.006595430337242815,0.07401159025208454,0.01483239626145723,-0.05200000085481211,-0.004568874057798494
2021-02-10,0.0034496803819830135,0.007179598505593614,-0.011907989380733267,-0.004568874057798494,-0.049771052563837376,0.019087587886326862,-0.08548726136216604,-0.0019221838147405867
2021-02-11,0.0037597782463620697,0.007358926464817297,-0.012037558752568523,-0.0019221838147405867,-0.1278490527808348,0.01939648521738577,-0.1700995359069262,0.00177441994339202
2021-02-12,-0.005788933692716775,0.002955694836859968,-0.010713608927451844,0.00177441994339202,-0.06648856477605895,0.013669303764311668,-0.18293433110719193,-0.016235035584380688
2021-02-16,0.0008861432737156913,0.004716637929147178,-0.0192428516853727,-0.016235035584380688,0.29244458551470826,0.023959489614519953,0.15352509187071547,-0.017801523862226845
2021-02-17,-0.014672797071457817,-0.00730948740539523,-0.028327495044171896,-0.017801523862226845,0.1949309384112724,0.02101800763877659,0.321956593513127,-0.008673933567785534
2021-02-18,-0.012613606952879365,-0.006440724225381653,-0.026564912944959506,-0.008673933567785534,-0.01090293341599061,0.02012418871957786,0.2531704353613914,0.0012326714111257225
2021-02-19,0.00407770331829315,0.007679939048883049,-0.0070404037491536885,0.0012326714111257225,-0.09966648878890925,0.014720342798036728,0.092098099159671,-0.03025200557282639
2021-02-22,-0.014425569568278703,-0.0011556216748948482,-0.03343167063892351,-0.03025200557282639,0.17002065191562876,0.03227604896402861,0.20526152299637,-0.0011117240032422343
2021-02-23,-0.01793768342559379,0.005619096633963372,-0.06229765268336484,-0.0011117240032422343,0.4207346603859877,0.06791674931732819,0.5275656001068916,-0.004060370516880425
2021-02-24,-0.007336541342182777,-0.00238647041862335,-0.029265639694992185,-0.004060370516880425,-0.3544317939342303,0.026879169276368957,0.01921460084064773,-0.03540193253422559
2021-02-25,-0.005359355084546664,0.008816232959452318,-0.03912815678124123,-0.03540193253422559,0.28866974285541186,0.04794438974069343,0.2840778121893466,0.0022291383633975936
2021-02-26,0.013137544336949707,0.031405124606955076,0.001734168558564274,0.0022291383633975936,0.10471833702897146,0.02967095604839081,0.3007370709052255,0.05245128052439601
2021-03-01,0.0203263831882724,0.05354622345390672,0.012538568367935479,0.05245128052439601,-0.34703669107547047,0.041007655085970984,-0.16518298673698947,-0.021115000036339666
2021-03-02,0.00483999957713886,0.007251213382603543,-0.02199454759397475,-0.021115000036339666,-0.12871359428226178,0.02924576097657827,-0.3117990664077223,-0.02476059163392446
2021-03-03,-0.0024807373792039684,0.004704360895303989,-0.0265646202183862,-0.02476059163392446,0.0995621534360374,0.031268981113690246,-0.12863482565642706,-0.015938240244790628
2021-03-04,-0.0025429451519598965,0.012537825563632737,-0.028587577549618742,-0.015938240244790628,0.45556441374990475,0.041125403113251385,0.3239351745740095,0.010681127752081162
2021-03-05,0.007050803556738605,0.014954673631174472,-0.02154056858591299,0.010681127752081162,-0.14721808955608015,0.036495242217087574,0.13127207718806772,-0.04256675574957605
2021-03-08,-0.004043726301191651,-0.0034650490252084837,-0.043856703265382165,-0.04256675574957605,0.0039592033627683,0.040391654240173686,0.15136939247729356,0.039845201651029
2021-03-09,0.02268671305199077,0.04782386824228562,0.020668397136182515,0.039845201651029,-0.1755149826054038,0.027155471106102905,-0.07993910548276467,-0.009208950319345974
2021-03-10,0.0049428068878110635,0.008879461904805624,-0.013636192299996115,-0.009208950319345974,-0.14588759598829965,0.022515654204801748,-0.26395563076583217,0.01636802440921378
2021-03-11,0.021112424564704992,0.02656511900189503,0.010611928056470803,0.01636802440921378,-0.08300625641548738,0.015953190945424342,-0.34555720511696525,-0.007654675948712857
2021-03-12,-0.012873569065136828,-0.006498611481291432,-0.02322595603548215,-0.007654675948712857,-0.15645581666239705,0.016727344554190626,-0.39305550441809156,0.024162461298138555
2021-03-15,0.003134839054486992,0.0242431269404794,-0.005052821833825307,0.024162461298138555,0.04763768331371848,0.02929594877430464,-0.23938013209357345,0.012662469607852573
2021-03-16,0.01369719135540044,0.02571698088317613,0.0058703345743742,0.012662469607852573,0.2207438030960005,0.01984664630880203,0.09294298488977228,-0.006471460708226665
2021-03-17,-0.012178634831708599,0.002306813377687328,-0.026059345689997817,-0.006471460708226665,-0.02901500200402426,0.02836615906768516,0.09153955986069957,-0.03449323438986463
2021-03-18,-0.015183661814701956,-0.012745206125946354,-0.036237051197159975,-0.03449323438986463,0.07979018868533044,0.02349184507121375,0.17135070012976003,-0.004490286299564196
2021-03-19,-0.005240599712725935,0.007439293106453043,-0.007077157696358762,-0.004490286299564196,0.4256345996910793,0.014516450802811887,0.5619619288200555,0.02794167779102562
2021-03-22,0.002829595494120331,0.03182426256631639,0.0022476952019626698,0.02794167779102562,-0.5056061639633064,0.029576567364353833,-0.11274550136962369,-0.006912551195157183
2021-03-23,-0.0004863615392315759,0.006865095682126984,-0.01018214316607727,-0.006912551195157183,-0.15893384333398738,0.017047238848204225,-0.3023507774191839,-0.02019608359087706
2021-03-24,0.0022823516477515162,0.0029335142188412003,-0.020362611267783742,-0.02019608359087706,-0.07543456010421083,0.02329612548662485,-0.34671100954563716,0.004154900569348873
2021-03-25,-0.004590380123023209,0.012988867815853011,-0.009117938066354983,0.004154900569348873,0.11020280617839749,0.022106805882207887,-0.19841363102005272,0.005128239181954568
2021-03-26,-0.0019921801968304557,0.007353336063946333,-0.013945349014701633,0.005128239181954568,-0.049497989227957034,0.02129868507864793,-0.21006242168809508,0.001483926952502729
2021-03-29,0.0036235108435323394,0.011239322066027674,-0.003967895779594532,0.001483926952502729,-0.15183738129908264,0.015207217845622165,-0.1903537152930349,-0.012350423121959254
2021-03-30,-0.010600503233686727,-0.008188952333557088,-0.02106216280812994,-0.012350423121959254,0.058310322794014935,0.012873210474572837,-0.0663225929955048,0.018591735435863486
2021-03-31,0.014490007012989033,0.029744984339487045,0.010371385097759356,0.018591735435863486,0.32290005032623453,0.019373599241727803,0.27820913286158333,0.006934545176822819
2021-04-01,0.012286083549168336,0.01648231819867965,0.002779566363959413,0.006934545176822819,-0.45474952575891575,0.013702751834720313,-0.2409340730729567,0.02330359779765286
2021-04-05,0.007048295366791928,0.025366616309864806,0.0005689413321351594,0.02330359779765286,0.16603416038491434,0.024797674977729698,-0.023895089756937556,0.002459225846468795
2021-04-06,0.004754354997504575,0.009722210187445056,-0.0019876770365861328,0.002459225846468795,-0.10054397334225643,0.011709887224031365,-0.11242824294912118,0.01330154149850735
2021-04-07,-0.0030153748608493626,0.013457875195098706,-0.008514073323671618,0.01330154149850735,0.040282154453413405,0.021971948518770316,-0.0707006290084283,0.01905113813636069
2021-04-08,0.008175988146096885,0.019281234239365355,0.004835846976159948,0.01905113813636069,0.06244102624515414,0.01444538726320553,-0.003324103032856414,0.020049269570346574
2021-04-09,-0.004305030870186569,0.02034992576823686,-0.006850655152388127,0.020049269570346574,0.18300772582717245,0.027200580920625078,0.2481134803550841,-0.013321378272986115
2021-04-12,-0.003615518549937394,-0.0011284100730220921,-0.0179801913443306,-0.013321378272986115,-0.1544322290875046,0.016851781271308396,0.02050970285509916,0.024015813033878553
2021-04-13,0.00910198116433283,0.025725360363594567,0.005243673430970057,0.024015813033878553,-0.0016804748695017381,0.02048168693262441,0.012665428868285844,-0.0180144027371861
2021-04-14,0.0037866903091648453,0.0042312154557832896,-0.020820693128018628,-0.0180144027371861,-0.04531803340602582,0.02505190858380186,-0.05697808030395465,0.018535038796433676
2021-04-15,0.013466507841078706,0.022245618192969496,0.012120452675963459,0.018535038796433676,0.024063019819412942,0.010125165517005928,-0.04101778696726107,-0.002531054230359273
2021-04-16,-0.0014880727892635545,0.00126312882345231,-0.009112029782298279,-0.002531054230359273,-0.05079088611824129,0.010375158605750579,-0.09288771290283257,0.005055718395400615
2021-04-19,-0.004856804553746215,0.009717077791984566,-0.006130915086068093,0.005055718395400615,0.1043635797803017,0.015847992878052757,0.05931220647168839,-0.012913004562690159
2021-04-20,0.0013340840499595978,0.005104145814104336,-0.0227273900047235,-0.012913004562690159,0.005797669570482302,0.027831535818827934,0.05872701268557443,0.0029256191960594004
2021-04-21,-0.005650370979534335,0.004796527131871002,-0.01369105409286093,0.0029256191960594004,-0.32001104394438246,0.018487581224732038,-0.2691847684191461,-0.011754185541666849
2021-04-22,-0.0034516934206602094,0.004857053533633998,-0.015779243316944462,-0.011754185541666849,0.20565010336784942,0.020636296850578578,-0.021896359576655814,0.017877774998778996
2021-04-23,0.0016660451836955242,0.02381594406404669,0.0016660451836955242,0.017877774998778996,-0.07243522295933653,0.02214989888035114,-0.08320869248650976,0.002973492257638755
2021-04-26,0.0037896719290360895,0.00549403877282261,-0.005674270501434493,0.002973492257638755,-0.16182778673171913,0.011168309274257092,-0.23027025621641728,-0.0024525435377266216
2021-04-27,0.0021502495270084004,0.005108680484277783,-0.004538196281080047,-0.0024525435377266216,-0.013381090096775062,0.00964687676535789,-0.17648194338792217,-0.006045453012287637
2021-04-28,-0.0005954732737423148,0.0046769312395662415,-0.009795551108000311,-0.006045453012287637,0.490013352774137,0.014472482347566557,0.3894699369898265,-0.0007489411301162342
2021-04-29,0.021404256189827314,0.025791234672396076,-0.008495370327791634,-0.0007489411301162342,0.3380410273006807,0.03428660500018773,0.6262066980300293,-0.01524894796793664
2021-04-30,-0.012817765652440612,0.000599174921057085,-0.018220034363264977,-0.01524894796793664,-0.3189282780168721,0.018819209284321976,0.15479075766023065,0.008181762097687896
2021-05-03,0.004402182230780753,0.019659432336291017,0.0028105537524047417,0.008181762097687896,-0.3797323829591587,0.016848878583886347,-0.28912011239049107,-0.036026746202395626
2021-05-04,-0.010237763302039503,-0.00795359112956167,-0.04506237276406902,-0.036026746202395626,0.6048065254749254,0.037108781634507385,0.2994127574757916,0.0019535667468990143
2021-05-05,0.010503877925804251,0.02013229838637625,0.0009381811862030911,0.0019535667468990143,-0.4932668388177447,0.01919411720017326,-0.3251742506133042,0.012721233575516806
2021-05-06,-0.0016407418764236754,0.012798265496818628,-0.007601093191663982,0.012721233575516806,-0.07247516590714842,0.02039935868848249,-0.35592548520996337,0.003616093177779508
2021-05-07,0.008519185496590465,0.011647557071389552,-0.0020060940637255447,0.003616093177779508,0.010757473492680181,0.013653651135115203,-0.20491741899543905,-0.026143309286186855
2021-05-10,-0.006162896170393515,-0.005158921376231399,-0.0264586993081417,-0.026143309286186855,0.10903575759253005,0.021299777931910294,-0.030078149961136873,-0.007437878917544822
2021-05-11,-0.026764117948256918,-0.004582829151061659,-0.0326926151668134,-0.007437878917544822,0.3592690202977196,0.02810978601575166,0.30108358157338766,-0.025254736249268578
2021-05-12,-0.02013627126214945,-0.010137817873221471,-0.029499266743762586,-0.025254736249268578,-0.11737851650925034,0.01936144887054104,0.2084812129463098,0.017761059416186227
2021-05-13,0.01463543567434589,0.027159028333341658,0.012063502977690412,0.017761059416186227,-0.0579063353134225,0.015095525355651188,0.09054137043179615,0.019650388611717296
2021-05-14,0.010190349889807606,0.02309679640709415,0.00701699119107918,0.019650388611717296,-0.2564109997940692,0.016079805216015045,-0.22164512705687242,-0.009301662012151692
2021-05-17,-0.0049553510118627315,-0.004088351073008831,-0.018051308165989335,-0.009301662012151692,-0.09835369916534421,0.013962957092980458,-0.3257424323555605,-0.011309440361142285
2021-05-18,0.0022940398636120897,0.005685881513677806,-0.011870267965429645,-0.011309440361142285,-0.15880222304866998,0.01755614947910734,-0.45728513153327177,-0.0012823279157824195
2021-05-19,-0.013628651713217824,0.0005605132529745652,-0.016067503800441255,-0.0012823279157824195,0.37985589817229665,0.016628017053415607,0.056690562090199875,0.02079436130839001
2021-05-20,0.004321396793783686,0.02400970081592939,0.0032827286872896227,0.02079436130839001,-0.18647086940345417,0.02072697212863985,-0.08404494761562267,-0.014877201427072445
2021-05-21,0.003997983937900152,0.005405226022924856,-0.016632717527770773,-0.014877201427072445,0.03123226590659621,0.022037943550695535,0.01910398596942074,0.013226329720446916
2021-05-24,0.004613449364846319,0.019813586634802545,0.00405778597644761,0.013226329720446916,-0.22857187598558093,0.01575580065835496,-0.20270271517887417,-0.001574779445462458
2021-05-25,0.005648855644525698,0.009553035005900594,-0.006155798658574496,-0.001574779445462458,0.13218981135008415,0.01570883366447517,-0.04122404951461313,-0.0003941127283155435
2021-05-26,0.00047268226240123896,0.00385385558588639,-0.003789704184352041,-0.0003941127283155435,-0.24121495527691766,0.007643559770238609,-0.30527486600589443,-0.012454051517594754
2021-05-27,-0.003237367360059638,0.00620852261193341,-0.014051726787579967,-0.012454051517594754,0.5143449530768529,0.020260249399513458,0.3076498103496099,-0.00536235764582328
2021-05-28,0.002312147071854517,0.004142146026451812,-0.005843956288234307,-0.00536235764582328,-0.28287605702878676,0.009986102314686182,-0.02504801695548447,-0.002651790150224999
2021-06-01,0.003764682375838134,0.005920947578484653,-0.005391267620618092,-0.002651790150224999,-0.05289534645551412,0.011312215199102721,-0.05586242722203025,0.006256527914626482
2021-06-02,0.0,0.007694804698464892,-0.0018523399638057947,0.006256527914626482,-0.131903224261963,0.009547144662270664,-0.2003925569124827,-0.012228604938742628
2021-06-03,-0.003043145270463703,-0.0016805981131874403,-0.01555291711885187,-0.012228604938742628,0.2514911665788965,0.013872319005664543,0.0868832548653156,0.018843507251345516
2021-06-04,0.004280922316543967,0.02098597400375255,0.002506145936460159,0.018843507251345516,-0.014001688468768491,0.018479828067292463,0.018162244721985497,7.944824019504792e-05
2021-06-07,0.002221684497175138,0.003409862601617007,-0.00845567859852939,7.944824019504792e-05,-0.05625208717313956,0.011865541200146377,0.01606586053628702,0.006649773870081153
2021-06-08,0.00554454448724943,0.020129670923837554,0.002459225846468795,0.006649773870081153,0.046016200056309284,0.017670445077368535,0.06280738489942521,0.0030724363173638206
2021-06-09,0.00370152993099167,0.00793750204366228,-0.0017373551355333266,0.0030724363173638206,-0.26860015082135824,0.00967485717919572,-0.2249757650897355,-0.008055616549897558
2021-06-10,-0.000865635411072995,0.00830339401174372,-0.00940454091144791,-0.008055616549897558,0.22439492395479751,0.01770793492319165,0.0061837406408794615,0.009784642636074163
2021-06-11,0.003324877746015258,0.01049113795147446,-7.931593729047577e-05,0.009784642636074163,-0.2852015310731246,0.010570453888764868,-0.2646594443074906,0.024280736124883233
2021-06-14,0.0036838323909003778,0.024740452331884398,-0.0022010761288842363,0.024280736124883233,0.5936463382464774,0.0269415284607686,0.3930772536633615,-0.0064585520032784
2021-06-15,-0.004147101327470776,0.0009193380081770918,-0.008388830957860183,-0.0064585520032784,-0.4346469839803446,0.009308168966037355,-0.11763870508919448,0.003926210979266916
2021-06-16,0.005615150655892079,0.009595897575243297,-0.009143749471389169,0.003926210979266916,0.38067607084112925,0.01873964704663242,0.2966290186102254,0.012522111167555784
2021-06-17,-0.002692756763343344,0.018272371213916654,-0.003849119636757185,0.012522111167555784,0.05206209969044129,0.022121490850673994,0.25121698112025215,-0.010142977881138769
2021-06-18,-0.00822851555005808,-0.002126843128181264,-0.011830751280647837,-0.010142977881138769,0.11908156739378956,0.009703908152466552,0.3046220974654373,0.014005376356881254
2021-06-21,-0.0012272102791700886,0.014836479178031744,-0.00962767813595879,0.014005376356881254,-0.313110347099153,0.024464157313990292,-0.13774889934217552,0.012618409003462321
2021-06-22,-0.0012857708071282766,0.013364556202344701,-0.005153148257690302,0.012618409003462321,-0.06321039335177582,0.01851770446003504,-0.1625099970181477,-0.002092041908841114
2021-06-23,-0.0015685639449728782,0.0025345641060916294,-0.005613577287514527,-0.002092041908841114,-0.2166904047064058,0.008148141393606275,-0.406196450984946,-0.00217134064173261
2021-06-24,0.005593898734302839,0.007006084066855761,-0.0057758425012901975,-0.00217134064173261,0.1320010979613202,0.012781926568146125,-0.2017074140594044,-0.0022512619965060023
2021-06-25,0.0003747371409213307,0.003591442109932634,-0.004507603611290713,-0.0022512619965060023,0.029719445345542966,0.008099045721223478,-0.1030249368481245,0.012467951816820925
2021-06-28,0.0022512619965060566,0.015949059082346,0.00180143775442324,0.012467951816820925,-0.13070081124574515,0.014147621327922773,-0.13137107991355051,0.011434620168019558
2021-06-29,0.00014841065629335917,0.012607581652945999,-0.0031954299696030403,0.011434620168019558,0.03860667625591072,0.01580301162254892,-0.041934045408043505,0.0046105307849875245
2021-06-30,-0.0011743389394306047,0.007890753365564078,-0.003379920330239089,0.0046105307849875245,-0.020259264694052502,0.011270673695803143,-0.03133774920446348,0.00226085897400062
2021-07-01,-0.002631969595718185,0.0026978404613633338,-0.00880038095041942,0.00226085897400062,-0.18673269169919549,0.011498221411782857,-0.22736358777654897,0.01940689508131225
2021-07-02,0.004578920150734492,0.019692602221230524,0.00349062764495007,0.01940689508131225,0.4070376300448652,0.016201974576280406,0.23018166304050308,0.014611207368077129
2021-07-06,0.000785634471271435,0.02253627343753394,0.000785634471271435,0.014611207368077129,0.31623285837327836,0.021750638966262604,0.5209778820418637,0.017795947144979396
2021-07-07,0.01064577239096868,0.020006906782650973,0.004496279682619125,0.017795947144979396,-0.03069505444519967,0.015510627100031888,0.35627441477745564,-0.00924228650283921
2021-07-08,-0.02089892870339555,-0.0035340074683745852,-0.02734716122950596,-0.00924228650283921,0.0063082459837186895,0.02381315376113149,0.2583493184570561,0.0129704962295284
2021-07-09,-0.0034267349434837736,0.016684858020479833,-0.004127548606745214,0.0129704962295284,-0.05534874745680378,0.02081240662722516,0.10425169690077012,-0.004212572156644889
2021-07-12,0.00755191063955705,0.008303974429646943,-0.007678780133131128,-0.004212572156644889,-0.2694085828869656,0.015982754562778055,-0.26531234078340543,0.007858311563922202
2021-07-13,-0.0032579048168675014,0.020277490539107525,-0.006038925112985724,0.007858311563922202,0.2787381622754327,0.026316415652093094,0.0185713993267121,0.023814650922352156
2021-07-14,0.016749943369467567,0.026626740523326444,0.013909902042934415,0.023814650922352156,0.2311798377697724,0.012716838480391866,0.26472498749695,-0.004502229775527329
2021-07-15,0.0006033151217806382,0.005682824057494589,-0.013907850604575531,-0.004502229775527329,-0.17343902310940307,0.019590674662070033,0.046873649260155005,-0.014175951249266395
2021-07-16,-0.00013463335042581437,0.008583735786265884,-0.017665840851323056,-0.014175951249266395,-0.1358489115544646,0.026249576637589003,-0.09141477401072026,-0.027283249493411783
2021-07-19,-0.01819860933650777,-0.01597494560266987,-0.032773892547495916,-0.027283249493411783,0.26407677443944727,0.016798946944825862,0.1857429700565381,0.025642410274702807
2021-07-20,0.007065257977307605,0.032121629579123484,0.003573878293872491,0.025642410274702807,-0.23138845139512254,0.028547751285251083,-0.13137270730736456,-0.005144926673252077
2021-07-21,-0.004251207258006633,-0.0001367798945293204,-0.01045465894890169,-0.005144926673252077,-0.25058595174650417,0.010317879054372344,-0.37377596586993805,0.009582613846949351
2021-07-22,0.0037070719443027685,0.01907416914782163,0.002815864462436802,0.009582613846949351,0.030786568938737227,0.016258304685385066,-0.24257853782167405,0.011917763641687975
2021-07-23,0.005095985102864481,0.01299421465229564,0.0008170715195737512,0.011917763641687975,-0.0792264974221059,0.012177143132722,-0.26012148030323934,0.0028903258579504668
2021-07-26,-0.001953935765299048,0.008512429665290375,-0.005805731735177437,0.0028903258579504668,0.01371566835322393,0.0143181614004678,-0.19820719507940768,-0.01501246173558133
2021-07-27,0.0008720917245035549,0.0014755281798287776,-0.02335953530988722,-0.01501246173558133,0.3695540540713713,0.024835063489715977,0.28897160612064005,-0.012270992329594539
2021-07-28,-0.013444243251878174,0.0013617278913778494,-0.02924414976092562,-0.012270992329594539,0.1263139376020421,0.03060587765230334,0.39394236118325227,0.004542046712990222
2021-07-29,-0.002002232781070081,0.010770915577486806,-0.0027627721666204797,0.004542046712990222,-0.740779782304467,0.013533687744107152,-0.4508024357046973,0.0015094426241806227
2021-07-30,-0.008689072586219504,0.004726538501113217,-0.010560918030821608,0.0015094426241806227,0.21700440912661934,0.01528745653193476,-0.18630562580882903,-0.002333698170766378
2021-08-02,0.003422082580623776,0.0074451103570156085,-0.004190866008569117,-0.002333698170766378,-0.11354165335834121,0.011635976365584675,-0.2974717827423372,0.012565013079081318
2021-08-03,0.0019908240146200864,0.01716889859642064,-0.002339262162356814,0.012565013079081318,0.029870643729795403,0.019508160758777534,-0.24477331792655485,-0.0027862045512995278
2021-08-04,-0.000610910899759815,0.00291372514914877,-0.007355991712700535,-0.0027862045512995278,-0.13919184809742113,0.01026971686184935,-0.2822098934114625,0.0007482780690412528
2021-08-05,0.00020412193480449825,0.0060382110250071005,-0.005322056723288263,0.0007482780690412528,-0.19465705471521483,0.011360267748295278,-0.2936676534148303,-0.0062755879800599264
2021-08-06,-0.004839595323828455,0.0003399602444209408,-0.009771458143266245,-0.0062755879800599264,0.15407955308260243,0.01011141838768713,-0.1059215589796339,-0.0003422171096524703
2021-08-09,0.00041046425523506483,0.0038246021596375925,-0.004251498616763107,-0.0003422171096524703,-0.10137414735429566,0.008076100776400754,-0.1515488119190447,-0.003359667394599102
2021-08-10,0.002392959846818364,0.011028092428604171,-0.0054222534975461876,-0.003359667394599102,0.3444859364123444,0.016450345926150443,0.24328140519201688,0.0017840840582546884
2021-08-11,0.003085872046709704,0.0076628391457703214,-0.0004809351450827355,0.0017840840582546884,-0.3530114628354466,0.008143774290852892,-0.1252653952147889,0.02056051242752377
2021-08-12,0.002259900483162224,0.02163457885821582,-0.0001371564806416565,0.02056051242752377,0.39915366795678514,0.02177173533885744,0.302960722992257,0.0014094885382967708
2021-08-13,0.0005371774176762259,0.003687216649452145,-0.004172809322768625,0.0014094885382967708,-0.19671017394529505,0.00786002597222057,0.013702888794652679,0.013456928176014052
2021-08-16,-0.0037630256643130565,0.013920077433633918,-0.01779662504204349,0.013456928176014052,0.5537253908526236,0.0317167024756774,0.5496649299037464,-0.006173015409483821
2021-08-17,-0.005906766247558258,0.0036987993369788736,-0.013524065005195554,-0.006173015409483821,-0.11331644870281242,0.017222864342174363,0.2687540372671089,-0.025831831151727186
2021-08-18,-0.0026000840176067085,0.003522643454257147,-0.027267725677682018,-0.025831831151727186,-0.06615137716591363,0.03079036913193922,0.13883954049696748,0.0023203200250105777
2021-08-19,-0.009128735165955729,0.01114292944290166,-0.012789836768726602,0.0023203200250105777,0.007320865330305884,0.02393276621162814,0.05020959996120406,0.01010558633070086
2021-08-20,0.005031665573986201,0.01219529389653025,0.0005451944541432843,0.01010558633070086,-0.3619888288023803,0.011650099442386963,-0.3466592397489645,0.010204883630635656
2021-08-23,0.0008094106154379799,0.013405924796015623,-0.0020265006253117556,0.010204883630635656,-0.006924044122669722,0.01543242542132737,-0.35632272216018734,-0.0006014204980604613
2021-08-24,-0.001738265997539261,0.007652124163738541,-0.003747664268799515,-0.0006014204980604613,-0.21278361026471615,0.011399788432537934,-0.46315551579533315,-0.008456957074120227
2021-08-25,0.00126909442310603,0.004667690019888454,-0.0122386846475113,-0.008456957074120227,0.1936347659264134,0.016906374667399766,-0.149660096827122,-0.005542476784628126
2021-08-26,-6.736885587649048e-05,0.005109561457717891,-0.005745823882688593,-0.005542476784628126,-0.19382405932763463,0.010855385340406509,-0.26032852165975323,0.0071588934063623435
2021-08-27,-0.0004067355545735989,0.008167764474987182,-0.004823812505329706,0.0071588934063623435,0.13825096313699603,0.012991576980316874,0.007683955601146727,0.029963722458732828
2021-08-30,0.0026881325883446935,0.03237728075661816,6.72555204329028e-05,0.029963722458732828,0.48856668988576213,0.032310025236185355,0.5135448954882484,-0.008460409861850555
2021-08-31,-0.003008645456859747,-0.002091999111190393,-0.012023415436572968,-0.008460409861850555,-0.05078149873643024,0.00993141632538263,0.35545900399568997,0.004468645695709045
2021-09-01,0.006564718566738136,0.020534562813985836,0.0033533549515918073,0.004468645695709045,-0.07366185375219433,0.01718120786239404,0.16408028010259385,0.007447117203288173
2021-09-02,0.008877926686218061,0.014386907945035065,-0.0007215284464757248,0.007447117203288173,-0.12163490074918061,0.015108436391510658,-0.01824098097163337,0.00422153029420156
2021-09-03,0.0007156606434150599,0.006357949211739154,-0.003651289030288437,0.00422153029420156,-0.20716603248035362,0.010009238242027601,-0.2857342758504977,0.0153705675502451
2021-09-07,0.004332778529076766,0.01900167248571444,0.0005830855533296242,0.0153705675502451,0.3529681200316661,0.018418586932384805,0.06203137334329973,-0.010134800125821608
2021-09-08,0.0018490347846326358,0.0022311605181713984,-0.017446650594393754,-0.010134800125821608,-0.1003799930498114,0.019677811112565006,-0.01564765259152124,-0.006727454439682726
2021-09-09,0.0024469096261911234,0.006426344306709489,-0.007506692024154957,-0.006727454439682726,-0.2613273151514441,0.013933036330864526,-0.24462154016258986,-0.03366214054614631
2021-09-10,0.006018024787310344,0.009109986372918587,-0.03547625918874434,-0.03366214054614631,0.8996020613488543,0.04458624556166293,0.7199183899762844,0.0038858538964379463
2021-09-13,0.011081579544869767,0.01631246899681562,-0.001477907160050647,0.0038858538964379463,-0.31907345265062564,0.017790376156866218,0.21563089898367624,-0.00960808240206405
2021-09-14,0.005335144547691041,0.010112548555689346,-0.017810626172321833,-0.00960808240206405,0.06513383891416769,0.02792317472801121,0.17815710713030944,0.006124896689548475
2021-09-15,0.0029661775304803215,0.008872267737402007,-0.011885093943688953,0.006124896689548475,-0.2718385086501551,0.020757361681091012,-0.1510832792386702,-0.0016117490532148273
2021-09-16,-0.00396676713022406,-0.00040266818392228524,-0.012219544847458729,-0.0016117490532148273,-0.2022149841052865,0.011816876663536414,-0.37142887858794305,-0.018518391239625225
2021-09-17,0.00020170046790185878,0.00020170046790185878,-0.020574474891211413,-0.018518391239625225,0.6465156600000835,0.020776175359113323,0.2535665293934936,-0.02159250060510209
2021-09-20,-0.015594012967688158,-0.008387819863258194,-0.0333444963100709,-0.02159250060510209,-0.050454418801025414,0.024956676446812806,0.22523272836546407,0.0034220813695887402
2021-09-21,0.006902040515440959,0.011546373062545,-0.0011200033469942563,0.0034220813695887402,-0.48752355037600015,0.012666376409539316,-0.3041596206814301,0.016731677920266697
2021-09-22,0.0070863455441436095,0.020700388307238915,0.0018807116066137455,0.016731677920266697,0.00749223641813074,0.018819676700624944,-0.22934430326704625,0.0066967292837967676
2021-09-23,0.005470015642224923,0.008397930720824748,-0.0014409190452165234,0.0066967292837967676,-0.1641440414706126,0.00983884976604141,-0.37907267527292304,0.0006127410431074638
2021-09-24,-0.008000303514163863,0.004349306095064252,-0.008687111473971157,0.0006127410431074638,-0.1926264513934962,0.013036417569035294,-0.5649284439582035,-0.01060602563915607
2021-09-27,-0.009918320311716584,-0.006555550922289923,-0.021325639887894886,-0.01060602563915607,0.3268310244159836,0.014770088965605064,-0.06089800219585593,-0.02408910319706919
2021-09-28,-0.014690827254524499,-0.0042740663962688805,-0.02564059304262034,-0.02408910319706919,0.38499421262962313,0.021366526646351542,0.4578423650390801,0.006462045042051413
2021-09-29,0.003938380144977448,0.017740326133198175,0.0008452146460472546,0.006462045042051413,-0.37892640499085545,0.01689511148715095,-0.012874595129348642,-0.009355407611063273
2021-09-30,0.005794297443803091,0.010793621835833886,-0.010911396479016637,-0.009355407611063273,0.17710592903355266,0.021705018314850555,0.16901271204267757,0.008094317789565837
2021-10-01,0.0028228240699086763,0.009985303260171082,-0.017034725624266906,0.008094317789565837,0.06080274758314135,0.027020028884437868,0.1674005689540543,-0.024913418763963115
2021-10-04,-0.006258586765834516,-0.003089149277318427,-0.03118570857292541,-0.024913418763963115,0.038171813673630525,0.028096559295606977,0.10768597101734691,0.014059116286134297
2021-10-05,0.002512337375591268,0.022035194275681114,0.0015799013749730128,0.014059116286134297,-0.19551493891246308,0.02045529290070804,-0.14114022250635574,0.006287325206231323
2021-10-06,-0.01169019927198407,0.007343062764830311,-0.019608511001823262,0.006287325206231323,0.028768053564207457,0.026951573766653535,-0.0500953567302101,0.009043444272150338
2021-10-07,0.007437048013366214,0.015512862351526322,0.005057619783571453,0.009043444272150338,-0.2986871471318086,0.010455242567955008,-0.3682925762123399,-0.0027254596493859855
2021-10-08,0.005151100862208335,0.006191966303889004,-0.005107555276376743,-0.0027254596493859855,-0.04912780562075207,0.01129952158026556,-0.3542134835936181,-0.0006299838546685544
2021-10-11,-0.004418351530297258,0.013277479257110135,-0.007656925966807728,-0.0006299838546685544,0.09223789509964818,0.020934405223917776,-0.17243845955458412,-0.00914471122328127
2021-10-12,0.0029366415930449446,0.0030762972254925695,-0.012471567882317796,-0.00914471122328127,0.1250272372947773,0.015547865107810315,0.045201625204523095,-0.004248932450066441
2021-10-13,-0.0019097371934797592,-0.0007776368484949844,-0.016458621169303644,-0.004248932450066441,0.0754884334586779,0.01568098432080872,0.14336437677167294,0.020023789568637086
2021-10-14,0.008479995202684772,0.020858238068114668,0.004248932450066433,0.020023789568637086,-0.11927231678624044,0.016609305618048152,0.037244419034409774,0.007484455348968228
2021-10-15,6.962588718777382e-05,0.007898602939729056,-0.001740523359027593,0.007484455348968228,-0.028537839374622856,0.009639126298756493,-0.015277396124039312,0.011737028367291425
2021-10-18,-0.009643138460257899,0.013713874075565598,-0.011666748135254331,0.011737028367291425,0.23092972857995128,0.025380622210819888,0.1894227436024793,0.014967544149611585
2021-10-19,0.003133886329047653,0.01771989490998101,0.0,0.014967544149611585,-0.1138526269456838,0.01771989490998101,0.017591363089239274,0.0033554827700701876
2021-10-20,-0.0004033991873252399,0.006633004865041806,-0.004311509050353437,0.0033554827700701876,-0.2680687241798531,0.01094451391539514,-0.2593469882853599,0.0014728611345378611
2021-10-21,-0.003019406864825925,0.002542690500558723,-0.009356238536172857,0.0014728611345378611,0.05011404038373884,0.011898929036731537,-0.15399753294700563,-0.0052989579065551035
2021-10-22,0.001403929201767667,0.004671949867010174,-0.005635305075836982,-0.0052989579065551035,-0.04219257890303427,0.010307254942847094,-0.1722163372463238,-0.0003363471692817738
2021-10-25,-6.732196114704852e-05,0.004562798504251858,-0.007222246863567638,-0.0003363471692817738,-0.14922707760668746,0.011785045367819678,-0.2952067365329098,0.0045644321375810735
2021-10-26,0.004631363371689713,0.014692377152762863,0.002486109963681339,0.0045644321375810735,0.18279265474668951,0.012206267189081669,-0.004442815371023198,-0.003152574630612816
2021-10-27,0.0002678002230438889,0.0027419405183232207,-0.005574050195404717,-0.003152574630612816,-0.0820798951534273,0.008315990713727947,-0.03456019438160731,0.024684426664481847
2021-10-28,0.006495493940268469,0.02860927525581117,0.005827762723211997,0.024684426664481847,0.5789039834198161,0.022781512532599024,0.5523801355339637,-0.018322463675404244
2021-10-29,-0.03569548020848482,-0.017388324773267568,-0.04121262491264786,-0.018322463675404244,0.2219903844720466,0.023824300139380396,0.6484260803666801,-0.005623232854966935
2021-11-01,-0.00542186498673945,-0.0006678204155751708,-0.013441062293345003,-0.005623232854966935,-0.515955608748657,0.012773241877769775,-0.05172624443951851,0.00709078842039845
2021-11-02,-0.0020160146690925253,0.01736975416554836,-0.0020833502159021025,0.00709078842039845,-0.07611059918609439,0.019453104381450592,-0.18683403991686576,0.009751005410368259
2021-11-03,0.002463268864297768,0.012914493957275147,-0.0013340246142407263,0.009751005410368259,-0.23746137067816525,0.014248518571515838,-0.4438543172360118,-0.0035047068963619497
2021-11-04,0.0005938980325399631,0.006185773792895712,-0.005626772133959786,-0.0035047068963619497,0.10248800838628021,0.011812545926855714,-0.3376322633276544,0.0021174707462662673
2021-11-05,0.006141625096776853,0.008180479841842345,-0.005979747686722971,0.0021174707462662673,0.08059914869629728,0.014160227528565487,-0.15858433255007906,-0.005568066450464244
2021-11-08,0.0008589969259497569,0.0019151964848773736,-0.007430999614736433,-0.005568066450464244,-0.17378573261602692,0.009346196099613827,-0.16384029910650857,0.0024564003533966788
2021-11-09,-0.0015966308185010707,0.006559073770963227,-0.002529151982525017,0.0024564003533966788,0.031610161813611815,0.009088225753488187,-0.06995226348615141,-0.019349175483783353
2021-11-10,-0.005252103163204793,-0.00451913223586137,-0.019822462603674863,-0.019349175483783353,0.1379383217320634,0.015303330367813587,0.10933356539189135,-0.0003380983357727339
2021-11-11,0.00700628390018003,0.010156432038733896,-0.0016238535408436105,-0.0003380983357727339,-0.4636895298921237,0.01178028557957755,-0.39024218282755174,0.014235185466388535
2021-11-12,0.003779940927659659,0.01696489456943855,-0.0026409319682358604,0.014235185466388535,0.442243817605894,0.019605826537674342,0.11818348257271463,6.663226545294235e-05
2021-11-15,0.002530229231439764,0.01252210568194573,-0.0037406550918818735,6.663226545294235e-05,-0.074509281430606,0.01626276077382756,0.04954727071078318,0.006644542718668511
2021-11-16,-0.00040006373878517646,0.00988435833487793,-0.004409733010659543,0.006644542718668511,0.000563813011331523,0.014294091345537555,0.03531022381868665,0.01635561729880842
2021-11-17,0.0,0.026145280104322207,-6.619097756736115e-05,0.01635561729880842,0.404595059829197,0.026211471081889752,0.43131194709174747,0.028136424500577562
2021-11-18,0.0014322998018996584,0.033191108092247235,-0.00287076878269808,0.028136424500577562,0.4395388786235987,0.03606187687494543,0.79215065902691,0.01683356092935839
2021-11-19,-0.0013945313388493594,0.019756728791252388,-0.008524201512703767,0.01683356092935839,-0.16122185898838612,0.028280930303956103,0.36070649448848546,0.00292316786189403
2021-11-22,0.007013588250986173,0.03157346647148096,0.002798925440794415,0.00292316786189403,0.0013826094159222295,0.02877454103068639,0.23913096196390424,0.0024191270678687498
2021-11-23,0.0006207912592490622,0.004832416080125121,-0.012247133225537846,0.0024191270678687498,-0.20138055019032258,0.017079549305663147,-0.08088322131392268,0.0032781768605293824
2021-11-24,-0.004097371355702644,0.004512421321780593,-0.011026458116198005,0.0032781768605293824,-0.32398168021761276,0.015538879437978506,-0.4731322058044261,-0.032191045510220735
2021-11-26,-0.01474316801190329,-0.00924356279808777,-0.035064866505704874,-0.032191045510220735,0.10248033323815174,0.02582130370761713,-0.33533574759952817,0.021637859814676315
2021-11-29,0.01619364640958567,0.027548942731239322,0.01254766643284174,0.021637859814676315,0.14251993885823244,0.015001276298397457,-0.0727759356524956,0.03108929765049663
2021-11-30,-0.0015613780233750827,0.03241933361122558,-0.0019990468960884604,0.03108929765049663,0.6735285513348231,0.034418380507314064,0.6624565511925917,-0.003211435289726031
2021-12-01,0.013101892351753776,0.02979958229962251,-0.004669106309689046,-0.003211435289726031,-0.13510584184644342,0.034468688609311474,0.40858745343078784,-0.006148680190145027
2021-12-02,-0.03728290973167007,-0.0034654095664733093,-0.04322216024801026,-0.006148680190145027,-0.10615039399878776,0.039756750681536945,0.19730738154349584,-0.011793737577514169
2021-12-03,0.0015864898476374008,0.007301153159577854,-0.02497961797125204,-0.011793737577514169,-0.14719509393079014,0.03228077113082982,-0.06309379878278217,0.021274863715286012
2021-12-06,0.01502494782076539,0.03664129731899708,0.014964111426204699,0.021274863715286012,-0.09341742781694343,0.021677185892792338,-0.21979624346313276,0.03483255771999909
2021-12-07,0.02248895258129209,0.037166606869731104,0.018102688082372448,0.03483255771999909,0.11340144216573965,0.01906391878735853,-0.13400951682247095,0.022527431114270496
2021-12-08,0.005534441983605906,0.02754114296935007,-0.0028079797443195816,0.022527431114270496,-0.028699849323147966,0.03034912271366955,-0.08157709988403086,-0.0029745146823804036
2021-12-09,-0.0009714459250046518,0.009493281995598917,-0.00664760993632728,-0.0029745146823804036,-0.07151689592940781,0.01614089193192618,-0.09628328176830073,0.0276280924887399
2021-12-10,0.0037167847192651963,0.028630698864652714,0.000744480394085195,0.0276280924887399,0.057780113565962105,0.02788621847056748,0.008992266442726337,-0.020890939262411094
2021-12-13,0.009263167468383805,0.014824144032499768,-0.022086639073572896,-0.020890939262411094,0.28355799182619373,0.03691078310607272,0.29714312511671015,-0.00805559606652528
2021-12-14,-0.0027921354103321687,0.011316177890912322,-0.02029096002171259,-0.00805559606652528,-0.09477885664844872,0.03160713791262487,0.1250750521904837,0.028110332372981155
2021-12-15,0.004464286110835209,0.02922514266982713,-0.011654899272184237,0.028110332372981155,-0.06152647325691243,0.040880041942011294,0.033159753231702414,-0.0400554661592568
2021-12-16,-0.00011157494773571323,0.010209811945813087,-0.04885989918058816,-0.0400554661592568,0.13619278164672738,0.059069711126401046,0.14740945359999966,-0.0065230000487095435
2021-12-17,-0.013618387027604815,0.006999749338056385,-0.015031674100046934,-0.0065230000487095435,0.2633428803867591,0.022031423438103496,0.34902208118759226,-0.00815516498471573
2021-12-20,-0.016852679955201188,-0.003277525798270765,-0.021737374554872804,-0.00815516498471573,-0.5977335991953834,0.018459848756601886,-0.35855958268419147,0.018907054674308973
2021-12-21,0.01060627897924782,0.020120212069680277,-0.003718273188759292,0.018907054674308973,-0.1645821955751459,0.02383848525843963,-0.4618470772052283,0.015202621105387719
2021-12-22,0.00028892173217830245,0.016454406308408945,-0.00486766678321853,0.015202621105387719,0.010357869008625691,0.021322073091627435,-0.3825598893803699,0.003637190830487573
2021-12-23,0.0011949514101359476,0.006865507945373805,-0.0021087757569646366,0.003637190830487573,-0.29852002855076953,0.008974283702338574,-0.6217122297933922,0.02271488282410102
2021-12-27,0.004584424192349212,0.02321382303065752,0.004471542932543412,0.02271488282410102,0.09167741821097991,0.018742280098114177,-0.3924109918372358,-0.005783946712725312
2021-12-28,-0.0009431505947820372,0.005530069890757121,-0.010031868385744267,-0.005783946712725312,0.054857230039380145,0.015561938276501402,-0.09255617860785201,0.0005019187499866792
2021-12-29,0.0002231250104991902,0.00744619801622391,-0.006434814582888683,0.0005019187499866792,-0.2385267389439207,0.013881012599112515,-0.2635328081767974,-0.006599989999108213
