date,open_ret,high_ret,low_ret,close_ret,volume_ret,range_ret,vol_ratio,target_return
2019-01-03,-0.016567905476786333,-0.004194572931901294,-0.0428520642889069,-0.04029895595791059,0.2744943132505696,0.03865749135700559,0.2744943132505696,0.047486825586546086
2019-01-04,0.019011453128965784,0.05392079572287639,0.008218333385462679,0.047486825586546086,0.09866694758020775,0.045702462337413784,0.22652513421739545,0.013481341892953339
2019-01-07,0.01648651588103738,0.02794490149145931,0.004851340797798685,0.013481341892953339,-0.10551441339308523,0.023093560693660718,0.03966605072376533,0.01480738083846251
2019-01-08,0.01467844532945147,0.01948103755583882,-0.004064747759706845,0.01480738083846251,0.012943220394741287,0.02354578531554556,0.042544279953464235,0.01174951068198068
2019-01-09,0.005699738448349451,0.025082494723275357,-0.002926715898603997,0.01174951068198068,-0.02519329408396064,0.028009210621879374,0.008696095755096138,0.009890239586297617
2019-01-10,-0.007075853964604439,0.011025100324970557,-0.015926979506935845,0.009890239586297617,-0.2843674080586623,0.026952079831906513,-0.3201396700516467,-0.0009256973534600113
2019-01-11,-0.008701573493761884,0.006497761292928563,-0.010740097085160653,-0.0009256973534600113,0.16176992466820303,0.017237858378089235,-0.10551398713256069,-0.012666732189896692
2019-01-14,-0.009389348280067721,-0.00544527020986246,-0.023813168527419805,-0.012666732189896692,-0.19860053624923715,0.018367898317557235,-0.2539782598715817,0.03271281830532034
2019-01-15,0.014138983363272843,0.039169860572115946,0.011445154790613468,0.03271281830532034,0.3383829902527806,0.0277247057815025,0.14777150765754846,-0.0016931459690039613
2019-01-16,0.005103334296068389,0.006743998698045806,-0.0111195568246243,-0.0016931459690039613,-0.23691218408148837,0.017863555522670268,-0.0872747555840175,0.010075121697819892
2019-01-17,-0.007550616931891343,0.01269035449930119,-0.013188459821160075,0.010075121697819892,-0.017129093602271883,0.02587881432046138,-0.058318135683702386,0.012644760715250142
2019-01-18,0.01240232674109698,0.025370993815098837,0.0002045742165025372,0.012644760715250142,0.26891709150964993,0.02516641959859617,0.20188274528959127,-0.014897655853365421
2019-01-22,-0.00966226105521899,-0.007706048497711929,-0.025865948293136595,-0.014897655853365421,0.1130505384561855,0.018159899795424695,0.2804647676220371,0.00527616623735439
2019-01-23,0.00433750388455781,0.0175204069994211,-0.013417478277383222,0.00527616623735439,-0.7157075474876803,0.030937885276804498,-0.5293417269333548,-0.010580381034368612
2019-01-24,0.0019561328794873043,0.0034207410219137526,-0.01628596111603242,-0.010580381034368612,0.584082307503163,0.019706702137946033,0.1537188945715049,0.009805003237044464
2019-01-25,0.00996832341833792,0.01854404530631102,0.003580304384909596,0.009805003237044464,0.04804481764688105,0.014963740921401427,0.1543879124401798,-0.012736371120113428
2019-01-28,-0.016257162135231797,-0.0070877070541076215,-0.023127154286990637,-0.012736371120113428,-0.5939748326923948,0.016039447232883006,-0.4980548863992663,-0.01491322212804166
2019-01-29,-0.00016544078365051594,0.004208576153722358,-0.019118973299590718,-0.01491322212804166,-0.0856854936625192,0.023327549453313227,-0.4870101236897121,0.0182979857747879
2019-01-30,0.007900880756043225,0.019656940962816817,0.0025149480728400408,0.0182979857747879,0.2482352225343584,0.01714199288997679,-0.08709326712131056,0.021000217590417845
2019-01-31,0.0013589551880289882,0.025750408312188066,0.0013589551880289882,0.021000217590417845,0.7014496447756022,0.024391453124159263,0.5815646494823671,-0.0017770700579686576
2019-02-01,0.0,0.01290955649757193,-0.0069647235449702425,-0.0017770700579686576,-0.5012257408450287,0.01987428004254204,-0.012671169064240158,0.029317803040450945
2019-02-04,0.004758619577622116,0.03811149994736083,0.002745006860215521,0.029317803040450945,0.20005911315379216,0.03536649308714519,0.24012177231000068,0.0003140035705299744
2019-02-05,0.007820422894338102,0.014884327164990652,-0.002869824028903089,0.0003140035705299744,-0.19719505510001706,0.0177541511938937,-0.060932421445947856,-0.0018461470306532376
2019-02-06,0.0009413597309137347,0.004346498674708125,-0.0162605228350805,-0.0018461470306532376,-0.1807055063052756,0.020607021509788524,-0.30775224371334203,-0.0024011529040542214
2019-02-07,-0.011944471327408746,-0.00015730957699182013,-0.016131009012483738,-0.0024011529040542214,-0.19020573170368593,0.015973699435491897,-0.5012067960979966,0.012765942533977469
2019-02-08,-0.009304626671552666,0.012960428651333084,-0.012292498152478406,0.012765942533977469,0.27246663096338847,0.025252926803811394,-0.04502441141526451,0.005394043265164032
2019-02-11,0.007327232746293589,0.011220833268132028,-0.0031567186709293457,0.005394043265164032,0.2495192731028768,0.014377551939061371,0.22385746596458417,0.011466881120769344
2019-02-12,0.00678823611440373,0.014828119116022683,0.0010830417803057055,0.011466881120769344,-0.3399660806534579,0.013745077335716914,-0.10422979404089251,-0.0043711117048412995
2019-02-13,0.006711215906901087,0.0075848525862050485,-0.00768141441609425,-0.0043711117048412995,-0.28192780027208064,0.015266267002299227,-0.34797160070987077,-0.0003458936308950991
2019-02-14,-0.003194649223327275,0.005671090272172418,-0.008567515866117354,-0.0003458936308950991,-0.007768158068892366,0.01423860613828968,-0.30703991368662137,-0.002655951082020902
2019-02-15,0.000768451026256398,0.003185458919703452,-0.007989109613623849,-0.002655951082020902,0.46441776553959113,0.011174568533327416,0.17424542767392828,-0.006341182820897619
2019-02-19,-0.001813171801171626,0.002348311371920008,-0.011630291428075637,-0.006341182820897619,0.14742153954334863,0.013978602799995708,0.3026085879924577,0.0011242603299411317
2019-02-20,0.0012404828613408437,0.012259184952321128,-0.0073579815560288414,0.0011242603299411317,-0.3355749525706283,0.0196171665083501,-0.028087030352289634,-0.0013181730572728715
2019-02-21,-0.0031044585275373277,0.004831393958864324,-0.011613126809914956,-0.0013181730572728715,0.04816138283425579,0.016444520768779353,0.022707355860325122,0.004412905867525589
2019-02-22,-0.0005822008255100098,0.009575287324471455,-0.0005822008255100098,0.004412905867525589,-0.26221086670679755,0.010157488149981507,-0.29354719190417905,-0.0010820791952453304
2019-02-25,0.009992420322285612,0.01563616225236751,-0.00278487547278187,-0.0010820791952453304,-0.099616547584224,0.018421037725149345,-0.4021184709262079,0.010003184835012861
2019-02-26,-0.0024001990658293134,0.015195962380827387,-0.008738089512659608,0.010003184835012861,0.3352047744065132,0.023934051893487,0.02431141777630581,0.00641073969726455
2019-02-27,-0.005566386987161749,0.007095148570190701,-0.018156377370147546,0.00641073969726455,-0.11336177104870575,0.025251525940338262,-0.010435915293265725,-0.0015226264880456157
2019-02-28,-0.0019036747101395678,0.012624412433337687,-0.004345617797789838,-0.0015226264880456157,0.5193387808829193,0.016970030231127444,0.5281208337892306,0.00573593617473533
2019-03-01,0.012304935190378874,0.014147038921383278,-0.0038167985267008537,0.00573593617473533,-0.38450684030199433,0.017963837448084052,0.04189877553152334,-0.02240745627728222
2019-03-04,0.010137458752199542,0.011261640193835729,-0.038337832941035946,-0.02240745627728222,0.14370975613410006,0.04959947313487174,0.13941674836368473,-0.003025950892393249
2019-03-05,0.003248499770406219,0.006601925255270851,-0.006957867454344495,-0.003025950892393249,-0.3541167215789931,0.013559792709615342,-0.30135494262318524,-0.0038149097948866097
2019-03-06,7.766041310586896e-05,0.00816451754729885,-0.013849478188639276,-0.0038149097948866097,-0.07470837048478489,0.02201399573593804,-0.3448088699669367,-0.0036728333457399743
2019-03-07,-0.00246008139485129,0.004242145230155928,-0.012203650398975056,-0.0036728333457399743,0.49042933143657863,0.016445795629130882,0.16886236984219335,-0.0028224291706918656
2019-03-08,-0.01566261873576093,-0.0017238776872812434,-0.025211421125706637,-0.0028224291706918656,-0.3721508191300737,0.02348754343842547,-0.1557033721873111,0.024123667403100908
2019-03-11,0.004855861011621155,0.026037836726729165,0.004035181121580457,0.024123667403100908,0.21121148221925876,0.02200265560514871,0.08707775821704311,0.009724248856713153
2019-03-12,0.0034428477311266655,0.01441887835299526,-0.00750039743206184,0.009724248856713153,-0.04843067574523564,0.021919275785057053,0.061698354631795266,0.0032961256349374737
2019-03-13,0.007523485696759914,0.02358954354367936,0.0023500696888746333,0.0032961256349374737,0.43527253236192825,0.021239473854804673,0.45807357338375476,0.012442123080272864
2019-03-14,0.003323033261329262,0.013599499890685473,-0.0032582558815224417,0.012442123080272864,0.24744694388862642,0.016857755772207838,0.5556137547437116,-0.040403399800960284
2019-03-15,-0.03675375119980367,-0.02914797268491638,-0.060281480499062026,-0.040403399800960284,0.8622082999085873,0.03113350781414572,1.2943189275799298,0.002602753415682557
2019-03-18,7.774801397798086e-05,0.011101536256522783,-0.012525103953359597,0.002602753415682557,-1.1044340825339638,0.023626640209882258,-0.278505698258465,0.01026680654725436
2019-03-19,0.006457931151561457,0.011111243740368289,-0.00552428329962954,0.01026680654725436,0.05899639415618405,0.01663552703999778,-0.26744125459716084,-0.0026146707781713233
2019-03-20,0.0004606692039638206,0.007193076471972003,-0.016454424857518735,-0.0026146707781713233,-0.13153011475957238,0.023647501329490728,-0.45740992537084973,0.016949568187117618
2019-03-21,-0.0028530313847118577,0.017555046391626538,-0.005172344796219622,0.016949568187117618,-0.45848579650848525,0.022727391187846117,-0.907042624847775,-0.01714203991123019
2019-03-22,-0.0026911471308131898,0.0017398059162761113,-0.017796932677581888,-0.01714203991123019,0.3809137344660799,0.01953673859385783,-0.4271808951960048,0.009885844226725775
2019-03-25,-0.0018501103445507205,0.013121561963304515,-0.010023483348442698,0.009885844226725775,-0.26901924924029164,0.023145045311747447,-0.3002126399548616,0.012579286915623145
2019-03-26,0.010543975791372246,0.020641858296603425,0.005968379344387435,0.012579286915623145,0.17692046788119792,0.014673478952216094,-0.0430338255293796,-0.012312394074887706
2019-03-27,-0.00022592845082292093,0.0014297725535903545,-0.024971229586279495,-0.012312394074887706,-0.22242161267936872,0.026401002139869737,-0.1957459869968472,0.0045258504334605805
2019-03-28,0.0044120095538189765,0.010729821951577697,-0.0055808082298353144,0.0045258504334605805,-0.2229056637546072,0.01631063018141316,-0.33641560185878056,0.011169473943288639
2019-03-29,0.00733463568458142,0.01214468132080412,0.002539229430917189,0.011169473943288639,0.0385915604867505,0.0096054518898869,-0.2733213195667126,0.021090237596326562
2019-04-01,0.012529588878483336,0.02189823385506567,0.006359010843620915,0.021090237596326562,0.34789713986328774,0.015539223011444857,0.17818615116643927,-0.0030173973981124755
2019-04-02,0.002641916861996125,0.00304487478428603,-0.016821472562234055,-0.0030173973981124755,-0.4584947434391455,0.019866347346520086,-0.306580542679579,0.0005526163714287769
2019-04-03,0.008659597511419138,0.0103752752920161,-0.0013644650413287113,0.0005526163714287769,0.2589419785387079,0.011739740333344694,0.05742151980739414,-0.013385636200274892
2019-04-04,-0.0019170814127576394,-0.00011049884619758569,-0.029074200500106413,-0.013385636200274892,0.1918805684160077,0.028963701653908762,0.25709014662518925,-0.001643824554164159
2019-04-05,0.00576923694128533,0.007623217951675936,-0.004864619246805124,-0.001643824554164159,-0.4026361081441042,0.012487837198480988,-0.22394505697019343,0.005072122636129633
2019-04-08,-0.0018338761846809193,0.006113203906863099,-0.01033552327002032,0.005072122636129633,-0.0922800126508797,0.0164487271768834,-0.30587597361995295,0.0006693666291830692
2019-04-09,-0.006306823899753429,0.004380083849447309,-0.007505532967703427,0.0006693666291830692,-0.1123229579167334,0.011885616817150687,-0.3170703723276454,0.009582537942767644
2019-04-10,0.0017829035438034625,0.011715974218410375,7.442204929095199e-05,0.009582537942767644,-0.08862604875480645,0.011641552169119445,-0.3807257728731556,0.0011776233631450844
2019-04-11,0.0013615649283803852,0.004922055319848418,-0.00298699436636232,0.0011776233631450844,0.3499982853066532,0.007909049686210893,0.06310239648454963,-0.0001471551659590916
2019-04-12,0.004074131130159323,0.005903890778963079,-0.00397990859149803,-0.0001471551659590916,-0.21560824258027905,0.009883799370461084,-0.060362154164066074,0.001323393363362419
2019-04-15,0.0,0.00678194648916313,-0.0045715692323777275,0.001323393363362419,-0.1394378024211795,0.011353515721540995,-0.1668499596537768,-0.0029063151287389935
2019-04-16,0.003117632007461083,0.004288833368700413,-0.009522777077036313,-0.0029063151287389935,0.11370961722735526,0.01381161044573657,-0.01365150985142226,-0.007321362576424283
2019-04-17,0.002722668141232945,0.004558069784714441,-0.011076817874609159,-0.007321362576424283,0.37820062827516293,0.015634887659323585,0.3606432624934524,0.004147982232298903
2019-04-18,0.0023723335466301824,0.005071530916261787,-0.01048340074639942,0.004147982232298903,-0.16442700987134765,0.015554931662661286,0.09134643559578945,0.006042923929191902
2019-04-22,-0.002775774759811977,0.0064470003653265655,-0.005076228799159498,0.006042923929191902,-0.3965591500049359,0.011523229164485962,-0.29907004920662067,0.022808321169103103
2019-04-23,0.0012116278300762222,0.024243695524978834,-0.0022802331730111696,0.022808321169103103,0.6799439646027967,0.026523928697990015,0.41586200435328213,-0.010975948778199495
2019-04-24,0.0026178889187241914,0.006014492703220174,-0.011702341410820967,-0.010975948778199495,-0.36622440475008283,0.01771683411404135,-0.08013496497922722,0.007991188560431219
2019-04-25,0.010652738301305984,0.014667638846069852,-0.0038921435415889562,0.007991188560431219,-0.06663967754619601,0.01855978238765886,-0.16917654887208333,0.015367829804392118
2019-04-26,0.0018710030540786383,0.015509714142271333,-0.00675761926863343,0.015367829804392118,0.19056738087959696,0.022267333410904918,0.08568775005912148,0.01471606613120565
2019-04-29,0.015833693922112438,0.03399494218967683,0.012056456012056837,0.01471606613120565,0.9728266456834866,0.02193848617761979,1.049781253538511,0.010810113342345922
2019-04-30,-0.00013983134187115414,0.01260621421391378,-0.0031152639892549462,0.010810113342345922,-0.6003826496265228,0.015721478203168788,0.09034988184872716,-0.02060846191760519
2019-05-01,0.006031901097706522,0.006031901097706522,-0.02117330699103402,-0.02060846191760519,-0.4001662643785287,0.027205208088740575,-0.33618039363066926,-0.01317979012919973
2019-05-02,-0.0007413774541613402,0.004366630979798298,-0.018522389578131078,-0.01317979012919973,0.18832593061762698,0.022889020557929504,-0.16087636138464287,0.021019038955997667
2019-05-03,0.010387794748303016,0.02371174612776399,0.009786032073330527,0.021019038955997667,-0.22634126218005973,0.013925714054433424,-0.4364134104145914,-0.006745802206310179
2019-05-06,-0.028340902363601803,-0.004773562524340008,-0.03480993897477153,-0.006745802206310179,0.007549104799275937,0.03003637645043161,-0.42004205977036224,-0.023506142498742756
2019-05-07,-0.017209912183099342,-0.010668031136244708,-0.035853300733141066,-0.023506142498742756,0.2527339934643904,0.025185269596896414,0.10324264915618557,-0.0010834116057958224
2019-05-08,-0.004485523041179328,0.004680938214543482,-0.010558317354009972,-0.0010834116057958224,0.016529301951210506,0.015239255568553456,0.16390779355826066,-0.003547059144921337
2019-05-09,-0.009474905748214114,0.0012638110820913906,-0.021806300711674626,-0.003547059144921337,-0.3354309526854018,0.023070111793765877,-0.22036274394689453,0.009706545427022888
2019-05-10,-0.008045702947475971,0.013362555067945111,-0.02003326802655064,0.009706545427022888,0.11652042426570063,0.03339582309449571,-0.049491433632015164,-0.039479286828257416
2019-05-13,-0.028815411038916317,-0.015524977317111076,-0.041273989225325936,-0.039479286828257416,0.25187578572145286,0.02574901190821496,0.19173308608251244,0.015420177898842986
2019-05-14,0.006441593040868547,0.024100214270321038,0.005921901424842599,0.015420177898842986,-0.27644206541015914,0.01817831284547837,-0.14598407360430318,0.0180803279021544
2019-05-15,-0.007532076869313877,0.018549854530955565,-0.008718783675765333,0.0180803279021544,0.28025201656861587,0.027268638206720965,0.17929873589819742,0.024020929482345858
2019-05-16,0.006517252409342857,0.03216964302069984,0.0056914046097452445,0.024020929482345858,0.23118907299250965,0.02647823841095467,0.40188534047957425,-0.013134664261995211
2019-05-17,-0.006616782564433426,0.003028440521793676,-0.01592575875466155,-0.013134664261995211,-0.4285384382630294,0.018954199276455138,-0.15366355551545713,-0.01584759891191141
2019-05-20,-0.013490626105036329,-0.007028362500198998,-0.023317865181963583,-0.01584759891191141,0.07304730511977119,0.01628950268176458,-0.09028847078954676,0.009466738659918065
2019-05-21,0.009970025257032392,0.01638343493383864,0.005791783017195241,0.009466738659918065,-0.28796081809818513,0.010591651916643505,-0.35457181392154635,0.013395688360624975
2019-05-22,-0.002340255158000403,0.016654806004315882,-0.0029171775631959954,0.013395688360624975,-0.13277497799363597,0.019571983567511782,-0.4673496808386576,-0.02722849610061436
2019-05-23,-0.012604829111596284,-0.012101940285965654,-0.03660687581494717,-0.02722849610061436,0.5442252984877974,0.02450493552898158,0.1720932290964551,0.0018942449439404599
2019-05-24,-0.0025922044636449712,0.011708798954985387,-0.0025922044636449712,0.0018942449439404599,-0.36525222604712426,0.014301003418630222,-0.12912009058190002,0.012585646056374208
2019-05-28,0.006240274523816328,0.024020511182690142,0.0021812860680047127,0.012585646056374208,0.2761964636783354,0.021839225114685445,0.1799139235016262,-0.017657203570248744
2019-05-29,-0.010694871637286241,-0.005224810512687056,-0.021689046059167612,-0.017657203570248744,-0.31544912112077916,0.01646423554648052,-0.14360643747507987,0.004124939147874207
2019-05-30,0.0038334060475187946,0.006235516953996512,-0.003481113100332359,0.004124939147874207,-0.12042356196892189,0.009716630054328695,-0.2652283793779425,-0.013237999172742375
2019-05-31,-0.011836232415686985,-0.005845641812455932,-0.021206146291407286,-0.013237999172742375,0.4561836323879283,0.01536050447895137,0.18802766560286438,-0.044805846165553116
2019-06-03,-0.0014406242798220134,0.0070258466793090895,-0.05061351312858354,-0.044805846165553116,0.4349734428011644,0.05763935980789269,0.6403271534671797,0.03668881896043764
2019-06-04,0.016236199412303292,0.037507215059968894,-0.0060795453528147735,0.03668881896043764,-0.03987881765163139,0.043586760412783636,0.4207595697172828,0.015326090094493632
2019-06-05,0.01503290566826083,0.016607999616392685,-0.0011914981972054597,0.015326090094493632,-0.3472585785597841,0.01779949781359829,-0.025031206398811845,0.007084726476766397
2019-06-06,0.0031469010940594648,0.010572168172187181,-0.006655528779656111,0.007084726476766397,-0.18090390834442654,0.017227696951843154,-0.26622417415068483,0.012152984938401836
2019-06-07,0.0038862066358567515,0.027174734462487762,0.002580445093824305,0.012152984938401836,0.2210253859028498,0.02459428936866333,-0.08664280471961405,0.007806638306727957
2019-06-10,0.010087030658456626,0.02422254005378321,0.007307176603243835,0.007806638306727957,-0.10347346073337967,0.016915363450539407,-0.20544064353663852,-0.015638541379092267
2019-06-11,0.012654160255920149,0.016100053098800526,-0.030090789327500724,-0.015638541379092267,0.17696764597101677,0.046190842426301344,0.0687860139172714,0.003075110952690579
2019-06-12,0.0005071892076982916,0.005672519442669716,-0.005121989226074758,0.003075110952690579,-0.8154786513062842,0.010794508668744544,-0.6886535796115424,-0.0019525209963922536
2019-06-13,0.006301445056454716,0.0076286629906332825,-0.003328691451508471,-0.0019525209963922536,0.25566077512497326,0.010957354442141841,-0.325174786663679,-0.007337709783427108
2019-06-14,-0.001412448893461703,0.0028912861463151504,-0.008359081360947625,-0.007337709783427108,0.28809462586856494,0.011250367507262903,0.007808380400956429,0.004801083320195579
2019-06-17,0.0012752769984734158,0.011563345668093434,0.0012752769984734158,0.004801083320195579,-0.0038078416610224657,0.010288068669619895,0.04919881832525487,0.004272401101624403
2019-06-18,0.017159580720940825,0.017587477601276012,0.003694144259078112,0.004272401101624403,0.6977722593425104,0.013893333342197785,0.7689729733707795,0.05082166466201593
2019-06-19,0.036259253372210316,0.05353083988087083,0.026947729940808646,0.05082166466201593,0.7655299679885913,0.026583109940062372,1.3959396433169113,0.03674651393023223
2019-06-20,0.00698086048415823,0.03856544830920022,0.00698086048415823,0.03674651393023223,-0.5475439768326803,0.03158458782504209,0.3184790310391076,-0.009244542124335564
2019-06-21,-0.0021538319424027905,0.006236560426562745,-0.010046621781081016,-0.009244542124335564,-0.33839152067788253,0.016283182207643705,-0.1956962078272642,0.0018024322684253473
2019-06-24,0.0022358758008777114,0.010799062083896168,-0.002140344426388788,0.0018024322684253473,-0.3362331916049102,0.012939406510285118,-0.6012509442284617,-0.04049271884119941
2019-06-25,-0.002203391680328308,0.0025977460607622994,-0.04386681536412764,-0.04049271884119941,0.4804623570697195,0.046464561424890014,-0.1440056118939739,0.0026010522799663582
2019-06-26,0.011360060300776109,0.016496881807577846,0.002531816669093696,0.0026010522799663582,-0.4707843586418948,0.01396506513848413,-0.6188586214982834,0.015499956918330234
2019-06-27,0.004561509402060056,0.020398767128947712,0.004561509402060056,0.015499956918330234,-0.10932676169110472,0.015837257726887613,-0.4346210432066509,0.004830869088616376
2019-06-28,0.004321681610795437,0.006356981150919837,-0.004374724939239031,0.004830869088616376,0.019638006930758435,0.01073170609015889,-0.25082762443225676,0.021222405494060858
2019-07-01,0.016493117209239933,0.024307625926319687,0.010163717274544843,0.021222405494060858,-0.010934464842810871,0.014143908651774903,-0.17800481525107348,0.0013945596810518196
2019-07-02,0.0007307068857245789,0.0020246803495071056,-0.005363782470259172,0.0013945596810518196,-0.3660168377801613,0.007388462819766315,-0.5279564813719306,0.014199113083620535
2019-07-03,0.0020218616302946236,0.014722277282778775,-0.00033187131009791373,0.014199113083620535,-0.13619295821893104,0.01505414859287668,-0.4617376798201661,-0.0056423229182659485
2019-07-05,-0.005543641103442351,-0.0015059484000311612,-0.022394861060228075,-0.0056423229182659485,0.5944786902114996,0.020888912660196882,0.24285654570060597,-0.003493157336649882
2019-07-08,-0.004021501213629095,-0.0028662183057992833,-0.012746215513177653,-0.003493157336649882,-0.4085680479289402,0.009879997207378345,-0.18990499314337803,0.004216631380219943
2019-07-09,-0.007821395430424635,0.007269142734735367,-0.008953245275220931,0.004216631380219943,-0.1493695444115611,0.01622238800995623,-0.27309896884099427,0.009097214720178472
2019-07-10,0.0029541917740918723,0.01669094346578671,0.0029541917740918723,0.009097214720178472,0.1726149676457173,0.013736751691694854,-0.005877987799481469,0.0020176228001892245
2019-07-11,0.0013347126515581137,0.010337942884564114,-0.003524403469470357,0.0020176228001892245,-0.0013314217452281769,0.013862346354034468,-0.02110294251711293,0.0058993632135199234
2019-07-12,0.0013320242106607085,0.006803868920953483,-0.008619665027842284,0.0058993632135199234,-0.18321357635449476,0.015423533948795747,-0.24040387399166968,-0.002135312977204351
2019-07-15,0.001872676791804789,0.003355420387486792,-0.0055093381297251194,-0.002135312977204351,-0.33558636619564325,0.008864758517211939,-0.4472673382938661,-0.009960038881987427
2019-07-16,-0.0024645247366083933,-0.0009721601165948474,-0.012023025230705494,-0.009960038881987427,0.4592604350892641,0.011050865114110655,0.09787723976463263,0.011998395514079918
2019-07-17,0.004666857795104075,0.017059990236604653,0.003428814762825406,0.011998395514079918,0.22302389440306455,0.013631175473779265,0.29784918557226586,0.0022276210560280315
2019-07-18,-0.00707113932982844,0.00493302320684654,-0.008243615616292601,0.0022276210560280315,-0.363830598373794,0.013176638823139098,-0.10551452333222044,-0.010406096172942518
2019-07-19,0.004761642817373093,0.009724234318087228,-0.015633690477204747,-0.010406096172942518,0.2737804820828267,0.025357924795291878,0.20900720262786407,0.005459675979143216
2019-07-22,0.004941074016282719,0.009890053759776982,0.0008795281652155311,0.005459675979143216,-0.4520531467892915,0.009010525594561294,-0.29734045781221063,-0.002173752678921252
2019-07-23,0.004398079358970179,0.004623949506454549,-0.010851033142355006,-0.002173752678921252,0.3125863708282425,0.015474982648809558,-0.0039990001175216035,0.007732738214302654
2019-07-24,-0.006746126436861952,0.009214290732183,-0.006746126436861952,0.007732738214302654,-0.2249516223763188,0.01596041716904484,-0.22765215483037604,-0.004975706638221978
2019-07-25,-0.005202491402658571,-0.0019679175249679532,-0.013530984848905572,-0.004975706638221978,-0.05661822847067372,0.011563067323937606,-0.18815627293224768,0.008193523345799576
2019-07-26,0.004008378439188744,0.0121373250747927,0.0017152345230148918,0.008193523345799576,0.08965568331375,0.010422090551777893,-0.0718609304679429,-0.013096560153079239
2019-07-29,0.002150202002741554,0.002150202002741554,-0.031956952030877984,-0.013096560153079239,0.6112235876522628,0.03410715403361953,0.615304059577044,-0.011721269903038178
2019-07-30,-0.0070228248149064865,-0.00042325498614698,-0.015317594573207473,-0.011721269903038178,-0.25269335561178435,0.014894339587060466,0.1869327279919744,-0.015867650092479355
2019-07-31,-9.890258344822677e-05,0.00430503138073449,-0.028494718835782043,-0.015867650092479355,0.35148541261299804,0.03279975021651646,0.5020820202159005,-0.0014062715149929
2019-08-01,0.0009699121343143399,0.02030376986630495,-0.007017796301171757,-0.0014062715149929,0.045665961048039334,0.027321566167476625,0.3879629476066312,-0.015976058903333444
2019-08-02,-0.00966319557812302,-0.0036589991049025277,-0.030689949078704766,-0.015976058903333444,0.05770686197906768,0.02703094997380222,0.29020026096250334,-0.046518417497088564
2019-08-05,-0.02996330560498507,-0.023563722432514117,-0.059369894493129016,-0.046518417497088564,0.23285250748937933,0.035806172060614816,0.3843231783909849,0.020651337874041102
2019-08-06,0.011596149688012064,0.023372898535802097,0.007604111203044361,0.020651337874041102,-0.519976060297616,0.015768787332757765,-0.23423963147600735,0.00977007460034569
2019-08-07,-0.013968039039495275,0.014051329429128701,-0.014818706319378917,0.00977007460034569,-0.14996031542980826,0.028870035748507702,-0.4083410463228104,0.02985910287022065
2019-08-08,0.012823150619988583,0.030161281463346287,0.004074530656449914,0.02985910287022065,0.13173162223587345,0.026086750806896285,-0.2225048797293516,-0.009956081226728775
2019-08-09,-0.0055225897829181345,0.0016441250055740783,-0.019087606619331773,-0.009956081226728775,-0.5463659669589663,0.020731731624905905,-0.7228377790473607,-0.021184013139427048
2019-08-12,-0.005748512931386323,-0.001391508564051627,-0.025489093008763127,-0.021184013139427048,0.08541936315862521,0.02409758444471149,-0.4976548010811996,0.015537830981476378
2019-08-13,-0.0014560497184899965,0.023453976484249905,-0.007860290937550859,0.015537830981476378,0.3865807556835278,0.03131426742180089,0.12293728638587835,-0.032976340566710796
2019-08-14,-0.01918204427425009,-0.012079414872783804,-0.04086896856242111,-0.032976340566710796,0.10579027199260252,0.02878955368963714,0.25091344802795307,-0.0033547437406595887
2019-08-15,0.006955977187104014,0.009927246667863281,-0.009920078392291596,-0.0033547437406595887,-0.10132980825827159,0.019847325060154807,0.11161840611467445,0.01662736749991468
2019-08-16,0.010100545946969642,0.025976402564882917,0.0021554197008128934,0.01662736749991468,-0.17864806584052176,0.02382098286407011,-0.050705759325821595,0.0018073377466257758
2019-08-19,0.013373369955279994,0.014916808469431272,-0.0009745528835281286,0.0018073377466257758,0.0003580837442667426,0.01589136135295944,-0.09815169756280215,-0.007879031815957071
2019-08-20,0.0,0.002393225343451996,-0.00896462862564262,-0.007879031815957071,-0.27104545421253773,0.011357853969094707,-0.40335243757024164,0.020165631793214185
2019-08-21,0.00985647366537421,0.024922299567236992,0.0027961931777934516,0.020165631793214185,0.01939486936720157,0.022126106389443415,-0.30614303225889355,-0.01325939224907198
2019-08-22,0.0035610670539303947,0.004688320735657761,-0.022232785102826825,-0.01325939224907198,0.13688059949847006,0.02692110583848453,-0.0602952205946718,-0.018417372718606547
2019-08-23,0.005338737318409552,0.020232616621196683,-0.02363561359764366,-0.018417372718606547,0.4922629341754466,0.043868230218840405,0.498235299612812,0.02206044808802233
2019-08-26,0.008531632791023964,0.02257989623360925,0.0037812830676283056,0.02206044808802233,-0.46420679531913944,0.01879861316598109,-0.06452806258221128,0.002456017318057215
2019-08-27,0.006627616417163029,0.010713397182843394,-0.007683356925692259,0.002456017318057215,-0.0002789322491655685,0.018396754108535623,-0.047676316321777594,-0.025614637769919065
2019-08-28,-0.010069614300466354,-0.005056889296912311,-0.03169408552085556,-0.025614637769919065,0.4376193947143571,0.02663719622394337,0.3583898966313593,0.01582422752886185
2019-08-29,0.012609305538303731,0.01955033805893553,0.005267321888873981,0.01582422752886185,-0.24551674547363367,0.014283016170061613,-0.008892614523082626,-0.007423765799239915
2019-08-30,0.0027175780354166297,0.006502883491003958,-0.022974137100979043,-0.007423765799239915,0.08867903121718526,0.029477020591983094,0.041405037811929515,-0.007266849668260813
2019-09-03,-0.0009143040272649248,0.010315253739571912,-0.010991313667442876,-0.007266849668260813,-0.2561475854803347,0.021306567407014768,-0.1717963919112288,0.007583120112046155
2019-09-04,0.012630104063716344,0.013363967878799784,3.533039947329182e-05,0.007583120112046155,-0.1920585190128087,0.013328637479326524,-0.36789931330025505,0.011007340500296418
2019-09-05,0.011285274322342092,0.01191052856091241,-0.010881253113402602,0.011007340500296418,0.6262840598971313,0.02279178167431498,0.28393953994117,-0.009813407244765095
2019-09-06,0.0015626783195399347,0.006374069280799456,-0.013258694522798709,-0.009813407244765095,-0.22121480849401096,0.019632763803598068,0.05715686115461816,-0.019992211111901536
2019-09-09,0.005529663045004508,0.006959617688180319,-0.0297061990603524,-0.019992211111901536,0.32132513310858585,0.03666581674853265,0.3690982615129784,-0.011378392710179557
2019-09-10,-0.006177297691919158,-0.006177297691919158,-0.025235156995725205,-0.011378392710179557,0.26798057259907554,0.019057859303805956,0.56918482831856,0.005921392558430866
2019-09-11,0.005489320260696391,0.014988088350918666,-0.007779930147075627,0.005921392558430866,-0.45724915843670955,0.0227680184979942,-0.06617317126160285,0.0008635849390458899
2019-09-12,0.011525240240168969,0.01607005271461195,0.0005758427487917302,0.0008635849390458899,0.1302975649638093,0.01549420996582015,-0.010790975218026,0.0011863225243793237
2019-09-13,0.0007191579863479691,0.008096085114411686,-0.0061333731279620924,0.0011863225243793237,-0.0021681694244792024,0.014229458242373804,-0.02090191340268152,0.016320154779865956
2019-09-16,-0.006234631012137739,0.016744180798899284,-0.011017968749274272,0.016320154779865956,-0.060787848187395285,0.02776214954817351,-0.125582814090607,0.006201386213244055
2019-09-17,0.003915612060540425,0.00834172409593543,-0.009125051953416783,0.006201386213244055,0.3829037866912692,0.01746677604935219,0.28046026866134527,-0.01761177035042796
2019-09-18,-0.03335783967523132,-0.015576065591135264,-0.05290488790810318,-0.01761177035042796,0.60472734318684,0.03732882231696799,0.8870501008274285,0.005490435963404619
2019-09-19,0.0016075025171466454,0.01648708276274414,0.0003931207412327277,0.005490435963404619,-0.8564947535194943,0.0160939620215113,-0.24442705889908156,-0.01198220971775754
2019-09-20,0.0012081027952146,0.006873861760398951,-0.02269023581198921,-0.01198220971775754,0.24617330034881751,0.02956409757238814,-0.008524051198959307,-0.0016926310533912638
2019-09-23,-0.007150149628143853,0.00599109556941355,-0.009036423692437349,-0.0016926310533912638,-0.7216987057702452,0.015027519261850773,-0.782628846359784,-0.01807618161216351
2019-09-24,0.007683726622804743,0.011681824463716475,-0.023190771658241738,-0.01807618161216351,0.5141562861733785,0.03487259612195818,-0.2301539865332343,0.018040101933268812
2019-09-25,-0.0020941915890001785,0.019048852198226253,-0.01754946975202674,0.018040101933268812,0.005822256190022312,0.036598321950253,-0.18585796456525816,0.022736368871612404
2019-09-26,0.003705769081740641,0.030073455266792403,-0.0015149808406120244,0.022736368871612404,0.2556690167752352,0.031588436107404465,0.3030218809715944,-0.02233989385372046
2019-09-27,0.00288511677398385,0.004114049334209415,-0.03473904267971729,-0.02233989385372046,-0.2988269599678898,0.038853092013926775,-0.06365812991856996,-0.004658844898974751
2019-09-30,0.0,0.00524668409042828,-0.008684985458147738,-0.004658844898974751,0.23139330257205598,0.013931669548576126,0.22121044614002672,-0.012897324652425093
2019-10-01,0.009869651049650619,0.012232546610082124,-0.015982259922825218,-0.012897324652425093,-0.20700565302653187,0.02821480653290746,-0.10502094232752428,-0.022434475758971714
2019-10-02,-0.005626148154072784,-0.005626148154072784,-0.02796236876316709,-0.022434475758971714,0.03758056461487792,0.02233622060909439,-0.0650910227043777,0.021297099448346315
2019-10-03,0.0009745859210516557,0.02276442880155825,-0.010593669436368369,0.021297099448346315,0.05062395081642007,0.03335809823792658,-0.017953020619840058,0.016601508706438076
2019-10-04,0.002603038928652164,0.020637241920806952,0.002603038928652164,0.016601508706438076,-0.3231011954873248,0.018034202992154733,-0.3000107795550374,-0.0002166524407440212
2019-10-07,-0.0023134196706893306,0.005509056438260461,-0.004958819852642653,-0.0002166524407440212,-0.34170744157702,0.010467876290903122,-0.6063860402247111,-0.022165139946809433
2019-10-08,-0.008850908426697552,-0.0053954983817120425,-0.022275912174150515,-0.022165139946809433,0.15813037225602417,0.016880413792438383,-0.3093199589671487,0.0126217144142034
2019-10-09,0.009883436976795888,0.0172777878408434,0.007467521262119299,0.0126217144142034,-0.45184467759222136,0.009810266578724277,-0.6818209587742089,0.00258542510027668
2019-10-10,-0.0007659309922364161,0.008857012881483946,-0.0054106828718937594,0.00258542510027668,0.13911566850531956,0.014267695753377635,-0.380661968596587,0.011965358442081051
2019-10-11,0.01225273879019263,0.022616615339465997,0.009590901843067897,0.011965358442081051,0.28985598635140075,0.0130257134963981,0.09971342184653045,-0.001834337050780941
2019-10-14,-0.0006470999339182537,0.004052308133720249,-0.004104912300971205,-0.001834337050780941,-0.4193083292947239,0.008157220434691389,-0.267596074104965,0.005779278538168785
2019-10-15,0.0014030567635751213,0.013338576524044882,0.0008635849390458899,0.005779278538168785,0.35827645843987693,0.012474991584998794,0.1422630308310732,-0.024236373016612835
2019-10-16,-0.03333521874591925,-0.02383313439189906,-0.04345172231120386,-0.024236373016612835,0.7871604634710543,0.019618587919304906,0.9498111855275329,-0.012769195743698955
2019-10-17,-0.0003301859738120486,0.005193614289807604,-0.02056205905812647,-0.012769195743698955,-0.26245001156228137,0.025755673347934036,0.3841784173943112,-0.01391301283636559
2019-10-18,0.000445581599005159,0.0016329048954465927,-0.026877005255100474,-0.01391301283636559,0.27986332973853323,0.028509910150547112,0.519555641279292,0.00495908808225668
2019-10-21,0.00041425537787110836,0.0071676964258056055,-0.011172384991612173,0.00495908808225668,-0.425663167710849,0.018340081417417803,-0.06855868168340454,-0.02178405267402686
2019-10-22,0.006164418817764813,0.009102511791959509,-0.02350901306179027,-0.02178405267402686,0.15479782915714518,0.03261152485374986,-0.006701687999487425,0.000880576557028295
2019-10-23,-0.00034475412060475075,0.016824964591770096,-0.005838717478172417,0.000880576557028295,-0.10330238007874326,0.02266368206994243,-0.18896522247389191,0.031564537406874274
2019-10-24,0.01035490118246805,0.038069029391845664,0.007358413013758406,0.031564537406874274,0.15051162423916167,0.030710616378087363,0.03516537552968707,0.004734782554031736
2019-10-25,-0.007069887732770527,0.00705688451891517,-0.009986754589466969,0.004734782554031736,-0.6558014576764228,0.01704363910838208,-0.6318950639896395,0.0013644650413288004
2019-10-28,0.0022116478663985113,0.0048226482245778855,-0.009641153094768259,0.0013644650413288004,0.2249089897603688,0.014463801319346012,-0.2446280871612949,0.00036848231862052
2019-10-29,0.0012153531614295338,0.008696167541413998,-0.0010693334215766132,0.00036848231862052,-0.2806513222954583,0.009765500962990658,-0.484168855459714,0.02531685518787741
2019-10-30,0.006609121735466153,0.026178486790485237,0.004264143320138769,0.02531685518787741,0.29755484685027417,0.021914343470346213,-0.0630427675852269,-0.0017256034388999813
2019-10-31,-0.0005030346095858994,0.003263243690380105,-0.01119713387787237,-0.0017256034388999813,0.20379170140987227,0.014460377568252478,0.199020269312783,-0.0003958087377360298
2019-11-01,0.004344243487365442,0.013934747564508422,-0.002377536004233867,-0.0003958087377360298,-0.006416832651634666,0.01631228356874239,0.2513841614907692,-0.001152515145933961
2019-11-04,0.009814148797595134,0.012128242463178791,-0.006391483822733653,-0.001152515145933961,-0.013173544731424272,0.01851972628591235,0.15074454549830404,0.041608741541476965
2019-11-05,0.05130946032529314,0.05394205229720846,0.02174388299304735,0.041608741541476965,0.7936828000700404,0.03219816930416115,0.9029375072986985,-0.006554722320048301
2019-11-06,-0.0006224868640116183,-0.00010370332166395306,-0.012802482158163434,-0.006554722320048301,-0.8036962108282655,0.01269877883649962,-0.20497781121505323,0.011657586459755889
2019-11-07,0.0031266098950179936,0.02093457887254888,-0.0013927366482969215,0.011657586459755889,0.14755081775368634,0.022327315520845756,-0.08314020049203172,0.0057953370986551485
2019-11-08,-0.0025826906292030966,0.0057953370986551485,-0.007906741329167301,0.0057953370986551485,-0.6759913391131809,0.013702078427822265,-0.7794009274620414,-0.0075163894954800225
2019-11-11,-0.0017452794247220607,-0.00041038003206676283,-0.009481929054224111,-0.0075163894954800225,0.08749227658808659,0.009071549022157307,-0.621995942960432,0.004982955829686006
2019-11-12,0.001789900086975369,0.013312362971546837,0.0,0.004982955829686006,0.1595692701476358,0.013312362971546837,-0.3992907145500973,0.006219502992423448
2019-11-13,0.00047974274911797307,0.006764437466964191,-0.00501733561391375,0.006219502992423448,-0.18089325215934002,0.011781773080877989,-0.2751433033837859,0.0033669160381104572
2019-11-14,0.0,0.005232515217738825,-0.004746597184231372,0.0033669160381104572,-0.17559670515613815,0.00997911240197024,-0.35723791485101924,0.010033363654615662
2019-11-15,0.006801284074221307,0.010033363654615662,-0.00329882197075649,0.010033363654615662,0.320550344022643,0.01333218562537199,0.14600022347373465,-0.0011434983783834602
2019-11-18,0.0001680120800329052,0.003556684496022541,-0.00505477066162406,-0.0011434983783834602,-0.20854619302705657,0.008611455157646575,-0.10565201478600539,0.011509771016016027
2019-11-19,0.005336376638419358,0.011975345014886785,-0.0025945225233023218,0.011509771016016027,0.2718316298745614,0.014569867538189103,0.1822562208036011,-0.0016647248387232525
2019-11-20,-0.004033377401576558,0.004812028547490086,-0.011880063915764592,-0.0016647248387232525,-0.15159487213350575,0.016692092463254746,0.024208560968475748,-0.004341360379450765
2019-11-21,-0.0037056774312974033,0.0008327088329202295,-0.011663930932285552,-0.004341360379450765,-0.1343618962135409,0.012496639765205833,-0.12137399075895788,0.0016719616682394733
2019-11-22,0.002640448620015674,0.0037414047935659237,-0.010090903396298723,0.0016719616682394733,-0.06472903914002776,0.013832308189864688,-0.20248494109475743,0.01978301018790452
2019-11-25,0.003934858509108478,0.02033976498648243,0.003934858509108478,0.01978301018790452,0.3795279898049725,0.016404906477374036,0.23296307545134334,0.008545650846122124
2019-11-26,-0.000917607653875634,0.01230604064480418,-0.001278280398511994,0.008545650846122124,0.17188366718313375,0.013584321043316059,0.34134548913084267,0.003760389798682215
2019-11-27,0.0019468082380331903,0.004116295750664164,-0.007039999475468312,0.003760389798682215,-0.577734267195073,0.011156295226132372,-0.2862930698589861,0.0015195891104855682
2019-11-29,-0.0017487894500697696,0.003036872573100604,-0.003435641932516925,0.0015195891104855682,-0.22370504797274346,0.00647251450561752,-0.4712793023361959,-0.02214763158337528
2019-12-02,-0.0010020123944434833,0.0011946310820119986,-0.03290717543149822,-0.02214763158337528,0.9003875635344467,0.03410180651351047,0.4763904476904358,0.0038242345591891964
2019-12-03,-0.015008883680158305,0.005632305132078428,-0.018098357941981877,0.0038242345591891964,-0.586438746195261,0.023730663074060306,-0.2532701700811955,-0.004617249934663674
2019-12-04,0.00358015961502071,0.004661497945693731,-0.008691556135271677,-0.004617249934663674,-0.05475132217073873,0.013353054080965376,-0.24868276898572342,0.0017174394231509443
2019-12-05,0.002047405451324328,0.005702464463850817,-0.005004102308851584,0.0017174394231509443,0.10895923344391309,0.010706566772702328,-0.020632507172822695,0.010504682999138704
2019-12-06,0.010406716608907164,0.012201277110142773,0.0004289245427408574,0.010504682999138704,0.020344031763350565,0.011772352567401822,-0.026298573270282333,0.0026740715395487348
2019-12-09,0.008713494711691841,0.015167003529276557,0.001533621441398734,0.0026740715395487348,0.5122671693522256,0.013633382087878093,0.4251423154391604,-0.0094237612414762
2019-12-10,-0.0014013810618954566,0.0064277945940340794,-0.009653946265495024,-0.0094237612414762,-0.2941912550820636,0.01608174085952908,0.13083471179783662,-0.0014147596272301964
2019-12-11,0.003216639210724578,0.003970118966576399,-0.008883084361504296,-0.0014147596272301964,0.3065945681353889,0.012853203328080567,0.3812073270274369,0.007282306374573737
2019-12-12,-0.0024392346414900154,0.00930664878863314,-0.0099924368356684,0.007282306374573737,0.05836038947118627,0.019299085624301462,0.30805176122488576,0.03840834688611991
2019-12-13,0.02628884987223035,0.05025837210429038,0.025110239776170884,0.03840834688611991,0.7551994030194763,0.0251481323281195,0.9469838748469529,0.01826331013268789
2019-12-16,0.004174411956594096,0.02273142398106206,0.004174411956594096,0.01826331013268789,-0.6535725769949139,0.018557012024467908,-0.02891986169115402,-0.002938165566651974
2019-12-17,0.0038222744240622914,0.003945261034824469,-0.006351157068004505,-0.002938165566651974,-0.3878283227126217,0.010296418102829082,-0.4470515087103128,0.004727845134709402
2019-12-18,-0.00232576269130291,0.01222174505660785,-0.0026052066876979616,0.004727845134709402,0.00030013935266592467,0.01482695174430579,-0.4563910767587019,0.009969254668884094
2019-12-19,0.0,0.010975940560910188,-0.00036998987372493825,0.009969254668884094,0.09357045873502196,0.011345930434635255,-0.3299085615849346,-6.110595065807928e-05
2019-12-20,0.002256068744648466,0.00720771667934403,-0.006153895473245299,-6.110595065807928e-05,0.5023569775289524,0.013361612152589457,0.20341851535146452,0.00408196881056056
2019-12-23,0.0037170272303345964,0.006905134936414807,-0.0010688399892045746,0.00408196881056056,-0.6496469896440686,0.00797397492561927,-0.29836398299894706,0.0020953936917795543
2019-12-24,0.00015195012428754996,0.00784269112906196,-0.0008211898618347413,0.0020953936917795543,-0.7289754820123561,0.008663880990896555,-0.941440671305692,0.004721265035218602
2019-12-26,-3.0366209077386802e-05,0.004962741219640153,-3.0366209077386802e-05,0.004721265035218602,-0.010652940716452453,0.004993107428717643,-0.8549455396381928,-0.0012387005896818328
2019-12-27,0.0050596199749899035,0.0050596199749899035,-0.004327050915942904,-0.0012387005896818328,0.15321600537132285,0.009386670890932775,-0.593040183452701,-0.007434113065434581
2019-12-30,-0.001331041826599728,-0.0009678714710523902,-0.017135594988127622,-0.007434113065434581,0.4332639794709074,0.01616772351707511,-0.032308395611694574,0.004467077957298378
2019-12-31,-0.006385687076062738,0.004861181434358563,-0.006385687076062738,0.004467077957298378,-0.17493602212789636,0.011246868510421299,0.06524969527075598,0.013910844534375843
2020-01-02,0.0005759307902616449,0.014060396224039037,-0.001942348239388846,0.013910844534375843,0.22300537684988694,0.016002744463427743,0.3747912108424551,-0.007865059622566388
2020-01-03,-0.015853192773764693,-0.004345107093976509,-0.01731250344756943,-0.007865059622566388,-0.2322801838638964,0.01296739635359278,0.015844951993570465,0.0057098181566805906
2020-01-06,-0.010665118455034817,0.006308997972977596,-0.010969792177358674,0.0057098181566805906,0.17254394175477478,0.01727879015033621,0.12325887447364736,-0.0009593069352474966
2020-01-07,0.0013176489525289147,0.0032311683754639867,-0.004204065888576747,-0.0009593069352474966,0.28816203406406643,0.007435234264040972,0.3364754356026572,0.013348171859679455
2020-01-08,0.0012589417204516681,0.017365355985655202,2.993220630113302e-05,0.013348171859679455,-0.10634735345645002,0.017335423779354035,0.16467956360028924,0.007607116121365776
2020-01-09,0.006696148966986658,0.011593828323112792,0.0009466832804005412,0.007607116121365776,-0.32395583127635996,0.010647145042712197,-0.2258282551593649,-0.001881677088442069
2020-01-10,0.004688581734597872,0.008511108995742181,-0.0024409766436792085,-0.001881677088442069,-0.09399517442240134,0.0109520856394214,-0.2834750456330277,0.01698222214924366
2020-01-13,0.0050781967817852625,0.01727152468892669,0.004140803428119749,0.01698222214924366,0.33484973761735914,0.013130721260807018,0.06131413552510011,-0.002897460914608413
2020-01-14,0.003984773272266093,0.004733690886644565,-0.007201201277438133,-0.002897460914608413,0.09455422220743007,0.011934892164082715,0.1360772162850294,-0.004915880060992409
2020-01-15,0.005180558572817328,0.008293273074101427,-0.006316554321511762,-0.004915880060992409,-0.027231666888790626,0.014609827395613199,0.13192036038371083,0.007089762424278822
2020-01-16,0.008825489803306615,0.00885433281103815,-0.0005249895776899944,0.007089762424278822,0.09734947697430194,0.00937932238872812,0.23290575426690205,0.012544719068953013
2020-01-17,0.010426647908395445,0.013145047723731613,0.0028911781035582374,0.012544719068953013,0.03879337653404365,0.010253869620173328,0.19089254680003062,0.0007431611204744581
2020-01-21,-0.009682439603072761,0.007491752684684505,-0.011850101864830157,0.0007431611204744581,-0.17864550169336998,0.019341854549514613,-0.08375792884406533,0.00017140690497914138
2020-01-22,0.007401132790337584,0.012154403012334333,-0.00011431666224882535,0.00017140690497914138,-0.28179085461103043,0.012268719674583149,-0.37004760577821844,0.0048445912462974855
2020-01-23,0.0027386092128084275,0.0059810667887061205,-0.006333191472387182,0.0048445912462974855,0.26428993238311493,0.012314258261093287,-0.04580667182202357,-0.0011093672172377304
2020-01-24,0.006630223719822354,0.011110419209480527,-0.00730429371215522,-0.0011093672172377304,-0.23966285843274873,0.018414712921635747,-0.2735848794185382,-0.012803249036246911
2020-01-27,-0.02983998790506073,-0.004192403487455928,-0.03171840664870116,-0.012803249036246911,0.48049588670344223,0.02752600316124536,0.2839484778461014,0.022038469817895968
2020-01-28,0.0060353858211760255,0.024938692230921326,0.0006339910422028016,0.022038469817895968,-0.155181880009182,0.02430470118871858,0.11722281740976497,-0.008410196068975695
2020-01-29,0.005820120387821074,0.005820120387821074,-0.009263709008717346,-0.008410196068975695,-0.40056695982748813,0.015083829396538349,-0.29805014524021084,0.014342387625357075
2020-01-30,-0.005617755427459316,0.014566663342754006,-0.005617755427459316,0.014342387625357075,0.18742475162182487,0.020184418770213472,-0.10288647840505133,-0.015822151697665682
2020-01-31,-0.0025260164248150302,-0.0025260164248150302,-0.023943055431036173,-0.015822151697665682,0.6994220731388724,0.0214170390062211,0.6213776967982484,0.01934794034283765
2020-02-03,0.006443820337426753,0.021217737070441386,0.0032696782425997205,0.01934794034283765,-0.3154592210650659,0.017948058827841618,0.11782851148436466,0.024120137092120762
2020-02-04,0.015053699660845165,0.026027060261204844,0.006820298315974342,0.024120137092120762,0.12517187757016326,0.019206761945230487,0.2395149609379703,-0.0032500881470986145
2020-02-05,0.01957590948433538,0.02088530283655016,-0.01215293127587314,-0.0032500881470986145,-0.21458220422749397,0.03303823411242331,-0.03814438515521805,0.005211410591846827
2020-02-06,0.0016673710010552808,0.007359019997017337,-0.006972626349143417,0.005211410591846827,-0.10201033826128736,0.014331646346160578,-0.21119563209363001,-0.0037352511290150137
2020-02-07,-0.003981112536203015,0.005103173164877667,-0.008417153399699773,-0.0037352511290150137,-0.06107707299947255,0.013520326564577299,-0.3002373201914271,0.010623810829715774
2020-02-10,-0.0017770811002327336,0.012810600651803904,-0.0023792797322887077,0.010623810829715774,0.14811841882151883,0.015189880384092679,-0.031906815861141684,-0.0019478450642202902
2020-02-11,0.008155836453334793,0.00995036351849081,-0.007460190584283422,-0.0019478450642202902,-0.1910790934577122,0.017410554102774273,-0.20144222034084736,0.01347576027158602
2020-02-12,0.003676120056351481,0.013849689463439372,-0.005784693300468635,0.01347576027158602,0.1613010484599852,0.01963438276390826,0.0492398322442707,0.0014683376401935116
2020-02-13,-0.004632828724569217,0.009095761938505904,-0.005089189313389856,0.0014683376401935116,-0.20598184454441196,0.014184951251895806,-0.14708088071258754,0.012803231252813657
2020-02-14,0.003834285373786232,0.013224490362483082,0.0026908853768810165,0.012803231252813657,-0.12590759956987171,0.010533604985601849,-0.24491511548202663,-0.0021621252506216285
2020-02-18,0.0013949724225536014,0.007661420396385078,-0.0028486740861726188,-0.0021621252506216285,0.20476592726832266,0.010510094482557764,-0.0021669524286137944,0.011625424901959325
2020-02-19,0.013059346758559779,0.016102969799762824,0.006918089021914283,0.011625424901959325,0.21827247043363193,0.009184880777848499,0.2505960823714563,-0.011335153322832291
2020-02-20,0.0018767631977462025,0.009012700063194875,-0.025901304358147612,-0.011335153322832291,0.3842368797899526,0.034914004421342466,0.579087379854893,-0.015986240934963602
2020-02-21,-0.0024835608571608723,-0.0016373835090448053,-0.027311728413118776,-0.015986240934963602,-0.32320200903782986,0.025674344904073974,0.12922807534486552,-0.04256080269753914
2020-02-24,-0.0482285758996468,-0.025775168989007297,-0.06637247292975755,-0.04256080269753914,0.3581322452750444,0.04059730394075028,0.42109114839827205,-0.027256025612310733
2020-02-25,0.009994365898235253,0.01818785757701839,-0.031635899612263596,-0.027256025612310733,0.06513562876604576,0.04982375718928188,0.32626874518925497,0.010126838339638537
2020-02-26,0.004589813409059049,0.034670910511491175,0.0022975837722362764,0.010126838339638537,-0.18243139783497603,0.03237332673925485,0.0129150904991585,-0.04012966989604511
2020-02-27,-0.03280878755176633,0.0025583285611747533,-0.04087064121920894,-0.04012966989604511,0.30573601324211214,0.043428969780383575,0.2672065836048826,0.022267433226759205
2020-02-28,-0.03958572125398971,0.02325210226430022,-0.040881219473598844,0.022267433226759205,0.31060370925210945,0.06413332173789917,0.526832203733966,0.042989335034647816
2020-03-02,0.01349797446839319,0.044293029161292734,-0.007299437225990285,0.042989335034647816,-0.18010845532441733,0.05159246638728306,0.1685972313835811,-0.0337024997367279
2020-03-03,0.004099531997085726,0.012878887818808844,-0.04612354900705574,-0.0337024997367279,-0.2498916595131748,0.05900243682586443,-0.14393610734805393,0.04356270777730073
2020-03-04,0.01719079371778098,0.04471631696136182,0.004982657646765289,0.04356270777730073,-0.013939009994861935,0.03973365931459645,-0.15855042578687592,-0.03587002514642133
2020-03-05,-0.024454929165295285,-0.009388426851233306,-0.04686952400790942,-0.03587002514642133,-0.25937810932857264,0.03748109715667611,-0.4445976487960464,-0.04147151427745663
2020-03-06,-0.03060337863693463,-0.019765010261349313,-0.07213548719707681,-0.04147151427745663,0.5640092840835309,0.05237047693572756,0.18306664570002074,-0.09650155235184105
2020-03-09,-0.07742317518902203,-0.043483092156969425,-0.09800705720594563,-0.09650155235184105,-0.060670195424210725,0.0545239650489762,0.15895822657817948,0.08338028759764009
2020-03-10,0.04222981954447772,0.08506368110654726,0.01144538255328273,0.08338028759764009,0.1211891512966286,0.07361829855326457,0.28486367646901,-0.05297634141845297
2020-03-11,-0.024548202102830697,-0.018277885713522776,-0.07293763049208386,-0.05297634141845297,-0.20443684837002574,0.05465974477856115,0.004619212080000395,-0.10081338570272574
2020-03-12,-0.08200883574177217,-0.016310985813734975,-0.10785566832813862,-0.10081338570272574,0.39533704575205775,0.0915446825144037,0.3705622875174128,0.16313277614308605
2020-03-13,0.0933305657846311,0.1646219796945536,0.04460430623675385,0.16313277614308605,0.21173183393911774,0.12001767345779972,0.4325579431408209,-0.1595252602558407
2020-03-16,-0.15141230767449126,-0.08841601450963821,-0.16929205650362072,-0.1595252602558407,-0.22427175038882338,0.08087604199398261,0.10009127212985146,0.08629732396462507
2020-03-17,0.017913662086384396,0.0899467762211448,-0.027217359598893584,0.08629732396462507,-0.1429371015298225,0.11716413582003843,-0.09848814003628298,-0.05674162205824521
2020-03-18,-0.07251309714000126,-0.04909970402635382,-0.20062078180786905,-0.05674162205824521,0.1641664381654804,0.15152107778151513,0.05939034621077351,0.04285524073782258
2020-03-19,-0.009686615056920894,0.07862917352876536,-0.04694189843682069,0.04285524073782258,-0.19123782907608017,0.12557107196558612,-0.20001278490972296,-0.0403804161541095
2020-03-20,0.017439970927858112,0.054701931904199634,-0.0457105279507527,-0.0403804161541095,0.2140783825587127,0.10041245985495223,0.0474087445429831,0.03959958149903029
2020-03-23,0.004493232565536701,0.056445214767455947,-0.025930927552510044,0.03959958149903029,-0.2152411154438905,0.08237614231996605,-0.125541423774841,0.00884549333417283
2020-03-24,0.04980164594152287,0.06220275537965903,-0.018658337202255747,0.00884549333417283,0.09133157542269704,0.08086109258191485,-0.0007218049074640722,-0.01328134446374932
2020-03-25,-0.006472514505617479,0.024377831018756745,-0.0390426481106246,-0.01328134446374932,-0.31095785198231596,0.06342047912938123,-0.3238263664914116,0.05333921773262565
2020-03-26,0.0002614367495311349,0.05877882079599899,-0.0007194284761170098,0.05333921773262565,-0.06398661428543617,0.05949824927211608,-0.31118434015945007,-0.05360082263528836
2020-03-27,-0.03458894481202085,-0.02631401699829555,-0.07074988176778754,-0.05360082263528836,0.07052777766504546,0.044435864769491955,-0.19118095732005477,0.040247744336904034
2020-03-30,0.009955925774343418,0.05453009531898317,0.007102933571747973,0.040247744336904034,-0.11355001335021082,0.04742716174723509,-0.21225549693960633,-0.0004713080303754307
2020-03-31,-0.00623823991911455,0.024632005708234282,-0.01809681252156232,-0.0004713080303754307,0.3905158974924992,0.0427288182297967,0.24278177844786397,-0.054998116882140013
2020-04-01,-0.03595803683211143,-0.027492390796307373,-0.06463902399719233,-0.054998116882140013,-0.496690839293857,0.037146633200884856,-0.24678801538120101,0.009088418152420685
2020-04-02,-0.011519841846261017,0.01741008783909751,-0.027020937657270077,0.009088418152420685,-0.083676854649688,0.04443102549636768,-0.2926284505688799,-0.034643779474551585
2020-04-03,-0.006270420633914687,-0.0016133228406976184,-0.04801569253739608,-0.034643779474551585,0.09176600653241558,0.04640236969669849,-0.16093661748428378,0.08334625236601256
2020-04-06,0.04316118060358046,0.0876612013760059,0.021396797731279418,0.08334625236601256,0.2682101653618911,0.06626440364472645,0.1482331263109676,-0.03248386827190882
2020-04-07,0.025614660752081426,0.028390206269470697,-0.041033584595508724,-0.03248386827190882,0.052475274239202764,0.06942379086497938,0.16506395625928239,0.026354722669634085
2020-04-08,0.01589607250643423,0.028055805297861836,-0.0023657278156276264,0.026354722669634085,-0.3036009137935665,0.030421533113489576,-0.09444898346083232,0.00478084674709137
2020-04-09,0.004623889627233885,0.011286113125034908,-0.020351942540887753,0.00478084674709137,-0.1959708126855498,0.03163805566592251,-0.2949333910676777,0.006099906834183092
2020-04-13,-0.008697929857479404,0.006879269369951477,-0.01565376927987321,0.006099906834183092,-0.5817264075809988,0.02253303864982475,-0.8630115511753587,0.06085756411167325
2020-04-14,0.02500821816690433,0.06475294326482914,0.02409534670972392,0.06085756411167325,0.7411602231484583,0.04065759655510521,-0.02075286821640803,-0.02441754264864963
2020-04-15,-0.016062799082647593,-0.004558862629471256,-0.03317626362755375,-0.02441754264864963,-0.3141418609953687,0.02861740099808242,-0.2673732857154338,0.03006527647765611
2020-04-16,0.021302099295786765,0.03826030883286754,0.010440037901860478,0.03006527647765611,0.3294941393792557,0.027820270931006988,0.21458031053303267,0.004105866630761217
2020-04-17,0.02133478932383483,0.0221628292427088,-0.0064403389111624965,0.004105866630761217,-0.15904533533436513,0.02860316815387149,0.06085614394831037,0.0022352134653925043
2020-04-20,-0.009694854255977893,0.012676899069087819,-0.015698958937580165,0.0022352134653925043,-0.18712003049250742,0.028375858006667972,-0.12957788071450033,-0.04716921911388452
2020-04-21,-0.011607383357149339,-0.00616602230482025,-0.05872544336359568,-0.04716921911388452,0.24687135131675442,0.05255942105877543,0.059841080716595385,0.023372846661031496
2020-04-22,0.025271493454629902,0.031093112449130367,0.011514346784272548,0.023372846661031496,-0.46376642755722375,0.019578765664857598,-0.38515722211255243,-0.0041657867531652805
2020-04-23,0.006304888459191833,0.014679303460028726,-0.005866869989377445,-0.0041657867531652805,-0.05111641698081973,0.020546173449406062,-0.3998179140886265,0.025697945150191307
2020-04-24,0.00781151009215393,0.02744012354544782,-0.005591520035186474,0.025697945150191307,0.011069012223380671,0.03303164358063426,-0.26802085966283845,0.012705899659522409
2020-04-27,0.013566326496545066,0.016886507280154173,0.0029598379516312754,0.012705899659522409,0.10245504413766429,0.013926669328523067,-0.0761670306474816,-0.044145264513983144
2020-04-28,0.013084741372055253,0.014103836953181946,-0.04678784392334638,-0.044145264513983144,0.49476606663749406,0.06089168087652826,0.45005001342741646,0.046065982391549895
2020-04-29,0.018069339055908518,0.05200525496135999,0.005950144454132086,0.046065982391549895,0.25086938282757343,0.046055110507227943,0.6733304537635927,0.012720539881348513
2020-04-30,-0.003327705023013339,0.020017672418456013,-0.007531874938596748,0.012720539881348513,-0.24917659727881936,0.027549547357052673,0.22747097811603856,-0.02810306571591395
2020-05-01,-0.018263332559446926,-0.009461018173034312,-0.03856942800502347,-0.02810306571591395,-0.41429388065906103,0.02910840983198907,-0.29536788773465794,0.015210594585139387
2020-05-04,-0.009056727786232678,0.01946956765232679,-0.011230804633372636,0.015210594585139387,-0.0835131348591212,0.030700372285699377,-0.4036647250405557,0.019908829615591976
2020-05-05,0.012156962177240577,0.02988336780955942,0.009351541555002306,0.019908829615591976,0.00227397242890782,0.02053182625455702,-0.4012105359005655,0.01778376843682957
2020-05-06,0.005013688813529139,0.02949365404933536,0.002804028381019424,0.01778376843682957,-0.02456958659229939,0.026689625668315772,-0.336392173802651,0.01168259505938702
2020-05-07,0.017229125124350916,0.01907112550711606,0.008186664308692878,0.01168259505938702,0.06083507313386352,0.01088446119842338,-0.09466831468462493,0.0019883457989142163
2020-05-08,0.008740795697742644,0.011709374573115838,-0.0037421890804325616,0.0019883457989142163,0.032721776561975904,0.015451563653548316,0.050161628694604055,0.010582978177891549
2020-05-11,-0.004554486399781167,0.016515460245835157,-0.008224004290728748,0.010582978177891549,-0.11689029670359768,0.024739464536563754,-0.06413302458494223,-0.01716222853836156
2020-05-12,0.00010762983825009414,0.003493936866329205,-0.018669851150098525,-0.01716222853836156,-0.08968662532246452,0.022163788016427856,-0.14502388962740292,-0.01807530213527457
2020-05-13,0.0036908143044747247,0.006361499006906268,-0.03452514005769265,-0.01807530213527457,0.48515874582676616,0.04088663906459909,0.3659844376606886,-0.008880184011158981
2020-05-14,-0.012799090109922546,-0.004360221464057928,-0.02986476018856511,-0.008880184011158981,-0.20124862039753344,0.025504538724507215,0.07891265359577367,0.027503081152242835
2020-05-15,-0.01080696046102869,0.027995768957879613,-0.010920766589937018,0.027503081152242835,-0.046637685902174736,0.038916535547816544,0.009971118398855373,0.007282516039340597
2020-05-18,0.01707218568094236,0.027512913298654077,0.005214967836357418,0.007282516039340597,-0.11046672204321821,0.022297945462296596,-0.10658345904111803,0.011429960580995994
2020-05-19,0.005177225486388445,0.02158772696577302,0.002497119903349318,0.011429960580995994,0.15772194978531373,0.01909060706242385,0.04460891886110669,0.030247182139188866
2020-05-20,0.013370661884490499,0.03225228421298763,0.01297294249847155,0.030247182139188866,0.025456702358065398,0.019279341714516098,0.019576504954250985,-0.0038129882190006763
2020-05-21,-0.004257950537730937,0.0038764022117774707,-0.007929588245694816,-0.0038129882190006763,-0.22255074373368663,0.011805990457472418,-0.16314365139416842,0.008052885456847757
2020-05-22,-0.0020430588871381905,0.011318013782102876,-0.0031974059626298902,0.008052885456847757,-0.29218854796791427,0.014515419744732902,-0.4177496480804522,-0.022655170250483928
2020-05-26,0.014789103603212598,0.015479374297944192,-0.02749923199105375,-0.022655170250483928,0.7365012114081959,0.04297860628899802,0.3947793530757983,-0.0038839937613704095
2020-05-27,-0.009041667930313555,-0.0024723010603136964,-0.04116722665731057,-0.0038839937613704095,0.007712665186870444,0.03869492559699692,0.3082430431093223,0.012344456478013553
2020-05-28,-0.007142254550684538,0.030786953560733722,-0.007142254550684538,0.012344456478013553,-0.2019254027340003,0.037929208111418394,0.04686578746239582,0.01766683371359416
2020-05-29,0.007318567945403469,0.02398408983811621,-0.007266417930139558,0.01766683371359416,0.7076441521718352,0.03125050776825579,0.7488307031930557,0.007935288140910542
2020-06-01,0.00124077276101755,0.008730490166701351,-0.009616740018892036,0.007935288140910542,-1.0635420379740794,0.018347230185593182,-0.5463087371510614,0.001948443856908757
2020-06-02,0.0006157536112305101,0.003151493127322228,-0.019826734343771,0.001948443856908757,0.21006991726802698,0.02297822747109326,-0.35574208945617064,-0.0013326902456782096
2020-06-03,0.0009728001127161899,0.0017912750554015286,-0.007661718954614115,-0.0013326902456782096,0.010898318579817793,0.009452994010015462,-0.2864160473053089,-0.010622555483246768
2020-06-04,-0.0010777590032447378,0.014765269225738988,-0.019788303109286094,-0.010622555483246768,-0.046180352873584435,0.034553572335025026,-0.27055447383204906,0.018236042199086092
2020-06-05,-0.0030111988405133547,0.02652437712699546,-0.009898460224225678,0.018236042199086092,0.14252553852729974,0.03642283735122129,-0.09726396893879877,0.01234397453642383
2020-06-08,-0.004847551044521285,0.01314813430799865,-0.01813234476043487,0.01234397453642383,-0.07455137557133713,0.0312804790684335,0.05288995676865125,-0.0015598541801767776
2020-06-09,-0.0018872440581003747,0.011323844083866613,-0.009167553545654716,-0.0015598541801767776,-0.1289471282735724,0.020491397629521218,-0.12050433771815611,0.02403161379179268
2020-06-10,0.006099780885441007,0.031769173431837064,0.0058494777725654435,0.02403161379179268,0.46028250916823216,0.025919695659271477,0.35785438071635683,-0.0482163482750384
2020-06-11,-0.016906298069944727,-0.006461010007933334,-0.048990549147831304,-0.0482163482750384,0.13259993114963095,0.04252953913989801,0.4087782997672507,0.047527849246577006
2020-06-12,0.054293856771302315,0.06018901272035694,0.01976871362008402,0.047527849246577006,0.7034247137270461,0.040420299100272866,0.9951615233207601,-0.012873406915799466
2020-06-15,-0.019222338671188863,-0.0010583233537841195,-0.023746065462274993,-0.012873406915799466,-0.7900547760139167,0.022687742108490814,-0.10211208774710809,0.025413150911225483
2020-06-16,0.01604144874932044,0.03269818155890623,0.010262638375156584,0.025413150911225483,-0.004532270311451421,0.022435543183749827,-0.16184901011416356,0.004411216612005046
2020-06-17,0.005643883680422774,0.013966620704028694,-0.0007533822370889114,0.004411216612005046,-0.5778110847914356,0.014720002941117688,-0.8046159732519299,0.01671602295728918
2020-06-18,2.420770684935026e-05,0.017619398481286103,-0.0011857137958638524,0.01671602295728918,0.19939165030803085,0.018805112277150027,-0.5396265380226557,0.01779725289699462
2020-06-19,0.007817950567264167,0.02073673627951818,-0.0019283137296496199,0.01779725289699462,0.42187741619124614,0.02266505000916784,-0.04531043117443703,0.024532481879737018
2020-06-22,0.0022170719563785347,0.025238956570653913,0.0012375199010126287,0.024532481879737018,-0.21964601221012245,0.024001436669641302,-0.02420798220430055,0.004344854113204365
2020-06-23,0.0032547573201678523,0.016976140174831615,-0.006013863227378836,0.004344854113204365,-0.02905929136853908,0.022990003402210402,-0.013831299934984883,-0.020339362551508505
2020-06-24,-0.0012491916918145978,0.004800683189787056,-0.030139805272667988,-0.020339362551508505,0.08245094344609787,0.03494048846245516,0.11460059373758096,0.012134243957846414
2020-06-25,-0.003876069111236221,0.014511500716515632,-0.00954318208437973,0.012134243957846414,-0.3807241469509888,0.024054682800895393,-0.34492545689634646,-0.023222126512118264
2020-06-26,-0.0021765566614251122,0.0028109681345226466,-0.02841223705537122,-0.023222126512118264,0.5207185105161718,0.031223205189893827,0.19485082714375596,-0.006391602591165247
2020-06-29,0.0004448834987832457,0.0036474146447018074,-0.02583930338682277,-0.006391602591165247,-0.37812471054340674,0.0294867180315244,-0.17678649318787212,0.025853344441308605
2020-06-30,0.0058292296845048825,0.029522161702960015,-0.0008018934383613585,0.025853344441308605,0.11534518374299048,0.030324055141321356,-0.026844641237592008,0.01028439457063681
2020-07-01,-0.0011722881764792735,0.01536455488873479,-0.0038898520861194723,0.01028439457063681,-0.13155884766932904,0.019254406974854147,-0.1503575066417512,0.007114114497405553
2020-07-02,0.01173147224711885,0.01880750976410989,0.003518025855735209,0.007114114497405553,-0.030958084223574208,0.015289483908374642,-0.13019382754733033,0.02152970588263462
2020-07-06,0.011336307998458339,0.02800464912540773,0.003920491267482169,0.02152970588263462,0.09817535539754634,0.024084157857925646,-0.04787226753743543,-0.007162314673430213
2020-07-07,0.0,0.015021731570753831,-0.00858754237866821,-0.007162314673430213,-0.028133626775784803,0.023609273949422097,0.0006334420332904858,0.018345918331617132
2020-07-08,0.009744129799540738,0.019568727395336848,0.0058578642064999464,0.018345918331617132,-0.29478464053279313,0.013710863188836714,-0.2986659460127656,0.0068806692659083195
2020-07-09,0.00601232539184625,0.013283164544481182,-0.012753565293069067,0.0068806692659083195,0.1269446213462959,0.02603672983755021,-0.09897219176443885,0.0115638495625082
2020-07-10,-2.172093224472374e-05,0.013727913882031952,-0.011699071160522195,0.0115638495625082,0.4821878880926253,0.025426985042554095,0.40842361760924,-0.052242084487405915
2020-07-13,0.0076284370530854285,0.009414941624003342,-0.056386504001926074,-0.052242084487405915,-0.05464618699368962,0.06580144562592947,0.2620884959045085,-0.019835177978004232
2020-07-14,-0.015326955511758472,-0.011959058974678197,-0.06099051499817509,-0.019835177978004232,0.48737351473990936,0.049031456023496824,0.6971256490598682,-0.0017766453434358727
2020-07-15,0.0026016312309455245,0.013395984845299013,-0.011710114533257564,-0.0017766453434358727,-0.7921807322449658,0.02510609937855658,-0.2867815033950501,-0.01564095909495863
2020-07-16,-0.010633497939452554,-0.005604492230384115,-0.034060037135992906,-0.01564095909495863,0.04253201161662263,0.028455544905608907,-0.27688341533316857,0.014277483334972585
2020-07-17,0.004283632828972031,0.016771910338636484,-0.0060941994388940095,0.014277483334972585,-0.041752952680367016,0.022866109777530494,-0.34147156732586215,0.051493256199896545
2020-07-20,0.003785398551324735,0.055045324546696965,0.001340358785557105,0.051493256199896545,0.31312277024482765,0.05370496576113984,0.03493779829686009,-0.024435633865508632
2020-07-21,0.0017556971476387557,0.003770862030439748,-0.030146514217023426,-0.024435633865508632,-0.5494752070438068,0.033917376247463354,-0.5164107083039243,0.0017316164251706804
2020-07-22,0.007333244490392507,0.011391599431509835,-0.005688221263298955,0.0017316164251706804,-0.3701663282364629,0.01707982069480897,-0.6455567534630137,-0.03036307538898723
2020-07-23,-2.2423009107814297e-05,0.008413022183959715,-0.03370399650059015,-0.03036307538898723,0.5022479132463319,0.04211701868454991,-0.051940044877822056,-0.003317659086305277
2020-07-24,-0.01573436366308721,0.007522498501180074,-0.019411699272123183,-0.003317659086305277,-0.19665956243973745,0.02693419777330319,-0.2182917329156047,0.015656142331729628
2020-07-27,0.0033871401114927294,0.01853458367753634,0.0016254408470752772,0.015656142331729628,-0.1586148944929675,0.016909142830461257,-0.3187989243068625,-0.01113473418513991
2020-07-28,-0.0006179431810449647,0.00265034801704909,-0.01328858857632439,-0.01113473418513991,-0.10289746022542863,0.01593893659337355,-0.23600027767084358,0.009302770503248355
2020-07-29,0.006686506320640328,0.018837784688226823,0.0064107188780642725,0.009302770503248355,0.017543715441892406,0.012427065810162476,-0.1556248782713367,0.005895986163877204
2020-07-30,-0.014591330622246615,0.009580393225197364,-0.021991108539975882,0.005895986163877204,-0.027432547571139564,0.03157150176517323,-0.19323487420899654,0.012319001727683247
2020-07-31,0.007038618727315485,0.01258902989411302,-0.00933991114290869,0.012319001727683247,0.33913063428782286,0.021928941037021775,0.2494829837701255,0.008181228569431973
2020-08-03,0.012346915800433686,0.014345614882161448,-0.004601877128419533,0.008181228569431973,0.02005323695367414,0.018947492010580894,0.25286729101995015,-0.002346630887841125
2020-08-04,0.0006471743893620561,0.002474747078009259,-0.016361869064902265,-0.002346630887841125,0.23410865753514437,0.018836616142911593,0.43225640962413525,0.005778484606117767
2020-08-05,0.004843667211351663,0.015805680982705957,-0.0012762264245354251,0.005778484606117767,-0.1084325843354891,0.01708190740724161,0.19613286954043174,0.03196343920263335
2020-08-06,0.004084982936657629,0.032523515408671794,-0.0008457333287378453,0.03196343920263335,0.003775109995472739,0.03336924873740971,0.11434800226319164,-0.03182997486677363
2020-08-07,-0.007005564560920922,-0.005011300738933903,-0.041845060852689055,-0.03182997486677363,0.33128765743413335,0.03683376011375529,0.3625153366585631,-0.014067383980525672
2020-08-10,0.001777869639123826,0.0034639704614864266,-0.02950321138650874,-0.014067383980525672,-0.5827714480661936,0.032967181847995276,-0.32434385734360166,-0.01834955045362471
2020-08-11,-0.006858719018959948,0.002680881597599572,-0.02674814765672069,-0.01834955045362471,0.03393421664740187,0.02942902925432034,-0.2714634789881346,0.023008258752008154
2020-08-12,0.004904855388793312,0.028762301623409477,0.004904855388793312,0.023008258752008154,0.15721333141273724,0.023857446234616143,-0.054544736986137786,0.010409090824183799
2020-08-13,0.0015929958126562223,0.023390562847533644,0.0015929958126562223,0.010409090824183799,-0.09212238947431256,0.021797567034877383,-0.13558549452972302,-0.00539201173434313
2020-08-14,0.003039741480841161,0.006180604250874988,-0.012499456050562983,-0.00539201173434313,-0.6017895750714438,0.01868006030143794,-0.7081909689458808,0.00885252450631057
2020-08-17,0.005347592690501423,0.018812107025758827,0.003568259965471302,0.00885252450631057,0.3366650944534458,0.01524384706028751,-0.15687792840137366,0.026075466234885127
2020-08-18,0.007083278156298057,0.028209043673718674,0.002786339542751199,0.026075466234885127,0.2989159013116681,0.02542270413096754,0.1734162915957023,-0.0032414238086670346
2020-08-19,0.0016813945843147848,0.009875298926688345,-0.012854402138144361,-0.0032414238086670346,0.1508286102693011,0.02272970106483268,0.3020961610569632,0.03502787869080193
2020-08-20,-0.002210227403015908,0.03778276795728569,-0.006775995161502027,0.03502787869080193,0.018602542856683987,0.04455876311878764,0.29707819071194025,-0.011054036479671927
2020-08-21,-0.002909291037190175,-0.0025111174883807397,-0.017158606054598163,-0.011054036479671927,0.06262522313685391,0.014647488566217367,0.3113858584991144,0.006487482960421013
2020-08-24,0.010343208056482535,0.014267347595819074,-0.00784952636650677,0.006487482960421013,-0.3628606088485071,0.0221168739623259,-0.19850787815138637,0.016925044751383476
2020-08-25,0.0007765735603165768,0.017379086167016868,-0.003933814157754628,0.016925044751383476,0.7680736944749323,0.021312900324771466,0.5445064350566701,0.08705093824772318
2020-08-26,0.02551651504858956,0.09686097928303054,0.015973182322697704,0.08705093824772318,0.6734839295463065,0.08088779696033288,1.0674436687241662,-0.034985870891142426
2020-08-27,-0.018100695558177206,-0.009830719538695897,-0.04653533188767159,-0.034985870891142426,-0.7618665047146183,0.03670461234897566,-0.030362060853026392,0.011921125747986483
2020-08-28,0.003930987739641998,0.01648043462702207,0.0012141769724195645,0.011921125747986483,-0.6341273286575841,0.015266257654602431,-0.7239506157665229,-0.005923301243657029
2020-08-31,-0.005008293726665461,0.0005613365462695634,-0.016930552522252538,-0.005923301243657029,0.19740902146043704,0.01749188906852212,-0.48966148709014756,0.027965786583852816
2020-09-01,0.003131081873499071,0.029082627987159167,0.0021208250732807983,0.027965786583852816,0.024123930726548774,0.026961802913878348,-0.4916326275787129,0.011019608728159507
2020-09-02,0.01559886486813677,0.016773009570686934,-0.012464976430977139,0.011019608728159507,0.14653918533065483,0.02923798600166411,-0.2621984324880722,-0.049933568870724906
2020-09-03,-0.01464400039842059,-0.011625924362865006,-0.07866044855208805,-0.049933568870724906,0.7406465514656574,0.06703452418922286,0.8017410328763884,-0.03173088243257013
2020-09-04,-0.00622253764120815,0.006966653956579348,-0.0737232733656014,-0.03173088243257013,-0.40326628021517763,0.08068992732218064,0.24276928478852172,-0.06251051545135862
2020-09-08,-0.041610824179366325,-0.02149204646959208,-0.0645683563602523,-0.06251051545135862,0.1503525589069095,0.043076309890660316,0.2717572513825992,0.036814205444860124
2020-09-09,0.025171190628956012,0.04518436461040443,0.0007570891818746737,0.036814205444860124,-0.3138236028570835,0.0444272754285296,-0.16125851170125755,-0.0066965086918403995
2020-09-10,0.02408911490143361,0.045640829629384976,-0.012508540166323027,-0.0066965086918403995,0.2488893948482852,0.058149369795708054,0.04201834241640652,-0.01036301330944679
2020-09-11,0.022464408970369523,0.027236647365393333,-0.025045420171333408,-0.01036301330944679,0.038354793031929846,0.052282067536726796,0.010924390342730196,0.030422498311846433
2020-09-14,0.028527321241323338,0.039702021551009214,0.01164297602537441,0.030422498311846433,0.011173804023811063,0.02805904552563475,0.08952115292895971,0.02391380465047895
2020-09-15,0.015985613963779708,0.027964481925538867,0.011418144527838757,0.02391380465047895,0.24137325749351538,0.016546337397700023,0.3036567548194458,-0.044519379522074104
2020-09-16,0.015610804707031942,0.015610804707031942,-0.04557035176804916,-0.044519379522074104,0.3982827763061074,0.06118115647508116,0.6485850663814468,-0.003577847084825494
2020-09-17,-0.0245854702159479,-0.0017451912301809367,-0.033104998536058465,-0.003577847084825494,-0.6181584082723356,0.03135980730587753,-0.1788915742417021,-0.014333738373643422
2020-09-18,0.0065146939732259575,0.008481761908253092,-0.047008070366433896,-0.014333738373643422,0.4541216192906708,0.055489832274686984,0.2638289345850557,0.017155027593747024
2020-09-21,-0.015606098527588234,0.017617393767249506,-0.023413838049219243,0.017155027593747024,-0.60713644792013,0.041031231816468706,-0.4389379879715508,0.02315097676062053
2020-09-22,0.007686268247306693,0.024013445084471948,-0.012865215555725472,0.02315097676062053,-0.3978416358048996,0.03687866064019741,-0.8184892996367772,-0.03425010413122061
2020-09-23,0.0002054230501224868,0.002503132725828718,-0.03885262147815991,-0.03425010413122061,0.015923663003899614,0.04135575420398858,-0.6944752392645357,-0.005799221291413448
2020-09-24,-0.00738283118179111,0.002208444165424651,-0.021748919052133435,-0.005799221291413448,0.060816182363914895,0.02395736321755821,-0.38966292264014774,0.02556471525279376
2020-09-25,0.0033301290630995783,0.02930938930573622,-0.003555833625989966,0.02556471525279376,-0.11078436952022595,0.03286522293172611,-0.4147069632801406,0.01803229913553754
2020-09-28,0.016926268097736872,0.019832084590874738,0.0029137422981529043,0.01803229913553754,0.11289570818898355,0.01691834229272197,-0.025679806571879592,0.001677118959971274
2020-09-29,0.002922977517648093,0.010061599263132028,-0.008923849643663894,0.001677118959971274,-0.33725994835946216,0.01898544890679588,-0.2868764880084673,0.002245461315034691
2020-09-30,-0.002455307230551496,0.016035706230866184,-0.006375882171147675,0.002245461315034691,0.5468702674495567,0.02241158840201395,0.30526926611833605,0.018345095090617474
2020-10-01,0.014172286089249447,0.022321065033968218,0.01080941598412136,0.018345095090617474,-0.43770494252974074,0.01151164904984679,-0.19516957400113283,-0.0419479374803225
2020-10-02,-0.023332743630667792,-0.005480367755915469,-0.04267885777257336,-0.0419479374803225,0.20537647341912543,0.0371984900166579,0.0528217978600515,0.015495537301938153
2020-10-05,0.008854418110123368,0.015947675128448077,0.0,0.015495537301938153,-0.33760920549864,0.015947675128448077,-0.3028057777480703,-0.015516371457568352
2020-10-06,-0.003026346342771924,0.010307067848569825,-0.018611077359470252,-0.015516371457568352,0.028519420959205722,0.028918145208039984,-0.2080470700460446,0.029154509200725025
2020-10-07,0.011148932651163953,0.030836186956133736,0.005101960609589623,0.029154509200725025,-0.007720147506933698,0.025734226346544205,-0.21665000914028293,-0.004695173375967372
2020-10-08,0.011892891648645878,0.012774183293580672,-0.011400020243172776,-0.004695173375967372,-0.24179051334838197,0.024174203536753407,-0.3330537066770107,0.022800599654546023
2020-10-09,0.0018929035269985837,0.022820532874613008,0.000692442832690696,0.022800599654546023,0.1530634155374175,0.022128090041922448,-0.11733940386348961,0.017235530213576083
2020-10-12,0.012074345583361209,0.0271879641795722,-0.005231109233959854,0.017235530213576083,0.5300696237472731,0.03241907341353208,0.5058849961388399,0.006671860233655
2020-10-13,0.002541323202287945,0.016904906294613244,0.001974950024713098,0.006671860233655,-0.2560881627617365,0.014929956269900044,0.13401783809508055,-0.01567706665467832
2020-10-14,5.838583808060124e-05,0.005119989897042892,-0.025023190262417415,-0.01567706665467832,-0.18175570240025032,0.030143180159460395,-0.08426193362249301,-0.01024367980268767
2020-10-15,-0.01402210339395086,-0.007553485161312482,-0.028975320726473543,-0.01024367980268767,0.004858070746470322,0.02142183556516101,-0.08004572012550666,0.0033268224468411913
2020-10-16,0.005670822779513011,0.018171717793853615,-0.0008983015760261354,0.0033268224468411913,0.1781683058968511,0.01907001936987961,0.05807738132467063,-0.015270521717601354
2020-10-19,0.009756932721797323,0.009756932721797323,-0.01931747169783614,-0.015270521717601354,-0.2342445931375224,0.029074404419633316,-0.22591076595067403,-0.0012528556176769877
2020-10-20,0.00010093955756484079,0.009986321460534981,-0.006665965646535146,-0.0012528556176769877,-0.2839955275954375,0.016652287107070028,-0.40382679039000763,0.0027863706791681647
2020-10-21,-0.005128577866942092,0.010519130915808599,-0.008140895131444894,0.0027863706791681647,-0.0596578631966044,0.018660026047253496,-0.368727304482327,-0.02523712972094901
2020-10-22,0.0015312284315783182,0.001813005709054593,-0.03395995181387472,-0.02523712972094901,0.646175104216034,0.0357729575229292,0.3467710997201646,0.010081340121199798
2020-10-23,0.005793765818361288,0.010101830731378518,-0.008493361832414902,0.010081340121199798,-0.31928144473861886,0.018595192563793418,-0.032468770175243446,-0.0276036777462054
2020-10-26,-0.015721702598020307,0.0005730165097169294,-0.038330208893513094,-0.0276036777462054,0.20755380328086614,0.03890322540323007,0.2319095063808902,0.007045796043438102
2020-10-27,0.0095918692208463,0.013980108899038324,-0.003647238512039293,0.007045796043438102,-0.20902911837010302,0.017627347411077642,-0.01999387981987456,-0.046163843883551575
2020-10-28,-0.01981638504364703,-0.015987189467842843,-0.048551962081794936,-0.046163843883551575,0.34479874185773957,0.03256477261395211,0.28006909740880365,0.009018848582775825
2020-10-29,0.005129404957256729,0.016838869530101046,0.0006781461754967333,0.009018848582775825,-0.2308958551220478,0.016160723354604306,-0.07238303113017527,-0.03085429758801608
2020-10-30,-0.006068948398393508,-0.0034976526835526632,-0.04117350934789415,-0.03085429758801608,0.386161109593196,0.03767585666434163,0.35747017987777246,-0.004842849789244568
2020-11-02,0.008685042611400186,0.020127097860055298,-0.018419561854515525,-0.004842849789244568,-0.23221882542265077,0.03854665971457088,0.01885350141656918,0.02020177863455669
2020-11-03,0.009061146927074059,0.02858032300014696,0.0016393508647124812,0.02020177863455669,-0.34333721509028875,0.02694097213543424,-0.33605786019086475,0.0705950876665767
2020-11-04,0.05132303719144523,0.08629532229683697,0.04405716844062858,0.0705950876665767,0.9449448310898472,0.04223815385620835,0.6201569749106903,0.01878674775455966
2020-11-05,0.024410696175725402,0.03091902381142302,0.005260806192418997,0.01878674775455966,-0.6335775518134958,0.025658217619003863,-0.15474787161613243,-0.0037130429634011815
2020-11-06,-0.0030662891287500734,0.004521757308972572,-0.027506407505154058,-0.0037130429634011815,-0.20483038315398694,0.03202816481412646,-0.3790601474974312,-0.04865469733839068
2020-11-09,0.00014152471496125288,0.009617390812575203,-0.04946158744048286,-0.04865469733839068,0.6168821094178928,0.05907897825305807,0.32329814989002353,-0.04147314102370369
2020-11-10,-0.009425812121030108,-0.006665636778928809,-0.054836368835870786,-0.04147314102370369,0.3054324607520139,0.048170732056941945,0.5449633818142444,0.034251785321967744
2020-11-11,0.014256280076085709,0.039305791046111156,0.01209470488334492,0.034251785321967744,-0.6247899736722269,0.027211086162766282,-0.2800147610403393,-0.011114479214764527
2020-11-12,0.01219680729996045,0.015233444177916252,-0.01421060870789485,-0.011114479214764527,-0.2195247180845678,0.02944405288581112,-0.38473798740576404,0.014507958752335409
2020-11-13,0.01047293131197967,0.01718900332347397,-0.007769275878889341,0.014507958752335409,0.3380245603561441,0.024958279202363265,-0.028134346311149607,-0.018037840964834094
2020-11-16,-0.019166625144455066,0.000404747078910316,-0.02391255797195553,-0.018037840964834094,-0.16194783631474843,0.024317305050865795,-0.2541632550893484,0.015071874962516657
2020-11-17,0.0015390936213977593,0.019251591072252064,-0.002063114243795159,0.015071874962516657,-0.046501135848158404,0.02131470531604723,-0.23041395096305894,-0.018287824725234363
2020-11-18,-0.0026534172311594825,-0.00010689386176914988,-0.018744958934901728,-0.018287824725234363,-0.15437222510648066,0.01863806507313264,-0.20353415854595042,0.014991429517236742
2020-11-19,0.00115283551892277,0.0248693802767826,-0.00045713420966744496,0.014991429517236742,0.4176370769327276,0.02532651448644993,0.26031191416397176,-0.007510801494980055
2020-11-20,-0.002683643183817145,0.007667611222649488,-0.008721306737276118,-0.007510801494980055,-0.5267636689425191,0.016388917959925742,-0.3473783914336003,-0.005002615825838989
2020-11-23,0.0036871184487661324,0.008774975682422768,-0.014688705494002592,-0.005002615825838989,0.24775837157183347,0.023463681176425128,-0.010543378844789678,0.004527256134490544
2020-11-24,0.0017353604495545748,0.008388342311816174,-0.008568755390476142,0.004527256134490544,0.08679686734554388,0.016957097702292406,0.0890441162573561,0.015823942125600225
2020-11-25,0.0077288541931278786,0.021022312103292924,0.00463586373681622,0.015823942125600225,0.01900658817461971,0.016386448366476694,0.09316634168129288,0.014676515012723703
2020-11-27,0.01440394808513875,0.02589151805358086,0.010117128480461696,0.014676515012723703,-0.37233249879495,0.015774389573119264,-0.32567329462896744,0.003014136120585848
2020-11-30,0.006206724468486404,0.00799675755198411,-0.016550236637439306,0.003014136120585848,0.42860483662755783,0.02454699418942348,0.21360895661315543,0.0014201724975202764
2020-12-01,0.007371365429529527,0.007371365429529527,-0.014398725329446428,0.0014201724975202764,-0.0963117576422575,0.02177009075897602,0.037320106480738524,0.0043939968471178835
2020-12-02,-0.007289323329807927,0.004518656735347906,-0.01902571717321396,0.0043939968471178835,-0.18334139631692892,0.02354437390856186,-0.1591484415799516,0.0062555644202097
2020-12-03,0.001972001195898091,0.023716014368492182,0.0004985463395061984,0.0062555644202097,0.3739842853203176,0.023217468028986155,0.2542826004109013,0.003545374581609877
2020-12-04,0.0028661592504961356,0.014574890350986601,0.00016515232440910226,0.003545374581609877,-0.10776869809994608,0.014409738026577539,0.11109044725023051,0.012778093618741248
2020-12-07,0.0020554991820959595,0.026978482480396634,0.0020554991820959595,0.012778093618741248,0.22443735360111317,0.024922983298300748,0.2623346283898064,0.006136539227068944
2020-12-08,8.127357872027821e-05,0.0076698683416124005,-0.012366630530196026,0.006136539227068944,-0.4586150835200898,0.020036498871808462,-0.24455356374142598,-0.02357570463835904
2020-12-09,0.0015131495595696286,0.003466769350324905,-0.032879988725416205,-0.02357570463835904,0.4607628756036475,0.03634675807574103,0.2421245626761184,-0.01430364529140165
2020-12-10,0.0,0.00936195703605584,-0.026795594919103573,-0.01430364529140165,0.12848840032848727,0.03615755195515939,0.2760888173626945,-0.0020151383974637703
2020-12-11,-0.0018680471930859355,0.004227049716267133,-0.017024991725034622,-0.0020151383974637703,-0.0964760810286936,0.021252041441301776,0.12346632710586523,0.021843707413817602
2020-12-14,-0.000630608550431286,0.025926456126357654,-0.0008618864336344519,0.021843707413817602,0.10237400335224045,0.02678834255999218,0.1755635453738942,-0.0078014113497417254
2020-12-15,0.005392232942902811,0.006311986137667908,-0.012182816948278066,-0.0078014113497417254,-0.4330394161969039,0.01849480308594611,-0.2874455870536521,0.01493021170267666
2020-12-16,0.00487782645432788,0.018190875104065817,0.0030410588797250217,0.01493021170267666,-0.0011732041547464207,0.015149816224340943,-0.3108235626509704,0.011083465204178413
2020-12-17,0.006307897856857906,0.014368609334485563,0.0014890133338423843,0.011083465204178413,-0.1596963673686384,0.012879596000643112,-0.4179163420905092,0.015206044461201
2020-12-18,0.004531866858463355,0.017430420456240145,-0.0036200337644774617,0.015206044461201,0.7620115090812336,0.021050454220717753,0.4554737157825404,-0.009107853393199163
2020-12-21,-0.009790336769687132,-0.0018906661594822456,-0.02302884626399019,-0.009107853393199163,-0.6597728278626503,0.021138180104508016,-0.27637884375400673,0.011530606960612493
2020-12-22,-6.025442063526627e-05,0.016970294244713757,-0.005149833499337615,0.011530606960612493,-0.3493191286371726,0.02212012774405127,-0.5243963616622299,-0.014504608869490211
2020-12-23,0.001902292137435366,0.002555349431074164,-0.015148810852953856,-0.014504608869490211,-0.1750252890723777,0.01770416028402807,-0.6379365331447155,0.005919099360657538
2020-12-24,0.00451776242706321,0.012201139483066923,0.0007443147353332613,0.005919099360657538,-0.8854745202801075,0.011456824747733544,-1.4363203048963058,-0.0018221151140307926
2020-12-28,0.011437562236465106,0.01228770452253911,-0.006100227709689282,-0.0018221151140307926,0.9446690249087979,0.018387932232228378,-0.354363974265552,0.006313275224132932
2020-12-29,0.004439476882690209,0.012745355802709054,0.0015820288381311058,0.006313275224132932,-0.05514195576210636,0.011163326964577825,-0.06437725717644809,-0.009324116445313137
2020-12-30,0.0018703544521256551,0.004490926015185479,-0.011578188997315246,-0.009324116445313137,0.06466489903816665,0.016069115012500655,0.13724533914498446,0.005352986288936049
2020-12-31,0.0010849033170917239,0.006432161728072032,-0.0051595283237493295,0.005352986288936049,-0.04532861534994103,0.01159169005182143,0.11798653081467039,-0.02999839115105221
2021-01-04,0.0003598342312193747,0.0013388087347734844,-0.0488421458435375,-0.02999839115105221,0.9046370155111516,0.05018095457831096,1.017434551293644,0.0007208966131090372
2021-01-05,0.0011120211690258783,0.0015235230704070582,-0.012731596437454027,0.0007208966131090372,-0.5863263018751935,0.014255119507861066,0.05062060313923359,-0.04071992155543225
2021-01-06,-0.024152282543602077,-0.020425867899784286,-0.04138493119992794,-0.04071992155543225,0.7265129603256222,0.020959063300143695,0.7266522665806984,0.024215987240375287
2021-01-07,0.010007450246276185,0.028185209281573788,0.004151697554056345,0.024215987240375287,-0.35957298789571535,0.0240335117275176,0.1273384010883588,0.01528843682262793
2021-01-08,0.004719472891419567,0.016195060215244802,-0.0011100033381375113,0.01528843682262793,-0.24706415224837833,0.01730506355338238,-0.2217145266848732,-0.022641565757635713
2021-01-11,-0.006431721146784329,-0.005187643539420611,-0.02886025980422638,-0.022641565757635713,0.05004809068886554,0.023672616264805806,-0.22695762509384243,-0.005476329920420114
2021-01-12,0.00035843236314424455,0.0016013019591320538,-0.021828949849253876,-0.005476329920420114,0.21873492212050333,0.023430251808386003,0.07768902030548096,0.0008477141638214457
2021-01-13,0.0007418134304662966,0.013059716329968843,-0.004994975365864212,0.0008477141638214457,-0.34210037586451514,0.01805469169583311,-0.3317055467627923,-0.018774872567523998
2021-01-14,0.0007623740334898874,0.0031725915754967295,-0.02108716206791785,-0.018774872567523998,0.5103886604639547,0.024259753643414646,0.32924702612207424,-0.011266201714658967
2021-01-15,-0.0016634567989064675,0.00990184946715582,-0.012555008544290692,-0.011266201714658967,-0.09185578767371859,0.022456858011446507,0.19040815865279923,-0.003455112001704176
2021-01-19,0.006722955657504052,0.007633231210652125,-0.010401424278580554,-0.003455112001704176,0.3226828822390041,0.01803465548923258,0.4448413366118393,0.028569384902565
2021-01-20,0.0135550543458481,0.034216246572060724,0.004960271166336942,0.028569384902565,-0.1355506016773542,0.029255975405723892,0.17491500288477968,0.0048632493564851175
2021-01-21,0.0011276690683094523,0.010503879604572679,-0.00775786846402996,0.0048632493564851175,-0.33203018659797806,0.0182617480686027,-0.21084151381788185,0.0008894256172270488
2021-01-22,0.0010164126397243052,0.00913155667180554,-0.0029916398843051304,0.0008894256172270488,-0.08846043116869173,0.012123196556110574,-0.33734558189882086,0.002114433897338
2021-01-25,0.004371953312647567,0.01107218603837595,-0.0180692883838494,0.002114433897338,0.06237088131180836,0.029141474422225488,-0.21855678956772223,0.00598072021134157
2021-01-26,0.0006123685291408244,0.007952409243187108,-0.012069829063796727,0.00598072021134157,-0.13231402970536885,0.02002223830698382,-0.32043913296125803,-0.03477942453683892
2021-01-27,-0.011169072385708467,-0.005495008969783379,-0.045554644653580965,-0.03477942453683892,0.41717459746384133,0.04005963568379755,0.23176160865052767,0.012250768111526221
2021-01-28,-0.002023769649275472,0.03213039580011839,-0.002023769649275472,0.012250768111526221,-0.178303319075638,0.03415416544939382,0.07281116743465528,-0.014928286393307063
2021-01-29,-0.00754443977394712,-0.0014398520073106897,-0.02293814180736013,-0.014928286393307063,0.01992873370859647,0.021498289800049534,0.07624573726085782,0.024183723502744277
2021-02-01,0.007621794265266451,0.03434466582431448,0.002286153282877808,0.024183723502744277,-0.18080038578675414,0.032058512541436504,-0.14102730031369717,0.03127184081624795
2021-02-02,0.007735944731308836,0.03629088348655587,0.005410840904707409,0.03127184081624795,0.1679449211452507,0.03088004258184834,0.03665986520973103,-0.0062263824858839675
2021-02-03,0.004444367897699382,0.008051170916784879,-0.011949066996511257,-0.0062263824858839675,-0.34189392265716567,0.020000237913296203,-0.34947595996847824,0.015361140749618354
2021-02-04,0.004761198383185758,0.016382320085982612,0.0,0.015361140749618354,-0.06833100636686085,0.016382320085982612,-0.3184854678667448,0.0055832854858858015
2021-02-05,0.003141915297404927,0.011620480911134726,-0.0028238879309395127,0.0055832854858858015,-0.1798807695494914,0.01444436884207418,-0.42340471924076795,0.0033270096829038295
2021-02-08,0.004339135009919874,0.011596304310984422,-0.005930751595453906,0.0033270096829038295,0.030572633887511844,0.017527055906438316,-0.27812292159192825,0.00462711453456572
2021-02-09,0.0025081736158139717,0.00845010593934433,-0.0035505276154426295,0.00462711453456572,-0.09435522190905626,0.012000633554786873,-0.29711879341974484,-0.006837097515401349
2021-02-10,0.006270042508206327,0.00791137520310645,-0.01172046613933729,-0.006837097515401349,0.11583678687770253,0.0196318413424436,-0.03376741592065021,0.007985530321228949
2021-02-11,0.003768208122875201,0.008750420124588185,-0.003232586002674525,0.007985530321228949,-0.09175741645569135,0.011983006127262639,-0.08271695774335273,0.004460259418026512
2021-02-12,-0.002944186233849704,0.00550211289477648,-0.009834323835997263,0.004460259418026512,-0.10413268373032149,0.015336436730773588,-0.14058285471247375,0.005597364445647982
2021-02-16,0.002382698469708046,0.015258690399390337,-0.002488842020418722,0.005597364445647982,0.24098969948524226,0.01774753241980892,0.1276560901195344,-0.02097028790550442
2021-02-17,-0.012497050204817105,-0.012214527937525579,-0.032682855201180167,-0.02097028790550442,0.13466840241159786,0.02046832726365461,0.24779384709161684,-0.0058391669610941025
2021-02-18,-0.010045613750479979,-0.002915352655853551,-0.02312636834950296,-0.0058391669610941025,-0.15807250154064026,0.020211015693649456,0.026205513324430555,-0.019122227525348465
2021-02-19,-0.0024806865541737175,0.0005731690039321024,-0.02544537627005389,-0.019122227525348465,0.4113263358361198,0.02601854527398606,0.4331351889876117,-0.02491546026450174
2021-02-22,-0.018197604261978643,-0.014760237284317902,-0.026350128798594837,-0.02491546026450174,-0.08040726364687159,0.011589891514277076,0.23411770822951022,0.0010052105550316826
2021-02-23,-0.013594215327444505,0.008756228207777881,-0.037521414466500654,0.0010052105550316826,0.5060662577744132,0.046277642674278384,0.6387910790171594,0.018678689395025556
2021-02-24,-0.009256039325155677,0.020209159174763583,-0.016184083866089348,0.018678689395025556,-0.2055412973853206,0.03639324304085289,0.24187658625564526,-0.037320776277584816
2021-02-25,-0.011352019795885382,-0.000650619818689107,-0.044204756936685546,-0.037320776277584816,-0.0415829654771923,0.04355413711799651,0.10857346052208303,0.0011101287692312871
2021-02-26,0.007896227770081622,0.017615522348792666,-0.006883980659100724,0.0011101287692312871,-0.0305939265757962,0.024499503007893417,-0.016730399570752126,0.021308527971993278
2021-03-01,0.01298981729327315,0.023287089083235398,0.006461945560328402,0.021308527971993278,-0.29076178215499454,0.016825143522907083,-0.3341801179556442,-0.006366478038280529
2021-03-02,0.007341410933005478,0.008967868046391174,-0.013097334961694775,-0.006366478038280529,-0.06462332079842335,0.02206520300808587,-0.3895391720121422,-0.03965370009140427
2021-03-03,-0.007248814021090169,-0.004101938992492595,-0.04045682295276114,-0.03965370009140427,0.23906319618975666,0.03635488396026853,-0.02300182022322325,-0.021161147349260608
2021-03-04,-0.004469780478844741,0.020045233883666087,-0.02442340411049204,-0.021161147349260608,0.4685425003530133,0.04446863799415804,0.48692922939886896,0.0040232107037174395
2021-03-05,0.013168521419633749,0.013325871302237542,-0.03558683364324895,0.0040232107037174395,0.02826126953673636,0.04891270494548657,0.4294603474517549,-0.045551473897588395
2021-03-08,-0.0024301373798445115,0.00036289416904513856,-0.046549154263138534,-0.045551473897588395,-0.17216314444073347,0.04691204843218359,0.1644937246086126,0.04180152589943786
2021-03-09,0.03874572923025128,0.04989746742156699,0.03453443410765848,0.04180152589943786,0.010574252020373267,0.015363033313908689,0.08647806734630638,-0.004953234665391369
2021-03-10,0.01480407704410847,0.020910137150648548,-0.005388107445416271,-0.004953234665391369,-0.3571043643369771,0.02629824459606487,-0.3616275341963535,0.03164426245994248
2021-03-11,0.025149615808797782,0.03829528683281646,0.02329576061589113,0.03164426245994248,0.005408852464213125,0.014999526216925477,-0.3531309115114646,-0.015100380468251916
2021-03-12,-0.017015279585490834,-0.01152804525431937,-0.028012513035672815,-0.015100380468251916,-0.2352815786226778,0.01648446778135351,-0.49662606885669036,0.007377644163017005
2021-03-15,0.00022506156407822223,0.007824409132677634,-0.01480634926276037,0.007377644163017005,0.13889921464771526,0.02263075839543802,-0.212021492955181,0.006569255675673581
2021-03-16,0.009826698456063584,0.02170252542798109,0.004636383641791662,0.006569255675673581,0.0430710978980705,0.01706614178618926,-0.07596206408470507,0.001042651552850962
2021-03-17,-0.011384319118916372,0.007518153789777935,-0.02135668132456079,0.001042651552850962,-0.04534604849108007,0.02887483511433863,-0.02418278921898839,-0.02658019871784076
2021-03-18,-0.017558646942554455,-0.009244220188135407,-0.028129722046416755,-0.02658019871784076,0.15804174640395482,0.018885501858281445,0.15312318749988327,0.005268684903200972
2021-03-19,0.0,0.01204071981314545,-0.002370807700226133,0.005268684903200972,0.29164867650691734,0.014411527513371637,0.4314222182943271,0.02441083638077209
2021-03-22,0.007581572953372316,0.036298089717875716,0.007581572953372316,0.02441083638077209,-0.2871894741557223,0.028716516764503177,0.016202282778962303,0.01707234770197024
2021-03-23,0.010860119022979934,0.03148341936802274,0.008802679951559903,0.01707234770197024,0.5910381366733324,0.02268073941646266,0.5775909343152015,-0.019063661491935415
2021-03-24,0.009859960200093046,0.011687138262314102,-0.026109339149159208,-0.019063661491935415,-0.019542740061705515,0.037796477411473434,0.3918265416861042,-0.0011523979807196607
2021-03-25,-0.007068004189428915,0.011801333209356344,-0.01360232811292338,-0.0011523979807196607,-0.4877470444837762,0.025403661322279624,-0.2390599403924936,0.03934949522992454
2021-03-26,-0.0016421605980363814,0.04079804518474848,-0.004310931721268093,0.03934949522992454,0.12172133730355073,0.04510897690601655,-0.1305463560863618,0.0004902142774198238
2021-03-29,-0.00012791020122761596,0.006184345701529047,-0.014148082931546551,0.0004902142774198238,-0.1405130748151978,0.02033242863307551,-0.25600051843185495,-0.008258708602942906
2021-03-30,-0.014465368222011615,-0.0004902142774197795,-0.016802800218539343,-0.008258708602942906,-0.25434721749073486,0.01631258594111946,-0.5200380763697351,0.021067292350905795
2021-03-31,0.009068073463441453,0.035768236915804275,0.006936785414601701,0.021067292350905795,0.25879322182921477,0.028831451501202515,-0.1097382573502236,0.016626894268752142
2021-04-01,0.016171621983405042,0.024252834868456863,0.011170721994130498,0.016626894268752142,-0.16918223587873568,0.013082112874326465,-0.15462770363657574,0.016985718236587552
2021-04-05,0.0007238785130577273,0.024867222731177224,-0.005893103767813972,0.016985718236587552,0.11267039406511711,0.03076032649899115,-0.00682993379167581,-0.0005697053579068589
2021-04-06,0.0014228760359304984,0.008042914184725324,-0.008272165519395957,-0.0005697053579068589,-0.46239476255269674,0.016315079704121303,-0.4261237266733968,0.004204133786486834
2021-04-07,0.00333228249717327,0.007118353619930537,-0.007046344424318367,0.004204133786486834,-0.17496963558086395,0.014164698044248891,-0.5091270739797242,0.012947561041374657
2021-04-08,0.013587575711659023,0.022425569459379114,0.009540712577494835,0.012947561041374657,0.25066592897011825,0.012884856881884309,-0.19069378254519223,0.00836760706965361
2021-04-09,-0.002945276637045561,0.009160868042805333,-0.014590541807856433,0.00836760706965361,-0.07112813501496035,0.02375140985066188,-0.16511823003440831,0.003940306700848483
2021-04-12,-0.009468540573466386,0.005737011254418542,-0.011172420981595443,0.003940306700848483,-0.17460326126252684,0.016909432236013985,-0.26726490574016637,0.01729903694057653
2021-04-13,0.0016191602152582543,0.021949714674211713,0.001481028305206614,0.01729903694057653,0.32603225272207464,0.020468686369005146,0.2038581818128856,-0.008249723545460651
2021-04-14,-0.0016717251406167953,0.0056555076056768305,-0.011191594313995799,-0.008249723545460651,-0.11525821258801401,0.016847101919672747,0.053792945522624265,0.0244140942757879
2021-04-15,0.009821725816806447,0.02697178925143422,0.00871574212447393,0.0244140942757879,0.08139435657639331,0.018256047126960506,0.09505294483383832,0.003491303156220787
2021-04-16,0.001833047985277016,0.004176650144302983,-0.009022929831068643,0.003491303156220787,-0.043676746314505493,0.013199579975371615,0.041445671278970066,-0.017114529004531222
2021-04-19,-0.0037206560053836967,-0.0020589801612877546,-0.020471729338688772,-0.017114529004531222,-0.057697108647620024,0.01841274917740115,-0.030990015113505194,-0.003804350418488461
2021-04-20,-0.0017063291444259227,0.0021674677258745095,-0.010849618716800648,-0.003804350418488461,-0.13382196143363306,0.013017086442675038,-0.19793670816931125,-0.0036432654944626632
2021-04-21,0.0015739877251089772,0.0024666824714366597,-0.00910382574110115,-0.0036432654944626632,0.0003576111612792912,0.011570508212537947,-0.14559262166992956,-0.00990567054408973
2021-04-22,-0.008349630498514397,0.0008389200798792573,-0.01629321580352016,-0.00990567054408973,0.21691478929810587,0.017132135883399326,0.1004157749110659,0.016713842919074986
2021-04-23,0.002952525518554746,0.01992667611876638,0.0021856782891997747,0.016713842919074986,0.07968101598591867,0.017740997829566726,0.18410387507697978,-0.000271467212120213
2021-04-26,-0.004410338223652498,0.0009106636137920178,-0.010895890249878474,-0.000271467212120213,-0.4867544396705509,0.01180655386367047,-0.32642450076693147,0.0031364279773354103
2021-04-27,0.00445001753177076,0.006686844363150641,-0.008470925539608442,0.0031364279773354103,0.33724413939979475,0.015157769902759095,0.0675389025572234,-0.0035631851743008576
2021-04-28,-0.004028860130706633,0.0034926901968674808,-0.014211733610292,-0.0035631851743008576,-0.2779898253957788,0.017704423807159475,-0.23936235187892257,0.0011827533827152815
2021-04-29,0.005089079124081549,0.009595377885492865,-0.009472803448602502,0.0011827533827152815,0.0785472278217129,0.019068181334095435,-0.13855173661543208,-0.015130713076014272
2021-04-30,-0.0038050596515645067,-0.002017261284432301,-0.017474415126389312,-0.015130713076014272,0.20278064150039277,0.015457153841956959,0.11953668724724428,-0.009646259699809714
2021-05-03,0.005160374616969017,0.006666156638448091,-0.01430492421886325,-0.009646259699809714,-0.2906086783965785,0.020971080857311208,-0.1349512671639413,-0.025671280165010187
2021-05-04,-0.00795670946877076,-0.00795670946877076,-0.037705961804734796,-0.025671280165010187,0.5503073540173737,0.029749252335964135,0.4068738265658282,-0.008205592865862952
2021-05-05,0.010117768283649606,0.016031379570956725,-0.012839378280131764,-0.008205592865862952,-0.29901577896163,0.02887075785108867,0.04068202671262229,-0.006348608623208943
2021-05-06,-0.002097966537384982,-0.002097966537384982,-0.022377574012847342,-0.006348608623208943,0.30225304985040996,0.020279607475462463,0.29913308863505655,0.010531445741971908
2021-05-07,0.02529716024137133,0.03162787307105943,0.004477077518734326,0.010531445741971908,-0.4410316332962968,0.027150795552325135,-0.2375971906956313,-0.019316599725001146
2021-05-10,-0.0024378563449905604,0.0006340909677904553,-0.020882345689192006,-0.019316599725001146,0.1885002280384593,0.021516436656982395,-0.017871716245576152,0.012046959331126093
2021-05-11,-0.017571828836548228,0.015585696096518269,-0.022957510822049974,0.012046959331126093,0.1516759430017212,0.038543206918568294,0.08399974968245127,-0.02737093421395586
2021-05-12,-0.01662583228543141,-0.008694112265974187,-0.03272317391746064,-0.02737093421395586,0.04509414809813033,0.024029061651486442,0.15165189427371428,0.004375187585247786
2021-05-13,0.012462035586770611,0.01757432292447503,-0.0006992352250394676,0.004375187585247786,-0.18386473479502424,0.01827355814951463,-0.08180962520938546,0.025815393708421706
2021-05-14,0.015631369348480792,0.02944655412099476,0.009508386167330376,0.025815393708421706,-0.07237951630426877,0.01993816795366435,-0.10300029350573481,-0.007882032702488155
2021-05-17,0.0009655014102075793,0.0026887480016921247,-0.0175194180099312,-0.007882032702488155,-0.16095857298953525,0.02020816601162338,-0.285564081566141,-0.00440125928342264
2021-05-18,0.003907537059943311,0.011492757445968735,-0.004734225666706237,-0.00440125928342264,-0.12509146093540965,0.016226983112674988,-0.37288010824542844,-0.0003121328871879228
2021-05-19,-0.01593927925526653,0.0005200262263218784,-0.018097941339900357,-0.0003121328871879228,0.38365343945316216,0.01861796756622218,0.10368507831031634,0.02304299301603842
2021-05-20,0.0066587218501849696,0.03051994735174272,0.004444049679521713,0.02304299301603842,-0.027932286907235482,0.02607589767222109,0.11463897030551534,-0.007348933858625264
2021-05-21,0.005112276512912321,0.009231764007521556,-0.00927674911860107,-0.007348933858625264,-0.23901388706536722,0.01850851312612264,-0.12376643175600774,0.019799773116142144
2021-05-24,0.013371401668972408,0.02412922549486718,0.008040208141752506,0.019799773116142144,0.1638351951272439,0.016089017353114642,0.07322122398411884,0.014458179673294531
2021-05-25,0.002387526781020493,0.0154872285926513,0.0020869046683641276,0.014458179673294531,0.22913563380612786,0.013400323924287054,0.2718454524252264,0.0037547707663685573
2021-05-26,0.002353296127590496,0.00871304667766171,-0.0008913088372922909,0.0037547707663685573,-0.3146075312095115,0.009604355514954102,-0.1424353710243819,-0.017309411183428103
2021-05-27,-0.003913147476126549,-0.003913147476126549,-0.01897650317690537,-0.017309411183428103,0.5562400294043985,0.015063355700778882,0.45046558668734527,0.012564207886955284
2021-05-28,0.015532567456450562,0.025931223524712638,0.011791020431866667,0.012564207886955284,-0.4294546236624662,0.014140203092845938,-0.07659345103151774,-0.01733190742270005
2021-06-01,-7.923344608783745e-05,0.002810295832451945,-0.02461777903885671,-0.01733190742270005,0.12862275230244857,0.027428074871308633,0.01824678023679665,-0.00028237869151731765
2021-06-02,-0.0014731479906886684,0.01184703821760951,-0.00570276029682731,-0.00028237869151731765,-0.21739264578461298,0.017549798514436648,-0.23048157650964482,-0.005318948247913381
2021-06-03,-0.006820705425939849,0.0019949443976733853,-0.017150063416675663,-0.005318948247913381,-0.13485434275234154,0.01914500781434902,-0.3134026321450897,0.022774700700780838
2021-06-04,0.011271750085136036,0.026731184595855273,0.009244533267137743,0.022774700700780838,0.06605611373212475,0.01748665132871758,-0.23236980363406676,0.009803132275438772
2021-06-07,0.0009707679671819097,0.010411417913216175,-0.0049677201019344445,0.009803132275438772,0.07287778592750221,0.015379138015150567,-0.02412286192019409,-0.0005300814128909919
2021-06-08,0.0032921051931680827,0.013297608486021652,-0.0027517242921598238,-0.0005300814128909919,-0.011773875452091439,0.016049332778181626,-0.018491437315850554,0.010704443429951763
2021-06-09,0.009362900357139405,0.017751935616179534,0.006420757093392643,0.010704443429951763,-0.026318834046118702,0.011331178522786756,0.006021381660700935,0.03969293984841316
2021-06-10,-0.0013415430728123158,0.04135340988627161,-0.0032499768920602255,0.03969293984841316,0.6161250473321693,0.04460338677833197,0.6291322071842675,0.010661499004417919
2021-06-11,-0.01083307678616773,0.01175089137756157,-0.01083307678616773,0.010661499004417919,-0.09339917860952403,0.02258396816372944,0.3600888775853974,0.02857571826984751
2021-06-14,0.006959373212576122,0.03646261191048716,0.0036698461975449063,0.02857571826984751,0.20443446442822472,0.03279276571294226,0.44894492094576033,-0.015361100252600965
2021-06-15,-0.003525413238789399,-0.0035073774624070336,-0.01760633753302635,-0.015361100252600965,-0.37345030655460193,0.014098960070619284,-0.06949313124763935,-0.009397489357793732
2021-06-16,0.0,0.010032227458813702,-0.023502809124237335,-0.009397489357793732,0.15875898291345253,0.03353503658305098,0.03848628903116007,0.014671025173290018
2021-06-17,-0.0061662988149409695,0.017134589577179147,-0.008465260180489223,0.014671025173290018,0.2270486539745585,0.025599849757668436,0.18548267167946314,0.025481554797083406
2021-06-18,0.033178294707075597,0.03324843405685911,0.009081586762159553,0.025481554797083406,0.6397620206362269,0.02416684729469957,0.7976798816009616,0.0031068726364287197
2021-06-21,0.0007069113797020636,0.008100161331637505,-0.009307936640093516,0.0031068726364287197,-0.9458950098613294,0.01740809797173107,-0.3757582313830562,0.014679798733254826
2021-06-22,0.0020425661577312773,0.01566935192412646,-0.0006170504774969528,0.014679798733254826,-0.10236497714714655,0.016286402401623285,-0.43008363351435,-0.0026261740253153065
2021-06-23,0.0039003976503092543,0.007027042495185605,-0.00877491470780889,-0.0026261740253153065,-0.38267168265179474,0.01580195720299455,-0.8097653008022666,0.006993632494926134
2021-06-24,0.002904097992322461,0.011669091066189324,0.0012705324629718397,0.006993632494926134,0.12665744688111,0.010398558603217666,-0.6132779364964945,0.0024180670196665833
2021-06-25,0.0006569364481971892,0.006446836323323261,-0.0020773684017831107,0.0024180670196665833,0.150719342139384,0.008524204725106458,-0.35475137019118347,0.01564486825483495
2021-06-28,0.005247994771311435,0.016680312575092487,0.00230907842413011,0.01564486825483495,-0.21893400347032949,0.014371234150962435,-0.21083946070868284,0.0033063693844012083
2021-06-29,-0.0034365342293423383,0.004304646827005178,-0.00835676958106368,0.0033063693844012083,-0.3525162421120959,0.01266141640806892,-0.4732354530655177,-0.008687624729036284
2021-06-30,0.0,0.0025190255785221215,-0.009781068835160757,-0.008687624729036284,0.3467822143482264,0.01230009441368294,0.001997063806172016,-0.0015551225114909914
2021-07-01,-0.003952198093529698,0.0036474867325993645,-0.007352348218827714,-0.0015551225114909914,-0.03468693866081615,0.010999834951427163,-0.042926576219660124,0.014162279399135629
2021-07-02,0.006715557136149372,0.015863850369186135,0.0055087869183015545,0.014162279399135629,0.05811644926607875,0.010355063450884435,0.03742203368490168,0.006437187850405952
2021-07-06,0.004710066048126708,0.012716557723887207,-0.0009953640255713047,0.006437187850405952,-0.051275193584176045,0.013711921749458358,0.033535444843283746,0.014750772238751167
2021-07-07,0.0051800191401147125,0.01788230725943782,0.0008373105731723116,0.014750772238751167,0.1990842605177047,0.017044996686265537,0.23970767051759884,0.0002970862449915803
2021-07-08,-0.0168639260000087,0.0025224744882507808,-0.02074964288680171,0.0002970862449915803,-0.0909882595941192,0.023272117375052418,0.05090004572109556,-0.002395824504926964
2021-07-09,-0.007487353822576476,0.0,-0.014143630119970541,-0.002395824504926964,0.14988667777024256,0.01414363011997064,0.18468870459144665,-0.007138716710308218
2021-07-12,0.0024783160144670005,0.004818781110396115,-0.013355990741858722,-0.007138716710308218,-0.23484233318117043,0.018174771852254766,-0.10461386273357433,0.007982049616582982
2021-07-13,0.0005995958549914128,0.01509706757390748,-0.0029701333411734504,0.007982049616582982,-0.16680757465414744,0.018067200915080798,-0.26626815887596406,0.0062941077089996725
2021-07-14,0.005160139743725698,0.010342814104587667,-0.0016542327039847748,0.0062941077089996725,-0.041748284823125564,0.011997046808572496,-0.2840550510153269,-0.004378664081792709
2021-07-15,-0.0007065101566768866,0.0018378959377916128,-0.010202473124590251,-0.004378664081792709,0.1614180259554356,0.01204036906238184,-0.04943445143792083,-0.00011549791167537115
2021-07-16,0.00418155332777031,0.008950720060337414,-0.0041493655440551485,-0.00011549791167537115,-0.25834909891402436,0.01310008560439255,-0.28053488282237204,-0.006704470614202317
2021-07-19,-0.005542431615373274,0.007544520764113907,-0.013220083924004932,-0.006704470614202317,0.49327635716091706,0.020764604688118853,0.32731852072913376,0.011017865677159743
2021-07-20,0.005532424580813335,0.017616544345770584,-0.0059474031330604155,0.011017865677159743,-0.19994889124597667,0.02356394747883116,0.08096115362417272,0.005798701106631647
2021-07-21,-0.0049405590181834085,0.006321230293274012,-0.008910595699702142,0.005798701106631647,-0.19342311399738635,0.015231825992976126,-0.14306222353697357,0.018480359729401014
2021-07-22,0.0037820906376094254,0.018913211671738383,0.0037820906376094254,0.018480359729401014,0.0678142868112349,0.015131121034128867,-0.0757624271719574,0.003505269425256253
2021-07-23,0.0033295220375833667,0.01268223021391617,-0.0026973118364641384,0.003505269425256253,0.3176106567395962,0.01537954205038023,0.25959328448602553,-0.008133724795279016
2021-07-26,-0.0027038974241863035,0.0,-0.009858806199110755,-0.008133724795279016,-0.3790729660798962,0.009858806199110847,-0.21451236727284648,-0.004067472537026264
2021-07-27,0.000322132727858016,0.0050131784255395585,-0.016501337726742706,-0.004067472537026264,0.10281735075018493,0.021514516152282323,-0.03236040497083389,0.00426074496622462
2021-07-28,0.004373486349749776,0.01240889443150394,-0.0011490424076331686,0.00426074496622462,-0.04800815488499724,0.013557936839137008,-0.06320086507351433,0.001255459275394821
2021-07-29,-0.006268405618852287,0.00762082660542475,-0.006268405618852287,0.001255459275394821,-0.3173389654655146,0.01388923222427716,-0.3916172112493709,-0.0001126126182598204
2021-07-30,-0.0043038968063950425,0.0017677394493861634,-0.007118786815744323,-0.0001126126182598204,0.27226778153828834,0.008886526265130545,-0.06623385537087549,-0.004643754409054152
2021-08-02,0.0067976057089455515,0.009557913666249406,-0.01409434332164325,-0.004643754409054152,0.044185293378982596,0.023652256987892507,0.06528418585944226,0.004080599256126545
2021-08-03,0.002389031616317489,0.009570240157253392,-0.007706385735757644,0.004080599256126545,-0.31795106227725173,0.01727662589301099,-0.26381187526263905,0.007057133448315501
2021-08-04,0.0019134742019204006,0.009292238314355194,-0.005908539438955027,0.007057133448315501,0.20244930580699588,0.015200777753310152,0.009147928652120689,0.010176948864604875
2021-08-05,0.0020915293796672633,0.010793695738048304,-0.004292527799888948,0.010176948864604875,-0.12071432493522571,0.015086223537937041,-0.08633769129897202,-0.0011080877376153737
2021-08-06,-0.0044555470339838095,-0.00037975541001796496,-0.010992410037153955,-0.0011080877376153737,-0.026686915553447405,0.01061265462713606,-0.1270704664013379,-0.0034269972005866412
2021-08-09,0.005685563860513099,0.005685563860513099,-0.007088994188471948,-0.0034269972005866412,-0.007834100424566524,0.01277455804898519,-0.09088861854262302,-0.011958927301402932
2021-08-10,0.0020004925532670303,0.006463313733365172,-0.01379419783891572,-0.011958927301402932,0.3195012895507444,0.020257511572280833,0.2870719086622982,0.006876356860030337
2021-08-11,0.00324371144506403,0.009094162387926505,-0.00014471054039294262,0.006876356860030337,-0.1479474202259622,0.009238872928319517,0.060484414827404305,0.013202474027495739
2021-08-12,-4.79689722739352e-05,0.0168060296152266,-0.003183906403657528,0.013202474027495739,-0.13281107479346457,0.019989936018884106,-0.07575982448117605,0.004655375463714525
2021-08-13,0.0002206970977862409,0.006411211940587175,-0.0031578143823479308,0.004655375463714525,-0.22065331774876518,0.00956902632293499,-0.2971939378844053,-0.0005807261174584472
2021-08-16,-0.00043939334922088756,0.0011134718645369893,-0.014413517196617254,-0.0005807261174584472,0.16986218470127312,0.015526989061154217,-0.09579523956250871,-0.003034701267240789
2021-08-17,-0.0006125131153316945,9.419212603914362e-05,-0.010606545156429488,-0.003034701267240789,0.1970623676876881,0.01070073728246857,0.10347234583773324,-0.013061083837685783
2021-08-18,-0.0034863650159440143,0.0033486724558497638,-0.014210541562419453,-0.013061083837685783,0.02942249707064367,0.017559214018269344,0.1653442401961652,0.017225505477574447
2021-08-19,-0.0030200392251556714,0.024864937414160283,-0.005022426723669482,0.017225505477574447,0.2001328988412428,0.029887364137829622,0.355621171970185,0.015066516458409502
2021-08-20,0.0034130032518981997,0.02223937810788087,-0.004920570287195464,0.015066516458409502,-0.1664477427375099,0.027159948395076267,0.10353357867442813,0.014599183397740639
2021-08-23,-0.0022734626958890824,0.017092820906154077,-0.0028154764803161253,0.014599183397740639,0.14176103436304377,0.019908297386470337,0.17062551703076345,0.0005783500501707192
2021-08-24,0.003465093583905534,0.004768951345549095,-0.005281347143302803,0.0005783500501707192,-0.6456373598358285,0.010050298488851812,-0.5505922138974848,-0.0006696941724886326
2021-08-25,0.002082297583503876,0.005795369872180848,-0.008556949047784078,-0.0006696941724886326,0.1901967447941151,0.014352318919964826,-0.29438728339302195,-0.006736974489343048
2021-08-26,-0.004899254912290158,0.0016885634828654747,-0.01140771459419961,-0.006736974489343048,0.43514403861225043,0.013096278077065173,0.19009875653675232,0.009352357375871128
2021-08-27,0.0001992549368728734,0.015543994643047083,-0.0008127725912256979,0.009352357375871128,-0.34888842635324496,0.016356767234272828,-0.14759857790277794,0.011279718310194385
2021-08-30,0.001911568084106133,0.01379909146110312,0.001911568084106133,0.011279718310194385,0.16074461712577737,0.011887523376997137,0.05821046778915573,-0.0034443822050546904
2021-08-31,0.0028638575357327195,0.0028638575357327195,-0.008338045533753587,-0.0034443822050546904,0.3363124879587683,0.01120190306948631,0.44490013754751284,0.0032942551879677926
2021-09-01,0.0012196831007271587,0.007894041909976399,-0.0025647026072639348,0.0032942551879677926,-0.3980372301535414,0.01045874451724021,-0.10850020583569786,-0.0018789510048359416
2021-09-02,0.005884516776280591,0.005929256543695053,-0.006357597336722618,-0.0018789510048359416,0.10612140593611899,0.012286853880417819,-0.032274444284461426,0.002929641821397045
2021-09-03,-0.0003160435089905085,0.013806498036418254,-0.0005117264319895888,0.002929641821397045,0.15669409731141526,0.01431822446840777,0.15481337980495996,-0.007831501411055984
2021-09-07,0.0011394047877631786,0.003414509516362631,-0.015176370836478211,-0.007831501411055984,-0.1711303734481285,0.01859088035284092,-0.08480488844133839,0.0027630128703814366
2021-09-08,-0.001876584229937053,0.00405894674365075,-0.006507526388180966,0.0027630128703814366,-0.010618281582806224,0.010566473131831518,-0.1008317414567423,-0.0023246716936007115
2021-09-09,0.0024397345886644608,0.006372780296874226,-0.004972958317017939,-0.0023246716936007115,-0.20859031763144448,0.011345738613892153,-0.23960256365150873,-0.004149557292972277
2021-09-10,0.006777848985349424,0.010807669750638063,-0.005273189259204278,-0.004149557292972277,0.08127526677428655,0.016080859009842272,-0.13668825467893364,-0.021149601281240098
2021-09-13,0.006202800030192789,0.0070470345044059465,-0.028789396215832066,-0.021149601281240098,0.6217758689026038,0.035836430720238045,0.5142204543815649,-0.0002170500484867669
2021-09-14,0.001316618042288324,0.0068431407649158895,-0.004178293517497191,-0.0002170500484867669,-0.04203045388182352,0.011021434282413187,0.3861796662947057,0.024609051432198745
2021-09-15,0.011269414607070169,0.027976613179877614,0.009213054075765219,0.024609051432198745,-0.06777445836062028,0.018763559104112332,0.21847621414233517,0.0060775313622704755
2021-09-16,-0.005384452180626262,0.008120196270606736,-0.009682464061354023,0.0060775313622704755,0.0181491394820061,0.017802660331960703,0.16016714598384763,-0.016111421123247555
2021-09-17,-0.0028607032404017047,-0.00016537783044180004,-0.019846542446533087,-0.016111421123247555,0.5519130637230324,0.019681164616091314,0.6100902894266375,-0.020359258919078894
2021-09-20,-0.012979610004030334,-0.0008406964738122123,-0.03329160867967277,-0.020359258919078894,-0.2980550225219472,0.03245091220586048,0.09421651857186016,0.007147494881269719
2021-09-21,0.008679074996742194,0.014951114652076753,-0.0015449409837629351,0.007147494881269719,-0.07399131394464309,0.016496055635839793,-0.012149792151277991,-0.031151047566555696
2021-09-22,-0.0332136752175523,-0.026593366800041974,-0.04890941327125304,-0.031151047566555696,0.8428376774505751,0.022316046471211087,0.8068460131031426,0.007574121431639602
2021-09-23,0.00986992915234726,0.012286828251745758,0.0015002834414687633,0.007574121431639602,-0.6448727098924836,0.01078654481027692,-0.09258727263240608,-0.012971351057848352
2021-09-24,-0.004512140722124307,-0.0028733102989786192,-0.020207973415051858,-0.012971351057848352,-0.06093868888280339,0.017334663116073266,-0.20930671729817835,-0.031086355910009647
2021-09-27,-0.011158740465120073,-0.009763181147342467,-0.03261165327893917,-0.031086355910009647,0.39080976613820506,0.02284847213159682,0.22543411639724345,-0.042089404437554045
2021-09-28,-0.012233938246037312,-0.012233938246037312,-0.0428499306646541,-0.042089404437554045,0.20734580259477353,0.030615992418616737,0.3453059877697126,-0.0018504718672927851
2021-09-29,0.01147560736050367,0.013352699355239785,-0.0046760019810317644,-0.0018504718672927851,-0.627855356348592,0.01802870133627159,-0.4197482216750846,-0.003433343410516629
2021-09-30,0.005076244775230608,0.014589249354315173,-0.007750263763587727,-0.003433343410516629,0.006142166136536096,0.02233951311790282,-0.25950036502633544,0.0030350617543959623
2021-10-01,0.0031217271429784537,0.00993794902294238,-0.012426620150761939,0.0030350617543959623,0.060701803815915806,0.022364569173704472,-0.1851018499160753,-0.033419746501260075
2021-10-04,-0.004999652540329506,-0.0011608774541274041,-0.04485477842262476,-0.033419746501260075,0.3105550357666086,0.04369390096849746,0.11941121483389222,0.014593388955888745
2021-10-05,0.009657920912696261,0.020908269088708156,0.0012884169813418603,0.014593388955888745,-0.5313174500340208,0.019619852107366328,-0.40192847690190114,0.006349983642692472
2021-10-06,-0.009681480590418443,0.009588540891976414,-0.011518332059680895,0.006349983642692472,-0.13469310989539504,0.021106872951657335,-0.36392638808144506,0.015053360150994819
2021-10-07,0.0141893695302707,0.027395702810578793,0.010257403293123083,0.015053360150994819,0.2594762357063065,0.01713829951745571,-0.056832390024734725,-0.0036338511510078672
2021-10-08,0.00403352519795371,0.007999497916300257,-0.005959414625799463,-0.0036338511510078672,-0.2558122437228573,0.013958912542099864,-0.30583684617755186,-0.006591691275949753
2021-10-11,-0.004099480069995135,0.009351904651720349,-0.009335094123940174,-0.006591691275949753,-0.3741660524876453,0.018686998775660636,-0.6158866475367875,0.013209169755359174
2021-10-12,0.010570845460675795,0.019269687988872103,0.0023529202350196245,0.013209169755359174,0.20998490335784525,0.016916767753852324,-0.18706072102415708,0.0178019783819044
2021-10-13,0.007839153787868038,0.021887515719424926,0.0033867239049530764,0.0178019783819044,0.20787996909125,0.018500791814471864,0.07947027822383296,0.02734961783929293
2021-10-14,0.014910620996027125,0.030521472516157607,0.009847777577604874,0.02734961783929293,0.154770648848666,0.020673694938552672,0.22427378313202315,0.0042378792273138795
2021-10-15,0.006856970163777351,0.007772043772864766,6.580420298330678e-05,0.0042378792273138795,-0.24365517474061055,0.0077062395698815084,-0.004499834522630428,0.020667104508859342
2021-10-18,0.0009174723108217799,0.021694070208600584,-0.004139124317680445,0.020667104508859342,-0.028460991709840237,0.025833194526280922,-0.02371529636617873,0.021034995895942394
2021-10-19,0.003893943055308356,0.026240983955691136,0.003893943055308356,0.021034995895942394,0.25968365000063365,0.022347040900382784,0.18651495218405315,-0.005833973533063629
2021-10-20,0.005033957202601986,0.00817310675244156,-0.009319034556134094,-0.005833973533063629,-0.500621453591749,0.017492141308575567,-0.3828950964910492,0.009897531186677754
2021-10-21,-0.0005852640116068211,0.010695774787541364,-0.005343401458023746,0.009897531186677754,0.05799666483762866,0.016039176245565025,-0.26434041568551614,0.007674176642595315
2021-10-22,0.002767624965207189,0.008994004443431276,-0.006613688261882447,0.007674176642595315,0.11866503659556199,0.015607692705313632,-0.05303261492525232,0.0052535143033124254
2021-10-25,0.0013818621378556275,0.009341203046710966,-0.007032359983315846,0.0052535143033124254,-0.09204654958692313,0.016373563030026798,-0.12647636920522096,-0.006933063521674936
2021-10-26,0.006071462253995481,0.01871193198988117,-0.00755586351326008,-0.006933063521674936,0.27911472983979246,0.02626779550314126,0.18291226047293632,-0.0037736215279632885
2021-10-27,0.003076943015327332,0.009773095220433117,-0.004195563307593811,-0.0037736215279632885,-0.27880791549074674,0.013968658528026966,-0.06003039947387996,-0.0012506063472816874
2021-10-28,-0.0032549118966216832,0.0037580420048522064,-0.01069629291342331,-0.0012506063472816874,0.24625019200731466,0.014454334918275434,0.17100169619286607,0.017183444309641163
2021-10-29,-0.002364841488765333,0.018643126699470314,-0.003572933321966563,0.017183444309641163,-0.07844127282935616,0.022216060021436945,0.03738684040130229,-0.015745386600480783
2021-11-01,0.0010603922212061615,0.0055813182534277354,-0.024247504881178446,-0.015745386600480783,0.13928592968302692,0.02982882313460609,0.16157959603699681,0.000312372642414461
2021-11-02,0.0014359926684778166,0.011708719588497826,-0.0015163501398308202,0.000312372642414461,-0.22463396551869766,0.013225069728328508,-0.1234068658091584,0.022816976617790457
2021-11-03,0.00796320455116099,0.024829674497146223,-0.0006248428919870277,0.022816976617790457,0.10740926299866216,0.025454517389133423,0.023109657468350663,0.028438827720053038
2021-11-04,0.006480997843718607,0.0314014416505739,0.003914924056907078,0.028438827720053038,0.23011165681469223,0.027486517593666875,0.21843803880107093,-0.016996289583347843
2021-11-05,0.0039383138659380605,0.005444433798115895,-0.019428605211111206,-0.016996289583347843,0.01480560036896803,0.024873039009226997,0.19432852920728727,0.004967195444646665
2021-11-08,0.00577762040971142,0.00830982101882806,-0.0019936965398044595,0.004967195444646665,-0.5197093697199232,0.010303517558632463,-0.38073397843440415,0.0028486508542350858
2021-11-09,0.002504268177337984,0.005450351347690637,-0.004544739258984455,0.0028486508542350858,-0.2831505439722697,0.009995090606675186,-0.596036622181042,-0.031049586725389194
2021-11-10,-0.0070917580717374945,-0.0031640394123876618,-0.033585640950046236,-0.031049586725389194,0.591620912336589,0.0304216015376587,0.06035665163985053,-0.0067097451590135805
2021-11-11,0.0032533666943699627,0.0077996307862396135,-0.00837477679590311,-0.0067097451590135805,-0.47218439809397006,0.01617440758214273,-0.4188386862264419,0.022187758201282833
2021-11-12,0.009039091538152744,0.02350986915194805,0.0061844692250382725,0.022187758201282833,0.012042685421175637,0.017325399926909808,-0.2730516660292233,0.0032338241899895104
2021-11-15,0.0011702692861890037,0.009188205618704473,-0.0036715329825813174,0.0032338241899895104,-0.17718900662564463,0.012859738601285838,-0.29281918892092706,0.01698325821482666
2021-11-16,-0.0008946535471239596,0.021013634511901205,-0.0011222857444861626,0.01698325821482666,0.277327985267032,0.022135920256387533,0.04437377047101036,-0.0005367017844309811
2021-11-17,0.001087259391901292,0.002545021596875696,-0.012280214743422429,-0.0005367017844309811,-0.15165730704070965,0.014825236340298156,-0.1496017499791979,0.00043236818789494605
2021-11-18,-7.453689181425435e-05,0.008729149430247357,-0.00836982736824698,0.00043236818789494605,0.20091618460048974,0.01709897679849429,0.17353446326689367,0.02561692155588767
2021-11-19,0.015234483679212074,0.04165623868129369,0.011778975927958504,0.02561692155588767,0.7271391016961657,0.029877262753335153,0.8658211614286988,-0.021734540987177878
2021-11-22,0.01142544338066169,0.016096467782974855,-0.02308651551085717,-0.021734540987177878,-0.3022275859386948,0.03918298329383208,0.3186704132346814,-0.012564363147688471
2021-11-23,-0.016269518478624144,-0.008947671331588022,-0.03776034699993809,-0.012564363147688471,0.09117538044377133,0.028812675668350066,0.27415719805596933,0.00473953886275113
2021-11-24,-0.014125937768509586,0.005562141219900227,-0.027464895808626384,0.00473953886275113,-0.03083658805606565,0.033027037028526836,0.13571418713705394,-0.009350546650893339
2021-11-26,0.002883665408054184,0.02319080591453591,-0.01301225385210901,-0.009350546650893339,-0.09629962579533762,0.03620305976664483,-0.0683029783930137,0.0376307047185214
2021-11-29,0.008871608479524448,0.04324408593864353,0.005527729828818033,0.0376307047185214,0.2135880608316309,0.037716356109825405,0.08683549096332119,-0.025993499499707473
2021-11-30,-0.00039283855125104005,0.010706310961525864,-0.02901359405518464,-0.025993499499707473,0.5444662208448248,0.039719905016710605,0.6606756272315896,-0.01874593857291861
2021-12-01,0.00913930576702905,0.013243342051570078,-0.02046619848843808,-0.01874593857291861,-0.5074156210983903,0.0337095405400081,-0.028339581492889617,0.021771928713173502
2021-12-02,-0.0022232465662795687,0.02618257607525294,-0.005781696340599116,0.021771928713173502,-0.056813649989384464,0.031964272415852285,-0.1074887718517963,-0.08597272967627534
2021-12-03,-0.020722902051917735,-0.014678221496481859,-0.10600901724896071,-0.08597272967627534,0.9242280497046147,0.09133079575247882,0.8001868635607724,0.008897333289679373
2021-12-06,0.0015234061394360512,0.015083622197071298,-0.01767272075367433,0.008897333289679373,-0.7545953636947744,0.03275634295074559,-0.21650452698199732,0.04390649231114789
2021-12-07,0.03498935340744205,0.05196664836087524,0.028541915200528203,0.04390649231114789,0.21833706596671926,0.023424733160346954,-0.020336995244830906,0.004819363186055292
2021-12-08,-0.004101009647660396,0.007189922626325304,-0.012930236705735666,0.004819363186055292,-0.48987259575258213,0.02012015933206093,-0.47170423520556015,-0.03193932153353884
2021-12-09,-0.0033434989892903682,0.0040036043525167936,-0.03461454165779497,-0.03193932153353884,0.05417177320000764,0.03861814601031185,-0.39583458601845956,0.034004308896821135
2021-12-10,0.008751134002162523,0.03479849033625102,0.003991530374381412,0.034004308896821135,0.11898894869381853,0.03080695996186951,-0.27024233181224055,0.005865529040486756
2021-12-13,-0.0025703302579701244,0.031228579250493577,-0.005316317122487551,0.005865529040486756,0.2873513529598151,0.036544896372981195,0.2472073466622967,-0.068266160138928
2021-12-14,-0.035468991602959646,-0.034462172590443804,-0.09423224759191863,-0.068266160138928,0.4380240924218861,0.05977007500147483,0.6420790471735732,0.024848943089963403
2021-12-15,0.0017874862407863251,0.02630740479793148,-0.016794422347108883,0.024848943089963403,-0.3247252518476629,0.043101827145040385,0.1973471400555735,-0.10749039527827735
2021-12-16,-0.08597780582739568,-0.06344656635403816,-0.1252054329452228,-0.10749039527827735,0.9383547910462848,0.0617588665911846,1.0346116041797602,-0.016834385883873464
2021-12-17,0.0,0.0015885260609679716,-0.037710454323377614,-0.016834385883873464,-0.3150202278979731,0.039298980384345546,0.3606331623992532,-0.012418693247297203
2021-12-20,-0.02001432976023182,0.0011311594844405145,-0.02388903115818644,-0.012418693247297203,-0.8435503489670473,0.025020190642627022,-0.6516662649022728,0.013998367690484827
2021-12-21,0.0020713632090198692,0.01824031755405742,-0.021548574513293013,0.013998367690484827,0.17634147091355018,0.03978889206735034,-0.4634929687948144,0.011520343082652283
2021-12-22,0.004973920622001565,0.013185685786429818,-0.009515695451079404,0.011520343082652283,0.09775007673850356,0.02270138123750912,-0.30803169134039726,0.00995070802354893
2021-12-23,0.008791416259176179,0.015116256242835146,0.00385792108782195,0.00995070802354893,-0.745485233276397,0.011258335155013316,-1.061196405452462,0.014050606195408339
2021-12-27,0.009470102115696846,0.0195747402090402,0.004326905333976212,0.014050606195408339,-0.0812501536065002,0.0152478348750638,-0.8083580171198662,-0.014507172201133312
2021-12-28,0.008892682758318973,0.008961272173051505,-0.01628268628756452,-0.014507172201133312,0.062497401036087565,0.025243958460615883,-0.4299162345313178,-0.00012296548818079128
2021-12-29,0.006948599713924665,0.013260080835337116,-0.011624057199602595,-0.00012296548818079128,0.16430592661025703,0.02488413803493964,-0.17972177097067904,0.002175872946266831
