date,open_ret,high_ret,low_ret,close_ret,volume_ret,range_ret,vol_ratio,target_return
2019-01-03,-0.000801545155857128,0.003200075973045783,-0.0206442596964967,-0.016155425287520307,-0.07569134780454295,0.02384433566954247,-0.07569134780454295,0.040691711634209565
2019-01-04,0.02174877980181073,0.04342447521074007,0.018956051342658865,0.040691711634209565,0.2300816310564729,0.024468423868081086,0.19151998052813055,-0.0007821845530732254
2019-01-07,-0.0007821845530732254,0.007788230977720863,-0.011401696285100701,-0.0007821845530732254,-0.3854430107121155,0.019189927262821677,-0.26192088314534706,-0.0019580674891010166
2019-01-08,0.006240264057409072,0.00895824677750722,-0.018559242155108215,-0.0019580674891010166,0.16640831181766547,0.027517488932615422,-0.03617965280842951,0.009752368995357558
2019-01-09,0.006252456729194643,0.01324007458552756,-0.004715169448426264,0.009752368995357558,0.03455810860361934,0.017955244033953828,0.005510426200228528,-0.0011653016187130646
2019-01-10,-0.007794301506256582,0.000776114024537792,-0.013286641358674016,-0.0011653016187130646,-0.0662952142898656,0.014062755383211795,-0.05462339656025511,0.011592136882874523
2019-01-11,-0.007803350353579391,0.011976243996263614,-0.01054905133278459,0.011592136882874523,-0.027346516297481863,0.022525295329048303,-0.07800317838724279,0.012977286805024859
2019-01-14,-0.010038702957772282,0.017139968396180687,-0.016266821341497144,0.012977286805024859,0.18944058878713158,0.03340678973767784,0.1725858263014898,0.006802686761494424
2019-01-15,-0.006086049785649009,0.016547900137273842,-0.012209293278631272,0.006802686761494424,0.04971250615936727,0.028757193415905158,0.16305773065527498,0.06911846843719383
2019-01-16,0.057806873715660935,0.07856400131975519,0.04816227130747027,0.06911846843719383,0.7047428733833339,0.030401730012284897,0.8297396973505016,0.01880274764917246
2019-01-17,-0.00387394774246956,0.01914764259728205,-0.01273454084093262,0.01880274764917246,-0.417729547478591,0.03188218343821448,0.17883272113074997,0.01063655494576757
2019-01-18,0.0010343281917526838,0.016082444919155833,-0.00970547279418885,0.01063655494576757,-0.09259374546390757,0.025787917713344495,-0.0035399984614367455,-0.0071930122316491586
2019-01-22,-0.010981568887443843,0.0,-0.01409199663272984,-0.0071930122316491586,-0.1432152196888196,0.014091996632729815,-0.2145199560473224,-0.005861077823815781
2019-01-23,0.004458905070908372,0.006510234791635434,-0.016288674300859184,-0.005861077823815781,-0.06619482586297164,0.022798909092494546,-0.2960877210621089,0.005517250113063176
2019-01-24,-0.005895632685307692,0.009635335473631981,-0.006243527241665724,0.005517250113063176,-0.2889776191236854,0.01587886271529768,-0.5828162683200222,0.017047804661682472
2019-01-25,0.006854062502388142,0.021769546704008536,0.0020611297798390467,0.017047804661682472,0.19334520031080601,0.019708416924169476,-0.17314527800580068,0.0016888785582876923
2019-01-28,-0.008828588093412982,0.003037982170734779,-0.00985226260643602,0.0016888785582876923,-0.18545104591328734,0.012890244777170766,-0.2728924693784101,-0.008132873598195428
2019-01-29,-0.003042025165665946,0.002359738235150462,-0.009835555346186717,-0.008132873598195428,-0.15309365615443699,0.012195293581337103,-0.3246361361995224,-0.01094775559068334
2019-01-30,0.0010202581030545727,0.002718313786284403,-0.015084229290806644,-0.01094775559068334,0.25619058100060677,0.017802543077091067,0.030123136681968764,-0.02085582690108828
2019-01-31,-0.011068936829462207,-0.007943386365231068,-0.03821675119587515,-0.02085582690108828,0.41034219297081453,0.030273364830644096,0.48144708353043636,-0.0031662350111338606
2019-02-01,0.004555853992175791,0.012912440535857135,-0.005635796912553273,-0.0031662350111338606,-0.44449027386192325,0.01854823744841043,-0.08659018607805434,0.017464642804697412
2019-02-04,0.003166235011133903,0.02057614591870849,0.0014084831928709812,0.017464642804697412,-0.1518012156028536,0.019167662725837534,-0.21546846019517363,-0.003468559647649169
2019-02-05,-0.0010392787886675241,0.0,-0.010792079404301618,-0.003468559647649169,-0.16880327305389,0.010792079404301545,-0.3702463230829454,-0.001738868259748368
2019-02-06,-0.003829442761262059,0.004160856601094279,-0.008374081190214258,-0.001738868259748368,-0.2695459628062985,0.012534937791308444,-0.6253828503549742,-0.017202452537738885
2019-02-07,-0.00663521293046584,-0.0031375362766125504,-0.029315181903329445,-0.017202452537738885,0.5592486167285953,0.02617764562671704,0.03122718846571859,0.0017690131555397888
2019-02-08,-0.003192063485783401,0.0028288535293776312,-0.01354741426069204,0.0017690131555397888,-0.21913924645870692,0.0163762677900695,-0.0537059295084789,0.004232772819474346
2019-02-11,0.0017658219710222232,0.00599114281708967,-0.002831925115795928,0.004232772819474346,-0.047206012066335845,0.008823067932885773,-0.04556329103785196,0.009807458112863923
2019-02-12,0.007364612956449074,0.015715383999252673,0.0059659793370593775,0.009807458112863923,0.030005604945316133,0.009749404662193248,0.014815346792023124,0.00034850074079272405
2019-02-13,0.006254374136198477,0.010402286430325978,-0.0010462315320842917,0.00034850074079272405,-0.004624518963791475,0.011448517962410377,-0.00030188778133217065,-0.010860200362773721
2019-02-14,-0.011917426163340628,-0.0027913458972075524,-0.020771742717421948,-0.010860200362773721,-0.024706606216530348,0.01798039682021443,-0.07807936117464837,0.02504482973854934
2019-02-15,0.01294859182512779,0.03189178751573968,0.009814333570328147,0.02504482973854934,0.3215202800910596,0.022077453945411545,0.30137717678281356,0.0006867634368012705
2019-02-19,-0.006202649187797859,0.005139624689717152,-0.012444011481247335,0.0006867634368012705,-0.477943733034037,0.017583636170964582,-0.2395374861028201,0.009566205216196078
2019-02-20,-0.0010303548750360035,0.01092539384245063,-0.004127936138338872,0.009566205216196078,0.04699146368956633,0.015053329980789476,-0.1656610479980675,-0.0040885552806273606
2019-02-21,-0.002723866989470029,0.0013591886262545407,-0.010252968652997225,-0.0040885552806273606,-0.001220190800336709,0.011612157279251753,-0.14133218290146476,-0.007195542055246411
2019-02-22,-0.008227735062032759,-0.0006830757538358585,-0.011330656192974756,-0.007195542055246411,0.11339567747320493,0.010647580439138968,-0.0024456473286165216,0.00651246630141068
2019-02-25,0.0013746021065828692,0.017385821527126335,0.0013746021065828692,0.00651246630141068,0.24573402705328556,0.016011219420543715,0.24274192001601344,0.0006830757538357609
2019-02-26,-0.00857785311302371,0.012224216918559544,-0.01064758043913896,0.0006830757538357609,-0.14141649180625984,0.022871797357698367,0.12083354928136454,0.00816052691132669
2019-02-27,0.00034129788715537646,0.012890244777170766,-0.002735107040269872,0.00816052691132669,-0.09930171493203611,0.015625351817440805,-0.02942367776290605,-0.015356068966573091
2019-02-28,-0.0010164556625292635,0.0006769990252096001,-0.01776611298523407,-0.015356068966573091,0.25901698047154736,0.018443112010443515,0.2083449442543026,0.007878086460066963
2019-03-01,0.008560230346403618,0.019411462536246264,0.004460435014976665,0.007878086460066963,-0.3092319487895452,0.014951027521269599,-0.17547478385907608,-0.009598934812296244
2019-03-04,0.000682143886336658,0.007816571594237097,-0.018595543027194728,-0.009598934812296244,0.2175141993950479,0.026412114621431833,0.04982864798788965,0.0017208483522292287
2019-03-05,-0.0003445384593837247,0.005496401472432371,-0.011432652340669694,0.0017208483522292287,-0.35398529740005985,0.01692905381310203,-0.2880123253060302,-0.008287332334139728
2019-03-06,-0.0024100440186610654,0.0027472518659462162,-0.009675289390783631,-0.008287332334139728,0.04263891176091575,0.012422541256729938,-0.1944537014299467,-0.010106408328494703
2019-03-07,-0.0059120351512047895,-0.004169597435837301,-0.02031593235206418,-0.010106408328494703,0.2574605794755421,0.016146334916226867,0.08884964215359416,0.0034965204668280453
2019-03-08,-0.017311853737483066,0.004194373177289839,-0.019095311935645645,0.0034965204668280453,-0.2771212990065879,0.0232896851129356,-0.1534108202395154,0.01007130981137419
2019-03-11,0.001743719502907245,0.014209209918455796,0.001743719502907245,0.01007130981137419,-0.0037121533372236506,0.012465490415548472,-0.13628924023544403,0.0
2019-03-12,0.0020710903291759376,0.0062005124910149804,-0.0017292463058958694,0.0,-0.16694757011495348,0.007929758796910734,-0.23133331964907525,0.01202145243967847
2019-03-13,0.003793717377645627,0.019504457053627067,0.0013811814393902251,0.01202145243967847,0.46204936370889454,0.018123275614236913,0.256295738083786,0.0057871878605436945
2019-03-14,0.0006825444048205369,0.011878587738751348,-0.0017085650430950963,0.0057871878605436945,-0.19003879721472103,0.013587152781846462,0.006583452406119694,-0.005445889973388111
2019-03-15,-0.0006790679563008549,0.005078782769000623,-0.006811976543196184,-0.005445889973388111,0.5994127470999567,0.011890759312196872,0.6454511396120607,0.017591809118530657
2019-03-18,0.002726652196813265,0.022275638106563512,0.0010233904040018364,0.017591809118530657,-0.3407335942598138,0.021252247702561608,0.1289746430063422,-0.005717186524686285
2019-03-19,0.006351367976465461,0.010673873845137204,-0.009433991006628353,-0.005717186524686285,-0.054625032474997504,0.020107864851765467,0.007269334455947083,-0.03465779179668959
2019-03-20,-0.0010122754049885722,0.0003372189872415237,-0.03605538141406735,-0.03465779179668959,0.38735668689400027,0.03639260040130879,0.32108931976910815,-0.016191803481236045
2019-03-21,-0.006656133392094854,-0.001397589617377691,-0.021172225964136898,-0.016191803481236045,-0.05337011167693907,0.01977463634675922,0.18048275382883225,-0.04240534102155996
2019-03-22,-0.009627475218960511,-0.003911137798214923,-0.05357452445475789,-0.04240534102155996,0.4283153965270352,0.049663386656542886,0.5137765049776852,-0.006313858489916973
2019-03-25,-0.0037092172099808265,0.013605612930482147,-0.014920068351968834,-0.006313858489916973,-0.5947878840065939,0.02852568128245093,-0.17876064479592105,0.013691201359857125
2019-03-26,0.01148371454092031,0.018823225027121193,0.0014891666448939185,0.013691201359857125,-0.09077026291902099,0.017334058382227322,-0.2872285514548807,-0.006637133456985634
2019-03-27,-0.004419857418799328,0.005863034566684567,-0.009601193483983559,-0.006637133456985634,-0.038418276271741894,0.01546422805066802,-0.33667179429794797,0.011037611456948728
2019-03-28,0.0062696156597504445,0.013960519056379635,-0.00037003621773199966,0.011037611456948728,-0.22803778380888098,0.014330555274111641,-0.5031973320428053,0.009468396611351204
2019-03-29,0.008017510757626838,0.012725144626211158,-0.001098322903980653,0.009468396611351204,0.5983418621411415,0.013823467530191815,0.18203633617344117,0.033853250367688256
2019-04-01,0.011173281394824583,0.04083647892725618,0.009379586310844935,0.033853250367688256,0.0948761647656415,0.03145689261641137,0.38427522484602983,0.011496378616803611
2019-04-02,-0.002455766955700193,0.011496378616803611,-0.006679600497950253,0.011496378616803611,-0.31896448211073475,0.018175979114753823,-0.015177664008745538,-0.0010397050366464649
2019-04-03,0.006903681328584545,0.012734604309644468,-0.005905873395405781,-0.0010397050366464649,-0.055226251092304696,0.018640477705050226,-0.09033423979241567,0.010691582002470867
2019-04-04,0.00034668846903875515,0.01616541879420668,0.0,0.010691582002470867,-0.16125044074329048,0.01616541879420668,-0.26735182521618894,-0.00240424966833118
2019-04-05,0.005814966899938331,0.011935363635712832,-0.005848978613373048,-0.00240424966833118,-0.14669666541666126,0.017784342249085778,-0.4361461433453771,0.00309013645339326
2019-04-08,-0.006555156690328042,0.004118085360568899,-0.007247627297493214,0.00309013645339326,-0.27382950792218974,0.011365712658062143,-0.6009176875007544,-0.009645293143721256
2019-04-09,-0.00584495650864951,-0.003434082422301982,-0.014850913808122087,-0.009645293143721256,0.13906107074530732,0.011416831385820054,-0.26877095420374464,0.006211210721419251
2019-04-10,0.00034608856733974374,0.008959406358659244,-0.004857726108042766,0.006211210721419251,0.05131586705071201,0.013817132466701958,-0.11359598548392985,0.0
2019-04-11,0.00617286960504393,0.01434451099302607,-0.0027557690344570803,0.0,0.16729742717381596,0.017100280027483157,0.1431029786963662,0.037141351626949856
2019-04-12,0.016715373940277393,0.0387972300502127,0.016715373940277393,0.037141351626949856,0.6863018514957127,0.022081856109935166,0.8444878151396162,-0.01099827525067605
2019-04-15,-0.002322871271528552,-0.0009948827519715773,-0.017048724134553505,-0.01099827525067605,-0.5563683119871565,0.016053841382581882,0.06503809923712961,0.0013395517287271479
2019-04-16,-0.018262290464963152,0.007012855143120879,-0.028553950462621214,0.0013395517287271479,0.6048428417954569,0.035566805605742026,0.5907298594216337,0.005007572682734448
2019-04-17,-0.0016747362087900877,0.00800009861686467,-0.014155952220302088,0.005007572682734448,-0.10346018790119905,0.022156050837166843,0.2868655192865382,0.0
2019-04-18,-0.0026675548253275285,0.004319633219918203,-0.007017605757894289,0.0,-0.4282543402821268,0.011337238977812475,-0.2781546746138543,0.0006657307316592854
2019-04-22,-0.0033355727996319424,0.0023282795676859325,-0.008359854547423965,0.0006657307316592854,-0.5752832375763883,0.010688134115109844,-0.8808874261329797,0.0006653512593759793
2019-04-23,-0.0019986504632369404,0.005310329500923885,-0.004335479936008322,0.0006653512593759793,0.18647486412696737,0.009645809436932199,-0.5248156375438714,-0.0016641453976531872
2019-04-24,-0.003998636816362776,0.0033200688481791274,-0.0073431342334258735,-0.0016641453976531872,-0.04420992285622169,0.010663203081605122,-0.524107521662942,0.001996655091331932
2019-04-25,-0.003670973913650163,0.009943709255067563,-0.004005373815483131,0.001996655091331932,0.07602382003743902,0.013949083070550563,-0.23449562996194726,0.008936033529255072
2019-04-26,0.002987559154500326,0.010253090299470038,-0.0009978609530549418,0.008936033529255072,-0.06240869328273943,0.011250951252524942,-0.08776493378366257,0.01374367413637158
2019-04-29,0.0026324438631337575,0.026659566152391848,0.0019749665970590197,0.01374367413637158,0.5210533705011513,0.02468459955533278,0.5336111220909372,-0.006194006204878485
2019-04-30,0.0009744609978691978,0.0035684937684299064,-0.011768707539312464,-0.006194006204878485,-0.35922214280280734,0.015337201307742295,0.019335214850045728,-0.010519482081968061
2019-05-01,-0.0006542511834070332,0.010086289165598837,-0.013166734554461617,-0.010519482081968061,0.1619461609104618,0.02325302372006038,0.1565125178336381,0.0078999676893147
2019-05-02,0.0,0.009865230898560947,-0.0036418054032522637,0.0078999676893147,-0.32361495026118486,0.013507036301813314,-0.23193276758794282,0.006861621027337724
2019-05-03,0.005232184853528097,0.009787981595401148,0.0,0.006861621027337724,-0.14196905163334236,0.009787981595401148,-0.3636636072308936,-0.007845734178219547
2019-05-06,-0.01973094187633553,-0.0032615317437696655,-0.021060317789111466,-0.007845734178219547,0.1232865303551947,0.017798786045341877,-0.21896855758686096,-0.018215414806276295
2019-05-07,-0.010226032382009056,-0.009894514762712789,-0.02795523720078376,-0.018215414806276295,0.38358701223330405,0.01806072243807099,0.28669887395389243,-0.0040187877468444875
2019-05-08,-0.006370534043566954,0.0063302071081603965,-0.0083907187820603,-0.0040187877468444875,-0.3830505732228287,0.014720925890220792,-0.14418480846615928,-0.0030247092503084614
2019-05-09,-0.01283365014280383,-0.0006713175962304912,-0.01760365536524503,-0.0030247092503084614,0.10166352847388661,0.016932337769014493,0.030634142230351883,-0.004385203955642149
2019-05-10,-0.008450278701534574,0.0,-0.01765745549712154,-0.004385203955642149,0.3003674103247237,0.017657455497121496,0.31461307924594933,-0.04600499711096274
2019-05-13,-0.02118291879941083,-0.019802624716938683,-0.05310984993397526,-0.04600499711096274,0.19574215558608707,0.03330722521703658,0.4041680324623091,0.013012345859173666
2019-05-14,0.0038862655930407045,0.025857477445914597,-0.0014169650325457138,0.013012345859173666,-0.32884375122978826,0.027274442478460288,-0.05122277725157961,-0.011597385775923456
2019-05-15,-0.018336213536488673,-0.004552662975567349,-0.021544206008173528,-0.011597385775923456,-0.0046626753431423355,0.01699154303260621,-0.03264718331022609,0.010548593995627216
2019-05-16,0.00599114281708967,0.018908091328271752,0.00493651872149522,0.010548593995627216,-0.19438871637605198,0.013971572606776547,-0.27100913937356935,-0.006667879936199707
2019-05-17,-0.01196355407887749,0.0017473091099594383,-0.013026089578534798,-0.006667879936199707,0.022666281584644985,0.014773398688494067,-0.24340481788574736,0.0
2019-05-20,0.0,0.004216479861586918,-0.005649727214967297,0.0,-0.04808266420671916,0.00986620707655424,-0.2329341913406309,0.010159516872910723
2019-05-21,0.0059680738258675,0.012248635508231718,0.001759055654064309,0.010159516872910723,-0.06075002639431572,0.010489579854167298,-0.1691540677523602,-0.006995508131982159
2019-05-22,-0.006293737655333109,-0.00209355881109246,-0.011921604978555314,-0.006995508131982159,-0.29677178412036936,0.009828046167462835,-0.408574530009794,-0.025956996592429667
2019-05-23,-0.012716547808397254,-0.010231135477398309,-0.03536713580353078,-0.025956996592429667,0.7171510893862835,0.025136000326132373,0.4182195706375235,0.01501637341642405
2019-05-24,0.006105246999909811,0.01785124147189972,0.0035958463758415864,0.01501637341642405,-0.5203325966571057,0.014255395096057966,-0.1849121899395002,-0.00998584214548094
2019-05-28,-0.004623912530613414,0.0024809402923990464,-0.010702961509356448,-0.00998584214548094,0.22016426091453545,0.013183901801755648,0.07461342152519643,-0.005390834962126374
2019-05-29,-0.01335033105833586,-0.0017936950839798566,-0.01881388594559691,-0.005390834962126374,0.11801038486348495,0.01702019086161711,0.18026060955703527,-0.02149054312005903
2019-05-30,0.000720477610372213,0.006465550691092968,-0.028140006379611896,-0.02149054312005903,0.16318120971526437,0.0346055570707048,0.29392003351469853,-0.02083406694376404
2019-05-31,-0.024600564080208023,-0.010734843211885078,-0.025355583290724897,-0.02083406694376404,0.15239561827812909,0.014620740078839805,0.3198235818283648,0.0030030023571750884
2019-06-03,-0.0003760191351478623,0.0145551884210469,-0.007547234425960746,0.0030030023571750884,-0.3097526647375389,0.022102422847007804,-0.02374580558257513,0.04542904814096741
2019-06-04,0.01856718746515567,0.04650299441189377,0.01709439943192367,0.04542904814096741,0.1535492491227326,0.029408594979970087,0.07451256027592276,-0.000358238545672536
2019-06-05,-0.002869439679657161,0.003218316816687264,-0.01661291362733695,-0.000358238545672536,-0.26390036623719604,0.01983123044402425,-0.24026636329150902,-0.001075486290395946
2019-06-06,-0.005388898197463587,0.004647052736059752,-0.013345515537032867,-0.001075486290395946,-0.14974511208958852,0.017992568273092674,-0.3725291956689321,-0.012633211694460243
2019-06-07,-0.0046737155982508145,-0.003233279091793683,-0.016636878874106396,-0.012633211694460243,0.28390361447719714,0.013403599782312738,-0.014557227050144436,0.019425035405601827
2019-06-10,0.011915646163234464,0.033574533075499215,0.011197496850871678,0.019425035405601827,-0.060474342368230516,0.0223770362246276,-0.007558443501075767,0.006038025018324551
2019-06-11,0.010983262658763638,0.02219576984699547,0.00249065049458597,0.006038025018324551,-0.2219239449851458,0.019705119352409324,-0.22204152229650337,-0.010322177622471097
2019-06-12,-0.001417399521502334,0.001061783377898428,-0.01354741426069204,-0.010322177622471097,-0.1432199377817502,0.014609197638590428,-0.28003319901217955,-0.00035785395442786193
2019-06-13,0.0007152557668218676,0.007485298973548345,-0.005021577855613792,-0.00035785395442786193,-0.003726112918033328,0.012506876829162152,-0.23125825581357037,0.0035727218738884755
2019-06-14,-0.0010743308621711286,0.008198211653360132,-0.005743010899803078,0.0035727218738884755,0.1109040039125351,0.0139412225531633,-0.09519495992850094,-0.0039307039336134554
2019-06-17,-0.0010704973736998186,0.006398827275642752,-0.0089558181182494,-0.0039307039336134554,-0.11072739501248421,0.015354645393892004,-0.13529995120822988,0.024404412568087133
2019-06-18,0.003217166362357488,0.03067396976741005,-0.003586818087165371,0.024404412568087133,0.5883272733890739,0.03426078785457553,0.534112518586668,-0.010537545402085794
2019-06-19,0.002791345897207652,0.012154984627684334,-0.011244025761423427,-0.010537545402085794,0.029198580785294147,0.023399010389107792,0.44838361143799005,-0.0017670701514791627
2019-06-20,0.009488753621789428,0.010188070345984946,-0.016735277978947843,-0.0017670701514791627,-0.01736113165355265,0.026923348324932816,0.2967734521236362,-0.00532009111087975
2019-06-21,-0.0028338638271064543,0.00985572148103701,-0.006743611457469423,-0.00532009111087975,0.1314977003788672,0.016599332938506472,0.3136342764507539,-0.004991143910232762
2019-06-24,-0.001423520346589771,0.009203545373420365,-0.008212917032025605,-0.004991143910232762,-0.5504818905459192,0.01741646240544597,-0.35604472621550043,-0.007893808993319694
2019-06-25,0.0014286043689476547,0.0014286043689476547,-0.02167716366797349,-0.007893808993319694,0.15800661178440564,0.023105768036921118,-0.22098751444684142,0.005388898197463489
2019-06-26,0.0064632290596346904,0.01501637341642405,0.003236836186963434,0.005388898197463489,-0.10296756969246387,0.011779537229460717,-0.27752867364086653,0.010691450478813971
2019-06-27,0.006072534359499123,0.014583215968447633,0.005360013560522432,0.010691450478813971,-0.17341781431550557,0.009223202407925173,-0.3780101639059704,0.027619337426569704
2019-06-28,0.027964113463164905,0.03688662378323659,0.018265364497995186,0.027619337426569704,1.051908877454196,0.018621259285241533,0.7764915256371077,0.014378887780085364
2019-07-01,0.016416221806721774,0.028889022631692268,0.008583743691391435,0.014378887780085364,-0.7517451534219128,0.02030527894030088,-0.10483466323113522,-0.009219818056498076
2019-07-02,-0.0027229398510459366,0.0003398548483693856,-0.01679558822975042,-0.009219818056498076,-0.397887173340042,0.017135443078119813,-0.5322177485099986,-0.0034364426751175093
2019-07-03,0.001371303451872055,0.0030827273438202257,-0.007575770173252434,-0.0034364426751175093,-0.1914363820207025,0.010658497517072625,-0.6688904525844546,0.007202946379380089
2019-07-05,0.010614767499911665,0.01774186650898943,0.0034364426751175717,0.007202946379380089,0.2167913830461787,0.014305423833871815,-0.38994663050348405,-0.002052668012024913
2019-07-08,-0.00858079739125482,0.0013660865698079951,-0.010996663757025876,-0.002052668012024913,-0.06774604501609817,0.01236275032683397,-0.44747732417296415,0.005123823869071174
2019-07-09,-0.007907947322991096,0.007505982364260289,-0.008943995745001012,0.005123823869071174,-0.07290427081365845,0.016449978109261375,-0.17330424237123182,-0.01130729604125319
2019-07-10,-0.006151772776246739,0.0017021020981048032,-0.01337702336736845,-0.01130729604125319,0.34450593874676544,0.01507912546547329,0.290862824228841,0.011647961304738169
2019-07-11,0.0027529240562548137,0.016405000115656883,0.0003445384593838734,0.011647961304738169,-0.08209699315865907,0.016060461656273138,0.1554167935400437,0.0030607114690031716
2019-07-12,0.002721087466364004,0.005773494473447857,0.0,0.0030607114690031716,-0.23216496051356017,0.005773494473447857,-0.14169051515010225,-0.007840553180467372
2019-07-15,0.001696327341915514,0.002712783004444818,-0.012643285962128355,-0.007840553180467372,0.4497516959202311,0.01535606896657308,0.3285313297073224,-0.007902447785026707
2019-07-16,-0.0017125963282676846,-0.0006846474210919864,-0.012396808328963997,-0.007902447785026707,0.16724793770148433,0.011712160907871978,0.40694817028785224,0.006875268123568958
2019-07-17,0.0037872522480075967,0.021498902134623264,0.0003448949481095163,0.006875268123568958,0.43627568368280034,0.021154007186513873,0.7094221155500595,0.00988584863126233
2019-07-18,0.003078509382184996,0.013272251541479391,-0.0003426496089051484,0.00988584863126233,-0.540818380057364,0.013614901150384589,-0.023993825220364574,-0.002717390423720568
2019-07-19,0.0020332563028387226,0.004400110933325173,-0.00339790961225039,-0.002717390423720568,-0.09772430823578321,0.007798020545575524,-0.16834247270387903,0.005765662174458068
2019-07-22,-0.003748469272498539,0.007117501357045681,-0.004089948825356911,0.005765662174458068,-0.3624212217580863,0.01120745018240253,-0.5865550278069324,0.02273586093291724
2019-07-23,0.006068808447705587,0.02372712770185048,0.004386747952917439,0.02273586093291724,0.7181597709974904,0.019340379748933108,0.18742433164146002,0.013788796136885374
2019-07-24,-0.005968197625258269,0.016393809775676352,-0.006966327103974738,0.013788796136885374,-0.1858263475089989,0.023360136879651126,-0.03214684395235499,-0.010818001664084904
2019-07-25,0.0022797500509807974,0.007147506557882162,-0.015112015520595708,-0.010818001664084904,-0.20648889826569544,0.022259522078477933,-0.11558804652349479,0.014073225261246804
2019-07-26,0.007552146970240308,0.021197585464338385,0.002633310389515277,0.014073225261246804,0.08265527307157654,0.018564275074823316,-0.006989742429260224,-0.008157982795831954
2019-07-29,-0.0016263182831684647,0.002596558505806192,-0.009141450717518096,-0.008157982795831954,-0.18161425379749738,0.011738009223324176,-0.19750811794441372,0.012050265756552167
2019-07-30,-0.010209256321925743,0.012373950143335283,-0.012197310894266913,0.012050265756552167,-0.04112334571511998,0.024571261037602335,-0.27140977037103836,-0.006821500725503248
2019-07-31,-0.001944247748224985,0.0054883133545371755,-0.009759324020643494,-0.006821500725503248,0.47746146114526417,0.015247637375180655,0.31942371677686426,-0.03955977138026721
2019-08-01,-0.004246325801978874,0.012631727136640425,-0.043977761911259274,-0.03955977138026721,0.2382598158540891,0.056609489047899725,0.5244698896439766,-0.003737072884902294
2019-08-02,-0.004417990530992109,0.0003390482799264589,-0.019863664315624367,-0.003737072884902294,-0.2910290878144423,0.02020271259555104,0.09551621122348809,-0.04525656574035594
2019-08-05,-0.02935795288804631,-0.025509821399658482,-0.05852081634565986,-0.04525656574035594,0.5148583702558717,0.03301099494600137,0.57092385404974,0.012035548912881305
2019-08-06,0.01168361405458523,0.014495564035466958,-0.013986219970697888,0.012035548912881305,-0.3903421727487342,0.028481784006164888,-0.009903224022271982,-0.018824945598317017
2019-08-07,-0.028915077305230352,-0.01739173446993412,-0.046821631336092,-0.018824945598317017,0.14648752018785755,0.029429896866157837,0.056216304893729536,0.01741646240544597
2019-08-08,0.007857226876255704,0.021284960720902833,0.006433199746682358,0.01741646240544597,-0.34968904918471977,0.01485176097422049,-0.3341156562308856,-0.00176333101121882
2019-08-09,-0.0038834542625406825,0.004920969436115073,-0.014552159496088332,-0.00176333101121882,0.006708482935547155,0.0194731289322036,-0.26120988743236134,-0.02465733433209564
2019-08-12,-0.017806738353009655,-0.01708833107879064,-0.03119094414995488,-0.02465733433209564,0.039851647475509046,0.014102613071164284,-0.2097967915465425,0.0028901727336555416
2019-08-13,-0.0025357628507049995,0.021829480775164726,-0.009451187608312197,0.0028901727336555416,0.2278144649202208,0.031280668383477025,0.14363798134356884,-0.048032847569026864
2019-08-14,-0.028541958744757873,-0.023358704324220443,-0.053345929806467726,-0.048032847569026864,0.4216653579029528,0.02998722548224719,0.5495656270486553,-0.0064553129442810175
2019-08-15,0.006037748432833795,0.01539935961201298,-0.007980319577058853,-0.0064553129442810175,-0.4177713031133212,0.023379679189071814,0.035182309085319524,0.029281396653812644
2019-08-16,0.010610204993866326,0.03260550497974599,0.0072120461447034885,0.029281396653812644,0.009213465944222466,0.025393458835042376,-0.00470000472282044,0.008839827952398235
2019-08-19,0.022316591125839877,0.024485055044787513,0.004061246226273769,0.008839827952398235,-0.45456784891541907,0.020423808818513703,-0.5068483086474355,-0.020374890673210026
2019-08-20,-0.00920986417013022,-0.007730610637255696,-0.021123619663128774,-0.020374890673210026,0.05831741449287987,0.013393009025873199,-0.41941511661336695,0.007828595185060438
2019-08-21,0.007828595185060438,0.013383122256086606,0.002616394760102721,0.007828595185060438,0.002522777565232026,0.010766727495983815,-0.35353785835015483,0.009608360130377696
2019-08-22,0.00592374357393783,0.013645756088719598,0.0011133339296825187,0.009608360130377696,0.032292584228976455,0.012532422159037276,-0.13150025339669497,-0.026837287987580002
2019-08-23,-0.008865952621624196,0.001102693711476176,-0.034802400695433736,-0.026837287987580002,0.5062505721130341,0.0359050944069099,0.45167388305881634,0.011643375604770162
2019-08-26,0.00865160368222331,0.012389868750428938,0.0007553043451757954,0.011643375604770162,-0.6795915695982802,0.011634564405253046,-0.2694033478248694,-0.011643375604770046
2019-08-27,0.0029828479152682105,0.0044709065235009554,-0.018847146158788755,-0.011643375604770046,0.23546518645189468,0.0233180526822899,-0.021098100076730887,0.01425384486382074
2019-08-28,-0.009489538150791343,0.022783454928228607,-0.009871007893636678,0.01425384486382074,-0.13471756232052376,0.032654462821865224,-0.17374601155087865,0.017719161986081908
2019-08-29,0.005571030842016979,0.022100360587014135,0.0026036724483139615,0.017719161986081908,0.18875391591650792,0.01949668813870021,0.021944920259742085,0.00656458610803945
2019-08-30,0.00620100752413143,0.013086359321497373,0.0007315456673007752,0.00656458610803945,-0.29367659890436987,0.012354813654196502,-0.29390423562672746,-0.016862606168729227
2019-09-03,-0.010965064108002711,-0.01023029338177086,-0.03326247532991165,-0.016862606168729227,0.20527896668927198,0.023032181948140964,0.06953369642499578,0.01613531676344641
2019-09-04,0.009932046444468245,0.019403892511173196,0.004058319984680096,0.01613531676344641,-0.21656287603695562,0.015345572526493082,-0.18534380278349463,0.02265880293602829
2019-09-05,0.01301068621943933,0.033622642546044655,0.011213699401575069,0.02265880293602829,0.439467154377207,0.022408943144469732,0.3026751305023644,-0.01396625366737836
2019-09-06,-0.0035625395412850953,-0.0010674502389196852,-0.019752882820598998,-0.01396625366737836,-0.12336263061049262,0.018685432581679432,0.10720587268737247,0.031940246677145366
2019-09-09,0.009689667055403244,0.03959516305682853,0.008617639544710455,0.031940246677145366,0.20240226143032644,0.030977523512118063,0.3071439238017218,0.024837469474424154
2019-09-10,0.009040403554456093,0.024837469474424154,0.006267440762260142,0.024837469474424154,0.03489227975052216,0.018570028712164087,0.23932249607081318,0.0037408206861499985
2019-09-11,0.0006812145136692248,0.004080214178418917,-0.015450977352628343,0.0037408206861499985,-0.2749574744030352,0.019531191531047383,-0.105776195929456,0.0071030569166272975
2019-09-12,-0.008179997134129003,0.011474987951843166,-0.018845829207297094,0.0071030569166272975,0.301036289960615,0.030320817159140156,0.152460626231572,0.01671161882562379
2019-09-13,0.011060944788007851,0.021671113834859142,0.006718223450067209,0.01671161882562379,0.0880392644336341,0.014952890384791766,0.2105200353388472,-0.0013267304113089705
2019-09-16,-0.0163746271183888,0.0,-0.01772327586404331,-0.0013267304113089705,-0.6074709568071973,0.017723275864043205,-0.4675467807523853,-0.006325928459384539
2019-09-17,-0.009336472670296045,-0.0036574838345233836,-0.018084853719605744,-0.006325928459384539,0.10685992219827432,0.01442736988508236,-0.28501080006862217,0.0020019848330775757
2019-09-18,-0.005694206424716071,0.006989513691720936,-0.013111678795565013,0.0020019848330775757,0.32219211786135044,0.020101192487285962,0.11078567028936942,-0.006018082559492695
2019-09-19,0.0,0.0033278027660873723,-0.00836824967051658,-0.006018082559492695,-0.43728099644224444,0.011696052436604121,-0.3680596874427592,-0.007742827533805942
2019-09-20,0.005017559314814065,0.010342026185799826,-0.00841897555872944,-0.007742827533805942,1.357573291148415,0.018761001744529257,1.0906534425103127,-0.002368456329685622
2019-09-23,-0.009507735067059464,0.0010133656041310872,-0.014295685073733133,-0.002368456329685622,-1.167431161323083,0.015309050677864264,-0.34815978372556483,-0.019843275581872932
2019-09-24,0.0027063589783342767,0.004056764596556924,-0.02677814255216963,-0.019843275581872932,0.21923994554633883,0.03083490714872671,-0.15213311979655908,0.010654834020567314
2019-09-25,-0.005544014339650383,0.016110007720305967,-0.005544014339650383,0.010654834020567314,-0.34695987991104354,0.021654022059956295,-0.5419538163187425,-0.004111031516457432
2019-09-26,-0.0013684886211586392,0.0027313067102684523,-0.006861116642921596,-0.004111031516457432,-0.3219595538907731,0.009592423353190063,-0.809560994796962,0.007524017109962288
2019-09-27,0.009566205216196078,0.019715116497646862,0.0027425428952987793,0.007524017109962288,0.21925566070296398,0.01697257360234808,-0.5635746783683381,-0.006151772776246739
2019-09-30,0.004758655794477175,0.005775455967800752,-0.009241909229640088,-0.006151772776246739,-0.05330117747266574,0.015017365197440805,-0.19100850799499583,-0.025344162781686323
2019-10-01,0.00921352550609577,0.011588410215801797,-0.02639959599994882,-0.025344162781686323,0.23219940952620616,0.037988006215750485,0.09692035508761424,-0.021322782766331417
2019-10-02,-0.008474618714779154,-0.00493484602323685,-0.022400974671361748,-0.021322782766331417,0.05621789307519959,0.017466128648124756,0.22412217052531988,-0.0010781919050303092
2019-10-03,-0.0028776970634789797,0.0014357148435884916,-0.024728543874721294,-0.0010781919050303092,0.013725551131908703,0.026164258718309817,0.20728417818128692,0.019936629360404176
2019-10-04,0.0014373310285145753,0.0209934826930522,0.0010781919050302314,0.019936629360404176,-0.21775498948247055,0.01991529078802204,-0.09846471089272765,-0.002117198143299461
2019-10-07,-0.0014109672530988257,0.008773525049144026,-0.006719761102428831,-0.002117198143299461,-0.14890359129915953,0.015493286151572807,-0.2529006180865199,-0.024312971697847373
2019-10-08,-0.01566420865289466,-0.013871799632417203,-0.030484713259754225,-0.024312971697847373,0.45997285335129956,0.016612913627336984,0.21747632857268961,0.009366071193820774
2019-10-09,0.007212464235038427,0.01579927094050308,0.0043337316311106815,0.009366071193820774,-0.4392593681246977,0.01146553930939245,-0.2585431583720594,0.019880007634038428
2019-10-10,0.005363915061996369,0.03036958748820585,0.005363915061996369,0.019880007634038428,0.25152915475648363,0.025005672426209376,0.05577302565337844,0.016039363361031168
2019-10-11,0.01880274764917246,0.030803590526321593,0.0143083871052352,0.016039363361031168,0.37244405011168397,0.016495203421086246,0.4493786401358711,0.007924229071346049
2019-10-14,-0.00589767806322173,0.008610351157453393,-0.00624569369232381,0.007924229071346049,-0.6639858842148243,0.014856044849777131,-0.33019805396426916,0.02004484179107161
2019-10-15,0.006839998093944429,0.03705376392091927,-0.0010300010969623962,0.02004484179107161,0.7804517065124983,0.03808376501788165,0.4530589085174236,0.014691434087130523
2019-10-16,0.02129868507864793,0.032757264315088346,0.014028288908158028,0.014691434087130523,0.10233685318469195,0.01872897540693028,0.4767514747221284,0.0029786602242797985
2019-10-17,0.004299631636031846,0.012189274068689082,-0.005650674037615996,0.0029786602242797985,-0.44967111307714414,0.017839948106305046,-0.14136996383205835,0.002969814150475049
2019-10-18,-0.004305390635588788,0.0075720375693284995,-0.0053015314958084125,0.002969814150475049,-0.12852660342060293,0.012873569065136883,-0.29255926989000725,0.0218356424309158
2019-10-21,0.010488450539209564,0.026017702912716788,0.009183363371091068,0.0218356424309158,0.22308257496830675,0.01683433954162578,-0.002745077197009085,0.005785946763182019
2019-10-22,-0.0016132006916421563,0.011219876449882591,-0.008742178252915178,0.005785946763182019,-0.04051176316763084,0.019962054702797823,-0.1218646718929222,0.007026515987048086
2019-10-23,-0.002246161774098803,0.007662865278947024,-0.0035318902900203604,0.007026515987048086,-0.20537091497639903,0.011194755568967598,-0.26499258297640915,-0.0019114203107240236
2019-10-24,0.0009543721495833124,0.003177644256965394,-0.007026515987047963,-0.0019114203107240236,-0.19035014961030325,0.01020416024401339,-0.3201792173771653,0.011414160174614862
2019-10-25,0.0,0.015504179050295842,-0.0006379731482828169,0.011414160174614862,0.10132106980018679,0.016142152198578726,-0.15789478151837555,0.003775990648952635
2019-10-28,0.00785056647437939,0.01595030650475305,0.0006303327675521983,0.003775990648952635,0.2965830076651267,0.015319973737200891,0.15910313708431423,0.007197638420621005
2019-10-29,0.003135793739002592,0.00937797555044752,-0.0009426767964480061,0.007197638420621005,-0.19723706524271895,0.010320652346895585,-0.028929453022531904,-0.014131145866590145
2019-10-30,-0.0018727026430673665,-0.0018727026430673665,-0.016981508854637648,-0.014131145866590145,-0.06426314431220177,0.015108806211570345,-0.050444747015015,-0.011130672213728047
2019-10-31,-0.006663549629930963,0.0,-0.025626038332451414,-0.011130672213728047,0.0880990689644865,0.025626038332451407,0.04825050576153473,0.016807079685505842
2019-11-01,0.013657518841907003,0.018064179659697192,0.003192862846506396,0.016807079685505842,-0.16325617770029457,0.014871316813190824,-0.15634475413966645,0.018692204098986472
2019-11-04,0.01374170390572718,0.021773823541367678,0.009389716806476461,0.018692204098986472,0.25588888753163763,0.012384106734891227,0.10656273605577395,0.012879606470164437
2019-11-05,0.003389212793255779,0.02107265665150948,0.0030816194423813046,0.012879606470164437,0.23778597615621744,0.017991037209128136,0.36324184883616967,-0.0009144575859869018
2019-11-06,-0.0018298686138578015,0.007286057568755427,-0.004580906797473169,-0.0009144575859869018,-0.3697490531663165,0.011866964366228527,-0.08881611401239939,0.01332944981340031
2019-11-07,0.00971175121572188,0.024402402778606773,0.006686876240390376,0.01332944981340031,0.36282104855219394,0.017715526538216387,0.26533197698773253,0.000902354708865165
2019-11-08,-0.004826550825362939,0.0012030351985492969,-0.009068962935206273,0.000902354708865165,-0.5676068532349803,0.010271998133755645,-0.3718687647234832,-0.0024081293398726445
2019-11-11,-0.006939220854461933,-0.00030065619789025367,-0.008757329191451852,-0.0024081293398726445,-0.33199924741605225,0.008456672993561669,-0.6921871748399713,-0.00271616741506076
2019-11-12,-0.0015080454079550113,0.004210514179824164,-0.005742757841344183,-0.00271616741506076,0.2940556855099628,0.009953272021168342,-0.29801204154119737,-0.009107507767332037
2019-11-13,-0.011244577502721684,-0.0060624849012143505,-0.018606625345052023,-0.009107507767332037,0.2710118756490382,0.012544140443837629,0.10704242124298817,-0.0027485175427987983
2019-11-14,-0.003054440050883724,0.0021325124059357664,-0.009191217435452525,-0.0027485175427987983,-0.3184583335043603,0.011323729841388266,-0.21760411345827393,0.007009004420992838
2019-11-15,0.006705218952833078,0.007919576029659526,0.0,0.007009004420992838,0.023452527158945125,0.007919576029659526,-0.033718449439717926,0.0009105716086667492
2019-11-18,-0.0021279744722581292,0.0030320967896095724,-0.005481143574420999,0.0009105716086667492,-0.1562312364560962,0.00851324036403062,-0.177517264534651,-0.000606994205535801
2019-11-19,0.004842620002853491,0.0057480853970512304,-0.00425660090087385,-0.000606994205535801,0.06376795770554214,0.010004686297925064,-0.1316070622751751,-0.007618504332208676
2019-11-20,-0.004564064281324912,-0.0033448957714878142,-0.015912223230454357,-0.007618504332208676,0.2732781362226061,0.01256732745896656,0.16356478544663963,0.004578110504026616
2019-11-21,0.00274935734981319,0.010649797635838095,-0.0018370353872280542,0.004578110504026616,-0.01908858674266668,0.012486833023065958,0.1733823934585911,0.01030000472924978
2019-11-22,0.0036473880337176716,0.014510518909073905,0.003040393828182016,0.01030000472924978,-0.09824312892405712,0.01147012508089199,0.03571705124681656,0.008702257734914171
2019-11-25,0.004510653296900406,0.009896557700802418,0.00240812933987262,0.008702257734914171,0.2587824244636783,0.007488428360929789,0.28183071970349166,-0.003591825086653702
2019-11-26,-0.002692601462447501,-0.002093606027144032,-0.01051225442759258,-0.003591825086653702,0.007689493341184009,0.008418648400448541,0.19346677821876967,0.0020967417699161326
2019-11-27,0.004189210316417866,0.007468294947953678,-0.0012000331749639956,0.0020967417699161326,-0.45569275338698373,0.0086683281229176,-0.34252994339998255,-0.002996660238352537
2019-11-29,-0.0014972076230232523,0.0029878208922589234,-0.005400447895420211,-0.002996660238352537,-0.49819556713326474,0.008388268787679256,-0.788444308941665,0.0032959014211022797
2019-12-02,0.0038940012428867574,0.012822609178833913,0.0006000737596644662,0.0032959014211022797,0.8829318207075115,0.012222535419169595,0.20937497827918677,-0.017806420330176174
2019-12-03,-0.016893354379819116,-0.01598100541018391,-0.026676364345229197,-0.017806420330176174,0.21968711523780848,0.010695358935045278,0.3862035483728906,0.009395473430769031
2019-12-04,0.00728163627717628,0.013910084844672165,0.0003044092500969397,0.009395473430769031,-0.23079422999106047,0.013605675594575439,0.11368085579004648,-0.0018116361165800593
2019-12-05,0.00030156300412921344,0.002109378269778348,-0.004535201194919855,-0.0018116361165800593,-0.19684613254219271,0.006644579464698116,-0.06381494362008285,0.01737605224578304
2019-12-06,0.017673071890344522,0.021229653371979722,0.01440167535639425,0.01737605224578304,0.28446252096323615,0.0068279780155853466,0.19069643231362912,-0.004763327129919919
2019-12-09,-0.0050617399595822695,0.0008906812068656445,-0.0068544316414180795,-0.004763327129919919,-0.43429536823445947,0.007745112848283808,-0.38275154143838386,0.0005966724111568307
2019-12-10,-0.0032879059930321954,0.0035747058522805964,-0.006286477585379906,0.0005966724111568307,0.24098463126122846,0.00986118343766048,-0.0813030013133994,0.0032752928892816487
2019-12-11,-0.0014922921233154716,0.006836095938296903,-0.0014922921233154716,0.0032752928892816487,0.026984788466382068,0.008328388061612268,0.022300838925232064,0.030447343750982406
2019-12-12,0.004153058281671908,0.034188924313274145,0.0011883814740429924,0.030447343750982406,0.40979830779417387,0.033000542839231144,0.4489883262775229,-0.006944521027459096
2019-12-13,0.00028826068203509174,0.008041363887377173,-0.00956118646525778,-0.006944521027459096,-0.2911223033697153,0.017602550352634964,0.03695241606712485,0.007521069254896176
2019-12-16,0.014699850824629152,0.018697554258951126,0.007521069254896176,0.007521069254896176,0.045065505909462025,0.011176485004054977,0.09219767852177155,0.009750583256712898
2019-12-17,0.0043133844828041985,0.016293048287259148,0.0011521001885231928,0.009750583256712898,0.0012478155009837814,0.015140948098735998,0.0193655044888973,0.001995715368067547
2019-12-18,0.001995715368067547,0.006542465030546351,0.0002852995171709923,0.001995715368067547,-0.04182604545164255,0.006257165513375457,-0.05745837720975545,-0.0045675170550473435
2019-12-19,0.0011386541028466845,0.00341197179524908,-0.006285769859234769,-0.0045675170550473435,-0.07114590133835101,0.009697741654483826,-0.1502503169889125,0.00028603409020729173
2019-12-20,0.008263358188294904,0.008263358188294904,-0.001145173763222808,0.00028603409020729173,0.879248421428001,0.009408531951517614,0.805909999060822,0.005988869823437495
2019-12-23,0.00228576759677249,0.006557387708975685,-0.0002860340902072365,0.005988869823437495,-1.1687445343412273,0.006843421799182899,-0.5852402710600585,0.0014207433045139173
2019-12-24,0.000568517885538293,0.003122802115242512,-0.0014226560693072553,0.0014207433045139173,-0.9011654013740347,0.004545458184549649,-1.429846512108976,0.00848179328402738
2019-12-26,0.0028352293680156933,0.009607311537252751,0.001985525902713813,0.00848179328402738,0.6704844106267673,0.007621785634539165,-0.6219187512903167,-0.004797581833770468
2019-12-27,0.005054779144986297,0.00561485917105733,-0.007346801644312002,-0.004797581833770468,0.040627400138142485,0.01296166081536937,-0.4907199748917046,-0.005673687510521347
2019-12-30,0.006204228203090764,0.00845084048426689,-0.007382155234093604,-0.005673687510521347,0.08825713383831131,0.01583299571836042,-0.3241322786048081,0.0019894760602645737
2019-12-31,-0.0034198593051363566,0.0031244676999796967,-0.005134075684731722,0.0019894760602645737,-0.035638028037034496,0.008258543384711513,0.1033087795134215,0.011854447749710973
2020-01-02,0.0036842114502569478,0.012415470428596682,0.001985525902713813,0.011854447749710973,0.2385909021372978,0.010429944525882875,0.37511746046141314,-0.020981712547304594
2020-01-03,-0.018692128973127827,-0.013843923809975518,-0.025001333367260785,-0.020981712547304594,0.291773869870082,0.011157409557285135,0.4978104610800531,-0.0014337795074939005
2020-01-06,-0.014139657554855618,0.0,-0.01530281314506062,-0.0014337795074939005,-0.17709080092738153,0.015302813145060523,0.1786430398607644,-0.006621574526831196
2020-01-07,-0.004313384482804205,0.0020065851133534893,-0.009224617372403373,-0.006621574526831196,-0.21133140460640082,0.011231202485756833,-0.1094405583570514,0.010059067086922412
2020-01-08,-0.0014452737897443322,0.016330393412943053,-0.0020239907640192453,0.010059067086922412,0.2828297673374852,0.01835438417696231,0.1554717437871033,0.001714216379595369
2020-01-09,0.009392356343798673,0.0102419272158079,-0.0008583205807915475,0.001714216379595369,-0.1281496158779128,0.011100247796599535,-0.05043402854150009,-0.008312993233967699
2020-01-10,-0.0008567408726181633,0.0011412530881506249,-0.010618522476992237,-0.008312993233967699,-0.00329681673621428,0.011759775565142743,-0.0643952012106723,0.009169109534761674
2020-01-13,0.00287434723591327,0.009454246322118364,-0.0023055292430244926,0.009169109534761674,-0.04568640899693485,0.011759775565142743,-0.058618158321851126,0.007388448432622617
2020-01-14,0.006822023663409567,0.017249029374788692,0.0014250889014956185,0.007388448432622617,0.5640640376511269,0.01582394047329299,0.5266842886234347,-0.018574660212324637
2020-01-15,-0.015694407910200277,-0.015119351615779037,-0.028138507182674116,-0.018574660212324637,0.11359474340102704,0.013019155566895277,0.4872797253761229,0.0014412180675252616
2020-01-16,0.006612166046715511,0.009187647466371657,-0.0020210689199924954,0.0014412180675252616,-0.394723030106362,0.01120871638636419,-0.028073975291514845,-0.00028812145342646577
2020-01-17,0.005743753585049966,0.006602565558625126,-0.0034622869875178,-0.00028812145342646577,0.07250463746522315,0.010064852546142852,0.004666672544664501,-0.013049359593275441
2020-01-21,-0.008390065911235747,-0.005488924021170624,-0.014217499360962832,-0.013049359593275441,-0.06375775057153374,0.00872857533979233,-0.11123153932612981,0.0029146709755405696
2020-01-22,0.0032056158808315325,0.005530575702003472,-0.0008760047350249722,0.0029146709755405696,-0.26764060306400717,0.00640658043702844,-0.42314968305402506,-0.00700942356067666
2020-01-23,-0.00788902425364505,-0.002914670975540499,-0.018505479377339238,-0.00700942356067666,0.16200014383047928,0.01559080840179858,-0.1626553242982036,-0.017144907627167007
2020-01-24,0.0,0.0005860081695818515,-0.025227587529373402,-0.017144907627167007,0.04449465303226335,0.02581359569895521,-0.003952244189889004,-0.02078708521091611
2020-01-27,-0.02934717377334465,-0.012299535139718175,-0.032422159982091,-0.02078708521091611,0.17777050415915716,0.02012262484237293,0.18459286668650732,0.011802322001909301
2020-01-28,0.005161753874478505,0.019295238443831308,0.003039585622248009,0.011802322001909301,-0.38542596270354607,0.01625565282158327,-0.2131436222222164,-0.006943525464758728
2020-01-29,0.002703926774143878,0.005998726666547746,-0.00785271723122294,-0.006943525464758728,-0.037247926505793165,0.013851443897770719,-0.19926758887323398,0.014137736930646131
2020-01-30,-0.009435393783189238,0.015331794252437941,-0.010353325451876616,0.014137736930646131,0.30075682676183546,0.025685119704314606,0.10792620899206244,-0.019605444661199307
2020-01-31,-0.012321714182999084,-0.009302434191695927,-0.02510332949166263,-0.019605444661199307,0.0816959927216532,0.015800895299966672,0.16857355868678156,0.004255306820976497
2020-02-03,0.005164774179155171,0.017213158380325663,0.002737532900197107,0.004255306820976497,-0.12325171063802598,0.014475625480128703,0.0153544107031888,0.0195230021019345
2020-02-04,0.017736828411174212,0.027816965289279214,0.016842429963538307,0.0195230021019345,-0.0732343415861394,0.01097453532574076,-0.021145159017248328,0.03190670728698646
2020-02-05,0.014176243332052064,0.03478364506415975,0.013296126505322452,0.03190670728698646,0.19209134838975966,0.021487518558837227,0.1442463692710075,-0.0011530966140988303
2020-02-06,0.006604461904422299,0.008605883526854374,-0.0031741655340913385,-0.0011530966140988303,-0.32353002219995247,0.011780049060945616,-0.24949192030170234,-0.0017320316007493168
2020-02-07,-0.010146441155430378,-0.00028842699808410966,-0.012480106588941066,-0.0017320316007493168,-0.23415647909637777,0.012191679590857029,-0.4391643839101586,0.002308746111764636
2020-02-10,-0.00492403559772953,0.002308746111764636,-0.0066676442597474635,0.002308746111764636,-0.2489265047755941,0.008976390371512181,-0.5857889029350273,0.0023035377911088616
2020-02-11,0.004601672028206202,0.01003887080211463,0.0020158307157437942,0.0023035377911088616,0.28700180764556404,0.008023040086370779,-0.1821003453911702,0.0043047193504508075
2020-02-12,0.008876260515274688,0.019368315314452544,0.00028751464304112246,0.0043047193504508075,0.1210856294448606,0.019080800671411463,0.005767801477179096,-0.00028636178964764936
2020-02-13,-0.0045924264258159035,0.003145123826333126,-0.010652150404204056,-0.00028636178964764936,-0.14291325779441952,0.013797274230537,-0.033459325742860424,-0.0017202233237059675
2020-02-14,-0.0008596870827029863,0.0014312078534301947,-0.00603360780651017,-0.0017202233237059675,-0.18351376619717924,0.0074648156599401915,-0.16873575935473245,-0.016782744178265262
2020-02-18,-0.0022981342370972245,-0.0005739564732427441,-0.024398543755397517,-0.016782744178265262,0.4216288213566002,0.02382458728215483,0.2841359425204381,0.013045575706568991
2020-02-19,0.0052386703618704025,0.01678274417826527,0.0040768661309036405,0.013045575706568991,-0.30793978617013584,0.012705878047361728,-0.1237242796360419,0.003737168471696401
2020-02-20,-0.007516720418693439,0.010315294749873711,-0.007516720418693439,0.003737168471696401,0.3630922595875148,0.017832015168567375,0.2564761922120958,-0.01415997854285767
2020-02-21,-0.009224617372403373,-0.006044027347959802,-0.02058339393395246,-0.01415997854285767,0.09126890896758896,0.014539366585992638,0.31229870231190493,-0.04860104035245638
2020-02-24,-0.03494582091960689,-0.03404210705865397,-0.055037816123504175,-0.04860104035245638,0.528246665921299,0.020995709064850165,0.7568932208155472,-0.05172755148234482
2020-02-25,-0.0012228958004270067,0.0009161332225858289,-0.05947952088417583,-0.05172755148234482,0.1458210888279976,0.060395654106761766,0.6528200172929893,-0.014584629599069181
2020-02-26,0.00992482836503534,0.016592609620006693,-0.01687257622207419,-0.014584629599069181,-0.13510053461724952,0.033465185842080844,0.32292327237263596,-0.05021135128420913
2020-02-27,-0.035896175412104436,-0.010832206109814025,-0.05779234269539414,-0.05021135128420913,0.41482879309733767,0.04696013658557995,0.5773935986603423,-0.021864454886803282
2020-02-28,-0.03956403198620412,-0.013130774918048663,-0.05033610142517514,-0.021864454886803282,0.34581003936469723,0.03720532650712647,0.7153881691465052,0.030069686510434845
2020-03-02,-0.005277043645121539,0.03041005490634041,-0.03790226495417935,0.030069686510434845,-0.14712581050770204,0.06831231986051982,0.3078324912165097,-0.056737933592596136
2020-03-03,0.0,0.01285535820659915,-0.06143359541890501,-0.056737933592596136,-0.0633971312752761,0.07428895362550406,0.12546085931596904,0.02280110879361398
2020-03-04,0.01785761740000647,0.02385728516102712,-0.012692840720671736,0.02280110879361398,-0.22061428110457512,0.036550125881698856,-0.1693465245565433,-0.05838158308279581
2020-03-05,-0.04135047610716281,-0.037320406170362565,-0.07267295328339782,-0.05838158308279581,-0.003251420463590998,0.03535254711303522,-0.21890629046316637,-0.04077538023524026
2020-03-06,-0.05015410387088782,-0.021514383498406797,-0.0647875045675265,-0.04077538023524026,0.07170465121395886,0.043273121069119645,-0.13220764149527472,-0.1590244093223203
2020-03-09,-0.14543727828407432,-0.09030519674099893,-0.17836203174766496,-0.1590244093223203,0.197943091601774,0.08805683500666611,0.14543702097218514,0.07381480060312037
2020-03-10,0.05844955568766433,0.07677524655759467,-0.01562532475145887,0.07381480060312037,-0.07382065650202638,0.09240057130905337,0.07573546304658282,-0.040627909063969354
2020-03-11,-0.033156985480281204,0.014715358087769456,-0.058879020819219634,-0.040627909063969354,-0.05734825327788215,0.07359437890698899,0.024540626056934658,-0.10012988464103872
2020-03-12,-0.09623693943437736,0.008783576845656884,-0.11783819842366015,-0.10012988464103872,0.09152594710174923,0.12662177526931692,0.09047190394850445,0.16378578350707695
2020-03-13,0.07872917776817956,0.1675040341396789,0.04620966508569257,0.16378578350707695,-0.08362303061851935,0.12129436905398648,-0.03715391103565772,-0.16720457528732338
2020-03-16,-0.1964943404000725,-0.10600459354852876,-0.21018973354505038,-0.16720457528732338,-0.053351594327628815,0.10418513999652153,-0.10427673933441563,0.07263913668553566
2020-03-17,0.029881689883401192,0.10443053086531925,-0.02026260750498645,0.07263913668553566,-0.013427873218959042,0.12469313837030564,-0.08227518250848478,-0.055660782242272486
2020-03-18,-0.08099094510188505,-0.04704011597945703,-0.10951425367726925,-0.055660782242272486,0.21101270406090256,0.0624741376978122,0.1517020006692077,0.019529071758846238
2020-03-19,-0.025823635789064606,0.04514161162786323,-0.09003316674038937,0.019529071758846238,-0.19125673531479181,0.13517477836825254,-0.07187620792183645,-0.07490658138601278
2020-03-20,0.026072214840532442,0.0297419401976532,-0.0805145803625644,-0.07490658138601278,0.20889122150867376,0.11025652056021751,0.1633354853326628,-0.08428828553543112
2020-03-23,-0.021064218025891753,0.0,-0.09150447884178582,-0.08428828553543112,0.18676255598751734,0.09150447884178584,0.3155105847260242,0.15114367162113662
2020-03-24,0.07149711604757385,0.15683353671166092,0.05015881779618109,0.15114367162113662,-0.2070314758890006,0.10667471891547983,0.021604913668696175,0.0033230361957854956
2020-03-25,0.03182291935406382,0.049627603419411595,-0.02992505301974948,0.0033230361957854956,-0.006043961958061083,0.07955265643916094,-0.022160223105963408,0.07397250506972192
2020-03-26,0.009903362488009281,0.08404491118894808,0.0033120301894900305,0.07397250506972192,-0.2358233262559698,0.08073288099945826,-0.2562770672609933,-0.0505522312801219
2020-03-27,-0.04685537298305757,-0.02315324038600141,-0.073972505069722,-0.0505522312801219,-0.23796195352879146,0.050819264683720694,-0.4857380807706579,0.020165693473311288
2020-03-30,0.002312104477895335,0.03413300577681976,-0.015395681617044833,0.020165693473311288,-0.12896343526598245,0.04952868739386449,-0.53148929449369,-0.0374437716710152
2020-03-31,-0.01003205940519917,0.02021172997010897,-0.05024321005096529,-0.0374437716710152,0.16849915270354435,0.07045494002107422,-0.20255167575736077,-0.07124959381606578
2020-04-01,-0.0631891046159653,-0.04233432351900596,-0.08448808778651708,-0.07124959381606578,-0.12576786061047993,0.042153764267511024,-0.23362693008621088,0.039668028491916515
2020-04-02,-0.0060883414349325515,0.050306485569844746,-0.009146420591465343,0.039668028491916515,-0.18175502764845292,0.05945290616130994,-0.2888433465059889,-0.02660250487032117
2020-04-03,-0.00829880667822735,0.008230502936711227,-0.04423078169789487,-0.02660250487032117,-0.024786357074581683,0.052461284634606045,-0.20974676874092432,0.06569231060129874
2020-04-06,0.04871883840678871,0.07546214839217422,0.03820243078345363,0.06569231060129874,0.35876432036108347,0.037259717608720745,0.20575328115239616,0.034462405152790226
2020-04-07,0.06383700793825876,0.06733963527193591,0.021277444440288708,0.034462405152790226,-0.03334118779262594,0.04606219083164733,0.12981391504718107,0.05748462771435001
2020-04-08,0.01212138129124647,0.06386082848286637,0.01212138129124647,0.05748462771435001,-0.15217101271305175,0.051739447191619714,-0.02078231848189223,0.05838958320709655
2020-04-09,0.026095711689283048,0.07672405779620008,0.02526443740169619,0.05838958320709655,0.4334501950086854,0.051459620394503865,0.41932062500205397,-0.03854517836213865
2020-04-13,-0.003223206723454454,-0.00040234274058377153,-0.044415190496564165,-0.03854517836213865,-0.4096939295879489,0.04401284775598049,-0.11629960293156774,-0.007974881114809719
2020-04-14,0.02395818527870408,0.03006195274127674,-0.03488229823038846,-0.007974881114809719,0.06771338578253369,0.06494425097166508,-0.07992668242658227,-0.06709829014517459
2020-04-15,-0.06845119616381956,-0.04658021607005505,-0.07979690451409589,-0.06709829014517459,0.10741344392221126,0.03321668844404092,0.04586092460891163,-0.03531669243058134
2020-04-16,-0.001804281742957765,0.0009008356729400957,-0.05084275928622712,-0.03531669243058134,-0.10491967704380875,0.051743594959167215,-0.0685693023354223,0.08326958377690705
2020-04-17,0.0420537318898978,0.08841093748011916,0.04070991592499173,0.08326958377690705,0.039419740935341285,0.04770102155512742,-0.04575895269727931,-0.03407934314794419
2020-04-20,-0.030973075050176095,-0.006464212398300326,-0.04840365667704531,-0.03407934314794419,-0.22037181243425555,0.041939444278745006,-0.19693140714400761,-0.03897188343687956
2020-04-21,-0.027028689806628238,-0.005794496192315547,-0.04546237407675729,-0.03897188343687956,0.05773934998259461,0.039667877884441885,-0.1197694203004278,0.007366509024325309
2020-04-22,0.023745429219853145,0.026899281610452155,0.00507033176119833,0.007366509024325309,-0.4624263474637914,0.021828949849253824,-0.5591676402252518,0.0032059382645821936
2020-04-23,0.0073126401528283425,0.026704468552835828,0.0022910042023477372,0.0032059382645821936,0.01885296101500312,0.024413464350488204,-0.41956321638874783,0.014075122618871085
2020-04-24,0.010914149412178878,0.0194707711911387,-0.009187053993417208,0.014075122618871085,-0.06070772843319562,0.02865782518455602,-0.37462632006136726,0.056531984925352066
2020-04-27,0.015212827917199866,0.06417210312687051,0.012099652490929516,0.056531984925352066,0.3399122670787366,0.05207245063594105,0.10499445582462136,0.017736955182680696
2020-04-28,0.04090726651832295,0.055523795571182505,0.016061252722262647,0.017736955182680696,-0.021323613287196428,0.039462542848920014,0.10898427538574201,0.0365769681213553
2020-04-29,0.04180938735921528,0.04980626168729847,0.02562127108901955,0.0365769681213553,0.11507746057394024,0.02418499059827894,0.27063931003712294,-0.029901939081945886
2020-04-30,-0.023271170776776852,-0.016273814280563514,-0.038252670581773486,-0.029901939081945886,-0.2854408622120136,0.021978856301210076,-0.09636691228711736,-0.04116852649444705
2020-05-01,-0.02825404468014874,-0.02483816062842282,-0.05293595194572978,-0.04116852649444705,-0.06490049557627939,0.02809779131730704,-0.17637250911819866,-0.006520328155437529
2020-05-04,-0.016601480237244493,-0.003907109514891046,-0.02856707619645468,-0.006520328155437529,-0.12069881282954581,0.02465996668156359,-0.3103864022639002,-0.011844861312769952
2020-05-05,0.023702865285167175,0.025405032314336207,-0.013611602389469096,-0.011844861312769952,-0.004241199657168018,0.03901663470380531,-0.2450578074377892,-0.013774910738486587
2020-05-06,0.01489296706308867,0.01836518946820739,-0.019158541482114027,-0.013774910738486587,0.16473808450000257,0.03752373095032149,-0.010030712313409547,0.021687053340965767
2020-05-07,0.013774910738486565,0.044626846333906046,0.011565975157065238,0.021687053340965767,-0.03764288421130616,0.03306087117684075,0.027164494860130315,0.03146131253186344
2020-05-08,0.027209589138085057,0.033580454831301974,0.017791740564825156,0.03146131253186344,-0.13833959510869256,0.01578871426647677,-0.09777800191870249,-0.04291014865771619
2020-05-11,-0.019709253303402376,-0.019276623897205174,-0.04379630104331253,-0.04291014865771619,0.42273106528999693,0.02451967714610724,0.35177010012010396,-0.03194868228028515
2020-05-12,0.005740760460937267,0.010572775718070342,-0.03286361634251964,-0.03194868228028515,0.009194488064940401,0.04343639206058983,0.2701104415635177,-0.04680311176086438
2020-05-13,-0.009648638534243293,-0.005502115527709089,-0.05401648881038266,-0.04680311176086438,0.4769086612253767,0.048514373282673454,0.6608611797117917,0.039460180417895056
2020-05-14,-0.028184562341718723,0.04313842967093042,-0.037592927257914584,0.039460180417895056,-0.23810166616700038,0.08073135692884481,0.2394518478232944,-0.012514580607428234
2020-05-15,-0.014382037517315328,-0.000460646014519535,-0.022357687566382015,-0.012514580607428234,-0.31499206188194484,0.02189704155186254,-0.17529258989844382,0.06718774906682619
2020-05-18,0.0446950599349504,0.07284113056942752,0.02896084532901073,0.06718774906682619,0.2947602752153449,0.0438802852404168,0.07044626592507117,-0.03190351349389791
2020-05-19,-0.011844861312769952,0.0030481057503186867,-0.03280434916683806,-0.03190351349389791,-0.33116008406940034,0.0358524549171567,-0.30349726295501667,0.031030893120153013
2020-05-20,0.02094089563034053,0.03495161924421674,0.019175629691057617,0.031030893120153013,-0.0391872619042922,0.01577598955315906,-0.32493328750902545,-0.0004365959029585489
2020-05-21,-0.004374476922100248,0.015591507180952325,-0.00569050164357852,-0.0004365959029585489,-0.03512238164822182,0.021282008824530824,-0.22484255413017257,-0.010535645036066296
2020-05-22,0.001309216276703538,0.002181075847975534,-0.019400985354401948,-0.010535645036066296,-0.1822799819384213,0.02158206120237745,-0.31855131185334806,0.06905174560552893
2020-05-26,0.04698128161458926,0.08214520957915546,0.04487383146656209,0.06905174560552893,0.9097673284285088,0.03727137811259335,0.6419958214155614,0.06767399915101466
2020-05-27,0.07113222176780666,0.07496072498578538,0.028022082321272613,0.06767399915101466,-0.015287983359054567,0.04693864266451283,0.5271934267381861,-0.04406688298848868
2020-05-28,0.003841740510466306,0.006139691224138409,-0.04688661064418921,-0.04406688298848868,-0.33304130804861537,0.0530263018683276,0.045911401025049696,-0.030218703981043867
2020-05-29,-0.017857638827316967,0.0020092125144054616,-0.032709422284491696,-0.030218703981043867,0.2996743227890164,0.034718634798897294,0.28641674022988395,0.02011148255084961
2020-06-01,0.00661158781851797,0.030620884907049863,-0.0029064418243563896,0.02011148255084961,-0.6676437752157448,0.03352732673140628,-0.5045456483778631,0.009302374004186252
2020-06-02,0.014121617617523284,0.031202482473612125,-0.002033807669996956,0.009302374004186252,0.19744559417534072,0.03323629014360906,-0.32811908945649015,0.04525657663875638
2020-06-03,0.026223188956272805,0.051011421638635146,0.021900108469426,0.04525657663875638,0.19862629361266224,0.029111313169209285,-0.02638300133017566,0.029943526056397454
2020-06-04,-0.010831854178842809,0.03180882174706248,-0.016292062478684182,0.029943526056397454,0.08611091566945239,0.04810088422574677,0.13170919645591384,0.048470040728147604
2020-06-05,0.07791486446943655,0.07998524011980757,0.040254189887432706,0.048470040728147604,0.22809208367687245,0.03973105023237494,0.3354742494951129,0.01518123749602421
2020-06-08,0.016931605039918227,0.0277161752873326,0.0010666233650126517,0.01518123749602421,-0.40017591994552226,0.026649551922320044,-0.07630824741774671,-0.011275722034640799
2020-06-09,-0.02915249457649292,0.0,-0.035304136221412506,-0.011275722034640799,-0.0231957780428779,0.03530413622141245,-0.14772960977766147,-0.05911969196417222
2020-06-10,-0.008898439428281484,-0.004261332177657621,-0.06250889315806604,-0.05911969196417222,0.15061403045615104,0.05824756098040844,-0.011771798407247309,-0.10577831545548518
2020-06-11,-0.06283574375639607,-0.034809398218287504,-0.11628040722532483,-0.10577831545548518,0.5053914485905909,0.0814710090070374,0.48562705518657523,0.03490398923752613
2020-06-12,0.044942218203447945,0.0457408824010734,0.004586233077371019,0.03490398923752613,-0.7093992463623008,0.041154649323702316,-0.337097298079951,0.014820977467304512
2020-06-15,-0.042033399783143195,0.015615908267709049,-0.04498386319637876,0.014820977467304512,0.03739340523062294,0.060599771464088015,-0.20845384742487943,0.02551658097830887
2020-06-16,0.04013789076061692,0.0424270739752914,-0.011597770743850041,0.02551658097830887,0.23481172828019356,0.05402484471914153,0.03286959472910488,-0.03149863748807392
2020-06-17,0.00386849162065659,0.00386849162065659,-0.034703765375467543,-0.03149863748807392,-0.5061600468884971,0.03857225699612414,-0.513105954849393,0.0015987579262899685
2020-06-18,-0.01207255034603275,0.019410384540543796,-0.016942723834215564,0.0015987579262899685,-0.08828430178963986,0.03635310837475935,-0.5333303978391964,0.00835157292687819
2020-06-19,0.015848176670261314,0.01781162661425374,-0.02220972117634484,0.00835157292687819,0.8704485758308738,0.040021347790598634,0.5751942049057678,-0.025267000877596556
2020-06-22,-0.014360063863827426,-0.008751022844785556,-0.02567326651744732,-0.025267000877596556,-0.8325149659061977,0.01692224367266176,-0.3971041736758031,0.006881228134642886
2020-06-23,0.015716599197368283,0.03158363648326739,0.005670302216639084,0.006881228134642886,-0.18510712066991,0.025913334266628257,-0.5298429622763243,-0.040334744909615396
2020-06-24,-0.010135906388097887,-0.010135906388097887,-0.0458095600751197,-0.040334744909615396,0.49230621926035534,0.03567365368702187,0.10107547709056636,0.03750696674376781
2020-06-25,-0.004630557736176765,0.039527623913036235,-0.010979850002953375,0.03750696674376781,-0.14842127770246705,0.05050747391598965,-0.09625151217971828,-0.0656178407584985
2020-06-26,-0.025815781851711746,-0.024985887304201683,-0.07124918163335461,-0.0656178407584985,0.596985671490704,0.04626329432915296,0.4688119834019422,0.010313790447466609
2020-06-29,0.0111685109306857,0.02937008454357851,-0.002162130012480498,0.010313790447466609,-0.5781383560293807,0.03153221455605911,-0.08349850709373118,0.015273975979114443
2020-06-30,-0.00815624294395088,0.021988220586937116,-0.01247592045994717,0.015273975979114443,-0.07117877697364633,0.0344641410468843,-0.18417914772983265,-0.02084737354998404
2020-07-01,0.011720547842238244,0.013383708635652209,-0.022138003404043892,-0.02084737354998404,-0.07285238944206596,0.035521712039695987,-0.29824203184054077,0.0012889662754728244
2020-07-02,0.024629691666981483,0.030901910380218434,-0.0017212102322179442,0.0012889662754728244,-0.024338805626842205,0.03262312061243642,-0.2747463109927473,0.015761728894909167
2020-07-06,0.022501427909269324,0.03335749406612788,0.007272680994153627,0.015761728894909167,0.062115731121585346,0.026084813071974276,-0.18781834507610332,-0.02785693810671442
2020-07-07,-0.011904931952481641,-0.011477297599512533,-0.03264895819892107,-0.02785693810671442,0.01757938991935364,0.021171660599408424,0.007529205100450569,0.0039037200472547655
2020-07-08,0.0008688296535224399,0.007792260302757433,-0.013563955897310052,0.0039037200472547655,-0.1362199143949871,0.021356216200067595,-0.10982871859423375,-0.014388733862134215
2020-07-09,-0.006950499059735845,0.0025940120747822613,-0.031218230690932734,-0.014388733862134215,0.40549030181628903,0.03381224276571493,0.32588926541188956,0.05344293552998792
2020-07-10,-0.0026385843758298506,0.05469106464926107,-0.003960407864180931,0.05344293552998792,0.02189102721512864,0.05865147251344205,0.27378687200138496,0.007052510990112879
2020-07-13,0.014466066364824148,0.02019437116888327,-0.006683393459137793,0.007052510990112879,-0.09759258765049186,0.026877764628021085,0.09785609222615303,-0.0020691563139960253
2020-07-14,-0.012479410910249221,-0.0016549823968213422,-0.03106881927253588,-0.0020691563139960253,-0.08763152101413335,0.02941383687571455,-0.03090091991820946,0.01887626805965729
2020-07-15,0.025359266674852332,0.029792101174562588,0.005782804086030739,0.01887626805965729,-0.16121519978611368,0.024009297088531858,-0.21142064920642276,-0.027613543772081164
2020-07-16,-0.03516392796456621,-0.015567748670622076,-0.04404531772067603,-0.027613543772081164,0.3077962239074001,0.02847756905005394,0.08386698373933422,-0.030118967974687008
2020-07-17,-0.002091661292511738,0.002087215836838671,-0.030980603115550273,-0.030118967974687008,-0.15797714185305947,0.03306781895238876,-0.07042918263651192,0.015384945175240142
2020-07-20,-0.0012927724013567351,0.020461133634174962,-0.004748496001447004,0.015384945175240142,-0.08685059893806478,0.025209629635621903,-0.11593574498371137,0.03500357993311027
2020-07-21,0.0054979695900717294,0.03745754707094025,0.0046541488405942456,0.03500357993311027,0.2113824121885696,0.03280339823034624,0.1325078390222074,-0.004514705447406186
2020-07-22,-0.007398320048005098,-0.003692318147164845,-0.01859945200654346,-0.004514705447406186,-0.3691615867389812,0.014907133859378531,-0.26078561087114505,0.009416710230924696
2020-07-23,0.00860136337760929,0.013483347535164735,-0.00826104885102671,0.009416710230924696,0.15669208979482505,0.02174439638619147,-0.08865061044700756,-0.007772611395610813
2020-07-24,0.0008146049436071372,0.011748119857105936,-0.011063437990510837,-0.007772611395610813,-0.19528832488239853,0.022811557847616657,-0.23156305129102514,-0.008661674809147429
2020-07-27,-0.0053531554201121405,-0.003290826594899965,-0.01949061181408293,-0.008661674809147429,0.08588746747977159,0.01619978521918293,-0.09233216959115473,0.009072277511619582
2020-07-28,-0.000414345528287755,0.017248891148365322,-0.0024885731132922506,0.009072277511619582,-0.1226189281158937,0.01973746426165766,-0.19341702199351704,0.03667547161783002
2020-07-29,0.0,0.03746662898585484,-0.007003121197623522,0.03667547161783002,0.38857272656076447,0.04446975018347817,0.2919452221926883,-0.017162676306900843
2020-07-30,-0.02200533470244098,-0.012744086738745795,-0.037086074320302045,-0.017162676306900843,-0.14501731128439765,0.024341987581556274,0.07738240138574078,0.0016089709316244507
2020-07-31,0.0036166465686657237,0.004418589568155139,-0.0154161703786546,0.0016089709316244507,0.0032317100804332157,0.01983475994680978,0.07813875411422361,0.004411501548191653
2020-08-03,0.006010898736851105,0.017135319316643766,-0.007665909152121112,0.004411501548191653,-0.06109361443133455,0.024801228468764824,-0.023109534606026008,0.0008000183532165366
2020-08-04,-0.0012012288664790974,0.002797192468840091,-0.00521562505380821,0.0008000183532165366,-0.42812837037319484,0.008012817522648211,-0.4631131431734776,0.015079617636393063
2020-08-05,0.012318831182078898,0.02292590209335049,0.00955040168022829,0.015079617636393063,0.30093195819546353,0.01337550041312222,-0.12704026794475556,0.0031458903548402394
2020-08-06,0.002360401296972226,0.010967626177620803,-0.004341775237267065,0.0031458903548402394,0.013106748360139144,0.015309401414887899,-0.04256262725215197,0.024817144054824214
2020-08-07,-0.005117081117759311,0.02787641687890803,-0.008279136048990053,0.024817144054824214,0.19750798884877852,0.03615555292789814,0.19156832158759302,0.017087898413443926
2020-08-10,0.007630668666347927,0.026456526240579495,0.0038225763176568824,0.017087898413443926,0.01093526409522362,0.022633949922922808,0.19717004650381292,0.01346320310998413
2020-08-11,0.026747553644908943,0.04382953569180155,0.008249061402619827,0.01346320310998413,0.24019762942719736,0.03558047428918179,0.41567210430580165,-0.007082994585263322
2020-08-12,0.020588943085455794,0.02385870635595402,-0.019126787079241103,-0.007082994585263322,-0.27320745705870375,0.04298549343519519,-0.007435100407747165,-0.014318223560962089
2020-08-13,-0.009019218381695324,-0.002247171970774483,-0.022319828178619897,-0.014318223560962089,-0.10211464266450143,0.020072656207845475,-0.14309281341777375,0.0045437008340909295
2020-08-14,-0.011066738261087039,0.0116960195626851,-0.016453415036887534,0.0045437008340909295,-0.09406728567493206,0.028149434599572545,-0.2493396055830507,-0.02176903632156032
2020-08-17,-0.006062915544945555,-0.0022692697671065822,-0.02408830547898641,-0.02176903632156032,0.12162066601581777,0.021819035711879816,-0.08896153500282591,-0.014388695827906217
2020-08-18,-0.0011589253385843495,0.003468885869933029,-0.017134396807111468,-0.014388695827906217,-0.22673273259771895,0.020603282677044345,-0.29469470653612634,-0.0011758059846444973
2020-08-19,0.00507909509193801,0.02131447598404563,-0.005498886471491322,-0.0011758059846444973,0.26656429788061303,0.026813362455537143,0.09474147627017555,-0.01581059082864525
2020-08-20,-0.013423026396842236,-0.006688991162796143,-0.019002928829705428,-0.01581059082864525,-0.19191635743126234,0.012313937666909233,-0.08937419562600495,-0.004792374963510766
2020-08-21,-0.004792374963510766,0.013061730098913512,-0.008000073185142493,-0.004792374963510766,0.10750239159097547,0.021061803284056168,0.042683060474152844,0.02802634553810847
2020-08-24,0.009561816938319033,0.02841553521530939,0.0023990964222663676,0.02802634553810847,-0.007869357392057644,0.026016438793042933,0.019456461987219512,0.011994706111149054
2020-08-25,0.013532020588535105,0.019275847000949,0.0015557765922714424,0.011994706111149054,0.04872429041623806,0.017720070408677485,0.0792234479907287,-0.017067929406421208
2020-08-26,-0.002310338544995662,-0.002310338544995662,-0.017850651570286594,-0.017067929406421208,-0.37263909006888807,0.015540313025290964,-0.33577938666717966,0.018989130296811627
2020-08-27,-0.0027423992063163394,0.025493843532639327,-0.004705849150308773,0.018989130296811627,0.29331741284884,0.03019969268294818,0.03419447276030169,0.009551171262741274
2020-08-28,0.013346256790787223,0.015994251386619165,-0.002305899065008328,0.009551171262741274,-0.13033149680870754,0.01830015045162729,-0.10984800424228294,-0.021522716898701433
2020-08-31,-0.00801680517745661,-0.006102225327870912,-0.0234670782642808,-0.021522716898701433,0.061548834896618304,0.01736485293640996,-0.014793647003506343,-0.001166207607891006
2020-09-01,-0.006235400107778246,0.006196760701018788,-0.013297034269914552,-0.001166207607891006,-0.06926580940510027,0.019493794970933537,-0.06325419475248167,0.011985505009099853
2020-09-02,-0.0070257275189964195,0.017351535088106124,-0.008593776259276945,0.011985505009099853,0.21730383415117985,0.025945311347383062,0.20070556075404944,-0.013932137436158202
2020-09-03,0.006893949209755857,0.022797353816267622,-0.021756933507301512,-0.013932137436158202,0.40826683652013945,0.04455428732356899,0.5356896213274317,0.03371971015922974
2020-09-04,0.023113524349674907,0.04197489057219754,0.005441109115311683,0.03371971015922974,0.14479383402555493,0.036533781456886065,0.5566247245101963,-0.040759250661837686
2020-09-08,-0.015186378553450073,-0.008323968537901016,-0.04429769172265927,-0.040759250661837686,-0.2841742614616439,0.035973723184758284,0.10170246511159799,0.0011767283876046124
2020-09-09,0.00625979550945078,0.009375059934114702,-0.009860068229014512,0.0011767283876046124,-0.33150742822316953,0.019235128163129313,-0.30257708250406956,-0.01461036224196373
2020-09-10,0.007420480461573901,0.014786229062686637,-0.01699982840326342,-0.01461036224196373,0.05048327086967918,0.031786057465950125,-0.27305179663301427,0.01421827328038447
2020-09-11,0.0031771244265474206,0.017350614284138016,-0.0019908124240434278,0.01421827328038447,-0.1710731951839922,0.01934142670818141,-0.4422645096408671,0.009756174945364656
2020-09-14,0.006644545690774071,0.019033387682483704,0.0015674342868149675,0.009756174945364656,0.0019704604917973,0.01746595339566884,-0.33084944756359264,-0.018421030669478606
2020-09-15,0.0007764153179614893,0.003101977044308689,-0.02198751554405079,-0.018421030669478606,0.2889939072170472,0.025089492588359474,0.12743204024684585,0.012578769946411373
2020-09-16,0.0,0.024615392244601412,-0.009139799366058002,0.012578769946411373,0.012122984068054798,0.03375519161065955,0.18008611402185676,-0.00981362130137037
2020-09-17,-0.018530048226856027,-0.004698553648322654,-0.019724505050942708,-0.00981362130137037,-0.2791927404564871,0.015025951402620141,-0.13827519848300587,-0.005538040201518678
2020-09-18,-0.007920863707341652,0.009032048082826602,-0.009910883749572384,-0.005538040201518678,0.6548882248997858,0.01894293183239898,0.5446183684783882,-0.029792855489916326
2020-09-21,-0.02571453077136788,-0.01720380097312735,-0.04793762656090031,-0.029792855489916326,-0.223489682372666,0.03073382558777279,0.16420970867552334,-0.02189712695587452
2020-09-22,-0.008206810794065903,0.0052986090513441105,-0.02734221132507258,-0.02189712695587452,-0.09115456378694153,0.03264082037641666,-0.009360223856310662,-0.02881556550733183
2020-09-23,0.006661133887230553,0.013278190512441942,-0.02881556550733183,-0.02881556550733183,-0.1357280913796402,0.042093756019773776,-0.15897223141533312,0.0034334764653568242
2020-09-24,0.005145763217900541,0.023790394184742124,-0.013417187180563478,0.0034334764653568242,-0.11251360880852751,0.0372075813653055,-0.25816963776585816,0.006406155530999403
2020-09-25,-0.0025739810377044888,0.008957154669823542,-0.009038193436004776,0.006406155530999403,-0.24068616359834277,0.01799534810582816,-0.5123438727981424,0.025222034033833565
2020-09-28,0.016466464453600994,0.03431297743237015,0.012690573871548235,0.025222034033833565,0.13082031226469049,0.02162240356082195,-0.2215941683198704,-0.013372522330711067
2020-09-29,-0.004576692450882173,-0.004159755649971282,-0.02352059103988078,-0.013372522330711067,-0.04914316592789565,0.01936083538990952,-0.1754530291698695,0.013372522330711071
2020-09-30,0.00042061950740663603,0.022874743919474888,0.0,0.013372522330711071,0.2073878023437114,0.022874743919474888,0.12006411455138781,0.0004150333643725091
2020-10-01,0.007444215638950544,0.01319605519297247,-0.009593380710551533,0.0004150333643725091,-0.2275703228654846,0.02278943590352411,-0.09245635913150765,0.004553876808655974
2020-10-02,-0.019271689605925263,0.013600041436265694,-0.02223715232482497,0.004553876808655974,0.1433007542844076,0.035837193761090784,0.08728409518474278,0.01679342170988783
2020-10-05,0.012723396603117547,0.020442249815749446,0.006997356496213389,0.01679342170988783,-0.15194409855491253,0.013444893319536078,-0.10427989920696783,-0.0102062527695058
2020-10-06,0.012111542137034843,0.02288795672192212,-0.013906160372182452,-0.0102062527695058,0.41956890670095637,0.03679411709410452,0.3300086449900118,0.02071133206546567
2020-10-07,0.010612275984553981,0.029913295402338003,0.009393556370950094,0.02071133206546567,-0.3488956449681484,0.020519739031387936,-0.1050476309186648,0.014365794465061666
2020-10-08,0.0028096186365305087,0.016740131438032255,-0.002817457961924353,0.014365794465061666,0.08895186206967937,0.019557589399956648,0.01685691199968192,0.004743125031721654
2020-10-09,0.003954152309820714,0.009856180803950603,-0.007955445810303156,0.004743125031721654,-0.15704493581928775,0.01781162661425374,-0.1682931346099443,0.012539337069037095
2020-10-12,-0.002368788058750844,0.018363450517538495,-0.004743125031721568,0.012539337069037095,0.08298540811146385,0.02310657554925997,-0.05770161206426524,-0.028838637929289635
2020-10-13,-0.001558882457746423,0.0,-0.03325722749744478,-0.028838637929289635,0.23520012345478417,0.033257227497444794,0.16213531849672833,-0.054780006476420645
2020-10-14,-0.024341987581556306,-0.014533990342879348,-0.05605095288834974,-0.054780006476420645,0.7334731943286024,0.04151696254547046,0.9203374617067632,0.02219051800289171
2020-10-15,-0.0012709464119290683,0.02425881838922182,-0.0059448708358440395,0.02219051800289171,-0.6452183157531206,0.030203689225065923,0.0018289289093307247,0.0037197874560599706
2020-10-16,0.0020683003863301726,0.008247500891972667,-0.008733641864735886,0.0037197874560599706,-0.13559668057092586,0.016981142756708655,-0.17704414005491242,-0.021685606577225174
2020-10-19,0.0024721671910233533,0.003294892790826155,-0.022951111044511086,-0.021685606577225174,-0.12738319341094145,0.026246003835337442,-0.3434108025219541,0.01755164520399066
2020-10-20,0.007141390607737412,0.03153789376306017,0.006722708199055134,0.01755164520399066,0.19558076652167217,0.02481518556400528,-0.1561208652692029,-0.003735225556843606
2020-10-21,0.0033085193890351706,0.008250903442839543,-0.005399770619625993,-0.003735225556843606,-0.40753282432369076,0.013650674062465592,-0.5671787554237689,0.03352732673140628
2020-10-22,0.0,0.0351343583198058,-0.0020811344807698893,0.03352732673140628,0.28735963307480844,0.03721549280057575,-0.012909703764825496,0.0012054965904709513
2020-10-23,0.014767737044672241,0.015559834423262179,-0.00645430861048771,0.0012054965904709513,-0.08264497394680302,0.022014143033749673,-0.05396758164040035,-0.01456331156027519
2020-10-26,-0.01741993875672022,-0.012934687116607372,-0.03058342384785884,-0.01456331156027519,0.15316826706486555,0.017648736731251356,0.12688680853018483,-0.028520243261429545
2020-10-27,-0.010239695884703732,-0.006131289387152935,-0.030198838521517533,-0.028520243261429545,-0.07763672545539936,0.024067549134364603,0.01888531969464785,-0.01606125272226262
2020-10-28,-0.018620958344133062,-0.007998381227839513,-0.031086153225689465,-0.01606125272226262,0.39851551993535805,0.02308777199784985,0.44545683446664147,0.0029781601179150394
2020-10-29,-0.004697796518536024,0.011859549874024839,-0.01502490050342677,0.0029781601179150394,-0.35439980443988933,0.02688445037745174,-0.05205427969067383,0.00677393960808263
2020-10-30,-0.002126351797517977,0.012663707873107426,-0.012826218589446017,0.00677393960808263,0.1448829727979742,0.025489926462553273,0.08595566453362614,0.01590653693964376
2020-11-02,0.007984855456682963,0.02335383261781676,-0.009752099725997805,0.01590653693964376,-0.10622465209460154,0.033105932343814516,-0.0696868268586227,0.025016707715344134
2020-11-03,0.020551483761718215,0.03509134439332074,0.017699589606058663,0.025016707715344134,0.08574348472875552,0.017391754787262275,0.015101272303160211,-0.04176750208431544
2020-11-04,-0.03293838919830506,-0.022528134602051875,-0.05923332800157288,-0.04176750208431544,0.31087912338501583,0.03670519339952087,0.29497734137923803,0.038522066300625955
2020-11-05,0.009247620073093077,0.04580956007511963,0.007572619347008823,0.038522066300625955,-0.17311631627084176,0.038236940728110895,0.10120501918947433,-0.01226512284452883
2020-11-06,0.0129190205728519,0.014121617617523284,-0.01556137326792115,-0.01226512284452883,-0.2982197251925569,0.029682990885444453,-0.24679048016572688,0.1327083775242341
2020-11-09,0.09002346376922789,0.1509134215386662,0.07868114381522111,0.1327083775242341,1.1683465143073435,0.07223227772344519,0.9530394106920188,-0.003608823163568863
2020-11-10,-0.00977385003247597,0.0,-0.021114723932675515,-0.003608823163568863,-0.8311236221148618,0.021114723932675376,-0.17443931992680006,-0.011636483843131899
2020-11-11,0.003248519472385738,0.003968997082757796,-0.019715826702679233,-0.011636483843131899,-0.4740941208937445,0.02368482378543703,-0.675387340447925,-0.02406185345084132
2020-11-12,-0.018457519088352255,-0.016224564450163282,-0.038401762123380055,-0.02406185345084132,0.3395299483642753,0.022177197673216718,-0.2467928017016972,0.011547882578244344
2020-11-13,0.00709350100738293,0.019295535722346296,0.00261926038707595,0.011547882578244344,-0.25891430995794223,0.016676275335270316,-0.48991388236453043,0.021254003594548706
2020-11-16,0.031355124255139366,0.03636764417087479,0.006644553946622114,0.021254003594548706,0.09067953598204508,0.029723090224252572,-0.39211817928306636,-0.0010883616928566487
2020-11-17,-0.01203734848962464,0.0007249169455934893,-0.02088369332038682,-0.0010883616928566487,-0.21263778341440842,0.02160861026598039,-0.2695359083887824,-0.02090667409318934
2020-11-18,0.0028996006553116765,0.0136988829775156,-0.021648255820644686,-0.02090667409318934,0.1593220650764441,0.03534713879816012,-0.0015057561280264027,0.0
2020-11-19,-0.0018549156571376576,0.0011113424656593093,-0.012306697515039136,0.0,-0.1588760659718223,0.013418039980698302,-0.18236212494189677,-0.00632090148505402
2020-11-20,-0.008935270698564732,-0.0011125081483841454,-0.013057465501576299,-0.00632090148505402,-0.1355552202580754,0.01194495735319212,-0.23763063538871793,0.021403028663471955
2020-11-23,0.01112775369668648,0.026138097371219637,0.009281670678810397,0.021403028663471955,0.11373915059189578,0.01685642669240909,-0.07656230623535597,0.0564279601054389
2020-11-24,0.01952342989228696,0.056772974047115114,0.019165319635513337,0.0564279601054389,0.5708834669698449,0.037607654411601646,0.5443987355509176,0.0017238805928126949
2020-11-25,-0.009360458852512596,0.0020683003863301726,-0.017403850626076047,0.0017238805928126949,-0.3394365276695809,0.01947215101240628,0.06891614316748292,-0.0013788666511364844
2020-11-27,-0.002069013610192935,0.002408385596871012,-0.007607271130294764,-0.0013788666511364844,-0.7904222623815857,0.010015656727165883,-0.7320541142256467,-0.029048409167126907
2020-11-30,-0.009357214766611293,-0.004494360543937234,-0.031181345123229426,-0.029048409167126907,0.8951049926261085,0.02668698457929211,0.24181311177849307,0.018646122736801
2020-12-01,0.020387346815763915,0.03077169561178105,0.017948756685148146,0.018646122736801,-0.23499659162597605,0.012822938926632901,-0.08144970307890473,0.01281399115634124
2020-12-02,0.0,0.01693490494498965,-0.005592459315139638,0.01281399115634124,-0.1047436320585176,0.022527364260129173,-0.20377062475641416,-0.005175089014156525
2020-12-03,-0.004137900107081624,0.0013755475219924015,-0.014907549967433605,-0.005175089014156525,0.1768693158226738,0.016283097489426013,0.10849074850602887,0.013058641346753407
2020-12-04,0.009981184652075982,0.01782702186470571,0.0031082792362507813,0.013058641346753407,0.20326448123017254,0.014718742628454814,0.3252012839077582,-0.00685171434449377
2020-12-07,-0.01340461017823468,-0.0047912923869152454,-0.02069754348893805,-0.00685171434449377,-0.4501341123392203,0.015906251102022893,-0.2804174568703785,-0.005515348215673879
2020-12-08,-0.007937903258055615,0.0020604219575784226,-0.0110612842778804,-0.005515348215673879,-0.21986499269273108,0.013121706235458885,-0.4206785979312981,-0.004503768885862338
2020-12-09,0.011000444141056574,0.011000444141056574,-0.0062413622934496165,-0.004503768885862338,0.48276067845859316,0.017241806434505954,0.12772331532687914,0.010706418073660094
2020-12-10,-0.005920270854000499,0.011393181510461358,-0.011524483479213336,0.010706418073660094,0.069891174248173,0.022917664989674756,0.15852218285015815,-0.018724573163611587
2020-12-11,-0.014881752352469699,-0.012444011481247335,-0.028220001034406486,-0.018724573163611587,-0.3729052739435151,0.01577598955315906,-0.23349376523572474,-0.012326283468202552
2020-12-14,0.012176194367671977,0.013558330343006606,-0.015165175564573306,-0.012326283468202552,-0.006714914688004593,0.02872350590758,-0.13463243003401235,0.014773398688494067
2020-12-15,0.004596121536690648,0.021038657889555498,0.001062535499657178,0.014773398688494067,0.08118843456355926,0.019976122389898317,-0.045027123208481776,0.00278939949046637
2020-12-16,0.0055710398696598214,0.006265259201061417,-0.007007697067849656,0.00278939949046637,-0.028085374442896913,0.013272956268910925,-0.11513609636722726,0.003822788732218642
2020-12-17,-0.00034825802757751547,0.006939679656913943,-0.006637530978854323,0.003822788732218642,0.016802133595629706,0.013577210635768274,-0.044776215889221996,-0.0055652264475862835
2020-12-18,0.0020789843474302064,0.00932167828240002,-0.009059303442976778,-0.0055652264475862835,0.651195817206639,0.018380981725376933,0.6783753731663108,0.03664165077952933
2020-12-21,0.014886904729986378,0.04501270257259342,0.0020905745015135663,0.03664165077952933,0.12022773830119818,0.04292212807107982,0.6152747997223904,-0.017981848279208158
2020-12-22,0.001344116977217953,0.001344116977217953,-0.019352146840791385,-0.017981848279208158,-0.8719105221278995,0.020696263818009274,-0.4476675491170111,0.02835155053550937
2020-12-23,0.006143374606798216,0.038285445017819275,0.004099795331427156,0.02835155053550937,0.29656850464760376,0.034185649686392205,-0.13586776566038705,-0.0029995075015204747
2020-12-24,0.007294502564095956,0.007294502564095956,-0.010369702256301213,-0.0029995075015204747,-0.8421434006291867,0.01766420482039711,-1.0109408967561686,0.005658197197766766
2020-12-28,0.008971665557975813,0.019501532553440195,0.0010008570382833955,0.005658197197766766,0.3729145410271885,0.01850067551515676,-0.5696609626737591,-0.003990658209334378
2020-12-29,0.0013267304113088326,0.003974859188388022,-0.006659993227537458,-0.003990658209334378,0.013021493648780377,0.01063485241592554,-0.3678948694059649,-0.0010001896736448982
2020-12-30,-0.0003332854169726925,0.006973267043906275,-0.002335270250050222,-0.0010001896736448982,-0.2330833316086215,0.00930853729395636,-0.3133798456688926,0.010947196044379569
2020-12-31,0.0010001896736449448,0.013583109439257906,-0.002672009767027253,0.010947196044379569,0.08522366616813905,0.01625511920628498,-0.15524076662006572,-0.009280768589305915
2021-01-04,0.004936643960443862,0.008541452470028483,-0.018648541458224102,-0.009280768589305915,0.5838146787199867,0.02718999392825236,0.581786509794634,0.00762981106349425
2021-01-05,0.00465115083921453,0.016840424907903568,-0.004004037320268055,0.00762981106349425,-0.059561020008436,0.02084446222817161,0.33945629569026986,0.06058578222081741
2021-01-06,0.052779281908449126,0.07509884852463362,0.035706499020896725,0.06058578222081741,0.7911468849180361,0.03939234950373689,1.043890640571903,0.021843633038555386
2021-01-07,0.035445195288308716,0.0447085980653675,0.021234791085762504,0.021843633038555386,-0.36395701182959694,0.02347380697960497,0.3496868654096763,-0.010093428223621647
2021-01-08,0.0018241890040982922,0.004251430283056318,-0.023088604073855563,-0.010093428223621647,-0.5102363109257797,0.02734003435691202,-0.32869268126019374,0.016463814805723325
2021-01-11,-0.013618243083038477,0.018276545592123543,-0.019556705127301826,0.016463814805723325,0.15004420603276378,0.0378332507194254,-0.22873395121684814,0.017683666463923327
2021-01-12,0.010527950612532175,0.02685130034170674,0.0039233811370212104,0.017683666463923327,0.2732429552043325,0.02292791920468542,0.04333084079533732,-0.0059595160326164
2021-01-13,-0.0068564746686415505,0.0005940142057157877,-0.017079057684628755,-0.0059595160326164,-0.4567381735050845,0.017673071890344522,-0.47189741498845567,0.01571574489238564
2021-01-14,0.0005975637516920764,0.026833391587946363,-0.0011961998187748288,0.01571574489238564,0.11601286655415921,0.02802959140672114,-0.15197975225487664,-0.029255918071339447
2021-01-15,-0.02080933400071226,-0.010647855576253982,-0.03869131185452863,-0.029255918071339447,0.17376150556059042,0.028043456278274616,0.11794908248678201,-0.0072970183381692606
2021-01-19,-0.01557040568218661,0.017715526538216387,-0.024844018773744224,-0.0072970183381692606,0.30339162640633915,0.04255954531196074,0.3717101174176352,-0.013208617812508113
2021-01-20,-0.0003052689300919925,0.0006101420977787472,-0.01879003711359187,-0.013208617812508113,-0.3708751992374954,0.019400179211370695,-0.09219297135038722,-0.017782396177099254
2021-01-21,0.0,0.004319642332567023,-0.019042267698938124,-0.017782396177099254,-0.0829744863028512,0.023361910031505152,-0.12577955773605334,-0.006948897884796079
2021-01-22,-0.012989247745153865,-0.0006297373514011214,-0.016503086507691334,-0.006948897884796079,-0.09089991072932216,0.015873349156290163,-0.23935576916915946,-0.012438348699673935
2021-01-25,-0.008914378696487438,-0.007955491634260941,-0.03155443888541452,-0.012438348699673935,0.05920594223113695,0.023598947251153683,-0.16907936212396937,-0.007085353699638348
2021-01-26,0.00767266465985838,0.008627644413541358,-0.008055464898128866,-0.007085353699638348,-0.27900627064083866,0.016683109311670257,-0.4137598665015718,-0.03653526643696116
2021-01-27,-0.020572188956130673,-0.01662088846833363,-0.04191342553184593,-0.03653526643696116,0.5620706394196158,0.025292537063512397,0.3129565363410901,0.01629295473997436
2021-01-28,0.019585693370133814,0.030375398283494476,0.0030125596871754838,0.01629295473997436,-0.21970287392797602,0.027362838596319067,0.05174127888875685,-0.02234543813103018
2021-01-29,0.0026350451548232076,0.005919132904359327,-0.024371079140149816,-0.02234543813103018,0.22298696968224285,0.030290212044509247,0.26818437410106044,0.01040101551271937
2021-02-01,0.007392547746238455,0.01306774479489936,-0.0027017890340431915,0.01040101551271937,-0.4459680105067262,0.01576953382894251,-0.2514133748524136,0.035091372498033305
2021-02-02,0.020483069915323473,0.04055499117792826,0.01917420167776488,0.035091372498033305,0.266972733665287,0.02138078950016352,0.04284677608315022,0.01756950582287253
2021-02-03,-0.0038747493812259525,0.022308090579533833,-0.0048458026094013625,0.01756950582287253,-0.08013658993637346,0.02715389318893517,-0.10204771060616981,0.028716082924090315
2021-02-04,0.00694225938272257,0.029638696548200505,0.006313176303183086,0.028716082924090315,0.04641153688909879,0.023325520245017627,-0.0015450292510564407,-0.004008054394611754
2021-02-05,0.011928552307913775,0.01253646898303617,-0.005553865125117187,-0.004008054394611754,-0.20858202630150136,0.018090334108153475,-0.21216464801372278,0.021999091603739952
2021-02-08,0.0018518947884388491,0.027724544332145853,0.000926434952230498,0.021999091603739952,0.09106875111419048,0.02679810937991525,-0.032530612012231376,-0.004239842441844119
2021-02-09,-0.003633032436518404,-0.0021176741896136524,-0.015225629013303436,-0.004239842441844119,-0.24908561030746856,0.013107954823689915,-0.3025535450629113,0.0009100191484383823
2021-02-10,0.005146013164226502,0.014163184275081508,-0.0027351529195520554,0.0009100191484383823,0.22750886656359545,0.016898337194633625,0.0004939941167671762,-0.0030367005781790253
2021-02-11,-0.0003032091431126301,0.009956390181763008,-0.01312395803583628,-0.0030367005781790253,-0.4236624523310368,0.023080348217599345,-0.40354580275142427,0.014792658081799023
2021-02-12,0.0036429587932450486,0.017187206709356435,0.0009119556454928719,0.014792658081799023,0.239786566962202,0.016275251063863617,-0.057368673195533654,0.026613088489045957
2021-02-16,0.01811484201718995,0.03503972291724966,0.009840599242434614,0.026613088489045957,0.34306518977676315,0.02519912367481523,0.3088476519852614,0.0040768661309036405
2021-02-17,-0.006734018643274061,0.008426634428203947,-0.014105421423257828,0.0040768661309036405,-0.14983100643804706,0.022532055851461827,0.12459876228477176,-0.006414051890227078
2021-02-18,-0.010223499820682448,0.006950554297837001,-0.011398614951545698,-0.006414051890227078,-0.19127711032371392,0.018349169249382676,-0.11334999471697305,0.010184935740068266
2021-02-19,0.0002925028919739601,0.01567069009058487,-0.0002924768688218692,0.010184935740068266,0.373007068642091,0.015963166959406666,0.29593445410334795,0.017506562442343408
2021-02-22,-0.002609079618874313,0.020347430033453025,-0.003770883849841149,0.017506562442343408,0.040784645687176095,0.024118313883294183,0.22029291071589652,0.010471269344291738
2021-02-23,0.007651918992015711,0.02083402648617425,-0.0002845962773566994,0.010471269344291738,0.17200466374481485,0.021118622763530968,0.31090522888403077,0.02392327143847279
2021-02-24,0.006174625683077746,0.02776413724990977,0.0022496639847568323,0.02392327143847279,-0.14840339807386124,0.025514473265153093,0.10494990194697922,-0.012446592830884963
2021-02-25,0.01581701955278897,0.017709159510340435,-0.01718929908161136,-0.012446592830884963,0.25146443934091994,0.034898458591951904,0.30909005387649163,-0.03454480612182524
2021-02-26,-0.005581950395475007,0.0027792812607670856,-0.03540944890694365,-0.03454480612182524,-0.052569735629012446,0.03818873016771074,0.12933019849557417,0.03064074686124647
2021-03-01,0.023068127514237355,0.037879039070366285,0.015154045200346349,0.03064074686124647,-0.4352378454567748,0.022724993870019833,-0.35725309958176077,-0.007291174682503377
2021-03-02,-0.003919360696512661,0.0041822927862862755,-0.008135853877098871,-0.007291174682503377,-0.1088554724112412,0.012318146663385154,-0.4323760147960052,0.024740648347418983
2021-03-03,0.012307915968267004,0.03972943029132254,0.00868721668823866,0.024740648347418983,0.47271992879410707,0.031042213603084068,0.12681155015440287,0.002194236565061239
2021-03-04,-0.007717755747834743,0.012280159252903046,-0.013823831565297139,0.002194236565061239,0.3793090322352017,0.02610399081820026,0.47930094932853873,0.011711976539653944
2021-03-05,0.014416101371827268,0.029691749225516158,-0.009082265248014958,0.011711976539653944,-0.2616683295989565,0.03877401447353111,0.14736889557678706,0.005401059827794999
2021-03-08,0.012111593473827897,0.021431284715501434,-0.0029830696114836663,0.005401059827794999,-0.12847177915896887,0.02441435432698506,0.008473169376457115,-0.02205675162521904
2021-03-09,-0.015744131633963876,0.000807612883502713,-0.03619807459618202,-0.02205675162521904,-0.02149655607553675,0.03700568747968469,-0.07128800772414988,0.028499669584558754
2021-03-10,0.006039030674667473,0.03277203529019106,0.0013756843001921485,0.028499669584558754,-0.18087263357528913,0.03139635098999891,-0.31639403805640665,-0.0034847174347579675
2021-03-11,-0.0026794891417043494,0.011176326672872166,-0.014012637687729897,-0.0034847174347579675,-0.1521401698397211,0.02518896436060203,-0.433284170736095,0.01862243083000143
2021-03-12,0.018095131619036385,0.02492832881020475,0.009088545229021826,0.01862243083000143,0.005127122683089709,0.01583978358118311,-0.27339346203653264,-0.0050204526154441305
2021-03-15,0.0023693615312645254,0.0034206340677530454,-0.019159644299406337,-0.0050204526154441305,0.08449825131146657,0.022580278367159458,-0.09104648313235879,-0.0029181771933587683
2021-03-16,-0.008780203781605682,-0.000794985567552522,-0.02087866972774537,-0.0029181771933587683,0.003361481578522572,0.020083684160192794,-0.030715220388177557,0.00820222544377023
2021-03-17,0.009518861224710863,0.01894796742470833,-0.00826995652469654,0.00820222544377023,0.23767746310015117,0.02721792394940494,0.2610122413745173,0.025752440731760855
2021-03-18,0.01464838029615218,0.0518596793182701,0.012308585736070824,0.025752440731760855,0.40280414198808523,0.03955109358219912,0.6222411719879932,-0.010584837721027548
2021-03-19,-0.01683317527765203,-0.0005137544060289042,-0.03688138405633933,-0.010584837721027548,0.10732558479776566,0.03636762965031058,0.5525318951794685,-0.02283860777889516
2021-03-22,-0.011747868948595638,-0.003900608546629292,-0.029766381736791764,-0.02283860777889516,-0.6639327441044863,0.025865773190162474,-0.2910904358330123,-0.02038692677907076
2021-03-23,-0.007997889479608309,0.004239535983864111,-0.0236443331904269,-0.02038692677907076,-0.09310972987875588,0.027883869174291,-0.3966110660341484,0.0
2021-03-24,0.008365925355982356,0.023832949189894048,-0.0002710973348049667,0.0,-0.12693632077730688,0.024104046524699007,-0.5222985307809908,0.020386926779070686
2021-03-25,-0.0008134091219247311,0.022773883296821083,-0.007343986447914904,0.020386926779070686,0.07926505767289616,0.030117869744736042,-0.3877558353673488,0.026724159297566698
2021-03-26,0.018155968847743478,0.02879022454118425,0.011090738830299547,0.026724159297566698,0.3412849841465285,0.017699485710884828,0.1007181583986139,-0.009611683915490308
2021-03-29,-0.016421614218126587,-0.0012934741467708968,-0.021427516572395958,-0.009611683915490308,-0.3807309009574797,0.02013404242562516,-0.1402948088286003,0.01759425148379348
2021-03-30,0.008318209768719243,0.029576482833706716,0.008318209768719243,0.01759425148379348,0.21621769640984587,0.021258273064987433,0.11085354678314076,-0.007724112825460274
2021-03-31,-0.009534996699834368,0.0,-0.013686529687183062,-0.007724112825460274,-0.14056288520172883,0.013686529687183072,-0.0564121778267689,0.020466384584454853
2021-04-01,0.003612057681552336,0.021225751245062825,0.0007751607171064291,0.020466384584454853,0.2860621290240503,0.020450590527956513,0.20924467591232607,0.007819375318910995
2021-04-05,0.012831936311788373,0.019807519742773283,0.0027815619259905174,0.007819375318910995,-0.26480598853401216,0.017025957816782927,-0.12127778786711443,-0.002767660926514313
2021-04-06,-0.006807046692888148,0.00875558527616713,-0.008579415727992347,-0.002767660926514313,-0.16694968514453745,0.017335001004159478,-0.22832670227273077,0.00902942227014929
2021-04-07,0.002013638535330653,0.011523246202681447,-0.0025226672223024223,0.00902942227014929,0.012745356342507983,0.014045913424983902,-0.20396620488500236,-0.00877744755393084
2021-04-08,-0.006261761343634925,-0.0050062875190329025,-0.020941802571988095,-0.00877744755393084,0.04862853751605009,0.01593551505295511,-0.1026686418544804,0.007278257920126028
2021-04-09,0.005275708326579789,0.012018160071241428,-0.004797444969539869,0.007278257920126028,0.012878803000267044,0.016815605040781202,-0.07378394998774608,0.0017488996876366789
2021-04-12,0.0,0.009705174505392801,-0.0035070978852281896,0.0017488996876366789,-0.007182463124770895,0.013212272390621034,0.002238553630476197,-0.018645077000897202
2021-04-13,-0.006260193010168411,-0.006009073546357498,-0.02170159825936791,-0.018645077000897202,0.026558458556708592,0.01569252471301047,0.05007644084034105,0.014141684359239359
2021-04-14,-0.00868460518176619,0.025362366769449633,-0.010225077246451364,0.014141684359239359,0.10645078198780843,0.03558744401590102,0.13790785779401582,-0.02900227057156574
2021-04-15,-0.0037684135722246955,-0.0010035353304529786,-0.046973907620144306,-0.02900227057156574,0.8200750949619668,0.04597037228969136,0.9195135912542707,0.0105277601067049
2021-04-16,0.014606273063368676,0.017400553969380346,0.004378581769600308,0.0105277601067049,-0.6669305047813255,0.013021972199780114,-0.016921207339486884,0.0005106395193778813
2021-04-19,0.006111500075718256,0.007126494217213859,-0.0030699114955052204,0.0005106395193778813,-0.3595601167097754,0.01019640571271922,-0.4232415852584721,-0.028221842923802122
2021-04-20,-0.0043494548017384135,-0.0043494548017384135,-0.033223892009388606,-0.028221842923802122,0.18328160958202838,0.02887443720765018,-0.22993312095504945,0.016667035927216762
2021-04-21,-0.008703782312549027,0.018215360329276377,-0.017751213726327448,0.016667035927216762,-0.29488885433746925,0.03596657405560396,-0.5374458792095728,-0.009341028008416094
2021-04-22,0.000774461864556578,0.0012904695552002697,-0.014306475148704584,-0.009341028008416094,0.23946641866441176,0.015596944703904944,-0.2532449608874446,0.021151154379081657
2021-04-23,-0.001043320787601026,0.025226550913225378,-0.0036562951753996487,0.021151154379081657,0.012002107542949484,0.028882846088625083,0.015055832442082478,0.005853167029640766
2021-04-26,0.0043295157808455245,0.016955946640195826,0.0025490321038362435,0.005853167029640766,-0.3384131378552872,0.014406914536359498,-0.2721842687672485,0.011855384541761783
2021-04-27,0.006575601033967942,0.012857818240052948,0.002534174606117171,0.011855384541761783,-0.01144863717551127,0.010323643633935701,-0.24960046913403847,0.003754170632907042
2021-04-28,0.001252956841031425,0.008489442818287278,0.0,0.003754170632907042,-0.006445484463313807,0.008489442818287278,-0.17799695077772998,0.02662227324680276
2021-04-29,0.01290661923686384,0.027108665701807137,0.010684666601862226,0.02662227324680276,0.25554754003691016,0.016423999099944724,0.09622564505790707,-0.014209005234868495
2021-04-30,-0.006589418723876461,-0.005121315400269509,-0.01569042670564285,-0.014209005234868495,-0.11562386391646928,0.010569111305373387,0.0012516949540861317,0.0007399826194777927
2021-05-03,0.008353860920020212,0.012748406791114176,-0.0027177438469448566,0.0007399826194777927,0.06748846946668913,0.015466150638059008,0.11832567758455666,0.010789673563120838
2021-05-04,-0.007920825638302495,0.01273903649206845,-0.019418150401714098,0.010789673563120838,0.2505074043464156,0.03215718689378267,0.3307037541636981,0.009467224309979833
2021-05-05,0.004866208169120643,0.013566132570294267,-0.005870899529048539,0.009467224309979833,-0.3631893823486818,0.01943703209934269,-0.12883342904879,0.014868354213019972
2021-05-06,0.002172081311270584,0.01605791191102673,-0.0036305911655585017,0.014868354213019972,0.04112949091872097,0.019688503076585172,-0.10347026481949224,0.004038537058403359
2021-05-07,-0.021169837015725657,0.005696708575875292,-0.021656229470730017,0.004038537058403359,0.0052316017428907565,0.02735293804660525,-0.07504229526368245,-0.003086814010379651
2021-05-10,0.007557893644660001,0.017857578183297296,-0.0035625623123006272,-0.003086814010379651,0.05024112726295063,0.021420140495598015,-0.02501765269662924,-0.011480622352035773
2021-05-11,-0.01196186533583472,0.0068729010352584635,-0.017028810330661975,-0.011480622352035773,0.04020665919520791,0.023901711365920578,0.01835586255688007,-0.009426036912875649
2021-05-12,0.01929783212014258,0.023536131377269,-0.012831522752610626,-0.009426036912875649,0.10104535835152474,0.03636765412987951,0.17254025256096517,0.015900114393185644
2021-05-13,-0.007801104683314088,0.021857477397335734,-0.009760973797978861,0.015900114393185644,-0.1231333528167584,0.031618451195314645,0.00032223265142884575,0.012351711738277156
2021-05-14,0.005244379521708719,0.015180542754096688,0.0019101729294404908,0.012351711738277156,-0.30648020990153746,0.01327036982465635,-0.3202525076958543,0.008930754020685704
2021-05-17,-0.0028368560074476397,0.011501074292129142,-0.004732634528033175,0.008930754020685704,0.05423021094359059,0.016233708820162406,-0.2262030130755068,-0.0136633885487188
2021-05-18,-0.0009363510605551167,0.004901377031129081,-0.01413789527042583,-0.0136633885487188,0.14839033314301353,0.019039272301554774,-0.034820903424927586,-0.0045167941832152045
2021-05-19,-0.012170495365250424,-0.0038022823304811517,-0.02036726596162777,-0.0045167941832152045,0.11913052688738168,0.01656498363114652,0.11057751926188618,-0.002385551909858184
2021-05-20,-0.0016692430853852585,0.003804994913132554,-0.012226021505184852,-0.002385551909858184,-0.1461336685656168,0.016031016418317556,-0.009784607365636293,0.01257884370484543
2021-05-21,0.00357615179002567,0.01728466293579418,0.0004775658678267933,0.01257884370484543,0.08752790837768382,0.01680709706796729,0.10582391038314264,0.005409857606979962
2021-05-24,0.004236304242404409,0.008922276894202911,-0.003544044422438631,0.005409857606979962,-0.2484410983799186,0.012466321316641504,-0.19277721589829336,-0.01465061060529398
2021-05-25,0.0014064127683526397,0.014670125892800518,-0.01655668737170982,-0.01465061060529398,0.5172976203469701,0.031226813264510454,0.3311923113479584,0.0007139225589722325
2021-05-26,0.00023806108349417002,0.005696708575875292,-0.008366213057177021,0.0007139225589722325,-0.24215610307171156,0.014062921633052367,0.013777555924154248,0.012058269302681309
2021-05-27,0.010411798371422629,0.01908404164773211,0.0019010941206335054,0.012058269302681309,0.2482788725524178,0.01718294752709872,0.26865203767596957,-0.00376736612289531
2021-05-28,0.0025818723774058703,0.0037532263285125957,-0.011820468813629633,-0.00376736612289531,-0.31902508856818496,0.015573695142142173,-0.12692386759961005,0.012425404134392689
2021-06-01,0.01312419522763158,0.020778135367374433,0.008924461975666383,0.012425404134392689,0.10774486160420393,0.011853673391708033,-0.011214847203385324,0.0004658853685499615
2021-06-02,0.004185086606020105,0.005807892051946881,-0.007483657643888128,0.0004658853685499615,-0.2269997131981769,0.013291549695834987,-0.2898826598706572,0.007193472908879969
2021-06-03,-0.003966827527276213,0.012727304734853728,-0.006073326885132884,0.007193472908879969,0.31809221567058565,0.018800631619986612,0.11257898130486796,0.00046233143814414056
2021-06-04,-0.0002312017894256008,0.003231752365729669,-0.009758398998924243,0.00046233143814414056,-0.23363770492894942,0.012990151364653767,-0.14761362429682545,-0.003472662986052458
2021-06-07,0.0,0.0027694209275856553,-0.004865040987316733,-0.003472662986052458,-0.26965377242195776,0.007634461914902458,-0.34119615700942446,-0.005581360158029899
2021-06-08,-0.006047897543961981,0.0027791297584828277,-0.016131235423293467,-0.005581360158029899,0.38814697196252007,0.018910365181776398,0.09887700663346256,-0.013145761333054045
2021-06-09,-0.009607568604055202,-0.0035043027289505305,-0.01812028500389474,-0.013145761333054045,0.011750218586840631,0.014615982274944265,0.11601644636536827,-0.014998521386728785
2021-06-10,0.01034326656474857,0.015009648550555203,-0.016678985036916654,-0.014998521386728785,-0.05438854501142841,0.031688633587471884,0.01914653057877709,0.0040694726464691675
2021-06-11,0.002874319262300074,0.004785861436435694,-0.0043269373224601605,0.0040694726464691675,-0.2514312171012154,0.00911279875889604,-0.19682002830998685,-0.012016486641413238
2021-06-14,-0.00023897112381955505,0.001193726697497153,-0.019296286561891748,-0.012016486641413238,0.14439280824364095,0.02049001325938894,-0.02039111309379324,0.0007250460570647346
2021-06-15,-0.0019361533552125947,0.004823954317379143,-0.011184144600914828,0.0007250460570647346,0.0849716585941882,0.016008098918293974,0.0238445701998785,0.005541504287691726
2021-06-16,-0.0026611994122772275,0.014392243654826001,-0.01754861611740012,0.005541504287691726,0.4867811542458089,0.03194085977222611,0.5244117910480236,-0.044713902180920445
2021-06-17,0.009564911008822384,0.011466909142200978,-0.046725925392300874,-0.044713902180920445,0.23440886275615025,0.058192834534501865,0.651111952465731,-0.0259622747841998
2021-06-18,-0.02004891262907239,-0.012642393659061155,-0.03346838221753811,-0.0259622747841998,0.2414463921451678,0.020825988558477015,0.7161628119139173,0.024705222763481874
2021-06-21,0.008729199526198047,0.025459624402613713,0.006425931579642553,0.024705222763481874,-0.7588489265586732,0.01903369282297121,-0.2934761125267968,0.00551936216337431
2021-06-22,0.0032651307765267927,0.0127485374206232,-0.011894388691039535,0.00551936216337431,-0.0869263648073329,0.024642926111662706,-0.417123681894307,0.005737811339853387
2021-06-23,0.004742268320259364,0.01119546341104896,0.002498713768271497,0.005737811339853387,-0.3197770562968176,0.008696749642777382,-0.7513311673750643,0.01555013557373134
2021-06-24,0.005952345589971947,0.019948883872166534,-0.0004976476215642153,0.01555013557373134,0.1482993508577534,0.020446531493730553,-0.5046494072324313,0.01916364512467934
2021-06-25,0.010718704679113743,0.024196679050525687,0.00024484685540125884,0.01916364512467934,0.3583784687318558,0.023951832195124506,0.006359168953154986,-0.0014425960273772044
2021-06-28,-0.0038517103765298975,-0.0009614688352040956,-0.01257271092579872,-0.0014425960273772044,-0.4351237201399756,0.011611242090594581,-0.22086285915552892,-0.01625267982472184
2021-06-29,0.0016828875896257962,0.009340251825489016,-0.0196823595877303,-0.01625267982472184,0.11263110211372185,0.029022611413219393,-0.04225292696606462,0.008280616166244214
2021-06-30,-0.0031843522746209094,0.011428725507342778,-0.0041661172296387165,0.008280616166244214,-0.27837615425364287,0.015594842736981602,-0.29239287086991744,0.007490704871498556
2021-07-01,0.00797206365847775,0.01133501148454137,-0.00048521248154376846,0.007490704871498556,-0.03897711975444541,0.011820223966085128,-0.31651438809282084,-0.009432876283647758
2021-07-02,-0.004100885832897025,-0.001686536793521256,-0.010648756111442196,-0.009432876283647758,0.0328196131045866,0.00896221931792087,-0.2351607144612772,-0.026596047171988203
2021-07-06,-0.008296781135415543,-0.006582992180462872,-0.03159982960065987,-0.026596047171988203,0.4957516403406613,0.025016837420197013,0.4021531478323481,-0.008018075931645868
2021-07-07,-0.01255666934695558,-0.001748462918050494,-0.01787782934103474,-0.008018075931645868,-0.08962654285575501,0.01612936642298423,0.23305227374196455,-0.024705222763481804
2021-07-08,-0.02883959175702199,-0.012913163628796335,-0.032471227198980566,-0.024705222763481804,0.19362186111299975,0.019558063570184248,0.3981765736206266,0.031974358975478664
2021-07-09,0.022186368227702164,0.036956949166025384,0.015861236694919234,0.031974358975478664,-0.18475779454259011,0.02109571247110604,0.08826529273831106,0.014627758976128976
2021-07-12,-0.006263329864520145,0.019048205756221594,-0.010040283247916023,0.014627758976128976,-0.02919350048222827,0.02908848900413775,-0.016829976583283852,-0.019133406191435814
2021-07-13,-0.0036987226176479005,-0.0036987226176479005,-0.026182749851928738,-0.019133406191435814,0.24279643302234277,0.022484027234280977,0.16491867317104675,-0.0254078704413149
2021-07-14,-0.01899512572358529,-0.007807655173872781,-0.0533287885089244,-0.0254078704413149,0.6649221964467308,0.045521133335051665,0.8009232559013856,-0.0007722687564705839
2021-07-15,-0.012168466541722054,0.01202217334418438,-0.013993514516933647,-0.0007722687564705839,-0.658333486735245,0.02601568786111798,-0.09017611210013199,-0.023714561799732636
2021-07-16,0.00999366099346043,0.01177686597291318,-0.03245512926389062,-0.023714561799732636,0.10032806507162961,0.04423199523680375,0.003809813715104147,-0.02645439197141293
2021-07-19,-0.03134040344066701,-0.017826684273944203,-0.03789247940476473,-0.02645439197141293,0.31972373358118794,0.02006579513082059,0.2699406488180124,0.020370533714461278
2021-07-20,-0.0018972683277801692,0.03171481363808926,-0.00870279332423795,0.020370533714461278,-0.3365135580517378,0.04041760696232707,-0.1868823382161536,0.020223945513409215
2021-07-21,0.009506293414162465,0.0282519926474388,0.007664922488822906,0.020223945513409215,-0.17518330030870416,0.020587070158615866,-0.3762631511852148,-0.013085766732455909
2021-07-22,-0.0026034504295868958,-0.001561217025860064,-0.020489258548663018,-0.013085766732455909,0.054742138567926396,0.01892804152280303,-0.1550644941204554,-0.006872834932428743
2021-07-23,0.006302585961251982,0.008133361775519751,-0.010593258720859283,-0.006872834932428743,-0.0800664201006041,0.018726620496379028,-0.22867159175760876,0.011341287190849899
2021-07-26,-0.001061595513802359,0.014222017385074176,-0.001061595513802359,0.011341287190849899,-0.41107893232813825,0.015283612898876522,-0.6003648959966139,-0.003941708550551749
2021-07-27,-0.01081091175445437,0.002880730194224332,-0.01772772930612536,-0.003941708550551749,0.19290355735233833,0.02060845950034963,-0.2169674792138218,0.0039417085505516515
2021-07-28,0.005513971946600156,0.013598547962354745,-0.006074217636350086,0.0039417085505516515,0.10220099015045311,0.019672765598704928,-0.02734549391037627,0.0143212765929146
2021-07-29,0.010954678336496108,0.0220472804539269,0.006274474539676319,0.0143212765929146,-0.006761617143555706,0.015772805914250385,-0.0041272454078250765,-0.008307412548466593
2021-07-30,-0.004404774233252793,0.003870512424395381,-0.016421614218126587,-0.008307412548466593,0.07108938405936592,0.02029212664252193,0.11277666403977744,-0.010482316302869029
2021-08-02,0.001042233403726852,0.015263525978036116,-0.011800340423143608,-0.010482316302869029,0.0767023661334525,0.027063866401179724,0.20141624217191448,0.015423130594917147
2021-08-03,0.0026309483267537436,0.0174962547045648,-0.010859591731332323,0.015423130594917147,-0.22903835177695156,0.028355846435896993,-0.11055423464853861,-0.007289768819397418
2021-08-04,-0.01358079037668919,0.005690683271568008,-0.018060918315977587,-0.007289768819397418,0.06368351895270725,0.0237516015875456,-0.049391051650340696,0.01940803552744488
2021-08-05,0.007808452908844551,0.020432649207998158,0.007289768819397476,0.01940803552744488,-0.196236862193057,0.01314288038860075,-0.2409296241365305,0.028548131470747005
2021-08-06,0.011466573675641965,0.03500292838790999,0.011466573675641965,0.028548131470747005,0.512518359380741,0.02353635471226804,0.3097763054666364,0.012868196499661661
2021-08-09,-0.002493823932532062,0.01997347998228433,-0.008755585276167007,0.012868196499661661,-0.029420882025955854,0.028729065258451463,0.22633998711510855,0.018514588558480774
2021-08-10,0.0009830651289957696,0.023090120405091723,-0.002215295377123078,0.018514588558480774,-0.22502630966861686,0.025305415782214784,-0.026977421055142312,0.012473187644722654
2021-08-11,0.004094867132066874,0.018177930130723767,0.001206108870189767,0.012473187644722654,0.2619317412092028,0.01697182126053399,0.2122499768600273,0.004756269548933041
2021-08-12,0.006652407005986579,0.008072222033096127,-0.0043000616318578,0.004756269548933041,-0.4466385907114115,0.012372283664953897,-0.3005470562492119,-0.012413633784796265
2021-08-13,-0.0014245342412682628,0.0018961374570536328,-0.01722945719365576,-0.012413633784796265,0.10027569828535295,0.01912559465070937,-0.2106919100085237,-0.008200724793128082
2021-08-16,-0.011354179605567729,-0.0079586053703512,-0.02480673013643366,-0.008200724793128082,-0.06872011636227067,0.016848124766082488,-0.2118307314143194,-0.004855575462277041
2021-08-17,-0.00582954475827659,0.00675838385219579,-0.016359832214165076,-0.004855575462277041,0.12015017763764624,0.023118216066361007,-0.014393161635824698,-0.007327810834458897
2021-08-18,-0.007818258549706974,0.010651241640554256,-0.010519982161398498,-0.007327810834458897,0.14547051299599167,0.021171223801952768,0.13771376570968766,-0.014818801483222796
2021-08-19,-0.016562039303641148,-0.0029463008774761696,-0.019307594856403095,-0.014818801483222796,0.030158879329690608,0.0163612939789268,0.20557697229038788,0.004468734115565085
2021-08-20,-0.0024912438305919066,0.006942814759793827,-0.006991259053798156,0.004468734115565085,-0.2498075269143064,0.01393407381359192,-0.11055580534957274,0.01328761980475781
2021-08-23,0.0064198278817607,0.01792117596947455,0.00568112061775581,0.01328761980475781,-0.13349251107010385,0.012240055351718794,-0.2399196851600406,0.013836844114094249
2021-08-24,0.004633556164716711,0.01864687655552336,0.0031726949592212027,0.013836844114094249,0.006055515954307229,0.015474181596302195,-0.219368739282239,0.01602334832346592
2021-08-25,0.004330059844572388,0.023115558404458943,0.001445468162064582,0.01602334832346592,0.3643641203371037,0.021670090242394295,0.18153022454523987,-0.002613152862744411
2021-08-26,0.00826935528134702,0.01623752849233282,-0.003089014338222307,-0.002613152862744411,-0.218066156429955,0.019326542830555057,-0.040635479780159404,0.010647225843070858
2021-08-27,0.0019010941206335054,0.01440574192816999,-0.002381575056689107,0.010647225843070858,0.12071484370226847,0.016787316984858955,0.13125619281495837,-0.019727361459219984
2021-08-30,0.0032894622032510045,0.0032894622032510045,-0.020447706765122736,-0.019727361459219984,-0.03532837432246525,0.023737168968373745,0.06665158477169185,0.002158019126734034
2021-08-31,0.0002399693224335197,0.009793458178298839,-0.007227187212907612,0.002158019126734034,0.1975849417269797,0.017020645391206436,0.21999461703122875,-0.013503976189274349
2021-09-01,0.0,0.000718275614151359,-0.01739597459424761,-0.013503976189274349,-0.042854155458440214,0.01811425020839899,0.09373767715017912,-0.004135711303831732
2021-09-02,-0.001944059351012601,0.007256999691916691,-0.013442686855856936,-0.004135711303831732,-0.16181626300291607,0.02069968654777376,-0.07285775346581105,0.0007310535090647014
2021-09-03,0.0,0.004135711303831752,-0.008323185121536401,0.0007310535090647014,-0.06317001836629679,0.01245889642536808,-0.14993498861169793,0.006555819552947204
2021-09-07,0.004860295467866887,0.01930094316199357,0.003161891697596839,0.006555819552947204,0.045266666035322735,0.016139051464396644,-0.08531136414638946,-0.01315490165332918
2021-09-08,-0.005825207232514864,0.0041058379337366455,-0.015610058183548261,-0.01315490165332918,-0.1931533831026768,0.019715896117284828,-0.2738070181832006,0.003671562747911965
2021-09-09,-0.0029469307650169946,0.013880649355712793,-0.005409342071254207,0.003671562747911965,0.005585463596587417,0.019289991426967034,-0.186576310594395,-0.0162565117296283
2021-09-10,0.0070603071163000755,0.010209086607800717,-0.01700173045746876,-0.0162565117296283,0.11077317843481199,0.027210817065269663,0.0007051779014516941,0.016500760458426272
2021-09-13,0.008161242793736931,0.016989172148785498,0.0019845706691500875,0.016500760458426272,0.03686865949748577,0.015004601479635258,0.05765348674104045,-0.027236110142736334
2021-09-14,0.004630261522430892,0.008997087963070562,-0.031764427444901454,-0.027236110142736334,0.24711904673466567,0.04076151540797208,0.30364467848925775,0.00750189161620766
2021-09-15,-0.0027648782417717356,0.012472099762196613,-0.004276248177340857,0.00750189161620766,-0.027544014389021706,0.01674834793953744,0.2266381200229174,0.007693334203174821
2021-09-16,0.008434685508196595,0.016553854905937086,0.0014936864409462317,0.007693334203174821,-0.19872404806417465,0.015060168464990926,-0.047260196835225456,0.0012353117466962005
2021-09-17,-0.002723126057185884,0.005424012531090409,-0.009189159904191788,0.0012353117466962005,0.7704800588736362,0.014613172435282108,0.6940679674964976,-0.03492376973904781
2021-09-20,-0.028043873778222494,-0.02601449671942695,-0.05428670818611009,-0.03492376973904781,-0.31675671586569015,0.028272211466683,0.17398394125268338,0.0005112591454565832
2021-09-21,0.004082675873301494,0.012450875354692584,-0.004356239696239725,0.0005112591454565832,-0.5684128158418601,0.01680711505093236,-0.48054335307806967,0.02548386464372023
2021-09-22,0.015720377581438696,0.0349062271588081,0.015720377581438696,0.02548386464372023,0.18961287790674153,0.0191858495773694,-0.23936954130419347,0.03788793078954474
2021-09-23,0.015327839012636952,0.04243508334389755,0.012625545368192985,0.03788793078954474,0.07330135918147533,0.029809537975704542,-0.14510289072025562,0.010736134939975446
2021-09-24,0.0007194004398270105,0.015471010358422738,-0.0009598537035680754,0.010736134939975446,-0.24296360550963253,0.01643086406199085,-0.4116180780042446,0.026230987833259545
2021-09-27,0.012733039691732942,0.030153059681430852,0.011795371651385443,0.026230987833259545,0.24247332668387517,0.01835768803004526,0.03208866408757886,-0.002314244870868839
2021-09-28,0.0039220718481710725,0.017869950917617936,-0.004633857896686387,-0.002314244870868839,0.2001615302025382,0.022503808814304208,0.3090535196811556,-0.0020874448740905954
2021-09-29,0.00046329529965414976,0.0037002782335708822,-0.009778847691964914,-0.0020874448740905954,-0.31719467726485545,0.013479125925535854,-0.10426226751550619,-0.014499761250425633
2021-09-30,0.006479976047055336,0.006479976047055336,-0.019695833874364892,-0.014499761250425633,0.06876419748334196,0.026175809921420264,-0.02731715575002385,0.014731964061760503
2021-10-01,0.0007064354276853527,0.02282352284355621,-0.0014144597639511895,0.014731964061760503,-0.14559266779860178,0.024237982607507497,-0.16313803022687845,0.0060171048371527825
2021-10-04,0.0006961081252697543,0.02272037713732144,-0.00023220281133490807,0.0060171048371527825,0.16362330126607316,0.02295257994865654,-0.007543760340956198,0.020101203405596207
2021-10-05,0.009872662032262282,0.03201544509193397,0.007585325939188921,0.020101203405596207,0.11341176517465737,0.024430119152745153,0.11198053111944078,0.00045219211957907925
2021-10-06,-0.008402519014029886,0.0015817355717776813,-0.015267517254716464,0.00045219211957907925,-0.13947060704720127,0.016849252826494125,0.0006648790754220757,-0.0027162249781250676
2021-10-07,0.012355525505543618,0.014140001029122835,-0.004758203110793328,-0.0027162249781250676,-0.01657012631417548,0.018898204139916244,-0.02762975243619983,0.004974037453499428
2021-10-08,-0.0011338982468815496,0.015518189269046965,-0.004543414665386742,0.004974037453499428,-0.16075497155527044,0.020061603934433847,-0.18352800630652244,-0.012710143417429574
2021-10-11,0.005846617184005993,0.010544151815547633,-0.013395594825856571,-0.012710143417429574,-0.08213365209518295,0.023939746641404126,-0.2588866316757996,-0.005496987378379137
2021-10-12,-0.002515738643931124,0.0050125697062106634,-0.01171749939601816,-0.005496987378379137,0.016802387045341524,0.016730069102228816,-0.18972128260944798,-0.009229450020819775
2021-10-13,0.00022960894613875771,0.00229407014514073,-0.02818397904417362,-0.009229450020819775,0.17393105630056946,0.030478049189314505,0.06432986415541024,0.04376620311855421
2021-10-14,0.02811291450505124,0.04443158586254518,0.007850424912013812,0.04376620311855421,0.6270709316131873,0.03658116095053145,0.7066908748182961,0.028435845437345567
2021-10-15,0.015412034735535984,0.034884690796234026,0.006413842943813093,0.028435845437345567,-0.24615386393432456,0.028470847852421027,0.2973269353424888,-0.001942799419747639
2021-10-18,-0.0017267005474918293,0.011151744716075598,-0.007359344059330355,-0.001942799419747639,-0.26018271644470187,0.018511088775405863,-0.06199593134862344,0.004312226746036016
2021-10-19,0.004742436644306923,0.007534257777406944,-0.0017300613474696559,0.004312226746036016,-0.42111398833827995,0.00926431912487652,-0.532193518114756,0.013038564800769334
2021-10-20,0.00021516911127737173,0.016218924164747645,-0.009294356561355998,0.013038564800769334,0.2173851264131589,0.025513280726103763,-0.2988487370459358,-0.005536605200323451
2021-10-21,0.00021230112998248788,0.008247892604468721,-0.010245544016296711,-0.005536605200323451,-0.0922843990793606,0.018493436620765327,-0.3782138043895205,0.015678241733405193
2021-10-22,0.0034107865388975016,0.01672875633325957,0.0034107865388975016,0.015678241733405193,-0.01705157483817266,0.013317969794361985,-0.2105765098089237,-0.0012621241587670738
2021-10-25,0.004823319507442717,0.008581943841939095,-0.007808395273409874,-0.0012621241587670738,-0.13409626722318443,0.016390339115348946,-0.21067363045424858,0.00942713119979532
2021-10-26,0.003152288598879809,0.019179282846392896,-0.0014744541286100315,0.00942713119979532,0.11877477318700995,0.020653736975002838,0.00389716440987338,-0.019368988016806688
2021-10-27,-0.010058750969641352,0.0043690715598638736,-0.01958164106880213,-0.019368988016806688,0.2496386403995358,0.023950712628666018,0.2359112124664838,0.015608793296138828
2021-10-28,0.011624335286208272,0.020202687854778384,0.005511956314976495,0.015608793296138828,-0.20751640507762753,0.014690731539801969,-0.0009203065221705162,0.0
2021-10-29,-0.0006280494225120022,0.0072985891580630265,-0.005456431661788012,0.0,-0.15847881063685493,0.012755020819850967,-0.1613358151213437,0.0014639696609148824
2021-11-01,0.00667502903940945,0.008129266280531832,-0.010519769070002712,0.0014639696609148824,0.15113119144046808,0.018649035350534547,0.014041243576526623,0.0006268169877769715
2021-11-02,-0.005868781981275312,0.011841827683663543,-0.01050429860361092,0.0006268169877769715,-0.01785883690425989,0.022346126287274413,-0.03227955089959537,0.010181861754764434
2021-11-03,-0.00167227946160958,0.01677573899187994,-0.00565506697169735,0.010181861754764434,0.15939002142023503,0.02243080596357749,0.12386759137639555,-0.021735382147573413
2021-11-04,-0.004558594818461366,-0.004558594818461366,-0.03128859669992275,-0.021735382147573413,0.11305461973562474,0.026730001881461397,0.2542967066401639,-0.007635256577235261
2021-11-05,0.005688346575959956,0.010299573043283923,-0.010833927060434163,-0.007635256577235261,-0.21910732245786144,0.021133500103718148,-0.01976666042443138,0.007846481281172726
2021-11-08,0.008057661378656301,0.017516497508434706,0.005943527911852828,0.007846481281172726,-0.12377837784465143,0.011572969596582012,-0.1763801293594945,-0.009764439256286775
2021-11-09,-0.014682647306632482,0.0004223961541692549,-0.01984065734381082,-0.009764439256286775,0.08730040383972261,0.02026305349798001,-0.07348106766107035,0.0074381061630182585
2021-11-10,-0.0027769123180889305,0.013559516634678477,-0.0049182080503457435,0.0074381061630182585,0.06518058617074289,0.018477724685024118,-0.011402387985403972,0.005489923688810557
2021-11-11,0.001692444454752877,0.013877427393850329,-0.004668964884227464,0.005489923688810557,-0.23314885300713847,0.018546392278077688,-0.22852175646057185,-0.012288328817026623
2021-11-12,0.0004209819655100705,0.0008418670385117924,-0.015491097196101637,-0.012288328817026623,0.35002194892093175,0.01633296423461328,0.2091606506976318,0.002979980728297754
2021-11-15,0.007433367155583703,0.010180354012577383,-0.00021316110062243344,0.002979980728297754,-0.22538523886063566,0.010393515113199912,-0.049077571544682896,0.000637471468600993
2021-11-16,0.0027592306319735214,0.004876497463363932,-0.007680870245997782,0.000637471468600993,-0.006094576767876134,0.012557367709361677,-0.06332999549930853,-0.012181014136779952
2021-11-17,0.0,0.0025455874709953276,-0.013471839599677078,-0.012181014136779952,-0.06338659152831043,0.016017427070672226,-0.11715932704220632,-0.004093480471389553
2021-11-18,0.0042909477660678175,0.006429577501829492,-0.006471102077851729,-0.004093480471389553,-0.07313324875837564,0.012900679579681112,-0.15502201822004363,-0.02006168801934692
2021-11-19,-0.013475512081639728,-0.011944962009374397,-0.03269622766456363,-0.02006168801934692,0.45783542491854373,0.02075126565518934,0.30592529720418554,0.01919773729203431
2021-11-22,0.028660225991065477,0.03186565048875607,0.011170816280530668,0.01919773729203431,0.10324986414955527,0.020694834208225495,0.38610975142780135,0.026019835091591875
2021-11-23,0.012667913196721777,0.029172786173849396,0.008391644778636215,0.026019835091591875,-0.08415986643493895,0.020781141395213205,0.2060781836421717,0.002733126197435388
2021-11-24,-0.0016856690168899654,0.010054536830234533,-0.006123995875057456,0.002733126197435388,-0.2088207996595595,0.016178532705291924,-0.07125053074079601,-0.04005252684627046
2021-11-26,-0.04531103736363574,-0.03395223349887261,-0.062371392517166516,-0.04005252684627046,0.3189546722085383,0.0284191590182939,0.21524479418964407,-0.003721912819450751
2021-11-29,0.01432005100914667,0.0203338706201244,-0.012977201262212981,-0.003721912819450751,-0.09269864566065404,0.033311071882337284,0.018063020748580086,-0.02487356559966847
2021-11-30,-0.01837355162784409,-0.008148903727724506,-0.027350221331091187,-0.02487356559966847,0.42968219525424617,0.019201317603366626,0.4404677679487674,-0.014268185852317919
2021-12-01,0.016724661871943946,0.027283482622035116,-0.01495269880031525,-0.014268185852317919,-0.24199525667281335,0.04223618142235053,0.1081126683046403,0.023668393076913194
2021-12-02,0.01111504394172899,0.03716567983658141,0.0036429877979378892,0.023668393076913194,-0.04696234599686045,0.033522692038643644,0.020656211929867732,-0.022984348366395527
2021-12-03,0.0024474505730832743,0.004001790734169229,-0.029157923839471175,-0.022984348366395527,0.2548526008923765,0.03315971457364044,0.21467940711212358,0.006362270780371116
2021-12-06,0.015605935607105749,0.022761594182958797,0.002049417878206734,0.006362270780371116,-0.4369956929803658,0.020712176304752007,-0.28508185002509384,0.01260420815766185
2021-12-07,0.00924366482673468,0.017067522090797326,0.0063219622052924996,0.01260420815766185,-0.16798580995561,0.010745559885504822,-0.4466876036526946,-0.012377771255375791
2021-12-08,-0.0006711887376193717,0.0020109526221668067,-0.013964166938200106,-0.012377771255375791,0.21593663603877278,0.015975119560367037,-0.10916842360101348,0.007445084031284432
2021-12-09,-0.005677317414886641,0.012825008697328883,-0.011616081270753333,0.007445084031284432,-0.3037257357331294,0.024441089968082204,-0.37663235511310894,0.0006740541447641717
2021-12-10,0.00493268722409137,0.007613116466969974,-0.00948521061568357,0.0006740541447641717,0.010224451847508302,0.01709832708265346,-0.28800642130706466,-0.021340165157133426
2021-12-13,-0.0056312796052291735,-0.002699032884726351,-0.025709550945928934,-0.021340165157133426,0.024982276025868385,0.023010518061202405,-0.10427589734127528,0.012541475952876972
2021-12-14,0.0002293982184129419,0.02805609003144769,-0.0011480440110084352,0.012541475952876972,0.19761258658217937,0.02920413404245625,0.13882527794953853,-0.004314811782605208
2021-12-15,0.005423693832612391,0.007225131638615237,-0.011624111198631118,-0.004314811782605208,0.24303551425340966,0.01884924283724637,0.3513104300360598,0.023837454067634555
2021-12-16,0.01714848298483442,0.03180563717253355,0.0034079671279885625,0.023837454067634555,0.14584678660586983,0.028397670044544975,0.45319952731677704,-0.025203830021557808
2021-12-17,-0.011173300598125189,-0.006688971082800006,-0.0311467534836604,-0.025203830021557808,0.5810919331569401,0.024457782400860377,0.8982916155005101,-0.01654452289422865
2021-12-20,-0.013999094932729557,-0.011921288540997632,-0.027259721646748784,-0.01654452289422865,-0.7887870928331542,0.015338433105751219,-0.1847064446775926,0.023584351211151093
2021-12-21,0.008765939979138096,0.03012550279634417,0.008765939979138096,0.023584351211151093,-0.16546824362285006,0.021359562817206124,-0.40127427540818733,0.0020345922069302243
2021-12-22,-0.0024922816816731206,0.00878688096549395,-0.007039828316922488,0.0020345922069302243,-0.29238879162507064,0.015826709282416303,-0.6957490894874564,0.003156696972263746
2021-12-23,0.008992900758639974,0.01768374965879106,0.002706423532205922,0.003156696972263746,-0.04765755069519969,0.014977326126585158,-0.6730097944911517,0.004940527155427082
2021-12-27,0.002922359546475105,0.008964684318982882,-0.00247936104067958,0.004940527155427082,-0.005131560573491327,0.011444045359662543,-0.5659020903588362,0.00134321428721442
2021-12-28,-0.0038154724276641245,0.009808425389163943,-0.004940527155427049,0.00134321428721442,-0.04179504091861227,0.01474895254459109,-0.24684969083322508,-0.0015672161136676432
2021-12-29,0.003350035795458512,0.009352064829516756,-0.0022396938740335765,-0.0015672161136676432,-0.25040342144995015,0.011591758703550259,-0.37482113501408304,-0.0022432106532914615
