date,open_ret,high_ret,low_ret,close_ret,volume_ret,range_ret,vol_ratio,target_return
2019-01-03,0.003337050376911059,0.0054058917580534875,-0.023954360962578858,-0.01933840002088751,0.017297224983108483,0.029360252720632307,0.017297224983108483,0.020512137252512483
2019-01-04,0.015627451653576502,0.022044964483940093,0.008255426834600572,0.020512137252512483,0.20226895407839163,0.013789537649339665,0.21088016778715662,0.012910367857957638
2019-01-07,0.00216331314528605,0.018860899752516976,-0.008154448869434115,0.012910367857957638,-0.3307945780927887,0.02701534862195098,-0.1952582128257631,-0.004374470180143617
2019-01-08,0.010103776206009645,0.013537023871315553,-0.005269551482678799,-0.004374470180143617,-0.006638824481535768,0.01880657535399444,-0.15653930808066638,0.013331161212837069
2019-01-09,0.008197549265836376,0.019755290031274714,0.006065492903305808,0.013331161212837069,0.2236192174760082,0.013689797127968754,0.09648855452534723,0.0015878647502084833
2019-01-10,-0.006732194006049889,0.0031732121825839683,-0.013868100188872886,0.0015878647502084833,-0.1549471079247677,0.017041312371456768,-0.08032133988727262,-0.008053462186005226
2019-01-11,-0.003974365613925891,-0.003531958607526344,-0.015814107265580895,-0.008053462186005226,-0.30249380236838536,0.012282148658054451,-0.3700446615761076,-0.007312970136834066
2019-01-14,-0.010720172276128525,-0.0017787676344207123,-0.01305804321755496,-0.007312970136834066,0.3096085864792157,0.01127927558313426,0.052100929724338836,0.0035739987899675004
2019-01-15,0.002324561895294154,0.012011341244727837,-0.0018814598688572,0.0035739987899675004,-0.37056025377667473,0.013892801113585075,-0.33243810877505603,-0.006442409602913874
2019-01-16,-0.006173156995710145,0.0017821867670854154,-0.008059518058404738,-0.006442409602913874,0.2857813533368845,0.009841704825490256,0.0037659057641149,0.005014315279500167
2019-01-17,-0.005851932265235679,0.007957477547206633,-0.011102730458773061,0.005014315279500167,-0.23579863555968805,0.019060208005979774,-0.17802440423083585,0.02129717433802607
2019-01-18,0.01796905003819813,0.02374236614295025,0.009776973183264441,0.02129717433802607,0.7475306601768359,0.013965392959685928,0.6331100888236624,-0.017908876302166397
2019-01-22,-0.010989604379493234,-0.00807664648174056,-0.0213865150232507,-0.017908876302166397,-0.25889554856281677,0.013309868541510053,0.1949410307351335,-0.008492403128152914
2019-01-23,0.0003560067380792632,0.0029332214187501727,-0.017238694232578178,-0.008492403128152914,-0.1745144974251129,0.02017191565132824,-0.016482133608329477,0.018853406209316012
2019-01-24,-0.00323712730586742,0.021580699116076053,-0.004318456742289599,0.018853406209316012,0.33123023595884643,0.02589915585836585,0.2564430053563968,-0.0025581181967982442
2019-01-25,0.004833646736810305,0.01112628445805749,-0.004591657272216648,-0.0025581181967982442,-0.3021454661607583,0.015717941730274205,-0.12899325944082363,-0.009317278056998578
2019-01-28,-0.011637829836569132,-0.005757591734479551,-0.01917220895877539,-0.009317278056998578,0.09510981071799095,0.013414617224295893,-0.08369219294517069,-0.0030356839195548975
2019-01-29,0.007637698069617516,0.010464802158673247,-0.0035724029699860937,-0.0030356839195548975,-0.2506321762421617,0.014037205128659478,-0.26534637901900326,0.010496451861428854
2019-01-30,0.006239964500452014,0.01614368631102342,0.0013404364850693787,0.010496451861428854,0.39318203994286693,0.014803249825954014,0.18320185650540913,0.014407693337850316
2019-01-31,0.006966219234001684,0.02101470788853237,0.0032686553965038155,0.014407693337850316,0.3460695261804965,0.017746052492028576,0.47455502016021617,0.031931312556233486
2019-02-01,0.017293988935338372,0.03933810715551931,0.016865238217020594,0.031931312556233486,-0.026292246867826132,0.022472868938498747,0.37232987981598553,0.011507372487465774
2019-02-04,-0.0073770015849510045,0.011590901121859874,-0.01755631580872761,0.011507372487465774,-0.31397674075075027,0.029147216930587454,-0.05855774673381013,-0.002173686212525147
2019-02-05,-0.0010026330793267077,0.001001692465612485,-0.008807635018613454,-0.002173686212525147,-0.148234241379672,0.009809327484225982,-0.23246547488875252,-0.005034463578476077
2019-02-06,-0.004025528332576072,0.0009201739144061859,-0.006633948806088414,-0.005034463578476077,-0.32217758844596717,0.007554122720494443,-0.5891950453308217,-0.005482649597360818
2019-02-07,-0.007345173125858171,-0.0031171946395320204,-0.02013743329861128,-0.005482649597360818,0.3778757502964746,0.017020238659079312,-0.143449226806727,-0.005512939721318658
2019-02-08,-0.00415312281177915,-0.002879927141529748,-0.01973162605168961,-0.005512939721318658,-0.25002634813598534,0.01685169891015994,-0.2949357221704444,-0.00537250161131377
2019-02-11,-0.005543500784821436,-0.0018728295115458314,-0.010172352837085718,-0.00537250161131377,-0.154409339033441,0.00829952332553994,-0.30060138540304804,0.015021322765637007
2019-02-12,0.011730879934968507,0.01628401516265955,0.005627604116931906,0.015021322765637007,0.10557244480021395,0.010656411045727409,-0.09485390590411495,0.007134181677938237
2019-02-13,0.0036993688765149064,0.013968678175875777,-0.00016851379548939215,0.007134181677938237,0.0944900845633278,0.014137191971364985,0.05100694242534619,-0.011862302163286535
2019-02-14,-0.010086636210046704,-0.0003345957018470128,-0.01610283081839607,-0.011862302163286535,-0.0934167259585371,0.015768235116548967,-0.07538419169671846,0.01002067078400503
2019-02-15,0.012280405361378949,0.014284730906318089,0.0036324658803552684,0.01002067078400503,0.13852675590414187,0.010652265025962759,0.12964373385324013,-0.00033521257493372453
2019-02-19,-0.003777523469897697,0.004264060122313304,-0.00748499687968869,-0.00033521257493372453,-0.3726898305583755,0.011749057002002034,-0.26260878874313764,0.008097220546486688
2019-02-20,0.0,0.011748697146452181,-0.0026016343134668274,0.008097220546486688,0.328371279625166,0.014350331459918894,0.08690303751236284,-0.009523080893919218
2019-02-21,-0.0017474444705051144,0.0003325096936790709,-0.015838093703369742,-0.009523080893919218,-0.14487379723847674,0.01617060339704865,-0.07760365356498426,0.002096173167482993
2019-02-22,0.00952308089391926,0.011018472937751078,-0.0024370861100558405,0.002096173167482993,-0.12895546175942035,0.01345555904780689,-0.17745835455087464,0.0019246343322572466
2019-02-25,0.00016753996861038225,0.008590176585685685,-0.00016750412911900608,0.0019246343322572466,0.14002368620642724,0.008757680714804707,-0.003925625669655273,0.0026715635182892323
2019-02-26,0.0015870596971875126,0.011222516485410481,0.0005014421987945355,0.0026715635182892323,0.04680337756868751,0.010721074286615912,0.08249416997204007,0.0011665644782366325
2019-02-27,0.0029138635213894442,0.011192741773446865,-0.0004169874669605916,0.0011665644782366325,-0.029027505179470958,0.011609729240407457,0.007941008310612408,-0.004172583808689097
2019-02-28,-0.0006664597917835862,0.0006660159189368414,-0.013329651773963992,-0.004172583808689097,0.19153266199536018,0.013995667692900724,0.22458844075820436,0.020281287375304102
2019-03-01,0.006750849112008195,0.020363248585191267,0.004921772920864779,0.020281287375304102,0.18955359578016343,0.015441475664326434,0.36581162494825153,0.0007372842170776625
2019-03-04,0.005230901977545347,0.00661575962014972,-0.012202276197978307,0.0007372842170776625,-0.032030344094380256,0.018818035818128097,0.22034395361282308,0.009535120948742861
2019-03-05,-0.0020492649851292046,0.010021640247523922,-0.004349491167703756,0.009535120948742861,-0.020789312990389643,0.014371131415227702,0.1257895984621075,0.0019447203606217593
2019-03-06,-0.0009738112189490903,0.011371516906928236,-0.008062243660090559,0.0019447203606217593,0.034088050648095385,0.01943376056701868,0.10287672798654156,-0.012954891165844036
2019-03-07,-0.0008908736099301768,-0.00024287559885504716,-0.014925056749476452,-0.012954891165844036,-0.05390129718053151,0.014682181150621452,-0.016231716613801152,-0.002627688225770511
2019-03-08,-0.015204424120175121,-8.202842599260177e-05,-0.0227264114717888,-0.002627688225770511,-0.02631138331421183,0.02264438304579627,-0.06402424598012055,0.01631091417379691
2019-03-11,0.01022545595776819,0.020991692652786803,0.009248314399357561,0.01631091417379691,-0.14150423857952515,0.011743378253429235,-0.1858247041884924,0.0022624345014341653
2019-03-12,0.0017780138210503455,0.010781312315743096,-0.0019433649287381879,0.0022624345014341653,0.015595652161503529,0.012724677244481127,-0.13098258826529346,0.006195430719168412
2019-03-13,0.005633793156630056,0.008278781936008561,0.0,0.006195430719168412,-0.2729630599792126,0.008278781936008561,-0.37045674134450524,-0.0005616375625382733
2019-03-14,0.0007216771926499431,0.006316743701560795,-0.0015251442719365674,-0.0005616375625382733,0.0892466786956484,0.007841887973497538,-0.19252567765078749,0.005682053587127705
2019-03-15,-8.027718964711772e-05,0.006559496408357708,-0.00200843612855952,0.005682053587127705,0.7082758287501089,0.008567932536917122,0.5838856547900518,0.0045384026828944185
2019-03-18,-0.0007983273253396729,0.006522451629037206,-0.001117848982871828,0.0045384026828944185,-0.6261486982413295,0.00764030061190904,-0.1537133368705244,-0.00477782787846164
2019-03-19,0.00538743435168356,0.008227901910997957,-0.009097496404644023,-0.00477782787846164,-0.09181167980329148,0.017325398315642077,-0.23000428215896396,-0.004720545910391647
2019-03-20,-0.0019175290635971857,0.008425433985716246,-0.004800765151885385,-0.004720545910391647,0.27476248722824786,0.013226199137601681,0.0792519841302661,0.009339506359933417
2019-03-21,0.0014425415342828119,0.010133712376124038,-0.0014446254668817253,0.009339506359933417,-0.28390793097711053,0.011578337843005684,-0.2672475926404563,-0.022254417577509393
2019-03-22,-0.008057178444150942,-0.007656753599899203,-0.025427856103072015,-0.022254417577509393,0.13611201370201936,0.017771102503172903,-0.12822121361850378,-0.001626124040870072
2019-03-25,-0.001300675208959999,0.002110065234319794,-0.006356979832261277,-0.001626124040870072,-0.41075834885998264,0.00846704506658109,-0.38610496270699063,0.010039740071341927
2019-03-26,0.007135336099721539,0.01630386596594519,0.00397936019047503,0.010039740071341927,0.061226854693411485,0.01232450577547012,-0.26090385102798014,-0.010853794772735442
2019-03-27,-0.001209092051013091,0.0028157059965370147,-0.01714444318883137,-0.010853794772735442,-0.09022972029116082,0.019960149185368453,-0.3119702583311275,0.0018713298640528687
2019-03-28,-0.0015485755723463031,0.003008766162404225,-0.003508062357597653,0.0018713298640528687,0.08479806331187333,0.006516828520001913,-0.10267410989757524,0.0012997862438597807
2019-03-29,0.010190158210129882,0.011717816327577938,-0.004317539932961725,0.0012997862438597807,0.27059380019926205,0.01603535626053972,0.2130789260881281,0.014186938869677475
2019-04-01,0.005585948002834021,0.016824678322138683,0.0021894883342149707,0.014186938869677475,0.03468278042466117,0.014635189987923763,0.2697898372195406,-8.005871954094737e-05
2019-04-02,0.002078792684882502,0.003993934458785426,-0.006665367546795816,-8.005871954094737e-05,-0.23280175950147314,0.010659302005581258,-0.03940406902462077,-0.008359512685424984
2019-04-03,0.0023186171791199912,0.003356229544843316,-0.011188585207982427,-0.008359512685424984,-0.19343588111971086,0.01454481475282562,-0.24523080317233623,0.007318410187427293
2019-04-04,0.0009681545398696098,0.007558756130258747,-0.00274811306587912,0.007318410187427293,0.032831093344988176,0.010306869196137892,-0.20661977589489194,0.01289720217173788
2019-04-05,0.0035992595764596817,0.014635930364662507,0.0031999539024210864,0.01289720217173788,0.4015638042251787,0.011435976462241558,0.21004386506369727,0.00205454151921575
2019-04-08,0.002764711909877778,0.00725096327011109,-0.0015040162016964982,0.00205454151921575,-0.012379513753976279,0.00875497947180738,0.1873701167447939,-0.009039783897368106
2019-04-09,-0.0030833671719843517,-0.0030833671719843517,-0.012390925330884423,-0.009039783897368106,-0.2801539276167177,0.009307558158900095,-0.09176266604472802,-0.0003983830829964785
2019-04-10,0.004767956214721514,0.008171072211134564,-0.0032712652549650558,-0.0003983830829964785,-0.04275061213055236,0.011442337466099746,-0.12480895369913192,0.003976464667878931
2019-04-11,-0.001196041519978009,0.0061172327596735205,-0.005914322467475286,0.003976464667878931,-0.20063431213298857,0.012031555227148615,-0.3419633099033716,-0.05071276381801367
2019-04-12,-0.03563002438591363,-0.03218147703372583,-0.05707902865545296,-0.05071276381801367,2.57591958579962,0.024897551621727087,2.254597979186957,0.0031679663927106504
2019-04-15,0.002168609642612716,0.010466035506538518,-0.003596978222942217,0.0031679663927106504,-1.1611052944016962,0.014063013729480763,0.1157608242753212,0.008536778790299316
2019-04-16,0.002410949464760367,0.00977395596323946,-0.0006661268528671141,0.008536778790299316,-0.11280911441838413,0.010440082816106503,-0.12143358137153173,-0.007455315721099345
2019-04-17,0.008464518632047812,0.011243011636782662,-0.009286155043993872,-0.007455315721099345,-0.0037582360413446953,0.02052916668077655,-0.23465369303636976,-0.003414787288636388
2019-04-18,0.0020764989974735686,0.004562644773844416,-0.009775723861370812,-0.003414787288636388,-0.22020412833292352,0.01433836863521516,-0.5550589532767748,0.01687664888244692
2019-04-22,0.0076462986506803535,0.01777862597365036,0.004910303602333085,0.01687664888244692,-0.18348076819892797,0.012868322371317301,-0.8115514243715043,0.0009838892076767635
2019-04-23,-0.0013955440063056082,0.0031124380350916444,-0.004522129406277622,0.0009838892076767635,0.13329225603233802,0.007634567441369446,-0.1864909009787839,-0.031130253548543086
2019-04-24,-0.00550601861395442,-0.004846970633456632,-0.03273792361034978,-0.031130253548543086,0.8902700283154978,0.0278909529768931,0.7854469290463377,-0.0032178641783536647
2019-04-25,-0.0019463952809020285,0.00354459124196,-0.007467764272562898,-0.0032178641783536647,-0.7319740305233298,0.011012355514522834,-0.13032734445242525,-0.006808562912361447
2019-04-26,0.004231914851925845,0.005076140089715591,-0.019268418614084397,-0.006808562912361447,0.08902209654407618,0.02434455870379987,-0.020260056426036063,0.0052806761617106976
2019-04-29,-0.0007688380854225853,0.008588141218300616,-0.003421744431051235,0.0052806761617106976,-0.21216904666321337,0.012009885649351872,-0.26689379367387833,0.019682663753992795
2019-04-30,0.02830770422407089,0.03505614318502364,0.016261893372416146,0.019682663753992795,0.8237266716917478,0.018794249812607255,0.5333690027699544,-0.01891846095403585
2019-05-01,-0.002167886333692421,0.0006661268528670056,-0.0193429243677022,-0.01891846095403585,-0.752623452347387,0.020009051220569226,-0.3986558032117573,-0.012212460906373474
2019-05-02,-0.004508908804886014,0.0056710617581021035,-0.013072071342064251,-0.012212460906373474,-0.0614098166011731,0.018743133100166176,-0.2859682326209336,0.007618264218889016
2019-05-03,0.011193394005549057,0.018474162625379955,0.006252993637423082,0.007618264218889016,-0.25410306133111427,0.012221168987956716,-0.5218544811049084,0.009589795490104185
2019-05-06,0.0019593937369218706,0.021678549363294355,0.0017040523801186312,0.009589795490104185,0.404346567618803,0.01997449698317582,-0.04635770893501855,-0.0010986174580150066
2019-05-07,-0.009333953661275984,-0.0010986174580150066,-0.01617746233164077,-0.0010986174580150066,-0.18565833650564934,0.0150788448736257,-0.25984656953314456,-0.006531784295167299
2019-05-08,0.0008452172897836678,0.0017740804134976106,-0.007383197488120002,-0.006531784295167299,-0.3861978969310419,0.009157277901617565,-0.41484358562956913,0.030921248541460087
2019-05-09,0.030343478781460844,0.04020222554169646,0.01988606653802942,0.030921248541460087,0.9739203070641924,0.02031615900366699,0.6446592943473546,0.0065794745234510855
2019-05-10,-0.00016507899369493822,0.008872104575336666,-0.0112854951508124,0.0065794745234510855,-0.6297603380319711,0.02015759972614909,-0.13500051628147952,-0.012787332764865862
2019-05-13,-0.0006559590326201051,0.002210885424303159,-0.01636396620533762,-0.012787332764865862,-0.13199961443118635,0.018574851629640662,-0.2949028622448208,0.009914133907217008
2019-05-14,0.0019078080271834235,0.014916404470722526,0.0005810308816242275,0.009914133907217008,-0.11588740193671883,0.014335373589098364,-0.3441515658979882,0.0041020650063654795
2019-05-15,-0.003623809335781929,0.006963518768078087,-0.006350247196671859,0.0041020650063654795,0.012533217269982558,0.013313765964749853,-0.2827650360145959,-0.011031612034231475
2019-05-16,-0.009460042900711707,-0.004842196928693341,-0.013269248325384207,-0.011031612034231475,0.20712537381623003,0.00842705139669091,-0.09106073284828131,-0.0023206243552568668
2019-05-17,-0.006144713274797662,0.002562917808995559,-0.007645091226242509,-0.0023206243552568668,-0.2178522480017896,0.010208009035237964,-0.12261206211925856,0.002651639804677755
2019-05-20,0.001575280720163127,0.0057088845208348605,0.00016596924176110739,0.002651639804677755,-0.40784754478361845,0.005542915279073668,-0.4798381453700551,0.0041291661205587644
2019-05-21,0.0015711124515266192,0.009061814288012142,0.000496444028716167,0.0041291661205587644,0.06146741626373305,0.00856537025929591,-0.32973506598878777,-0.006365997735478753
2019-05-22,-0.003632722091842559,0.00082384141753641,-0.008275452972740153,-0.006365997735478753,0.17059525381950744,0.009099294390276496,-0.09815015780252362,-0.02264814905784233
2019-05-23,-0.014704936676742674,-0.014200012499815003,-0.031253852248890046,-0.02264814905784233,0.6464032271308955,0.017053839749074973,0.5861356949094609,0.007101190812872414
2019-05-24,0.0036414512408416456,0.008952741764897356,-0.004165833809143413,0.007101190812872414,-0.8105575651633672,0.013118575574040807,-0.3016361531858183,-0.003375258723240634
2019-05-28,0.0014310215124884922,0.005125420735782134,-0.0045592861973058,-0.003375258723240634,0.510060630161584,0.009684706933087914,0.27018051725794917,-0.013102118290530837
2019-05-29,-0.010792513095685694,-0.008062138594495996,-0.021271018467170784,-0.013102118290530837,-0.08902800563648701,0.013208879872674764,0.07227476460169242,-0.011975154315289532
2019-05-30,-0.001971589768534765,-0.00025693786276921897,-0.0165792434901038,-0.011975154315289532,-0.249169454069579,0.01632230562733441,-0.24901376441779463,-0.013349225916868847
2019-05-31,-0.010104581100065513,-0.0015612832532424577,-0.014491707506993788,-0.013349225916868847,0.1722733659324635,0.012930424253751458,-0.07793697523851725,0.018622182969206036
2019-06-03,0.007438218421681354,0.019570096453836238,0.005431011487130625,0.018622182969206036,-0.12307251555471714,0.014139084966705547,-0.0845384271094396,0.011230819599703097
2019-06-04,0.0052452987535348715,0.014465116810033212,0.002583117101329884,0.011230819599703097,-0.1529384591857351,0.011881999708703092,-0.27327963272641176,0.0029793464668979295
2019-06-05,0.004847563864148323,0.0062040374225454,-0.008819737867484427,0.0029793464668979295,-0.025123888248823344,0.015023775290029868,-0.2100460283011778,0.025428288676644026
2019-06-06,0.004748567874344731,0.029397888241417505,0.0039022706483914883,0.025428288676644026,0.36707371194362104,0.025495617593025956,0.23442113535482598,0.006607250991517508
2019-06-07,0.0004970388558028964,0.011861773537860304,-0.0012437423472047876,0.006607250991517508,-0.3216252657526239,0.013105515885065014,-0.13940953638679532,0.006645612876625675
2019-06-10,0.0059093539528471024,0.01048157934203791,0.0018914905530829193,0.006645612876625675,0.06620283508589754,0.008590088788954935,-0.02118995805379827,-0.009200777555826335
2019-06-11,0.0087927116585333,0.009845875380226783,-0.009365820830314592,-0.009200777555826335,-0.014770118253259724,0.01921169621054126,-0.022423630824258838,-0.00812065885439164
2019-06-12,-0.006541119828287608,-0.004881054885326545,-0.01337618613616696,-0.00812065885439164,-0.34091936490284297,0.008495131250840383,-0.3767936898305375,0.005972653196462728
2019-06-13,0.008698190292166149,0.014045149382761383,0.002243895737727553,0.005972653196462728,-0.0017014040684496601,0.01180125364503368,-0.33983293606625614,-0.0008274541512211619
2019-06-14,0.0007440481226911991,0.002065518910385532,-0.004476142264577961,-0.0008274541512211619,-0.17065521838366216,0.0065416611749635045,-0.3822034936455669,0.00478945455886186
2019-06-17,-0.0007452187513803558,0.008489635207368649,-0.0035656600191374573,0.00478945455886186,0.22565909680514556,0.012055295226506106,-0.07304523121560369,0.012606592280075931
2019-06-18,0.004602601755574267,0.020224152857518937,0.0038643519472870724,0.012606592280075931,0.14640414426301193,0.016359800910231842,0.14125518454469796,-0.00032544883191003776
2019-06-19,-0.0034224134184945403,0.004464136658242989,-0.0057923807072443574,-0.00032544883191003776,-0.23870636170987075,0.010256517365487381,-0.061890167977060796,0.011247433372789372
2019-06-20,0.011488784834106805,0.01462118688333696,0.005760891348435508,0.011247433372789372,0.7031693129536862,0.008860295534901584,0.6487839258479342,0.0052165081838663275
2019-06-21,0.004175405685868812,0.01533085122255077,-0.0004023614551366926,0.0052165081838663275,0.6089240945622149,0.01573321267768754,1.0870956328988126,-0.0001600755907106845
2019-06-24,-0.0031266260909346938,0.003595521053248161,-0.00409065851636143,-0.0001600755907106845,-0.9469493204842653,0.007686179569609641,-0.2337349741099519,-0.010219394968407776
2019-06-25,-0.0005606192276462364,0.001599847912026678,-0.011433343464884043,-0.010219394968407776,-0.1620754051056822,0.013033191376910622,-0.432916720910017,0.0023427802118743805
2019-06-26,0.007493692120774047,0.009979141886012293,0.001939220606296825,0.0023427802118743805,0.0699499872628643,0.008039921279715406,-0.35824923625748206,-0.006638622921970351
2019-06-27,-8.071120675776662e-05,0.0021762523887912874,-0.008427251209411695,-0.006638622921970351,-0.3529119247988255,0.010603503598202915,-0.7440119967573161,0.01074542203128203
2019-06-28,0.002433905522126502,0.011066817780437676,8.124222149717957e-05,0.01074542203128203,0.6853600908911822,0.010985575558940423,0.06117259906416769,0.0032091964195754942
2019-07-01,0.00736591126797609,0.011187538000128009,-0.0006431015500854827,0.0032091964195754942,-0.24315937330530954,0.011830639550213627,0.0644089813185504,-0.015417797906388808
2019-07-02,-0.002325621857695494,-0.0009616535310850446,-0.019820225660847953,-0.015417797906388808,0.03917269509848356,0.01885857212976288,0.10418778734616488,0.0034107404432798345
2019-07-03,0.0,0.0035729021845720133,-0.0048927641347842905,0.0034107404432798345,-0.7460378117766437,0.008465666319356309,-0.6810187511447823,0.001539167073483624
2019-07-05,-0.0017039160785482586,0.0031567422339328715,-0.00577260101826152,0.001539167073483624,0.2381886564362302,0.008929343252194372,-0.3523741710871177,0.0004855349997620392
2019-07-08,0.0009708960662333668,0.004442081596277715,-0.0009718396215729311,0.0004855349997620392,0.013296960752052911,0.005413921217850776,-0.33529778089531653,-0.002024702073245566
2019-07-09,0.002424268272211688,0.004359423390575964,-0.0042972359737391665,-0.002024702073245566,0.1208847162141402,0.008656659364315023,-0.05826032221793126,0.01680174545979251
2019-07-10,0.006142443454211118,0.018235668285398268,0.006142443454211118,0.01680174545979251,0.1816429634370958,0.012093224831187136,0.20129068312443382,-7.973959521861629e-05
2019-07-11,0.0019114203107239828,0.0019114203107239828,-0.00671898195770502,-7.973959521861629e-05,-0.2903911954034614,0.00863040226842907,-0.035930682877282655,0.004375354370722295
2019-07-12,-0.0003987325298596683,0.00651623168584937,-0.0023946615424851147,0.004375354370722295,0.11348972886963482,0.00891089322833432,0.03381826345675178,-0.002065969201278319
2019-07-15,0.0006347738776039892,0.003328302944241445,-0.005651809781828114,-0.002065969201278319,-0.061002108514511474,0.00898011272606954,-0.05366345082602346,-0.007665312776742111
2019-07-16,-0.0017514630672254097,0.00047711777122796636,-0.01168105981189809,-0.007665312776742111,0.2281800551955482,0.012158177583126048,0.16272431202344967,-0.0049819527934541995
2019-07-17,-0.0008018481048378557,0.004159313636372168,-0.005626608996588286,-0.0049819527934541995,-0.1927125501196654,0.009785922632960414,-0.06648702423561578,0.004340501277940865
2019-07-18,-0.00016109436024788344,0.007303725659060713,-0.0063030413061216164,0.004340501277940865,0.39845420044105007,0.013606766965182468,0.37486391753112674,0.002883236088288305
2019-07-19,0.0,0.005837941690244699,-0.0006418632396750625,0.002883236088288305,-0.1674637612292517,0.006479804929919753,0.10117833389934623,0.002156954259164285
2019-07-22,0.002635693600645885,0.005662115544751733,-0.004568960615003168,0.002156954259164285,-0.39876751502399543,0.010231076159754748,-0.3378667789580295,0.00406166402212727
2019-07-23,-0.0005587682931507054,0.007235778133066006,-0.004238470794463826,0.00406166402212727,0.2709592875920064,0.011474248927529837,-0.046520438930456175,0.005706159237432261
2019-07-24,0.00039733840780856427,0.008862241394692815,-0.0012724355985880432,0.005706159237432261,0.11044847428218005,0.01013467699328092,0.08197046118290055,-0.007217413799964043
2019-07-25,0.003628615504770545,0.003628615504770545,-0.009608197720522576,-0.007217413799964043,-0.04478726275831644,0.01323681322529317,-0.00372550133204278,-0.015320099470328344
2019-07-26,-0.0031091777527461548,-0.00302931718888254,-0.018720622232886924,-0.015320099470328344,0.4186764842900803,0.01569130504400442,0.46775076486105605,0.004113755563980497
2019-07-29,-0.0019417308635190523,0.007408619541994103,-0.0027519561631970365,0.004113755563980497,-0.4653813122942227,0.010160575705191266,-0.08907093368650529,0.0008850061412984158
2019-07-30,-0.0010470333325068196,0.004177021384119015,-0.006865711727177659,0.0008850061412984158,-0.12278409810406128,0.011042733111296619,-0.2568715896463038,-0.009941449771509767
2019-07-31,-0.005079609914660128,0.002810957199494916,-0.015071940631365159,-0.009941449771509767,0.6203178920923795,0.01788289783086006,0.3805160742728532,-0.019438813941832694
2019-08-01,-0.009057224884041051,0.00518513183150212,-0.023006544864494077,-0.019438813941832694,0.0964396706755152,0.02819167669599611,0.3837856651540438,-8.27805258716164e-05
2019-08-02,0.008576672481123917,0.014798059093296644,-0.024396532410415343,-8.27805258716164e-05,0.12968020952723341,0.03919459150371204,0.396812393794197,-0.01662046429788854
2019-08-05,-0.01283779617166201,-0.0014920452071270703,-0.027543990028135488,-0.01662046429788854,-0.04601157251471496,0.026051944821008432,0.28529752982473405,0.005375448881745226
2019-08-06,-0.00016842115043169654,0.006631164825659685,-0.009222082708686997,0.005375448881745226,-0.23896353948224175,0.015853247534346485,-0.07671275085896404,-0.002348196183941367
2019-08-07,-0.015447858786012418,0.0035120514216698336,-0.020565192797813887,-0.002348196183941367,0.009632305061222065,0.024077244219483644,-0.14365260738776864,0.0340890916417269
2019-08-08,0.0032692044342520223,0.03490024087517847,0.0026832122364395744,0.0340890916417269,0.2576719157570584,0.032217028638738744,0.12279835407804486,-0.006594814725464978
2019-08-09,-0.0009742855739380032,0.005341515009851453,-0.01093356153088703,-0.006594814725464978,-0.5627357478880243,0.01627507654073861,-0.4636166069286689,-0.0071320145966225455
2019-08-12,0.004807929781238507,0.005864174060727157,-0.012411242991720837,-0.0071320145966225455,-0.24943281665985115,0.018275417052448027,-0.6088263138968929,0.006886936538159272
2019-08-13,-0.0044525214058487245,0.009416600976015748,-0.010337077520620007,0.006886936538159272,0.388668753834284,0.019753678496635736,-0.08152538184161974,-0.03873387695081782
2019-08-14,-0.019554294815725917,-0.014816330660074073,-0.03924358352085721,-0.03873387695081782,0.21172562436612966,0.02442725286078312,0.16186005025698885,-0.0067323185208532695
2019-08-15,-0.004255687834801808,0.0008489556209213145,-0.019554643753091835,-0.0067323185208532695,-0.13449544010482392,0.020403599374013266,0.01687143021288825,-0.009795570820485076
2019-08-16,-0.00471391852937349,-0.002568455387366583,-0.013688788108154958,-0.009795570820485076,-0.0053550005281265715,0.011120332720788342,0.09943529579231428,0.01286908659089938
2019-08-19,0.01133350951762611,0.017207137388203477,0.009881092058620968,0.01286908659089938,0.03226696808634241,0.007326045329582498,0.0905194637213881,-0.010109753099310559
2019-08-20,-0.001535577073273295,-0.001023412602651078,-0.014165098313265937,-0.010109753099310559,-0.22393145260726702,0.013141685710614965,-0.21516836772053774,0.014956904962939848
2019-08-21,0.01419315613649189,0.017837076115173735,0.010280263434815138,0.014956904962939848,-0.11782186457616772,0.007556812680358493,-0.3122521509735324,-0.0012732389657416732
2019-08-22,0.006595157123022835,0.0072690762820249236,-0.003654449448222101,-0.0012732389657416732,-0.04839599933245743,0.010923525730247068,-0.2739723743569966,-0.02189777087585672
2019-08-23,-0.01067428233573462,0.002799053529236444,-0.029129988479082703,-0.02189777087585672,0.5621964007664129,0.03192904200831913,0.3571491687114876,0.0048501529604614005
2019-08-26,0.00640415748849732,0.008988832422260527,8.68354049355338e-05,0.0048501529604614005,-0.6572911112479218,0.008901997017324968,-0.35161729861912744,0.0007773370638325538
2019-08-27,0.0045687661200924405,0.011084024067446211,-0.0060663757574672475,0.0007773370638325538,0.06602019067202877,0.01715039982491343,-0.19360970922940282,0.008596287649493684
2019-08-28,0.004994858966491566,0.011758236351647083,0.0004315344468229181,0.008596287649493684,-0.01992772067382858,0.011326701904824089,-0.1773495442342079,0.0058886008989665825
2019-08-29,0.003076667701530124,0.008607838675541601,-0.0021421540780436872,0.0058886008989665825,0.07283284698514297,0.010749992753585373,-0.08723333580505707,0.0017004304339835043
2019-08-30,0.003906643727505163,0.01234693667319116,-0.0024706575816512313,0.0017004304339835043,0.08858640501800925,0.014817594254842288,-0.002953982247540755,-0.012393889926183937
2019-09-03,-0.01670349851375865,-0.011877938165968499,-0.027297498194042466,-0.012393889926183937,0.15025933337171854,0.01541956002807387,0.2675067725907884,0.008393363517753353
2019-09-04,0.010353091096294852,0.01933542027441862,0.007710812244094975,0.008393363517753353,-0.2105306136747871,0.011624608030323709,-0.018690118200465934,0.0033207011711060114
2019-09-05,0.00646097741338254,0.015403145573700337,8.530242757607275e-05,0.0033207011711060114,0.1602435165264919,0.015317843146124036,0.12635647158556246,0.005256499959035504
2019-09-06,-0.0011907749132810494,0.006777415348916892,-0.0021273888064127296,0.005256499959035504,-0.16403693274779707,0.008904804155329698,-0.08856391137319804,0.009509831788516472
2019-09-09,0.004050602395174638,0.01151801476730861,0.0027022452642049017,0.009509831788516472,0.09768621746314457,0.008815769503103596,0.004698023203639023,0.020395327303567808
2019-09-10,0.00701116266270228,0.032143871061218375,0.004346051686778246,0.020395327303567808,0.5476357781198399,0.027797819374440324,0.545712114492233,-0.00468885571971714
2019-09-11,0.002950101409867457,0.009231000273290504,-0.012220412339142474,-0.00468885571971714,-0.4601540284130573,0.021451412612432805,-0.028535332431173014,0.0011536827930523617
2019-09-12,-0.010276883629878617,0.007393457890479312,-0.014283594833085356,0.0011536827930523617,0.05453424790931064,0.02167705272356464,-0.0057343478419140895,0.0006586681586535155
2019-09-13,0.00681253373303174,0.007384964503960461,-0.00148356005219629,0.0006586681586535155,-0.17475695739624067,0.008868524556156684,-0.19487867557925387,0.02133459892801675
2019-09-16,0.02727885174128225,0.030557118277911025,0.012026170330589489,0.02133459892801675,0.782486769954806,0.01853094794732167,0.5773118550867533,-0.0018547915075326788
2019-09-17,0.0,0.004020267447112751,-0.012648175636428852,-0.0018547915075326788,-0.3882193417331366,0.016668443083541633,0.016883604686933174,0.0023380581931872857
2019-09-18,-0.00274811306587912,0.0025796039842130867,-0.007047153708571272,0.0023380581931872857,-0.41159022458454353,0.009626757692784337,-0.3522088784316952,-0.004196234649511422
2019-09-19,0.004739887123681282,0.006341589871387112,-0.006138970337317641,-0.004196234649511422,-0.17404599078946614,0.01248056020870477,-0.5053009098713387,0.005322990419814312
2019-09-20,0.0027456718602739084,0.009336803316206998,8.081920322971214e-05,0.005322990419814312,0.9489118342653011,0.009255984112977251,0.4984371059948789,0.004654545183759419
2019-09-23,-0.0062129270293691955,0.005454853137723979,-0.0062129270293691955,0.004654545183759419,-0.7950621752550199,0.011667780167093094,-0.4577919771946723,-0.009330856509357681
2019-09-24,-0.0018431976786647073,-0.0014421948112664999,-0.013542043855215615,-0.009330856509357681,0.28098131733609627,0.012099849043949262,-0.0015456350120176808,-0.0018604310930437971
2019-09-25,-0.00210334601896966,0.003307951405803837,-0.006730162817041802,-0.0018604310930437971,-0.5046297245778075,0.010038114222845694,-0.47313162233591477,-0.027497923253168792
2019-09-26,-0.002026178880745632,-8.098567790332898e-05,-0.028413793657950215,-0.027497923253168792,0.7334406633494536,0.028332807980046972,0.295325491407151,-0.013067744794899402
2019-09-27,-0.005424150739066957,0.0007486904931042051,-0.014333313652073453,-0.013067744794899402,-0.13417345659031182,0.015082004145177698,0.03863968590016014,0.0
2019-09-30,-0.0005060096148127562,0.006890202088081466,-0.0016032644276362511,0.0,-0.11470233477034078,0.008493466515717593,0.03859526826280748,-0.022080060996359112
2019-10-01,0.005633328747044145,0.0072251059424109036,-0.02320132449866828,-0.022080060996359112,0.15278158121735305,0.03042643044107929,0.1447429920431774,-0.0325915939638203
2019-10-02,-0.008222702484909541,-0.007788214472204099,-0.03857614273468018,-0.0325915939638203,0.30994319430465805,0.030787928262476054,0.42636239352583527,0.007629566827310921
2019-10-03,-0.0020503983871478005,0.007983025475739298,-0.01679355846442514,0.007629566827310921,-0.6017838233584585,0.02477658394016452,-0.34730641660058637,0.006167393542212444
2019-10-04,0.003969107290019816,0.007484062829497152,-0.0053167910975725164,0.006167393542212444,-0.11090917380880846,0.012800853927069632,-0.3888920362077823,-0.005195699560255358
2019-10-07,0.000965722488736159,0.007874069833443634,-0.0054606011342298155,-0.005195699560255358,-0.01339518298970752,0.01333467096767346,-0.3407815212959265,-0.013779860159770662
2019-10-08,-0.01020554193723289,-0.004513101164167907,-0.014675422410722056,-0.013779860159770662,0.12592102005761058,0.010162321246554131,-0.17105729060872363,0.0127197651331669
2019-10-09,0.00784664990179112,0.02475595469346831,0.005267669532259246,0.0127197651331669,-0.14578031704640643,0.019488285161209123,-0.2584063972164259,0.012734523959636545
2019-10-10,0.0034411239038384957,0.014478395532725022,0.0014132104488050344,0.012734523959636545,-0.25793010009860023,0.013065185083919843,-0.32855379151271585,0.013521963873570464
2019-10-11,0.009553712663810356,0.02106979327600085,0.006697170347492741,0.013521963873570464,0.36742833732849156,0.014372622928508058,0.11281119233543055,0.0002582428375771955
2019-10-14,-0.004919525621612895,0.0020641433563053876,-0.006044962986643377,0.0002582428375771955,-0.6915124300791173,0.0081091063429489,-0.5950029025418152,0.0011183041693010249
2019-10-15,-0.0028444774839112117,0.012318397191991766,-0.003276123698547356,0.0011183041693010249,0.3753956685067201,0.015594520890539105,-0.12412371783072204,-0.010370821131133315
2019-10-16,-0.0006880038230038496,0.0030047333563566155,-0.010631464765944171,-0.010370821131133315,-0.03640425932727767,0.013636198122300752,-0.08296410929023383,0.0020827731622064223
2019-10-17,0.004334264737327554,0.008219079497433333,-0.0016519800515136722,0.0020827731622064223,0.03096560477804953,0.00987105954894689,-3.223674667027017e-05,-0.005302290835795579
2019-10-18,-0.0018221974447982631,0.0019919753404357803,-0.005302290835795579,-0.005302290835795579,0.42256500539597447,0.00729426617623137,0.4136056900208441,0.01616635821065398
2019-10-21,0.007034682575386889,0.017366215993292036,0.007034682575386889,0.01616635821065398,-0.3692361203568087,0.010331533417905039,0.01572547531314941,0.01015325835738046
2019-10-22,0.0001714683870564479,0.016584102189250067,-0.001029624692999579,0.01015325835738046,0.04206921071756517,0.017613726882249752,-0.009972091034213603,0.0015268499045920049
2019-10-23,-0.003401376732488138,0.0018657760615044224,-0.00869648472137291,0.0015268499045920049,0.012980105817170141,0.01056226078287719,-0.013884124886528255,-0.0033961784813911905
2019-10-24,0.004144627242227215,0.00701041089302675,-0.00569516432229057,-0.0033961784813911905,-0.06848507158362438,0.012705575215317377,-0.10770114913034808,0.009227547700295028
2019-10-25,0.0016145728023580907,0.010743212420557693,0.0009351010870019865,0.009227547700295028,-0.13961610515633865,0.009808111333555728,-0.2543156683714211,-0.0016023179543664834
2019-10-28,0.003449035277007356,0.007053551506454305,-0.008717407749750324,-0.0016023179543664834,0.4099370033783136,0.015770959256204753,0.26808791987918246,-0.002958508582954286
2019-10-29,-0.004313833091554919,0.004967354607210522,-0.006690128658926541,-0.002958508582954286,-0.10980712699212287,0.011657483266137046,0.100729817117715,-0.015096850837550663
2019-10-30,0.00042319878990062625,0.00042319878990062625,-0.022342043624736786,-0.015096850837550663,0.03084893893434173,0.022765242414637482,0.10976880524010403,-0.0018924841837785623
2019-10-31,-0.004306267935886163,0.0,-0.008977968748510838,-0.0018924841837785623,0.4253545357775426,0.008977968748510725,0.5096421010469269,0.0006025366679724792
2019-11-01,-0.005612427058702547,0.004124454656967153,-0.018422512526780396,0.0006025366679724792,0.06825234166304624,0.022546967183747397,0.4353126295271291,0.045091334700846475
2019-11-04,0.00873895436261713,0.04755603401582572,0.006945940316685724,0.045091334700846475,0.2976392318172345,0.04061009369913992,0.5728934827449926,0.003038914443628845
2019-11-05,-0.00280063060830461,0.007212532418281433,-0.007016401485965742,0.003038914443628845,-0.39508319457955543,0.01422893390424705,0.011701777672698829,-0.016871065741311662
2019-11-06,0.0,0.001638782296798404,-0.01770542934592299,-0.016871065741311662,-0.13272841007492442,0.019344211642721577,-0.1889908331621363,0.016460918900617204
2019-11-07,0.010206251594315322,0.017362969973525207,0.0034967829054305005,0.016460918900617204,-0.11515123724578362,0.013866187068094738,-0.34176738333597306,-0.007907125339590648
2019-11-08,-0.007576402597634299,-0.005676945204654604,-0.014294775167582218,-0.007907125339590648,-0.2470358060548377,0.008617829962927665,-0.5423740867305616,-0.000992824997929305
2019-11-11,-0.006054871608651073,0.0037966295609325787,-0.00763677787697077,-0.000992824997929305,-0.09341071898084448,0.011433407437903323,-0.5370932750190661,0.0012408615395504946
2019-11-12,0.003965336546211226,0.010211778520300622,-0.00273525140825098,0.0012408615395504946,0.15141587292218806,0.012947029928551693,-0.16799374566221592,0.010853582177402713
2019-11-13,-0.004142164847064266,0.011916191141791606,-0.004889549652907148,0.010853582177402713,0.11972527200703376,0.01680574079469873,0.04894461625098077,-0.0026203724265115975
2019-11-14,-0.0035227194911675395,0.00538296429759969,-0.007222595845365002,-0.0026203724265115975,-0.03888352314036469,0.012605560142964557,0.053537838284820866,-0.010882215412904519
2019-11-15,-0.006086028019985147,-0.00468461673157979,-0.015285119965266495,-0.010882215412904519,0.13518890244259635,0.010600503233686595,0.21313051757334064,-0.017476060946583025
2019-11-18,-0.006820285091538803,-0.005319156418319687,-0.020940542487617893,-0.017476060946583025,-0.13467703215982169,0.015621386069298191,0.02081990913138523,-0.017872868130026424
2019-11-19,-0.0004218776785968861,0.002106594362958507,-0.02105521390377502,-0.017872868130026424,0.5797325193547993,0.023161808266733502,0.5590204132171348,0.007613702164570849
2019-11-20,-0.00034349640488906666,0.0139004062353052,-0.0028378073143645642,0.007613702164570849,-0.3904855787973094,0.016738213549669766,0.012217098196178831,0.012113149233667235
2019-11-21,0.002298398764240933,0.01362753880483592,-0.0011938211843043724,0.012113149233667235,-0.01574217245091673,0.014821359989140264,-0.03148385917269033,-0.001179439001490921
2019-11-22,0.002438725697569666,0.007799765546880086,-0.0014323478241274642,-0.001179439001490921,-0.19387333448563132,0.009232113371007676,-0.25584118088390234,-0.0021096164593273977
2019-11-25,-0.0016873112102545789,0.004961153510357091,-0.005494235492162311,-0.0021096164593273977,0.43426560524288615,0.010455389002519366,0.2047381957491552,-0.00499638031794417
2019-11-26,-0.00033795975828826105,0.0015193748944425185,-0.01001791495715324,-0.00499638031794417,0.3077533096931179,0.011537289851595814,0.43258344540285276,0.0023742805910842704
2019-11-27,0.0016964712634132371,0.006937419443821944,-0.0014442733601040534,0.0023742805910842704,-0.895407371750035,0.008381692803925873,-0.5027975765296372,-0.007993260701539029
2019-11-29,-0.006713438604425872,-0.002119632830961473,-0.010129922391034378,-0.007993260701539029,-0.22737792434694637,0.008010289560072789,-0.6757823620271759,-0.0028213091105875267
2019-12-02,0.007230741395564015,0.007993260701538963,-0.0035064909598584784,-0.0028213091105875267,0.46263937381019765,0.011499751661397394,-0.13083778505743493,-0.007821636442535754
2019-12-03,-0.005150278367355113,-0.0008565833801321588,-0.009462488699031017,-0.007821636442535754,0.1664053466431777,0.008605905318898993,0.021867798158717016,0.00901954354529666
2019-12-04,0.006450802947913106,0.012093321596466,0.004648776590380184,0.00901954354529666,-0.07249954585969963,0.007444545006085749,-0.007948421015899872,-0.005230008056099681
2019-12-05,0.005798108758177205,0.006817781831538931,-0.006434200417991309,-0.005230008056099681,-0.033716064001167965,0.013251982249530227,0.1221732657882226,0.01433838917092037
2019-12-06,0.006511843015760256,0.025126515399807363,0.00557201314267386,0.01433838917092037,0.19943749315138795,0.019554502257133424,0.2654107842059498,-0.006034603063651342
2019-12-09,-0.012706481458472542,-0.0010174036130323866,-0.013393244895273786,-0.006034603063651342,-0.3521483400764885,0.012375841282241487,-0.2126113067087701,0.005017199450618857
2019-12-10,0.0062040374225454,0.006712232925897142,-0.002133561666942541,0.005017199450618857,0.03132368032411386,0.008845794592839731,-0.1654894660166471,-0.01418096558930575
2019-12-11,-0.00680914254212774,-0.0019528405659235244,-0.01504175151999879,-0.01418096558930575,0.36501365782615103,0.01308891095407533,0.24381137464944208,0.021954542383934877
2019-12-12,0.0030924599976163763,0.022627675199269878,0.0030924599976163763,0.021954542383934877,-0.08561248297161232,0.019535215201653508,0.11100591304228181,-0.00717998173562973
2019-12-13,0.0020180406457563074,0.006125493133493272,-0.007688737435897736,-0.00717998173562973,-0.28420108561048474,0.013814230569390863,-0.2053373999390473,0.011798565383247668
2019-12-16,0.007600758887822297,0.012719727861048167,0.00549522900131543,0.011798565383247668,0.1444693191959975,0.0072244988597327565,0.003872739504492376,-0.006387667871118934
2019-12-17,0.0019250537895256516,0.0044305090596467,-0.008666794698381192,-0.006387667871118934,0.18414988693005743,0.013097303758027876,0.15695380556717412,-0.00042163544408416713
2019-12-18,0.0006743242961713214,0.008730754962312697,-0.0006747793162759828,-0.00042163544408416713,0.10410593579598398,0.009405534278588697,0.19834260423954844,-0.0035491485438585383
2019-12-19,0.00016866264239366423,0.0016013725979220586,-0.0058373536654005385,-0.0035491485438585383,-0.1866447866146206,0.007438726263322524,-0.0030626813713072578,0.013035827066174314
2019-12-20,0.010693524028132808,0.015205948385668912,-0.0003386751079071179,0.013035827066174314,0.6712461520111725,0.015544623493575965,0.6759612036024274,0.005416466890915031
2019-12-23,-0.0030963893511022434,0.005998028772034951,-0.004438300424978029,0.005416466890915031,-0.72835822908019,0.010436329197013136,-0.2643367858525314,8.305569383576625e-05
2019-12-24,0.0008306901394261654,0.0037327151059099923,-0.0019965524891290575,8.305569383576625e-05,-1.2759488444432965,0.005729267595039154,-1.5469461134924407,0.002158232279840229
2019-12-26,0.0027384925505930607,0.008934555261100291,0.0,0.002158232279840229,0.7995863167850558,0.008934555261100291,-0.6048702589704759,-0.002490623292161344
2019-12-27,0.002401764524393384,0.0057051082283505776,-0.002989543962358485,-0.002490623292161344,0.12594154311514574,0.008694652190709053,-0.3565333298716272,-0.003747700199706889
2019-12-30,0.0011630755357307874,0.008607843985061378,-0.004081514074036686,-0.003747700199706889,0.10145758980781186,0.012689358059098118,-0.18202676639325224,0.0054918066170618375
2019-12-31,-0.002924576777255916,0.006487038659822553,-0.005018818380370724,0.0054918066170618375,-0.08292701408294927,0.011505857040193261,0.05842870455656627,0.007605212813027268
2020-01-02,0.002486288556945483,0.009250872283009305,0.0021551277253121226,0.007605212813027268,0.2108040508549418,0.007095744557697452,0.35637856958282366,-0.003464763115610905
2020-01-03,0.002878160577678642,0.010567379987094939,-0.0056985119034453965,-0.003464763115610905,0.20055017470754535,0.016265891890540438,0.3782576090940685,-0.003393932822609936
2020-01-06,0.001898830106453882,0.005439242286705969,-0.005635220796285949,-0.003393932822609936,0.4477041364894489,0.011074463082992092,0.7086347265230223,-0.012851724421125315
2020-01-07,-0.013187753628769484,-0.0072400358744065686,-0.023745730291381453,-0.012851724421125315,-0.23648188665537379,0.016505694416974984,0.25919399693475137,-0.011488558881606886
2020-01-08,-0.004292708965781271,0.000251931809568418,-0.0119134190765462,-0.011488558881606886,-0.07407958007080337,0.012165350886114727,0.0824774001970414,-0.001615533812969905
2020-01-09,-0.000935021645667231,0.0018674245751292425,-0.012998273146821011,-0.001615533812969905,0.006748106365633883,0.014865697721950314,0.0014932249069429773,-0.009147314680489821
2020-01-10,8.504877584870328e-05,0.0015306151089646489,-0.009490906118724579,-0.009147314680489821,-0.13873188207930837,0.011021521227689316,-0.19396279390487778,0.0018876128722962312
2020-01-13,0.0002575997509002324,0.004028299498405217,-0.003096515494489719,0.0018876128722962312,0.06843801354554872,0.0071248149928951204,-0.12637209726145548,-0.0030906669517815595
2020-01-14,-0.001372479711038552,0.0018839912264879913,-0.008176699740805425,-0.0030906669517815595,0.048799205675858416,0.010060690967293541,0.005772565311841597,-0.0014628561582720747
2020-01-15,0.0,0.0009453879538549861,-0.0056046838936262946,-0.0014628561582720747,-0.21319198096158182,0.006550071847481401,-0.18855695389372512,0.0065230867913495865
2020-01-16,0.0036959113347198778,0.009853998123150277,0.002751740517016185,0.0065230867913495865,0.18967406866234052,0.007102257606134095,0.0444451599671165,-0.011270369666143695
2020-01-17,0.0010261030895964752,0.0034161919409966424,-0.01178967031290219,-0.011270369666143695,0.1160282769288196,0.015205862253898743,0.17014676695848804,-0.019835542885726757
2020-01-21,-0.004161644261093562,-0.003727307214023844,-0.021071849933778412,-0.019835542885726757,0.07148957248798873,0.01734454271975456,0.1977523277280386,-0.0036249191752893753
2020-01-22,-0.0018550342155584337,0.0019397045779713253,-0.007529809123078947,-0.0036249191752893753,-0.4156045292437092,0.00946951370105048,-0.2635126552308085,0.0017698849597308744
2020-01-23,-0.004438533635904082,0.005212223819045174,-0.009254389821099954,0.0017698849597308744,0.3594546687567236,0.014466613640145095,0.1409006058413678,-0.011113695336711868
2020-01-24,-0.002744678861738619,-0.001061528020909388,-0.015683819766528134,-0.011113695336711868,-0.14600029704648518,0.01462229174561873,-0.0664126670077443,-0.01313912979273622
2020-01-27,-0.014408159966993536,-0.009161161985096446,-0.01686011269115299,-0.01313912979273622,0.09502112068972367,0.007698950706056534,0.03137081904683128,0.006591178662136291
2020-01-28,0.005330490644637087,0.011080725465614836,0.003436404722188197,0.006591178662136291,-0.2764355745750823,0.007644320743426598,-0.23754890113274743,-0.0067723404933338815
2020-01-29,0.00296530928622428,0.006458522577967991,-0.008495328348985733,-0.0067723404933338815,-0.19006818096587258,0.014953850926953739,-0.35102626790228175,0.009288958520465466
2020-01-30,-0.005086805293398144,0.010903456157607816,-0.011940215557999848,0.009288958520465466,0.5632369235258123,0.022843671715607545,0.23660957458379628,-0.038990956434433004
2020-01-31,-0.01437576381386373,-0.012646975398064558,-0.04592174994196965,-0.038990956434433004,0.4911965770233847,0.03327477454390511,0.7165375377128694,-0.008059275350162655
2020-02-03,-0.001774977762068286,0.0010261730520785915,-0.016373734171756422,-0.008059275350162655,-0.44426400011173456,0.017399907223835016,0.08775854788335972,0.005348858078701432
2020-02-04,0.013086759324631537,0.019197287021860764,0.003006388011797872,0.005348858078701432,0.12034079986095268,0.016190899010062765,0.1792985798848484,0.031596607601884326
2020-02-05,0.013202108833014443,0.03494611280261126,0.011723265465746688,0.031596607601884326,-0.35988063027434475,0.023222847336864753,-0.2758011248721646,-0.007189373711873373
2020-02-06,0.0031687001336102288,0.003530208645046652,-0.010666021825553052,-0.007189373711873373,-0.09714869503393116,0.014196230470599718,-0.41888858181037203,-0.005035907008510804
2020-02-07,-0.005127724478666256,-0.0004567251921862196,-0.009359553068639514,-0.005035907008510804,-0.26154693838458115,0.008902827876453205,-0.635212205618406,0.007772164219449969
2020-02-10,-0.003678517295897438,0.007863262503130245,-0.00570748801947572,0.007772164219449969,0.21885703315373667,0.013570750522605797,-0.19996062727394218,0.012850839012794778
2020-02-11,0.00897678300025594,0.014288557481248406,0.0024561908635733925,0.012850839012794778,0.010079112178538931,0.01183236661767501,-0.11132356646215835,0.007435660965009353
2020-02-12,0.011621827971676608,0.012421404555936265,0.003590359537902173,0.007435660965009353,-0.0588385040079773,0.008831045018033936,-0.050212143586310105,-0.003397385884159474
2020-02-13,-0.005997942496555727,0.00258502539081067,-0.007255798779293563,-0.003397385884159474,0.045443744448895255,0.009840824170104226,0.03551018716217775,-0.014251181860293598
2020-02-14,-0.00737088572400504,-0.006198667166410489,-0.018803679859159192,-0.014251181860293598,-0.15166430153102423,0.012605012692748874,-0.10634979057054772,0.0014523970684628838
2020-02-18,-0.009859508589743866,0.0017244825088442235,-0.011420342286010044,0.0014523970684628838,-0.03415809392299849,0.013144824794854433,-0.15157376335148812,0.004525304216965964
2020-02-19,0.0025366817938730422,0.007770895023950228,-0.0031799279827225226,0.004525304216965964,0.1682452976394602,0.010950823006672708,0.05311235764682093,-0.00843351472769923
2020-02-20,0.00036114948147626354,0.002975538327113758,-0.009435752642255121,-0.00843351472769923,-0.27620396653829893,0.012411290969368816,-0.21643502947463616,-0.0073119366397031305
2020-02-21,-0.00749546207563998,-0.005662070991394921,-0.019866339391801036,-0.0073119366397031305,0.36650645407847277,0.014204268400406195,0.19654095394754986,-0.04024502518099985
2020-02-24,-0.030740153617087172,-0.0189847165027563,-0.043018430289986295,-0.04024502518099985,0.39233857399714284,0.024033713787230068,0.5719480650930543,-0.03894952498659003
2020-02-25,0.000859185450853717,0.0020035219908461186,-0.04602442956782272,-0.03894952498659003,0.2995741199795547,0.04802795155866878,0.7204320453249402,-0.026869522571107973
2020-02-26,0.0014883321307281796,0.008896870935272012,-0.027277611898752052,-0.026869522571107973,-0.07094031124217641,0.03617448283402419,0.4246200768857721,-0.04069879161769207
2020-02-27,-0.021548377350216762,0.0016306162852403104,-0.04123006438515837,-0.04069879161769207,0.27487143233350464,0.04286068067039877,0.5548305348758262,-0.008428075092938848
2020-02-28,-0.03789152261927423,-0.007357231172543968,-0.04364562336017253,-0.008428075092938848,0.2776613025281935,0.03628839218762853,0.6095433943468188,0.03422647698965904
2020-03-02,0.007258788603935958,0.03515785770425255,-0.012180126665255996,0.03422647698965904,-0.32520791855060305,0.04733798436950862,0.05789485844115661,-0.02304004940666461
2020-03-03,0.0020685143426573925,0.019378337686418817,-0.033905054365301536,-0.02304004940666461,0.09347349653776606,0.05328339205172032,0.07663490752126284,0.04292592907465186
2020-03-04,0.020759849493000603,0.047886687161125575,0.013469621680218856,0.04292592907465186,-0.11345819053066235,0.03441706548090682,-0.08345833615202149,-0.01369320730991999
2020-03-05,-0.029038281303055666,-0.01163752823921005,-0.03711591910680546,-0.01369320730991999,-0.14087691334814917,0.025478390867595506,-0.2582076599880629,-0.019428201606362314
2020-03-06,-0.03422451405142259,-0.011694879814063672,-0.03956241516159231,-0.019428201606362314,0.27448710040101437,0.027867535347528675,0.052732951867218505,-0.1668729127781534
2020-03-09,-0.14771940922243668,-0.07978918037064098,-0.17521301435506736,-0.1668729127781534,0.5957963003323015,0.0954238339844264,0.6994838299723877,0.05204923793850024
2020-03-10,0.06676734613912971,0.06746289720078553,0.004576134986860101,0.05204923793850024,-0.3010066023158864,0.06288676221392545,0.2123957014257899,-0.023214000617309292
2020-03-11,-0.0328957343827835,-0.001648887657706393,-0.03875016441193307,-0.023214000617309292,-0.20680026206967328,0.0371012767542267,-0.05908691312862837,-0.08505339113010572
2020-03-12,-0.07241394752411044,-0.06082790271733433,-0.1306621736145229,-0.08505339113010572,0.3360950986284713,0.06983427089718866,0.24022124070594406,0.08973948437708974
2020-03-13,0.04762806294895365,0.09069804941492894,-0.028598098242861615,0.08973948437708974,-0.09224714105118895,0.11929614765779063,0.02766899207977036,-0.17968779283667996
2020-03-16,-0.13933645773418576,-0.06091686589684268,-0.17983119633616815,-0.17968779283667996,-0.29267804042666595,0.11891433043932559,-0.3214496282782245,0.014103880737369458
2020-03-17,0.009993010856122177,0.04598520302400388,-0.06230284737151449,0.014103880737369458,0.2574526548144233,0.10828805039551834,0.05030306510916011,-0.25006230540999846
2020-03-18,-0.06547265961053483,-0.06517057153677609,-0.2588198791138922,-0.25006230540999846,0.09509695300876461,0.19364930757711615,0.1450171759318269,0.04162821217545432
2020-03-19,0.003807439811616405,0.060613978841917944,-0.06472020639344178,0.04162821217545432,0.18012251016521572,0.1253341852353596,0.26634089299955,0.034255790265644064
2020-03-20,0.036610305174502984,0.055249599063704885,-0.01811036362511967,0.034255790265644064,-0.10251898734476264,0.07335996268882461,0.1285962286533548,-0.09107598516635043
2020-03-23,-0.019210129029406425,0.00016840030603627686,-0.11440011314914592,-0.09107598516635043,-0.12619729223579934,0.11456851345518204,-0.026396547598457703,0.2049037241133264
2020-03-24,0.1256620446402526,0.2212975105878775,0.10661385205601098,0.2049037241133264,0.20595578204587084,0.11468365853186652,0.12976417410465924,0.040058272875197365
2020-03-25,0.02580976568172472,0.09442181367852301,0.0013513980019143803,0.040058272875197365,-0.2579447532952183,0.09307041567660866,-0.1777373563438803,0.09770898226499623
2020-03-26,0.014759978654180219,0.10709139720544365,-0.02012312424967897,0.09770898226499623,0.0672357217278735,0.12721452145512271,-0.09262592435009313,-0.10480785858174678
2020-03-27,-0.05738940941931351,-0.03789135751542446,-0.1088871005697499,-0.10480785858174678,-0.16732011346517886,0.07099574305432536,-0.2155940712602286,0.04505840366221325
2020-03-30,-0.011258202658101098,0.058587093924461646,-0.025921955035554348,0.04505840366221325,-0.09904150360799202,0.08450904896001597,-0.26152589315645386,0.007063281913600848
2020-03-31,0.018179811437540154,0.0420499259800976,-0.015971191732983184,0.007063281913600848,0.0014810413236644173,0.05802111771308081,-0.21509622112841376,-0.055325434152249144
2020-04-01,-0.04156401498689563,-0.0023488531551438254,-0.06927876270187637,-0.055325434152249144,-0.25395217553438876,0.06692990954673261,-0.37134456381684555,0.10460183983046574
2020-04-02,0.045478615959982906,0.13793387796650858,0.01476795735986706,0.10460183983046574,0.48045398604105966,0.12316592060664165,0.19113420787523522,-0.013357364686190476
2020-04-03,0.024397748179378443,0.037010156621798775,-0.04144077959328654,-0.013357364686190476,-0.4433162523272438,0.07845093621508524,-0.24266383548689086,0.06793606892346485
2020-04-06,0.024851708029660868,0.07487792860032703,0.005311412282007019,0.06793606892346485,0.15099824704231762,0.06956651631831992,-0.0319559898210754,0.006571206924094737
2020-04-07,0.04701749915622442,0.0638463784246847,0.005705784402666752,0.006571206924094737,-0.055757599063164014,0.058140594022017975,-0.0747580541032278,0.060653760439743694
2020-04-08,0.016788615071660025,0.06436864377999875,0.00738735806362225,0.060653760439743694,-0.2886014855567534,0.056981285716376374,-0.339074854759481,-0.01961429713423538
2020-04-09,0.03159597176652207,0.04469446061618963,-0.05326640237612146,-0.01961429713423538,0.32624963914558186,0.09796086299231116,0.011562256782481111,0.007091462163486476
2020-04-13,0.033474497333680964,0.035537066006129304,-0.0108521253164796,0.007091462163486476,-0.2059878397223199,0.04638919132260887,-0.11792433351675782,-0.0035394449904628386
2020-04-14,0.006456504362367656,0.02523534225303947,-0.006854219841058115,-0.0035394449904628386,0.06584048021059878,0.032089562094097614,-0.03851192716786639,-0.025375422174316008
2020-04-15,-0.050292315007136705,-0.014644030638001676,-0.0645621703459192,-0.025375422174316008,-0.056672761440671536,0.049918139707917565,-0.061630177940983036,-0.030775447821287327
2020-04-16,-0.01440806778195653,-0.0036433781109704954,-0.04563718658862215,-0.030775447821287327,-0.12885173515498485,0.04199380847765176,-0.15749849749392997,0.08595861386341314
2020-04-17,0.016613374538062758,0.08973719320905775,0.016490384852858326,0.08595861386341314,0.27174658288337644,0.07324680835619923,0.11414940129314236,-0.04217561365631789
2020-04-20,-0.053124360631055884,-0.0019520953633404624,-0.06004405226865759,-0.04217561365631789,-0.023910220553478596,0.0580919569053172,0.10273804106831409,-0.023365269896096146
2020-04-21,-0.04016409163903863,0.002629079190039786,-0.05307718760421639,-0.023365269896096146,0.21980316351693838,0.05570626679425613,0.29623133503351834,0.033721921427520715
2020-04-22,0.03974348172826523,0.04326878569811598,0.01615978092326788,0.033721921427520715,-0.6424284474989145,0.027109004774848032,-0.4102163996768518,0.027565404931773143
2020-04-23,0.021788381558550122,0.05012013376310458,0.011187738878672943,0.027565404931773143,0.3209548353973187,0.038932394884431606,-0.04103717538785723,0.0024164223046799303
2020-04-24,0.019169918889246948,0.022667384530585165,-0.01193740096125965,0.0024164223046799303,-0.4385695342391938,0.03460478549184487,-0.5053754544156424,0.030559156236298034
2020-04-27,-0.002992660302515309,0.04065189041829228,-0.013188522459740776,0.030559156236298034,0.2714566587123665,0.053840412878032935,-0.13801183234325695,0.002226975361733774
2020-04-28,-0.0017850727802475115,0.013837604011334294,-0.00985778397115128,0.002226975361733774,-0.12288446074855426,0.023695387982485452,-0.2056755205897676,0.051059688502985943
2020-04-29,0.028183230495573374,0.05654027386132053,0.026126592470083865,0.051059688502985943,0.14796381078194565,0.030413681391236687,0.08995300249156687,-0.028080322181461233
2020-04-30,-0.009557272565905401,0.011767262421029783,-0.04363544088765503,-0.028080322181461233,-0.00983529064162651,0.05540270330868474,0.04489569561052527,-0.028220540345670175
2020-05-01,-0.005340297777523771,0.0005433637833082845,-0.055420783422941156,-0.028220540345670175,0.08076749310083896,0.055964147206249475,0.16057322454629075,0.022115009482728012
2020-05-04,-0.00763191457148663,0.02408158173320027,-0.019760141070776057,0.022115009482728012,-0.16877012303488176,0.04384172280397625,-0.07792419400128063,0.01573294464263958
2020-05-05,0.03291678831359888,0.041346796496699985,0.013469656670867322,0.01573294464263958,0.19547431756108927,0.027877139825832606,0.13161114771982782,-0.031050885317180497
2020-05-06,-0.00043071946382915947,0.006117536647615339,-0.03416518445496796,-0.031050885317180497,-0.19963757682113145,0.040282721102583414,-0.11651120678979777,0.028355901724704362
2020-05-07,0.03201934685470539,0.043567745049505224,0.02044477170297524,0.028355901724704362,-0.13384545875148338,0.02312297334653007,-0.23105669073663687,0.03009106755992846
2020-05-08,0.02515588436427924,0.031033289672935026,0.0153181755034635,0.03009106755992846,-0.12710493565960476,0.01571511416947154,-0.31707441047104407,-0.022241950884247543
2020-05-11,-0.013285751453556009,-0.009154614868155763,-0.02427896513241823,-0.022241950884247543,-0.1898857036675942,0.015124350264262577,-0.4245283597517331,-0.024612336395524115
2020-05-12,-0.0025737868702915344,0.007043743394982718,-0.02571061739509248,-0.024612336395524115,0.20871521873655072,0.032754360790075134,-0.13744896977254434,-0.026697932606272092
2020-05-13,-0.013259829065774954,-0.012148117186153419,-0.042378259329588074,-0.026697932606272092,0.33372205339543715,0.030230142143434623,0.2981086486923395,0.015105250601410684
2020-05-14,-0.01602393567454643,0.024830128183836807,-0.030680066579592862,0.015105250601410684,-0.1344686113300866,0.055510194763429534,0.14032764711064774,-0.009932555920433355
2020-05-15,0.006640848521943752,0.022075406357809108,-0.013640654116926363,-0.009932555920433355,-0.05438255508182451,0.03571606047473553,0.06613008331927472,0.037316522402534705
2020-05-18,0.03569444557035558,0.04645881198070644,0.02546915862864608,0.037316522402534705,0.19612706986070533,0.02098965335206023,0.23050132400150217,-0.032170531988685365
2020-05-19,-0.000216168925231433,0.0008639616211702635,-0.0331753209821646,-0.032170531988685365,-0.46234627807545825,0.034039282603334914,-0.3330485623039556,0.037020953148282944
2020-05-20,0.015280966511877133,0.042062002249357765,0.006229136372038976,0.037020953148282944,0.16724366198075838,0.03583286587731864,-0.14713737292880164,-0.010376218039031495
2020-05-21,-0.0024762176736277176,0.0039706307586866345,-0.01866780097260763,-0.010376218039031495,-0.03658924400938293,0.022638431731294203,-0.12442415370968465,-0.019307336686191355
2020-05-22,-0.006430933648129896,-0.004792020092206611,-0.028319887911005592,-0.019307336686191355,-0.03079466055060903,0.02352786781879897,-0.1175767027940288,0.03290420213435124
2020-05-26,0.02418456904125482,0.04398930060987762,0.019198659158545506,0.03290420213435124,0.09643382251931926,0.024790641451332314,0.01157039111686026,0.006410261901874259
2020-05-27,0.014682647306632574,0.01478828321617146,-0.01283661893590687,0.006410261901874259,-0.1868791165292312,0.027624902152078325,-0.1116549330962313,-0.032800458531604126
2020-05-28,-0.0030931805604519475,0.0,-0.033681244996582115,-0.032800458531604126,0.20820886612054285,0.03368124499658209,0.09487926770870475,0.00909240204996243
2020-05-29,-0.007511360685449121,0.011162258937941004,-0.017876460798857168,0.00909240204996243,0.5685755601710927,0.029038719736798203,0.6527084693599016,0.011816539249130432
2020-06-01,-0.008322370739412074,0.02317540079120151,-0.017491192962265697,0.011816539249130432,-0.839917753089581,0.04066659375346718,-0.3567103463621681,0.020269538546808488
2020-06-02,0.010612715413024623,0.02585113135444381,0.0053740455549000365,0.020269538546808488,0.07048232089290356,0.020477085799543538,-0.26271463878112356,0.0259565083395158
2020-06-03,0.013427231570612892,0.03160018492124747,0.01113220428219953,0.0259565083395158,0.06864003079847522,0.020467980639048085,-0.1633638131171797,-0.009304331881878559
2020-06-04,-0.004124583366074742,-0.002988624020586762,-0.021005208199610353,-0.009304331881878559,-0.2811396950493947,0.01801658417902356,-0.45685591227187966,0.04597693261175946
2020-06-05,0.02866702286553363,0.05820231892419535,0.028364203718642084,0.04597693261175946,0.6944568049163569,0.029838115205553337,0.3046309296843863,0.023818821310572703
2020-06-08,0.01789272804768987,0.02720323187009907,0.0005950534477198427,0.023818821310572703,-0.14021619557837064,0.02660817842237925,0.2590931814795354,-0.01670204486847217
2020-06-09,-0.02491058473944901,-0.0030072056551705703,-0.03358759646846387,-0.01670204486847217,-0.031629163279548095,0.030580390813293338,0.1435390519770808,-0.039681736137710824
2020-06-10,-0.0052337924487936205,-0.0002955108082111378,-0.039886760966998086,-0.039681736137710824,-0.024408112702845666,0.03959125015878691,0.059393177385872895,-0.08788748702633505
2020-06-11,-0.0556283985800716,-0.035358528397601556,-0.09068876615445022,-0.08788748702633505,0.35429376992844896,0.055330237756848505,0.3731092340769591,0.033233654950395264
2020-06-12,0.04645897908347353,0.04677935905751146,0.00713571287624349,0.033233654950395264,-0.44966689097714296,0.03964364618126804,-0.23066502403981645,-0.012634913922641816
2020-06-15,-0.0363716874495796,-0.00336095677729892,-0.04629841618467875,-0.012634913922641816,0.2540487170007702,0.04293745940737986,0.07865386825315461,0.03023004015316455
2020-06-16,0.04038777325932632,0.0465797851535507,0.0028458261883500175,0.03023004015316455,-0.3423579477517909,0.04373395896520086,-0.28459022000886486,-0.02683782208003805
2020-06-17,-0.0021292134903696585,-0.00031908503692133614,-0.027274895025449577,-0.02683782208003805,-0.3713166436289716,0.026955809988528295,-0.6204805646949617,0.0043601717055367535
2020-06-18,-0.005916538710037058,0.018293549088725113,-0.015855897547987968,0.0043601717055367535,0.15995497159977087,0.03414944663671302,-0.3773764948345064,-0.014350963171174307
2020-06-19,0.02651082160142296,0.02651082160142296,-0.015233998900541645,-0.014350963171174307,0.7422197524491404,0.04174482050196454,0.5308787069862702,0.010536801669920595
2020-06-22,-0.0034263372986715096,0.011628094927304164,-0.011541588028081978,0.010536801669920595,-0.9156709277663011,0.023169682955386312,-0.4995622680184852,-0.0016390092450721708
2020-06-23,0.009886589087209139,0.01624467235777759,-0.0044864772989153135,-0.0016390092450721708,0.061780773702015575,0.02073114965669308,-0.29879582956637346,-0.04244553842313595
2020-06-24,-0.0159845168787729,-0.014430004091341049,-0.05138541205257957,-0.04244553842313595,0.35103200464435386,0.03695540796123858,0.11046324199243948,0.017755622900120796
2020-06-25,-0.003772531902750634,0.021112866985715392,-0.005491955670603475,0.017755622900120796,-0.19317752910579694,0.02660482265631881,-0.15367089843148674,-0.03131126201262524
2020-06-26,-0.004831745006947653,-0.004268679268452303,-0.03455499493424721,-0.03131126201262524,0.6209920905659102,0.03028631566579487,0.4596100601343964,0.013897876064274823
2020-06-29,0.005191273935710871,0.024111327725445275,0.0016179292980827472,0.013897876064274823,-0.6731252247215493,0.022493398427362563,-0.18852539409762373,0.0176375988184584
2020-06-30,-0.012279946766192264,0.026118784592592433,-0.015055132000599939,0.0176375988184584,0.1627837686807135,0.04117391659319241,-0.05096602267843031,-0.018208029800919876
2020-07-01,0.0005601414270593756,0.017111454022490737,-0.019007249944017257,-0.018208029800919876,-0.25878627888818917,0.036118703966507966,-0.35353524266574066,0.00784401010257504
2020-07-02,0.019775772393735982,0.030792384622196568,0.006144073211685404,0.00784401010257504,-0.08957688953706407,0.024648311410511183,-0.3842850410122694,0.0029398725410565534
2020-07-06,0.013385301445963295,0.02173027337814389,-0.005564062176289673,0.0029398725410565534,0.1456749063999391,0.02729433555443347,-0.20138047079486585,-0.025847758430819098
2020-07-07,-0.008503934717346244,-0.005547683172937814,-0.027703215690079355,-0.025847758430819098,-0.13455875551693813,0.02215553251714159,-0.14950394638772577,0.0004633489767417032
2020-07-08,0.0009264833606369191,0.017116097454048105,-0.004878037273151152,0.0004633489767417032,0.13291234720667772,0.02199413472719908,0.016786990079382745,-0.042705651707154624
2020-07-09,-0.0044103745362976095,-0.0003474695073472245,-0.04331008166294433,-0.042705651707154624,0.27103697494788087,0.04296261215559729,0.3350301506819057,0.029650388706294786
2020-07-10,-0.0029048418740357965,0.03187710876274783,-0.0029048418740357965,0.029650388706294786,-0.3510982386988115,0.03478195063678366,-0.0908777984876554,0.001992594740992649
2020-07-13,0.009458791119280857,0.01974967668059922,-0.004940092334131073,0.001992594740992649,0.12896169693445744,0.024689769014730214,0.026831171356205673,0.033960062832904585
2020-07-14,-0.00011712789025452669,0.036785721726966994,-0.004224373862422453,0.033960062832904585,0.05051196010467907,0.04101009558938945,0.06790578605904977,0.006093461892351119
2020-07-15,0.02050149488214895,0.020612401752342496,-0.001585856603139391,0.006093461892351119,-0.22603732499478885,0.022198258355481875,-0.20155072572290572,-0.005980257927742867
2020-07-16,-0.0050752597927423695,0.006615530750735158,-0.01747662427571107,-0.005980257927742867,-0.21318104281114952,0.024092155026446363,-0.39241453680735533,-0.013329712018758967
2020-07-17,0.0005657413801317322,0.008452183014574196,-0.01654624287330261,-0.013329712018758967,0.2180217138204623,0.024998425887876853,-0.05364883448943155,-0.022267020055039225
2020-07-20,-0.004137468280347284,0.00343480326060729,-0.02779409465514566,-0.022267020055039225,0.92062739141718,0.031228897915753073,0.8750873692633769,0.06931340321989922
2020-07-21,0.013974893703736562,0.07302686273169974,0.012701959328459614,0.06931340321989922,0.00931883991174952,0.060324903403240225,0.6587422381295328,-0.0038370761712321383
2020-07-22,-0.015882130136299643,-0.0015330641429715883,-0.0276238969217216,-0.0038370761712321383,-0.38184614558682156,0.02609083277874997,0.09772316868302115,-0.00032956637259549764
2020-07-23,-0.0059491297284599825,0.003727625644075883,-0.011267149860529754,-0.00032956637259549764,-0.44884974855870363,0.014994775504605548,-0.44066514647590566,-0.009716371966987832
2020-07-24,0.0051509917886545225,0.018830441866951497,-0.011381953341166708,-0.009716371966987832,0.005179161711778339,0.0302123952081181,-0.4698827851495778,0.010045938339583373
2020-07-27,-0.004113576521012055,0.010594946458761915,-0.014866357729991163,0.010045938339583373,0.13793787703129398,0.02546130418875308,-0.3442654079210435,-0.021427411960294792
2020-07-28,-0.006280662903785201,0.001426895078510399,-0.025250263170195054,-0.021427411960294792,-0.1130555539330621,0.02667715824870537,-0.30933246650268564,0.010715573933399083
2020-07-29,0.00414360566390393,0.010826616244318034,-0.0059654493077960676,0.010715573933399083,-0.06080420124190413,0.016792065552114047,-0.1715622905957957,-0.04310526823090425
2020-07-30,-0.018375860368757425,-0.0175845903935609,-0.04973435241348736,-0.04310526823090425,0.45955293054520857,0.03214976201992641,0.3974471442485607,-0.02737958718596088
2020-07-31,-0.03563374531598727,-0.025475325341263805,-0.05675613586197371,-0.02737958718596088,0.6369224991182896,0.031280810520709926,0.9356294452048767,0.010311144596255171
2020-08-03,0.00047642823847930834,0.01419466624062751,-0.0016692430853852585,0.010311144596255171,-0.5330176346066962,0.01586390932601276,0.11499172816602635,0.019615344032423855
2020-08-04,-0.003898571892454454,0.02227112018087476,-0.0062688571347470625,0.019615344032423855,-0.21186392437941495,0.02853997731562195,-0.16677000709045123,0.008175520298451821
2020-08-05,0.01889767686978558,0.022182506419428386,-0.0009253233853317717,0.008175520298451821,-0.2146589544097174,0.023107829804760175,-0.4232555438465159,0.0030915954697303253
2020-08-06,-0.008869454622262832,0.00799552613267983,-0.01269490220619654,0.0030915954697303253,-0.040200959145639245,0.020690428338876354,-0.4800797621398488,-0.007689234562637104
2020-08-07,-0.006768066815329572,-0.004124196549964263,-0.019976455132824575,-0.007689234562637104,0.021012544754955495,0.01585225858286027,-0.40342359162473557,0.03319854189665829
2020-08-10,0.01304813469004137,0.03353280874894094,0.009174323698832552,0.03319854189665829,0.12604694729798577,0.024358485050108288,-0.02643935986056076,-0.001226658716489265
2020-08-11,0.02443971913954917,0.03590183850066365,-0.006260559109099555,-0.001226658716489265,0.10740377536065851,0.0421623976097632,0.15716260563511084,0.012199313430191238
2020-08-12,0.013080779211941429,0.022507579029194008,-0.001898764167157792,0.012199313430191238,-0.0018641390375947735,0.02440634319635167,0.15539131926361494,-0.009970189173209423
2020-08-13,-0.009413641203159686,0.006153838745484194,-0.010638387861419166,-0.009970189173209423,-0.21370975233501938,0.016792226606903292,-0.10205343735131737,0.005883335887750179
2020-08-14,-0.009171294529814845,0.008536126994145708,-0.010858126834945718,0.005883335887750179,-0.14252050816525838,0.01939425382909133,-0.251438792120616,0.004637797405977086
2020-08-17,0.0,0.01352192707328956,-0.006997276892000595,0.004637797405977086,0.5015250581215647,0.020519203965290167,0.2709490040762838,-0.035205423830865376
2020-08-18,-0.02002954957861575,-0.015543711429674714,-0.03874926936885151,-0.035205423830865376,-0.2717505370509281,0.023205557939176828,-0.057350088759872214,-0.014251452419095631
2020-08-19,-0.0037728759221264756,0.003076448325574022,-0.016453231458392607,-0.014251452419095631,0.1333763345596654,0.019529679783966632,0.10222348810153468,-0.018458489718885945
2020-08-20,-0.01129167732830189,0.0057710225209769775,-0.019402151476163306,-0.018458489718885945,-0.14715242950217064,0.025173173997140433,-0.046455575881362975,0.003178580266765679
2020-08-21,-0.0016521055584279843,0.003296045236560089,-0.015447020841162212,0.003178580266765679,0.13427422857765478,0.018743066077722442,0.07438379731103237,0.024612284064110285
2020-08-24,0.006093253468407695,0.026216494274464132,-0.0022357182936353186,0.024612284064110285,-0.029863060171968433,0.02845221256809937,-0.017199357552636473,-0.01234654500542533
2020-08-25,0.009246172740597292,0.009586971139543177,-0.016651573685815383,-0.01234654500542533,-0.24558792923558995,0.026238544825358426,-0.22297150105404218,-0.015798099386274272
2020-08-26,-0.0048882566831804745,-0.0033726952518817015,-0.01721447256284233,-0.015798099386274272,0.09092789064564846,0.0138417773109606,-0.10485628115966825,0.0015322636145660776
2020-08-27,0.004472231501960074,0.00997600543709159,-0.009600044793167383,0.0015322636145660776,-0.006472514505617479,0.019576050230259042,-0.07123391202660212,0.008443741822525625
2020-08-28,0.0016474395832190777,0.00961094670713311,-0.00697283396678233,0.008443741822525625,-0.017672929302253865,0.016583780673915378,-0.07797768824886085,-0.020052535232291516
2020-08-31,0.0023329601005300632,0.003148189790539988,-0.02076764321869644,-0.020052535232291516,0.2557351597873778,0.023915833009236432,0.22163211133384578,-0.010179100683243163
2020-09-01,-0.00801485430663811,-0.0035808471794440246,-0.017791109738640173,-0.010179100683243163,-0.048511527495547054,0.014210262559196291,0.1548060232077954,0.0013231565955803184
2020-09-02,-0.0002408122382460104,0.010536463000536452,-0.004584455919468627,0.0013231565955803184,0.1853922716621058,0.015120918920005213,0.28574774718675533,-0.010999127694356183
2020-09-03,-0.0016843048378149047,0.015505981237778627,-0.01795079545112594,-0.010999127694356183,0.40219787239982896,0.03345677668890466,0.609106649949441,-0.004262822070233277
2020-09-04,0.0021852662272774694,0.016393817314276107,-0.016914207023049615,-0.004262822070233277,-0.43081476998672624,0.03330802433732569,-0.0029395923971619695,-0.03679717891126111
2020-09-08,-0.0176080434540412,-0.016614725391919303,-0.04864370039213462,-0.03679717891126111,0.3512545405614677,0.03202897500021537,0.28925153720257796,0.013333500158587586
2020-09-09,0.012583530641013856,0.02624492626796878,0.008950568139062323,0.013333500158587586,-0.47744769734428283,0.017294358128906447,-0.2820485289975363,-0.023771472733398125
2020-09-10,0.007469205507023318,0.010688650358524236,-0.02505186306440914,-0.023771472733398125,0.24522001177907934,0.035740513422933384,-0.041361647461509075,-0.0059034960051842465
2020-09-11,0.0011509220305148792,0.006886037180026846,-0.013915980562307629,-0.0059034960051842465,0.1477761880617892,0.02080201774233447,0.08996244104155328,-0.005161987423170496
2020-09-14,-0.0027066985220557858,0.0037258462157954172,-0.009960683471387642,-0.005161987423170496,-0.5177236138803873,0.013686529687183072,-0.38797919682367443,-0.01223658128480781
2020-09-15,0.0034872059326715977,0.015279265067357141,-0.017357719072803656,-0.01223658128480781,0.3602857607827342,0.0326369841401608,0.01177377889117471,0.028534621289921673
2020-09-16,0.0,0.040177448240495676,-0.005121137787995771,0.028534621289921673,0.1040896778000554,0.045298586028491405,0.1728347839675877,0.0029234639081920527
2020-09-17,-0.013197690483292246,0.003684661088134232,-0.028272648104805797,0.0029234639081920527,-0.21359750958232854,0.031957309192940014,-0.10698333868966799,-0.007388591969932428
2020-09-18,-0.011616951640287088,0.004558708727900888,-0.016508160518137215,-0.007388591969932428,0.3225631634326233,0.02106686924603817,0.23858647334182498,-0.024724526620269735
2020-09-21,-0.02551127358137182,-0.02014787968258727,-0.04618518214753835,-0.024724526620269735,0.10958020237396096,0.0260373024649511,0.3345248898385257,-0.010143066123711342
2020-09-22,-0.0019678789082600338,0.015991964198717852,-0.012529073465281593,-0.010143066123711342,-0.5706555070130417,0.02852103766399956,-0.36565904252994247,-0.04855852124512914
2020-09-23,0.0007940386935505816,0.005018564107929941,-0.04994932087549774,-0.04855852124512914,0.5980619890975863,0.05496788498342761,0.27224158546882526,-0.002086872360627616
2020-09-24,-0.00977657176963605,0.014898907998530945,-0.02035868110017289,-0.002086872360627616,-0.09083650272042697,0.03525758909870381,0.12573080494798972,0.00041772302044502637
2020-09-25,-0.011063776280250535,0.009426189492263513,-0.014449383904491641,0.00041772302044502637,-0.31724175168475355,0.02387557339675512,-0.2591119597428502,0.028816462118697105
2020-09-28,0.024886106498348094,0.03998076958365983,0.018209906747508473,0.028816462118697105,0.15013325223318916,0.021770862836151317,-0.059722276600226644,-0.027842417747671752
2020-09-29,0.0009463895072592088,0.0028364857932565036,-0.038890721218280945,-0.027842417747671752,-0.1980069853631159,0.04172720701153745,-0.20764647173678608,0.0013898330668167067
2020-09-30,0.004856041043302865,0.013675161071284808,-0.004041548407117528,0.0013898330668167067,-0.00823049913651548,0.017716709478402273,-0.23717544053236833,-0.02218883129106188
2020-10-01,-0.00682878908258004,-0.0016680953113547977,-0.02774241477977471,-0.02218883129106188,0.35523981536507787,0.026074319468419895,0.21589461003633226,0.010875105685018059
2020-10-02,-0.02153090263309268,0.01759493673242211,-0.02298289179006458,0.010875105685018059,-0.4154608497856331,0.040577828522486654,-0.1950211484624036,0.020988949152049713
2020-10-05,0.004624690518255006,0.021401606912542896,-0.006765400741498192,0.020988949152049713,0.20108941615666795,0.028167007654040996,0.02657790537738611,-0.0055171711876916526
2020-10-06,0.015559198037336672,0.022038747837281363,-0.006209015569519768,-0.0055171711876916526,0.23844522435826646,0.028247763406801133,0.278994775676749,0.020263504248983235
2020-10-07,-0.0017997496615986348,0.022159231188297237,-0.010287946850764269,0.020263504248983235,0.007542830373712234,0.03244717803906149,0.2077678585266813,0.0193294936472756
2020-10-08,0.00823384037514415,0.02370705348927732,0.002842244442225237,0.0193294936472756,-0.28481580953445185,0.020864809047051895,-0.15306327564023442,-0.016352076066458696
2020-10-09,0.008472375035887063,0.011499632789146556,-0.016622337490090223,-0.016352076066458696,0.05619502978930936,0.0281219702792367,-0.04615463387270686,0.006868280031852096
2020-10-12,-0.005012579126030817,0.012756090627187164,-0.010869713927585246,0.006868280031852096,-0.3028884391271443,0.023625804554772294,-0.3858358584431629,-0.015009416827011164
2020-10-13,0.003082022239157792,0.003082022239157792,-0.023492197824516156,-0.015009416827011164,0.14214641952557394,0.026574220063674058,-0.19771448186425578,-0.006149723273771528
2020-10-14,-0.0016362527012026367,0.0139351340629805,-0.006698102362866468,-0.006149723273771528,-0.3915824365283089,0.020633236425846756,-0.509920644789215,0.007647247311163105
2020-10-15,-0.015611248586477777,0.010499916225025772,-0.02161643817040858,0.007647247311163105,0.3536906867553559,0.03211635439543445,-0.002900654680637233,-0.008470033425878664
2020-10-16,0.0001359519408869992,0.007048919519301319,-0.017012421601404135,-0.008470033425878664,-0.07716519842390941,0.02406134112070561,-0.049062364625257635,-0.022335680983434535
2020-10-19,0.0030137176331016045,0.006154665689339561,-0.023599053610511973,-0.022335680983434535,-0.10750489251273376,0.029753719299851503,-0.09418584368900837,0.005596006887060624
2020-10-20,0.008799622003600554,0.014070053639763812,-0.0033726544656836684,0.005596006887060624,-0.07500581559423697,0.017442708105447596,-0.15383223524940323,-0.011364521346771544
2020-10-21,-0.007702622792279717,-0.001396042005735287,-0.01334191441501101,-0.011364521346771544,0.2343379469221965,0.01194587240927561,0.1417776247239412,0.035076704831632576
2020-10-22,0.00014101596970007857,0.03630206189508636,-0.004242130889079999,0.035076704831632576,0.0009688589130554665,0.04054419278416626,0.08023674422743764,-0.011372347324225887
2020-10-23,0.007194747287899871,0.01299421465229564,-0.021621714830797386,-0.011372347324225887,-0.11696788190382498,0.034615929483093,-0.03137092850856438,-0.02271712532422288
2020-10-26,-0.011642492146866685,-0.009414444579080533,-0.03263369017122783,-0.02271712532422288,0.10680438065712736,0.023219245592147365,0.08836241219079899,-0.020363825915460692
2020-10-27,-0.007357196035568339,-0.004804360874381399,-0.020651657175878663,-0.020363825915460692,0.3836272318862665,0.01584729630149735,0.4419863519899188,-0.038570730135970815
2020-10-28,-0.026532163257127244,-0.0207871466843499,-0.046828346702410165,-0.038570730135970815,0.11332843471030107,0.026041200018060262,0.4226366137345812,0.028303861587111727
2020-10-29,-0.011277467555631823,0.03323349795658476,-0.026054087773486098,0.028303861587111727,-0.2612397176740337,0.05928758573007085,0.05002927782212788,0.01012296327450461
2020-10-30,0.015861881772977482,0.01886165662826205,-0.010520278135490765,0.01012296327450461,0.3354559775528213,0.029381934763752858,0.34390503598370775,0.03742055379783608
2020-11-02,0.01711877716688834,0.050228003994542005,-0.0014398630712601167,0.03742055379783608,-0.40420656445180914,0.05166786706580222,-0.1903542164872655,-0.005698864041843443
2020-11-03,0.01390156721025104,0.015813344157826127,-0.015363408873217375,-0.005698864041843443,-0.28752232456265475,0.031176753031043534,-0.5029822121334653,0.0004180723417474892
2020-11-04,-0.013471984655863207,0.025460654848085188,-0.026125873570732705,0.0004180723417474892,0.2384258087361684,0.05158652841881794,-0.18194012023824863,0.005142152346252644
2020-11-05,0.0018097712807523623,0.016581899837877556,-0.00013926714884821662,0.005142152346252644,-0.027654011980478,0.016721166986725888,-0.12962594325418933,-0.013818321032934153
2020-11-06,0.004977894845889939,0.01554253534119674,-0.01832600139780789,-0.013818321032934153,-0.23918035464815074,0.0338685367390047,-0.3409050733949285,0.10970804148890337
2020-11-09,0.11723628869207663,0.1692355439670036,0.09524629809704245,0.10970804148890337,1.0544035176833941,0.07398924586996095,0.8760258731041702,0.04518523470655352
2020-11-10,0.021677662785389698,0.046147836519147084,0.0038966494833958644,0.04518523470655352,-0.46799359169611937,0.04225118703575118,0.1842689693016616,-0.007370306001192174
2020-11-11,0.01232292665801477,0.016949536703665204,-0.015406341261008408,-0.007370306001192174,-0.2561943841476681,0.032355877964673534,-0.16981011989977562,-0.021946579925274035
2020-11-12,-0.018111064118195314,-0.002671540444780049,-0.03141226896177565,-0.021946579925274035,-0.26612456851736194,0.02874072851699552,-0.44624593909218613,0.028835237321190813
2020-11-13,0.005932576512994901,0.03268185463912165,0.004452705157008796,0.028835237321190813,0.19949806592557773,0.028229149482112942,-0.22194874766689887,0.06898484663883628
2020-11-16,0.03793210881793872,0.07145482904936445,0.029782139929690886,0.06898484663883628,0.5555238457592708,0.04167268911967353,0.29712933881840653,-0.02181902658472355
2020-11-17,-0.02919912674017744,-0.016205242412587504,-0.04753754480618977,-0.02181902658472355,-0.28111087479959557,0.03133230239360224,0.09010843472096065,-0.03222321917401138
2020-11-18,0.003784212120117779,0.009832028424291556,-0.032579224393628065,-0.03222321917401138,-0.3029703739947308,0.042411252817919416,-0.20194748786380654,0.017058287395622585
2020-11-19,-0.008699282884559937,0.019737486671601228,-0.014581365642765758,0.017058287395622585,-0.1822705362411642,0.034318852314367036,-0.36776332726109984,0.0006995984088891474
2020-11-20,-0.00011667700174705756,0.006742576097373622,-0.009964399900395382,0.0006995984088891474,-0.061439844839246,0.016706975997768943,-0.4276243149432604,0.05928664885069863
2020-11-23,0.019164706310837592,0.065310466966395,0.011243250324370624,0.05928664885069863,0.4781040357812995,0.054067216642024525,0.09214656315949056,0.049192922814587335
2020-11-24,0.025595157478815415,0.0512823191627919,0.021410384045957832,0.049192922814587335,0.254532300556015,0.02987193511683405,0.4429766195275804,-0.03707287903829042
2020-11-25,-0.009879244052868429,-0.009879244052868429,-0.03707287903829042,-0.03707287903829042,-0.49148978025886464,0.02719363498542205,-0.10001651557154038,-0.009048868992902593
2020-11-27,-0.008829812131232117,0.0048719520244711245,-0.01751740076392771,-0.009048868992902593,-0.8246912723250658,0.02238935278839879,-0.924243123394014,-0.046285333579920776
2020-11-30,-0.014339484888441776,-0.0050505058440975,-0.04950223406032537,-0.046285333579920776,1.1273880348502838,0.04445172821622792,0.27776343251260405,0.0030922162566655058
2020-12-01,0.023802534649479012,0.02860728505501039,-0.0012625609751949901,0.0030922162566655058,-0.3655404674626349,0.029869846030205347,-0.1928207710665788,0.027297045664567362
2020-12-02,-0.002174974390762859,0.043193117323255405,-0.004010300227681697,0.027297045664567362,0.05838157337280356,0.04720341755093694,-0.07505373450338407,-0.0007792029399111202
2020-12-03,0.007869246110841978,0.013703362192824822,-0.008941638214472896,-0.0007792029399111202,-0.24210016754466637,0.022645000407297833,-0.19031196499054706,0.03802070022364881
2020-12-04,0.015689175373428947,0.03984149195289367,0.012394969553064128,0.03802070022364881,0.2685327626919075,0.02744652239982951,0.12555588933634598,-0.027387026066965275
2020-12-07,-0.015775574018296972,-0.00969523424463252,-0.03713029275693675,-0.027387026066965275,-0.13818225829823852,0.027435058512304145,-0.13441280309778267,0.008557361778110275
2020-12-08,-0.00463839375928413,0.018557425209427613,-0.006300100201571443,0.008557361778110275,-0.20880554566842702,0.02485752541099908,-0.24783840233123597,-0.012089370822356772
2020-12-09,0.007184052236335107,0.016038442480763998,-0.023990959100879845,-0.012089370822356772,0.37785633912481376,0.040029401581643774,0.177938486861578,0.03166917923741761
2020-12-10,0.012198630050317648,0.04454785343466366,0.0037523091769602543,0.03166917923741761,0.07465784417957258,0.04079554425770324,0.23937686885455095,-0.009687928818633796
2020-12-11,-0.008822950573520876,-0.0007501441262056627,-0.02516674453464973,-0.009687928818633796,-0.22410088936204528,0.024416600408444098,-0.0610299736690451,-0.033099888119943785
2020-12-14,0.010223436748516076,0.013430231851608508,-0.035338579197019986,-0.033099888119943785,0.2411575853015586,0.048768811048628555,0.20410015129254688,-0.000782950577362935
2020-12-15,-0.00022368637455086907,0.01156083220588235,-0.00751931943922489,-0.000782950577362935,-0.03530067831269998,0.019080151645107065,0.11402523281727302,-0.007637915210233653
2020-12-16,-0.0019040807525756403,-0.00022386159811819804,-0.017154288862040713,-0.007637915210233653,-0.17418678915222174,0.016930427263922455,-0.13616088136939186,-0.0031620440761704134
2020-12-17,0.00953829212183194,0.009649991669760846,-0.012937077326599631,-0.0031620440761704134,0.1719422910538297,0.022587068996360555,0.05783845834701549,-0.013895453398890553
2020-12-18,-0.004875572763385741,0.0033874853724399022,-0.024619110854888084,-0.013895453398890553,0.8477901864920722,0.02800659622732796,0.9100247648296674,-0.01269645530900059
2020-12-21,-0.03311488253858606,-0.00402237060138894,-0.04288383928684629,-0.01269645530900059,-0.875264584296728,0.03886146868545729,-0.24532654406732843,-0.02029985528605552
2020-12-22,-0.007578814345316208,-0.00337417606952302,-0.021011316922742513,-0.02029985528605552,-0.2861755455848085,0.017637140853219484,-0.520933466875979,0.015642798326516057
2020-12-23,0.007557893644660001,0.026899095724464854,0.007557893644660001,0.015642798326516057,-0.17282545216132433,0.019341202079804793,-0.648625626832982,-0.004210047165168842
2020-12-24,0.002796853704405576,0.002796853704405576,-0.01032272958533758,-0.004210047165168842,-0.7726316504050625,0.013119583289743178,-1.3818459999834696,-0.005052002717041249
2020-12-28,0.003275991876833167,0.015120030190300272,-0.008355436257247262,-0.005052002717041249,0.8812555151950177,0.023475466447547434,-0.36514183626808877,-0.0034216411398480685
2020-12-29,0.004231325102584404,0.009612073556000956,-0.01006221512650065,-0.0034216411398480685,-0.04848717600848738,0.01967428868250148,-0.0070901000952624214,0.008473643856889212
2020-12-30,0.0,0.023016393012422715,-0.0008276641819537927,0.008473643856889212,0.029669669203581824,0.023844057194376617,0.1249819348420681,-0.010366506890055024
2020-12-31,-0.005052002717041249,-0.0015247159904878834,-0.016185629958899016,-0.010366506890055024,0.055254786063554336,0.014660913968411182,0.20004898481211092,0.0030740405187273546
2021-01-04,0.008254817911641699,0.01760608920571004,-0.006653197534362969,0.0030740405187273546,0.10064441753788615,0.02425928674007304,0.26823883150145045,0.026674471018907686
2021-01-05,0.009165737414391743,0.05187159574638761,0.007175242390636369,0.026674471018907686,0.3733687898598976,0.04469635335575126,0.4871131155729753,0.031676890637509635
2021-01-06,0.02272825107755609,0.0425308649269069,0.009381143003973068,0.031676890637509635,0.036738168339038826,0.03314972192293386,0.4015136817818596,0.004666136218450466
2021-01-07,0.006548625765802576,0.011294513017485085,-0.005471572932613491,0.004666136218450466,-0.40452424251429697,0.016766085950098576,-0.12886056112614075,0.0094871157888011
2021-01-08,0.020406638788559785,0.024200459067838635,0.0025460325910384644,0.0094871157888011,0.18305532007251418,0.021654426476800322,0.028314716724432587,0.005692993722672776
2021-01-11,-0.021754454301452886,0.011136665394284146,-0.02794506492344189,0.005692993722672776,-0.04747737232719901,0.03908173031772602,-0.06955413065739736,0.018817446265567382
2021-01-12,0.01150566448849293,0.0250120815618711,0.0012001595659831424,0.018817446265567382,0.026802600761371777,0.02381192199588799,-0.06701567729332338,-0.0009646427636600868
2021-01-13,-0.001501012340222489,0.0019265799808723463,-0.015112484355161136,-0.0009646427636600868,-0.11642798238756467,0.017039064336033517,-0.13985897038927925,0.02373744906693778
2021-01-14,0.007372248063919197,0.03239191986823282,0.005774191758382184,0.02373744906693778,0.36096877805615724,0.026617728109850598,0.2990698023718995,-0.03625518762422241
2021-01-15,-0.013389021363086647,-0.012434304922104289,-0.0403900930028619,-0.03625518762422241,-0.3087431075893388,0.027955788080757632,-0.0960056481113743,0.025939351643545827
2021-01-19,0.015195116328001038,0.031426298411133397,0.012946610820007136,0.025939351643545827,-0.06761609037272741,0.018479687591126014,-0.14739596089039095,0.009163212463686652
2021-01-20,0.005171219990354687,0.011048625299010465,-0.0022244496085500457,0.009163212463686652,-0.09175091179490036,0.013273074907560536,-0.21985128195583953,-0.035971594062230265
2021-01-21,-0.016064567204814393,-0.0075773209087931425,-0.04459469940835047,-0.035971594062230265,0.17375838909566454,0.03701737849955725,-0.005044456719671779,-0.0030477738942696377
2021-01-22,-0.017653005734320455,0.00021730757493597133,-0.023978274386973142,-0.0030477738942696377,-0.2856603389362584,0.024195581961908998,-0.30344772347632787,-0.009089498147593312
2021-01-25,-0.012174546569596734,-0.007660407010074767,-0.026512117905979692,-0.009089498147593312,-0.015639028418058025,0.018851710895904965,-0.19571538788894532,-0.017086856378579634
2021-01-26,0.014200079493442536,0.02187130409910512,-0.018094570382784243,-0.017086856378579634,0.01783874283072577,0.03996587448188926,-0.12168003459879788,-0.013066233178883667
2021-01-27,-0.020691583792964745,0.011017838558505036,-0.029642742764231452,-0.013066233178883667,0.2625961526276919,0.04066058132273643,0.1812402533193738,0.009254097465510317
2021-01-28,0.00531466432938277,0.021868038163009928,0.0005667674010898774,0.009254097465510317,-0.2215851062530159,0.021301270761919983,-0.07377019385570913,-0.0438596278613109
2021-01-29,-0.02490882071746141,-0.01905251974976205,-0.04715141060488517,-0.0438596278613109,0.5891413419780109,0.028098890855123078,0.567687158871519,0.014102054217411196
2021-02-01,0.009229587563511327,0.024349099786174257,-0.007421807830943278,0.014102054217411196,-0.5992344087853573,0.03177090761711768,-0.18457739994885816,0.007494055847423076
2021-02-02,0.01834701642438101,0.022429124376465624,0.0013877082774381476,0.007494055847423076,0.1341953739831479,0.021041416099027432,-0.05826420804183669,0.02158931212947264
2021-02-03,-0.00011480680962467783,0.026411304190448723,-0.0019545642546522153,0.02158931212947264,0.0025311539993447566,0.028365868445100854,-0.08404600223592566,0.0004495495213170221
2021-02-04,0.0061635545378549445,0.00772639686071946,-0.01141838372603742,0.0004495495213170221,-0.15623787784674986,0.01914478058675695,-0.22179880598120902,0.002917113401657664
2021-02-05,0.0105064387552537,0.016381947798415522,-0.004053153618901271,0.002917113401657664,0.012513577241818343,0.020435101417316723,-0.20445961751869693,0.02456692271660205
2021-02-08,0.011473239325443566,0.03066979198042699,0.008367315868453181,0.02456692271660205,0.2095785980884445,0.022302476111973838,0.15115884831602713,-0.005700566473283206
2021-02-09,-0.004162618333981059,-0.0022982961018661895,-0.018424105351666324,-0.005700566473283206,-0.2623086351609466,0.016125809249800234,-0.15292562779541474,0.017004961702792514
2021-02-10,0.0046067667012999565,0.017761265530949893,-0.003965643170113333,0.017004961702792514,0.14346805427690593,0.021726908701063367,0.027965207786148746,-0.00541889283306502
2021-02-11,-0.0016225207408225666,-0.000864989263017053,-0.02672661636154529,-0.00541889283306502,-0.023791983968182787,0.025861627098528333,0.015428000156339803,0.005743163746814609
2021-02-12,-0.005339134186800952,0.007686172766450458,-0.007307642126483433,0.005743163746814609,-0.08697744201751682,0.014993814892933943,-0.08694477851920654,0.006247265047992712
2021-02-16,0.005387943891568237,0.01405524487540006,0.0006480617790770446,0.006247265047992712,0.5779155111724591,0.013407183096322918,0.49468733140886234,0.029518154588213604
2021-02-17,0.0242918438568875,0.03782388188588624,0.01142381214408629,0.029518154588213604,0.02372740359300381,0.02640006974179986,0.4263193050319038,-0.00963760002932373
2021-02-18,-0.0017738635691092154,-0.0014606094602658995,-0.01703326962822851,-0.00963760002932373,-0.4625944024220949,0.015572660167962549,-0.1707047217115929,0.00838582523178285
2021-02-19,0.0013674567459434446,0.014421791114218159,-0.0036909978239317177,0.00838582523178285,-0.013006954251075708,0.01811278893814979,-0.18840212132390466,0.026676449841960104
2021-02-22,0.01234514154786219,0.03930096743608824,0.0068656883172379555,0.026676449841960104,0.39099003376213465,0.03243527911885034,0.19626151516596824,0.012524129814659236
2021-02-23,0.01593098651549996,0.01782977724009749,-0.016292140865329475,0.012524129814659236,0.12101283236581464,0.03412191810542689,0.22355542851338348,0.03627085674056236
2021-02-24,0.007001474698898739,0.04331215289127058,0.0018050577490142925,0.03627085674056236,0.08019784504799246,0.0415070951422563,0.2892635324438143,-0.009335856030647807
2021-02-25,0.015273376718779336,0.01584516324364246,-0.016789084173984333,-0.009335856030647807,-0.19814224910879244,0.032634247417626584,0.06214970391626037,-0.02322811121076635
2021-02-26,-0.0202325718046692,-0.01268392149308315,-0.0474183437590226,-0.02322811121076635,0.08930779311661738,0.03473442226593942,0.08619897762647855,0.020292733172297
2021-03-01,0.024302283587503692,0.03729581414406068,0.013902920217106825,0.020292733172297,-0.32534310747236905,0.023392893926953852,-0.3193963469514239,0.0038143660034840343
2021-03-02,-0.0015691251644933749,0.012271234069117294,-0.0033373015242339136,0.0038143660034840343,0.019314373326038727,0.015608535593351193,-0.26121374977275996,0.011163479554179173
2021-03-03,0.009424419446504293,0.03180053276251502,0.009327691667505677,0.011163479554179173,0.34031026726098573,0.022472841095009313,0.1422706688219285,0.008746306686814044
2021-03-04,0.008937643816740047,0.03779400914744516,-0.004450463022305889,0.008746306686814044,0.4299823657633372,0.042244472169751114,0.5902614784751394,0.0421608108242779
2021-03-05,0.02326785282929182,0.0433527355521488,0.015666131119141797,0.0421608108242779,0.027622037292039915,0.027686604433007262,0.4751539781305557,0.006857169726137045
2021-03-08,0.007858951241052098,0.013033956593418109,-0.008661276406285818,0.006857169726137045,-0.27062736300128143,0.021695232999703953,0.08676943369995642,-0.0022805026987252177
2021-03-09,-0.006215176812610148,0.008528471498501014,-0.01718557914335547,-0.0022805026987252177,0.05276529404160253,0.025714050641856407,0.0516601911141156,0.016933466810229506
2021-03-10,0.00637231976935634,0.022663622838876074,0.0018247902055055537,0.016933466810229506,-0.08911240062890402,0.020838832633370465,-0.1260976640039413,-0.001617544394560719
2021-03-11,0.002510975886008938,0.010539578400640985,-0.004319302605777714,-0.001617544394560719,-0.4589493064431841,0.014858881006418578,-0.6094015215599907,0.0033220692028199388
2021-03-12,0.004038931528756755,0.013488922294909889,-0.004235968777728267,0.0033220692028199388,-0.0054015222709192625,0.01772489107263809,-0.4883549719597993,-0.011812026548088763
2021-03-15,-0.00026893881366393953,0.0031324686785920834,-0.02422434812228691,-0.011812026548088763,-0.041307002742873355,0.027356816800878845,-0.37571076170461115,-0.02395819413855466
2021-03-16,-0.015723893116641997,-0.012504181209516964,-0.02917427857492817,-0.02395819413855466,0.10922033385413354,0.016670097365411158,-0.1624358377601745,0.0036166348408249727
2021-03-17,-0.00400280085982278,0.008510672849209037,-0.009708822770717603,0.0036166348408249727,-0.2436674774584028,0.01821949561992676,-0.2937512428763031,-0.03686484852385582
2021-03-18,-0.009486647027410755,-0.004639087979000568,-0.04081042125534612,-0.03686484852385582,0.3679563128731354,0.03617133327634569,0.21771540429278452,-0.007132613305304669
2021-03-19,-0.001730273436463056,0.0073680696491747084,-0.013342602258836028,-0.007132613305304669,0.33354321149458427,0.02071067190801084,0.5097644092515387,-0.008158517916020739
2021-03-22,-0.0031001739891607285,0.01077557820480071,-0.010404097172047676,-0.008158517916020739,-0.3908757140118364,0.021179675376848433,-0.0087571628549142,-0.005574310936711363
2021-03-23,-0.010686939093618732,0.017018415982104806,-0.018206461109761332,-0.005574310936711363,0.1669815159904153,0.03522487709186617,0.12670208378817183,0.026420424381518964
2021-03-24,0.00995321104826159,0.03649373195489401,0.009176191086220838,0.026420424381518964,-0.29306125589072546,0.027317540868673128,-0.21262519178563402,0.003527703067332371
2021-03-25,-0.017827487465849848,0.005334411491579359,-0.025440239303312313,0.003527703067332371,0.010051968238718217,0.03077465079489162,-0.2294563840219294,0.022678023184205753
2021-03-26,0.013893718285942191,0.023236088098713362,0.0027562714318516836,0.022678023184205753,-0.1259391527936646,0.020479816666861828,-0.32483681436837847,-0.005223940835136548
2021-03-29,-0.01009922373187901,0.00046505206983504186,-0.016699950976079243,-0.005223940835136548,-0.26391431346527,0.01716500304591422,-0.45222929240962095,-0.009302372655929512
2021-03-30,-0.008075925455374515,-0.0008420710475655164,-0.012517239009181527,-0.009302372655929512,-0.18242497887147807,0.011675167961615975,-0.5471535328308987,-0.010820145265692211
2021-03-31,-0.0035936982820834545,0.0027339249971443953,-0.012634964446254063,-0.010820145265692211,0.35404283517191276,0.015368889443398424,-0.022965304340258254,0.009119461702755455
2021-04-01,0.004475143996799164,0.010159115971858224,-0.0055502710047036045,0.009119461702755455,-0.050221770041790674,0.01570938697656188,-0.02689498252930788,-0.011795036879534248
2021-04-05,-0.00018911143189504197,0.00075623248109454,-0.015053655507592474,-0.011795036879534248,0.02056033142458495,0.015809887988686974,0.05549254789731426,-0.00893850237342219
2021-04-06,-0.0024909203679422654,0.005439201195825451,-0.010194406355135209,-0.00893850237342219,-0.06752555714334524,0.015633607550960667,0.015771526670562187,0.005871900182912323
2021-04-07,-0.001062551258918997,0.009512422018678957,-0.0030941785340480384,0.005871900182912323,-0.053828620196122626,0.012606600552727094,-0.052525633858157825,-0.011293067304165532
2021-04-08,-0.006451380531627978,-0.0054857909634085785,-0.020557329430803614,-0.011293067304165532,0.07307580597987988,0.015071538467395012,-0.013724057554421628,-0.0009711419296824226
2021-04-09,0.0009702737135682679,0.006386123995226336,-0.008970401326503064,-0.0009711419296824226,-0.14517861434138896,0.01535652532172929,-0.142782894062787,-0.011138360455354716
2021-04-12,0.0072607900501864475,0.009091874670353684,-0.013794632781623297,-0.011138360455354716,0.09096449508345224,0.02288650745197696,-0.018545029561905377,0.004509360567810957
2021-04-13,-0.0021638763697161764,0.008024308697414606,-0.004825910429760065,0.004509360567810957,-0.1386810701711096,0.012850219127174631,-0.13580921048826394,0.019660686871924415
2021-04-14,0.004002188594861174,0.02977532649747962,0.0035149481296035978,0.019660686871924415,0.40056775418737406,0.026260378367875963,0.29843004284511604,-0.008185307343835059
2021-04-15,-0.0024965877031314296,0.0,-0.012934508103521182,-0.008185307343835059,-0.26002756872502314,0.012934508103521196,-0.025492527151659058,-0.0044577948672377835
2021-04-16,0.0036676508691112883,0.009048116854007058,-0.009618707835238157,-0.0044577948672377835,-0.052335018719597594,0.018666824689245298,-0.0672928782242002,0.0029095457435797615
2021-04-19,0.0030063307811316786,0.008414409554681094,-0.007311043012134861,0.0029095457435797615,-0.05383861145894063,0.015725452566815793,-0.1285236138071219,-0.01886756460894392
2021-04-20,-0.004172943091664289,-0.002618224743788201,-0.0269928538488247,-0.01886756460894392,0.3250513691678432,0.02437462910503638,0.216054934664079,0.013721684374980048
2021-04-21,-0.009917764342597024,0.016249339865155667,-0.01181333472362287,0.013721684374980048,-0.1687708232822207,0.028062674588778504,-0.02498651309477367,-0.017478905376962114
2021-04-22,0.0013618619370629789,0.0013618619370629789,-0.018271633609746398,-0.017478905376962114,0.18051701588680083,0.019633495546809404,0.20216438127356823,0.005926003549711867
2021-04-23,0.00148479640520019,0.012012760153228315,-0.0022809126725961562,0.005926003549711867,-0.38204315029776303,0.014293672825824501,-0.22907029916194516,-0.00029552773875877835
2021-04-26,-0.0027611338823274553,0.010968625398335449,-0.0028598304399167283,-0.00029552773875877835,-0.18060012633966527,0.013828455838252127,-0.39296465539582165,0.011556296879836472
2021-04-27,0.00285251679967023,0.015443585883514827,-9.845349853799965e-05,0.011556296879836472,0.20153110599870505,0.015542039382052885,-0.15662544280193985,0.024241320684850996
2021-04-28,0.008145933096766502,0.030305384976243764,0.006502723931544879,0.024241320684850996,0.23407375624210336,0.023802661044699115,0.15164266340342264,0.015840424400792624
2021-04-29,0.011340104058199477,0.022831830080718606,0.005024410022289996,0.015840424400792624,0.11083618315476652,0.017807420058428763,0.2504315950768322,-0.03648546621704811
2021-04-30,-0.018123944503849833,-0.01422608315040597,-0.03745613678129116,-0.03648546621704811,0.3433113017784163,0.023230053630885227,0.5979482431210658,0.023586895027800293
2021-05-03,0.008790239152143468,0.025385735194813956,0.0014542784589659373,0.023586895027800293,-0.5479092678667102,0.023931456735848122,-0.11947218910257952,0.0054810365219209786
2021-05-04,0.004066394647915754,0.00924363639605065,-0.006464518320683535,0.0054810365219209786,0.0921432045182118,0.015708154716734292,-0.07743919190991788,0.02650453636122187
2021-05-05,0.009193270578661832,0.031813490075939,0.0066688744171446435,0.02650453636122187,0.39126832797786565,0.025144615658794382,0.27615599188855233,0.0005504868454429213
2021-05-06,-9.180061878369034e-05,0.001558972958229215,-0.01423446656722412,0.0005504868454429213,-0.2876199259102159,0.015793439525453295,-0.09310727101848898,0.009130816091052731
2021-05-07,-0.008567141296303985,0.015021462887289047,-0.012181765017612908,0.009130816091052731,0.06205353573509575,0.027203227904901976,-0.029440661102441402,-0.004098525303192091
2021-05-10,0.012824214444078025,0.027698665004097085,-0.004554986606417449,-0.004098525303192091,0.2795575584486872,0.03225365161051448,0.31770014180815526,-0.026542481925673145
2021-05-11,-0.004665444520073591,9.12811879330525e-05,-0.03114535391861388,-0.026542481925673145,-0.0631689813374146,0.03123663510654695,0.14635740516802545,0.0062597093201631065
2021-05-12,0.0028077047554902683,0.03182195739467263,0.00018746389927027816,0.0062597093201631065,-0.08958055344071414,0.03163449349540215,-0.014169538166655503,-0.006447136852099979
2021-05-13,-0.012181588386316763,0.004645984822722375,-0.018138745117922263,-0.006447136852099979,-0.18355195868306726,0.022784729940644677,-0.1770413017068537,0.02581684809301592
2021-05-14,0.01044398460985894,0.029008956897375194,0.01044398460985894,0.02581684809301592,-0.061855894754320837,0.018564972287516066,-0.23978406397920496,0.01216645064837525
2021-05-17,-0.003477354227445641,0.012797960403336374,-0.004577924076505586,0.01216645064837525,0.33012351754955843,0.017375884479842098,0.1103529943243905,-0.042681230886208385
2021-05-18,-0.017019706549783475,-0.015918833803854587,-0.04466095420979803,-0.042681230886208385,0.005264658878483323,0.028742120405943358,0.13146566555562544,-0.028466946553496242
2021-05-19,-0.02247714257004872,-0.01796028111787159,-0.04045710568232869,-0.028466946553496242,0.1457962883771836,0.022496824564457046,0.27717078897869935,0.0034823078323716916
2021-05-20,-0.0012604573883235395,0.008394923241193897,-0.011990159128832575,0.0034823078323716916,-0.4193285700509045,0.02038508237002643,-0.19610203589292663,0.005392975196832574
2021-05-21,0.005200829654567564,0.015712139985967447,0.0011581042388667925,0.005392975196832574,0.06448185530370533,0.014554035747100704,-0.13162018058922126,0.014114250317180521
2021-05-24,0.007939910683065172,0.016384378700901186,-0.0011532073639970407,0.014114250317180521,-0.42245429478713414,0.01753758606489822,-0.5746701556224066,-0.016518213140334585
2021-05-25,-0.001611128339109888,0.0001894164606113042,-0.019024500668033996,-0.016518213140334585,0.15003266955228464,0.01921391712864518,-0.3214895684613429,0.002403962823154233
2021-05-26,0.006238264852576057,0.009962730968330485,-0.0020237955925698813,0.002403962823154233,0.1578836470929844,0.011986526560900478,-0.0696419682892629,-0.010718014871679525
2021-05-27,0.0,0.007558768145176435,-0.01499861716134288,-0.010718014871679525,0.23716036149534558,0.02255738530651937,0.28601215834259464,0.0075435441644664415
2021-05-28,0.005904296259244271,0.010718014871679619,-0.0005826878029985147,0.0075435441644664415,-0.47499581898946197,0.011300702674678134,-0.23341079639930237,0.027182823426553062
2021-06-01,0.014443812323328368,0.03446983972098866,0.014443812323328368,0.027182823426553062,0.3434277386755842,0.02002602739766035,0.17925976153664192,0.013319251368894133
2021-06-02,0.0052370601038682855,0.017750533812900083,-0.0041342015112346,0.013319251368894133,-0.11545401494565309,0.021884735324134666,-0.014111604515258393,-0.004544038025423686
2021-06-03,-0.004822901891027127,9.24689543205336e-05,-0.014163526712619645,-0.004544038025423686,-0.03704932099249929,0.014255995666940037,-0.07793134565210275,0.007961536564935262
2021-06-04,0.0060232915582983364,0.009988077656900516,-0.00353815323960221,0.007961536564935262,-0.2738049382999595,0.01352623089650263,-0.3428109776023183,-0.0064754801492581905
2021-06-07,-0.0007378858537249282,0.0023025569189992863,-0.008147413526198466,-0.0064754801492581905,0.007332032638325991,0.01044997044519763,-0.2233912757179304,0.009054046899833332
2021-06-08,-0.0009284909990411378,0.011350680974302483,-0.01354841492703906,0.009054046899833332,0.4476908527071518,0.024899095901341515,0.23693200685590732,-0.008775674704217853
2021-06-09,0.0030303912283250437,0.007330697307044285,-0.009982537898874518,-0.008775674704217853,-0.03985768855350322,0.017313235205918674,0.189925117995524,0.005828268273907656
2021-06-10,0.011806065932542764,0.02265841314748283,-0.004929543371346244,0.005828268273907656,0.2874603052620669,0.027587956518828963,0.45371321224259537,-0.004622789141037942
2021-06-11,0.0039585108149411755,0.0051522567376086565,-0.005086273885560696,-0.004622789141037942,-0.5592997845805704,0.010238530623169394,-0.2097558360449061,0.0005558417526537441
2021-06-14,0.002498928951938472,0.009683253686442838,-0.010058777214654412,0.0005558417526537441,0.15764591962761546,0.019742030901097385,-0.07353128921381379,0.021350531862255218
2021-06-15,0.004066947388384131,0.022981117421029186,0.0038824061315934355,0.021350531862255218,0.15222183783735455,0.019098711289435796,0.03249120135535237,-0.005728113851173828
2021-06-16,-0.0024509091397056336,0.0019020800040924551,-0.012773909976592992,-0.005728113851173828,-0.12697943123079125,0.014675989980685207,-0.09410984709459465,-0.023993016756144413
2021-06-17,-0.00392856302596065,0.0028227215267183194,-0.12990370985276242,-0.023993016756144413,0.43468231935207446,0.13272643137948079,0.35765186086684725,-0.03846262721099236
2021-06-18,-0.01714435075744238,-0.0074998295240529,-0.03962796788637944,-0.03846262721099236,0.4409919631437177,0.03212813836232656,0.7825846254412024,0.028890513678344193
2021-06-21,0.010331764854163839,0.032561272937471866,0.008697402427748413,0.028890513678344193,-0.49444677218216837,0.0238638705097233,0.0368674822613275,0.0032948814612259055
2021-06-22,-0.006812413554854081,0.008544214446872391,-0.016543498504699806,0.0032948814612259055,-0.284110242261264,0.025087712951572333,-0.31425568975333684,-0.0012225974526307497
2021-06-23,0.00898208765995345,0.016128590308194014,-0.0015990048559720008,-0.0012225974526307497,-0.27213412461221514,0.017727595164166176,-0.5819523426348607,0.008153390960167468
2021-06-24,0.008153390960167468,0.014109107383592416,0.0008465783174830233,0.008153390960167468,0.11294639129074903,0.0132625290661094,-0.44739800908076366,0.0014922933219634657
2021-06-25,0.004191287812132307,0.00855022106681007,-0.0033657531159530622,0.0014922933219634657,-0.07399864977602762,0.011915974182763012,-0.4355547225989337,-0.03133395794852299
2021-06-28,-0.003267271084031726,-0.00279984361610495,-0.03451232998836546,-0.03133395794852299,0.33692879283799937,0.031712486372260484,0.15816192161212797,-0.0022141595331110044
2021-06-29,0.005753189622734682,0.009379886547284654,-0.003660863974972094,-0.0022141595331110044,-0.4514603290710817,0.013040750522256837,-0.24588648809938266,0.009400507859408798
2021-06-30,0.0007706570925552735,0.010736252671213628,-0.00038558815669714866,0.009400507859408798,0.09272129167411722,0.011121840827910814,-0.08591669626242994,0.013937189257689159
2021-07-01,0.02088033853819351,0.022281894750681795,0.009502162148846464,0.013937189257689159,0.3159633186035129,0.012779732601835072,0.22693295727304014,-0.001319007073213032
2021-07-02,-0.004813393709164298,0.0017873335350359928,-0.011077019002946687,-0.001319007073213032,-0.4251223425972798,0.01286435253798266,-0.24658788885913796,-0.01980453051077384
2021-07-06,-0.0009432039341900619,-0.0009432039341900619,-0.025591010945050938,-0.01980453051077384,0.3575552912968182,0.024647807010860903,0.13308054992894186,-0.01024557162613358
2021-07-07,-0.0002885191627333612,0.00871280981879649,-0.018146100860572466,-0.01024557162613358,-0.20912703872185437,0.026858910679369102,-0.04903155118733194,-0.0032112306387997035
2021-07-08,-0.013990350021512596,0.0015532090815180107,-0.016752770657522367,-0.0032112306387997035,0.053198694454198,0.018305979739040287,-0.01910673579107553,0.014225828852804349
2021-07-09,0.008347137861719233,0.0157621100936562,-0.0023419006101731716,0.014225828852804349,-0.014782988723623842,0.018104010703829363,-0.051071278357361444,0.0020158306419279107
2021-07-12,-0.004912615408822123,0.009087029527645805,-0.008007392558834025,0.0020158306419279107,0.14437067125707131,0.017094422086479957,0.14578625505960865,-0.003361978822597861
2021-07-13,-0.0026886782179143514,0.0028727689093477862,-0.01021693281247932,-0.003361978822597861,-0.3846301880148465,0.013089701721827144,-0.30204415899538356,-0.019038934189356274
2021-07-14,0.005278099121346839,0.013285733193814153,-0.021493645982149822,-0.019038934189356274,0.3132430610166566,0.03477937917596403,0.08932806498567268,-0.006592222966754844
2021-07-15,-0.00906319029723037,0.0027421305755781448,-0.011044415077294787,-0.006592222966754844,0.047577330317013077,0.013786545652872921,0.11411337498189915,-0.026812332734445825
2021-07-16,0.0032522987437888853,0.0038425524307895953,-0.029757253966987134,-0.026812332734445825,0.23277864220820002,0.03359980639777666,0.3246396730405129,-0.02734268021535696
2021-07-19,-0.028802680376042226,-0.017078758435118108,-0.04246269184301609,-0.02734268021535696,0.35427434694567483,0.0253839334078979,0.5997657527029531,0.005922399783906424
2021-07-20,-0.0007297336303076359,0.021444139567440637,-0.009528327389469725,0.005922399783906424,-0.3612251886696594,0.030972466956910343,0.09279753177701125,0.03351473276952066
2021-07-21,0.014909582257163082,0.04000535940946768,0.012047699598048703,0.03351473276952066,-0.053970464834808274,0.027957659811418973,-0.0541107815380912,-0.01006855065479686
2021-07-22,-0.004216431970779681,-0.004115811921708693,-0.019524167945939096,-0.01006855065479686,-0.39996107697559335,0.015408356024230374,-0.49072184511475087,0.0004047037233059142
2021-07-23,-0.0002023746873469722,0.0030312547011467745,-0.008944939127664132,0.0004047037233059142,-0.016181052809217743,0.011976193828810806,-0.47503007307017914,0.020920600475745375
2021-07-26,0.006050830028900851,0.02398677358554071,0.005849757701295236,0.020920600475745375,0.3007814286387896,0.01813701588424545,-0.09516883962360974,-0.0033736521579875558
2021-07-27,-0.008955222996388026,-0.0022809126725961562,-0.020111684053270587,-0.0033736521579875558,-0.2049646455744062,0.017830771380674463,-0.16400616329149315,0.005649449509487864
2021-07-28,0.0028782801117788045,0.011856644768610957,-0.003285401253323621,0.005649449509487864,0.025359513287125154,0.015142046021934575,-0.05845588976510888,0.013644377464069709
2021-07-29,0.011790242322149813,0.016662121912403505,0.00748331698138136,0.013644377464069709,0.01569624850903216,0.009178804931022045,0.024149753733122118,-0.007437182204946718
2021-07-30,0.0047658298668774935,0.014326092825340241,-0.017704830364543435,-0.007437182204946718,0.34804578848997686,0.03203092318988388,0.34916837013045043,-0.001769567014713328
2021-08-02,0.0026485303948472895,0.021090298100905257,-0.0024585743416559364,-0.001769567014713328,-0.3218408342517395,0.023548872442561132,-0.07609997230573287,0.00949917774018808
2021-08-03,-0.00039367106884547533,0.01251611530918694,-0.009490917571717597,0.00949917774018808,-0.05471388906739771,0.022007032880904536,-0.10306900827443205,-0.022672192470366486
2021-08-04,-0.021277359268059935,-0.006845962661598179,-0.02466824678692566,-0.022672192470366486,0.20816220343370687,0.01782228412532752,0.10284625278818131,0.009229463377921411
2021-08-05,0.006360579704634769,0.021013916033614202,0.003682097158460691,0.009229463377921411,-0.2631220251717348,0.017331818875153504,-0.19885681169367594,0.007087278314486296
2021-08-06,0.007773650818008367,0.01324781103902867,0.003648331353778259,0.007087278314486296,-0.20966126309076577,0.009599479685250205,-0.39414465835119616,-0.016815400899917628
2021-08-09,-0.010253400319312435,-0.00560666113434479,-0.02001252315900262,-0.016815400899917628,0.3558360598370626,0.014405862024657995,0.09088080070600688,0.018089771347248904
2021-08-10,0.004875852925440668,0.020438088101346348,0.003286382762098054,0.018089771347248904,0.054681431168914864,0.017151705339248403,0.13774228821009893,0.007514763729074601
2021-08-11,-0.0003919352880770871,0.008680857989671453,-0.0047133174080391405,0.007514763729074601,-0.3213130996721323,0.013394175397710779,-0.21425533030947186,-0.002043886902148337
2021-08-12,9.72450175767686e-05,0.0038816305781402207,-0.01045799209586154,-0.002043886902148337,0.04120272375124514,0.014339622674001727,-0.09458043271804761,-0.00664714383221853
2021-08-13,-0.004002504754862193,-0.0009747390768093622,-0.009790561913923461,-0.00664714383221853,-0.11553889005353796,0.008815822837113987,-0.19499837378384346,-0.010252464899403596
2021-08-16,-0.011144621963691082,-0.007481843830979863,-0.02031075312962606,-0.010252464899403596,0.36591610973091754,0.012828909298646211,0.16849195850915555,-0.0018844023485865469
2021-08-17,-0.00715994743513212,0.007502524253302512,-0.012864809140288345,-0.0018844023485865469,0.14337164953604936,0.020367333393590762,0.3060482553569403,-0.04083033238042267
2021-08-18,-0.02046005435859755,-0.013090421031485975,-0.04238266279806602,-0.04083033238042267,0.16453381254263855,0.02929224176658015,0.441823445379369,-0.025238221712939313
2021-08-19,-0.019738507720868968,-0.014478659566113973,-0.04052038173563213,-0.025238221712939313,0.30108306610961805,0.02604172216951819,0.6116322070387968,0.00010607281435299348
2021-08-20,-0.008199867918825666,0.006237757114176145,-0.011520146936418223,0.00010607281435299348,-0.5849050464519449,0.017757904050594273,-0.16601819774366852,0.02544240489698097
2021-08-23,0.01880399217629633,0.028229756501746833,0.01849174881961168,0.02544240489698097,0.057077145457940244,0.00973800768213515,-0.16220548646265276,0.011409827050726552
2021-08-24,0.007928751105184461,0.01924905563517112,0.00679990280740412,0.011409827050726552,-0.14114110622084547,0.01244915282776676,-0.31651590231324966,0.006824633603661322
2021-08-25,-0.006356989775943792,0.008954118573041178,-0.011513235021806506,0.006824633603661322,0.045707351481057625,0.020467353594847686,-0.23739219720595084,-0.01318162337960511
2021-08-26,-0.004068783156611331,0.002230798071503056,-0.013387407483297375,-0.01318162337960511,-0.1396313620739749,0.01561820555480056,-0.3151901494028315,0.014500388495020953
2021-08-27,0.009418560269164697,0.022779079908212273,0.008501119593460752,0.014500388495020953,0.23539587220371308,0.01427796031475139,0.10294262555596288,-0.0025376859941370626
2021-08-30,0.0045516384449801614,0.006769393663156189,-0.006815530851901465,-0.0025376859941370626,-0.2351005239367372,0.013584924515057653,-0.14445013145267355,-0.01660217247125038
2021-08-31,-0.0025441422317191344,0.000203295449386497,-0.017946438803503044,-0.01660217247125038,0.6569718304994028,0.018149734252889585,0.5594091357761928,-0.011014217560857803
2021-09-01,0.0009296490734285218,0.003095370377228114,-0.013524919406843482,-0.011014217560857803,-0.3953707275268361,0.016620289784071655,0.023656710081599645,0.02068112194423324
2021-09-02,0.009669951228605075,0.027616390032108258,0.008738263840403234,0.02068112194423324,0.15603655840435668,0.01887812619170501,0.1563984588212709,-0.0022541118575326647
2021-09-03,-0.003177672271811769,0.007341740155145658,-0.003383076036640343,-0.0022541118575326647,-0.3049094333321966,0.010724816191785934,-0.2253651117204862,-0.004420467905384043
2021-09-07,-0.004832678512235101,0.0050136237429684455,-0.007722841416223437,-0.004420467905384043,0.015359073226401513,0.012736465159191737,-0.1890053128050884,-0.00692686335972014
2021-09-08,0.004523059180309133,0.014422626832919104,-0.007341939799950462,-0.00692686335972014,0.15400839711746056,0.021764566632869603,-0.05470518642823685,-0.004054263995935937
2021-09-09,-0.005200760663304527,0.012679963130672852,-0.010848139420269349,-0.004054263995935937,-0.05302428454650787,0.023528102550942183,-0.017673688610050146,0.0007288977772127061
2021-09-10,0.016529286317205256,0.01755333634489428,-0.0011464966673685897,0.0007288977772127061,0.07415270400028791,0.018699833012262822,0.06299727806204723,0.01958423257147049
2021-09-13,0.011796488169891832,0.027109159909827575,0.010252229578443234,0.01958423257147049,0.04398471453898036,0.01685693033138439,0.13314069208704005,-0.018231995867913117
2021-09-14,0.004176181632580417,0.007828789379292439,-0.020521450411075833,-0.018231995867913117,0.2850418399359446,0.02835023979036832,0.3715308646214519,0.020984116705208646
2021-09-15,0.008178532431579682,0.023931731996625,0.008178532431579682,0.020984116705208646,-0.2744468255201586,0.015753199565045502,-0.011620707728207766,-0.00940892787429023
2021-09-16,0.0008140195000609911,0.0035563567882982974,-0.013630692118590368,-0.00940892787429023,-0.09059207452977422,0.017187048906888772,-0.1165240579972196,-0.005770806960078679
2021-09-17,-0.0021601518881053214,0.010832988669575069,-0.009809536415944571,-0.005770806960078679,0.41054166651990737,0.020642525085519798,0.28737848429988144,-0.020675304159336175
2021-09-20,-0.022153494598506948,-0.015728693812635614,-0.03630645073798079,-0.020675304159336175,-0.0132068254614653,0.02057775692534511,0.19418007130124723,0.0007382766336290282
2021-09-21,0.008300556424761185,0.01164329114035798,-0.007944536353184595,0.0007382766336290282,-0.3656567886594975,0.019587827493542355,-0.23542582292868328,0.02899055897998027
2021-09-22,0.014548369175775679,0.0405984624609435,0.014548369175775679,0.02899055897998027,0.1931162497980977,0.026050093285167678,0.0222624086252833,0.024482742386916913
2021-09-23,0.006126203380095929,0.026579274783171427,0.0011259595917561024,0.024482742386916913,-0.27519218943787116,0.025453315191415526,-0.2782883182980169,0.005382260837220477
2021-09-24,-0.004105919689449989,0.009053473445354116,-0.004105919689449989,0.005382260837220477,-0.20481557567132702,0.013159393134804114,-0.47524650847767563,0.023285453025742607
2021-09-27,0.019588183905211373,0.0311210196793251,0.019588183905211373,0.023285453025742607,0.4341903535428598,0.011532835774113692,0.08408380804990781,0.003780350415796979
2021-09-28,0.009087479584044772,0.018474480630945457,-0.0008744617312383888,0.003780350415796979,0.2033498076170823,0.019348942362183912,0.3419824803951382,-0.0002902779926768333
2021-09-29,-0.0014523072320833882,0.008477866383808373,-0.009917478346204664,-0.0002902779926768333,-0.4157129293539394,0.018395344730012995,-0.15371734402406004,-0.018361731756293402
2021-09-30,0.0008705813163218074,0.0011606067449989419,-0.018361731756293402,-0.018361731756293402,0.40010410744053704,0.01952233850129226,0.29822760993133424,0.02799293384005784
2021-10-01,0.007561329091628487,0.03000374585202515,0.004229586961838923,0.02799293384005784,-0.3445295184536634,0.02577415889018618,-0.13423244302007753,0.0037311632279898917
2021-10-04,0.006401380127039947,0.014558502165006842,-0.002110931681257637,0.0037311632279898917,0.20355337692022055,0.016669433846264327,0.02782967738967533,0.010827338937016828
2021-10-05,0.012526256796143748,0.028709162201212092,0.006662220799447919,0.010827338937016828,-0.02189072585977642,0.02204694140176419,-0.003412697768643691,-0.008824008117295475
2021-10-06,-0.015997296949132055,-0.004829346429192521,-0.02177319352205921,-0.008824008117295475,-0.20258964235639257,0.016943847092866733,-0.16627804738022348,0.007122199023609761
2021-10-07,0.0064596054594856615,0.012971849978623617,0.0027599438259028565,0.007122199023609761,-0.18543266497067531,0.010211906152720716,-0.35746164366094746,0.02217844809503106
2021-10-08,0.010635869142330797,0.025689143196781943,0.008667834315878756,0.02217844809503106,0.18134156164382204,0.017021308880903262,-0.06765432281127885,-0.008551086560211243
2021-10-11,0.013878210914304683,0.014516923436415563,-0.01051323705158177,-0.008551086560211243,-0.07774686371334456,0.025030160487997236,-0.14065465300010882,0.00018671152354880294
2021-10-12,-0.0013076724527460344,0.004191749228872606,-0.009001458857583914,0.00018671152354880294,-0.07522693075899888,0.013193208086456508,-0.15158051130748457,0.005955162126984402
2021-10-13,-0.003552779410756655,0.011044660267572818,-0.006272530546893598,0.005955162126984402,0.014826254747339394,0.017317190814466348,-0.05945074156741286,0.009418321238429771
2021-10-14,0.01006143483028093,0.012629831101068486,0.0029643346631758227,0.009418321238429771,-0.18692833204071657,0.009665496437892737,-0.21715015410120064,0.007325397270437912
2021-10-15,0.008784017592116306,0.011149825261958582,0.0056818586935406925,0.007325397270437912,0.26486736954274753,0.005467966568418027,0.0729130260760118,-0.00045629468488500764
2021-10-18,0.005549762734214946,0.007272125823296261,-0.005947782797239745,-0.00045629468488500764,0.06873936410394722,0.013219908620535865,0.15509267592903836,0.019344356642995875
2021-10-19,0.005461565552807882,0.019344356642995875,0.0021882347580767427,0.019344356642995875,-0.029906887616274847,0.017156121884919082,0.10606413374238081,0.012986100041454972
2021-10-20,-0.005476028125753223,0.013074418044031666,-0.008270437168343366,0.012986100041454972,0.042378662393509355,0.021344855212375,0.1213912912926132,-0.01262805388245557
2021-10-21,-0.003984638664461812,-0.003097812820515837,-0.020444410238335126,-0.01262805388245557,-0.14281059389580544,0.01734659741781935,-0.054103608871002636,0.009441641205413262
2021-10-22,0.004286516287458536,0.010150558299547979,-0.002598692463561969,0.009441641205413262,-0.07748355134849103,0.012749250763110063,-0.16584422994216777,0.009265412988662344
2021-10-25,0.0064507423056420115,0.01364754100630703,0.0044228288506085334,0.009265412988662344,0.09934972720373277,0.009224712155698521,-0.04088629442169807,0.002193464387647194
2021-10-26,0.0011412447515949768,0.006566011858603564,-0.002990821520207227,0.002193464387647194,-0.24969923678887243,0.009556833378810864,-0.2683431189634693,-0.01795157015400322
2021-10-27,-0.007742404104652662,-0.004567792924294349,-0.021706251542064178,-0.01795157015400322,0.19788827208200038,0.017138458617769785,-0.009194526211136714,0.00932555308765899
2021-10-28,-0.004381834513231816,0.010650646235202973,-0.004381834513231816,0.00932555308765899,-0.18786232350161308,0.015032480748434907,-0.1589708154176716,0.012038237848542636
2021-10-29,0.015003563305370548,0.01900147475743042,0.00026515913648450724,0.012038237848542636,0.7074902448305616,0.018736315620945777,0.5909219116462487,0.00034932247419831045
2021-11-01,0.004705489018820937,0.005226934883815729,-0.0038504887885905106,0.00034932247419831045,-0.3103285088670568,0.00907742367240616,0.13534866289995082,-0.0061306633282588174
2021-11-02,-0.0030606335423811943,-0.002973037657487854,-0.01159229374821967,-0.0061306633282588174,-0.19906187103683434,0.008619256090731806,-0.09653510980084175,-0.007229794147915009
2021-11-03,-0.013799468852848046,-0.004931803846938023,-0.01647513424883516,-0.007229794147915009,0.12525979380990543,0.01154333040189703,-0.004827040748315868,0.004414628311922824
2021-11-04,0.0106500946489334,0.01100024271745874,-0.0008852556487707681,0.004414628311922824,-0.07400458626580349,0.011885498366229565,-0.10374047154018053,0.010777722968711097
2021-11-05,0.006673082194409985,0.013475885419862381,0.0036932698016459383,0.010777722968711097,-0.17721521186463174,0.009782615618216436,-0.3199742899527317,0.003566958962207385
2021-11-08,0.0030457186051573715,0.01083528152070225,-0.00043582289228197795,0.003566958962207385,-0.05143556781978623,0.011271104412984245,-0.23338678167194785,0.007354551588442546
2021-11-09,0.0010415339726459465,0.0083885232914695,-0.006010230535632215,0.007354551588442546,0.35227723740664885,0.014398753827101901,0.1940373860589715,-0.0160768047632461
2021-11-10,-0.0020710903291757342,0.0018087002502027525,-0.020378623017528984,-0.0160768047632461,-0.06032603860013099,0.022187323267731783,0.09549088336276473,8.761890420559993e-05
2021-11-11,-0.0048298934881003475,0.004545035739058571,-0.005094002126679819,8.761890420559993e-05,-0.3423701787386059,0.009639037865738226,-0.24450849380489983,0.000612983886026558
2021-11-12,-0.0031584567382415855,0.0013130294325966582,-0.005005563243710657,0.000612983886026558,0.17107531771556617,0.0063185926763074255,-0.02170271041832532,0.022420296866453592
2021-11-15,0.006283235527272425,0.023532477802285463,0.00035005064806287737,0.022420296866453592,0.24112256910414295,0.023182427154222633,0.2064160712952039,0.003929941730086136
2021-11-16,0.002479383266021692,0.01072809035925732,0.00034235634941635245,0.003929941730086136,-0.04479693510601503,0.010385734009840988,0.08964084700518968,-0.015986594311345633
2021-11-17,-0.020763149662226612,-0.006415487620159302,-0.022592968310796983,-0.015986594311345633,0.04999587814695511,0.016177480690637566,0.14752670599326348,-0.008439613684519863
2021-11-18,-0.004950717569279202,-0.00034662839446494555,-0.017568030300420246,-0.008439613684519863,-0.28317896297159023,0.017221401905955325,-0.15226772648656123,-0.022443010180388672
2021-11-19,-0.017095894164016884,-0.011423634169026529,-0.029707336822724303,-0.022443010180388672,0.48061498280631726,0.01828370265369774,0.3070045525597959,0.0177136855073312
2021-11-22,0.0009823872607794082,0.02888795057938092,-0.0005363352596872619,0.0177136855073312,-0.30782053787714037,0.02942428583906808,-0.09378916541632693,0.02076439070404462
2021-11-23,0.011174265072049522,0.02539675111563,0.010045015155630823,0.02076439070404462,0.041327340768562065,0.015351735959999235,-0.03205769000530697,0.007623484338387345
2021-11-24,0.004375576501931042,0.01451153870065249,0.0032620618500019275,0.007623484338387345,-0.19843635192663045,0.011249476850650659,-0.22675968047718273,-0.023134396022746126
2021-11-26,-0.033316206611519336,-0.02034378036951517,-0.03968848442967804,-0.023134396022746126,0.33315111246718,0.019344704060162983,0.15651962247964993,0.002964741768612257
2021-11-29,0.01585473292431527,0.02296368197207709,0.0017450222312889272,0.002964741768612257,0.01190011361510936,0.0212186597407882,0.1018105430219353,-0.017390177547700194
2021-11-30,-0.012264731522999119,0.008755655087221743,-0.021207148097965662,-0.017390177547700194,0.7114560281447501,0.029962803185187584,0.8418737370445307,-0.006845421835216618
2021-12-01,0.01826048635905764,0.02787053942517163,-0.006934650939713426,-0.006845421835216618,-0.6868605439868936,0.034805190364885136,-0.08818590324398094,0.02675745748036327
2021-12-02,0.01020644789679461,0.03160929135681005,-0.0015176378386847086,0.02675745748036327,-0.076872284071471,0.0331269291954947,-0.19346553266924596,-0.006360254225212361
2021-12-03,0.013800447529887992,0.016025160851044218,-0.013553331943098518,-0.006360254225212361,-0.08681349749121504,0.029578492794142607,-0.32126050178133453,0.015524298433335032
2021-12-06,0.013456776436755597,0.026224165399958248,0.005578323285366367,0.015524298433335032,-0.06029736878560115,0.020645842114591764,-0.36168864094927655,0.014693594758251825
2021-12-07,0.008910279466853162,0.0209494735378681,0.008910279466853162,0.014693594758251825,0.14949557720879794,0.012039194071015155,-0.18097354950074404,0.0044844919276064
2021-12-08,0.003977841355026778,0.011299588694253581,-0.0022072723522710354,0.0044844919276064,-0.2574140166084145,0.013506861046524628,-0.22711079570484338,-0.0026205481279450472
2021-12-09,-0.005078288406188839,0.0012655688571740025,-0.007371936293742846,-0.0026205481279450472,-0.05748963798275209,0.008637505150916902,-0.21981745054305918,0.001691449590139919
2021-12-10,0.006664730592417816,0.008932372316506263,-0.010808127266509858,0.001691449590139919,0.08682439017165564,0.019740499583016047,-0.0722938001359396,-0.021006657103689052
2021-12-13,-0.0074639640028899045,-0.004149189868383734,-0.023339343336256382,-0.021006657103689052,-0.06331091337076902,0.019190153467872516,-0.1074939467006707,0.0029298079511434283
2021-12-14,-0.0012088715106556873,0.008934775383098299,-0.0035443826638301523,0.0029298079511434283,0.3612011903454032,0.012479158046928514,0.2814726067722221,-0.005695102679049223
2021-12-15,0.0008600540112788962,0.0008600540112788962,-0.019725228240200655,-0.005695102679049223,-0.10094861131770841,0.020585282251479736,0.16281177480021894,0.009302408556274252
2021-12-16,0.005436948735666361,0.02250366520947877,0.003110427745286057,0.009302408556274252,0.024557095932908276,0.019393237464192664,0.14080826425795767,-0.026408770172548838
2021-12-17,-0.00619198081098808,-0.0015444044798962567,-0.027025154603376497,-0.026408770172548838,0.694842570167952,0.025480750123480198,0.7763560613589819,0.00044007086965714977
2021-12-20,-0.015435398005188302,0.0009678467301898816,-0.025588656828614297,0.00044007086965714977,-0.5235440793825589,0.026556503558804085,0.021039124190573074,0.015887202810693023
2021-12-21,0.0068397212718690386,0.02106989102661683,0.005615522195395023,0.015887202810693023,-0.16922918141620952,0.015454368831221824,-0.2203324752825068,0.005699463071371531
2021-12-22,-0.00043313311682367203,0.010424381079645733,-0.0092222468138688,0.005699463071371531,-0.30913346061065244,0.019646627893514637,-0.5170093124391998,0.0024082441121270944
2021-12-23,0.003266894960278013,0.015296183306346432,0.002322318799522584,0.0024082441121270944,-0.11796579213388658,0.012973864506823675,-0.5952643228458541,0.020238762289688926
2021-12-27,-0.0029250189675750025,0.020491266640340736,-0.008627436555253873,0.020238762289688926,0.043391298424585285,0.029118703195594762,-0.49168761579126335,-0.0019380950529374172
2021-12-28,-0.0010949443158533325,0.004619295399026162,-0.006333678177740362,-0.0019380950529374172,-0.17285133882448195,0.010952973576766608,-0.3945587034191161,-0.0051583609752524524
2021-12-29,-0.004056764596557065,0.0007588547864901159,-0.010769632616532342,-0.0051583609752524524,0.0655451505960179,0.011528487403022616,-0.1738317919718832,-0.00441836600458749
