date,open_ret,high_ret,low_ret,close_ret,volume_ret,range_ret,vol_ratio,target_return
2019-01-03,-0.011875897505271918,-0.011822594889423131,-0.04726823860011586,-0.0461637710996918,0.1662996171855154,0.03544564371069264,0.1662996171855154,0.046269115045358924
2019-01-04,0.020053746585342903,0.05409050089059949,0.017833248759317875,0.046269115045358924,-0.12996274732541285,0.03625725213128155,-0.05026590790581005,0.007664517179658215
2019-01-07,0.004574315278562547,0.017033745752394473,-0.00026346110679164426,0.007664517179658215,-0.05391003269980675,0.017297206859186117,-0.08769979080220444,0.005528032636126697
2019-01-08,-0.006927018363505633,0.006619628822880738,-0.01432659715299735,0.005528032636126697,0.18363610763786545,0.020946225975878086,0.11715080168657914,0.017987885935141237
2019-01-09,0.010450735412626982,0.021964230717302947,0.005187271753536714,0.017987885935141237,0.07627115762160998,0.01677695896376637,0.1688680955470934,0.006009351309494841
2019-01-10,-0.014094911696450493,0.007480766593746974,-0.022993065517678525,0.006009351309494841,-0.39295120966571856,0.03047383211142542,-0.2737864284650041,-0.005345580127612723
2019-01-11,-0.004478098239373972,-0.0012701640415953006,-0.011438567312928378,-0.005345580127612723,-0.3902708611364657,0.010168403271332956,-0.6056695317108305,-0.002402072229681608
2019-01-14,-0.007789262598956014,0.005599434943775572,-0.009746134730884688,-0.002402072229681608,0.28859162228734775,0.01534556967466032,-0.22797406548226049,0.005562007476507012
2019-01-15,-0.0010750875647507355,0.009776611471689964,-0.011994000522007027,0.005562007476507012,0.12559499228936796,0.021770611993697,-0.05934065814493695,0.006340531896075296
2019-01-16,0.005024959117647294,0.009571386222622732,-0.00010179773172218416,0.006340531896075296,-0.0646125392085883,0.009673183954344916,-0.05769998983302258,0.007756628388241459
2019-01-17,-0.0016193886603062249,0.013210577816931223,-0.0033935158118456902,0.007756628388241459,-0.24918972174126863,0.01660409362877689,-0.19876129900831602,0.01340630807584992
2019-01-18,0.009338603974540137,0.016026628369263465,0.003555993583183477,0.01340630807584992,0.5656804566211817,0.01247063478607978,0.4236293298343603,-0.012653948767264904
2019-01-22,-0.011000916093968595,-0.004962789342129014,-0.021769938538933664,-0.012653948767264904,-0.08776260337394261,0.016807149196804577,0.19736106565752046,-0.005580570902158805
2019-01-23,0.007939899888441813,0.007989610200658864,-0.014442509875525282,-0.005580570902158805,-0.3677247801253174,0.02243212007618413,-0.2298389509886885,0.007233603575455141
2019-01-24,0.0003528092617992699,0.009283673905793528,-0.0021197819032240787,0.007233603575455141,-0.10014997292283091,0.01140345580901753,-0.29343910784483873,0.01564359957388815
2019-01-25,0.011941080146785134,0.020313848428113183,0.0,0.01564359957388815,0.5160055942659816,0.020313848428113183,0.26369277883424047,-0.013793315866613368
2019-01-28,-0.01089981513089885,-0.009705001518451774,-0.024340378114567105,-0.013793315866613368,-0.3557743798805851,0.014635376596115206,-0.1932818593150671,-0.004606909238839881
2019-01-29,0.00014986276455961216,0.002544693659209693,-0.012568663539156812,-0.004606909238839881,0.1109927391116901,0.015113357198366593,0.0010382514593868203,0.02370789342008435
2019-01-30,0.005904999718424075,0.027670219976280545,0.003307055197838661,0.02370789342008435,0.10799229348950509,0.024363164778441866,0.15351436640469324,0.034256031431278484
2019-01-31,0.027936661312474773,0.042933267255456646,0.019320030505562528,0.034256031431278484,1.0202608954862025,0.023613236749894045,1.1185459579356791,0.012426610050406312
2019-02-01,0.004065049033500492,0.016488122646728838,0.0003314567554615289,0.012426610050406312,-0.559043763029012,0.01615666589126736,0.18033715895205288,0.00531866219987403
2019-02-04,0.0027095308410757662,0.005504738067325909,-0.0026700126998119742,0.00531866219987403,-0.38615536671433204,0.00817475076713806,-0.27007140149513326,0.004410699347420431
2019-02-05,0.0004186752503483417,0.00829454158212956,0.0001860758674520494,0.004410699347420431,-0.35237978761308986,0.00810846571467742,-0.660606612346221,-0.0025976336799734333
2019-02-06,-0.002829908916894586,0.00018525702592193697,-0.010150517699605798,-0.0025976336799734333,-0.13614565223092223,0.010335774725527741,-0.7775074061238968,-0.006196594560881874
2019-02-07,-0.008582925606365439,-0.003955821812498332,-0.01733468971602575,-0.006196594560881874,0.01650499707078935,0.013378867903527498,-0.71279681651771,0.012124178670757164
2019-02-08,-0.00924954931186706,0.012355027687192283,-0.00924954931186706,0.012124178670757164,0.1691468125697653,0.02160457699905935,-0.17767258620906326,0.0023981023434534324
2019-02-11,0.0018912921899487522,0.009512247289746067,-0.0011087753800580384,0.0023981023434534324,-0.08812022944107625,0.01062102266980396,-0.08419058770600846,0.008302598176383685
2019-02-12,0.006702460213918474,0.01094859341971876,0.0024842138152256876,0.008302598176383685,0.13708042623959302,0.0084643796044932,0.14496511362848663,0.007418350713203532
2019-02-13,0.004011811307971924,0.010768159225420066,0.002418154580494945,0.007418350713203532,-0.12964445159772875,0.00835000464492515,-0.006128151029411228,-0.0033155281545886187
2019-02-14,-0.00468128934829346,0.0019931264631991895,-0.008744013356689822,-0.0033155281545886187,-0.04121696449932733,0.010737139819889186,-0.06695899671057996,0.01040923166529876
2019-02-15,0.010769356947179341,0.011489218673652936,0.0030434427142070676,0.01040923166529876,-0.04157429439723097,0.008445775959445696,-0.1171278757654795,-0.006866999123576447
2019-02-19,-0.0030662780252208046,-0.0006755416925922038,-0.007910182024078592,-0.006866999123576447,0.027954350999099743,0.007234640331486335,-0.0570702793819625,0.002354559729651657
2019-02-20,0.002851928717347622,0.005605572737646632,-0.005409238252804505,0.002354559729651657,0.0899213233082091,0.011014810990451242,0.04206325948009792,-0.0081740751172648
2019-02-21,-0.004078650997886692,-0.00036188461590559896,-0.011325277473475129,-0.0081740751172648,0.12839514177093578,0.010963392857569634,0.1913625302109758,0.01811951035192879
2019-02-22,0.0031413034651639558,0.01950667938576367,0.0017767226127986355,0.01811951035192879,-0.06846065895768148,0.01772995677296505,0.08702848138631536,0.0
2019-02-25,0.007494648965293633,0.00927082128795285,-0.0014339817790077576,0.0,0.019205639536935073,0.010704803066960492,0.07882440985211736,0.0030402986159132894
2019-02-26,-0.005207893756474927,0.008294296609794987,-0.005703157757453886,0.0030402986159132894,-0.1635771640269942,0.013997454367248783,-0.12272043841223489,0.002541443349822716
2019-02-27,-0.004294954384509546,0.002719515773047645,-0.010140502737838812,0.002541443349822716,-0.29694547455029746,0.012860018510886233,-0.4206329710737787,0.0008901809600187727
2019-02-28,-0.0021397546719399006,0.004576051473631346,-0.004060437231265269,0.0008901809600187727,0.4245165671636444,0.00863648870489662,0.0667975824379538,0.010973056892706863
2019-03-01,0.009343588700445386,0.014925604456324798,0.002621450111576241,0.010973056892706863,-0.07661793249444691,0.012304154344748582,0.009392946405991203,-0.004233400193245154
2019-03-04,0.0002639808133772071,0.005485477276671278,-0.01587898992182107,-0.004233400193245154,-0.007927656043263169,0.02136446719849227,0.021432325423360654,-0.0003093503650196845
2019-03-05,-0.0002651708671526611,0.0027801915248594185,-0.004428901476291623,-0.0003093503650196845,-0.06902405615657041,0.0072090930011509445,-0.02106405407418737,-0.007765909097712261
2019-03-06,-0.001636893374067744,0.0012810873082436602,-0.010085183472975007,-0.007765909097712261,0.024946215797485828,0.011366270781218692,0.009053600407055466,-0.009219531541679982
2019-03-07,-0.003793912517701419,-0.0001336516410720061,-0.01675651017165063,-0.009219531541679982,0.30865870545984614,0.016622858530578554,0.267311526863979,-0.00243093910297868
2019-03-08,-0.018285854914763592,-0.0009896591796631673,-0.029568294692604018,-0.00243093910297868,-0.3655219407197724,0.02857863551294077,-0.1403593920900877,0.016849203409843402
2019-03-11,0.004811085155481384,0.01901847397089427,0.004362405961856104,0.016849203409843402,-0.008094189923152436,0.01465606800903822,-0.12826023069402587,0.005744869953984474
2019-03-12,0.004201394664838971,0.011281617888007488,0.0025671763325274756,0.005744869953984474,-0.0743816957032915,0.008714441555479856,-0.18216689387475357,0.00685053421347892
2019-03-13,0.006281423141572942,0.01915959430753461,0.003782388288955509,0.00685053421347892,0.08195565225288856,0.015377206018579186,-0.07980250865033468,0.0044103672675024
2019-03-14,0.0008748773505414747,0.007455754660644129,-0.004781638507367025,0.0044103672675024,0.05365631945241743,0.0122373931680111,-0.015179933565724462,0.007206785070909174
2019-03-15,-0.003010877320316802,0.014061278586586764,-0.003054623427520467,0.007206785070909174,0.31614206580304344,0.017115902014107218,0.37593522656606415,-0.0033798402198507477
2019-03-18,0.004833199491116476,0.005736862354740073,-0.008951122440257411,-0.0033798402198507477,-0.35368595262175817,0.01468798479499735,-0.06386851508702604,0.0026874533963747553
2019-03-19,0.004979093328185826,0.007394817124492678,-0.0002604512883050285,0.0026874533963747553,0.16109148200688972,0.007655268412797791,0.092840628917109,-0.004860044853744483
2019-03-20,-0.005556288142864863,0.004017752205387298,-0.013817363698746633,-0.004860044853744483,0.15416847009775977,0.017835115904133978,0.19812165891306877,0.025679854099046703
2019-03-21,-0.007378506940647064,0.030796713647549056,-0.00746617192565325,0.025679854099046703,0.16983982732520062,0.03826288557320226,0.3014502092824242,-0.021902599510471764
2019-03-22,-0.0043763694925733464,0.0005510199311128937,-0.02224934809784389,-0.021902599510471764,-0.18003195503442626,0.02280036802895673,0.028337571647288177,-0.0014744629207140343
2019-03-25,-0.0016046631312050825,0.0051005424705567685,-0.009623167453579821,-0.0014744629207140343,-0.056251749478221404,0.014723709924136725,-0.01761101583708992,0.012378563400174446
2019-03-26,0.010963071164837707,0.013834965602321137,0.004460131628581092,0.012378563400174446,-0.1404937086962099,0.00937483397373997,-0.20048031992942728,-0.0033060248557407095
2019-03-27,0.0026968826702316504,0.0038931520695684022,-0.01572590186915193,-0.0033060248557407095,-0.1430806467716922,0.01961905393872023,-0.3346528827478781,0.010013333327979037
2019-03-28,0.0038631369319990635,0.012012530991919434,-0.0006453533553171513,0.010013333327979037,0.02667920902776718,0.012657884347236532,-0.24612006376602108,0.0025089691924557057
2019-03-29,0.006916352432093742,0.007550401847524718,-0.003796687307858798,0.0025089691924557057,0.24178078481089818,0.011347089155383426,0.10067152521111689,0.015174184110123072
2019-04-01,0.012031833182885927,0.018098150035367903,0.006308391102334078,0.015174184110123072,0.006349410924072356,0.011789758933033858,0.1235181126087642,0.0008780559454815399
2019-04-02,0.0007526665749680623,0.0034243417265576105,-0.004107968998905965,0.0008780559454815399,-0.02608602806508696,0.007532310725463438,0.09942624609290131,-0.0013802124355904034
2019-04-03,0.0042541011178403925,0.006955600684916934,-0.006036687977031458,-0.0013802124355904034,-0.15103030717528787,0.012992288661948286,-0.07350922263888189,-0.012084591689583365
2019-04-04,-0.0009630707883186515,-0.0006698279687010029,-0.021875666844966415,-0.012084591689583365,0.061470747208571076,0.02120583887626543,-0.029185910670108346,0.0024117607631482666
2019-04-05,0.004859853395809029,0.008016620875362044,0.00021180105529229224,0.0024117607631482666,-0.1785499745464138,0.007804819820069669,-0.23155288122200302,-0.0015225234634150399
2019-04-08,-0.0038530952734311674,-0.0014802231490656011,-0.014944438920353737,-0.0015225234634150399,0.046949898651922284,0.013464215771288146,-0.1302297610894459,-0.0015248450762707778
2019-04-09,-0.0041564696000942584,0.004139200531693501,-0.005389722814184762,-0.0015248450762707778,-0.08580311177404548,0.009528923345878326,-0.16553008602939517,0.004862871470596316
2019-04-10,0.004609749253058143,0.008610162859840285,0.000847408831829748,0.004862871470596316,-0.22758885235565823,0.007762754028010243,-0.33029019390898917,-0.004312009607470427
2019-04-11,0.003957410318805431,0.003957410318805431,-0.008557579491887965,-0.004312009607470427,-0.03905542089805654,0.012514989810693456,-0.2997901105566618,0.01175075569016771
2019-04-12,0.004185456507558591,0.01246229818631181,0.00016948464556230592,0.01175075569016771,0.5928223521797771,0.01229281354074953,0.3898408680800691,0.0013389351692346253
2019-04-15,0.0028849290735470834,0.0043034129128245386,-0.00689049142347128,0.0013389351692346253,-0.004238278522695905,0.011193904336295815,0.3144378057522323,0.003922893189394127
2019-04-16,0.003547978737390142,0.007581504875598236,-0.0008366323519671164,0.003922893189394127,-0.2930589260985925,0.008418137227565377,-0.0346310493357359,0.0037830956966595926
2019-04-17,0.0024128551421624916,0.004778473559326425,-0.004759525541361155,0.0037830956966595926,0.0983084492856007,0.009537999100687646,0.05819270573973727,-0.000456538265585405
2019-04-18,0.006328475542267629,0.0068231172069923495,-0.0022431500229608083,-0.000456538265585405,0.06420268078231242,0.009066267229953157,0.06100547860790445,0.008926800822485403
2019-04-22,-0.004535139905393002,0.009297011392289762,-0.007583968511009803,0.008926800822485403,-0.3077260441701641,0.01688097990329957,-0.3219377572033714,0.0018087004301004688
2019-04-23,0.0034910841496551452,0.0059481128673717545,-0.002471705083357353,0.0018087004301004688,0.33763750156110384,0.008419817950729136,0.09982104624139793,0.007365260176194698
2019-04-24,0.0005748045266913952,0.010580797280515525,-0.0027966620337905638,0.007365260176194698,0.04614559335239305,0.01337745931430602,0.1696423864091496,0.001303757887660046
2019-04-25,-0.0024081986766496997,0.0063397327766264045,-0.005190949998011648,0.001303757887660046,-0.032089650207985695,0.011530682774638017,0.08847973484008341,0.004347005890607627
2019-04-26,0.0017898651734754476,0.00625050051586573,-0.00977852596973098,0.004347005890607627,0.06058730128155256,0.01602902648559659,0.12691230069663142,0.001822613287829125
2019-04-29,0.0008104879608131215,0.006183268664543555,-0.003329649710405986,0.001822613287829125,-0.022464034509022672,0.009512918374949551,0.08215696491787247,0.02836419067467359
2019-04-30,0.015896892294709895,0.0408332763158895,0.013584284239941246,0.02836419067467359,0.784956336931962,0.02724899207594821,0.799368529297192,-0.02183034835591845
2019-05-01,0.0025925630427035013,0.00787480605799742,-0.022152015486468075,-0.02183034835591845,-0.333023957342297,0.030026821544465464,0.24141082464005323,-0.006291094471209471
2019-05-02,-0.004795409029418482,-0.0019314952019580474,-0.01813327268091542,-0.006291094471209471,-0.08064367847812622,0.016201777478957378,0.07133679673503199,0.0030698190596935866
2019-05-03,0.0057281244166245094,0.010703480651440632,0.001091698349457437,0.0030698190596935866,-0.3962393701413542,0.009611782301983092,-0.3945781001107682,0.002778964097336097
2019-05-06,-0.026399013512420393,0.004547036728336424,-0.03237985293722807,0.002778964097336097,-0.05541780138952411,0.03692688966556437,-0.4434292837056407,-0.014502996165705835
2019-05-07,-0.00552519042691413,-0.0036666385582788496,-0.024592043055811287,-0.014502996165705835,0.3427632697041584,0.020925404497532354,-0.08986539396627137,0.0011011819167642597
2019-05-08,-0.0021242012978608814,0.010109525576459432,-0.005359958680860077,0.0011011819167642597,-0.3333110610716419,0.01546948425731944,-0.2891069590704549,-8.154358591606304e-05
2019-05-09,-0.014121175633801311,0.0008148839141937557,-0.022131979711579052,-8.154358591606304e-05,0.24329512151935218,0.022946863625772865,0.06275069166162614,0.008604977231614786
2019-05-10,-0.005887430485268412,0.013805063768774863,-0.01635740783479494,0.008604977231614786,-0.32327773550134226,0.03016247160356978,-0.21252850132415252,-0.02475520870279096
2019-05-13,-0.02421682676351869,-0.014328364315711871,-0.028989882116229646,-0.02475520870279096,0.38455825658065984,0.014661517800517748,0.19397369991613103,0.018715138252649584
2019-05-14,0.0030609754380868516,0.024795662824985243,0.0021519169659277755,0.018715138252649584,-0.06873563809111398,0.0226437458590575,0.0618517149792996,0.012967486558921883
2019-05-15,-0.006567835616272069,0.020524648569371206,-0.0070590752998262165,0.012967486558921883,0.08074952631240209,0.027583723869197538,0.16462434295819367,0.01699308391532668
2019-05-16,0.005164280395517545,0.023796483358636433,0.004724954512647782,0.01699308391532668,0.15970022902839706,0.01907152884598842,0.26230196872269773,-0.003438923147548315
2019-05-17,-0.009157091573210393,0.0034271374735854146,-0.010232913069950025,-0.003438923147548315,-0.45069172758448484,0.013660050543535498,-0.2410159847848576,0.003715135193703001
2019-05-20,-0.00819023949975625,0.007259259120166733,-0.012831933420893145,0.003715135193703001,-0.05865558904832756,0.020091192541059847,-0.3152965803196068,0.007349920460063989
2019-05-21,0.005939148966884958,0.009657704788793265,0.001182730754851213,0.007349920460063989,-0.023967820259052457,0.008474974033942026,-0.2788739610331015,0.006012563705899872
2019-05-22,-0.002391644548771069,0.01361300177442316,-0.0033734806610277693,0.006012563705899872,0.018702415312714552,0.01698648243545117,-0.20730765104798188,-0.028306563223824036
2019-05-23,-0.008404208254670911,-0.004682009995279422,-0.03392836618146047,-0.028306563223824036,0.5467856819655635,0.029246356186181186,0.4112501681440016,0.00698312939191187
2019-05-24,0.01356237581949882,0.014470534575854292,0.0023997376090267473,0.00698312939191187,-0.6265899984380118,0.012070796966827597,-0.22484786765620943,0.00772417535094801
2019-05-28,0.004681279370517482,0.024665510789573727,0.004641661054336749,0.00772417535094801,0.8356736130331305,0.020023849735236864,0.6358242133319135,0.0005128499109096284
2019-05-29,-0.004666962642822507,0.0032304130521285334,-0.00855954667781,0.0005128499109096284,-0.4430544213160355,0.011789959729938548,0.0109457692160743,0.002481556695682858
2019-05-30,0.002796239583849099,0.009811310696073714,-0.003041393818240663,0.002481556695682858,-0.3540485121528464,0.012852704514314228,-0.3985888671109228,-0.010678779322782788
2019-05-31,-0.008732326156205766,-0.0020872264067714977,-0.013266757407696918,-0.010678779322782788,0.5818693474438816,0.011179531000925376,0.18894797772657193,-0.03739174224635857
2019-06-03,0.0012318845696648918,0.005907168170512429,-0.04572320130994878,-0.03739174224635857,0.07831703427100793,0.051630369480461104,0.2687565081101143,0.028163990563439698
2019-06-04,0.011777195070010845,0.02892621082322284,-0.002231470370563535,0.028163990563439698,-0.11450984517580914,0.03115768119378631,0.03064453808088179,0.028017094712266506
2019-06-05,0.00914820550745976,0.030783853836996576,0.003885216057359196,0.028017094712266506,-0.02494767370357387,0.026898637779637236,0.06645668893045216,0.006107808743720335
2019-06-06,0.00039005730622038496,0.00947654418833439,-0.005478215010714771,0.006107808743720335,-0.32005494067696005,0.014954759199049317,-0.2858872290550339,0.03044369942009971
2019-06-07,0.008381230082109104,0.034461229214367714,0.006918603723893613,0.03044369942009971,0.06962574798974659,0.0275426254904742,-0.24321701250961564,0.0011281005670494486
2019-06-10,0.011967279248320582,0.01512217132931224,-0.0019582330081530956,0.0011281005670494486,0.1910505259589519,0.017080404337465337,0.00687071881293909,-0.009211792701229588
2019-06-11,0.005135214157442149,0.006704302253147456,-0.026349428172497028,-0.009211792701229588,-0.35945988147710844,0.03305373042564439,-0.3072782039942977,0.0007203747648591374
2019-06-12,-0.004599774009194883,0.0020838009247367948,-0.008761696973500504,0.0007203747648591374,-0.30684123455042706,0.010845497898237407,-0.5283832990143617,-0.01009433884749963
2019-06-13,0.0043490430020247045,0.005216632523515425,-0.013738075489119182,-0.01009433884749963,0.6349349083087108,0.018954708012634557,0.24089425615132665,-0.0042202482160575245
2019-06-14,-0.004643312960837,0.002981762768555454,-0.00683802246357392,-0.0042202482160575245,-0.31579621718208395,0.009819785232129346,-0.12573478700478372,-0.0034661843474938447
2019-06-17,0.0034542114020531802,0.006170791927843941,-0.00791287863081226,-0.0034661843474938447,0.053630501462425505,0.014083670558656185,-0.04185237400651603,-0.0015058192497487235
2019-06-18,0.00959884460808529,0.011698235703260158,-0.016061965567177462,-0.0015058192497487235,0.16279048496464746,0.027760201270437497,0.18861166764813211,0.004087294861004783
2019-06-19,7.723133565666766e-05,0.006969196657990468,-0.001972539480726189,0.004087294861004783,0.09833566958717765,0.008941736138716766,0.23875066987810803,0.0262803769238993
2019-06-20,0.013833892350130581,0.029685508941571875,0.010069594847275957,0.0262803769238993,0.0758218449598562,0.0196159140942959,0.2019441904341591,-0.008734036177094302
2019-06-21,-0.0036424485618132547,0.0050846385590599345,-0.008923065244511403,-0.008734036177094302,-0.08527351361766793,0.014007703803571447,0.09918861379701596,0.00313338720030602
2019-06-24,0.005204434977633798,0.009895315035758136,0.0024924622212427797,0.00313338720030602,-0.523891462787621,0.00740285281451552,-0.48118453611711004,-0.021218542930181498
2019-06-25,0.0027854904036432003,0.003799819449289119,-0.02356995911226677,-0.021218542930181498,0.21216988469161707,0.02736977856155585,-0.22957280741590919,0.006026453608696273
2019-06-26,0.004417877996430814,0.011179651960429408,0.001000458974528823,0.006026453608696273,0.20951380195140878,0.01017919298590053,0.020432690839897304,-0.0007656267287843449
2019-06-27,0.004353367969370186,0.008687750462036624,-0.0034502389146143586,-0.0007656267287843449,-0.5706144403501093,0.012137989376651143,-0.5257721251988143,0.013051162720855715
2019-06-28,0.007592665961220534,0.01422235714777189,0.0008804260353732072,0.013051162720855715,0.6991877045059824,0.01334193111239877,0.31738505707537895,0.008432160956209663
2019-07-01,0.020430223303028374,0.020430223303028374,0.0012844593447500095,0.008432160956209663,-0.5083213572623555,0.019145763958278366,-0.19805899249571673,0.014144049157006117
2019-07-02,0.0004123147079827349,0.014254915533868342,-0.0012753053100049451,0.014144049157006117,0.000868596516023691,0.015530220843873298,-0.2039056658085912,0.009233871463331995
2019-07-03,0.0015879489643856762,0.009233871463331995,0.0007758066435502348,0.009233871463331995,-0.3340517039027323,0.008458064819781869,-0.5073929146309145,-0.0034480497890917263
2019-07-05,-0.005802604004657282,-0.0011358344079389934,-0.01471886085223331,-0.0034480497890917263,0.3002295514483295,0.013583026444294212,-0.07337528901364324,-0.0033494836665928424
2019-07-08,-0.00752441019374184,-0.00025728054162309715,-0.009896768973135727,-0.0033494836665928424,-0.11110390698410154,0.00963948843151269,-0.21126545698620594,0.007749218216057316
2019-07-09,-0.005212112767459407,0.008882685362869132,-0.006398819573910884,0.007749218216057316,0.07791572290467584,0.015281504936780037,0.027964691256296054,0.007435551608386713
2019-07-10,0.0030319727891420624,0.013662045756313286,0.0029589514476207786,0.007435551608386713,-0.06435016934969041,0.010703094308692377,-0.022222190679140878,0.010619577412098614
2019-07-11,0.008029270871970336,0.011804512364260429,0.002538650405226317,0.010619577412098614,0.1064404316928285,0.009265861959034121,0.11206101899353724,0.004373868465051351
2019-07-12,0.0033000349705381775,0.0050890082820037996,-0.007429070538293061,0.004373868465051351,-0.11652120583596139,0.012518078820296758,-0.06224755692429143,-0.0006083749865423311
2019-07-15,0.003285656206423294,0.0037490904385518863,-0.0035478929812162983,-0.0006083749865423311,0.37603240132104593,0.007296983419768085,0.33536939669691773,-0.00989234509314976
2019-07-16,-0.0013252688166485954,0.004500042471181849,-0.014639324006827386,-0.00989234509314976,-0.11823096399533976,0.01913936647800922,0.13249506343971248,-0.004855948490044912
2019-07-17,0.0027798054675024224,0.0066656324756868,-0.0048923112757975175,-0.004855948490044912,-0.24948718166259262,0.011557943751484173,-0.1545337930394333,0.00543420533259125
2019-07-18,-0.0010176593882482246,0.007130869175657002,-0.0019635967027307926,0.00543420533259125,0.3347889888511575,0.00909446587838779,0.18055822499723156,-0.00427240110162448
2019-07-19,0.009528825402124293,0.009707810606728645,-0.004925708334767361,-0.00427240110162448,-0.06133067168979814,0.014633518941495872,0.07179704696735925,0.010862340593384225
2019-07-22,0.004741995584560066,0.013550658929748426,0.001703921993141099,0.010862340593384225,-0.37623951995529326,0.011846736936607323,-0.35586406278783067,0.0012913516547955921
2019-07-23,0.004976701290079075,0.006475625298181447,-0.006156493744564588,0.0012913516547955921,0.08384412860916009,0.012632119042746108,-0.18408525794893743,0.004577808418303273
2019-07-24,-0.0028717676768142395,0.004756161086895976,-0.009327505491602254,0.004577808418303273,0.20931897655713924,0.014083666578498069,0.07781895930649896,-0.0032165641981208282
2019-07-25,-0.0008924587830197224,0.002316650429499745,-0.009681008797477141,-0.0032165641981208282,-0.19327538542153408,0.011997659226976962,-0.15224839341846486,0.009689795297068803
2019-07-26,0.004464691665871309,0.010469443839350074,0.0026097309497642262,0.009689795297068803,0.24092415982516302,0.007859712889585913,0.16016444365581886,-0.002236003387273968
2019-07-29,0.0037155257395492234,0.004456955597385882,-0.0058311797173552435,-0.002236003387273968,0.2231639447026739,0.010288135314741063,0.39182980370521014,-0.011722788798859353
2019-07-30,-0.007489624896181999,0.0032989607252265647,-0.02151312142853239,-0.011722788798859353,0.07342602478878235,0.024812082153758915,0.34519456915170926,-0.021402320209421812
2019-07-31,0.0018318333875274216,0.002943633179347498,-0.0458662760507228,-0.021402320209421812,0.3314134968116478,0.048809909230070274,0.5632164290919548,0.006917710268253971
2019-08-01,0.0060783919031398275,0.025528086708882475,-0.0023164664841506775,0.006917710268253971,-0.10007200265504489,0.027844553193033268,0.30397929336334933,-0.017329001240899453
2019-08-02,-0.007909824627918604,-0.006073276820617178,-0.031419341423246504,-0.017329001240899453,-0.11685125122190418,0.025346064602629302,0.05136919679606523,-0.047929581015498574
2019-08-05,-0.035701258667488696,-0.025560565521255307,-0.0594424250114372,-0.047929581015498574,0.4356931036468839,0.03388185949018194,0.41850060068527833,0.030068212804363788
2019-08-06,0.01912749818096494,0.03184237189651601,0.012920362355311518,0.030068212804363788,-0.33289332218661055,0.018922009541204602,-0.04631926910111686,0.017341601899412123
2019-08-07,-0.004847755334742477,0.019900437526492894,-0.01687881397680353,0.017341601899412123,-0.09427381552099684,0.03677925150329649,-0.17720721993462682,0.03190189559369786
2019-08-08,0.009938942924703272,0.0320456704184249,0.008467294785690277,0.03190189559369786,-0.07912155029985475,0.023578375632734714,-0.21674031103983385,-0.01117571161389228
2019-08-09,-0.009141057944485175,-0.004108610830385733,-0.018000275586344438,-0.01117571161389228,-0.1927493320371871,0.013891664755958705,-0.37572758687236,-0.018167348352724755
2019-08-12,-0.007667091349367759,0.00010910035117713792,-0.02228687883628593,-0.018167348352724755,-0.026111299142395704,0.02239597918746308,-0.3595756866653649,0.016638581150501874
2019-08-13,-0.0006298776932897954,0.019693671168909833,-0.00743497848751809,0.016638581150501874,0.16017766079910806,0.02712864965642799,-0.038438315770955314,-0.02725026459187021
2019-08-14,-0.01730544299337323,-0.007532019369100061,-0.03212827724003535,-0.02725026459187021,-0.03908943298685928,0.024596257870935133,-0.02594636010403591,0.017587351054130146
2019-08-15,0.007941450352278364,0.022210796939797568,0.003512455814156789,0.017587351054130146,-0.10861591909989102,0.018698341125640613,-0.09612320225314348,0.009043432628681318
2019-08-16,0.01130078109114031,0.014858270102421682,0.006963793776500441,0.009043432628681318,-0.21328681087180112,0.007894476325921109,-0.2668736416865057,0.013431847655511489
2019-08-19,0.009576446947520969,0.015228341336585825,0.0030933523197590736,0.013431847655511489,-0.08272279787725911,0.012134989016826709,-0.30980105786895246,-0.0037109759575235466
2019-08-20,0.0011859996413877744,0.005344022980567674,-0.008015645050677353,-0.0037109759575235466,0.03197346624264185,0.013359668031244873,-0.2285353988048969,0.017780634993137145
2019-08-21,0.00934118308917558,0.018099708706145044,0.008088768172310419,0.017780634993137145,-0.036017920649550436,0.010010940533834688,-0.18000498963205888,-0.00440677622294921
2019-08-22,0.00035444794671174576,0.0031156153536376187,-0.01879182601479668,-0.00440677622294921,0.17734705588482985,0.021907441368434182,0.0854423661517143,-0.03213816309685705
2019-08-23,-0.0027461865387437665,0.0046903662670415526,-0.03833638686749567,-0.03213816309685705,0.3944949236444634,0.043026753134537264,0.5087891936018804,0.016559971246989633
2019-08-26,0.01093702994818708,0.016559971246989633,0.004000946062820748,0.016559971246989633,-0.7036666427600617,0.012559025184168954,-0.3151956117078448,0.0007594770281161234
2019-08-27,0.00112080409502526,0.00957669946884343,-0.005513813163113006,0.0007594770281161234,-0.006890559671881464,0.015090512631956491,-0.30062004846109547,0.005766940621882728
2019-08-28,-0.005109923223584216,0.007239417225424628,-0.011890903812957964,0.005766940621882728,0.061454000290922316,0.019130321038382615,-0.2104876172805827,0.0112220707940321
2019-08-29,0.009870653825620721,0.013352169890462779,0.0022975837722362764,0.0112220707940321,-0.004213641906898122,0.011054586118226496,-0.20160024920487596,-3.557446690738742e-05
2019-08-30,0.004290984658915156,0.005599428396729086,-0.009462475565162786,-3.557446690738742e-05,0.12393583297852387,0.015061903961891852,-0.02816553568838955,-0.004488180966610622
2019-09-03,-0.004916658467963232,0.0052108419531540695,-0.010252452467911094,-0.004488180966610622,-0.10087112723016996,0.015463294421065121,0.016798466412745985,0.021159090520929496
2019-09-04,0.00945147663738177,0.0215434463888532,0.00725649191434357,0.021159090520929496,0.1126083063017973,0.014286954474509615,0.11511271588044028,0.0206862699850152
2019-09-05,0.014539031359845996,0.025399893271909824,0.012159260197667703,0.0206862699850152,0.36981889328046785,0.013240633074242001,0.4463166438047185,-0.002399417391192615
2019-09-06,-0.0004793813094533701,0.0033838219497396432,-0.006974411548466572,-0.002399417391192615,-0.31354562126358676,0.010358233498206162,0.0165848730230327,-0.027910151644371443
2019-09-09,0.007215259879923238,0.007896523605737787,-0.039481569926840966,-0.027910151644371443,0.5441241121639279,0.04737809353257898,0.5258111640233154,-0.03970360543096658
2019-09-10,-0.007154233026137984,-0.006585674759274829,-0.04703770982964799,-0.03970360543096658,0.5936978346505122,0.04045203507037325,0.97548950400326,-0.008777715024157468
2019-09-11,0.009465678187683716,0.01338634880909661,-0.011559873791897496,-0.008777715024157468,-0.31421774220241766,0.024946222600994078,0.33421315018058456,0.023612267927434816
2019-09-12,0.012662598872984314,0.032150227785519306,0.011930730858401736,0.023612267927434816,-0.1428752775415738,0.020219496927117424,0.03992508455715265,-0.0002894289066700902
2019-09-13,0.005736036879893092,0.006311444766718946,-0.01223073391738485,-0.0002894289066700902,-0.171571780271717,0.01854217868410395,-0.19365111555166872,-0.008139655320877676
2019-09-16,-0.01036770980906533,-0.0020286832825577713,-0.013150712725123201,-0.008139655320877676,-0.5193406812869806,0.011122029442565521,-0.7766710609648066,0.007886267248179483
2019-09-17,0.0017133636791371249,0.01646476875253144,-0.0004743330400190877,0.007886267248179483,0.06137802041591842,0.016939101792550534,-0.6447225409761111,-0.004171562714899534
2019-09-18,0.0018805438401676062,0.002169612483304195,-0.021255981581951595,-0.004171562714899534,0.015714754253036596,0.023425594065255868,-0.3981194000207473,0.0029400487384931384
2019-09-19,0.0031212065964948904,0.011025824460986652,-0.000909173603678936,0.0029400487384931384,-0.12592286559095006,0.011934998064665575,-0.3592366420735486,-0.017328758859355576
2019-09-20,0.006790724456909861,0.00966641494630885,-0.01828806293760103,-0.017328758859355576,0.7475152460012275,0.02795447788390983,0.5542896131600716,0.007275092500603262
2019-09-23,-0.00321357187484758,0.009432735112099827,-0.004324020997825771,0.007275092500603262,-0.5833207639408449,0.013756756109925735,-0.08461577589025704,-0.007459563207791479
2019-09-24,0.009038331844435282,0.015583629895136314,-0.015086678513242876,-0.007459563207791479,0.2871078455193178,0.0306703084083792,0.18266625129366443,0.005994115424168023
2019-09-25,-0.003214052769694554,0.00687361941559018,-0.01677464781383629,0.005994115424168023,-0.008947023931769979,0.023648267229426347,0.10663471333083571,0.0041709946972144874
2019-09-26,0.0017583468271490635,0.009814203180747069,-0.0004400422386206703,0.0041709946972144874,-0.3338212331170817,0.010254245419367907,-0.2857911385287685,-0.01753206702814166
2019-09-27,0.0054617085958900986,0.006332784930844393,-0.022897015709950598,-0.01753206702814166,0.0823703612894813,0.02922980064079499,-0.21875948671015022,0.009025407617668837
2019-09-30,0.006887331410761778,0.010864860665679536,0.0007057384900545355,0.009025407617668837,-0.014910497671983118,0.010159122175625023,-0.10619629631790106,-0.002322556836457365
2019-10-01,-0.0002946896872630772,0.0076299352859099156,-0.005649832183081684,-0.002322556836457365,-0.020113347728931537,0.01327976746899172,-0.1284170779789702,-0.02413172755139816
2019-10-02,-0.010313572213312182,-0.007409087689856151,-0.03157017540743343,-0.02413172755139816,0.3401784160395414,0.02416108771757734,0.27412053705760764,0.014302841263705417
2019-10-03,-0.0008700508617193679,0.015234234852417369,-0.01550834949439047,0.014302841263705417,-0.08744820059264692,0.030742584346807753,0.17301066500219672,0.021278534733991803
2019-10-04,0.004537014771010445,0.02280992170039131,0.00323749505004228,0.021278534733991803,-0.3906317709702348,0.01957242665034887,-0.27743660933384384,-0.006846690790623588
2019-10-07,-0.010084982057703347,-0.002045429747727689,-0.013407712333457389,-0.006846690790623588,0.06888306036197578,0.01136228258572977,-0.17952813671413212,-0.018989537071053487
2019-10-08,-0.00874526366363675,-0.004086430085441682,-0.02078847689222991,-0.018989537071053487,-0.015139001992259045,0.016702046806788298,-0.17896355351413204,0.019173170573181388
2019-10-09,0.010762944474570758,0.02247371413196833,0.009057566600965314,0.019173170573181388,-0.2618039191666454,0.013416147531002976,-0.4259760275104798,0.005823432522565766
2019-10-10,-0.0025008938781231047,0.00903197036123712,-0.003606187785722721,0.005823432522565766,0.011502544162736503,0.012638158146959764,-0.27658735440870164,0.007567312011722462
2019-10-11,0.00861785832770493,0.02228217632541612,0.004699921532239641,0.007567312011722462,0.46471560289801905,0.01758225479317636,0.31729851544222065,0.0017020091868078313
2019-10-14,0.00596237837983312,0.009558728399940467,-0.001269356990360455,0.0017020091868078313,-0.536586418072674,0.010828085390300916,-0.28189547248846647,0.007856719213132819
2019-10-15,0.00299856283404587,0.012869957257036203,-0.001520851328805916,0.007856719213132819,0.386635324459576,0.01439080858584196,0.16717443321448724,-0.001041641356023435
2019-10-16,-0.005254993360163499,0.0016858312921789263,-0.013589951328814487,-0.001041641356023435,-0.11149175180396433,0.01527578262099346,0.041032720471935756,-0.006344803908352459
2019-10-17,0.0038736718546753604,0.0077679811449213685,-0.008444642082285849,-0.006344803908352459,-0.11526705414135333,0.016212623227207235,-0.11371904317476564,-0.021494429612071986
2019-10-18,-0.0046036131372411936,0.0006145552694588154,-0.024195524581151,-0.021494429612071986,0.525233554891856,0.024810079850609765,0.39658869598656576,0.013469761062024164
2019-10-21,0.004792060920614416,0.013688466860768978,-0.004184202029996874,0.013469761062024164,-0.3272901303943175,0.017872668890765747,0.02907815643928681,-0.0487062360037045
2019-10-22,0.0021850195274508086,0.003820684433807804,-0.0496635952613501,-0.0487062360037045,0.6542482012123672,0.05348427969515787,0.6232334175669754,-0.0015705645704023217
2019-10-23,0.005420416002736797,0.011152433062072635,-0.010581701740999051,-0.0015705645704023217,-0.04597359878149289,0.021734134803071584,0.41732951110490624,0.02983602657490626
2019-10-24,0.010335483915462995,0.031991790815741744,0.010335483915462995,0.02983602657490626,-0.34740188045766246,0.021656306900278782,-0.07110005846003362,0.00534384481273784
2019-10-25,-0.009308267761075866,0.012682005780831444,-0.01194078478434042,0.00534384481273784,-0.31756407186522684,0.024622790565171974,-0.454960056735288,0.021021759562576944
2019-10-28,0.011298334393215238,0.021021759562576944,0.004357761091833456,0.021021759562576944,0.3188027885025019,0.016663998470743485,-0.07491814349623283,-0.005961211819868626
2019-10-29,0.006034066802189674,0.008516582327170412,-0.010382440438539918,-0.005961211819868626,0.2148810961505781,0.018899022765710444,0.09806664709532245,0.010372881846067803
2019-10-30,0.0012752304889847529,0.01152685163636549,-0.004714176812358917,0.010372881846067803,-0.30037551958056613,0.01624102844872441,-0.15858291928331592,-0.0012275124046032522
2019-10-31,-0.00278210580102254,0.006975443483583031,-0.007569607032729344,-0.0012275124046032522,0.4296059218846097,0.014545050516312507,0.36767623761420365,0.008059592050697884
2019-11-01,0.007880440382582383,0.012850201990691151,-0.002495805287169676,0.008059592050697884,-0.6204271336810716,0.015346007277860693,-0.3337403337672824,-0.009795178414339413
2019-11-04,0.005681827890877612,0.011366804728516217,-0.011678719481273817,-0.009795178414339413,0.2577059956633207,0.02304552420978994,-0.08197537189884063,-0.026884375473302528
2019-11-05,0.0006150658872477042,0.0022412734806311913,-0.029042787080394098,-0.026884375473302528,0.23578270844939297,0.03128406056102525,0.15727443727077964,0.0031918721191825233
2019-11-06,0.004821028519513943,0.009876764260924549,-0.0004461780251686561,0.0031918721191825233,-0.23141828623270616,0.01032294228609332,-0.07467955794587922,0.010799048009084752
2019-11-07,0.0005927379209873954,0.01915866391668797,0.0,0.010799048009084752,0.13357814672135884,0.01915866391668797,0.04621505444830062,0.007668771203484668
2019-11-08,-0.004003738369460612,0.007887007620993251,-0.004003738369460612,0.007668771203484668,-0.6463828040814928,0.011890745990453708,-0.5459296824084214,0.007646435253747503
2019-11-11,-0.006606327554943593,0.008115656858974463,-0.006679528617900638,0.007646435253747503,-0.04971416206578606,0.014795185476875071,-0.5620698688403555,0.0005053403389609752
2019-11-12,0.0021637444320383877,0.008984786407815257,-0.004450361057502318,0.0005053403389609752,0.03890324596157036,0.013435147465317612,-0.4341027646176838,0.0033500603690297033
2019-11-13,-0.0022758245351786467,0.011908235304680643,-0.007751748859728087,0.0033500603690297033,0.40390035092803633,0.019659984164408652,0.12775398046652167,0.005594411307536644
2019-11-14,-0.002232126126190503,0.005594411307536644,-0.004938975985965365,0.005594411307536644,-0.33898699025544304,0.010533387293502049,-0.181905842799192,0.004104121993396333
2019-11-15,0.0036054431774930713,0.004531394178903259,-0.005378670360000994,0.004104121993396333,0.07265775950386762,0.009910064538904336,0.035477707295325706,0.00028483218811488717
2019-11-18,-0.0027818370270124787,0.0035196561296072255,-0.00851253365954532,0.00028483218811488717,0.06530713142739374,0.012032189789152605,0.0764133064910289,0.015720027487475623
2019-11-19,0.0023471816039159522,0.02016141004897934,0.00028485970852082154,0.015720027487475623,0.1040783508345496,0.01987655034045863,0.1351690154208089,0.0002453427404386533
2019-11-20,-0.0010871196032020529,0.008446278718885189,-0.008624276066382369,0.0002453427404386533,-0.037147079893982575,0.017070554785267575,0.039267823323177166,-0.003264108501129754
2019-11-21,-0.0027369355105957035,0.003986660789940158,-0.006292122420282628,-0.003264108501129754,-0.044683452783271974,0.010278783210222847,0.02488762620277763,-0.006631200688311008
2019-11-22,0.0013349298147714316,0.003193955606288834,-0.01145584331555965,-0.006631200688311008,0.06655080913525652,0.01464979892184845,0.06153639478915852,0.017679011402562922
2019-11-25,0.005047904738355575,0.02246571822253155,0.003991051419910656,0.017679011402562922,0.2365501300166287,0.018474666802620898,0.26816211504234505,0.006135375356880458
2019-11-26,0.0030897411227406328,0.010514428322408087,0.000729965363833417,0.006135375356880458,0.4182371237762154,0.009784462958574859,0.6162872819453863,0.007985198539276823
2019-11-27,-0.0012102354524296053,0.009013082085987898,-0.0016254865802451473,0.007985198539276823,-0.9709819905699608,0.010638568666233073,-0.5159614766829661,0.0018152823242014878
2019-11-29,-0.00505216877925583,0.004446690295496567,-0.00505216877925583,0.0018152823242014878,-0.20960036256126108,0.009498859074752213,-0.6838473448832525,-0.019907378154361385
2019-12-02,-0.005627874666290298,-0.005077409646998519,-0.028954310258531867,-0.019907378154361385,0.5570393494943173,0.023876900611533285,-0.0661740245620751,0.00216191980371473
2019-12-03,-0.01501774021603184,0.003936824177718401,-0.017501375311665807,0.00216191980371473,-0.1916191274860044,0.02143819948938415,-0.26353493460451777,-0.0008711864478322202
2019-12-04,0.004899343253028616,0.008773959345954548,-0.003384456520553337,-0.0008711864478322202,0.08161443514890765,0.012158415866508015,-0.10409627500215611,0.010439012595945518
2019-12-05,0.0038623400982720486,0.014226916811154445,-0.001535142471961066,0.010439012595945518,-0.06125590403535553,0.01576205928311547,0.05167071870570515,0.0018956930897859278
2019-12-06,0.008451305763266515,0.009101097828672109,-0.0005867286696797345,0.0018956930897859278,-0.06199167602796785,0.00968782649835179,-0.043774583340670165,-0.004624991358348347
2019-12-09,-0.0041753419506424146,0.001926509377678614,-0.007396377400232895,-0.004624991358348347,-0.2424824069014261,0.009322886777911455,-0.33785256121660184,-0.0015580255556841022
2019-12-10,-0.00020758246224453,0.0038327338256546094,-0.004681271892089681,-0.0015580255556841022,0.2785628464768206,0.008514005717744242,0.03162887479626184,0.0049770348071247646
2019-12-11,0.003976782818570648,0.005907543113910686,-0.0017339442040262155,0.0049770348071247646,-0.08991174021010993,0.007641487317936914,-0.05713278847838179,0.007419412797321796
2019-12-12,-0.0005172649523734568,0.009265722651709354,-0.006155776980075404,0.007419412797321796,0.17820826858062208,0.015421499631784548,0.15835530258604533,0.013190757171378461
2019-12-13,-0.004871306065614772,0.01467569701776815,-0.008281704859119008,0.013190757171378461,0.2609852863742788,0.022957401876887322,0.4052687959712372,0.0029339710283616005
2019-12-16,0.006799046978870493,0.011384224252346685,0.0025971480572015864,0.0029339710283616005,0.16635265512105915,0.008787076195145172,0.4800273377642611,-0.0032379664991188323
2019-12-17,0.0051725120094775045,0.0051725120094775045,-0.01080030997383368,-0.0032379664991188323,-0.22732617663587754,0.015972821983311205,0.08960936394027598,-0.004265875671959588
2019-12-18,-0.002706320246011893,0.004382234620349775,-0.004265875671959588,-0.004265875671959588,-0.14466138968939568,0.008648110292309375,-0.10839377198255953,0.009421477482883158
2019-12-19,-0.0008485651555014698,0.01160372778507341,-0.0021397814360690427,0.009421477482883158,-0.13469847512494046,0.013743509221142387,-0.27978904681197087,0.0034893795991108065
2019-12-20,0.010099032734544182,0.010099032734544182,-0.0024228609124589645,0.0034893795991108065,0.698180022544029,0.012521893647003126,0.43095489681293425,-0.004363655952583946
2019-12-23,0.0005691614586723016,0.004211166854710467,-0.004935632721892407,-0.004363655952583946,-0.35083141718226335,0.00914679957660296,-0.008414574550248438,0.0007062529849047358
2019-12-24,0.00231844084848043,0.00349242629186633,-0.002256329499406792,0.0007062529849047358,-1.7228612965571606,0.005748755791273158,-1.6964180925558932,0.005765254132806974
2019-12-26,0.0021154640072724986,0.00633321748762181,0.0010750464927895595,0.005765254132806974,0.7587964556628187,0.005258170994832311,-0.7689741784944326,0.005133784722965249
2019-12-27,0.0026701877569785845,0.007757222757171755,-0.0034149804620483655,0.005133784722965249,0.3999968784879683,0.011172203219220142,-0.25936207468899,-0.010092620030306044
2019-12-30,0.0002992048873175913,0.0010302517400827573,-0.01832201703449746,-0.010092620030306044,0.2855256317023755,0.019352268774580173,0.0642206440826744,0.0029179310695249434
2019-12-31,-0.005456195871314926,0.004055956176085708,-0.006571363481658576,0.0029179310695249434,-0.09205525321560035,0.010627319657744367,0.1790830398131225,0.015947772203313285
2020-01-02,0.006243222533404894,0.016409065718915428,0.0030430348940973756,0.015947772203313285,0.2778297760087693,0.013366030824818022,0.5704353235981591,-0.009804397496013303
2020-01-03,-0.013038330689582425,-0.0032023307792508897,-0.015914249319189337,-0.009804397496013303,-0.26871306393639993,0.01271191853993839,0.05135852575376036,0.0026593716623076686
2020-01-06,-0.010271280641338497,0.002991207785714227,-0.014787774873130452,0.0026593716623076686,0.2792913132243607,0.017778982658844786,0.23962938843837994,-0.003391927723689081
2020-01-07,0.0016915580165436223,0.007112032227219704,-0.004491718113598401,-0.003391927723689081,-0.03859198002977161,0.011603750340818259,0.10829098729453598,0.016157410420266156
2020-01-08,0.0018968951376833194,0.02220270633497315,0.0009988624812953693,0.016157410420266156,0.013236956511713575,0.021203843853677712,0.08951815337007983,0.013025257156566489
2020-01-09,0.010368845222479052,0.018960363645698825,0.00952506853514694,0.013025257156566489,0.020930639804475626,0.00943529511055197,0.061095105434037955,0.006674560897328884
2020-01-10,0.007991215104500318,0.00917808880400794,-0.001165401761042295,0.006674560897328884,-0.11055055190469423,0.010343490565050188,-0.050758891103944985,0.012899626478642722
2020-01-13,0.006694118043213048,0.01426294028003179,0.005544201387067417,0.012899626478642722,0.09333462662445734,0.008718738892964475,0.01417739593416737,-0.014604323681048238
2020-01-14,0.0030725922431995827,0.003831431197214958,-0.017118520966358786,-0.014604323681048238,0.42520876392350054,0.020949952163573635,0.44383373861408226,0.01155411489127545
2020-01-15,0.004977252059993087,0.01625272019097949,0.0012868161650922175,0.01155411489127545,-0.059754035099593206,0.014965904025887308,0.27845983118565076,0.019069171033511634
2020-01-16,0.010288970862389637,0.01916282503197931,0.0023520138166454744,0.019069171033511634,-0.3389580646103902,0.016810811215333805,-0.13890464782628703,0.010435574899551187
2020-01-17,0.0035217492874948064,0.011578081827370686,-0.0033148780862906234,0.010435574899551187,0.3720231102584204,0.014892959913661302,0.23151180098472635,-0.005359485547240767
2020-01-21,-0.003869554523700143,0.006160310177847183,-0.006727184784697539,-0.005359485547240767,0.21854473324477897,0.012887494962544613,0.3566177893784973,0.007365733099689602
2020-01-22,0.00933725405005402,0.014983681054336692,0.006779694671516435,0.007365733099689602,-0.5334913462437976,0.008203986382820399,-0.30046768632988075,0.00206383482492811
2020-01-23,0.002125341373869039,0.0028942764367463087,-0.006154977349338091,0.00206383482492811,0.17426016125610827,0.009049253786084505,-0.06400116598663039,-0.004039156063560207
2020-01-24,0.004880667483599087,0.006471675409573693,-0.010268577328263308,-0.004039156063560207,-0.14176834705006428,0.01674025273783705,-0.18422270240561453,-0.024710454033803658
2020-01-27,-0.026834451583916744,-0.013405572462241572,-0.03512005054078009,-0.024710454033803658,0.18366418639556406,0.021714478078538605,-0.014709824176103925,0.014150290050075051
2020-01-28,9.499748379775283e-05,0.01804565028754436,-0.0009822017112852911,0.014150290050075051,-0.22537844522744654,0.01902785199882957,-0.2194121994120765,0.00015616325866614183
2020-01-29,0.00848796748914888,0.012936270993621756,-0.010988431929325965,0.00015616325866614183,0.23038022568799307,0.023924702922947627,0.13397020814219504,0.01284171665425356
2020-01-30,-0.0041294162073292175,0.013581197711424901,-0.007237659457002144,0.01284171665425356,-0.22297839431502178,0.020818857168427005,-0.13337976243957428,-0.02660990577803973
2020-01-31,-0.0040765244661925305,0.0,-0.031178159505931995,-0.02660990577803973,0.46419252327787985,0.031178159505932015,0.3650922729398942,0.026794803804389835
2020-02-03,0.009011578757109565,0.029748719714302627,0.007850317767805816,0.026794803804389835,-0.27581981857807203,0.021898401946496723,-0.006652195888865463,0.014075277395905656
2020-02-04,0.011397884709675333,0.022004366467532333,0.00543944900080741,0.014075277395905656,-0.019504565544256232,0.016564917466724758,-0.020169423131266143,-0.002433646218161964
2020-02-05,0.0177081207563835,0.0177081207563835,-0.015154300098818883,-0.002433646218161964,-0.07234471073610316,0.03286242085520248,-0.1236990873810324,0.002980387462160608
2020-02-06,0.003041179820135125,0.008824266436910007,-0.0019512647911746782,0.002980387462160608,-0.12251240212104621,0.010775531228084811,-0.2221003422526817,-0.007008981415428166
2020-02-07,-0.003955543928537783,0.001668871860110811,-0.010470638467135808,-0.007008981415428166,-0.280809193164019,0.012139510327246682,-0.4986834800608345,0.009980604956009926
2020-02-10,-0.0042291285893168214,0.009980604956009926,-0.004566957753335551,0.009980604956009926,0.3981635376857948,0.014547562709345645,0.05162023505346834,0.0019359190456983576
2020-02-11,0.014189755971803091,0.015740758556163418,-0.0018789444413070831,0.0019359190456983576,-0.10940820808592953,0.01761970299747048,-0.03610150922024507,0.00974323624910754
2020-02-12,-0.00030225194529814647,0.010610733164277186,-0.005150470892158323,0.00974323624910754,-0.3416752073598725,0.015761204056435718,-0.3373228393769494,0.0050149140199260344
2020-02-13,-0.005551670297891645,0.010922839481957844,-0.006093457907074254,0.0050149140199260344,0.2024494619122546,0.017016297389032223,-0.048748907229136045,0.015101029601661405
2020-02-14,0.004812114280907877,0.015364952344442111,0.0035370983718241056,0.015101029601661405,-0.09967490630790078,0.01182785397261825,-0.1213379263896765,0.000850138652782242
2020-02-18,0.001963119147147201,0.006286092884067165,-0.0016438126709703484,0.000850138652782242,0.28091290392103085,0.007929905555037326,0.1509968078945671,0.009682220237839571
2020-02-19,0.008026545371713364,0.01743014197760792,0.004065148559164142,0.009682220237839571,-0.16822736931166987,0.013364993418443657,-0.0008811036721582526,-0.00031925618187762144
2020-02-20,0.0034187855887871967,0.0077767479741748325,-0.018719466331596775,-0.00031925618187762144,0.350372852636198,0.026496214305771655,0.3767412098505316,-0.013886066377122964
2020-02-21,-0.005531380665258186,-0.0016270960870856934,-0.025999249598655013,-0.013886066377122964,0.1465286967731465,0.024372153511569447,0.40463097209563736,-0.04525358788100607
2020-02-24,-0.06755356644462515,-0.030972270430965232,-0.0791796208686953,-0.04525358788100607,0.4473151705714469,0.04820735043773006,0.7388535681241223,-0.06943957156593078
2020-02-25,-0.010309582001452346,-0.00444514510963196,-0.07649668624061973,-0.06943957156593078,0.48666453570514107,0.07205154113098786,0.9839899216040219,-0.016142017298428568
2020-02-26,-0.002942734279471335,0.016372872248244318,-0.016645411636065966,-0.016142017298428568,-0.3017767589483648,0.03301828388431022,0.35747893628256083,-0.0418654666769798
2020-02-27,-0.04463330075186268,-0.001981549683063453,-0.0590866022630147,-0.0418654666769798,0.3846653124234772,0.057105052579951146,0.5652608809414178,0.015380352899068169
2020-02-28,-0.03899119674534172,0.015862629861106814,-0.04387789179359601,0.015380352899068169,-0.0726935250851343,0.05974052165470283,0.2758328884247649,0.05525783080781629
2020-03-02,0.02933304115633251,0.0559747975234469,-0.0027945904960855784,0.05525783080781629,-0.2821341505901873,0.058769388019532506,-0.1555950029919273,-0.04924664911753534
2020-03-03,0.025269740696843648,0.025269740696843648,-0.053261593531468115,-0.04924664911753534,-0.18508960018741766,0.07853133422831174,-0.3732278245099509,0.03486450970868446
2020-03-04,0.024057547469551202,0.03631867898116952,0.0025652002095449024,0.03486450970868446,-0.219591347911931,0.03375347877162442,-0.5096757937454018,-0.03922327277363192
2020-03-05,-0.02223909652779927,-0.012145137514943135,-0.04782487941731563,-0.03922327277363192,0.024074345146236308,0.0356797419023727,-0.42941790230291316,-0.012877946819766862
2020-03-06,-0.028044139680222277,-0.006487495845661455,-0.04254621045024485,-0.012877946819766862,0.06436576823468043,0.03605871460458339,-0.21257283121739412,-0.09113438413996197
2020-03-09,-0.07978726639734528,-0.02744550025352392,-0.09430729563410757,-0.09113438413996197,0.18520864996662223,0.06686179538058361,0.11472768423043025,0.06844056605761725
2020-03-10,0.0535387885095634,0.06950920320571063,0.003238807083109462,0.06844056605761725,-0.04413303303688192,0.06627039612260117,0.10250326559595137,-0.039290563286572544
2020-03-11,-0.02753460135086605,-0.02354916198523077,-0.0634912383010717,-0.039290563286572544,0.02853838314090593,0.039942076315840847,0.12885579006705575,-0.11066323792202286
2020-03-12,-0.09819471523221288,-0.027319762150507965,-0.11302630654594921,-0.11066323792202286,0.5858765055867283,0.08570654439544112,0.6642813384049788,0.11158955842457167
2020-03-13,0.06910880207803308,0.11166358632385573,0.016427474141947996,0.11158955842457167,-0.41409418865649694,0.09523611218190796,0.05344167672846525,-0.1361114040482258
2020-03-16,-0.14104606503737827,-0.04654646357184798,-0.1636023247907476,-0.1361114040482258,0.1981016039412903,0.11705586121889953,0.1923125968933524,0.00941873789578785
2020-03-17,0.020289280769303086,0.06111129305594639,-0.01578265551666071,0.00941873789578785,0.044702660411323855,0.07689394857260697,0.16719291420117516,-0.042727833227347266
2020-03-18,-0.06755864003005482,-0.037607749264038766,-0.1094418631173447,-0.042727833227347266,-0.10939366534228252,0.07183411385330594,-0.023433723239038307,-0.0034279668019801886
2020-03-19,-0.017347862943652984,0.045330778190982204,-0.0745771405456328,-0.0034279668019801886,-0.21829309718046033,0.11990791873661485,-0.29183553602454826,-0.07176389765566152
2020-03-20,0.03830599996428285,0.03830599996428285,-0.07850303461796482,-0.07176389765566152,0.14197380624801595,0.11680903458224763,-0.04821324168610386,-0.039163932034365356
2020-03-23,-0.03926233467289653,0.019949126085440198,-0.055579274914583546,-0.039163932034365356,0.09688536679482405,0.07552840100002381,0.038151622146126746,0.15367275142448542
2020-03-24,0.060225224584096605,0.1594349809453992,0.055955292482256176,0.15367275142448542,0.005687626922755268,0.10347968846314302,0.05325691560215762,0.07869524462637843
2020-03-25,0.044669927350374616,0.11626795991059702,0.013782314935157792,0.07869524462637843,0.08136186117946842,0.10248564497543938,0.15307527504034907,0.02578744919603021
2020-03-26,0.00552115752481801,0.03573102696278006,-0.015164367679126886,0.02578744919603021,-0.2387137675103701,0.05089539464190682,-0.1091409065340727,-0.06082174650378649
2020-03-27,-0.050417701583771686,-0.027387307687549822,-0.07280522291510015,-0.06082174650378649,-0.24177116950832353,0.04541791522755028,-0.36577464328134424,0.02236070874027855
2020-03-30,-0.007294815704389094,0.02630160054015523,-0.012187841601330365,0.02236070874027855,-0.30465112396034394,0.038489442141485496,-0.621349379940652,-0.04725926379592411
2020-03-31,-0.0031242962102916386,0.0006710410165937543,-0.04924830691873332,-0.04725926379592411,0.5873491238756681,0.04991934793532725,0.0808583877407485,-0.05510038172715127
2020-04-01,-0.044959932237554796,-0.01863586051914054,-0.06172740334546193,-0.05510038172715127,-0.44524777363061946,0.04309154282632131,-0.3372500371180814,0.043943856625603434
2020-04-02,-0.000962806291895707,0.04599295398398336,-0.005526790488357226,0.043943856625603434,-0.03049240272687164,0.051519744472340576,-0.2298680138665479,-0.007774643978563508
2020-04-03,-0.007985622871509996,0.004177464424217696,-0.03653513732392633,-0.007774643978563508,-0.4373168918290951,0.040712601748144006,-0.576643052910993,0.11508401835609204
2020-04-06,0.06124237725866595,0.11947379348322283,0.05331418483773283,0.11508401835609204,0.7297845971993239,0.06615960864548986,0.25703731747950453,-0.026133886122659936
2020-04-07,0.05725235439140745,0.06171668227516218,-0.028452364589016916,-0.026133886122659936,-0.0010889713773080058,0.09016904686417913,0.17347781368343163,0.0447975045786408
2020-04-08,0.013152371258942199,0.048223967951687714,-0.0006563173785696076,0.0447975045786408,-0.41620377135860487,0.048880285330257255,-0.19336733734533587,-0.00573710574452693
2020-04-09,0.015309383921424384,0.018466518652319845,-0.011992684272762585,-0.00573710574452693,0.15782700253698573,0.030459202925082363,-0.007452388172526341,-0.022751282298498238
2020-04-13,-0.004464224958068337,-0.0026016802688951313,-0.051996836488567434,-0.022751282298498238,0.0655660738900581,0.049395156219672276,0.051689900157739714,0.027639121905151838
2020-04-14,0.02453147482995109,0.045649760610567025,0.02200868409435081,0.027639121905151838,-0.11297341276650806,0.023641076516216386,-0.14504657631578127,-0.05146434030407692
2020-04-15,-0.038443795267829796,-0.02912113446821157,-0.057393133325229405,-0.05146434030407692,0.47722249031318087,0.02827199885701775,0.39632501678423565,-0.04120455854260306
2020-04-16,0.0048493875375038575,0.0048493875375038575,-0.049546877206266784,-0.04120455854260306,0.112091257895066,0.05439626474377069,0.4626456027108142,0.05215006235810327
2020-04-17,0.045511925919471015,0.05495418568323356,0.019066546259725526,0.05215006235810327,-0.09549264315610663,0.035887639423508054,0.21884531358420087,-0.03220917686068737
2020-04-20,-0.021226138072190676,-0.01293086658000819,-0.04042620587744895,-0.03220917686068737,-0.5441176594582678,0.027495339297440725,-0.41111435894528026,-0.025671280165010302
2020-04-21,-0.020386764643599873,-0.009339133813964118,-0.03077906517461806,-0.025671280165010302,-0.01300893646664042,0.02143993136065392,-0.40032837530569654,0.04604005585202119
2020-04-22,0.024598170451895718,0.0525967025272231,0.022767151719101576,0.04604005585202119,-0.1599010109309027,0.0298295508081216,-0.5514322976559977,-0.004095420990324247
2020-04-23,0.00960693384602979,0.02122048158173299,-0.006404017998100958,-0.004095420990324247,-0.17418665194143818,0.0276244995798339,-0.6012918977286278,0.011270606641492025
2020-04-24,0.009994413625089394,0.015397097057760096,-0.01191308891419709,0.011270606641492025,-0.1104050375149545,0.027310185971957206,-0.5078359596517007,0.02428150634501377
2020-04-27,0.005626402850501279,0.026542098475114437,0.0028942462240806686,0.02428150634501377,0.06961328809219076,0.023647852251033767,-0.2058599953759481,-0.0019632605130775003
2020-04-28,0.019719786335750614,0.028006363725285366,-0.008180638400061021,-0.0019632605130775003,0.05783299946272144,0.03618700212534648,-0.06774900428214121,0.06966282654971111
2020-04-29,0.05101927912709076,0.07426990552084298,0.043123211873404836,0.06966282654971111,0.6718586432161907,0.031146693647438245,0.6763854483411047,-0.031220096051479424
2020-04-30,-0.018715446327530187,-0.007287931259389537,-0.0369095878375975,-0.031220096051479424,-0.3658883329963412,0.029621656578208002,0.16358150639137392,-0.022917672137337513
2020-05-01,-0.02306644419463093,-0.0035704315166104534,-0.028627171112453095,-0.022917672137337513,-0.15185909447041965,0.02505673959584249,-0.05126961519327351,0.001933158710770273
2020-05-04,-0.012129492426708076,0.004936878666762998,-0.02155224170985615,0.001933158710770273,-0.30192459090855256,0.026489120376619126,-0.3987655524452493,0.017377659302785883
2020-05-05,0.027762216925938474,0.03140392987340307,0.014892556449232036,0.017377659302785883,0.046689829519284055,0.016511373424171003,-0.33935708807567583,-0.0056367357878779984
2020-05-06,0.010817909453092326,0.010817909453092326,-0.008908911594566794,-0.0056367357878779984,-0.18536218930211953,0.019726821047659025,-0.5094451072336377,0.02189192268617147
2020-05-07,0.019519002670169913,0.03608317165526984,0.017465106490959066,0.02189192268617147,0.2927734762442736,0.0186180651643107,-0.0020521546820155005,0.014155809271576811
2020-05-08,0.017548967699276323,0.01761960575368391,0.003691954574602679,0.014155809271576811,-0.30713155718722746,0.013927651179081083,-0.23688953165974627,-0.0042932683478469095
2020-05-11,-0.010463854696974079,0.0013091381513674304,-0.017176837746783493,-0.0042932683478469095,0.2324673684185642,0.018485975898150847,0.09089783285130991,-0.032966536468755706
2020-05-12,-0.0027773794633493797,0.003903673034100477,-0.032966536468755706,-0.032966536468755706,-0.006305424993264556,0.03687020950285613,0.06800469236549714,-0.01090033054971133
2020-05-13,0.0006980123748404223,0.014448140803402067,-0.029537791976084235,-0.01090033054971133,0.17493961206660222,0.04398593277948639,0.23737355439195687,0.029829993268496353
2020-05-14,0.003856458778045196,0.030731105309575225,-0.01950846778262686,0.029829993268496353,0.2705752521936189,0.050239573092202255,0.429754414791897,0.005860708488680053
2020-05-15,-0.004590191486534308,0.0065774953632139555,-0.01460247149087432,0.005860708488680053,-0.5011336184456475,0.021179966854088378,-0.161128090440298,0.03853930119075338
2020-05-18,0.023105170584763593,0.04606524773599422,0.021492466585659824,0.03853930119075338,0.45954475119860955,0.02457278115033418,0.272074712206478,0.0028590243295902765
2020-05-19,-0.002521217974324848,0.02695328688108473,-0.008347971818536873,0.0028590243295902765,-0.14711442164428692,0.03530125869962163,0.04233573286221436,0.027379373201808884
2020-05-20,0.01711946365516179,0.03521342001903499,0.01590152750757819,0.027379373201808884,-0.1265660734651329,0.01931189251145683,-0.13040382057174696,-0.015310648948280348
2020-05-21,0.001905837848894304,0.003774677271506264,-0.020455409927316395,-0.015310648948280348,-0.15213842068725444,0.024230087198822654,-0.274485930473605,0.0022064740070940575
2020-05-22,0.0027149537582873287,0.008594706707550304,-0.004256992000727426,0.0022064740070940575,-0.3085450726013179,0.012851698708277603,-0.4880991819306054,0.028151040039716798
2020-05-26,0.03239484469420877,0.03364153914345472,0.023558092761366115,0.028151040039716798,0.5939617072261211,0.010083446382088641,0.14546400180083938,-0.011805800202516713
2020-05-27,0.0022064239025479213,0.004604897193210339,-0.0376566174668563,-0.011805800202516713,-0.019048561487547373,0.04226151466006679,0.1619055036782157,0.008404384103734367
2020-05-28,0.004028376559269232,0.03355682017803477,-0.0031071764479716655,0.008404384103734367,-0.12989989519229053,0.03666399662600644,0.03492875118234424,-0.004675063269881703
2020-05-29,-0.0009928440300217669,0.007021290201174476,-0.011411181505844513,-0.004675063269881703,0.0866703024910445,0.018432471707018838,0.1248754281833571,0.0016934678068356254
2020-06-01,-0.0002992466412114885,0.00718599951715518,-0.0099869589042446,0.0016934678068356254,-0.550921617602703,0.017172958421399834,-0.4703686481274213,0.007239828898061468
2020-06-02,0.011840691223325822,0.015506200684787417,0.0009617422574954347,0.007239828898061468,0.374154473197215,0.014544458427292106,-0.09378407217191637,0.011397663637537407
2020-06-03,0.006206251144424468,0.014778719687597185,-0.0045559831551027176,0.011397663637537407,-0.1861193336232156,0.019334702842700047,-0.22948083559550725,-0.018737028942083782
2020-06-04,-0.005322390506927288,-0.0014665785197743072,-0.02549571961038936,-0.018737028942083782,0.1900811699443644,0.024029141090615082,0.04360148842616196,0.03427978456210005
2020-06-05,0.017889925993282166,0.03524119153338167,0.01410190697040387,0.03427978456210005,0.19845672504651451,0.021139284562977888,0.26102950265940783,-0.004724498014839174
2020-06-08,-0.002632702329713496,0.005435954014081387,-0.01560795307789515,-0.004724498014839174,-0.30613177407735515,0.021043907091976528,-0.05165651815953284,0.003473187549522824
2020-06-09,-0.002031651903557312,0.009809649525670159,-0.0071450535891077836,0.003473187549522824,-0.11648162471661057,0.01695470311477785,-0.2121603232628195,0.005315085848568034
2020-06-10,0.0028852504692747838,0.014564857624310661,-0.0038598320358204504,0.005315085848568034,0.20990315138975485,0.0184246896601311,0.03840480740575316,-0.07250028460080207
2020-06-11,-0.02633769450814061,-0.02149719292689149,-0.07315286638351506,-0.07250028460080207,0.46431678788902825,0.051655673456623696,0.46976077985266457,0.022206563917033344
2020-06-12,0.025559009214990273,0.0295671033342205,-0.001236765686570154,0.022206563917033344,-0.3658323898170197,0.030803869020790582,-0.005772060062683908,-0.0020841579894907538
2020-06-15,-0.02650764581642384,0.003787455185974425,-0.03082730696094028,-0.0020841579894907538,0.27372829280045974,0.03461476214691462,0.29231221352877346,0.024301028822651092
2020-06-16,0.028986542207989855,0.0393280739695977,0.009844614499391122,0.024301028822651092,-0.39094912226746026,0.0294834594702065,-0.19370239683281615,-0.002367491557410289
2020-06-17,0.0017063369773077583,0.009804640581046901,-0.0046086868711898935,-0.002367491557410289,-0.44705987129745495,0.014413327452236684,-0.6690315718261881,0.0035819243025045017
2020-06-18,-0.006374047588365043,0.004401663654897644,-0.010790194097431488,0.0035819243025045017,0.07872301892850662,0.015191857752329212,-0.5276068827838224,-0.027772653937417992
2020-06-19,0.01513821974945269,0.01513821974945269,-0.027772653937417992,-0.027772653937417992,0.4902671104854088,0.04291087368687055,0.1351896386134515,0.02642681298074539
2020-06-22,0.01040105357749915,0.028100650334299974,0.004139853996895176,0.02642681298074539,-0.26182178452704735,0.02396079633740465,-0.12770726015339007,0.007982776187693852
2020-06-23,0.008471427288259888,0.019484378111028204,-6.56604577672156e-05,0.007982776187693852,0.08572324210942794,0.01955003856879555,0.08958256554608758,-0.042842994025263904
2020-06-24,-0.006145030998807743,-0.004441600648399227,-0.046079449727079023,-0.042842994025263904,0.29109594131357364,0.04163784907867993,0.3929289929538816,0.01351326217785728
2020-06-25,0.0005100358614400918,0.014787591214347319,-0.011425164320129957,0.01351326217785728,-0.43414619891497125,0.02621275553447726,-0.17816497987912558,-0.029524621214137025
2020-06-26,-0.003799042559379294,0.00033542101487519567,-0.030112278859393576,-0.029524621214137025,0.40147106344618694,0.03044769987426894,0.19732434543480695,0.012331193076228299
2020-06-29,0.006888502906244064,0.01308194804509574,-0.014587118346706797,0.012331193076228299,-0.3012286368515613,0.027669066391802593,-0.12297396412087638,0.009411820519336835
2020-06-30,0.0005460689706323598,0.012450802661200024,-0.00657598322098569,0.009411820519336835,0.16218253774237926,0.019026785882185655,0.03180668694505954,0.018329465816535308
2020-07-01,0.0008788130452281471,0.025277993467606525,-0.0019634313969972956,0.018329465816535308,-0.11942731893112637,0.02724142486460387,-0.11058714552492918,0.004141890128692867
2020-07-02,0.010437660885296008,0.018814490966377516,0.0004646930381944763,0.004141890128692867,-0.14442515403869938,0.01834979792818297,-0.19258751633981921,0.010362084817918128
2020-07-06,0.013890188082673496,0.01607274974651313,0.0024769244874837232,0.010362084817918128,-0.08788213572424687,0.013595825259029307,-0.28023396798995315,-0.018696467045493815
2020-07-07,-0.007819229157019299,0.007238851106825952,-0.020398457303683167,-0.018696467045493815,0.18705045459340883,0.027637308410509195,0.007464968539450363,0.0007998875050737668
2020-07-08,0.003328787028432285,0.005420263830485259,-0.008404428354756337,0.0007998875050737668,0.12455255580773539,0.0138246921852415,0.13252235492068232,-0.01869778267306335
2020-07-09,-0.0017673405704156746,0.0018972739522234616,-0.03247224235245588,-0.01869778267306335,0.2033226492459441,0.034369516304679264,0.34523903714000553,0.0036932169926536806
2020-07-10,-0.002004779351222347,0.008012874133275411,-0.010544540899356827,0.0036932169926536806,-0.5091018782553182,0.01855741503263209,-0.23109234364056216,-0.01877636883527913
2020-07-13,0.0073457645962280655,0.009894082064702634,-0.01932791544408676,-0.01877636883527913,0.4708816955776044,0.029221997508789392,0.253457062736787,0.029774981312653968
2020-07-14,0.006252407421003314,0.03027659119489461,-0.005286534485375444,0.029774981312653968,-0.011979914458298982,0.035563125680270126,0.14824987425887723,0.022393278207630474
2020-07-15,0.013456429349436812,0.025821869166767434,0.00812877958464251,0.022393278207630474,0.09185620073821905,0.01769308958212489,0.18539019039201732,-0.0210561766069732
2020-07-16,-0.009035859631865532,-0.007189205987240779,-0.022527117380412295,-0.0210561766069732,-0.46203515767326203,0.015337911393171323,-0.3276300400023108,0.015611564562743197
2020-07-17,0.007919136398415055,0.019484842667574727,0.0002004060318524488,0.015611564562743197,-0.04391393488773355,0.01928443663572214,-0.2932457826267117,0.02564990474788235
2020-07-20,-0.007062916228615776,0.03531581896366944,-0.007062916228615776,0.02564990474788235,0.510143960481245,0.042378735192285355,0.21038294679270517,-0.014074689597347975
2020-07-21,0.003328243468938099,0.006677222959467624,-0.01830997308567354,-0.014074689597347975,-0.3934621963083684,0.02498719604514114,-0.20278671528057243,0.01858432797059197
2020-07-22,0.0017215302185540863,0.019222386518581085,0.0017215302185540863,0.01858432797059197,-0.07548883713159123,0.017500856300026835,-0.2200544095413224,-0.01113494034587025
2020-07-23,0.0005742126128803422,0.01227396898757681,-0.014949864261017383,-0.01113494034587025,-0.05750930447343317,0.02722383324859434,-0.17779526851731123,-0.009662474039176359
2020-07-24,-0.011097108859393358,0.0026747581591767006,-0.01744717562754808,-0.009662474039176359,-0.22094139230930926,0.020121933786724933,-0.3882884743375952,0.0063008813080064055
2020-07-27,0.00045598922043077163,0.00998512641977937,-0.002936747666432539,0.0063008813080064055,-0.07847079921324521,0.01292187408621179,-0.42976232278730486,-0.008225143966076391
2020-07-28,-0.0011662090219765524,0.0043292377271504125,-0.009204919993716672,-0.008225143966076391,-0.0882706445772149,0.013534157720867086,-0.3352226459527983,0.00964873182304212
2020-07-29,-0.005991821251390952,0.017249953366460718,-0.0072405640966523915,0.00964873182304212,0.5151351826479098,0.024490517463113,0.28274097250565117,-0.0009703633266393127
2020-07-30,-0.01728393881816307,0.011316328435234887,-0.02044680202933185,-0.0009703633266393127,0.10678226871543564,0.03176313046456695,0.37175664387721036,-0.0015221975042019925
2020-07-31,0.00323102058144654,0.0035212892168188597,-0.011031545559462218,-0.0015221975042019925,0.17265110693822888,0.014552834776281023,0.4856006815059361,0.01307333660349768
2020-08-03,0.007973832785690712,0.01598028067943197,0.0024925608308413966,0.01307333660349768,-0.18126328338757136,0.01348771984859068,0.1632326892801586,0.005741884029596366
2020-08-04,-0.00028794682058484944,0.00986831115734533,-0.00477799247430614,0.005741884029596366,-0.13649689613226829,0.01464630363165136,-0.06509384913899863,0.042379308357506223
2020-08-05,0.00627809924987084,0.047488164787778946,0.004696421051842403,0.042379308357506223,0.5099804937769602,0.04279174373593673,0.3762305986853499,0.006503242905631066
2020-08-06,-0.0018309620894906577,0.009769202462676397,-0.006423041268813426,0.006503242905631066,-0.15958475588226523,0.01619224373148996,0.11268324713272397,-0.0064423026476729366
2020-08-07,-0.006503242905631001,-0.0054976920186632465,-0.018989430832689943,-0.0064423026476729366,-0.27872742321751476,0.013491738814026816,-0.2067488660128067,-0.01579379635417286
2020-08-10,-0.0025334992659975246,0.005229886874793245,-0.018957925763583724,-0.01579379635417286,0.024169708897647833,0.024187812638376927,-0.1361365355091649,0.017377869833896272
2020-08-11,0.006544430041808488,0.03550555645298352,0.0021655847918433074,0.017377869833896272,0.3403406692980705,0.033339971661140104,0.21147353151715437,-0.0027736843406433215
2020-08-12,0.0003651707738651298,0.008667464453269626,-0.007147894512989547,-0.0027736843406433215,-0.5229341108145783,0.015815358966259095,-0.39520330910935325,-0.004404896618800072
2020-08-13,-0.005202325869091588,0.006692391716985311,-0.006153895473245299,-0.004404896618800072,-0.21280813821303965,0.012846287190230532,-0.49153762240766086,0.0018682844702486215
2020-08-14,-0.001595401194450496,0.004435448193959606,-0.004239652687878872,0.0018682844702486215,-0.5588739884938576,0.008675100881838604,-0.9316337018186884,0.010441089022997667
2020-08-17,0.0006118452646230409,0.013464705654800542,-0.00036724956271832744,0.010441089022997667,0.6980834166139491,0.013831955217518881,-0.10467917757722273,0.002328960721434972
2020-08-18,-9.084620100234766e-05,0.00353667191946686,-0.011818970872040306,0.002328960721434972,0.03969605528608401,0.015355642791507178,-0.01095345903982311,0.004220669242269653
2020-08-19,-0.0029044902503563494,0.010398890027501632,-0.003025720916536956,0.004220669242269653,0.124113319078006,0.01342461094403864,0.2726307575425484,0.014693011800077154
2020-08-20,-0.006670790873905359,0.016706850863686153,-0.006670790873905359,0.014693011800077154,-0.14271866227972732,0.023377641737591635,0.10750561837271713,-0.0006524160734451567
2020-08-21,0.002013839063609083,0.004377870328290461,-0.004010182523328497,-0.0006524160734451567,-0.10106168467266859,0.008388052851618996,-0.02600819589392233,0.01921500005116745
2020-08-24,0.006681807305515682,0.019767669777340995,0.004882731847946182,0.01921500005116745,0.026865529783512965,0.01488493792939491,-0.08517411161682119,0.011630360829856625
2020-08-25,0.0031088186501293962,0.013928781075667807,-0.0009025957368407898,0.011630360829856625,0.038747146608681865,0.014831376812508602,-0.03635891111845465,0.009618169374258374
2020-08-26,0.0009774785474858478,0.013229723073473892,-0.006232358019263842,0.009618169374258374,0.20442044033760365,0.019462081092737685,0.17883107248470043,0.014087560250783563
2020-08-27,0.002020696447538596,0.019689815799453506,-0.0012542831083312716,0.014087560250783563,0.08188960807641849,0.020944098907784668,0.25454279261627266,0.02803040432790297
2020-08-28,0.00414871639386745,0.03111208420195621,0.0004493475173524518,0.02803040432790297,-0.07262175368033229,0.030662736684603762,0.12626247655850723,-0.021897556491666543
2020-08-31,0.0013920432561785223,0.0013920432561785223,-0.023294438868302257,-0.021897556491666543,0.10780624868047399,0.024686482124480807,0.18024681475983645,-0.003607965293625137
2020-09-01,-0.0013410003138802716,0.0034836928658873237,-0.013010383400730432,-0.003607965293625137,0.11052420354771729,0.01649407626661789,0.2208274311657457,0.010591008357466182
2020-09-02,0.0013720500719987122,0.01308303200257095,-0.0017386782572195777,0.010591008357466182,-0.06618477144884459,0.014821710259790562,0.0707631912130458,-0.04787019950852819
2020-09-03,-0.006201643817021108,-0.004891371349266306,-0.05540194303661201,-0.04787019950852819,0.42253763885305806,0.05051057168734577,0.4618040983521642,-0.0260160109675205
2020-09-04,-0.0024459750776398403,0.009119510700393182,-0.051593383276727973,-0.0260160109675205,0.0425596144187959,0.060712893977121096,0.38633318936591665,-0.015431444509120736
2020-09-08,-0.01883238029134083,0.0020872553146158183,-0.02450611621678968,-0.015431444509120736,-0.395268006180918,0.026593371531405268,-0.1360543613154463,0.029157309493529276
2020-09-09,0.02251060791124948,0.03830155552512455,0.007519824742858293,0.029157309493529276,-0.27999166027214084,0.03078173078226606,-0.43470448213993373,-0.02010419691739552
2020-09-10,0.008385381441812206,0.01603489553718373,-0.025344985344615916,-0.02010419691739552,-0.16155743575119189,0.04137988088179978,-0.5541706213874693,-0.008235001189590673
2020-09-11,0.00548238040079607,0.00548238040079607,-0.016874352752202802,-0.008235001189590673,0.025841231183887328,0.022356733152998888,-0.47520767187304397,0.025272409571293467
2020-09-14,0.014493901066954095,0.029398539456725516,0.011653760378760824,0.025272409571293467,0.15677895630273836,0.017744779077964738,-0.16318525702634737,0.0015935569470978796
2020-09-15,0.012152626015119876,0.015618639274295224,-0.0002067766129498422,0.0015935569470978796,-0.35453193827489926,0.015825415887245026,-0.34703928565408276,0.00795901754229777
2020-09-16,0.006290206474330076,0.020141355333751755,0.0019147602046433742,0.00795901754229777,0.24084605677848497,0.018226595129108333,0.021301027132721792,-0.007104343619591311
2020-09-17,-0.013873744412886163,0.005455313782297904,-0.017260902250966288,-0.007104343619591311,0.19702650718882536,0.02271621603326431,0.2383542598444553,-0.01236133926293571
2020-09-18,-0.003600739529590543,0.0050252745578121556,-0.018014748976934686,-0.01236133926293571,0.07595306204868348,0.02304002353474695,0.2567202121535807,-0.02235017400522215
2020-09-21,-0.01742107287003536,-0.01076584015518404,-0.04405733936542921,-0.02235017400522215,0.1086999161743397,0.03329149921024512,0.29770375978418495,0.02249926445816621
2020-09-22,0.0050505268060843395,0.024644232732615862,-0.00839266378027424,0.02249926445816621,-0.2800089441549673,0.03303689651288998,-0.04370256305427624,-0.03267749175216441
2020-09-23,-0.001402674929625296,-0.00041756392614102696,-0.03594909207332381,-0.03267749175216441,-0.15387913590089142,0.03553152814718259,-0.25161846996459875,0.011275643350548975
2020-09-24,-0.004106613616203575,0.019075520106846402,-0.010376287203171896,0.011275643350548975,0.2474290010359185,0.029451807310018296,0.004179999975738855,0.01081847360190221
2020-09-25,-0.00783045513312458,0.01592930510392897,-0.018791546096686384,0.01081847360190221,-0.1859164953215545,0.034720851200615334,-0.1813733684398127,0.019727024771759496
2020-09-28,0.014452851666234274,0.0261486110111486,0.012073421575692947,0.019727024771759496,0.014516383941124226,0.014075189435455767,-0.11521413080198893,-0.006403637488429385
2020-09-29,0.0,0.006861909441040546,-0.007623795815356948,-0.006403637488429385,-0.15300375306482777,0.014485705256397535,-0.18842962942341498,0.005753285060477188
2020-09-30,0.0013968801537427742,0.021828197538560978,0.0005649370090340481,0.005753285060477188,0.20379732293113237,0.021263260529526835,0.05933595718917236,0.01525980142083045
2020-10-01,0.011963449470978672,0.024911120571500092,0.0062200371916530306,0.01525980142083045,-0.2716978368154908,0.018691083379847196,-0.23732593602291172,-0.013310101705628533
2020-10-02,-0.014964208060577787,-0.0022158374828146247,-0.02166761826092774,-0.013310101705628533,-0.13629695064110367,0.019451780778113197,-0.29481804482463964,0.012960577604197067
2020-10-05,0.008376138053426086,0.012960577604197067,0.0004131444465939899,0.012960577604197067,-0.04829591665120194,0.012547433157602905,-0.2803096515196989,-0.01710098496068531
2020-10-06,-0.003472891513897692,0.009019609638998395,-0.020693333412500084,-0.01710098496068531,0.2042889756280096,0.02971294305149841,0.0025488710542787172,0.018992840002888048
2020-10-07,0.012809191959762819,0.02117133193494992,0.008587047495745547,0.018992840002888048,0.1836652660244225,0.012584284439204355,0.19616572436204344,0.0036281877755402125
2020-10-08,0.0032225307335899647,0.010960385506079588,0.0009881604714079405,0.0036281877755402125,-0.4320523179131338,0.009972225034671517,-0.2185260186584504,0.020759470917898065
2020-10-09,0.008194628200643294,0.023508238367733577,0.005345692481035934,0.020759470917898065,0.4476718247513661,0.018162545886697603,0.2713258463668881,-0.00099372860552262
2020-10-12,0.007379231091694589,0.007379231091694589,-0.00446526609066097,-0.00099372860552262,-0.057315087525791085,0.011844497182355402,0.13849019710290306,-0.017768600007850233
2020-10-13,-0.001734305715903649,-0.0015351185274790275,-0.020142475255184363,-0.017768600007850233,-0.153629787504304,0.01860735672770526,-0.08020484318138492,-0.00912076526961888
2020-10-14,-0.00023130876783220426,0.0038959577896500973,-0.013536715750323487,-0.00912076526961888,-0.1218377223333695,0.017432673539973617,-0.19987533666824409,-0.012124577212245798
2020-10-15,-0.012922424797517736,-0.009057607222652857,-0.029253639198985326,-0.012124577212245798,0.5117561310490347,0.020196031976332525,0.374950553779621,0.0024484475283903227
2020-10-16,0.004214730321723364,0.018755588894274016,0.001947488500678339,0.0024484475283903227,-0.11433474483311647,0.01680810039359583,0.1335537371303962,-0.02303879564041453
2020-10-19,0.0021191473445712847,0.00558248532950695,-0.026784520426276503,-0.02303879564041453,-0.12375644467518762,0.03236700575578349,-0.004408839751939374,0.00015070408646370378
2020-10-20,0.004122089367604166,0.015348706947557064,3.0087428825748777e-05,0.00015070408646370378,-0.09259735956289213,0.015318619518731227,-0.096646883367168,0.005111753529693078
2020-10-21,0.002318511821563748,0.013771866203192427,-0.001266970802927172,0.005111753529693078,0.01758295191753332,0.01503883700611971,-0.08945216350387983,0.000539691987885414
2020-10-22,-0.00015002717497174364,0.00586123508539214,-0.012585656169225882,0.000539691987885414,-0.18898518016286298,0.018446891254617844,-0.31085562838266845,-0.012032595841329954
2020-10-23,0.006245433532963,0.006245433532963,-0.015984412227961035,-0.012032595841329954,0.2666512976741122,0.022229845760924048,0.05626250239380356,-0.03567005638733203
2020-10-26,-0.009755821844274822,-0.007216276136068622,-0.047784856127321744,-0.03567005638733203,0.563266151457311,0.04056857999125315,0.6471453437315334,-0.0029913659052093096
2020-10-27,0.0026375183248945042,0.004705005422101839,-0.018083714653375795,-0.0029913659052093096,-0.18143663347141958,0.022788720075477716,0.3129081730151629,-0.084620396663239
2020-10-28,-0.04984866244728963,-0.048821653271760745,-0.09420700315815739,-0.084620396663239,0.981854243763626,0.04538534988639668,1.1960401438683492,0.006158455896507051
2020-10-29,0.006226737662907966,0.01336347342875612,-0.013231558275485274,0.006158455896507051,-0.18401074638479945,0.026595031704241413,0.6032984827248338,-0.015606442255788047
2020-10-30,-0.011423161036659354,-0.004546737316904746,-0.041720526532894306,-0.015606442255788047,-0.32944025813476513,0.037173789215989614,0.027352469414737558,0.004597185939161985
2020-11-02,0.019215440042581963,0.021252536276310872,-0.0018032445500970043,0.004597185939161985,-0.3022373491431812,0.02305578082640793,-0.38616952608330907,0.01851909314764024
2020-11-03,0.015331777284366278,0.035137680495649935,0.006222615896834898,0.01851909314764024,-0.21781419870187788,0.02891506459881508,-0.6018898355571063,0.0392024742990336
2020-11-04,0.03231023633221713,0.05701165867728873,0.022924804731457367,0.0392024742990336,0.15612544733680964,0.03408685394583163,-0.4399404567044249,0.029918978955647983
2020-11-05,0.025517990006269732,0.038788658109960135,0.020555427101595775,0.029918978955647983,-0.23302499245039338,0.018233231008364142,-0.4733779109732732,-0.00917214189825241
2020-11-06,-0.0017390647518300644,-0.00012640531316392186,-0.020555453851029817,-0.00917214189825241,-0.2421064774946298,0.020429048537865858,-0.5047261465060615,0.09402235559293676
2020-11-09,0.10084836645447688,0.12948990371229738,0.08334328317239242,0.09402235559293676,1.3004299446584104,0.0461466205399052,0.9684715853952626,-0.02879463763208898
2020-11-10,-0.01335205697058338,0.0037657928838348885,-0.03280528721345528,-0.02879463763208898,-0.7184234804788252,0.036571080097290154,0.0021635273922023393,-0.0071645736652666495
2020-11-11,0.007825222909439294,0.008684367510892705,-0.011143740524538046,-0.0071645736652666495,-0.5848980000521005,0.0198281080354308,-0.6280441713636861,-0.012411632235883735
2020-11-12,-0.01006892482375357,0.002103690377007161,-0.018491856174102844,-0.012411632235883735,0.0770258872077884,0.0205955465511101,-0.4833698055726199,0.020322686283707408
2020-11-13,0.006103905312298113,0.02354105362882228,-0.0028980152367802507,0.020322686283707408,-0.29271388342167054,0.02643906886560243,-0.7532659351166623,0.0012528739881670788
2020-11-16,0.0200056585567842,0.02248942380840372,-0.005567165882998975,0.0012528739881670788,0.32495346724901253,0.02805658969140277,-0.4050383890478784,0.003125198685869014
2020-11-17,-0.006820039871166191,0.006892207558172352,-0.014200850774408174,0.003125198685869014,0.029710013603080485,0.02109305833258063,-0.008810372644297725,-0.00166556922853787
2020-11-18,8.914544484240354e-05,0.013137725684874101,-0.0048856588013468346,-0.00166556922853787,-0.0632910211002425,0.01802338448622099,0.04600700198954617,-0.006150918249255427
2020-11-19,-0.0013404592565811975,0.009539403377143896,-0.0135460861388341,-0.006150918249255427,-0.16405892087091195,0.023085489515978032,-0.13320121710886587,-0.033129338384332664
2020-11-20,0.002691934421200188,0.0038263790645475517,-0.033129338384332664,-0.033129338384332664,0.4211215051339896,0.03695571744888034,0.31991349149272047,0.02760314609879382
2020-11-23,0.009888996339066656,0.031090623705778482,0.004232501267288259,0.02760314609879382,-0.252204577698465,0.02685812243849021,-0.042274806338677966,0.03069501169506809
2020-11-24,0.014560373918576971,0.0357058618100403,0.006244725952306434,0.03069501169506809,0.09214212918133949,0.02946113585773403,0.055469645311852195,-0.0031300058896243112
2020-11-25,0.0038477726962779825,0.0038477726962779825,-0.008947937193583975,-0.0031300058896243112,-0.33094035210343664,0.012795709889861832,-0.2824538503543747,-0.006613877786081996
2020-11-27,0.004414183185990163,0.004560070838959761,-0.010929135379337622,-0.006613877786081996,-0.5921587836441059,0.015489206218297212,-0.8340587460256701,-0.007578701995259483
2020-11-30,-0.004167114446211873,-0.0030128199142612617,-0.026568659223592705,-0.007578701995259483,1.114951019003275,0.023555839309331486,0.3659449287309511,0.007018181476165899
2020-12-01,0.009346702235303386,0.018023266636050146,0.0032930928652392688,0.007018181476165899,-0.015507109696310858,0.014730173770810965,0.34145518000487934,0.003946393947699876
2020-12-02,-0.00621618226418643,0.004005145421492851,-0.014505083845018243,0.003946393947699876,-0.348288881392475,0.018510229266511167,-0.07099035927018515,-0.015044072088428437
2020-12-03,-0.004891148750686709,0.0061535227349675415,-0.018092275495661555,-0.015044072088428437,0.03575822117460342,0.024245798230629154,0.0003441815494221886,0.027110201034461254
2020-12-04,0.005297154620542354,0.027110201034461254,0.001967309610361466,0.027110201034461254,0.3390613937203501,0.025142891424099593,0.3046130751230595,-0.00989345642650619
2020-12-07,-0.002879182935156838,0.010515115951015393,-0.01256596999155809,-0.00989345642650619,-0.5928787081263943,0.0230810859425737,-0.4565335327364856,-0.0004986664134322158
2020-12-08,-0.007891191983481958,0.00546951502393931,-0.01257278086699786,-0.0004986664134322158,-0.07163255625772458,0.018042295890937147,-0.4227973265306957,-0.011628731349456769
2020-12-09,-0.001115692646568018,0.0026959222486708655,-0.01806173931228423,-0.011628731349456769,0.2864901369900229,0.02075766156095492,-0.011904822614871703,-0.015949639034254996
2020-12-10,-0.0065525542179098095,-0.0038965457176224675,-0.016945509335873122,-0.015949639034254996,0.16863667956647874,0.0130489636182507,0.15736579677524867,-0.01244431505487272
2020-12-11,-0.013452755301430743,0.0001508643198298026,-0.018233486941469493,-0.01244431505487272,0.17546375483156706,0.018384351261299336,0.3047576945103731,0.011327635062788204
2020-12-14,0.0048139593284436556,0.03401858075698246,0.0005190238666215676,0.011327635062788204,-0.16254426416164863,0.03349955689036085,0.1516166414053485,0.007521094556730532
2020-12-15,0.006051439559467145,0.012215609840894358,-0.010717041227121542,0.007521094556730532,-0.1347385487920061,0.02293265106801598,-0.05653047438074457,-0.004656374295198809
2020-12-16,0.0009286786826896059,0.0010484719202534319,-0.013275180433056645,-0.004656374295198809,0.08891801661310204,0.014323652353310016,-0.019800893774817044,0.01434998553456064
2020-12-17,0.007320332664916664,0.018585564092971046,0.003906805248559695,0.01434998553456064,-0.21915100170110952,0.014678758844411182,-0.26353485320978176,0.010129563378445042
2020-12-18,-0.001158236950256057,0.01385434748604031,-0.007597765540951915,0.010129563378445042,1.1307687036470409,0.021452113026992257,0.9122839421649052,-0.017667546009834386
2020-12-21,-0.021142799471369794,-0.012358224916327468,-0.039221878871150764,-0.017667546009834386,-0.8407503420820164,0.026863653954823218,-0.15281239871018948,-0.006390579735206833
2020-12-22,-0.0006282185163502127,0.0025388866761913184,-0.008318707997020277,-0.006390579735206833,-0.41591068855040014,0.010857594673211618,-0.5729601924331666,-0.00910094189646895
2020-12-23,0.005672583490823957,0.008899605678032649,-0.009708641620648776,-0.00910094189646895,0.13868847687051833,0.018608247298681487,-0.40079824255320057,0.02035453193046047
2020-12-24,0.004303767628784586,0.02145510202496488,0.003396088919057086,0.02035453193046047,-0.7462609575918043,0.018059013105907754,-1.1158765142334923,0.024895847513709705
2020-12-28,0.005520405174846094,0.028141930766192542,0.002585924794703329,0.024895847513709705,0.9689262376301306,0.02555600597148934,-0.0733928302156374,0.006337475600230345
2020-12-29,0.009563084967022208,0.012348325658661273,0.0008415436281484119,0.006337475600230345,-0.20041945374697454,0.011506782030513005,0.039697817065101025,0.025321368919570205
2020-12-30,0.005810092060670477,0.03168560405353531,0.0015852765273619137,0.025321368919570205,0.3975334985303773,0.030100327526173358,0.4995733252284715,0.0039018552709773127
2020-12-31,-0.0014635624878739728,0.010797956306248033,-0.006489830432077752,0.0039018552709773127,-0.37684697444883897,0.017287786738325678,-0.009215827356689287,-0.015386473707308394
2021-01-04,0.002965279133008507,0.0033283553436244764,-0.02720604330847761,-0.015386473707308394,0.47598908140502305,0.03053439865210226,0.45848007762441223,-0.01164677223674674
2021-01-05,-0.007682576522782085,0.004286823372913374,-0.01736225972636002,-0.01164677223674674,-0.43886200547062315,0.021649083099273377,-0.18500961825109097,0.00037404309976392077
2021-01-06,0.00859801205427677,0.018847190534108608,-0.008266227663358217,0.00037404309976392077,0.28245225061520207,0.027113418197466967,0.12325008040860133,0.006624528169291874
2021-01-07,0.004020176021938312,0.01377324162426895,0.002385347641680807,0.006624528169291874,-0.2464930987907761,0.01138789398258806,-0.18645253044160026,0.011340079177979488
2021-01-08,0.004278264597737381,0.014528448216654347,-0.0010581115739599183,0.011340079177979488,0.08389112365344262,0.015586559790614407,-0.04184108059243819,-0.01609604937905599
2021-01-11,-0.004929526592409291,-0.0012159223970605569,-0.017274237851053115,-0.01609604937905599,-0.33863979243816766,0.016058315453992514,-0.40796440977130516,-0.015279839424015125
2021-01-12,-0.003221800154049384,-0.0005745826171417224,-0.03557662433257894,-0.015279839424015125,0.7039294582165061,0.035002041715437145,0.428039486541716,0.00989481600662056
2021-01-13,0.019320982624315274,0.01975000994150402,0.0038128475561107038,0.00989481600662056,-0.1634117126113987,0.015937162385393354,0.15313157433917088,-0.05764598067394433
2021-01-14,0.006791243351157321,0.009340356521669506,-0.05838032248402523,-0.05764598067394433,0.7474886398488544,0.06772067900569481,0.89168266928326,-0.011289075108799472
2021-01-15,0.0018641528096217308,0.008406768119004192,-0.01556723785267803,-0.011289075108799472,-0.09640694503139297,0.023974005971682186,0.5220109961829167,0.008256339646719648
2021-01-19,0.011472576333200318,0.017995841141544747,0.004321508971050368,0.008256339646719648,-0.5367977839042312,0.013674332170494375,-0.19162191417350705,0.027148527110377806
2021-01-20,0.012348998539179147,0.0361254289310413,0.009739501494824838,0.027148527110377806,0.09398847933892517,0.02638592743621638,-0.1739781150070539,-0.0014043513667354795
2021-01-21,-0.0014940539279770866,0.005805520336425015,-0.00948017673625845,-0.0014043513667354795,-0.37706874321539113,0.015285697072683409,-0.5583926234625672,-0.01643017309884114
2021-01-22,-0.01218367940007214,0.002120676010831274,-0.016673330336724662,-0.01643017309884114,0.09875029184292573,0.018794006347555986,-0.4383773608464709,0.0006077736042233138
2021-01-25,-0.004508706704919618,0.0029138393430405305,-0.03640022800882829,0.0006077736042233138,0.48662306421992485,0.03931406735186864,0.2264088603379489,-0.004536506131824516
2021-01-26,0.002457555373303853,0.004092607476858011,-0.010289994969858442,-0.004536506131824516,-0.5801644146914127,0.014382602446716578,-0.2851697129863493,-0.03797163815136159
2021-01-27,-0.022653275224843773,-0.014446269732741063,-0.045512104901693,-0.03797163815136159,0.7544852014678033,0.031065835168951898,0.5186825423213343,0.027480381551121372
2021-01-28,0.03610839638633418,0.041930795961335775,0.020362511131262452,0.027480381551121372,-0.07568497429626937,0.02156828483007345,0.34151271883626216,-0.024947795082090978
2021-01-29,-0.0014813328109168397,0.004307945350562021,-0.03738692529457878,-0.024947795082090978,0.09927228752924824,0.04169487064514072,0.3102693578725648,0.01652460259431183
2021-02-01,0.014501180124722778,0.022601360600310223,0.004070171543460741,0.01652460259431183,-0.4362398396635287,0.018531189056849553,-0.25277855244039293,0.039064005797041244
2021-02-02,0.005860436362702835,0.044403104123259415,0.005860436362702835,0.039064005797041244,0.14252604742391245,0.038542667760556606,-0.06755016168361884,-0.004646324362675243
2021-02-03,-0.001586324350776581,0.004863010298784678,-0.009918294160768169,-0.004646324362675243,-0.34255471432415185,0.014781304459552847,-0.47941287453757475,0.02378195455101685
2021-02-04,0.007632560089120594,0.03085721934633616,0.006707787677167091,0.02378195455101685,0.11692390068631292,0.024149431669169157,-0.2519127188133511,-0.0061214076588504635
2021-02-05,0.004946238230232168,0.010216681013098064,-0.010144205174573118,-0.0061214076588504635,-0.4255666230420108,0.020360886187671234,-0.5928332725242624,-0.0050904286540913455
2021-02-08,0.003683245416296368,0.00805599521421997,-0.009551004639985533,-0.0050904286540913455,-0.11119389059011951,0.017606999854205583,-0.5130457148370132,-0.010708997092996195
2021-02-09,-0.0032095678378036905,-0.0024062323042389642,-0.02107928907929334,-0.010708997092996195,0.1207607717676946,0.018673056775054486,-0.28379419168533426,0.0023065659015608525
2021-02-10,0.004667585378243246,0.006069590827657426,-0.003575248853468443,0.0023065659015608525,0.3496715577924699,0.00964483968112592,0.21143737966258352,0.02558183998822986
2021-02-11,0.033223130859340616,0.04499151642945674,0.01791112918319146,0.02558183998822986,0.1853079322160276,0.02708038724626531,0.38462829804909965,-0.0054688750530968964
2021-02-12,-0.004501640417404829,0.0007288736413847871,-0.01815898991466658,-0.0054688750530968964,-0.5244117989473854,0.018887863556051435,-0.1722103367743413,0.0006156211850907949
2021-02-16,0.006430925898562628,0.008759180089881554,-0.008629480986349941,0.0006156211850907949,-0.03642274028606174,0.017388661076231503,-0.21198342453526847,-0.0114364585669837
2021-02-17,-0.006379978745333588,-0.0024354435568964754,-0.01586325330061229,-0.0114364585669837,-0.252064036976192,0.013427809743715796,-0.4785903890802791,0.0033442518318407815
2021-02-18,-0.008454685342001089,0.0077369439791579245,-0.01339975687200673,0.0033442518318407815,0.05438291447481595,0.021136700851164737,-0.38369270986008,-0.015752981205717186
2021-02-19,-5.90604634596356e-05,0.001594215646985698,-0.022287516356401648,-0.015752981205717186,0.537121772419867,0.02388173200338738,0.264879755367114,0.022232012654725884
2021-02-22,-0.009560256067221398,0.03233750903612723,-0.013294525800793109,0.022232012654725884,0.18746399968077995,0.04563203483692041,0.5191185227731093,0.028247550195439928
2021-02-23,-2.938388005932049e-05,0.039202634313320314,-0.006626734238082669,0.028247550195439928,0.2473369089495007,0.04582936855140307,0.6439732232909174,0.047100949307021404
2021-02-24,0.006967229934513295,0.051094926139601954,0.00042794874201681604,0.047100949307021404,0.16578391260553596,0.05066697739758526,0.623083202452598,-0.03532761433605321
2021-02-25,-0.00754228242616474,0.0,-0.04200585832822779,-0.03532761433605321,-0.36044698550290155,0.04200585832822773,0.031749813332314324,-0.002032696578209497
2021-02-26,0.007054000358004514,0.013502382221282395,-0.0212352809254276,-0.002032696578209497,-0.06731401271631614,0.03473766314670996,-0.14132267262099762,0.025254185629626613
2021-03-01,0.01911800655433895,0.03498900791277428,0.014950523428418882,0.025254185629626613,-0.10507527568350361,0.020038484484355436,-0.273584443905975,-0.000220433700200947
2021-03-02,-0.002483085574527566,0.010171275363668833,-0.009858292087082584,-0.000220433700200947,-0.20817480524347526,0.020029567450751493,-0.46222239424726097,-0.007108628820466224
2021-03-03,-0.007802832249942011,0.007167858637138878,-0.020522236982135393,-0.007108628820466224,0.036713769601155716,0.027690095619274116,-0.32242218043854776,-0.030294673205766565
2021-03-04,-0.0004164472753001402,0.0038233683010205546,-0.04418180575739475,-0.030294673205766565,0.21370117582171344,0.048005174058415145,0.05159724995711319,0.03204194495656947
2021-03-05,0.015388888126401063,0.03456039494392874,-0.008851611170302181,0.03204194495656947,0.015453037775167404,0.04341200611423112,0.09675893722365182,0.02854561232652274
2021-03-08,0.004203050696459103,0.058078543662392144,0.002518449987359293,0.02854561232652274,0.44052276051967354,0.05556009367503272,0.548029693253001,0.013880018543457601
2021-03-09,0.009834907013453738,0.042160124696366846,0.003736351826705275,0.013880018543457601,-0.2124293847173217,0.03842377286966159,0.20830426192837886,0.013663854231463896
2021-03-10,0.0002124949295293988,0.01967141508731222,-0.009392717856599111,0.013663854231463896,-0.25731087688645765,0.029064132943911334,-0.14068613325598683,0.006996667577466804
2021-03-11,0.009906201271505542,0.020228873578924243,0.002355081227006678,0.006996667577466804,-0.189858481156907,0.017873792351917567,-0.36154602738364816,-0.004354159418444087
2021-03-12,-0.008464859175896094,-0.001171434082394445,-0.013462435010101454,-0.004354159418444087,-0.4131223091412191,0.012291000927707069,-0.742699345065261,-0.002485335400815351
2021-03-15,0.0015665550111666675,0.013366912109860424,-0.010691575605931076,-0.002485335400815351,0.5357287561185704,0.024058487715791475,-0.1193282573902836,0.0016227268337009205
2021-03-16,0.0024592598386992937,0.009178175021962496,-0.00807422961022733,0.0016227268337009205,-0.20198131682354256,0.017252404632189845,-0.18643006369445436,-0.009723389404542215
2021-03-17,-0.0013870140053275982,0.007088165346246997,-0.01717156538891066,-0.009723389404542215,-0.06110186261161545,0.024259730735157754,-0.12532103869414368,-0.03132965386467423
2021-03-18,-0.009685482403610939,-0.008486265191030863,-0.036684541891918034,-0.03132965386467423,0.7989519185583545,0.02819827670088726,0.7451975248276392,-0.028999530710454982
2021-03-19,-0.006012623316651091,-0.0019637831477437554,-0.0470287317138407,-0.028999530710454982,0.528622786440568,0.04506494856609702,1.088791800157927,0.005287346726761447
2021-03-22,-0.0016001331632370312,0.014314559074316387,-0.0070654042103408575,0.005287346726761447,-1.0826333724803763,0.02137996328465737,-0.3819630562835796,-0.008771631220823622
2021-03-23,0.0025079960741140202,0.0025079960741140202,-0.013737862966474015,-0.008771631220823622,-0.09735797116658348,0.016245859040588,-0.4768188639861036,0.012253286492602555
2021-03-24,0.005081775856832923,0.026991896340982337,0.0020526980019774203,0.012253286492602555,-0.05648682687355022,0.02493919833900496,-0.5435387512354285,-0.0035932924895974087
2021-03-25,-0.00457037309365962,-0.0005005915028426892,-0.015410784377291188,-0.0035932924895974087,-0.18115041186605849,0.01491019287444852,-0.7347505565342572,0.02147778707755931
2021-03-26,0.0043715208968719416,0.02276054591090906,-0.0030741914975360913,0.02147778707755931,-0.07740141089173433,0.02583473740844515,-0.6643098457086946,-0.008860934199793669
2021-03-29,-0.0052028497150538085,-0.0021599989874496687,-0.020780407772016313,-0.008860934199793669,0.3915302456213056,0.018620408784566746,0.16738325803735823,-0.01306335602539897
2021-03-30,-0.005886528834802776,0.0045637172655884255,-0.016139008038526567,-0.01306335602539897,-0.3401238684698189,0.020702725304115047,-0.16774263136658607,-0.006020387561890276
2021-03-31,0.0038729596449401374,0.009170517893394254,-0.006778964839362951,-0.006020387561890276,0.41555563997963185,0.015949482732757272,0.3001734325821952,0.020157769483204618
2021-04-01,0.0027767081101531805,0.020433003022950858,-0.002277546243449703,0.020157769483204618,-0.16653861002017104,0.022710549266400544,0.08408539206661411,0.013723239792254966
2021-04-05,0.009587801475768126,0.01967848910797985,0.0028585819245918005,0.013723239792254966,-0.5293567058286138,0.01681990718338793,-0.48783998808032153,0.0033880420412157938
2021-04-06,-0.00932881870313585,0.00657583559904709,-0.015927671124264922,0.0033880420412157938,0.19957767151539932,0.022503506723311903,-0.2561638402286253,0.004077449139308618
2021-04-07,-0.0011641718984588493,0.011808629513076025,-0.00154354341968297,0.004077449139308618,0.10557462549699129,0.01335217293275904,-0.06610913577329733,0.01778846581541174
2021-04-08,0.005160783044296629,0.02193616966675193,0.00449031704532896,0.01778846581541174,0.1762297313782187,0.017445852621423005,0.10554317729025846,0.006175619135029234
2021-04-09,-0.004404251403518957,0.006885795075482499,-0.008774519391233124,0.006175619135029234,-0.373241360392574,0.01566031446671563,-0.21305371375599674,-0.0006316197698460456
2021-04-12,-0.005275943626952998,0.0022601672693534944,-0.010313988777285784,-0.0006316197698460456,0.17593448537471823,0.012574156046639426,0.051340537823901564,-0.004512037028884627
2021-04-13,-0.0020556043226451688,0.0006842902727466847,-0.008035591474485931,-0.004512037028884627,-0.0879219494257801,0.00871988174723266,-0.08733488215518521,0.0005023529442419798
2021-04-14,-0.0029928773032184223,0.007430100211446515,-0.006713301167079783,0.0005023529442419798,-0.1351698183780139,0.014143401378526215,-0.22187581098624684,0.021365551508600377
2021-04-15,0.007505087369587308,0.023639878334624404,0.0069802173777781425,0.021365551508600377,0.2387117332531495,0.016659660956846307,0.062153132878975254,-0.0008282474139101756
2021-04-16,0.006473374414374937,0.00673042647267547,-0.007323126092598812,-0.0008282474139101756,-0.07650570331177582,0.014053552565274218,0.028975666482807964,-0.010438343125794782
2021-04-19,-0.0032941773578670634,0.004057264934885913,-0.012638784957244959,-0.010438343125794782,0.20955689772845165,0.016696049892130884,0.21640472656422252,-0.01457609253269724
2021-04-20,-0.005168244480741255,-0.0022266924787143635,-0.022760750958362407,-0.01457609253269724,-0.06929258102601615,0.02053405847964815,0.11338251500286944,0.017032781506846242
2021-04-21,0.005190529520801096,0.019639665110623504,0.0001062220735085913,0.017032781506846242,-0.2401971623805737,0.019533443037115027,-0.16074262954102608,0.0006783896378565929
2021-04-22,-5.225803713471129e-05,0.01656779767228748,-0.002901662950194618,0.0006783896378565929,0.4093096323796768,0.01946946062248208,0.23833770096087414,0.009605256188267876
2021-04-23,0.002579154398866699,0.016864554716522796,0.00026083333013593685,0.009605256188267876,-0.4813829904781583,0.016603721386386817,-0.2944332427375569,0.0010587161273356736
2021-04-26,0.0019873511927302927,0.01507722120655571,0.00010335988624645037,0.0010587161273356736,-0.01749572079093729,0.014973861320309381,-0.28356718775901063,0.004120865248722577
2021-04-27,0.0019337627953289439,0.007610247497523131,-0.0034383936487446206,0.004120865248722577,0.006629858538669582,0.011048641146267775,-0.20020042070327246,0.01677067178795143
2021-04-28,0.004180738464327586,0.03144823854611837,0.004180738464327586,0.01677067178795143,0.5827077095213294,0.027267500081790737,0.4469914807209334,-0.017079134591289628
2021-04-29,-0.010544451197791644,-0.008273686130643759,-0.03038233451835517,-0.017079134591289628,0.13160162982960472,0.022108648387711392,0.46258774972280664,-0.01787317409196629
2021-04-30,-0.01578148318960875,-0.010207497749575568,-0.03489949998857089,-0.01787317409196629,-0.1370527131924528,0.02469200223899529,0.2642031127994481,-0.006986616531764023
2021-05-03,0.008885714184896908,0.012511048717541797,-0.013730411459774095,-0.006986616531764023,-0.1898388585702423,0.026241460177315875,-0.032370122367171704,-0.009241278635462633
2021-05-04,-0.0061601753847443895,-0.0031414670954037507,-0.020826893372465446,-0.009241278635462633,-0.006871435675811983,0.017685426277061735,-0.10039396934972736,-0.018173747216415563
2021-05-05,0.005359211127513014,0.009873711069197764,-0.021185309509679586,-0.018173747216415563,-0.10374927809969932,0.031059020578877383,-0.25981996621744663,0.017029221166462414
2021-05-06,0.005403373823205887,0.017694814015111988,-0.009362657026511175,0.017029221166462414,0.2350764788546724,0.027057471041623052,0.032034072951652844,-0.00021312883450430532
2021-05-07,0.004729394075026974,0.008380687556756694,-0.005126609022209564,-0.00021312883450430532,-0.25463931393399963,0.013507296578966176,-0.1751601735639278,-0.0244302539581154
2021-05-10,0.001038391571279284,0.0015970354961851465,-0.02697208703361435,-0.0244302539581154,0.08416606904331626,0.028569122529799703,-0.025589556134286606,0.003460699810208257
2021-05-11,-0.014656168104505835,0.0070450503596362355,-0.01948768956772312,0.003460699810208257,-0.03849329516074321,0.026532739927359137,-0.05485986598012817,-0.030351778331821695
2021-05-12,-0.007810366342907189,-0.006084632473722898,-0.03310352930391677,-0.030351778331821695,0.06917291233284892,0.027018896830193803,0.029715683245863305,0.009488779532694768
2021-05-13,0.007570373537167652,0.01729118023985847,0.003638759843859583,0.009488779532694768,-0.22639796056152942,0.013652420395999001,-0.21523421314082525,0.010747039434040963
2021-05-14,0.00832591716885499,0.012942938859776877,0.004074796737315875,0.010747039434040963,0.1196261359676179,0.008868142122460853,-0.021618199949996256,-0.0016776887539766314
2021-05-17,-0.004434030172843263,0.0004120881309820213,-0.01620603107601713,-0.0016776887539766314,-0.16416791159040509,0.01661811920699918,-0.18735875059372353,-0.0006332323140571463
2021-05-18,0.010132942427830745,0.01784156415135555,-0.0011566910716847558,-0.0006332323140571463,0.3090713664666722,0.01899825522304036,0.1677941307584288,-0.005773087741852544
2021-05-19,-0.015935986329729316,-0.005302305716049962,-0.02143618682531928,-0.005773087741852544,0.044784669396846465,0.016133881109269298,0.18879653955741332,0.0184448359347405
2021-05-20,0.0054149525027969835,0.0230845626671251,0.004174275196097944,0.0184448359347405,0.13315750010203567,0.018910287471027354,0.30291514385694407,-0.0002720144203507031
2021-05-21,0.003908594056180886,0.013050146707081064,-0.0006529755680010242,-0.0002720144203507031,-0.4114647212239656,0.01370312227508214,-0.20095660188813422,0.012919444295132127
2021-05-24,0.0067237551145799025,0.016564935279427435,0.005534191563548698,0.012919444295132127,-0.1414153925964405,0.011030743715878843,-0.3270969962874645,-0.013953724562136973
2021-05-25,0.0020120460978285872,0.0036722733245445013,-0.015043566890672934,-0.013953724562136973,0.5100939081154693,0.01871584021521736,0.19286335533153204,-0.012522961839113715
2021-05-26,0.0048355172223123535,0.0072986158883771735,-0.014178836699809265,-0.012522961839113715,-0.23313250354999943,0.021477452588186337,-0.07047087216448705,-0.0017939531533300074
2021-05-27,0.005225517788133421,0.010287451162807265,-0.005835233704866184,-0.0017939531533300074,0.5573980985402813,0.016122684867673622,0.5159467524723926,-0.003930402950983123
2021-05-28,0.004135085147803017,0.009375809034323772,-0.004374156479849682,-0.003930402950983123,-0.401751759297226,0.013749965514173425,0.035201100729466105,-0.0021932572133007357
2021-06-01,0.010757901526500711,0.013278818365463017,-0.00288834849025605,-0.0021932572133007357,-0.14992432285933105,0.01616716685571914,-0.16573553481753692,0.0194325101361487
2021-06-02,0.010341269497785651,0.03113966319578895,0.008551662893567466,0.0194325101361487,0.12384427359408959,0.022588000302221415,-0.08277083055158964,-0.013806190961807106
2021-06-03,-0.009559023754230088,-0.0004362506823978309,-0.014054954243065609,-0.013806190961807106,-0.3038030119652761,0.013618703560667762,-0.36627908486317784,0.011541075865657098
2021-06-04,0.006858276004420108,0.013206307600283063,0.005182514720576308,0.011541075865657098,-0.12695811929595532,0.008023792879706634,-0.4664901445572458,-0.005314359874374549
2021-06-07,0.004851332279415991,0.014457083849838301,-0.0075140632720170015,-0.005314359874374549,-0.07310303447577256,0.021971147121855262,-0.3525669583192654,0.0032358686728760355
2021-06-08,0.002523766755380168,0.009839387913189276,-0.0023373141459478853,0.0032358686728760355,0.41296790625051566,0.012176702059137123,0.16380781296654173,-0.005297980256325459
2021-06-09,0.00458889810400719,0.011054041236072938,-0.005297980256325459,-0.005297980256325459,-0.2460688768396159,0.016352021492398266,-0.08986804361947245,0.002666195262672172
2021-06-10,0.003736209092419554,0.006337807604414128,-0.00377779036809493,0.002666195262672172,-0.024373333167597558,0.010115597972509056,-0.03816958966838151,0.003288608683499097
2021-06-11,0.003398065196122668,0.0069753912913017545,-0.0013734379765493162,0.003288608683499097,0.09607848432709594,0.008348829267850983,0.06937536691815664,0.0027867809324759606
2021-06-14,0.0013670542115330967,0.0030868992462788165,-0.009345845562353763,0.0027867809324759606,-0.07392905104751209,0.012432744808632521,-0.03672822911737923,0.0043558985841600706
2021-06-15,0.00223477960881605,0.006065847531720513,-0.010366762854863307,0.0043558985841600706,0.3480704648626375,0.016432610386583873,0.28249135702841105,-0.011749698740963889
2021-06-16,0.003416978960237314,0.003416978960237314,-0.018700354339288624,-0.011749698740963889,-0.14520832598023808,0.022117333299525897,0.11240318058006717,0.009492490053210425
2021-06-17,-0.0008799629919311169,0.014543789005697631,-0.0071443549796036095,0.009492490053210425,0.21627810353136373,0.021688143985301056,0.2888034274030991,0.00035389440808292194
2021-06-18,-0.014176114895438645,0.008377768798394778,-0.014507538192944572,0.00035389440808292194,0.26978382429997805,0.02288530699133932,0.467603031532667,0.015314023159674896
2021-06-21,0.003260645450482508,0.02427962429603229,-0.0033259788520598006,0.015314023159674896,-0.48165749037243744,0.02760560314809224,-0.1508917815642919,0.013180365143603073
2021-06-22,0.002409365390682775,0.015083117311973034,-0.0028720808492215992,0.013180365143603073,0.14645804902498613,0.017955198161194823,-0.036121989192055455,-0.007700704049960102
2021-06-23,-0.00010583711048898582,0.0017971162588309956,-0.00996911188444084,-0.007700704049960102,-0.4688375914935634,0.011766228143271962,-0.5060466250547371,-0.0010401916974094462
2021-06-24,0.010236876402309726,0.013029799889355917,-0.005989057863042387,-0.0010401916974094462,0.21811711173199272,0.019018857752398425,-0.24174290810302446,0.012885234337451335
2021-06-25,0.0018662020762530887,0.012990622599844808,-0.0037964259404324407,0.012885234337451335,0.3568650126688744,0.016787048540277287,0.1752909316840325,-0.0319313965798578
2021-06-28,0.003445043256485107,0.003445043256485107,-0.03891831801961965,-0.0319313965798578,0.18641717695507667,0.04236336127610487,0.42501628273898323,0.0008699634286302084
2021-06-29,0.0036107956684143603,0.010039788109924296,0.0006253782541077729,0.0008699634286302084,-0.34658086177631875,0.009414409855816498,-0.024756562809818014,-0.007939049669380267
2021-06-30,-0.00013584562053516825,0.005879457684127918,-0.010187617416961735,-0.007939049669380267,-0.16260731687022312,0.016067075101089533,-0.17647529804784975,0.015276174234505746
2021-07-01,0.0026260142451120364,0.016624028685696176,0.0013959677749616867,0.015276174234505746,0.07465005741299549,0.015228060910734545,-0.13851493290158112,0.011585956781577028
2021-07-02,0.005326918710408315,0.012811750949378408,0.0038769196711761636,0.011585956781577028,-0.10935396669980123,0.008934831278202075,-0.2656522044488564,0.002902208911182202
2021-07-06,0.0043103385513292075,0.008522869443450726,-0.009457155357819668,0.002902208911182202,-0.016645942523419936,0.017980024801270394,-0.2141339199918145,-0.005866321725554168
2021-07-07,0.001779797323295054,0.005382697734760887,-0.009805395029577927,-0.005866321725554168,0.14767105691488355,0.01518809276433861,0.0629020510678105,-0.010025512757413788
2021-07-08,-0.017318588048370352,-0.00894558636626504,-0.022365331676536416,-0.010025512757413788,-0.122982894296811,0.013419745310271198,-0.04537693076834046,0.007401161398477588
2021-07-09,0.004474169619379754,0.008848091087985168,-0.000810690202332992,0.007401161398477588,-0.15536180810553368,0.00965878129031819,-0.1955610384387024,0.0070006835473120895
2021-07-12,0.005508470628085331,0.008357760408490632,-0.0023087065147838685,0.0070006835473120895,0.0964511846923753,0.010666466923274661,-0.04978401870817237,0.021468797782067204
2021-07-13,-2.6653262027491e-05,0.029075826533693148,-2.6653262027491e-05,0.021468797782067204,0.6672124344576419,0.029102479795720646,0.6274080628528382,0.018308852260916313
2021-07-14,-0.001904239489256457,0.020430492302743727,-0.001904239489256457,0.018308852260916313,-0.22031380567497233,0.02233473179200025,0.2452617423773681,-0.0014595518961275711
2021-07-15,-0.0016902023192173542,0.0063767594676868355,-0.008609049216580811,-0.0014595518961275711,-0.09294611250944432,0.014985808684267752,0.0945174911495562,-0.008001627164605974
2021-07-16,0.007454865876382772,0.008243052094241988,-0.012636261876091109,-0.008001627164605974,-0.33221415372727786,0.020879313970333106,-0.2923414390398846,-0.057605205542747485
2021-07-19,-0.02384051425229982,-0.022254454975387764,-0.06331312441501408,-0.057605205542747485,0.9233817329319165,0.041058669439626175,0.6145341432123155,0.024168569642029597
2021-07-20,0.004232343725430176,0.030054128100804083,-0.0004927282589798251,0.024168569642029597,-0.6542900171464171,0.030546856359783964,-0.2435604302636952,0.015031054598302947
2021-07-21,0.004370850223643475,0.017238783489456788,0.0017612438967317837,0.015031054598302947,-0.39215840643733835,0.015477539592725163,-0.5613800216940902,0.00551025009489396
2021-07-22,0.0006312542663155581,0.007340220278278604,-0.007951356295916359,0.00551025009489396,0.5577934176931695,0.015291576574194915,0.08339096965907769,0.028631616899534168
2021-07-23,0.007637685028366043,0.03177976162156247,0.007637685028366043,0.028631616899534168,-0.1165787041015266,0.024142076593196483,-0.054147856677326724,-0.0011704501605535689
2021-07-26,-0.004051312768383593,-0.0009412838084733855,-0.012770049957194716,-0.0011704501605535689,-0.48708823771333876,0.011828766148721382,-0.591575862231089,-0.006461766272353354
2021-07-27,-0.007153806279654937,0.006293826045948986,-0.01774815268447636,-0.006461766272353354,0.19710082832980266,0.024041978730425427,-0.1469113773298753,-0.01765561791250354
2021-07-28,0.0034531902759463344,0.0037340758800997937,-0.02055470422435111,-0.01765561791250354,0.19186705944278412,0.024288780104450763,0.09314032429413499,0.01390762492246955
2021-07-29,0.010532687574911501,0.02904413436808574,0.010532687574911501,0.01390762492246955,0.1124514866924112,0.01851144679317421,0.14378592599968396,-0.0074088628468798375
2021-07-30,0.0004885574774864642,0.0004885574774864642,-0.014846976539578923,-0.0074088628468798375,-0.3986126463034854,0.01533553401706547,-0.22965136277507636,-0.028062778211228132
2021-08-02,0.0086682999659691,0.010413560634877304,-0.03196106092920222,-0.028062778211228132,0.3031249202671129,0.04237462156407939,0.1508764494379028,-0.020623737997632164
2021-08-03,0.0037237884063355798,0.0037503631223259424,-0.042710251625070424,-0.020623737997632164,0.6124155203403799,0.04646061474739643,0.6885594741664788,0.0011147311638538136
2021-08-04,-0.0008709104678838738,0.0045056223288511745,-0.01140872102367415,0.0011147311638538136,-0.6809129311116016,0.015914343352525333,-0.19367770179538416,0.010622419256788501
2021-08-05,0.0005161637031662389,0.010676160388232683,-0.0027482901945030795,0.010622419256788501,-0.2232059908259531,0.013424450582735736,-0.4081309241243882,0.006939345792818552
2021-08-06,-0.001399023588528863,0.009525913698327577,-0.0025304948984267335,0.006939345792818552,-0.22873007603564025,0.01205640859675434,-0.571920030900564,-0.010332766339062152
2021-08-09,-0.0009082069684433563,-8.010034140638253e-05,-0.015173366971209742,-0.010332766339062152,0.16358777186684934,0.015093266629803499,-0.38054879505719097,-0.007691085900459786
2021-08-10,0.004334006451549646,0.0055688166852294685,-0.017883157404041884,-0.007691085900459786,0.2951309351037156,0.023451974089271303,-0.025011714630870954,-0.009835086843594906
2021-08-11,0.0019283034543607737,0.005746817530020014,-0.011181232573456401,-0.009835086843594906,0.013153423270604273,0.016928050103476346,0.19604072146139723,-0.006223972184189271
2021-08-12,-0.004595384913788985,-0.0028042495644295365,-0.01769904297488469,-0.006223972184189271,0.15167756005182287,0.01489479341045518,0.34292706143415963,0.00212489973292277
2021-08-13,0.0007732209908986812,0.0041903049421996505,-0.0037364765074283405,0.00212489973292277,-0.5008568079723859,0.007926781449627943,-0.2458737915721457,0.0022304467709950986
2021-08-16,-0.006221935039293437,0.0029178548618499257,-0.017043116350316682,0.0022304467709950986,0.24258366644822132,0.019960971212166747,-0.02118816106665458,-0.0009080658541286723
2021-08-17,-0.004300126709521143,0.0024724440771854163,-0.010423786873805027,-0.0009080658541286723,-0.04331036353727744,0.012896230950990462,-0.09963811589400837,-0.006296794276818908
2021-08-18,-0.005659843935549858,0.0067223413132868545,-0.007294704010868794,-0.006296794276818908,-0.013709877724901924,0.0140170453241558,-0.08646037521302438,-0.010135732913950106
2021-08-19,-0.011283865009702935,-0.0022465929886998012,-0.017410729095028714,-0.010135732913950106,-0.016938468365979134,0.015164136106328916,-0.07024775054897298,-0.006514152935395505
2021-08-20,0.00013989056276506593,0.002822716849090671,-0.011201319062536763,-0.006514152935395505,0.41617287654628704,0.014024035911627384,0.42223247606499426,0.016816093276089003
2021-08-23,0.006961853388836509,0.020217356060772712,0.004945663801946771,0.016816093276089003,-0.1561716281822298,0.015271692258825919,0.139357264382536,0.0021306030682421446
2021-08-24,0.0055797862844422395,0.014000850966819389,0.0012733681492590548,0.0021306030682421446,-0.1543108630017718,0.01272748281756029,-0.05324060558905772,-0.007435370670591445
2021-08-25,0.0004973959762369515,0.0017122684275633565,-0.009107628859655152,-0.007435370670591445,-0.25890061284818117,0.010819897287218608,-0.325757519649541,-0.017529582042274467
2021-08-26,-0.0030679318280384922,-0.002509394523313782,-0.02053812062406291,-0.017529582042274467,0.5224565761344261,0.018028726100749057,0.22384698899867753,0.008100710831935937
2021-08-27,-0.0011342197939054736,0.01026290366788613,-0.0034349907892284423,0.008100710831935937,-0.06490517645949047,0.013697894457114798,0.08453909680232369,-0.007562391631972693
2021-08-30,-0.002617830988363304,0.006472688850167945,-0.009830896239610695,-0.007562391631972693,0.08641407744193508,0.016303585089778545,0.197043113973106,-0.019506329554704584
2021-08-31,-0.0003115776539998329,0.006127663889223752,-0.023993226264190926,-0.019506329554704584,0.5197487652133794,0.030120890153414782,0.6873765932837483,0.009600522862667172
2021-09-01,0.003315969850256279,0.016669850459277963,0.0030855987699278556,0.009600522862667172,-0.41004759332566043,0.01358425168934984,0.07859362919472848,-0.024000597548187376
2021-09-02,0.002685415904921063,0.0027709983270925347,-0.029730803054306792,-0.024000597548187376,0.49911180448657955,0.03250180138139939,0.4789283879587355,-0.0030813593599686292
2021-09-03,-0.003963558631874121,0.008345342744151914,-0.0069096763730246025,-0.0030813593599686292,-0.3600342150090289,0.015255019117176541,-0.02170812939278754,0.01308156726102709
2021-09-07,0.013603676297731128,0.02258058798824008,0.008166830689456624,0.01308156726102709,-0.08191547161151093,0.01441375729878344,-0.157862511926233,0.018196742381336638
2021-09-08,0.0008409579840984611,0.02092771655083582,0.0008409579840984611,0.018196742381336638,0.05912831380940167,0.020086758566737292,-0.12464395994547062,0.001053441938854986
2021-09-09,-0.0009405546538587787,0.007379286530895778,-0.0031956061264144606,0.001053441938854986,-0.30757729479545803,0.010574892657310264,-0.3700387766125676,-0.011505533069573873
2021-09-10,0.009966922930557032,0.010164146107962952,-0.012571259852990924,-0.011505533069573873,-0.0778989976981421,0.02273540596095391,-0.41838417624574,0.001237015339314762
2021-09-13,0.007485044185580439,0.013154628061721753,-0.002969456010800262,0.001237015339314762,-0.061021040956668764,0.016124084072521916,-0.31433351705982027,-0.005824587688846494
2021-09-14,0.005333303972375648,0.005905126870138016,-0.007416333347792232,-0.005824587688846494,0.014640920815914876,0.013321460217930287,-0.20816369482726663,-0.0030410212749361044
2021-09-15,0.0034642419985120134,0.004990450752939123,-0.008830015656284189,-0.0030410212749361044,0.15535570103919086,0.01382046640922322,0.023383309673834247,0.004514803964775829
2021-09-16,0.0019126111620575718,0.008462978768731583,-0.000174047222478431,0.004514803964775829,-0.0164114879272493,0.008637025991209878,0.0744037875915285,-0.009487237286401141
2021-09-17,-0.006692663264788765,-0.0008955455804628676,-0.016126589966463944,-0.009487237286401141,0.3823688976599015,0.015231044386001149,0.45364107830104555,-0.009813639170568456
2021-09-20,-0.013854868538762714,-0.005642120384500791,-0.021867530327404232,-0.009813639170568456,-0.33435056313760964,0.01622540994290344,0.006837251979935776,-0.006823538176313705
2021-09-21,0.007361952949088012,0.010221625334049913,-0.007120001887531975,-0.006823538176313705,-0.28773262218008683,0.01734162722158182,-0.3170023240200554,0.017715173257547692
2021-09-22,0.005674729808176621,0.01905375876732521,0.003432372996555953,0.017715173257547692,0.0875504423980545,0.015621385770769027,-0.21388755759206968,0.03056957512211104
2021-09-23,0.0067619399866143464,0.03260100996732342,0.005198915309020321,0.03056957512211104,0.3899068877547354,0.027402094658303053,0.20611981279216957,0.011485169772933712
2021-09-24,-0.00011300252681704517,0.016414893365367788,-0.0037066876811010616,0.011485169772933712,-0.36931028494778295,0.020121581046469043,-0.21388907653670639,-0.0038885384979803067
2021-09-27,-0.003104030350954237,0.01229288508408764,-0.008411421682216341,-0.0038885384979803067,0.22923469579904654,0.020704306766304026,0.13019195996814154,-0.015792393984356175
2021-09-28,-0.0035660364162202777,-0.002160554807485387,-0.021876142215262562,-0.015792393984356175,-0.24119266640687503,0.019715587407777218,-0.12197461892937904,0.0057072709954999285
2021-09-29,0.004630769807086031,0.01694094421251402,0.003496389220360613,0.0057072709954999285,-0.1510841771568607,0.013444554992153326,-0.28916381377751804,-0.015723667228516827
2021-09-30,0.004378936577815464,0.007924568181370965,-0.016529326432784743,-0.015723667228516827,0.4473233072519684,0.024453894614155612,0.18135600665344057,0.03532139071477923
2021-10-01,0.006164788374608937,0.04361606352259709,-0.0014967161173333704,0.03532139071477923,0.17381423925857414,0.04511277963993052,0.37667906128897655,-0.0453809669145467
2021-10-04,-0.0006943384069915576,0.001304055869106195,-0.05960134233398731,-0.0453809669145467,0.4131577224843934,0.0609053982030935,0.688069918942523,-0.0028804394209858953
2021-10-05,0.009714385704213235,0.01261617263269381,-0.0036965958943449167,-0.0028804394209858953,-0.5143755482546849,0.016312768527038824,0.000961491699141247,0.015840802503989483
2021-10-06,-0.009367422157412559,0.016385557708800617,-0.01201798449531708,0.015840802503989483,-0.2411062516883823,0.028403542204117675,-0.30006468105363343,0.01485937154405441
2021-10-07,0.0008886398770482928,0.026070318392911202,0.0008886398770482928,0.01485937154405441,-0.1455491300265903,0.025181678515862883,-0.48102795465825465,0.002962429128305616
2021-10-08,0.0058880769825973055,0.018088614007088867,0.0008472795938079314,0.002962429128305616,-0.31728200728548844,0.017241334413280886,-0.7516211625677541,-0.022248137380238685
2021-10-11,-0.002849388289530891,-0.00022536507668436081,-0.02296854661648762,-0.022248137380238685,0.17003543781460484,0.022743181539803255,-0.45751990033734213,-0.005227517237575147
2021-10-12,0.004311590543379573,0.008176208865959135,-0.007314599071232717,-0.005227517237575147,0.09403589264144244,0.015490807937191804,-0.09625679468191871,-0.008695804984561701
2021-10-13,0.0026316291216233207,0.011974133293939988,-0.024505814367371277,-0.008695804984561701,0.21046367788366652,0.03647994766131122,0.2199667723394516,0.0064926217404870775
2021-10-14,0.0043427988482163836,0.010055860825703093,-0.004449843542602268,0.0064926217404870775,0.08375324155520808,0.014505704368305236,0.3008245243928746,0.032604485716180076
2021-10-15,0.012745677066576712,0.03431646144787957,0.009128800880670501,0.032604485716180076,-0.007422552327234306,0.025187660567209162,0.23714855612976946,0.0068305579751873876
2021-10-18,-0.005746842593806522,0.01100662682384085,-0.016340617966354762,0.0068305579751873876,-0.21148760017772622,0.02734724479019548,-0.0763365820831152,0.010159144800261536
2021-10-19,-0.00011162475634116683,0.010683730843473786,-0.002318322675080889,0.010159144800261536,-0.14593475430044262,0.013002053518554867,-0.2507288015200772,-0.014829147967963599
2021-10-20,-0.001105260920377925,0.0010764271394482965,-0.01698970277544904,-0.014829147967963599,-0.0139216681298069,0.01806612991489735,-0.25319457880212887,-0.0015708650707991956
2021-10-21,-0.006100874807012493,-0.0010936946591066376,-0.026988741927517365,-0.0015708650707991956,-0.10547178395760252,0.02589504726841083,-0.30391685756160175,0.006882362539587329
2021-10-22,0.0013185801435365864,0.015128861786026923,-0.0036843781341123166,0.006882362539587329,0.09764493899010095,0.01881323992013927,-0.10983147486581848,0.0060872477587159066
2021-10-25,0.010511316675601057,0.015574887378030158,0.00033449980383974567,0.0060872477587159066,-0.12520399346157932,0.01524038757419042,-0.1487988647553111,-0.009858271555736011
2021-10-26,0.006959101224482093,0.017825057794253765,-0.011286610510397067,-0.009858271555736011,0.3047643888142059,0.029111668304650846,0.21640446552571715,-0.06235427648058186
2021-10-27,-0.02642927955680942,-0.017503727857697764,-0.06808978467344563,-0.06235427648058186,1.0672427660056054,0.050586056815747835,1.2480366207184943,-0.008044910503481332
2021-10-28,0.024858277514329185,0.04305466468368653,-0.020614961797795053,-0.008044910503481332,-0.015409172298730659,0.06366962648148171,0.8305821357818415,0.007448962062206294
2021-10-29,-0.005389413663743739,0.015256993623999867,-0.005781970134715117,0.007448962062206294,-0.4864643387950638,0.021038963758715105,0.05336243691879006,-0.004390888580468431
2021-11-01,-0.0008050122476388536,0.015907626830307303,-0.007899455066354505,-0.004390888580468431,-0.13099951391056452,0.023807081896661735,-0.1827213832161049,-0.016814659112377967
2021-11-02,0.0032278849918139104,0.005135723211524588,-0.02224828985728428,-0.016814659112377967,0.047449742451715245,0.02738401306880894,-0.2187337157618544,0.0028878793281460835
2021-11-03,6.085120808484708e-05,0.0033430891240452737,-0.01577159686899811,0.0028878793281460835,-0.30746609630818417,0.019114685993043282,-0.5858309974175142,0.01804940294734751
2021-11-04,0.0049659894589248,0.027544214266997755,-0.0003036192465669019,0.01804940294734751,0.19832189814039566,0.02784783351356463,-0.2124942481529771,0.03905677740575329
2021-11-05,0.0206831980116533,0.04297693434895448,0.016469208291442834,0.03905677740575329,0.40161914941508187,0.026507726057511685,0.3601743796719043,0.0025198445745490032
2021-11-08,-0.0022388033426954993,0.012422832174035184,-0.003245045170838967,0.0025198445745490032,-0.6230523683524796,0.015667877344874216,-0.3155260097488817,-0.014460499350031318
2021-11-09,0.0009432635110829897,0.0015145637366880545,-0.029074233305080705,-0.014460499350031318,0.09516423254752106,0.03058879704176893,-0.17144129292590157,0.037835989787630926
2021-11-10,0.015689453771909723,0.04251851320344636,0.013974170051519923,0.037835989787630926,0.40002004870256164,0.02854434315192654,0.27433220427296057,-0.010108487572700088
2021-11-11,0.0012285081869726291,0.004738190437430382,-0.015116176538276942,-0.010108487572700088,-0.34854079298266255,0.01985436697570748,-0.16862186428386378,0.025522403136298336
2021-11-12,0.0048423552827135214,0.026457306659731086,0.004477167889518641,0.025522403136298336,0.0548177768695621,0.021980138770212324,-0.10059578493499867,-0.005904646164190652
2021-11-15,0.00450158482910737,0.020773121725885416,-0.007843600540537848,-0.005904646164190652,-0.006583581874138764,0.028616722266423207,-0.007535670723048159,0.02243845138690963
2021-11-16,0.009392337048544834,0.02651609298374985,0.0017695610163877221,0.02243845138690963,0.05710396005285175,0.02474653196736227,0.015024765855577975,-0.02851725080165054
2021-11-17,-0.027376455840973653,-0.004230164027362132,-0.05090029097297628,-0.02851725080165054,0.8587008445218092,0.046670126945614225,0.8446840245391448,-0.03096138395063855
2021-11-18,0.004333935122861159,0.009173479273024213,-0.04146960625879202,-0.03096138395063855,-0.5849460586994571,0.05064308553181619,0.06587219242574127,-0.024712714938932852
2021-11-19,-0.0063956923862795445,-0.004518859662646112,-0.02645093834951914,-0.024712714938932852,0.06245867022896187,0.02193207868687298,0.06310476101953474,-0.05574652437588651
2021-11-22,0.0002354208085951308,0.00516739180971801,-0.06055100756151988,-0.05574652437588651,0.49226717528415453,0.06571839937123806,0.48928089844248407,0.02368252263618748
2021-11-23,0.011326843407586027,0.02577759829009689,0.0012131283602930057,0.02368252263618748,-0.46932536886967385,0.0245644699298039,-0.15539856089882134,0.03288786684483521
2021-11-24,-0.00625045942200793,0.033946087177913864,-0.012171065669516418,0.03288786684483521,-0.10382841217987288,0.0461171528474301,-0.30959810913653735,-0.04767750664034315
2021-11-26,-0.05569931304944453,-0.03938309421321026,-0.0637545148253625,-0.04767750664034315,0.03062803209559122,0.02437142061215226,-0.1493757371858445,-0.0035847982409319534
2021-11-29,0.01785487565374323,0.02332456431821221,-0.018430873532348006,-0.0035847982409319534,-0.038799265513725686,0.041755437850560316,-0.19026151294990074,-0.025364631774109348
2021-11-30,-0.015631929948755098,-0.0069901023448338965,-0.0407562867166929,-0.025364631774109348,0.4756929876532781,0.03376618437185912,0.3009525137626074,-0.027818968695478834
2021-12-01,0.018436845148987788,0.022294940345056913,-0.02873357900244176,-0.027818968695478834,-0.24552628001811225,0.051028519347498746,0.08599573796877341,0.0444461264264156
2021-12-02,0.010749117364077581,0.05067279637003253,0.008809170050191467,0.0444461264264156,-0.17580998923592053,0.041863626319841134,-0.11381609181180902,0.005947217951887071
2021-12-03,0.00012484550385141857,0.007746278923554465,-0.01955285277750593,0.005947217951887071,-0.3501928254347782,0.027299131701060443,-0.4720325653574992,0.034239893342774
2021-12-06,0.008162598913062716,0.04447748283058424,-0.0003415110932380207,0.034239893342774,0.2463462545526175,0.04481899392382227,-0.17483696962188688,0.01837048042941948
2021-12-07,0.011839755896756066,0.02690514301047406,0.011839755896756066,0.01837048042941948,-0.203620265502664,0.01506538711371817,-0.3699013906444276,0.00830095416039085
2021-12-08,-0.0008250546206777245,0.013225428915127827,-0.016063062778599892,0.00830095416039085,-0.1557952476378454,0.029288491693727693,-0.3653040048165273,0.0063477274619452495
2021-12-09,-0.006711754846337753,0.012165006875820153,-0.009774750293476494,0.0063477274619452495,-0.2207569435343338,0.02193975716929651,-0.45346074398694697,0.015552483270007451
2021-12-10,0.007172667914683132,0.016495073184940298,0.0008993909928748316,0.015552483270007451,0.004797301526248172,0.015595682192065526,-0.31538857372469636,-0.013262038071410423
2021-12-13,-0.002088401639459682,-0.00111520389463702,-0.027788899627929665,-0.013262038071410423,0.24657285121361247,0.026673695733292598,-0.010290354771686607,-0.013880635388494746
2021-12-14,2.898734649521658e-05,0.008363164278302783,-0.02181099209272263,-0.013880635388494746,0.036098007289800484,0.030174156371025412,0.10600252761244486,0.016887920248728084
2021-12-15,-0.0016163042320712483,0.017580592754644738,-0.014850554288353177,0.016887920248728084,0.08486418758779309,0.032431147042998,0.21180265046442742,0.018791598310427073
2021-12-16,0.01532873209757706,0.021197111315750156,-0.003557673598318818,0.018791598310427073,0.0877650184257865,0.024754784914068847,0.2653931116815437,-0.010281667301722228
2021-12-17,-0.01062524673870967,-0.000368437120730486,-0.02525102083755885,-0.010281667301722228,0.0938379332446394,0.024882583716828388,0.26740594429929443,-0.03581752992576091
2021-12-20,-0.023373759677272406,-0.016685332559764076,-0.0381642908315068,-0.03581752992576091,-0.16243316423724022,0.021478958271742808,0.00023537343700029916,0.039902937224278005
2021-12-21,0.00977345250030354,0.04348893242414681,0.0069487000528360085,0.039902937224278005,-0.4791681343948534,0.03654023237131073,-0.504753961266507,0.019034266847669595
2021-12-22,-0.01193154692966483,0.022218138050428392,-0.01193154692966483,0.019034266847669595,0.10718166399910835,0.03414968498009311,-0.3410495075745813,0.00863436162889016
2021-12-23,0.00016782064024983267,0.013862268371193942,-0.006961657770482004,0.00863436162889016,-0.2743850742817044,0.020823926141675962,-0.553386189840215,-0.0007490436328390588
2021-12-27,-0.0016097774246322811,0.0013856943674665518,-0.013907288071046322,-0.0007490436328390588,0.018891608385535115,0.015292982438512895,-0.40657763384273565,0.0013035856540724274
2021-12-28,-0.0042274823098050925,0.010573684061357228,-0.005287172527052689,0.0013035856540724274,-0.3323568510722042,0.015860856588410008,-0.5642846874251902,0.0014126326956207637
2021-12-29,0.0027679380033089587,0.0065476043490081855,-0.0016366741156877778,0.0014126326956207637,-0.22371660230538065,0.008184278464696135,-0.5855332448742064,-0.0008307535258037512
