date,open_ret,high_ret,low_ret,close_ret,volume_ret,range_ret,vol_ratio,target_return
2019-01-03,-0.010138286482528121,-0.009239549921222409,-0.039537277490449566,-0.03748173124556016,0.18665087457321505,0.030297727569227096,0.18665087457321505,0.045460079859698334
2019-01-04,0.023540044582066863,0.051134149319952776,0.015586306105298877,0.045460079859698334,0.03420243651733182,0.03554784321465395,0.12317936201994212,0.0012745455402455752
2019-01-07,-0.002849153727365287,0.013060579002639143,-0.009363795499977333,0.0012745455402455752,-0.2116457188580015,0.02242437450261639,-0.1312343851986414,0.007224530992883063
2019-01-08,0.009556419526666684,0.018541556016254374,-0.0034352340783866974,0.007224530992883063,-0.12347565598662373,0.021976790094641277,-0.2234804833513531,0.014198273899451642
2019-01-09,0.010258461585424624,0.02003143056016657,0.004270971451100964,0.014198273899451642,0.024028042011342787,0.015760459109065632,-0.15857429936319642,-0.006446341510054124
2019-01-10,-0.010121012060068024,-0.0049994974960680914,-0.018292302404769027,-0.006446341510054124,-0.07102444619483614,0.013292804908700767,-0.21334970890120988,-0.007751932389397465
2019-01-11,-0.003965342309869229,-0.001545557031071476,-0.019100162649891447,-0.007751932389397465,-0.060084734456489174,0.01755460561882,-0.20383434967087577,-0.007322463547035856
2019-01-14,-0.008793427504467426,0.0006806991350576985,-0.015093895069172294,-0.007322463547035856,0.004331185087391768,0.015774594204230018,-0.1044056024919603,0.028592684900628305
2019-01-15,0.004497456474161464,0.028973537181147042,-0.0016672960081239442,0.028592684900628305,0.10507000784038432,0.030640833189271025,0.04748161447145414,0.003517234656523893
2019-01-16,0.0023778961594144617,0.01183333706558691,-0.00047628758786861836,0.003517234656523893,-0.056449153948013295,0.012309624653455666,-0.00945343168575689,0.006997716433849254
2019-01-17,-0.003612488560017163,0.011792033554486282,-0.005900798686367864,0.006997716433849254,-0.0501728486575369,0.017692832240854172,-0.04338963884086062,0.014871866711360105
2019-01-18,0.012548121629581998,0.016634331254301648,-0.001980843718252468,0.014871866711360105,0.27626576425748306,0.018615174972554178,0.24423539005358572,-0.019026758760945468
2019-01-22,-0.00895276975401599,-0.005679458656282217,-0.026816288897730346,-0.019026758760945468,-0.145136172396188,0.021136830241448062,0.038784199467716926,0.009699202947085752
2019-01-23,0.004154892049585395,0.012786941831246837,-0.003222483811222533,0.009699202947085752,-0.22402202969481258,0.016009425642469308,-0.2101918257904937,-0.004790785977001171
2019-01-24,0.0014047061924286814,0.0027139684130161124,-0.012921686758308267,-0.004790785977001171,-0.11061631296280852,0.015635655171324387,-0.2843618390545494,0.009092261567501281
2019-01-25,0.009745213375779115,0.015695392740036302,0.0,0.009092261567501281,0.298604386082641,0.015695392740036302,0.058673401685173036,-0.019694359396711793
2019-01-28,-0.008527400512786741,-0.0064591360261108555,-0.023699305704794296,-0.019694359396711793,-0.05763815044248079,0.017240169678683318,-0.01802117104271008,-0.020575664301281448
2019-01-29,-0.0019051689750876526,-0.0010473755659054988,-0.028083907560993365,-0.020575664301281448,0.06608579228655868,0.02703653199508779,0.10250342068753227,0.032871245554180015
2019-01-30,0.016188446254002554,0.032871245554180015,0.013412652089086374,0.032871245554180015,0.4517189185741022,0.019458593465093602,0.560439523828812,-0.018500570081819885
2019-01-31,-0.024551563363425028,-0.010964155591479695,-0.03054252472137032,-0.018500570081819885,0.11743283169100682,0.019578369129890662,0.5233639694323307,-0.015926223726528396
2019-02-01,-0.0062437312365757,-0.0031650324506526098,-0.020118696214899447,-0.015926223726528396,-0.4482998383352554,0.016953663764246823,-0.10475525087176202,0.02839246091740361
2019-02-04,0.0008753121552531348,0.028959778581561544,-9.732071477612598e-05,0.02839246091740361,-0.12643741564316469,0.02905709929633767,-0.25280276844542277,0.013899579179791057
2019-02-05,0.003021718085246612,0.014365758710460448,0.0020784251589255906,0.013899579179791057,-0.1362837367653022,0.01228733355153503,-0.39816372336184164,-0.011160748359525647
2019-02-06,-0.0020539753225174272,-0.0020539753225174272,-0.01588754866878123,-0.011160748359525647,-0.282049981736679,0.0138335733462638,-0.6595288487294126,-0.00719361505046129
2019-02-07,-0.007953799464225536,-0.004158426288825869,-0.0165465725131079,-0.00719361505046129,0.36742204036552917,0.012388146224282007,-0.13565341752703103,0.003792566750456177
2019-02-08,-0.008394566801068915,0.004833007723379112,-0.009640646545022825,0.003792566750456177,-0.3269467371500367,0.014473654268401762,-0.29792273225328253,-0.0039825405624019415
2019-02-11,0.005003066946996125,0.00857488092383965,-0.006646406448119857,-0.0039825405624019415,-0.1263343183753319,0.01522128737195952,-0.3218138226999234,0.015461790013273163
2019-02-12,0.008420499086819385,0.017797912193556975,0.0021829207479035777,0.015461790013273163,0.28122959021356364,0.015614991445653235,0.05928819293316005,-0.0007487303316288842
2019-02-13,0.005690584991953427,0.008291838603708732,-0.0016853965268738902,-0.0007487303316288842,-0.3090638135997284,0.009977235130582527,-0.2303730620561857,0.0008423000607549032
2019-02-14,-0.004692200908594126,0.004483924937722724,-0.010825105848592649,0.0008423000607549032,0.16913443624916763,0.015309030786315419,-0.0419267836771392,0.01227237118952844
2019-02-15,0.0094037480074524,0.013011349880796934,0.004293846603574297,0.01227237118952844,0.19996269211464562,0.008717503277222398,0.23084217308907837,-0.0004621567797850851
2019-02-19,-0.003981305207260986,0.004057571331418621,-0.004074102314945857,-0.0004621567797850851,-0.38866221802723483,0.008131673646364426,-0.205394143045998,-0.009474310554460302
2019-02-20,-0.0028699511468137048,-0.0021285069059579437,-0.017532830555657856,-0.009474310554460302,0.18054137002848766,0.01540432364969989,-0.016915777379426778,0.020872590799957076
2019-02-21,-0.0023359038552829125,0.021512178674833026,-0.002616567923152312,0.020872590799957076,0.296423036431843,0.024128746597985532,0.31139782099495045,0.0141575785526408
2019-02-22,0.0058325087429882015,0.016228027412486454,0.0037403321117239867,0.0141575785526408,-0.045761366308708036,0.012487695300762441,0.1701125049275507,0.005571501867297779
2019-02-25,0.007093828550381483,0.010844821287831851,0.0026099183347221464,0.005571501867297779,-0.15610360945087204,0.008234902953109576,-0.035784782293612385,0.006876600288081632
2019-02-26,-0.0029615835325756943,0.014678033999001989,-0.0037708626053075773,0.006876600288081632,-0.09784933667064354,0.018448896604309623,-0.1101536460411166,-0.0016924463349432706
2019-02-27,-0.005980809256643164,0.0,-0.013259496997318827,-0.0016924463349432706,-0.0023057015872085854,0.01325949699731887,-0.14114159613171523,-0.001248879658791422
2019-02-28,-0.001159602769866183,0.0063097218794765,-0.003930284728909345,-0.001248879658791422,0.30273200140371453,0.010240006608385905,0.16256565140484622,0.004453160239688427
2019-03-01,0.00764720619243568,0.00879808282516144,-0.003218604613729969,0.004453160239688427,-0.21313327278911165,0.012016687438891439,-0.050735082006129785,-0.0024022133707395288
2019-03-04,0.004344922585473001,0.006377922449039414,-0.015493040057980426,-0.0024022133707395288,0.1241604387743843,0.021870962507020014,0.10850988744603836,-0.005000949789228463
2019-03-05,-8.910192100070506e-05,0.001157331556154248,-0.009217468759317194,-0.005000949789228463,-0.3088352806442852,0.010374800315471364,-0.22398278080717926,0.0004475547395423662
2019-03-06,0.0015208286562542453,0.008557787218284353,-0.0024200849564514357,0.0004475547395423662,-0.09954673535363,0.010977872174735793,-0.3070431015211487,-0.012244688992465485
2019-03-07,-0.0031368923031974377,-0.0017912852573799742,-0.01696635978241761,-0.012244688992465485,0.35951480436250804,0.015175074525037536,0.08459202484318437,0.0010864894301311904
2019-03-08,-0.011204815112986787,0.002894617100563238,-0.014508182030126346,0.0010864894301311904,-0.1047774827744766,0.0174027991306897,0.012510884611496199,0.02077624344744876
2019-03-11,0.00433405398549044,0.021839181964006683,0.004244001214506037,0.02077624344744876,0.1492604735702749,0.017595180749500776,0.16784978191191038,0.00697729392359088
2019-03-12,-8.865177194206866e-05,0.010228429129386625,-0.0015965969552316848,0.00697729392359088,-0.013640297910253112,0.011825026084618193,0.1552493965426062,0.007715251691910937
2019-03-13,0.004478554197742898,0.012072557060866605,0.0014071772914911573,0.007715251691910937,0.30673394963816425,0.010665379769375349,0.4047104751086843,0.0007856854856940868
2019-03-14,0.00034929196449652583,0.006094898776543088,-0.0014858034248935005,0.0007856854856940868,-0.14359568164982256,0.0075807022014365314,0.12093826137287553,0.011453551015085986
2019-03-15,0.006523747956719545,0.022947898846400357,0.0,0.011453551015085986,0.5751924570089754,0.022947898846400357,0.6571034667518142,0.014219838788880971
2019-03-18,0.002240560268453977,0.014560011557493775,0.0012070995222931836,0.014219838788880971,-0.5608564738021652,0.013352912035200412,-0.10655399945813743,0.0006802298590623692
2019-03-19,0.004413116318061695,0.007372625562456072,-0.004945455484386328,0.0006802298590623692,0.18604181841632755,0.012318081046842467,0.05268171284296258,-0.0011056248421819563
2019-03-20,-0.0022124084519359187,0.009306314771732823,-0.008021910563219107,-0.0011056248421819563,-0.2904606993396097,0.017328225334951947,-0.300050971999459,0.02271490446409046
2019-03-21,-0.0032387078496450426,0.027693328883887838,-0.0036656647162247535,0.02271490446409046,0.06008945868826781,0.03135899360011264,-0.20018025614059137,-0.0267221877557491
2019-03-22,-0.006007036393361122,-0.00525421240641484,-0.02680764323071188,-0.0267221877557491,0.11892273526212191,0.02155343082429718,-0.0762602482528904,0.005197920551637998
2019-03-25,-0.004195079067717561,0.00816816473059383,-0.006256208847556453,0.005197920551637998,-0.21693599969938646,0.014424373578150325,-0.16984211644386835,0.002122512086279961
2019-03-26,0.00812598900422481,0.008884395792325344,-0.006908092634390231,0.002122512086279961,-0.03647178038332416,0.01579248842671561,-0.18015938826023095,-0.009715493307726015
2019-03-27,-0.0002545180774154063,0.0025410433702671253,-0.020478006561907923,-0.009715493307726015,-0.1380119791119324,0.02301904993217514,-0.24178335336147658,0.001369308422759289
2019-03-28,0.005721426315376704,0.00691280920758068,-0.005495929732629231,0.001369308422759289,-0.21503431536379458,0.012408738940209827,-0.4189444035668149,0.00860057351063815
2019-03-29,0.00970219857218772,0.011817348061174952,0.000256520411643599,0.00860057351063815,0.3259404066132108,0.011560827649531405,-0.006737150099887158,0.009115476739153063
2019-04-01,0.008527169820396183,0.00987139974431081,0.001355669010321908,0.009115476739153063,-0.10845894850476676,0.00851573073398889,-0.04870678750212462,0.0014273609660114227
2019-04-02,0.0003360292076441199,0.0038575034321855525,-0.004209823630329025,0.0014273609660114227,-0.2280361232026359,0.00806732706251459,-0.24032845553329205,0.006522842723975107
2019-04-03,0.005605521144311762,0.010349794828508339,-0.0003356626268110117,0.006522842723975107,0.23117305079985948,0.01068545745531937,0.062302596037319434,-0.005097580132920567
2019-04-04,0.0010829946789614002,0.002164881205842333,-0.013341955640730357,-0.005097580132920567,-0.12806285076598722,0.01550683684657284,-0.06694484808318606,0.0044305090596467
2019-04-05,0.0002512986760607735,0.007262461338762955,8.37945469416748e-05,0.0044305090596467,-0.23968963376498856,0.007178666791821192,-0.32303468819956904,0.0003335911596130349
2019-04-08,-0.0006675163541411296,0.0010837169629489575,-0.010480957943523985,0.0003335911596130349,-0.04589977812601466,0.011564674906472899,-0.2772726352860467,-0.0054345815656922985
2019-04-09,-0.010898859267742065,-0.0032571907333843997,-0.011320388067510501,-0.0054345815656922985,0.15281347148029836,0.00806319733412605,-0.04440258540455251,0.007600184055033776
2019-04-10,0.004016097726415316,0.008930491327849427,0.0021773908323078784,0.007600184055033776,-0.06660288075993806,0.006753100495541616,-0.10522832426853715,0.0011641393894263042
2019-04-11,0.0029078113725268724,0.00547625024568308,-0.0022490057522132475,0.0011641393894263042,-0.14809500270944811,0.00772525599789614,-0.18102812179300423,0.005139228157457476
2019-04-12,0.0025729155333522255,0.005387286759593586,0.00033237154245850794,0.005139228157457476,0.32902275487497634,0.0050549152171352,0.21985321601960509,0.0008264967703175359
2019-04-15,-8.263679248307856e-05,0.005195285556597883,-0.003146717226360185,0.0008264967703175359,-0.22336388340874988,0.008342002782958043,-0.051782264648986005,-0.0023158261035932
2019-04-16,0.00486214919668765,0.004944373177931895,-0.007878992213920554,-0.0023158261035932,-0.11536868117689822,0.012823365391852365,-0.17525180236336343,0.008246109459899292
2019-04-17,0.003884152078558163,0.008902885057419353,-0.0019062268410810666,0.008246109459899292,0.3159789322344989,0.010809111898500185,0.1838723236577505,0.013054000395243959
2019-04-18,0.0034432383577457444,0.014269067148123973,-0.0038671508423285626,0.013054000395243959,0.3717313029865913,0.018136217990452418,0.5210416109951834,0.0031562311795459027
2019-04-22,-0.00609782761266086,0.005093573258698486,-0.006505699483072732,0.0031562311795459027,-0.5814951834912914,0.011599272741771242,-0.2138682077994189,0.013483352538954373
2019-04-23,0.0027434563891179705,0.014598796740861546,0.0005654484879651669,0.013483352538954373,0.4287279198510747,0.014033348252896417,0.25805316107736176,-0.003433824873890165
2019-04-24,0.002786281064162674,0.0032631333919020873,-0.007361257450422792,-0.003433824873890165,0.26312758480383314,0.01062439084232502,0.4361855695539891,0.03258072109177772
2019-04-25,0.03960211247867285,0.049623981122069116,0.03009996882543749,0.03258072109177772,0.19623451620198998,0.019524012296631636,0.47534226238441013,0.005713461437478262
2019-04-26,0.004249595510312978,0.010552032176540594,-0.0010070080639129947,0.005713461437478262,-0.4749075856620305,0.011559040240453589,-0.14665224244849231,-0.0009242480477327488
2019-04-29,7.694297008472222e-05,0.0022301181617924958,-0.004165977902117064,-0.0009242480477327488,-0.3709216122705661,0.0063960960639095335,-0.48540131413907145,0.00637557790428069
2019-04-30,0.0003081384248952023,0.0071409116083714155,-0.002932591061756605,0.00637557790428069,0.39231870724946416,0.01007350267012792,-0.09816317912410978,-0.021046960862919687
2019-05-01,-0.0005361875279511412,0.00038268167333049705,-0.022455524436127576,-0.021046960862919687,0.10424388476092467,0.022838206109457956,0.005023464562375535,-0.01314512369729366
2019-05-02,0.0007817252276231215,0.0009379612057844699,-0.01862722103326877,-0.01314512369729366,0.019512580077574185,0.019565182239053285,0.058340047245625914,0.021089683577820765
2019-05-03,0.009070547871867018,0.025192958849544082,0.008206476414093012,0.021089683577820765,-0.09341035418410218,0.01698648243545117,0.051379710667501785,-0.005835457412182838
2019-05-06,-0.01966450276443781,-0.00264116015550624,-0.02188231578674204,-0.005835457412182838,-0.027317576929417678,0.0192411556312357,0.013500905106590428,-0.020736323501613103
2019-05-07,-0.013275359791369568,-0.007597996943357471,-0.031147208224075136,-0.020736323501613103,0.39601457395233136,0.023549211280717734,0.34541595722018326,-7.962798780868596e-05
2019-05-08,-0.0006375056157254043,0.006749051824472036,-0.006153347048935916,-7.962798780868596e-05,-0.23695254873281726,0.012902398873407826,0.019575270055017375,-7.969512091675103e-05
2019-05-09,-0.009767901569277185,0.0022284034362460114,-0.015577659046315358,-7.969512091675103e-05,-0.04252565118995444,0.017806062482561426,-0.0343484614921831,0.012904404785676827
2019-05-10,-0.004712251276037118,0.019177483142595327,-0.01347686294542522,0.012904404785676827,0.12671245330947142,0.03265434608802057,0.0931760270179213,-0.03018433275246924
2019-05-13,-0.024041889298258186,-0.012506053446810647,-0.032700650159289656,-0.03018433275246924,0.09349388412628185,0.020194596712479113,0.14491878697629332,0.011125597446173308
2019-05-14,0.00420682013416335,0.02030321977210954,0.002833424122758691,0.011125597446173308,-0.29526712980573905,0.017469795649350663,-0.21435425171621134,0.010289169824587645
2019-05-15,-0.0037752662240536088,0.01574957553422173,-0.00829217332341457,0.010289169824587645,-0.02174964207553669,0.02404174885763631,-0.16494641918215067,0.022828966739221926
2019-05-16,0.00577604459548529,0.02631325048011885,0.0034854475150004473,0.022828966739221926,0.19720855532523232,0.022827802965118386,0.05794425522837849,-0.006692517987866781
2019-05-17,-0.004820372735506739,0.011797153215951787,-0.007864510403391431,-0.006692517987866781,-0.15569997836931493,0.01966166361934314,-0.1177977810900528,-0.01455062079983524
2019-05-20,-0.012176674722544217,-0.003755077395677054,-0.018201700959700605,-0.01455062079983524,-0.08346428187316061,0.014446623564023616,-0.16512750636631596,0.005372960917277206
2019-05-21,0.009540770791710914,0.010325195639591295,0.0028481079854242915,0.005372960917277206,-0.4383513210170561,0.007477087654166945,-0.5274349104011739,0.006049408745564696
2019-05-22,-0.002208889937090048,0.01050416439172073,-0.002999014839986209,0.006049408745564696,0.0067253868702195335,0.013503179231706892,-0.4406215398668048,-0.011739334128930752
2019-05-23,-0.011580869564972575,-0.010867938582685437,-0.023217241517657423,-0.011739334128930752,0.42726750515692863,0.012349302934971941,0.06782848300859351,0.0004753788143479215
2019-05-24,0.005768741316790254,0.009779240956874012,-0.0016656683065994424,0.0004753788143479215,-0.51357471973868,0.01144490926347351,-0.3849156395529952,-0.0006338684933038145
2019-05-28,0.005844780003428583,0.01384542374403098,-0.001506162330964995,-0.0006338684933038145,0.4932283033379026,0.015351586074996072,0.22736480191249495,-0.009717330076229255
2019-05-29,-0.006201867742521998,-0.006122096347461429,-0.01694687006913002,-0.009717330076229255,-0.015920495768443784,0.010824773721668585,0.2177436921929399,0.006303135698579835
2019-05-30,0.0025579525455844115,0.006541704061408709,-0.0012814647062555891,0.006303135698579835,-0.30200156301197567,0.007823168767664418,-0.16269622043099635,-0.016439189998058355
2019-05-31,-0.012002064057123884,-0.008867648148900321,-0.01935417676134909,-0.016439189998058355,0.4595298275176812,0.01048652861244873,0.2824638135144383,-0.03154009809598812
2019-06-03,0.0013735563084152243,0.005563428443034357,-0.03849004616221788,-0.03154009809598812,0.3544854192666558,0.04405347460525238,0.6071048488547798,0.02732686358028077
2019-06-04,0.01194442261831096,0.028300691899399228,0.006736315507606502,0.02732686358028077,-0.2567518252165693,0.021564376391792765,0.14288959492043582,0.02144745136482285
2019-06-05,0.014429280066262148,0.021765297333329943,0.008489321394433102,0.02144745136482285,-0.16448721513416203,0.013275975938896928,-0.06953956515770451,0.015691217678902726
2019-06-06,0.004836102500539437,0.016864066832793536,-0.001829562270308942,0.015691217678902726,-0.14977130947693157,0.018693629103102533,-0.23537065232132012,0.027623037766026
2019-06-07,0.010661186035413038,0.0340710489038163,0.003436389057774413,0.027623037766026,0.4568460075869315,0.030634659846041978,0.18794609907877893,0.009091064180672303
2019-06-10,0.00758153780322771,0.02019059078958852,0.00455586298575233,0.009091064180672303,-0.24670993692617713,0.01563472780383606,-0.10903776003236834,-0.003777866049260265
2019-06-11,0.009606789033394765,0.012292159858075736,-0.010004686297925149,-0.003777866049260265,-0.10182869198915843,0.022296846156000926,-0.1297238209877487,-0.004628412856916236
2019-06-12,-0.005313198131411988,-0.0009846244534391809,-0.010578077569968926,-0.004628412856916236,-0.3358117456601404,0.009593453116529663,-0.4245323262843553,0.006292441752583642
2019-06-13,0.003719518708127522,0.011418283346639429,0.0005321578883820435,0.006292441752583642,0.006316123559870086,0.010886125458257394,-0.35639038180461263,0.0009819060495513954
2019-06-14,-0.00045364591425409867,0.011048069675698586,-0.005152367189079227,0.0009819060495513954,0.03546092155557212,0.016200436864777946,-0.28564624496045804,0.003015525471482276
2019-06-17,0.0013581406443058937,0.009617617259044713,0.0006038330045695394,0.003015525471482276,-0.20504133315569958,0.009013784254475219,-0.34510598714377,0.017238570791981166
2019-06-18,0.010036006157787217,0.01783030030884723,0.005405021674590577,0.017238570791981166,0.5801986458853197,0.012425278634256883,0.35914851018066496,0.003913601209677407
2019-06-19,-0.0011845105022833167,0.005680704524159217,-0.01003842386913533,0.003913601209677407,-0.08822741544661687,0.015719128393294417,0.2488486781013831,0.00924298327495952
2019-06-20,0.012887302258188366,0.014414013422394496,0.0002210587599150185,0.00924298327495952,0.3304509248463746,0.014192954662479471,0.5099040065348812,0.00014605923357353316
2019-06-21,-0.002705336485943791,0.005679342483335836,-0.0035842928378155077,0.00014605923357353316,0.10573904617422018,0.00926363532115132,0.46751217414389507,0.005896268646327393
2019-06-24,0.00021899316920172613,0.01038606642409861,0.00021899316920172613,0.005896268646327393,-0.5768485265504162,0.010167073254896844,-0.2614689237604081,-0.03208126044276686
2019-06-25,-0.0038541209156105582,-0.001379979481627102,-0.037341243856252926,-0.03208126044276686,0.47969172380166536,0.03596126437462576,0.173616955815279,0.003740279849628913
2019-06-26,0.0068714396289791795,0.017164390881405867,0.0012733659250576386,0.003740279849628913,-0.34269123813293173,0.015891024956347945,-0.2205056686019928,0.0016413106618257006
2019-06-27,0.0015668054093700874,0.00580714883777467,-0.0031408804543242254,0.0016413106618257006,-0.3568494719661723,0.008948029292098853,-0.5767670558792328,-0.0014172333294885154
2019-06-28,0.0031260328063419337,0.003348931182272168,-0.00740709116554215,-0.0014172333294885154,0.5957905173767829,0.010756022347814422,0.1376392758799079,0.012757820017576561
2019-07-01,0.0197352800434306,0.02024742336096362,0.007511242520996072,0.012757820017576561,-0.2840826156823841,0.012736180839967588,-0.0940241193021095,0.006611418877379419
2019-07-02,0.003237695699296059,0.006684593141811073,-0.0025090143165359263,0.006611418877379419,-0.3947678901887449,0.009193607458347046,-0.5046437232276889,0.006422477596385765
2019-07-03,0.001609490557215147,0.008457353057819599,-0.002125617761612782,0.006422477596385765,-0.11155729579311496,0.010582970819432465,-0.4614848028512841,-0.002914246190796586
2019-07-05,-0.01111938465785984,-0.0009462126603551361,-0.012739065625486393,-0.002914246190796586,0.2859581952297384,0.011792852965131235,-0.07817669270605541,-0.000729806930921862
2019-07-08,-0.004827067682816364,0.00029186274198606866,-0.01240703421742347,-0.000729806930921862,-0.07801025986673422,0.012698896959409784,-0.1722038171997769,-0.0036573808265390373
2019-07-09,-0.007034075678021155,7.297124484992807e-05,-0.008505723817034306,-0.0036573808265390373,0.1732146972829717,0.008578695061884332,0.14381855278717773,0.010134601158771246
2019-07-10,0.004897836031407161,0.01541620882468039,0.004095351168512495,0.010134601158771246,0.19314991508202406,0.011320857656167777,0.36824364500755635,0.003981817336716366
2019-07-11,0.002535707505079951,0.009889242762374163,0.00014499502116938117,0.003981817336716366,-0.080697417275021,0.009744247741204741,0.18582447586786555,0.0036062067354781565
2019-07-12,0.003246258627406421,0.005260783866087496,-0.0028218925857263983,0.0036062067354781565,-0.1647298986524715,0.008082676451813951,-0.06858920194794213,0.0
2019-07-15,0.0038802129019161434,0.0045970445783054875,-0.0031726820790422047,0.0,-0.12860681643136956,0.0077697266573475855,-0.20501205370206185,-0.013189495454529371
2019-07-16,0.00043196442945482176,0.001079396808671243,-0.017283050484499466,-0.013189495454529371,0.31101374127387554,0.018362447293170603,0.10725685477564047,-0.00592646724933247
2019-07-17,0.004512673208272157,0.006181546622472174,-0.006293475589536204,-0.00592646724933247,-0.11728703308591762,0.012475022212008463,-0.036834360238274626,0.001100105689748637
2019-07-18,-0.005297644656073647,0.002565070448964163,-0.011810915249291962,0.001100105689748637,0.4076167342720658,0.014375985698256209,0.4096146716237717,0.0014649647592156487
2019-07-19,0.027474277680062734,0.03067835994854983,0.00021987598456808637,0.0014649647592156487,0.4778214391215467,0.03045848396398177,0.8106069530184977,0.013161416226852988
2019-07-22,0.005765870431047403,0.018636610215804695,0.005183488311834114,0.013161416226852988,-0.6697978382360902,0.013453121903970501,-0.10290101317495448,0.006193312708843241
2019-07-23,0.009561896731080113,0.011206300935966815,-0.0028936857987206413,0.006193312708843241,-0.329575210790814,0.0140999867346875,-0.4913263051297925,0.010214066604699432
2019-07-24,-0.0028038366807986094,0.010356213069685283,-0.003163784788870321,0.010214066604699432,0.13969009721543027,0.01351999785855546,-0.31928723827524036,-0.003773446308572249
2019-07-25,-0.002063017279566289,-0.0007820041605327879,-0.009998611035004885,-0.003773446308572249,-0.1219767066083057,0.00921660687447206,-0.4449524359568186,0.008169646557352988
2019-07-26,0.0012830959655085832,0.010572278983648861,0.0007843460646486718,0.008169646557352988,0.03641044537756417,0.009787932919000193,-0.32084688917503285,-0.0021956843042574468
2019-07-29,0.001131407730513369,0.0012020377932963739,-0.01403607725625034,-0.0021956843042574468,-0.13665791709611028,0.015238115049546749,-0.1983206873760121,-0.004833278752810304
2019-07-30,-0.006330706461432343,0.0013463416836612396,-0.00875977341935679,-0.004833278752810304,0.01438486618714451,0.010106115103018032,-0.0965780503536995,-0.029501103181073116
2019-07-31,-0.00014254148446129946,0.0009970046678842279,-0.03827213722300909,-0.029501103181073116,0.8290782678155757,0.03926914189089324,0.7453894137652269,0.013050112477030053
2019-08-01,0.005342682713486734,0.033696042106547336,0.004831549740722076,0.013050112477030053,0.049499532397777705,0.02886449236582524,0.6167300968852334,-0.008437667881017933
2019-08-02,0.00021726438586211705,0.0018815387346287848,-0.020489544056763898,-0.008437667881017933,-0.27547879479246135,0.022371082791392712,0.1565610572200809,-0.03485906940680545
2019-08-05,-0.02664843763208054,-0.02193346699853781,-0.045734174911540505,-0.03485906940680545,0.32811791310389293,0.02380070791300262,0.39915773083440814,0.01858424143299198
2019-08-06,0.01195455219863733,0.025907499758181483,0.0075352624601496545,0.01858424143299198,-0.2680856832343401,0.01837223729803179,-0.03640041234066412,0.004370835829957898
2019-08-07,-0.006704503433440476,0.007102134373516599,-0.02146263207744405,0.004370835829957898,0.021715782131755557,0.028564766450960538,-0.10405651898614947,0.02633555296683663
2019-08-08,0.009710296251560101,0.027055332051880297,0.004793297898076884,0.02633555296683663,-0.19493121366587202,0.0222620341538033,-0.2706256463423706,-0.00853217504093335
2019-08-09,-0.002018009904996611,0.003521802509116213,-0.01765066794609724,-0.00853217504093335,-0.1584763288959685,0.0211724704552135,-0.3538647245455837,-0.014040548225012424
2019-08-12,-0.00465827581526119,0.0010886083921364898,-0.0180990550351192,-0.014040548225012424,-0.13592365587932947,0.019187663427255742,-0.44497655828559934,0.02048260552502535
2019-08-13,0.0019129623927181213,0.02192454479174576,-0.0058347468292564006,0.02048260552502535,0.20538204333550855,0.02775929162100225,-0.08957204025807251,-0.0339016276013865
2019-08-14,-0.016293679046978007,-0.012195330503898524,-0.036218068507651455,-0.0339016276013865,0.25703895432753265,0.024022738003752965,0.2238555145559299,-0.002241673693376648
2019-08-15,0.0030555128260038714,0.004468328174544225,-0.012996432452915905,-0.002241673693376648,-0.14722160766380177,0.017464760627459996,0.0834810391359598,0.01816151789517977
2019-08-16,0.008936700956756966,0.020582751089586144,0.0077497300571071,0.01816151789517977,-0.1382647236419014,0.012833021032479094,-0.05924905560868434,0.016609973973898455
2019-08-19,0.012555834353177647,0.017620945942260078,0.005567331755592059,0.016609973973898455,-0.0038274970504430413,0.012053614186667753,-0.07062199028676525,-0.008343423906675987
2019-08-20,-0.0014460051738027046,0.0021651498103570396,-0.008489063350808575,-0.008343423906675987,-0.14014303461969804,0.010654213161165616,-0.23995758479174745,0.011085053533110734
2019-08-21,0.009354395875037419,0.01611605602413578,0.005376787696854228,0.011085053533110734,-0.34655463544639353,0.010739268327281466,-0.5564592378200883,-0.007303749688210359
2019-08-22,-0.0009370310684046964,0.002949774983310506,-0.018177031815667963,-0.007303749688210359,0.22229484487223963,0.021126806798978423,-0.18976645297838868,-0.03238103772798998
2019-08-23,-0.0042913571713740425,0.0041285490441677255,-0.03681394128281343,-0.03238103772798998,0.7225185097891348,0.04094249032698113,0.619368168629603,0.015325382423331509
2019-08-26,0.011923578736592754,0.016137165151806375,0.003816043537224303,0.015325382423331509,-0.6396402098175108,0.012321121614582063,-0.1474801092936088,0.0021387857432974447
2019-08-27,0.006915878463145295,0.009332501735233013,-0.005849435688229887,0.0021387857432974447,0.12868213933191497,0.0151819374234629,0.016156057789752255,-0.0013270030148225427
2019-08-28,-0.006355801289184601,0.00014724871976430002,-0.016265369336869243,-0.0013270030148225427,-0.2838384478911213,0.01641261805663347,-0.28453165102349537,0.01870850844076554
2019-08-29,0.012389751660573094,0.021022707673198186,0.00990947366489468,0.01870850844076554,0.14804682313676792,0.011113234008303607,-0.15723006189527067,-0.001884155284997891
2019-08-30,0.0074296069392159,0.00764516962279507,-0.013484594055194416,-0.001884155284997891,0.17142297949822075,0.02112976367798956,0.0017994384120440302,-0.013289771097996344
2019-09-03,-0.00910852651759927,-0.004798988836182782,-0.01579213753301524,-0.013289771097996344,-0.23801861445760394,0.010993148696832463,-0.10619347989838049,0.011620049682423184
2019-09-04,0.009219424214019112,0.01205588840062312,0.0032291416518632717,0.011620049682423184,-0.04739230859985042,0.00882674674875986,-0.13973367466740097,0.0174305630273435
2019-09-05,0.010696030989763908,0.01978410561583501,0.008176822044768313,0.0174305630273435,0.37186032329478824,0.011607283571066813,0.2827337581464952,-0.006806380688591748
2019-09-06,-0.00014284684635939427,0.0009277353269008366,-0.01329763424521962,-0.006806380688591748,-0.2258740993070475,0.014225369572120596,-0.0279689042771463,-0.011423750665495745
2019-09-09,0.0035163854818987634,0.004661969227195273,-0.019161562220479,-0.011423750665495745,0.21323217381889523,0.02382353144767425,0.17915731567333673,-0.010526430599189058
2019-09-10,-0.0052493646458965735,-0.004591712993797529,-0.022130887260360412,-0.010526430599189058,0.11459688327761265,0.017539174266562915,0.2768755164498408,0.0002938522179938469
2019-09-11,-0.0012500326309667997,0.0013952815713095075,-0.007301765670402632,0.0002938522179938469,-0.15609986935496964,0.008697047241712276,0.033148617430682384,0.01023257838119504
2019-09-12,0.01262936798498313,0.016755714424142355,0.005494720787032734,0.01023257838119504,0.08834780190215626,0.01126099363710966,0.06674992413234081,-0.001455370216159446
2019-09-13,0.0018888091627329597,0.003918963449150805,-0.006932034822408102,-0.001455370216159446,-0.145049313169639,0.0108509982715587,-0.08546279543181284,-0.007235591297272595
2019-09-16,-0.010909904611470834,-0.004525300520944783,-0.012162239413663291,-0.007235591297272595,-0.3338706611289283,0.007636938892718572,-0.4390886341730137,0.007745161864296922
2019-09-17,0.0046105307849875245,0.008690961513431928,0.0007331782608847295,0.007745161864296922,0.06270869856543052,0.007957783252547122,-0.30415597407162437,0.008191157884477692
2019-09-18,-0.0002183714607176212,0.00927340406798642,-0.006279230737637205,0.008191157884477692,0.29731182667117273,0.015552634805623569,0.0894995810579097,0.018241522627587783
2019-09-19,0.01276825848221426,0.027414517951154578,0.011127599562797096,0.018241522627587783,0.3998605412199675,0.01628691838835746,0.49616879629553196,-0.011621854285032028
2019-09-20,-0.0004255021121575559,0.004102910182367712,-0.020192632603003878,-0.011621854285032028,0.09067395503560591,0.024295542785371382,0.5094563710108652,-0.002153802611520989
2019-09-23,-0.0015072074855754086,0.0013616832033386908,-0.007197382318150927,-0.002153802611520989,-0.8264681428025042,0.008559065521489578,-0.4430430208912023,-0.012729771780777685
2019-09-24,0.008729938954591515,0.011078289633316937,-0.016375950852744736,-0.012729771780777685,0.5522345878178504,0.027454240486061647,0.106140043679667,0.01430967315575068
2019-09-25,0.0008730727785086119,0.0186058711412687,-0.009875403656557574,0.01430967315575068,-0.3310592134221714,0.02848127479782613,-0.3104816295222734,0.0012907329129372494
2019-09-26,0.0005739012365479261,0.00586674133963794,-0.006623481081602992,0.0012907329129372494,-0.20283164595564604,0.012490222421240923,-0.49532324528379684,-0.013056034488119777
2019-09-27,0.004361983664111335,0.005859304666681197,-0.02092838268804676,-0.013056034488119777,0.2528059059882194,0.026787687354727932,-0.1056991050776241,0.009394512492624478
2019-09-30,0.0023207445736550445,0.010760208599993973,0.00036298539656497023,0.009394512492624478,-0.2629218612709282,0.010397223203429066,-0.22520774695968962,-0.014197930723872992
2019-10-01,0.004521195238183984,0.008736816001495564,-0.014708802573185175,-0.014197930723872992,0.21689639349436055,0.023445618574680725,-0.00961883770508879,-0.01781302374857593
2019-10-02,-0.006000364134083545,-0.00512005361331584,-0.02579123467239601,-0.01781302374857593,0.35193966719724384,0.020671181059080262,0.4220678359260432,0.012032809906588041
2019-10-03,0.00222554292116346,0.015475667373229564,-0.010676867780765681,0.012032809906588041,-0.2348618512833089,0.026152535153995182,0.09980085311612454,0.013411253334383557
2019-10-04,0.0034428574666416053,0.014352056566995059,0.0010267649689375995,0.013411253334383557,-0.05253958592637864,0.013325291598057525,-0.0120790657073208,-0.007266417930139558
2019-10-07,-0.00712053976418702,0.000434292885902798,-0.007995905413785802,-0.007266417930139558,-0.4029418396072977,0.008430198299688604,-0.4186387981710117,-0.010630966238861745
2019-10-08,-0.00029170887572223144,0.004656581564842758,-0.010999597987629004,-0.010630966238861745,0.5125622567022858,0.015656179552471682,0.11107052182392166,0.0187658917913434
2019-10-09,0.013107561534960498,0.022087852317374847,0.009536479658091929,0.0187658917913434,-0.25750845788668497,0.012551372659282788,-0.1815372791144048,0.006201798015838736
2019-10-10,0.0018068157271492757,0.010291139415641554,7.229561026967251e-05,0.006201798015838736,-0.1121520553907397,0.010218843805371901,-0.19830880135851908,0.004160896847576222
2019-10-11,0.007306020673909234,0.01377948224050811,0.002871458453407011,0.004160896847576222,0.3655621870680752,0.010908023787101135,0.22932863817469573,-0.0009310578046965987
2019-10-14,7.165956118581823e-05,0.004357621218028612,-0.0011460488723506724,-0.0009310578046965987,-0.6484712684749806,0.005503670090379288,-0.44402223357604664,0.014371364291181209
2019-10-15,0.0036479029453331258,0.015924060547791993,0.0018613586865253555,0.014371364291181209,0.3923130465614787,0.014062701861266543,-0.03224116551648021,-0.008227605933981199
2019-10-16,-0.005524975354742011,-0.0041053413034315995,-0.014514722986637411,-0.008227605933981199,0.05222301433073312,0.010409381683205914,0.07927157860970266,-0.005141040991317701
2019-10-17,0.0038384557006780414,0.007167433020365622,-0.009948901803046504,-0.005141040991317701,0.0335953436674434,0.017116334823412217,0.10247050310477858,-0.016456515222125608
2019-10-18,0.0005009273047602079,0.0022167233925291093,-0.02266163860849184,-0.016456515222125608,0.4080277642471889,0.02487836200102089,0.4719537532770821,0.007395545795805561
2019-10-21,0.007540043580011075,0.00790114163274353,-0.002915308222794662,0.007395545795805561,-0.4746118106811403,0.010816449855538207,-0.0682852536581931,-0.014992985726334078
2019-10-22,0.0038933614919679587,0.011349079605294115,-0.015799944758775587,-0.014992985726334078,0.31203911134832085,0.027149024364069695,0.18263862065114175,0.0063595139520966236
2019-10-23,0.0037329211920291727,0.007888448344457377,-0.00558862046348146,0.0063595139520966236,0.0843301582312482,0.013477068807938879,0.20146259080411497,0.019482518747625747
2019-10-24,0.015544497346844443,0.022906660533042456,0.01036573854515125,0.019482518747625747,0.21570557220436268,0.012540921987891258,0.3452793130364284,0.005629353885356125
2019-10-25,-0.004296813443695136,0.00853852448439992,-0.005302050787071989,0.005629353885356125,-0.3551641556264182,0.01384057527147195,-0.12211055156213184,0.024288760601225104
2019-10-28,0.02574405354141159,0.03450064624177478,0.019561550256418543,0.024288760601225104,0.30677373007294806,0.014939095985356345,0.22866897686443602,-0.009476766556069272
2019-10-29,-0.0007631776741270123,0.0021476163020619473,-0.010737856377566794,-0.009476766556069272,-0.5385378284896791,0.01288547267962873,-0.41271400057159385,0.012385343153018523
2019-10-30,0.0048193033852280175,0.015078617726218744,-0.0002801522713221723,0.012385343153018523,-0.1071943057018281,0.015358769997540876,-0.4749275292288756,-0.00861180064661951
2019-10-31,0.0020033393570007317,0.0022103488507993624,-0.01126573168619777,-0.00861180064661951,0.2853668071140869,0.013476080536997191,-0.1101786203493297,0.00243830353818381
2019-11-01,0.006188521796550901,0.007297041143602894,-0.002793840621505177,0.00243830353818381,0.2974371820242677,0.010090881765107876,0.2820672480884289,0.00575851883554245
2019-11-04,0.0076936827166124416,0.008866771681636118,0.0030568485241786137,0.00575851883554245,-0.6723674914206591,0.005809923157457574,-0.44609559895690576,-0.0006227904761672559
2019-11-05,0.0029013433087095065,0.0032462038301495967,-0.004437359945179299,-0.0006227904761672559,0.07615260974467994,0.007683563775328801,-0.22022733519836407,-0.002772836584245592
2019-11-06,-0.0006232842781086395,0.00041523674423737977,-0.008760465882926517,-0.002772836584245592,-0.09623223850534521,0.009175702627163785,-0.29567649201569646,0.0013873264832374931
2019-11-07,-0.0015283172503616608,0.005675984763550176,-0.0020150323622344125,0.0013873264832374931,0.07050718663325442,0.007691017125784598,-0.20777534197223266,0.011715468568934146
2019-11-08,-0.0019428176301381755,0.01192097484157078,-0.0034719847326597397,0.011715468568934146,-0.061086098292751474,0.015392959574230569,-0.20455254157486535,0.001027109295096134
2019-11-11,-0.004256857574594649,0.003146534146761071,-0.008462749436943527,0.001027109295096134,-0.152737282980931,0.011609283583704546,-0.18327033117166855,0.006548946851787816
2019-11-12,0.00116281807486837,0.009942922246187123,-0.0003422873844637177,0.006548946851787816,0.26076803675675103,0.010285209630650835,0.10749900253921686,0.0016304795404676461
2019-11-13,-0.002246362992602213,0.0026482843784705916,-0.005386128776919591,0.0016304795404676461,-0.09694657074713647,0.008034413155390052,0.005887551580903349,0.005078387272057364
2019-11-14,-0.001970532247243995,0.007439545329759275,-0.002106606474855204,0.005078387272057364,0.15368111139930224,0.009546151804614418,0.15549371349947344,0.012817701707588537
2019-11-15,0.005858767193191463,0.012951081305154004,0.0014173843196960288,0.012817701707588537,0.17426154215836975,0.011533696985457807,0.30700516968027225,0.002464089157236088
2019-11-18,0.0006666184800086777,0.003859992965231404,-0.0066232421631914765,0.002464089157236088,-0.08675864390054988,0.010483235128422863,0.14497906652136147,0.0003325444945897957
2019-11-19,0.0035854798568983803,0.006563523408208267,-0.0009316523784007455,0.0003325444945897957,0.10573798689753756,0.007495175786608941,0.1765405991055007,-0.005133202075562988
2019-11-20,-0.0005321039824025908,0.0029877322269877406,-0.012916308972255219,-0.005133202075562988,0.07099540223897007,0.01590404119924279,0.1961043458933369,-0.0009361377743753051
2019-11-21,-0.001471481964302379,0.0012023776458337605,-0.007513755566745962,-0.0009361377743753051,-0.32449066229872003,0.008716133212579646,-0.20823000324328717,0.0007356178702670828
2019-11-22,0.003939324678121107,0.005470741028246784,-0.004425004850725793,0.0007356178702670828,-0.15544349786544795,0.0098957458789725,-0.35353591172432475,0.010903634605845234
2019-11-25,0.002737100190863646,0.011696881889494422,0.002203612371174647,0.010903634605845234,0.34356124920215675,0.009493269518319629,0.05935273455075032,0.005276033252150378
2019-11-26,0.0008592808247803496,0.007838027713515862,0.0005950196557756699,0.005276033252150378,0.09356962291846102,0.007243008057740258,0.14456225623666735,0.0019057573640856456
2019-11-27,0.001971370405537539,0.00308673428407857,-0.0033602041282800744,0.0019057573640856456,-0.48329459744640074,0.006446938412358816,-0.3451361956628808,-0.006190354991118217
2019-11-29,-0.001445379733919066,-0.00013133918855174083,-0.006851202846435259,-0.006190354991118217,-0.2372553933797249,0.006719863657883536,-0.47919642394589906,-0.01216245865412738
2019-12-02,0.0028364587262828273,0.002968221817641518,-0.02042111293761689,-0.01216245865412738,0.828201129203094,0.023389334755258572,0.41968212542434014,-0.0016061402949128104
2019-12-03,-0.013870391366502192,-0.0008027987433068423,-0.019582051678377305,-0.0016061402949128104,-0.1304142648474801,0.018779252935070437,0.16898677770225265,0.00361016930619156
2019-12-04,0.005543522892325209,0.005809860714820223,-0.000736997871795442,0.00361016930619156,-0.3143396881662114,0.006546858586615746,-0.16141183997604308,0.0005336351623821939
2019-12-05,0.0013337577311422091,0.0031315693358824033,-0.0024722584583814276,0.0005336351623821939,0.016612596315173114,0.0056038277942638175,-0.07413467391748685,0.012065960283719144
2019-12-06,0.007045176181468491,0.01285638993502527,0.0022652348136416476,0.012065960283719144,-0.0855782374702969,0.010591155121383655,-0.18723220968267487,-0.002573320603589997
2019-12-09,-0.004491075901690514,0.00302676046120541,-0.005550773042305205,-0.002573320603589997,0.017159216938514285,0.008577533503510508,-0.21385234616729581,-0.0015206834452976866
2019-12-10,-0.0004626289567433462,0.003495461295530963,-0.003971977373565849,-0.0015206834452976866,-0.012743097643405752,0.0074674386690968386,-0.11694794259496548,0.003764440346707612
2019-12-11,0.0027091463082489246,0.004884433700193814,-0.0053075360707423675,0.003764440346707612,0.13495213924814659,0.010191969770936166,0.10352259042943393,0.010100489441822793
2019-12-12,-0.0003296723502212984,0.011404760808846462,-0.004492559571452291,0.010100489441822793,0.26637520669076953,0.01589732038029864,0.3549310984954637,0.008382888666895995
2019-12-13,-0.0015674342868149474,0.010709827939868442,-0.0026791511585156267,0.008382888666895995,-0.03164686531392917,0.013388979098384048,0.24804594858744358,0.006450386861655713
2019-12-16,0.0037463022254725217,0.008826492567387326,0.001874954738382469,0.006450386861655713,0.01245285900799708,0.006951537829004842,0.1835472809725179,-0.005415501176655401
2019-12-17,-0.0005145143348040117,0.0011567147632952797,-0.006968231602083703,-0.005415501176655401,0.0517123548535068,0.00812494636537907,0.1636708177401361,-0.0020708434679763688
2019-12-18,-0.002524350883951265,0.005093948473708144,-0.0033024265043690958,-0.0020708434679763688,-0.05233381513941025,0.008396374978077206,0.0316795033286972,0.008643059407927128
2019-12-19,-0.0023996841495411655,0.009028301203352657,-0.004024379876543086,0.008643059407927128,0.03380774668044829,0.013052681079895805,0.021365374901016802,0.010858543660414756
2019-12-20,0.010477316328740266,0.01769618853260945,0.003717866925251046,0.010858543660414756,0.7620305326765503,0.013978321607358285,0.780560948730474,0.0
2019-12-23,0.0045003179165490625,0.0045003179165490625,-0.0008897889624706173,0.0,-1.1046686448119398,0.00539010687901987,-0.5407406414864919,-0.0001905954990525587
2019-12-24,0.00044454931384301026,0.0019040564389202,-0.0018440761023203064,-0.0001905954990525587,-0.678568503122183,0.0037481325412405384,-1.1761524580553147,0.008163268073520469
2019-12-26,0.0011430284751563105,0.008541324535159352,0.00012700307374215088,0.008163268073520469,0.47954447409725587,0.008414321461417218,-0.5769202039761749,0.0018260782737857348
2019-12-27,0.004903812110808888,0.005530809645554107,-0.0028400848975032146,0.0018260782737857348,0.23747774407808075,0.008370894543057403,-0.262207170767461,-0.00865594008399525
2019-12-30,0.00018870123122587644,0.000377366861015238,-0.014128088073796626,-0.00865594008399525,-0.11891604170752809,0.01450545493481179,-0.3248662280851844,0.0006977742215554741
2019-12-31,-0.0052169100622793,0.001141602953904348,-0.007260249787161426,0.0006977742215554741,0.11655620351728262,0.008401852741065825,0.18953292425362842,0.01834682174321075
2020-01-02,0.006825113991625576,0.019031437382120944,0.003986999460816224,0.01834682174321075,0.2082410678302706,0.015044437921304752,0.3892408641534969,-0.01252992248844579
2020-01-03,-0.01442294880410799,-0.00418004904445854,-0.016066604029780208,-0.01252992248844579,-0.0688867861677341,0.011886554985321825,0.156636695203876,0.0025814821198036687
2020-01-06,-0.009756132505453199,0.0030215998344127054,-0.01339150326752768,0.0025814821198036687,-0.014429094671146824,0.016413103101940475,0.07169081822125774,-0.009159578554510661
2020-01-07,0.0018219482932950331,0.004016317891971292,-0.010810861872103597,-0.009159578554510661,0.038659349814935996,0.014827179764075034,0.08586729009298048,0.01580285677730281
2020-01-08,0.008530530186785613,0.020228098286075216,0.002345230489673133,0.01580285677730281,0.24883893256063144,0.017882867796402333,0.2828295876464581,0.012415579716335562
2020-01-09,0.010872036016841183,0.013217311952497316,0.00585454123462352,0.012415579716335562,-0.2604199644328768,0.007362770717873793,-0.06347939136711356,-0.004637797120281234
2020-01-10,0.004493627198340902,0.006947277588956721,-0.005630006475895963,-0.004637797120281234,-0.031305615786152666,0.012577284064852553,-0.08386745290664233,0.011952594214714654
2020-01-13,0.0025998045026904256,0.012136303328390064,-0.0004959816178867553,0.011952594214714654,0.04253528868149122,0.012632284946276776,-0.03786283820547138,-0.007067998346828014
2020-01-14,0.00067346628172638,0.0019579504507432777,-0.009600058704634595,-0.007067998346828014,0.0821188417160545,0.011558009155377745,0.03704464707186446,0.006455328437733667
2020-01-15,0.0030176480751595114,0.011102009438328652,0.0027102106202120915,0.006455328437733667,-0.09181123529250665,0.008391798818116651,-0.0709306165561139,0.018157508577595575
2020-01-16,0.0071444961311686525,0.018578719278131355,0.005195489366082664,0.018157508577595575,0.10820269026663187,0.013383229912048664,0.09389515654928429,0.005581122433516232
2020-01-17,0.00749426460106007,0.007792888341515187,-0.004463249348857551,0.005581122433516232,0.3648038401140502,0.012256137690372756,0.4361228623268262,-0.003597162706974679
2020-01-21,-0.0025167095150186395,0.0065018351276316085,-0.00401771553664267,-0.003597162706974679,-0.15226040709331393,0.010519550664274279,0.16802798194699645,-0.0048164034053490914
2020-01-22,0.005390812174208893,0.005928371366847145,-0.004937136540188874,-0.0048164034053490914,-0.20115263987618034,0.010865507907035877,-0.09445264828195284,0.006136859871728367
2020-01-23,0.0029528208147345985,0.006616602205406817,-0.0025983800110145625,0.006136859871728367,-0.2041769632045402,0.009214982216421579,-0.30360329077167425,-0.010127937804124522
2020-01-24,0.004727252295665346,0.004846666532088332,-0.013709211809171774,-0.010127937804124522,0.2359509058273879,0.018555878341260088,-0.054536311488193726,-0.01686459726670999
2020-01-27,-0.023852257696055,-0.01010902228279902,-0.0297648124981688,-0.01686459726670999,0.2525791072798673,0.019655790215369888,0.19007380579390448,0.01940628352297309
2020-01-28,0.009200825572688701,0.021217695115812323,0.004856370571710363,0.01940628352297309,-0.25330976691332097,0.016361324544101934,-0.04579101393678763,0.015472492008181751
2020-01-29,0.014281608489920218,0.019688815413622683,0.0013890729769726509,0.015472492008181751,0.33344527263140294,0.018299742436650175,0.32372396411018567,0.027817095518468043
2020-01-30,0.0351406254440492,0.0351406254440492,0.01623268597324384,0.027817095518468043,0.3951641616716501,0.018907939470805435,0.6378224477904476,-0.01486866313735421
2020-01-31,-0.0033044005623470763,-0.002201779039296917,-0.018694299192222937,-0.01486866313735421,-0.3559982298647254,0.016492520152926005,0.0714732285288625,0.024086415272345885
2020-02-03,0.0011741735338939463,0.024774302914169814,0.0009981398481490199,0.024086415272345885,-0.1827172889797556,0.02377616306602083,-0.1758274919341048,0.032386414324049054
2020-02-04,0.015703522935190558,0.03526924302186567,0.011006941444774567,0.032386414324049054,0.19072548874396875,0.024262301577091208,0.0259414810756308,-0.0012221612954885824
2020-02-05,0.02147551283922167,0.02239883892886745,-0.009538975411726753,-0.0012221612954885824,0.07284400431382537,0.03193781434059418,0.035832925248639416,0.020521783092364045
2020-02-06,0.005930171388225712,0.02155595074525944,0.0008890080922640272,0.020521783092364045,-0.34504090654439395,0.020666942652995436,-0.33238171971714836,0.001414859312067205
2020-02-07,-0.004256712146287824,0.010832581403554394,-0.006282335558760814,0.001414859312067205,0.18912742911322392,0.01711491696231537,-0.011713136879232528,0.02582068676831739
2020-02-10,-0.001687199668553403,0.026562326851779255,-0.0034864086668886076,0.02582068676831739,0.06677084010501842,0.03004873551866797,0.07058614453957622,-0.022834215626603337
2020-02-11,0.010280818087361426,0.010543060401481176,-0.02794376870734206,-0.022834215626603337,0.39411979414110093,0.03848682910882318,0.4309292198286774,0.0014628433640164803
2020-02-12,0.006161845216329272,0.007615709008981844,-0.014142015578903905,0.0014628433640164803,-0.12181934786967345,0.021757724587885652,0.2166869387833368,-0.005428600072526545
2020-02-13,-0.008863838152547527,0.008195382062183051,-0.010011572753842238,-0.005428600072526545,-0.28772102816940504,0.018206954816025227,-0.11176475177519175,0.00888749865956415
2020-02-14,-0.0025071231000924924,0.00921114499432062,-0.005786744042017902,0.00888749865956415,-0.4217907946637187,0.014997889036338592,-0.5710719165858577,0.010091822268325099
2020-02-18,0.0014017389729446363,0.012598964807346338,0.0008089195210722466,0.010091822268325099,0.1827822237614835,0.011790045286274156,-0.3363025960172762,0.0002670318698479846
2020-02-19,0.004423263072127705,0.005061127862530929,-0.004067410012362574,0.0002670318698479846,0.07635863906806473,0.009128537874893336,-0.21766639050091205,-0.015389061482316387
2020-02-20,-0.0017636315653933416,-0.0001601942672618776,-0.03355541807276314,-0.015389061482316387,0.20607801649731355,0.03339522380550116,0.12105383366138846,-0.032123099854546006
2020-02-21,-0.006801081806625828,-0.005001087687649331,-0.03965458977003752,-0.032123099854546006,0.2758675245574063,0.03465350208238803,0.4614231781902588,-0.04407258424051576
2020-02-24,-0.06249863607924005,-0.022881404293109565,-0.08993243233626842,-0.04407258424051576,0.3410126857625595,0.06705102804315885,0.7192707158187973,-0.016639468220355873
2020-02-25,0.019183975812488187,0.02285117796241144,-0.01914163458127225,-0.016639468220355873,-0.0034872058825291827,0.041992812543683804,0.47562872692351094,0.012417323756338796
2020-02-26,0.009710534717139027,0.03041272189039229,0.0008326358504363862,0.012417323756338796,-0.191559773856385,0.029580086039955752,0.1097609682515219,-0.07306434783498994
2020-02-27,-0.04108641532600493,-0.018624496929625995,-0.07432951093123813,-0.07306434783498994,0.5054530801807117,0.055705014001612256,0.5162034484468714,0.02392444902779363
2020-02-28,-0.03715929686243514,0.03436303208877734,-0.03985305794192918,0.02392444902779363,0.040363525652649425,0.07421609003070663,0.37212735288019855,0.0644189176533839
2020-03-02,0.020164456480267167,0.06517102139440407,0.0018500440593544724,0.0644189176533839,-0.31172831197515577,0.0633209773350498,-0.07490394968381686,-0.04910562022911927
2020-03-03,0.005828284920929288,0.012709028454131016,-0.06287699235655105,-0.04910562022911927,0.009056329319278033,0.075586020810682,-0.07292765856655439,0.036057201518016384
2020-03-04,0.023905108212344768,0.0369362866822294,0.006724652883267791,0.036057201518016384,-0.36386581625286274,0.030211633798961583,-0.44609822373969926,-0.025415528010070368
2020-03-05,-0.026739560556977085,0.0018744781257179787,-0.028909939442290873,-0.025415528010070368,-0.04091660015473111,0.03078441756800893,-0.4704515884905039,-0.028674468127920155
2020-03-06,-0.02225829915710972,-0.019188175180307805,-0.06375699149867257,-0.028674468127920155,0.4206182496687162,0.044568816318364755,0.07631617233838231,-0.07017845436517285
2020-03-09,-0.06765869380536509,-0.023927029198966894,-0.07430323652403366,-0.07017845436517285,-0.03353837505373023,0.05037620732506687,0.11718912776236408,0.06614725944780626
2020-03-10,0.04884712576170461,0.06683059919419367,0.012928984407587198,0.06614725944780626,-0.07464260575314811,0.053901614786606294,0.04450110316619834,-0.04636018977741853
2020-03-11,-0.023833816425897346,-0.02021286108559691,-0.06263465485797684,-0.04636018977741853,-0.14785928198369006,0.042421793772379854,-0.08292162620389176,-0.09964166881112824
2020-03-12,-0.05574655434611661,-0.001042029784483005,-0.10309935651328984,-0.09964166881112824,0.5030654578002608,0.10205732672880694,0.3989569584782114,0.13292898226108052
2020-03-13,0.058922698665498346,0.15213517080246372,0.011937653534823593,0.13292898226108052,-0.005366937355046767,0.1401975172676402,0.25803052954004313,-0.15945341283925932
2020-03-16,-0.12619203676615245,-0.06154187384614342,-0.1625596809370273,-0.15945341283925932,-0.053397081860217306,0.10101780709088382,0.15054850603051884,0.07912213347380095
2020-03-17,0.03326137607310684,0.08544712924367708,-0.0031062680977679813,0.07912213347380095,-0.08107977027885477,0.08855339734144503,0.024257614851698837,-0.043007731890622174
2020-03-18,-0.06024949485279373,-0.003896558301662048,-0.08208023275310358,-0.043007731890622174,0.006558771275361015,0.07818367445144155,-0.008117398697304717,0.01631919803844959
2020-03-19,0.016739525607233102,0.06713930566050748,-0.010021514988684513,0.01631919803844959,0.0517021296835054,0.07716082064919196,-0.015931502648940624,-0.038282189178862
2020-03-20,0.022791975550510483,0.030298022941853527,-0.04918969790216622,-0.038282189178862,-0.01237215622942152,0.0794877208440197,-0.011430168729301846,-0.01002467230042533
2020-03-23,-0.002478581207108995,0.023173180468421005,-0.03579884730714753,-0.01002467230042533,-0.07194201948647765,0.058972027775568474,-0.06488682932626365,0.0869991269426049
2020-03-24,0.05556789499892129,0.09545732166073866,0.03816519848826274,0.0869991269426049,0.04386681796611786,0.05729212317247589,0.00040339365148703505,-0.00961870313261388
2020-03-25,0.0038352095737398347,0.03958626715613801,-0.026642698309323202,-0.00961870313261388,-0.08703925052377147,0.06622896546546128,-0.09016222066766283,0.06067268238979871
2020-03-26,0.010023081115938064,0.06418966682672356,0.009820912564469977,0.06067268238979871,-0.15824096579859245,0.05436875426225354,-0.23391023207305126,-0.041927619838569616
2020-03-27,-0.02832646093872073,-0.007845707259209552,-0.04527322356280894,-0.041927619838569616,-0.12392738290192078,0.03742751630359956,-0.3040674673840944,0.06797698531547892
2020-03-30,0.018137820981423015,0.07028356847735774,0.0020686508823871525,0.06797698531547892,0.10599090159422966,0.06821491759497077,-0.12337737398488818,-0.015852310284805347
2020-03-31,-0.00519352828968602,0.028000987124128032,-0.023170948861478375,-0.015852310284805347,0.20599105806151868,0.051171935985606556,0.12694156127201514,-0.036153998734213835
2020-04-01,-0.030320024677996864,0.0002535553508902372,-0.044670824733283376,-0.036153998734213835,-0.2958511472095351,0.04492438008417348,-0.15544612886327872,0.02049714826089478
2020-04-02,-0.0016448995319582336,0.021913131168636163,-0.011571524580973117,0.02049714826089478,-0.15531431644772647,0.03348465574960939,-0.25716866940652305,-0.009252987126348314
2020-04-03,-0.0010309860624892232,0.013562198535346185,-0.019971339308574247,-0.009252987126348314,-0.18512091852621912,0.03353353784392049,-0.39462714113111214,0.07173241753336991
2020-04-06,0.041323755110731206,0.07914720094973358,0.02408516896661897,0.07173241753336991,0.486869720048514,0.05506203198311472,0.14525560255233003,-0.01082866601742555
2020-04-07,0.02580321175727483,0.028217911046126868,-0.012236537627648956,-0.01082866601742555,-0.06689707436931021,0.04045444867377587,0.06571818505425546,0.009981212057693043
2020-04-08,0.013245986911315042,0.019263938581267064,6.113035059869307e-05,0.009981212057693043,-0.2616530197481536,0.01920280823066825,-0.14297798383514732,6.052324891581662e-05
2020-04-09,0.0074210464991685985,0.013473829307382123,-0.010960366768586832,6.052324891581662e-05,0.06153994589129045,0.024434196075968986,-0.04619618700197581,0.0022379874698122003
2020-04-13,-0.0047952580457880966,0.002600515062588402,-0.01734710196958227,0.0022379874698122003,-0.2039359365928843,0.01994761703217065,-0.25663112535499494,0.048298072914799275
2020-04-14,0.02086713215994313,0.04858590168177123,0.014932396640128617,0.048298072914799275,0.23250508793264688,0.03365350504164258,-0.02656741697374562,-0.01053306836287106
2020-04-15,-0.014497209795976029,-0.0007486372476476936,-0.026011797368227934,-0.01053306836287106,-0.2557902776744964,0.025263160120580153,-0.2284907272306244,0.02957907050485209
2020-04-16,0.013981382719567365,0.03093380935812531,0.005916770073343539,0.02957907050485209,0.209442173437667,0.025017039284781807,0.06962033725294048,0.00877304479670701
2020-04-17,0.013799550108422973,0.01658119307029979,-0.006630599835398396,0.00877304479670701,0.044290168961182194,0.023211792905698105,0.10477150058217867,-0.020019944258437228
2020-04-20,-0.011091525804967127,0.0008394789574994321,-0.020419841791659524,-0.020019944258437228,-0.36391138930799877,0.021259320749158813,-0.2649336221591837,-0.04223673827295722
2020-04-21,-0.00895115897126666,-0.007971822142456305,-0.05247853518081319,-0.04223673827295722,0.4270345171069866,0.04450671303835691,0.1842543282988729,0.033400871055692054
2020-04-22,0.021049637758072223,0.03616327912930571,0.017718393309599,0.033400871055692054,-0.4845452642925772,0.018444885819706602,-0.31443508163506423,-0.012176216351865188
2020-04-23,0.0033943957431431674,0.008835867217265073,-0.015155767553379992,-0.012176216351865188,-0.05428933849772798,0.023991634770645164,-0.34170000076103413,0.018094576245568483
2020-04-24,0.0037265642148790338,0.018151833309652612,-0.004150425067309874,0.018094576245568483,0.044344091368877785,0.02230225837696241,-0.21759641852828768,-0.0028686192433713775
2020-04-27,0.01161938965249354,0.013373315628488163,-0.007187036703376901,-0.0028686192433713775,-0.03211089261356548,0.020560352331865133,-0.15893126492454754,-0.024662481210319637
2020-04-28,0.008809079323966927,0.009264592810780856,-0.027138886796189376,-0.024662481210319637,0.03546314556097623,0.03640347960697015,-0.10544500676309441,0.04389597307507611
2020-04-29,0.019882319369096853,0.04530398778384112,0.012116436734130808,0.04389597307507611,0.3995851769213764,0.03318755104971051,0.41533867526694124,0.009982216362978998
2020-04-30,0.014380727234206638,0.01660045013928396,-0.006786187823390199,0.009982216362978998,0.04925374414198258,0.023386637962674095,0.37068583112517567,-0.026232490726525465
2020-05-01,-0.019211337408646823,-0.0031857359037370412,-0.029445602759590343,-0.026232490726525465,-0.3136664487204046,0.026259866855853253,-0.0503954682647,0.02416568159630739
2020-05-04,-0.00045838440106486464,0.025059956548297787,-0.004420618902144916,0.02416568159630739,-0.25946604143214785,0.02948057545044263,-0.3341639477977295,0.010678623265046086
2020-05-05,0.009903818900267496,0.026540208142412924,0.005909576140453533,0.010678623265046086,0.19301173215646555,0.020630632001959262,-0.12776153240755259,0.009799136154667926
2020-05-06,0.007276006840474977,0.018851953099763643,0.004801523490834033,0.009799136154667926,-0.13648291526628628,0.014050429608929603,-0.2758656999760174,0.0057902211214599444
2020-05-07,0.008889943856837465,0.010951155703740147,0.00021915285723625262,0.0057902211214599444,-0.12665256444649,0.010732002846503927,-0.30773914831515237,0.0058650465498778625
2020-05-08,0.007488176599294733,0.007596313648386188,-0.0013080745748574854,0.0058650465498778625,0.08661046318337626,0.008904388223243812,-0.07874534124674781,0.011092746492071308
2020-05-11,-0.008319102080222126,0.01520759004649782,-0.00995838000452192,0.011092746492071308,0.0004824309432168151,0.025165970051019795,-0.026081903692042288,-0.022912368527838862
2020-05-12,0.0003212376598875067,0.0016051573565148132,-0.024063606046964427,-0.022912368527838862,0.03640903080819904,0.025668763403479306,0.007053929567167629,-0.015237939342892928
2020-05-13,0.00021918887497715588,0.0084025404621156,-0.03325749438225182,-0.015237939342892928,0.3333017983778706,0.04166003484436717,0.37100323124140205,0.00432996558563622
2020-05-14,-0.012371098777065449,0.005215872634156925,-0.022902879970671575,0.00432996558563622,-0.06556801808111871,0.02811875260482855,0.2270881408208618,0.014463145596147494
2020-05-15,-0.008176030615353264,0.035532445768151566,-0.01974722961296324,0.014463145596147494,0.10716097105372739,0.05527967538111475,0.25611770263739314,0.009509132240775186
2020-05-18,0.014041575814928675,0.016461240670349923,0.004358271385125187,0.009509132240775186,-0.27894690000140254,0.012102969285224889,-0.10644617432708209,-0.006946349902132765
2020-05-19,0.0006487274725843683,0.00909808109861472,-0.007709039989722664,-0.006946349902132765,-0.274508487332444,0.016807121088337294,-0.40300054812441255,0.01099417357502015
2020-05-20,0.006405366965724352,0.012017039462763108,0.0016867406258095625,0.01099417357502015,0.15401260595751884,0.010330298836953562,-0.22251010771184182,-0.01208398029957432
2020-05-21,-0.0014014434856442488,0.005425278538856632,-0.012847502342598181,-0.01208398029957432,-0.07097285796948345,0.018272780881454963,-0.2221118202379881,0.00043604859168709843
2020-05-22,-0.0013092044724795696,0.005599590807959217,-0.0048637930885494325,0.00043604859168709843,-0.33516263246569467,0.01046338389650864,-0.48453958989726736,-0.010627837367875507
2020-05-26,0.01530381038072821,0.016162107095155035,-0.013219733396887553,-0.010627837367875507,0.5493158754823667,0.029381840492042524,0.23025917266127593,0.001320877682002951
2020-05-27,-0.00757396638199521,0.0023104760753540478,-0.027753971889736922,0.001320877682002951,0.09117219375230491,0.03006444796509116,0.31579992495520864,-0.002257668268530097
2020-05-28,-0.005902607436402477,0.012788437443970662,-0.0078964084956916,-0.002257668268530097,-0.15597095750843915,0.020684845939662085,0.07523954076342827,0.010146836732448473
2020-05-29,0.0073051261009121245,0.015697592498330405,-0.0054724452707852755,0.010146836732448473,0.2200070382559397,0.02117003776911569,0.27912138591651087,-0.002294571411280446
2020-06-01,-0.003882050458282205,-0.00136518792533997,-0.00981606002612078,-0.002294571411280446,-0.6218290045124415,0.008450872100780882,-0.4211963911452701,0.011312470668234735
2020-06-02,0.007736761713965535,0.011799055722844348,-0.008127869970569638,0.011312470668234735,0.3083987840775975,0.01992692569341395,-0.12316098027143285,0.002430643393195896
2020-06-03,-0.00048682193489189103,0.005554814134072232,-0.007218690258618944,0.002430643393195896,-0.12004979849384785,0.012773504392691279,-0.2124295559436159,-0.013250994637195892
2020-06-04,-0.005735002182491019,0.0025861853395314615,-0.016646184991987563,-0.013250994637195892,0.051758566381463804,0.019232370331519078,-0.08564671613063117,0.02312865896165138
2020-06-05,-0.0016414243290774739,0.025955848798014245,-0.0049872883379610275,0.02312865896165138,0.3271677922070425,0.030943137135975112,0.2742751127473158,0.00617748087433354
2020-06-08,-0.006753493583579161,0.007185692148402866,-0.014853327166002843,0.00617748087433354,-0.1833166975400144,0.022039019314405852,0.10582096950747186,0.007615873638935617
2020-06-09,-0.0019130657857506686,0.012346467987748208,-0.005857032439380238,0.007615873638935617,-0.10893123343028764,0.018203500427128372,-0.07159665907737815,0.03642029513864393
2020-06-10,0.006982948088945872,0.044918969986168386,0.006354851683892062,0.03642029513864393,0.3873151623735298,0.038564118302276164,0.32205650300039323,-0.055193940411444174
2020-06-11,-0.01902763482625485,-0.005501806319570871,-0.056268211031023974,-0.055193940411444174,0.18626349786781582,0.050766404711453175,0.409213323831546,0.007860799186433084
2020-06-12,0.02266485406079868,0.028838723676709418,-0.005868971513823695,0.007860799186433084,-0.1976956782096781,0.0347076951905331,0.08289285157610125,0.0063714610943153395
2020-06-15,-0.01697507241072361,0.01627255753829801,-0.0200679820625158,0.0063714610943153395,-0.2803313952538425,0.036340539600813966,-0.21472178776928522,0.024209724732441745
2020-06-16,0.02069055780931836,0.03453999498372296,0.013249427322306256,0.024209724732441745,0.26131773859799146,0.021290567661416834,0.048771671365170785,0.003455294156400653
2020-06-17,0.007514144630408735,0.014106776275127957,0.0006197134638322449,0.003455294156400653,-0.5048211334128363,0.013487062811295759,-0.5171703425709457,0.010651482118727398
2020-06-18,-0.001236377088097837,0.011517031234134383,-0.001236377088097837,0.010651482118727398,-0.10784727437134244,0.012753408322232136,-0.5368296620536976,-0.005977555919551389
2020-06-19,0.011496361165367243,0.015014998386173997,-0.00998248426140308,-0.005977555919551389,0.6559958202913087,0.024997482647576987,0.28291842732759637,0.027394887164373005
2020-06-22,0.0032741596274142456,0.028341675074285335,0.000409866459864613,0.027394887164373005,-0.3031601479887629,0.02793180861442087,-0.026596527170325533,0.006658722184642707
2020-06-23,0.007549775094001366,0.016711501285327838,0.004278540614245264,0.006658722184642707,-0.059685436736898766,0.012432960671082592,-0.08657091308651566,-0.0203634669969169
2020-06-24,-0.00153650522702967,0.006614676728302112,-0.026854355907361082,-0.0203634669969169,0.17256327841336783,0.03346903263566328,0.15754086847666954,0.01255730020144537
2020-06-25,-0.00020217008558668002,0.01390412307377441,-0.012051683492806312,0.01255730020144537,-0.2787061120010788,0.02595580656658077,-0.18922833239771747,-0.020218978667075654
2020-06-26,-0.0030494718182491306,-0.0022486927150281244,-0.027631895327131603,-0.020218978667075654,0.6762448997446859,0.025383202612103514,0.4591763241965283,0.01068987349877196
2020-06-29,-0.002805352638862165,0.011143289823208183,-0.014261033446129744,0.01068987349877196,-0.7166977096672524,0.02540432326933783,-0.3150875651064582,0.025228316996505296
2020-06-30,-0.0028259887007109777,0.029592028733062378,-0.003533735487124754,0.025228316996505296,0.25072211193420185,0.03312576422018722,-0.030357897497048886,0.005830361026454883
2020-07-01,-0.0018197232255787365,0.013858669044704107,-0.008586660730855053,0.005830361026454883,-0.06779902433858398,0.022445329775559148,-0.11716153082096345,0.007592004496888283
2020-07-02,0.004776049589054304,0.01608877170488641,0.0014645013796050494,0.007592004496888283,-0.0895199564728115,0.014624270325281241,-0.18037532009776808,0.021297824070551658
2020-07-06,0.012383050361152788,0.023336598371342655,0.008833178570316711,0.021297824070551658,0.0844041520235718,0.014503419801025966,-0.10454651821984265,-0.011696025279290824
2020-07-07,-0.0011872256107695548,0.018666650410128778,-0.01294527829302197,-0.011696025279290824,0.05201612823470278,0.03161192870315078,0.08517354887700394,0.021754452531127795
2020-07-08,0.008701562326246744,0.023772771785020425,0.0021106279185087676,0.021754452531127795,-2.0833116322509803e-05,0.021662143866511576,0.041407483345709296,0.00697652583249248
2020-07-09,0.01631129448287171,0.01654241024726144,-0.0064105833517210525,0.00697652583249248,-0.0143374102669467,0.022952993598982625,0.03148653249014766,-0.0030374992252206203
2020-07-10,-0.00327154660649202,-0.0011204739175758305,-0.015233042198409968,-0.0030374992252206203,-0.23528457345553677,0.014112568280834141,-0.2103847942429921,-0.03137582446268085
2020-07-13,0.0037837138222615945,0.00991930678028478,-0.03413234778426435,-0.03137582446268085,0.37624414582383325,0.04405165456454912,0.18547781375422004,0.006162451440322324
2020-07-14,-0.004549874323552404,0.008559384444911375,-0.024640740539407225,0.006162451440322324,-0.014362287565057322,0.033200124984318534,0.13248930718663507,-0.0014890505301235885
2020-07-15,0.005790695726871539,0.01420151427550072,-0.016063083221816016,-0.0014890505301235885,-0.1554594452362296,0.030264597497316602,-0.04692298731566263,-0.02000258554428935
2020-07-16,-0.012771068853678064,-0.011311554809922445,-0.027929174211197453,-0.02000258554428935,-0.07210773745752894,0.016617619401274954,-0.11057051199289916,-0.00511305577222897
2020-07-17,0.0026935203364667364,0.005477298223052293,-0.012484427500505041,-0.00511305577222897,0.055054826909567964,0.017961725723557215,-0.03630796673855557,0.04208303351238415
2020-07-20,0.010395283822056832,0.04538568776760136,0.0006405165373036663,0.04208303351238415,0.15352595634193392,0.04474517123029759,0.08448600775197215,-0.013560365097770687
2020-07-21,0.009688254828897762,0.010997884460889082,-0.017015434626362912,-0.013560365097770687,0.029533954167511055,0.028013319087251933,0.12142742951840307,0.014268969801198848
2020-07-22,0.002153353872050346,0.01686301935298776,-0.0017260425768573695,0.014268969801198848,0.26677225025229173,0.018589061929845246,0.3858331351555845,-0.044468968776377266
2020-07-23,-0.021770075076355224,-0.003927427551170554,-0.046396367638387497,-0.044468968776377266,0.307384611364142,0.04246894008721696,0.5948757293716843,-0.006141016949793407
2020-07-24,-0.010522209261691383,0.0015787242007962734,-0.025148176597101064,-0.006141016949793407,-0.526945283600758,0.026726900797897326,-0.11575589052975285,0.012588111400478453
2020-07-27,0.0008441451808070182,0.013176582385203773,-0.0021881968021085687,0.012588111400478453,-0.27799869070304895,0.015364779187312428,-0.4297391998214317,-0.009017735656731153
2020-07-28,-0.0011780568250446108,0.0041610185523314165,-0.010404692350853912,-0.009017735656731153,-0.2601810382690573,0.014565710903185218,-0.6604793501178143,0.010047332733259492
2020-07-29,0.002373162996853214,0.012934449564504829,-4.9549615905866e-05,0.010047332733259492,-0.1691738954255503,0.012983999180410821,-0.7619152306040973,-0.0007844086364586232
2020-07-30,-0.015109148223924309,0.001958333882936658,-0.02224896760310806,-0.0007844086364586232,0.2448633168254917,0.02420730148604469,-0.363289726664349,0.005429083995326822
2020-07-31,0.0024491808223636637,0.005868047190523257,-0.02427460053077249,0.005429083995326822,0.7106332391975133,0.030142647721295872,0.6152237441967583,0.0547165252356779
2020-08-03,0.03126084522030364,0.05978358717144725,0.02614185682217445,0.0547165252356779,0.4365446335652109,0.03364173034927306,0.9735940123969752,-0.015122546302262146
2020-08-04,-0.011005173244606061,-0.008207548908150846,-0.029192635790567197,-0.015122546302262146,-0.4717122909929562,0.020985086882416466,0.21873870605798604,-0.0016422632235932957
2020-08-05,0.007520064671525478,0.007985317552378553,-0.008096762961640396,-0.0016422632235932957,-0.5369227637675629,0.01608208051401906,-0.44169671174718234,0.01588704753050647
2020-08-06,-0.002821701012705324,0.01597943528068997,-0.006549055759909804,0.01588704753050647,0.12545551888619946,0.022528491040600028,-0.3563758497056801,-0.018049648701719635
2020-08-07,-0.006957356252929167,-0.003008955635245324,-0.025371204726475114,-0.018049648701719635,-0.1602835390254697,0.022362249091229806,-0.5486358899861181,-0.02010856513352562
2020-08-10,-0.003819396698914524,-0.0028277464589731224,-0.029274060403425464,-0.02010856513352562,0.2774566807681493,0.026446313944452408,-0.16974938238555506,-0.023663106675639086
2020-08-11,-0.00524782181357596,-0.0028853403634748406,-0.024843887540182776,-0.023663106675639086,-0.007380813408909783,0.02195854717670806,0.038897508012438686,0.028166767200475815
2020-08-12,0.009347406556895478,0.03336379577480244,0.006713548361865931,0.028166767200475815,-0.26317317398935847,0.026650247412936624,-0.1482391620381767,-0.0023451421113354328
2020-08-13,0.001194372246629918,0.010272614319720907,-0.004983997253483598,-0.0023451421113354328,-0.21521362272515654,0.015256611573204341,-0.35855737082281225,0.0009578398846626664
2020-08-14,0.00028744100146103424,0.004255424451885393,-0.0057182946516546465,0.0009578398846626664,-0.22937282139954537,0.009973719103540167,-0.5236254362855116,0.0065843308009993365
2020-08-17,0.0033453422215967456,0.010902574441402886,9.575545859976917e-05,0.0065843308009993365,0.11684403212570262,0.01080681898280307,-0.3395130403281467,0.005737771872177929
2020-08-18,0.0011881848381100793,0.0098429804434917,-0.0051014058590376265,0.005737771872177929,0.05547531475601733,0.0149443863025293,-0.1600070833076129,-0.008499818663389249
2020-08-19,0.0,0.0028801483289370034,-0.010648032648708679,-0.008499818663389249,0.2584101123921373,0.013528180977645713,0.22702855127979119,0.023004714386898904
2020-08-20,-0.0007633034710669033,0.024960104772758653,-0.003774368614343444,0.023004714386898904,-0.02366382708369473,0.028734473387102173,0.20687280843690836,-0.007296559670164981
2020-08-21,-0.003361039559315179,0.007752508070185676,-0.008094916792445495,-0.007296559670164981,0.29526862479691596,0.015847424862631233,0.4628791376437242,0.003140300011724591
2020-08-24,0.008274697286713154,0.011667654414380488,-0.0027735902181157484,0.003140300011724591,-0.35330754991809,0.014441244632496127,-0.03912160898837783,0.012925597267534308
2020-08-25,-0.002764810337235604,0.013572126287268374,-0.002764810337235604,0.012925597267534308,-0.09972010763908917,0.01633693662450396,-0.17791804992893392,0.02138920136445292
2020-08-26,0.0064924995751350426,0.02563071328291629,0.004102992575216971,0.02138920136445292,0.5414569068643489,0.021527720707699326,0.3512109330787377,0.024256914811264647
2020-08-27,0.007837196764398247,0.04422564731388467,-0.007944656693343703,0.024256914811264647,0.374711441340322,0.052170304007228295,0.6435001081833454,0.010230837675330002
2020-08-28,0.007036667543182256,0.01775995915719326,0.0,0.010230837675330002,-0.7842618206566623,0.01775995915719326,-0.3250285959957285,-0.01487574682652516
2020-08-31,-0.00837891172054207,-0.0009178415171438272,-0.020299916406083404,-0.01487574682652516,0.09018021154984611,0.01938207488893952,-0.1785756678817004,0.007685574409554759
2020-09-01,-8.870287678169322e-05,0.0084772382233245,-0.0048893604577548615,0.007685574409554759,-0.11199643443288765,0.013366598681079365,-0.30965688070799297,0.019088828729676533
2020-09-02,0.003075289919494477,0.02429866044500514,0.0003519503323856461,0.019088828729676533,0.2812514579868075,0.023946710112619427,-0.043586742587334686,-0.06394868420828274
2020-09-03,-0.010327218545017357,-0.010152796258504548,-0.07477558997431567,-0.06394868420828274,0.538586850943284,0.064622793715811,0.526503162050229,-0.01413534382847915
2020-09-04,-0.010175836657437445,0.004866178402350721,-0.05734251024244097,-0.01413534382847915,0.021409472680332976,0.06220868864479169,0.5432959866707057,-0.05561384138750497
2020-09-08,-0.03684314507680169,-0.01989318563271506,-0.05788626598428688,-0.05561384138750497,-0.11986790881774088,0.03799308035157178,0.2472986418604109,0.041701849559440854
2020-09-09,0.024083464601712998,0.05836383190112232,0.0197387358331496,0.041701849559440854,-0.1472239169803102,0.03862509606797276,-0.010453284497447925,-0.028418359073508908
2020-09-10,0.009936744616536014,0.016196453936699193,-0.03457249845356668,-0.028418359073508908,-0.2531910727537451,0.05076895239026577,-0.3465649314003884,-0.006546170703618142
2020-09-11,0.00887128908045092,0.015749164969638813,-0.020314953656617098,-0.006546170703618142,-0.05332349853979108,0.03606411862625586,-0.40537963970906143,0.006740963756674642
2020-09-14,0.001028763956163147,0.025023681730317195,0.0,0.006740963756674642,-0.10147786363358635,0.025023681730317195,-0.40340213056028956,0.01627306050394048
2020-09-15,0.014547266149501152,0.02105135708511725,0.007372536799695727,0.01627306050394048,-0.3306405392233309,0.013678820285421387,-0.5961299373962345,-0.01802719341225137
2020-09-16,0.008774478636094962,0.008916899317035652,-0.020028725285342813,-0.01802719341225137,0.1876311103323266,0.028945624602378425,-0.23768133729935328,-0.010491317693579829
2020-09-17,-0.024686516162842377,-0.003517523838462858,-0.02513648659964144,-0.010491317693579829,0.25605601246888976,0.021618962761178608,0.14156113899904907,-0.012497084307247754
2020-09-18,-0.0005422622623384291,0.003640255096324972,-0.03337319236496397,-0.012497084307247754,0.48472835927341057,0.03701344746128897,0.6361626554468214,0.010671900035552425
2020-09-21,-0.016097721395655535,0.011510954632510721,-0.020213882114987456,0.010671900035552425,-0.3265572790461796,0.03172483674749814,0.17174120080726352,0.023808349578038176
2020-09-22,0.012365242580344321,0.02708139797352595,-0.00227369709256695,0.023808349578038176,-0.17280814620949111,0.029355095066092834,-0.05594506317334983,-0.0334827087539082
2020-09-23,0.002311451172202664,0.0032730483954878003,-0.03627836513726339,-0.0334827087539082,-0.08441769736543712,0.03955141353275115,-0.2042556134383871,0.012878508330391206
2020-09-24,-0.0036958898821011503,0.024523638586495276,-0.0069536757494880926,0.012878508330391206,0.012860160817835966,0.0314773143359833,-0.21480997290353046,0.022530841757281244
2020-09-25,0.001770176031349099,0.02838407518442931,-0.0032041491545211913,0.022530841757281244,-0.05823564211211665,0.031588224338950484,-0.25841563879486096,0.007764958150829673
2020-09-28,0.014616918801013009,0.022599024673006302,0.001154132241014731,0.007764958150829673,0.08362643837893519,0.0214448924319916,-0.029408116145501022,-0.010463296566082277
2020-09-29,-0.00042979219866634414,0.003003529554780121,-0.012636828258902551,-0.010463296566082277,-0.2786318334651967,0.01564035781368262,-0.25933157801413304,0.014703717340277263
2020-09-30,0.002265121726880851,0.02251789319175315,-0.0034799515154563957,0.014703717340277263,0.33406419622037453,0.025997844707209557,0.13577652804208842,0.010076032359870623
2020-10-01,0.01491228430192958,0.01725157603563294,0.004695872362874089,0.010076032359870623,-0.21963498803924764,0.01255570367275904,-0.10413826848775501,-0.029955681310295173
2020-10-02,-0.021215687251166404,-0.006943001929261144,-0.03311313742008635,-0.029955681310295173,0.19950111173675736,0.026170135490825162,0.12256570926941622,0.02011735687842852
2020-10-05,0.004982951072272131,0.020259940013666926,0.003824063955935019,0.02011735687842852,-0.44099796113937584,0.016435876057731856,-0.3434654844551978,-0.021476244615562693
2020-10-06,-0.007442770584337717,-0.0009511709305309472,-0.026783862114032143,-0.021476244615562693,0.2916179963301438,0.025832691183501212,0.02177824876763911,0.01885848988792063
2020-10-07,0.005569396642096261,0.020192008100817255,0.003926028594286075,0.01885848988792063,-0.10605222492540746,0.016265979506531202,-0.11481588850705096,0.0035679493309299344
2020-10-08,0.0032354440447793275,0.0064605259935432416,-0.007222293614271814,0.0035679493309299344,-0.25373993836045466,0.013682819607814992,-0.310320328309275,0.02453274251670854
2020-10-09,0.003081929848663414,0.024764415100828965,0.003081929848663414,0.02453274251670854,0.2835431956053047,0.02168248525216562,0.02791959918677335,0.025572613066100636
2020-10-12,0.013713955337283435,0.036622479546995,0.0046230030618052914,0.025572613066100636,0.4247898631768976,0.03199947648518972,0.5061686609451735,0.006572781650914833
2020-10-13,0.005944389920226724,0.017062337357890894,-0.00439084176542873,0.006572781650914833,-0.3347505957284215,0.021453179123319517,0.02570439165780456,-0.00901475497512262
2020-10-14,0.0006279971024889769,0.006083943812038238,-0.0168785910675977,-0.00901475497512262,-0.21193489442141672,0.022962534879635888,-0.1890370110290196,-0.005448106350590708
2020-10-15,-0.017170914384417275,-0.002266444008198495,-0.022204341903824493,-0.005448106350590708,-0.029840930868234302,0.019937897895625868,-0.2027789703560855,0.0
2020-10-16,0.0022281914454960346,0.011901892467710944,-0.0015490291009447904,0.0,0.13649897298130106,0.013450921568655665,-0.08624420082877565,-0.02507738299707095
2020-10-19,0.003453895924362422,0.011946921666339365,-0.027414160230652653,-0.02507738299707095,0.058429133514308555,0.03936108189699207,-0.024993982129171043,0.002005236200989786
2020-10-20,0.007348536930790893,0.014597418186789226,-0.005288935542757532,0.002005236200989786,-0.19403113897692356,0.01988635372954674,-0.12402084353341142,0.0006986106063126927
2020-10-21,-0.007153401794906116,0.010519847295872431,-0.007153401794906116,0.0006986106063126927,-0.0012577401038831417,0.017673249090778585,-0.07596261647032153,0.00041888961202366865
2020-10-22,-0.004058552370346942,0.0058487587470226554,-0.01453721311681205,0.00041888961202366865,-0.01656780671232906,0.02038597186383473,-0.08683031383821574,0.006216369772759204
2020-10-23,0.000651281146228683,0.00644759241554516,-0.008083191845494159,0.006216369772759204,-0.16881145884924664,0.014530784261039306,-0.2525063041864803,-0.028854216956457485
2020-10-26,-0.011067773012907563,0.0005085910476474603,-0.038323873497618594,-0.028854216956457485,0.6758476151541629,0.038832464545266274,0.48423214212443155,0.014976767101314792
2020-10-27,0.007162003310150915,0.021613537465898055,0.0011893153221401252,0.014976767101314792,-0.011144659792368365,0.020424222143758053,0.3933850599328379,-0.05083684190094001
2020-10-28,-0.02651491383403711,-0.02089679536491556,-0.053702531761740564,-0.05083684190094001,0.33286866143858806,0.032805736396825054,0.6195211181423532,0.010014853343478501
2020-10-29,0.006834763660862945,0.022828071636500635,0.003398611630632758,0.010014853343478501,-0.48780801995198075,0.019429460005868097,-0.05614062242152105,-0.011051464361845486
2020-10-30,-0.0059771929316773656,-0.002102677679160164,-0.025227663016424495,-0.011051464361845486,0.16182020679835904,0.023124985337264408,0.05249252574069981,-0.0006916966115356919
2020-11-02,0.008948786682685329,0.01378316146831739,-0.011674571231900441,-0.0006916966115356919,-0.18078189562079225,0.02545773270021791,-0.22640673008195308,0.020061299561152764
2020-11-03,0.007680592894403372,0.028214776119632023,0.0038968765164235377,0.020061299561152764,-0.11426160894824441,0.02431789960320846,-0.30771345075776085,0.04712099596098349
2020-11-04,0.03610815215966115,0.05600057354607268,0.02860410187132188,0.04712099596098349,0.43044373383108836,0.027396471674750945,0.17307942231900558,0.031389012608920595
2020-11-05,0.02577518322168131,0.035099268547402786,0.02175884435226802,0.031389012608920595,-0.1593245401518463,0.01334042419513473,0.06497124473978898,0.0019239304377726555
2020-11-06,-0.004623501929539054,0.004780562388545387,-0.023838682570831035,0.0019239304377726555,-0.3576323998176845,0.028619244959376375,-0.3197815424102955,-0.02411282292787241
2020-11-09,0.003213146350763875,0.019476509473983876,-0.02645080048374316,-0.02411282292787241,0.5650177834927674,0.04592730995772716,0.3151042393771325,-0.034376952796656784
2020-11-10,-0.017972714113831077,-0.008691905039358282,-0.04050913895693784,-0.034376952796656784,-0.007912741519841091,0.03181723391757961,0.22683749531520367,0.025915982068013887
2020-11-11,0.006518704721179085,0.03277300171892751,0.005623712113120111,0.025915982068013887,-0.4028326415599341,0.027149289605807536,-0.266008749319371,-0.005139021917730107
2020-11-12,0.0030431766719094303,0.011752407851923474,-0.0096982096553428,-0.005139021917730107,-0.3099706000062842,0.021450617507266168,-0.5066140993878706,0.004954250545351106
2020-11-13,0.004261229988696577,0.0091484985185846,-0.0059590435235573665,0.004954250545351106,-0.14811552103215955,0.015107542042141958,-0.5704330575802999,0.00331997002004384
2020-11-16,-0.007603539015740532,0.00566500530024158,-0.009233716349781079,0.00331997002004384,0.292710731614333,0.014898721650022711,-0.23675782051083027,-0.012833408303007708
2020-11-17,-0.005215388644144183,0.002069380427341941,-0.014606894907928391,-0.012833408303007708,-0.03255194003477243,0.016676275335270316,-0.13809101332567456,-0.015886054885754806
2020-11-18,-0.0037841385757075973,0.0033051327576378523,-0.016596981942194954,-0.015886054885754806,0.1609768018104459,0.019902114699832798,0.17773725755827155,0.006328221061257963
2020-11-19,0.0014202674687287047,0.009195777919755939,-0.005463110284793758,0.006328221061257963,-0.13488168475473972,0.014658888204549707,0.05188893564905951,-0.009602489957540051
2020-11-20,-0.0010362264750542703,0.004087272301863768,-0.011457907555951777,-0.009602489957540051,-0.08190015262848023,0.015545179857815417,-0.056827113790726067,-0.001331742310008127
2020-11-23,0.002658175787731808,0.008990284502106542,-0.010655915958923437,-0.001331742310008127,0.11719965999676915,0.01964620046103001,0.026045367827218495,0.017690392176615565
2020-11-24,-0.002477982093533385,0.01951235147201689,-0.005967032032169694,0.017690392176615565,0.27991452511240766,0.025479383504186482,0.3001406734668802,4.673278440872522e-05
2020-11-25,0.00582792985261166,0.006664327105523621,-0.006567831230003534,4.673278440872522e-05,-0.4806267526405644,0.013232158335527171,-0.25566428662091983,0.006338872958515135
2020-11-27,0.004571807662371429,0.01115931587291783,0.000794551108858734,0.006338872958515135,-0.3701468598657508,0.010364764764059032,-0.5700364312746199,-0.005404105372151475
2020-11-30,-0.0052639798219954615,-0.002186103949195769,-0.020607669307545155,-0.005404105372151475,0.8234795974406427,0.01842156535834937,0.3369564940886587,0.009947090103727255
2020-12-01,0.0020532331667879877,0.015067856832522129,-0.0033690603112572896,0.009947090103727255,-0.06756746804787553,0.018436917143779583,0.1863340615038738,-0.003892732072225663
2020-12-02,-0.006170433158621539,-0.003428494275541239,-0.015897416848530965,-0.003892732072225663,-0.2643935349101673,0.012468922572989656,-0.1179612696353604,-0.00526054900166405
2020-12-03,-0.0035350263073678514,0.004678687240579549,-0.008018323062552228,-0.00526054900166405,0.05719189952534801,0.012697010303131594,0.019175632993410453,0.0005599398908722401
2020-12-04,-9.337754825206728e-05,0.005307024988323594,-0.0049600626790770866,0.0005599398908722401,-0.01827439183987094,0.010267087667400565,-0.03189410552400132,-0.0003266409697331321
2020-12-07,4.662378157488681e-05,0.005489628545660818,-0.006411605432747583,-0.0003266409697331321,-0.0018666563874888526,0.011901233978408522,-0.11048651042795743,0.007994470974446088
2020-12-08,-0.0014943825203572658,0.012336691673481757,-0.006554608983570553,0.007994470974446088,-0.05578839656133219,0.01889130065705223,-0.10288202358948798,-0.01968222990269973
2020-12-09,-0.003942723053240808,-0.0036174735532711385,-0.022471746494993814,-0.01968222990269973,0.3316400005655342,0.018854272941722705,0.28963008961874503,-0.00606176679560689
2020-12-10,-0.00014164732548729378,0.006025243066088609,-0.006822095953377414,-0.00606176679560689,-0.19350074543972062,0.012847339019465972,0.02680164564490015,0.012931372051596291
2020-12-11,-0.002235068636264381,0.01321273928644608,-0.006720248562861532,0.012931372051596291,0.14741248814662083,0.019932987849307523,0.16189973431401578,0.004398090934440593
2020-12-14,-0.0007504850858453502,0.013738135825014899,-0.001783403225614347,0.004398090934440593,-0.07300263742433198,0.015521539050629425,0.0420882017708939,-0.00032681374525932546
2020-12-15,0.0045182610891420965,0.005679458656282176,-0.009192408055077914,-0.00032681374525932546,-0.06446074206343633,0.014871866711360105,-0.05218924335685068,0.023766116406507283
2020-12-16,0.0028912308432111956,0.027544094145797778,0.0027515294472560178,0.023766116406507283,0.2601544663060251,0.024792564698541863,0.18217161072229793,0.0006382466167076644
2020-12-17,0.0026869939704822934,0.007315390857927172,-0.0062214318689303395,0.0006382466167076644,-0.0742874292383158,0.01353682272685736,0.09034341677358666,-0.0037898807557829022
2020-12-18,-0.0037898807557829022,0.0012297798096796574,-0.015616677275960378,-0.0037898807557829022,0.6670261267948883,0.016846457085640133,0.7191779959137694,0.01813368546166933
2020-12-21,-0.004769089094051106,0.02444823956645421,-0.006010973536365247,0.01813368546166933,-0.5329301681112313,0.0304592131028194,-0.004205560374910359,0.006046671983851036
2020-12-22,0.000449183010560743,0.013565013396960776,-0.0033299924134342134,0.006046671983851036,-0.4973325000959432,0.016895005810395,-0.5454642932543471,-0.013124955242817177
2020-12-23,-0.0037132436151343933,-0.0016983462531950466,-0.014120841509799052,-0.013124955242817177,-0.18998745037763243,0.0124224952566039,-0.712699063289747,0.007796851859629689
2020-12-24,0.001808127670432496,0.011650251238301625,0.0008140413605172078,0.007796851859629689,-0.5723194029145948,0.010836209877784454,-1.195526719420529,0.009872572116096377
2020-12-28,0.0076028852804180674,0.014617662073954131,0.0012114063435962191,0.009872572116096377,0.5304877417939032,0.013406255730357721,-0.5303950093240951,-0.003607195095170284
2020-12-29,0.0059830915377547585,0.009819984096543596,-0.006153338435128456,-0.003607195095170284,-0.03001637477929165,0.015973322531672062,-0.20652932650858835,-0.011080575856723288
2020-12-30,0.0048066399721174505,0.006581067775371055,-0.012028297728269272,-0.011080575856723288,0.15260132484900857,0.018609365503640334,0.1504993248798042,0.003332610643155092
2020-12-31,9.023534188580956e-05,0.005936903944997276,-0.009062958835859575,0.003332610643155092,0.03250606474052658,0.014999862780856982,0.21020598694335316,-0.021495434530372504
2021-01-04,0.0004944403341813552,0.0026042933018420537,-0.034813573037813246,-0.021495434530372504,0.5726664744783457,0.03741786633965537,0.7567894723958054,0.0009641703120427187
2021-01-05,-0.0019772759061256195,0.0038055194514198987,-0.00918350438095214,0.0009641703120427187,-0.443776460844146,0.012989023832371964,0.04669137333563581,-0.02627138874849018
2021-01-06,-0.026648382445051903,-0.006491831566853821,-0.027732986673929625,-0.02627138874849018,0.41094058268121214,0.021241155107075776,0.40712216747086183,0.028059598038172897
2021-01-07,0.008398056884298514,0.03285819544456618,0.006855162026426497,0.028059598038172897,-0.2603582457406253,0.0260030334181398,0.002706723658877339,0.006074334706932716
2021-01-08,0.0017850173043079513,0.01043602594946255,-0.005788836021317404,0.006074334706932716,-0.18764578499438692,0.016224861970779873,-0.2372903180076618,-0.009745860219205057
2021-01-11,-0.0052500470110516725,-0.0032380547620885695,-0.0132464384495399,-0.009745860219205057,0.003266107823234998,0.010008383687451368,-0.24776997395029643,-0.01184053807540187
2021-01-12,-0.004562350274812598,-0.0017947927192670337,-0.01935947765053491,-0.01184053807540187,0.009420863702624413,0.01756468493126795,-0.1379067773832585,0.006538867632623361
2021-01-13,-0.0042428710801953595,0.008478365713809806,-0.004663535170154017,0.006538867632623361,-0.14619720606902104,0.013141900883963806,-0.2797952651451819,-0.015465149202940598
2021-01-14,-0.001989556125479042,0.0051637291690571265,-0.016780438630038804,-0.015465149202940598,0.3836613860107735,0.02194416779909583,0.2308459290389118,-0.0017384850741619803
2021-01-15,0.002344447034282547,0.0069702536484102596,-0.004658309734397832,-0.0017384850741619803,0.07404327904677403,0.011628563382807955,0.2897394270403297,0.017665791056887595
2021-01-19,0.005159514819393409,0.020157570706253253,-9.400401497369889e-05,0.017665791056887595,-0.040682225100198637,0.020251574721226965,0.17767698518571,0.035849357838788426
2021-01-20,0.005804570167957724,0.04229194996586549,0.003919451922792537,0.035849357838788426,0.2146081351936186,0.038372498043072835,0.33554121132076437,0.002804323514326202
2021-01-21,0.0016034237166545678,0.00869882423179158,-0.008595263734875572,0.002804323514326202,-0.20713959648321903,0.017294087966667156,0.026224815400847857,0.0043466569434689115
2021-01-22,0.009335320958525538,0.022416576872139108,0.003682599823396687,0.0043466569434689115,-0.01763125461153336,0.018733977048742478,-0.060015744446978034,0.01572001224265017
2021-01-25,0.013932140110175238,0.016808601761784985,-0.0076860041812792605,0.01572001224265017,0.094168521001298,0.02449460594306423,0.029842963376092723,0.012125048074865702
2021-01-26,0.010100009281072249,0.020056284550958918,0.0023933478974235765,0.012125048074865702,0.3941694833073314,0.017662936653535386,0.41531381222286545,0.0024503680152383246
2021-01-27,0.02411189100301155,0.03431180565640851,-0.00947096592523882,0.0024503680152383246,0.3513694135549782,0.043782771581647416,0.6576902664139581,0.025561440664492195
2021-01-28,0.011568747605222291,0.04096971018116267,0.009359253288750919,0.025561440664492195,-0.3525578452094526,0.03161045689241182,0.14188362663418658,-0.0296056193958813
2021-01-29,-0.01238113682459053,-0.0038158696438921978,-0.03223884961301317,-0.0296056193958813,-0.1445101002478284,0.028422979969120944,-0.08546213358496536,0.03261452818487098
2021-02-01,0.013275818366084373,0.0444367384252253,0.002024100962519511,0.03261452818487098,-0.24359328192784874,0.042412637462705925,-0.3809536430977085,-0.000584353439437777
2021-02-02,0.006861485140954655,0.011038387909582106,-0.004013851031884993,-0.000584353439437777,-0.2511116181377314,0.015052238941466973,-0.6327299115609788,0.014466296642802808
2021-02-03,0.000250533595505254,0.023030328388493008,-0.0010443429139614271,0.014466296642802808,0.04680323004491114,0.02407467130245438,-0.48576083194728303,-0.004082418421643033
2021-02-04,-0.0014001416252970432,0.0009871894946693975,-0.010882060793713556,-0.004082418421643033,-0.07102511077261132,0.011869250288382835,-0.3417116962066176,0.0007847935999302913
2021-02-05,0.0009086454662009409,0.005234013432515874,-0.006591638658863714,0.0007847935999302913,-0.33723865624933125,0.011825652091379544,-0.5353218501324463,0.0011141779000671198
2021-02-08,0.003914693229105583,0.006092040571307006,-0.005755587845549915,0.0011141779000671198,0.20721660389412186,0.011847628416856782,-0.15546250018353971,0.0053471789016892755
2021-02-09,-0.002477624870903183,0.009400119732374047,-0.0045055210004143155,0.0053471789016892755,0.059134379077420376,0.01390564073278821,-0.006869623932208079,-0.0039047170416023585
2021-02-10,0.005033035224134859,0.008781097023960606,-0.011884780095522523,-0.0039047170416023585,-0.06026955012813317,0.020665877119482978,-0.047120891315887335,0.006853972471864073
2021-02-11,0.008039384688262768,0.009549784921186735,-0.0027631146352675106,0.006853972471864073,-0.3425828061448655,0.012312899556454295,-0.34601141178569805,0.002042985056326553
2021-02-12,-0.002293161888902266,0.0033075329545103785,-0.007224733864697199,0.002042985056326553,0.05014636776914046,0.010532266819207629,-0.20621596784662882,-0.005279467698620681
2021-02-16,0.0001632312390223317,0.004642455664762329,-0.008485252315491758,-0.005279467698620681,0.4786738399816062,0.013127707980254281,0.28724393460291636,0.0020496010710837438
2021-02-17,-0.009814064185349632,0.0024999526030795834,-0.011389998137013939,0.0020496010710837438,-0.21056330765341633,0.013889950740093525,0.032623766460789606,-0.0016803777404888116
2021-02-18,-0.009876598377951212,-0.0011062803176920537,-0.013771694813258331,-0.0016803777404888116,-0.2463398355130551,0.012665414495566258,-0.19530682738596175,-0.011634721958955284
2021-02-19,-0.00016406156119805462,0.0002871211958409697,-0.014918559701324994,-0.011634721958955284,0.4004977724713518,0.015205680897166066,0.25768261189602,-0.027174242003858606
2021-02-22,-0.01484173256711332,-0.01269596749994418,-0.03621245076541945,-0.027174242003858606,0.3665313656685836,0.02351648326547536,0.5312391342706576,-0.005301608200358254
2021-02-23,-0.017985136311825557,0.001363648426745839,-0.024955957516130854,-0.005301608200358254,-0.18706460259899185,0.02631960594287654,0.17390799359804662,0.005472198509602818
2021-02-24,-0.014073836919353613,0.00823960377332834,-0.018474595721742905,0.005472198509602818,-0.13771449749928047,0.026714199495071318,0.009009434136412595,-0.023990439318433282
2021-02-25,-0.010586650082680261,0.00017049616865641846,-0.028849601746268994,-0.023990439318433282,0.4062911493243689,0.029020097914925557,0.3800253176393523,0.014695625299752532
2021-02-26,0.011031091023622527,0.027480364841449455,0.002398918536144522,0.014695625299752532,-0.044551545875606384,0.025081446305305018,0.18079904588555534,0.019432971063609073
2021-03-01,0.015033976773406784,0.02166732108025822,0.003308013308931973,0.019432971063609073,-0.4010643474955161,0.01835930777132619,-0.29682139284066494,-0.01304157028485463
2021-03-02,0.0002953563303689962,0.001518221471540423,-0.01483904648599363,-0.01304157028485463,-0.10444393133916981,0.01635726795753398,-0.33375261224320585,-0.027351455391839134
2021-03-03,-0.007338579635706153,-0.0012407458561496253,-0.02867067222707172,-0.027351455391839134,0.3999191641441486,0.02742992637092205,0.11385417929595586,-0.0036540657590962387
2021-03-04,-0.0036099183376581867,0.021433307823442153,-0.014607860615708004,-0.0036540657590962387,0.2733674367554797,0.03604116843915023,0.3378174503713523,0.02125190865781029
2021-03-05,0.012230326893150643,0.02843673588125896,-0.0011915048617972732,0.02125190865781029,-0.06595878079067388,0.029628240743056106,0.23986979842668182,-0.018345169760996073
2021-03-08,-0.0009936324368571637,0.007613383911206782,-0.019489209771333747,-0.018345169760996073,-0.17167742696091592,0.027102593682540466,0.043880241639887275,0.027713894666496982
2021-03-09,0.02385671811290484,0.034534647902359314,0.01864733508712027,0.027713894666496982,-0.06401503957645174,0.015887312815239207,-0.07738248296030825,-0.005834425041522192
2021-03-10,0.013679644177096089,0.013679644177096089,-0.007470755294265953,-0.005834425041522192,-0.10622242173318551,0.02115039947136201,-0.2394711305527762,0.020062462632794858
2021-03-11,0.010869243548362858,0.028628516578389447,0.008098942591271882,0.020062462632794858,0.005391065519119565,0.020529573987117626,-0.2111568990768146,-0.005836613035740749
2021-03-12,-0.013244708536044177,-0.005539701342266865,-0.016583461725715037,-0.005836613035740749,-0.27778943470384143,0.011043760383448172,-0.40530235470878273,-0.003995255426079728
2021-03-15,-0.0033566060486913026,-0.0023782130192014205,-0.016853861431892957,-0.003995255426079728,0.13911475162780443,0.014475648412691519,-0.14612323413946238,0.012274805473618445
2021-03-16,0.006240871185205985,0.02211221583972779,0.004800879673781644,0.012274805473618445,0.07605401211185299,0.017311336165946125,-0.006829064674381924,-0.0028225966195694046
2021-03-17,-0.006584301064906522,0.0035274731939585807,-0.019026398737513064,-0.0028225966195694046,0.05100117776917345,0.02255387193147168,0.08008127130674973,-0.02702401555410974
2021-03-18,-0.01908062918887878,-0.012096112812882238,-0.028715803777021005,-0.02702401555410974,0.16407207780775834,0.016619690964138806,0.2455080224856885,-0.0016049415087976394
2021-03-19,0.0012994459670080496,0.007556330307555545,-0.005955611732013015,-0.0016049415087976394,0.2873956650643888,0.013511942039568518,0.49739216020648125,0.024189536644974433
2021-03-22,-0.0003473658549649977,0.02803816752200921,-0.0009121011354044996,0.024189536644974433,-0.43253909872877605,0.02895026865741383,-0.09080028652253032,0.006714962044898083
2021-03-23,0.006336085931568702,0.021214938988296676,0.004566032546288771,0.006714962044898083,0.048949793072085176,0.016648906442008057,-0.0663554665134977,-0.008963340404617751
2021-03-24,0.0011358319709853675,0.001766257102973363,-0.009558095447740713,-0.008963340404617751,-0.21099437305908153,0.011324352550713984,-0.29811068031758714,-0.013339275840409831
2021-03-25,-0.0006797674609204217,0.0062658786666301754,-0.016658840905481722,-0.013339275840409831,0.2848022579278282,0.022924719572111833,0.009796552078849607,0.01766181936946116
2021-03-26,-0.0034059542170203298,0.018633991238084884,-0.0034059542170203298,0.01766181936946116,-0.2902895515399441,0.022039945455105295,-0.27591030230995073,-0.005257326749861754
2021-03-29,0.0004650500525464833,0.0013522962044063974,-0.019643602163905562,-0.005257326749861754,-0.009955236692932565,0.020995898368311956,-0.15256532483090388,-0.01451565578032616
2021-03-30,-0.007295749656716935,-0.005926382671047391,-0.017755749252026193,-0.01451565578032616,-0.01741364887109967,0.01182936658097889,-0.13606388016824505,0.01676613450475454
2021-03-31,0.004561491411849882,0.03079126282857319,0.0023263550029166756,0.01676613450475454,0.5650749754918477,0.028464907825656423,0.4784163282311944,0.027526215808597678
2021-04-01,0.011386749704525346,0.029546003514393248,0.00962397679284463,0.027526215808597678,-0.36319494380781414,0.01992202672154866,-0.009806071070423816,0.027351023384778784
2021-04-05,0.001690290863592908,0.030917944444547554,0.0014431126822583916,0.027351023384778784,0.1960977204975506,0.0294748317622891,0.2109018649390767,-0.00486993776166469
2021-04-06,-0.005879080678895156,0.0013239979122606474,-0.008831602467947125,-0.00486993776166469,-0.4759698183490492,0.010155600380207812,-0.33876397954411575,0.008196740317860973
2021-04-07,-0.0002017594452446652,0.0123099134866207,-0.002706791531720682,0.008196740317860973,-0.009292163320677746,0.01501670501834148,-0.33368538477033804,0.013316329711718325
2021-04-08,0.011419187830168313,0.016824480457678627,0.00836827409434877,0.013316329711718325,0.0390771479551349,0.008456206363329763,-0.2814562237084992,0.010214215978143645
2021-04-09,-0.0015016397608685157,0.010761259546320645,-0.0032035367415202227,0.010214215978143645,0.029264684326418405,0.013964796287840874,-0.11549487465145926,0.00023447537018809518
2021-04-12,-0.0044656896566672545,0.00708838945144248,-0.004819140650298822,0.00023447537018809518,0.10975053981842092,0.011907530101741259,0.03928427622785949,0.010031136224041977
2021-04-13,0.005261450133581854,0.012735558429213771,0.003588500662800671,0.010031136224041977,-0.13006919217074098,0.009147057766413029,-0.013044284750921177,-0.011282386921870806
2021-04-14,-0.003914880848086181,0.001314452957888116,-0.012966156975204085,-0.011282386921870806,-0.03268788779830083,0.014280609933092183,-0.053203833938150674,0.015182118826647798
2021-04-15,0.00911361810337381,0.016837752040232686,0.00833798416605551,0.015182118826647798,0.10509391054718295,0.008499767874177206,0.0490082739940369,0.004767002175191005
2021-04-16,-0.00011560891481091996,0.005763704716750134,-0.007348684681973246,0.004767002175191005,-0.02965799748412517,0.013112389398723261,0.003072411762294552,-0.007700046034383669
2021-04-19,-0.0021115620334931193,0.0028341359793341366,-0.011262009357911499,-0.007700046034383669,-0.0694549357737987,0.014096145337245642,-0.07082224477446807,-0.0018567915150923345
2021-04-20,-0.0035619633235278105,0.005626954245685732,-0.007370350079232661,-0.0018567915150923345,-0.16277266323156578,0.012997304324918397,-0.20145830180310761,0.008942997012945576
2021-04-21,0.002629516827306139,0.009326706135932334,-0.003918492517499263,0.008942997012945576,0.19753929828324923,0.013245198653431456,0.030787368058405647,-0.013172467217247035
2021-04-22,-0.0014208997678461794,0.0045945874558815,-0.019139661850066218,-0.013172467217247035,0.06351481419367927,0.023734249305947596,0.0861005069777164,0.015357534483265269
2021-04-23,0.002756982349498997,0.016735164007455026,0.0003886773451583323,0.015357534483265269,-0.1765226241606607,0.016346486662296482,-0.09024077584398651,0.0015304916341129216
2021-04-26,0.0019510335677868917,0.004927562268776261,-0.0037596163941290774,0.0015304916341129216,-0.0824852030775168,0.00868717866290531,-0.14320925420595906,0.001604574903211174
2021-04-27,0.00011468958308554862,0.006250790939879149,-0.005482378915168545,0.001604574903211174,0.45061848169707036,0.011733169855047609,0.338095003414612,-0.02869344304916043
2021-04-28,-0.022740154822041236,-0.020945366867900793,-0.03503816937466937,-0.02869344304916043,0.4136386072271239,0.01409280250676861,0.6545118058442981,-0.008085724861435134
2021-04-29,0.0035293128973259516,0.006031462039241836,-0.02208365853407812,-0.008085724861435134,-0.14458667741155756,0.02811512057332,0.3379310350046245,-0.0013077409358854466
2021-04-30,-0.011030431454820109,0.0022548213764154845,-0.01159116918889084,-0.0013077409358854466,-0.27128242721138546,0.013845990565306271,-0.031846083789328974,-0.0012697092003884016
2021-05-03,0.004826154599086964,0.008568206063831378,-0.004212196111907505,-0.0012697092003884016,-0.4553288777183205,0.012780402175738987,-0.5448446213892356,-0.016291793840414334
2021-05-04,-0.003539965061016055,-0.002584110556075636,-0.02451795239351139,-0.016291793840414334,0.5122034152714791,0.021933841837435686,-0.03183303019530565,-0.00534129898564271
2021-05-05,0.005112235329857595,0.0068773290309109645,-0.0079819955787799,-0.00534129898564271,-0.4025432084878205,0.014859324609690971,-0.44462587688091487,0.013140029958661351
2021-05-06,-8.1166406500969e-05,0.013660476271437879,-0.007248173950878392,0.013140029958661351,0.19026283173437752,0.02090865022231603,-0.09611321457092681,0.010872529784820154
2021-05-07,0.009643807183161383,0.01813436729501335,0.005749676286726793,0.010872529784820154,0.020245815206039377,0.012384691008286725,0.025812579286472074,-0.021136060388026175
2021-05-10,-0.006317989708271509,-0.0028957793408084347,-0.021378818067047244,-0.021136060388026175,0.08052946031622682,0.018483038726238757,0.13649287768866447,-0.003850745402275752
2021-05-11,-0.010696987066033824,-0.002349171049559824,-0.018826427819097637,-0.003850745402275752,0.13817929335146054,0.016477256769537697,0.20171340097568766,-0.029802489196688608
2021-05-12,-0.016626089816819175,-0.007541630259413619,-0.03370126228880252,-0.029802489196688608,0.08658820017419662,0.02615963202938882,0.2818813789940293,0.01672133555614924
2021-05-13,0.011647398870181508,0.02724066919292439,0.010074595756950874,0.01672133555614924,-0.21375662608942106,0.01716607343597332,-0.03338429740570082,0.02084848994971625
2021-05-14,0.010437879700748132,0.02499060998977169,0.010071348096065063,0.02084848994971625,-0.21467048750120538,0.014919261893706683,-0.26830671076454116,-0.01204077264335144
2021-05-17,-0.006468552389395613,-0.006306353880777333,-0.01883428521945563,-0.01204077264335144,0.04375863088819401,0.012527931338678366,-0.20430529534757408,-0.008601989994145682
2021-05-18,0.004435907582945738,0.005004225319252821,-0.00934279391358698,-0.008601989994145682,-0.2135859239855203,0.014347019232839722,-0.3892131708347144,0.00016451372469786346
2021-05-19,-0.015630842410587705,0.0006168653821376427,-0.018602079555528773,0.00016451372469786346,0.24394124224440517,0.01921894493766662,-0.05037289488165581,0.013725708429930355
2021-05-20,0.00344917642403907,0.01967197210260952,0.0030391641104189474,0.013725708429930355,-0.1660963527587555,0.01663280799219059,-0.13214951931593064,-0.005328996948996394
2021-05-21,0.004412562933122311,0.007477677221537585,-0.007084391952088276,-0.005328996948996394,0.0028582048507246388,0.014562069173625736,-0.06433782039970824,0.02262421588925553
2021-05-24,0.010629746155151715,0.024138360821180427,0.009499123033711471,0.02262421588925553,-0.020872123355249305,0.014639237787468963,-0.06757374857543638,0.0037413076134148312
2021-05-25,0.003939933410855189,0.007824802005814629,0.00015952370223236374,0.0037413076134148312,-0.19012061293847496,0.007665278303582072,-0.22613247710616172,-0.000914114347830455
2021-05-26,-0.0011527718595070165,0.004834952595765187,-0.0038609366661362075,-0.000914114347830455,0.003794129577222347,0.00869588926190151,-0.1998893689010962,-0.00870615691348814
2021-05-27,-0.0012732557399428909,-3.9802634757873884e-05,-0.00894684031840295,-0.00870615691348814,0.31805464920628124,0.008907037683645008,0.19442718863741146,0.0014829763812379318
2021-05-28,0.006755846884921483,0.011049412465940699,0.00100226521288012,0.0014829763812379318,-0.29038500947427554,0.010047147253060515,-0.12173382269101053,-0.009173633340350313
2021-06-01,0.006188768580555096,0.006427555336069612,-0.010953661248145823,-0.009173633340350313,0.23945407303700364,0.01738121658421549,0.15316380194950183,-0.0004042484200732406
2021-06-02,0.0029463867626191454,0.007530228197141336,-0.006325532361833158,-0.0004042484200732406,-0.17910702300379833,0.013855760558974563,-0.04387478953332518,-0.006450180803713396
2021-06-03,-0.008446415085444428,-0.0038895062204156393,-0.017540743527128536,-0.006450180803713396,0.26549032998445427,0.013651237306712923,0.20496361729297044,0.02046390272070973
2021-06-04,0.00830850742967237,0.02388720290441901,0.007298956975258422,0.02046390272070973,-0.0010516162649204636,0.016588245929160528,0.1333570257225575,0.01197003720361046
2021-06-07,-0.0032350112138089457,0.013072611769577192,-0.003915289641888419,0.01197003720361046,-0.0911253019961407,0.016987901411465653,0.034533459073554436,-0.004897478971834357
2021-06-08,0.0053048677376782505,0.008630598373840887,-0.005135115850933294,-0.004897478971834357,-0.027418472454394174,0.013765714224774003,-0.035118653799904226,0.00403030815143251
2021-06-09,0.00489747897183444,0.011651347787096719,0.002530743459475126,0.00403030815143251,-0.2246142381225093,0.009120604327621424,-0.2531906589121407,0.01429068813569064
2021-06-10,0.002756546451089735,0.015145559874287454,0.0003154273255700247,0.01429068813569064,0.31436660392454,0.014830132548717408,0.0739736986720067,0.0025237309141896667
2021-06-11,0.0029113233242184645,0.004847507397593642,-0.0024520978044911454,0.0025237309141896667,-0.256842482773631,0.007299605202084736,-0.17632368649654567,0.007725326716385213
2021-06-14,3.869500332604111e-05,0.00795615757111202,-0.004235669937125804,0.007725326716385213,0.007905635378276907,0.012191827508238015,-0.11139008067210643,-0.005904616467653577
2021-06-15,-0.0004619390988496878,0.0003846102417132281,-0.008540044334903534,-0.005904616467653577,-0.0597982877807447,0.008924654576616625,-0.1337930151512709,-0.0038002934297558006
2021-06-16,0.004017343886490604,0.0085559597781098,-0.015367466935405397,-0.0038002934297558006,0.41142146005768665,0.023923426713515245,0.321403245656461,0.013583557711863616
2021-06-17,-0.005102737831987449,0.016836238713908033,-0.005337066674613494,0.013583557711863616,0.012612993598131601,0.02217330538852153,0.24412448586279759,-0.005650280281874063
2021-06-18,-0.004879609384977717,0.005351671585791013,-0.008274824169023007,-0.005650280281874063,0.2998029084939073,0.013626495754814115,0.5165044654512652,0.012259327662258474
2021-06-21,0.0015022232904466158,0.01564233627192101,-0.005837377086840498,0.012259327662258474,-0.33185041199376936,0.021479713358761598,0.03277106869890922,0.010906325407763625
2021-06-22,0.0003426147814804345,0.011960339319184816,-0.0008761823194018533,0.010906325407763625,-0.07795313861754079,0.012836521638586573,-0.10195252586506123,-0.0009044077352786708
2021-06-23,0.0018061358390584164,0.004959159638319586,-0.0040760032461547736,-0.0009044077352786708,-0.23519136829752743,0.009035162884474477,-0.38467290908264773,0.005338810524917024
2021-06-24,0.0033495116678023008,0.009679011312563811,0.0007537107441687344,0.005338810524917024,0.09420713237865108,0.008925300568395004,-0.23525608754807492,-0.006281690944612318
2021-06-25,-0.0017263062287932607,0.002097605578766326,-0.007263152190846734,-0.006281690944612318,0.177445738475738,0.009360757769613127,-0.011664893625738821,0.013864696464919557
2021-06-28,0.004405095305247949,0.014534287194955763,0.0033526660553732115,0.013864696464919557,-0.26800661930446096,0.011181621139582399,-0.18594693225067782,0.00992377506506928
2021-06-29,0.0005580234059351564,0.010844500682529137,-0.0027575579894133246,0.00992377506506928,0.017598195497352215,0.01360205867194257,-0.10622002038657721,-0.0018439983512272523
2021-06-30,-0.002619461218049477,-0.0001474262897930584,-0.0066543232344601355,-0.0018439983512272523,0.08268821288128744,0.00650689694466719,0.020319095230553984,0.0025806915964467787
2021-07-01,-0.004773310554098881,0.0034639178915224712,-0.004810324883232839,0.0025806915964467787,-0.2583830972619361,0.008274242774755343,-0.2580117772056478,0.0220308875478634
2021-07-02,0.004481845754330635,0.02329069553365279,0.003308195946314624,0.0220308875478634,0.45863602696703526,0.019982499587338356,0.24522488976619863,3.605109099447827e-05
2021-07-06,0.001367711442048429,0.006175744933166617,-0.012138952263774677,3.605109099447827e-05,0.17650934999411788,0.018314697196941312,0.41358655001437633,0.008142188953732499
2021-07-07,0.00624706818193806,0.010853509412617663,-0.0018385029524556461,0.008142188953732499,-0.305332772943788,0.012692012365073209,-0.00037138416679730106,-0.009006894012246087
2021-07-08,-0.01088313761496881,-0.004295935012580383,-0.01824130489057355,-0.009006894012246087,0.05676710771101469,0.013945369877993151,0.02824065242970262,0.001872620105039896
2021-07-09,-0.00614678929254872,0.002268257993955233,-0.007598567604598544,0.001872620105039896,-0.028925295102660533,0.009866825598553643,-0.025136432904571706,-0.0022331713573668834
2021-07-12,0.004379835424899205,0.006562525928994355,-0.004905210355045302,-0.0022331713573668834,-0.23373919396677428,0.011467736284039576,-0.315864724132543,0.013111431038538906
2021-07-13,0.0007208625889733034,0.019744642882793224,0.00025241052736519595,0.013111431038538906,0.3218673671527238,0.01949223235542797,0.06572651140653776,0.0054304512339007445
2021-07-14,0.004863926212147895,0.009492819253127989,-0.001531612837632646,0.0054304512339007445,-0.1222796175626398,0.01102443209076052,-0.011002814777690849,-0.005252561900145291
2021-07-15,-0.0018069118193278007,0.0,-0.009531754816524622,-0.005252561900145291,-0.022289785602222723,0.009531754816524641,-0.03203975229918679,-0.0009968272387435933
2021-07-16,0.003693872193921041,0.010864889486533375,-0.005602281781542037,-0.0009968272387435933,0.1471197372948733,0.0164671712680754,0.13249193252669433,-0.01341095174611939
2021-07-19,-0.0065037655924844485,-0.001354451611825502,-0.02269545414449444,-0.01341095174611939,0.22929867261341644,0.021341002532668903,0.3421899812692377,0.00830446232700609
2021-07-20,0.0036753752744628815,0.014194264540657664,-0.0027111552512208564,0.00830446232700609,-0.2265186950382011,0.0169054197918787,0.0025783695981877745,0.007419018791028032
2021-07-21,-0.0015048314502401831,0.007845349788853671,-0.0072941834388125576,0.007419018791028032,-0.07491649844256151,0.015139533227666074,-0.07340353218806699,0.016704129740972493
2021-07-22,0.008633563228727055,0.017682188941361473,0.007152820783767521,0.016704129740972493,-0.04106264191935875,0.010529368157593989,-0.1239602454346822,0.012261137634774022
2021-07-23,0.004289314340091256,0.0133651532201844,0.0012572834233542465,0.012261137634774022,-0.02669587076097255,0.01210786979682991,-0.1565315042630017,-0.0021427490692858095
2021-07-26,-0.0023157022537819575,6.900377358571758e-05,-0.010515266265562566,-0.0021427490692858095,0.017761141799007597,0.010584270039148172,-0.11275557866650932,-0.008721469010658666
2021-07-27,0.0013138049726960875,0.0018319096866577797,-0.02132939456638801,-0.008721469010658666,0.37152650806821996,0.023161304253045932,0.33699183201050437,-0.0011174221386277786
2021-07-28,0.008513879359112653,0.01251983731462257,-0.00950275221088177,-0.0011174221386277786,-0.0011076209615206987,0.022022589525504146,0.27645779259610537,0.000977786007152433
2021-07-29,6.983549585428303e-05,0.00835017694249991,-0.000489305099484507,0.000977786007152433,-0.6138621451563978,0.008839482041984401,-0.40720325675617225,-0.005565182378257931
2021-07-30,-0.0046529954014840925,0.0005583211153724288,-0.009081236727062302,-0.005565182378257931,0.14221208831860985,0.009639557842434919,-0.22603078903009552,-0.00031592627000057757
2021-08-02,0.005076355597523274,0.006507108656653063,-0.004115062310210054,-0.00031592627000057757,-0.25272730039303065,0.010622170966863093,-0.46477248041875396,0.00804280232664253
2021-08-03,0.0021043992112355758,0.00842589928604721,-0.002883189345329683,0.00804280232664253,0.09446373462763946,0.011309088631376975,-0.315466597597512,-0.002126756188792539
2021-08-04,-0.003139479685536506,0.0016356121608156805,-0.008639895878264452,-0.002126756188792539,-0.09915277882442076,0.010275508039080282,-0.27729311361130365,0.010450867664401954
2021-08-05,0.0012905532328373328,0.010830789520996508,-0.0014320522548170096,0.010450867664401954,-0.15257083242292088,0.012262841775813705,-0.2523476125021724,-0.00020725261954625477
2021-08-06,-0.0034945600678082203,-6.904429573797667e-05,-0.006584193827164241,-0.00020725261954625477,0.17685468069698893,0.006515149531426313,-0.02660253992087086,-0.003911477756655406
2021-08-09,0.001001393530619566,0.007194387109496289,-0.005716556970683049,-0.003911477756655406,-0.028846066599767767,0.012910944080179178,-0.0029637874883542284,-0.006576512270574471
2021-08-10,0.001628753817970359,0.003185755141199711,-0.01091487959079391,-0.006576512270574471,0.1441418132005346,0.014100634731993621,0.1430330817657921,0.0017789284329800183
2021-08-11,0.0026845270959182962,0.007720438963989612,-0.0020269694244410726,0.0017789284329800183,-0.2881512978981398,0.009747408388430715,-0.15421926086012577,0.009917500328336585
2021-08-12,-0.0011158246378416097,0.010469446468280545,-0.002128123952184607,0.009917500328336585,0.04246496657513616,0.012597570420464988,-0.08391345295327775,0.010435025954243829
2021-08-13,-0.0011392794734603738,0.010605705572135709,-0.0017613576363012754,0.010435025954243829,0.22574295950958456,0.01236706320843712,0.1335147969409343,0.005957971368932962
2021-08-16,0.0011603179683264528,0.006704472084578114,-0.009710705139101402,0.005957971368932962,0.20974274594740358,0.016415177223679685,0.3226830141779488,-0.005172961270678794
2021-08-17,-0.0075299470831404255,-0.003979439736696233,-0.012020427398355833,-0.005172961270678794,-0.11436282627276653,0.008040987661659603,0.13283753240574314,-0.008050524272492242
2021-08-18,-0.0035547550285190874,0.005919461986323796,-0.009634077004977652,-0.008050524272492242,0.08301591865471447,0.015553538991301531,0.1993928659630449,0.020562351794360088
2021-08-19,-0.0070415827100713275,0.02291834446510476,-0.007214751579223957,0.020562351794360088,0.31369546778105545,0.03013309604432864,0.42880500711080227,0.02525377218197132
2021-08-20,0.009891318571227183,0.03010468641652428,0.004337409331962884,0.02525377218197132,0.312911770827661,0.025767277084561467,0.5956389414592337,0.0009523934803204961
2021-08-23,-0.0036536153555061287,0.00341120961954987,-0.00828093771687084,0.0009523934803204961,-0.5810291400384353,0.011692147336420756,-0.16822660683448148,-0.0066856797716897415
2021-08-24,0.001213755549664901,0.0032770798457782096,-0.00873653928511648,-0.0066856797716897415,-0.22799318194923568,0.012013619130894824,-0.3986054381629511,-0.0020177151434192975
2021-08-25,0.005536139899507445,0.006488721069866468,-0.007296336621849526,-0.0020177151434192975,0.09594618809387143,0.013785057691715955,-0.28852970447287113,-0.009715642546299162
2021-08-26,-0.0033831525842612843,0.001389659771184947,-0.010183785584944753,-0.009715642546299162,-0.12438967815306133,0.01157344535612982,-0.39929079442915666,0.002104190370343738
2021-08-27,-0.00033442384528141434,0.00593374234067106,-0.007584980083411474,0.002104190370343738,0.24655453796953786,0.013518722424082452,-0.05564122500887673,0.012829385270985242
2021-08-30,0.00466013061258929,0.014902418327242125,0.00446086275406815,0.012829385270985242,-0.32409040422789787,0.010441555573173814,-0.21437786968986583,-0.005648491248559066
2021-08-31,0.0027302761208514055,0.0029929923100446795,-0.0069080786726668265,-0.005648491248559066,0.4748981649203783,0.009901070982711537,0.32665936357151276,-0.00016570310701918942
2021-09-01,0.0032740508266798684,0.010904937882046068,-0.0012927878612228384,-0.00016570310701918942,-0.32542386366946263,0.01219772574326888,-0.08084355584091156,-0.0022554412619592745
2021-09-02,0.001225189748191997,0.005056270295019938,-0.005481630155583132,-0.0022554412619592745,-0.15330470211974123,0.010537900450603167,-0.22416479122739189,-3.313768419273644e-05
2021-09-03,-0.0005314500617535624,0.0048033623021292516,-0.0029596607143150835,-3.313768419273644e-05,-0.09918058200220724,0.007763023016444416,-0.3097036888345233,-0.0031930512094311076
2021-09-07,-0.0004318023069383387,-0.0001661103224662071,-0.009810878271820974,-0.0031930512094311076,0.1526684994036529,0.009644767949354758,-0.07562939641228633,9.993097857975518e-05
2021-09-08,-0.0013334020982923795,0.0014314245074910483,-0.009068886660306445,9.993097857975518e-05,-0.13260385516978976,0.01050031116779747,-0.2171763451454379,-0.009908665736434018
2021-09-09,0.0020299022672542184,0.006408333290537215,-0.010750062504625676,-0.009908665736434018,0.2809102520480917,0.017158395795162817,0.19181699037582953,-0.005194320121724196
2021-09-10,0.00392839963747726,0.008942281627817952,-0.006310856042114017,-0.005194320121724196,-0.014843398481042231,0.01525313766993194,0.16557060964370202,0.004319219871014408
2021-09-13,0.006203021616550364,0.009524740378294656,-0.0055274219419871855,0.004319219871014408,0.18625353141560969,0.01505216232028182,0.3123689070499469,0.009383822724650928
2021-09-14,0.008616287911010618,0.014706720424393565,0.0037305858385696072,0.009383822724650928,-0.07912921314151397,0.010976134585823931,0.1352914116081176,0.01663920444088331
2021-09-15,0.01150829753011369,0.018278172874100565,0.0067485794124155256,0.01663920444088331,0.2604927118647821,0.011529593461685094,0.3479825977798276,0.0013113695764334196
2021-09-16,-0.0034835144130219756,0.0016061833897508737,-0.013408825506063617,0.0013113695764334196,-0.37183302139802493,0.015015008895814586,-0.14867007385320755,-0.017683800938400416
2021-09-17,-0.003446032284059775,-0.0023617449121974684,-0.018818256653505634,-0.017683800938400416,0.7496002026007036,0.016456511741308227,0.6042524290809727,-0.01874941736251224
2021-09-20,-0.01187537824859567,-0.003842347243890306,-0.03512468981496092,-0.01874941736251224,-0.07772280319545251,0.031282342571070626,0.3506439245488301,0.0016975051461042595
2021-09-21,0.004712002723149389,0.01094908468642572,-0.0007817546182542274,0.0016975051461042595,-0.5374366110890983,0.011730839304679908,-0.2898106758248955,0.012740739746120456
2021-09-22,0.00652555253718035,0.018218424390718024,-0.0009841273759104339,0.012740739746120456,0.17444245450229404,0.019202551766628512,-0.11878046533705887,0.0032768645777309807
2021-09-23,0.0009039370401433518,0.007740104698338634,-0.003522802518477137,0.0032768645777309807,-0.35849058715812093,0.011262907216816,-0.4656646550910512,-0.0007012454706024106
2021-09-24,-0.00444968550058864,0.0008008217200555701,-0.008818327109974355,-0.0007012454706024106,-0.21542532975736123,0.00961914883002982,-0.6746845710997683,-0.017455600594517798
2021-09-27,-0.01078111281544885,-0.009667440762884666,-0.021645659536277298,-0.017455600594517798,0.45206330771726116,0.011978218773392583,-0.02525317330643484,-0.036875248499102994
2021-09-28,-0.014966889401751777,-0.011590913860822187,-0.03959476216984204,-0.036875248499102994,0.6054741598418916,0.02800384830901994,0.7099578310843535,0.001691609494237049
2021-09-29,0.005557388659989892,0.011397833766220557,-0.0018003614526871498,0.001691609494237049,-0.4939123171853067,0.013198195218907652,0.036955576169048245,-0.007350847783801212
2021-09-30,0.0060030423053862225,0.013395743262831763,-0.00841561101034224,-0.007350847783801212,0.20480748262076096,0.021811354273173916,0.24391202908111223,0.025149279757021373
2021-10-01,0.0007091046550005028,0.02818860259414502,-0.002237194371550568,0.025149279757021373,-0.07234624656663541,0.030425796965695688,0.06862637409176935,-0.02093720717422804
2021-10-04,-0.005897717726508142,-0.004680622532434107,-0.031090608182156813,-0.02093720717422804,0.041166676737101726,0.026409985649722776,0.007761930770575249,0.019760464129936702
2021-10-05,0.003314773067998488,0.025423798972826792,0.003314773067998488,0.019760464129936702,-0.22664080971741385,0.0221090259048284,-0.2676808298261125,0.014951988117246077
2021-10-06,-0.01037364732078924,0.016724560895867532,-0.011318838133630207,0.014951988117246077,0.11370157734622155,0.028043399029497672,-0.03587601285781313,0.005918857939541129
2021-10-07,0.007037399733528427,0.011971416551302634,0.0027597519444307757,0.005918857939541129,-0.3152684806640315,0.009211664606871723,-0.3624421829189099,0.0
2021-10-08,0.004635652472838739,0.006052558611761424,-0.0037036324712477796,0.0,-0.14427247890265837,0.009756191083009208,-0.4220658739688566,-0.0021049613910737197
2021-10-11,-0.006567193113092814,0.010526041246594927,-0.007147770669095349,-0.0021049613910737197,0.08727615097925236,0.0176738119156903,-0.23833439381699445,-0.00459882627215069
2021-10-12,0.003765410890140435,0.004103967052087365,-0.0064100762567425775,-0.00459882627215069,-0.07110072160710607,0.010514043308829891,-0.20583458705807098,0.011643209865082639
2021-10-13,0.006907251980259237,0.01491146603553574,0.00208054837961684,0.011643209865082639,0.26450052824760284,0.012830917655918676,0.12434751982796652,0.021501187084421183
2021-10-14,0.009739444094640198,0.023217266259067077,0.005116613492928293,0.021501187084421183,0.15209444252867943,0.018100652766138557,0.3218144810751661,0.004810841872585591
2021-10-15,-0.001355182625193307,0.005599527716737028,-0.00739311148996942,0.004810841872585591,-0.07137623388902642,0.012992639206706515,0.1835741136302291,0.010073730618119526
2021-10-18,-0.0021059737690575266,0.013063116792838218,-0.005009036767366997,0.010073730618119526,-0.11049572861402333,0.018072153560205126,0.002729719136653408,0.003054338258223289
2021-10-19,0.003443566307710781,0.006519685300478086,-0.00022784762952301191,0.003054338258223289,-0.2511020126493335,0.006747532930000946,-0.2781931809761956,-0.0026639197896083946
2021-10-20,0.0031743368999927832,0.004757833212690683,-0.00690182655549716,-0.0026639197896083946,-0.06694648674066483,0.011659659768187901,-0.34263583778041967,0.01083856811467215
2021-10-21,-0.0007809894233456783,0.011674810077127052,-0.0034215401655884768,0.01083856811467215,0.02277771303272801,0.015096350242715465,-0.2589807352173746,-0.005161987423170496
2021-10-22,-0.001159172861518226,0.0010613061027602104,-0.0095707597613866,-0.005161987423170496,0.030915478502121,0.01063206586414681,-0.12891857959652153,-0.0033371663916019205
2021-10-25,0.0006466458642366274,0.0007759643280010534,-0.008771740816659714,-0.0033371663916019205,0.006010794070150422,0.009547705144660686,-0.03957668385353243,0.006405238319817663
2021-10-26,0.00927112448681278,0.013762610735607245,0.0015241720147192272,0.006405238319817663,0.4707190017771112,0.012238438720887987,0.4894805920581255,0.0412515160943786
2021-10-27,0.018815187574673164,0.050277075499733544,0.018815187574673164,0.0412515160943786,0.6264719386893881,0.03146188792506049,1.0017093611328187,0.0036446563701299883
2021-10-28,0.0035829324647147433,0.005246545171729631,-0.005616597638232855,0.0036446563701299883,-0.6930121796803332,0.010863142809962489,-0.008545060578561954,0.022166521872359356
2021-10-29,-0.0006785135252167736,0.023311770439740857,-0.0013883911432914116,0.022166521872359356,0.27915080961238903,0.024700161583032225,0.20226694984646265,-0.006807996259059594
2021-11-01,-0.0007843669088519573,-0.0003921065504969873,-0.015958028208978344,-0.006807996259059594,-0.25009558901677986,0.015565921658481405,-0.16289738719413452,0.011351094755663451
2021-11-02,0.0028498759642597155,0.012311241596548074,0.0019109303704786204,0.011351094755663451,-0.021886486665133698,0.010400311226069606,-0.24281491853457426,0.0026081741309897134
2021-11-03,0.0023087098244260838,0.005299142729558109,-0.007472423184182561,0.0026081741309897134,-0.20860023573184383,0.012771565913740561,-0.4417723520648094,0.007278841374123499
2021-11-04,-0.0033288438938317943,0.007576045162108828,-0.013534260844194648,0.007278841374123499,0.10967119123840899,0.0211103060063035,-0.12640174894938713,-0.0011301261658208986
2021-11-05,0.006133828511487483,0.0069606372747477935,-0.0060221061639951085,-0.0011301261658208986,-0.06110275604420274,0.012982743438742964,-0.17042121757167047,0.0027635191576086257
2021-11-08,0.0036829976921731455,0.00472012975939109,-0.004832209603163077,0.0027635191576086257,-0.07702041348183643,0.009552339362554115,-0.1518801093094833,-0.0030908516405959213
2021-11-09,0.0003560157923180581,0.005120583647814291,-0.007326669346240797,-0.0030908516405959213,0.01944882222219015,0.012447252994055065,-0.08031487653252962,-0.015448449454025548
2021-11-10,-0.004116228572168239,-0.003936917282090319,-0.018112134173450506,-0.015448449454025548,0.17965931543905367,0.014175216891360221,0.14524877442276693,0.004915363335989611
2021-11-11,0.0013594510524418762,0.008938173848800326,-0.0008769806807680391,0.004915363335989611,-0.4143749583674781,0.009815154529568437,-0.3047663663243345,0.012822438503612067
2021-11-12,0.004472193957339491,0.014335933135981182,0.004082788735979332,0.012822438503612067,0.3466484668495004,0.010253144400001777,0.10642692268129657,-0.001932234695699944
2021-11-15,0.002432319036032824,0.003439089223025521,-0.008020922439688348,-0.001932234695699944,-0.3542022367422412,0.011460011662713982,-0.2594769221681587,0.010183937017947961
2021-11-16,-0.0011611900030098357,0.013594812807253859,-0.0016677020582314872,0.010183937017947961,0.22233236309441073,0.015262514865485235,0.0021270475092745526,-0.0011494177639380506
2021-11-17,-0.0016803226415508566,0.007862715079116416,-0.004457534926821051,-0.0011494177639380506,-0.09187181715564591,0.012320250005937462,-0.08570060336028373,0.006319908002008838
2021-11-18,-0.002775736193371406,0.009771684644182923,-0.00591507707392333,0.006319908002008838,0.16464620642318298,0.01568676171810616,0.14307858555820624,0.005377132120200505
2021-11-19,0.004006455410889552,0.011160327142270386,0.0027214764823949595,0.005377132120200505,-0.02251433814595441,0.008438850659875307,0.06449711978306104,-0.009605599712679902
2021-11-22,0.004391293778156653,0.018938838204265417,-0.010429877158925975,-0.009605599712679902,0.34561249578192593,0.02936871536319151,0.42841564144799954,-0.006346773271008991
2021-11-23,-0.008214201973255014,-0.0011187563465699778,-0.018622701155888263,-0.006346773271008991,-0.019639836135032198,0.017503944809318352,0.2763992476639001,0.0006809188900427427
2021-11-24,-0.004154537147345953,0.0014204873036291006,-0.011227173229370821,0.0006809188900427427,-0.33982283302284366,0.012647660532999814,-0.14286044751841945,-0.024657133860048374
2021-11-26,-0.01059123191960786,5.915309477389641e-05,-0.029400218421094953,-0.024657133860048374,0.11153586626650391,0.02945937151586879,-0.05198310315840166,0.020861954035451324
2021-11-29,0.01582895378100109,0.027966130625177055,0.015231617097313462,0.020861954035451324,0.1650665544769408,0.012734513527863766,0.0994276652782992,-0.01810549303179864
2021-11-30,-0.0038990972377361778,0.003410373526007543,-0.022957093366868908,-0.01810549303179864,0.40640642626795037,0.026367466892876557,0.4560495456944816,-0.0015439171753704067
2021-12-01,0.013639605002703335,0.025946795750343837,-0.0036364222910205885,-0.0015439171753704067,-0.25185021612174346,0.029583218041364417,0.12056695131044004,-0.0017890338129429764
2021-12-02,0.0006662867966386123,0.010277841972811978,-0.006931379572235475,-0.0017890338129429764,-0.08027570499512134,0.01720922154504742,0.02078793996419317,-0.019862662100823738
2021-12-03,0.007558843735754696,0.009695244885480998,-0.035400260714966644,-0.019862662100823738,0.30599081742654743,0.04509550560044752,0.26810425885465367,0.009796728433449826
2021-12-06,0.002905907848871057,0.013652096214199178,-0.01177143219209594,0.009796728433449826,-0.3301175432261272,0.02542352840629517,-0.16630231108019586,0.02641169626621196
2021-12-07,0.0165700462553297,0.02903566712896962,0.011915616186664304,0.02641169626621196,0.032409948344590676,0.01712005094230549,-0.14214269573309843,0.0001492417918417096
2021-12-08,0.0011637323559936141,0.0017302189831427009,-0.012377811180603703,0.0001492417918417096,-0.2254235719556046,0.014108030163746359,-0.29891114468635227,-0.005598215697428576
2021-12-09,-0.0016731831998373424,0.004527422718710314,-0.008544644528558472,-0.005598215697428576,-0.10853811068733461,0.013072067247268802,-0.35470633753619096,0.02794570062697914
2021-12-10,0.005628097824283893,0.02928768364293288,0.005060731591211527,0.02794570062697914,0.539369690835366,0.024226952051721318,0.24017817791990653,-0.009209129333112043
2021-12-13,-0.005444865375928455,0.003642566552497782,-0.010152436010272825,-0.009209129333112043,-0.27628058121380294,0.01379500256277056,-0.011206411079569469,-0.03312968910390819
2021-12-14,-0.018376398652596496,-0.01412396390921249,-0.04609641566676851,-0.03312968910390819,0.4302898777610674,0.03197245175755604,0.4268686759821366,0.019035545595180337
2021-12-15,0.0008219469865206443,0.020647896798039144,-0.01176410956882121,0.019035545595180337,-0.22793293215806676,0.03241200636686039,0.11043539574624321,-0.02956776741892018
2021-12-16,0.0031624752825288017,0.006285348160084149,-0.03537098450907351,-0.02956776741892018,-0.009835926031128765,0.04165633266915767,0.03570887621386502,-0.0033914203449856464
2021-12-17,-0.012450187210486288,6.161561980457612e-05,-0.023827317294729096,-0.0033914203449856464,0.3096434964004501,0.023888932914533558,0.27224274034327967,-0.012086285861355545
2021-12-20,-0.011648808097241966,-0.0030931049645293953,-0.019427714007705814,-0.012086285861355545,-0.5221875873656194,0.0163346090431764,-0.30167458797870356,0.022806936456131084
2021-12-21,0.01051006197744695,0.024150414500977217,-0.00034395545386123826,0.022806936456131084,-0.13535214337051477,0.024494369954838426,-0.4340306699012547,0.017896292789419118
2021-12-22,0.003081133185980137,0.019125948006619382,-0.004716438134061443,0.017896292789419118,0.0036673895954298834,0.0238423861406809,-0.32147603321603374,0.0044617906347935495
2021-12-23,-0.0013514896532139612,0.009528297758458768,-0.0014115636249272992,0.0044617906347935495,-0.23567569111779,0.01093986138338621,-0.4935626065555163,0.022920959726856024
2021-12-27,0.0022979612311273055,0.023008556352205237,0.002208531428845421,0.022920959726856024,0.01664143871740559,0.0208000249233598,-0.37605469478291187,-0.0035103507909150376
2021-12-28,0.002041954277831123,0.003963474812922907,-0.006239324316593508,-0.0035103507909150376,-0.2418732846722899,0.010202799129516363,-0.40548341184938574,0.0020492167432277094
2021-12-29,0.00014647364721165205,0.008897988390671798,-0.004611370106337359,0.0020492167432277094,-0.040359183011926356,0.01350935849700901,-0.33175430375651305,-0.007720926717873721
