date,open_ret,high_ret,low_ret,close_ret,volume_ret,range_ret,vol_ratio,target_return
2019-01-03,0.00944489616556014,0.029922177393118903,-0.0121409503071487,0.013139040709225528,0.24818630970306324,0.042063127700267704,0.24818630970306324,0.09279290338902829
2019-01-04,0.03862485170359864,0.09356555629575417,0.026705091900400723,0.09279290338902829,0.2556419885449322,0.06686046439535363,0.3720552681378907,0.058001943989859694
2019-01-07,0.015108567686733243,0.06262117917289219,0.013617944836967382,0.058001943989859694,-0.037421824108820494,0.04900323433592477,0.19466481075728967,0.015512968986712394
2019-01-08,0.014607034176304226,0.016511554763774337,-0.023519165090762795,0.015512968986712394,-0.19252699937397108,0.04003071985453703,-0.05019457066683507,-0.0009684063353650574
2019-01-09,-0.008025389243123076,0.00957089620175736,-0.021365031135956034,-0.0009684063353650574,-0.14070775124898258,0.030935927337713505,-0.18106294586162341,0.014582471621224093
2019-01-10,-0.016989346867455506,0.016766960815314258,-0.02359152786520348,0.014582471621224093,0.00964367904468842,0.04035848868051799,-0.19201280053268485,0.039053639319742484
2019-01-11,0.019219073776310314,0.04936793741499115,0.011819286437816183,0.039053639319742484,0.36978440735431417,0.03754865097717499,0.196283727323952,-0.013869852914337679
2019-01-14,-0.009972816565677606,-0.006269755860055717,-0.02537935319107391,-0.013869852914337679,-0.6190978169800884,0.01910959733101818,-0.42493726049744374,0.06314095516053211
2019-01-15,0.04882736252523835,0.07038958682527958,0.04136254686529814,0.06314095516053211,0.701776834592356,0.029027039959981474,0.38345956819946037,-0.009206494215891063
2019-01-16,-0.0018062539911233228,0.011801216873766084,-0.01858466477691106,-0.009206494215891063,-0.3196884883586582,0.0303858816506772,-0.013805662442512103,0.005109446657729998
2019-01-17,-0.00539313250960981,0.01244391283264392,-0.014273704857802324,0.005109446657729998,0.20421144292984067,0.02671761769044623,0.16455834813429568,-0.04071111803885694
2019-01-18,-0.003460257861666128,-0.0005381273503786855,-0.047724730414493384,-0.04071111803885694,0.34406342763815695,0.047186603064114624,0.44334849417739697,-0.04197771141796508
2019-01-22,-0.0124929723231818,-0.006568268931128468,-0.054760447961878206,-0.04197771141796508,-0.3945894865114598,0.048192179030749814,-0.031292073125622856,-0.009796803297742364
2019-01-23,0.009458203211701445,0.02006431700105786,-0.02038091658059009,-0.009796803297742364,-0.2858963676357052,0.040445233581647914,-0.3945207496952201,0.014429951504771917
2019-01-24,-0.00432624690561486,0.030011857037831307,-0.009329439089549188,0.014429951504771917,-0.191426613283212,0.03934129612738032,-0.505809651077136,0.03424334114335367
2019-01-25,0.0062558932865936796,0.03999513618934014,0.005616850392034507,0.03424334114335367,0.0019116432037086315,0.03437828579730561,-0.45671398854658335,-0.007095023314951116
2019-01-28,-0.009959177875380051,-0.005190172057211294,-0.027500865127807257,-0.007095023314951116,-0.25389748772948184,0.022310693070596053,-0.6188658250609931,-0.020345064611618214
2019-01-29,0.0006254346932247023,0.007597730566485036,-0.022628020179028766,-0.020345064611618214,-0.1224169105623696,0.030225750745514007,-0.48807050755951525,0.035131233336662925
2019-01-30,0.011637768494184774,0.038413561654566955,0.0057602838642016405,0.035131233336662925,0.18756131485091296,0.032653277790365504,-0.12024107308242991,-0.003410998503120409
2019-01-31,-0.0028810140420179437,0.01552487670647682,-0.007572891710183285,-0.003410998503120409,-0.07871253349515854,0.023097768416660218,-0.11390384812007444,0.0010303922808929452
2019-02-01,-0.006857101432591604,0.0213895544855259,-0.008875775040828322,0.0010303922808929452,0.1409811675928477,0.0302653295263543,0.08288801154173411,0.03325002169475402
2019-02-04,0.008059175145905833,0.03512683552042627,0.004257525456068615,0.03325002169475402,-0.08229566255129961,0.030869310064357485,0.030326867860038867,0.01264253309039306
2019-02-05,0.005280076642653195,0.024349648003314944,0.0044303731773513355,0.01264253309039306,-0.0005304453655154034,0.01991927482596357,0.020742914030799236,-0.010226063579245211
2019-02-06,0.0033388866132578504,0.003450863611077105,-0.024524685027845567,-0.010226063579245211,-0.29764316246938066,0.027975548638922685,-0.307822643477418,-0.021467349645144376
2019-02-07,-0.01225574448427362,-0.00981551982241326,-0.038111737665262456,-0.021467349645144376,0.15761312765323762,0.0282962178428491,-0.09355739181598294,0.008262579376815824
2019-02-08,-0.01965763040199894,0.009498954538082232,-0.01965763040199894,0.008262579376815824,-0.03930260346659317,0.02915658494008118,-0.11719802284438136,-0.005307905237130694
2019-02-11,0.006967071793799168,0.015133599001787984,-0.007972571207307906,-0.005307905237130694,-0.32654207092064536,0.02310617020909588,-0.38894908668700845,0.04036256297205885
2019-02-12,0.006802835218692816,0.04044585399762624,0.0022823718990329497,0.04036256297205885,0.6481144536804034,0.038163482098593264,0.35278693116648496,-0.023043240402311194
2019-02-13,-0.007444988206970002,-0.0010284632867270302,-0.027287909255499995,-0.023043240402311194,0.012359306381612836,0.026259445968772985,0.32810585895542854,0.020539897176509326
2019-02-14,-5.6825717599920775e-05,0.024375700029177827,-0.009827188458586019,0.020539897176509326,-0.1274791513038797,0.03420288848776394,0.10439394702639973,-0.006145819698231184
2019-02-15,-0.0016724192636996742,0.014734730500654136,-0.009992169416516648,-0.006145819698231184,-0.007049847554697286,0.02472689991717093,0.0637420164742616,0.01405165252858779
2019-02-19,-0.003002750805789635,0.0225257760819361,-0.004352743514137398,0.01405165252858779,-0.22143861334793588,0.02687851959607357,-0.19550834460284558,-0.0055691984610652815
2019-02-20,0.00806309691132141,0.013148154037833279,-0.014528188997482875,-0.0055691984610652815,0.09216374242931537,0.027676343035316166,-0.14561730924030325,-0.008202326258581057
2019-02-21,0.0003332839708279328,0.008135489950807291,-0.016896145154959758,-0.008202326258581057,-0.26414498027224237,0.02503163510576715,-0.3590706332948083,0.016806172576176264
2019-02-22,0.009396335887895848,0.025336727943621386,0.008591235051125901,0.016806172576176264,0.12939223228508714,0.016745492892495367,-0.1275014973661558,0.002448674564925146
2019-02-25,0.010931223574714618,0.02306402118444209,0.0021189446505753906,0.002448674564925146,0.06566916328732182,0.020945076533866794,-0.005451931095649278,0.002908651126145827
2019-02-26,-0.0025588068740831768,0.004906764359761135,-0.012665403499449961,0.002908651126145827,-0.425804520881051,0.0175721678592112,-0.3866342206300591,-0.005770594657584442
2019-02-27,-0.0040359485805824,0.00834929115246343,-0.014266894783036969,-0.005770594657584442,0.12979560798925435,0.022616185935500386,-0.18708529178648786,-0.013232293565401124
2019-02-28,-0.00110285120537373,0.009653729266095371,-0.014322009216337589,-0.013232293565401124,0.09432631017733754,0.023975738482432875,-0.01685781636958954,-0.002180620077617913
2019-03-01,0.01154991872906302,0.013232293565401242,-0.009568096907345322,-0.002180620077617913,-0.11286328641297463,0.022800390472746443,-0.12841382366091403,-0.017731515581232277
2019-03-04,0.006694259163655626,0.013702843802389057,-0.02631425502676595,-0.017731515581232277,0.3036134794796752,0.04001709882915499,0.22618342818087955,0.009243840790003328
2019-03-05,0.0011957244668657522,0.01450798154645332,-0.007979545127184247,0.009243840790003328,-0.23182948884841031,0.022487526673637483,-0.0028857913400657355,0.01487604966797282
2019-03-06,-0.001977672460349641,0.015626593232238507,-0.007365533067946951,0.01487604966797282,0.04512811288165028,0.022992126300185396,0.009429530869464351,-0.019685847791690764
2019-03-07,0.0015282748068484887,0.008996995445465665,-0.025659385445413935,-0.019685847791690764,-0.009803365687591511,0.03465638089087965,-0.01911291305063285,-0.008544604767666636
2019-03-08,-0.0196182297501093,-0.007629648862263297,-0.02915011161660697,-0.008544604767666636,0.11468404184091192,0.021520462754343713,0.09670414680838187,0.02614276691197209
2019-03-11,0.0068415796789861255,0.02647702588182001,0.001229200422158084,0.02614276691197209,-0.24730315166415437,0.025247825459661935,-0.19348908247682672,-0.00724354498465711
2019-03-12,0.0014201215486196505,0.0035327064293146234,-0.014200572590011404,-0.00724354498465711,-0.04221667653520262,0.017733279019326097,-0.16931278377599682,0.013770622353400803
2019-03-13,-0.0012919229836080204,0.017280491146824613,-0.009872540906227934,0.013770622353400803,0.2213373282701763,0.02715303205305255,0.07762816822634751,-0.00663859273350253
2019-03-14,-0.00196752631260813,0.007254717653671525,-0.008647146520484159,-0.00663859273350253,-0.20086900158364876,0.01590186417415582,-0.1309989745083611,0.00733051373389329
2019-03-15,0.006112522286876999,0.014333040415749768,0.0001950640095176798,0.00733051373389329,0.4712193599535598,0.014137976406232232,0.3699427497424816,0.0054628872783493675
2019-03-18,0.002790374839152371,0.025969817220129025,0.0011060365868525077,0.0054628872783493675,-0.16017069802775408,0.02486378063327651,0.1581323546452542,-0.012904928814065002
2019-03-19,0.008111345988925732,0.009638556850229614,-0.018438860893995563,-0.012904928814065002,0.04706319732862498,0.028077417744225258,0.14801199437812315,0.04480316219672346
2019-03-20,0.0003622870301111467,0.04661381329048279,-0.004945542763432165,0.04480316219672346,0.3699316860049087,0.05155935605391491,0.4474023645025966,0.00703768447512142
2019-03-21,-0.003256665322208817,0.010023741807441519,-0.01236218454512174,0.00703768447512142,-0.24511024496377942,0.02238592635256325,0.08168340994338814,-0.04564448104620391
2019-03-22,-0.005093999716900777,-0.0038180396851625635,-0.048335006698213875,-0.04564448104620391,0.013635544563745768,0.04451696701305143,0.015467746365399524,0.014355874365579637
2019-03-25,-0.00558327597268997,0.016565087898248627,-0.009938205598014177,0.014355874365579637,-0.02188577646064861,0.026503293496262886,-0.011489362267864433,-0.01724084090555002
2019-03-26,0.004467999545329006,0.0058534667263073145,-0.022672782564414715,-0.01724084090555002,-0.10011886242662915,0.02852624929072199,-0.1410161922100822,-0.018505022832477035
2019-03-27,0.002857175640177764,0.0069210172891975485,-0.027031037177416194,-0.018505022832477035,0.02395902965743437,0.033952054466613535,-0.11988746517561101,0.0035028351313970627
2019-03-28,0.003164456255619999,0.007246509457757804,-0.011870946062366805,0.0035028351313970627,-0.5881178286911118,0.019117455520124622,-0.6362504101931475,0.005483926273228783
2019-03-29,0.00716529681764179,0.010212535281058708,-0.0025412300919988077,0.005483926273228783,0.07605189995696422,0.012753765373057618,-0.4531320346433678,0.028750348006475135
2019-04-01,0.00681995199513151,0.03247680144353532,0.005454123177014452,0.028750348006475135,0.4023007505775271,0.027022678266520783,0.0621890332842218,0.0020689345641583512
2019-04-02,-0.001936666671935384,0.003970739042422872,-0.013001061596762741,0.0020689345641583512,-0.3103694296278508,0.016971800639185457,-0.20371790918528962,0.00550529875568325
2019-04-03,0.004179205862776086,0.015355239489150402,-0.004169451349543515,0.00550529875568325,0.039938436057352714,0.01952469083869374,-0.08115133031285396,-0.0050703112321571105
2019-04-04,0.0008651157857440405,0.006201242735500328,-0.020078439838921814,-0.0050703112321571105,-0.14864950117425826,0.026279682574422217,-0.1406382081679699,-0.00651783590131088
2019-04-05,0.003039936301361278,0.005205557483445232,-0.008791347359246884,-0.00651783590131088,-0.1695877285821493,0.013996904842691992,-0.3201761560650322,-0.011225897330039343
2019-04-08,-0.001040191682858279,0.0012305207159513856,-0.015329344242771369,-0.011225897330039343,0.17529827410249493,0.016559864958722883,-0.11467920311482178,0.00908951978504822
2019-04-09,-0.002410084585311845,0.0146401284365535,-0.006690584867678117,0.00908951978504822,0.15594790105940304,0.02133071330423161,0.13699587882734668,-0.002168519343288542
2019-04-10,0.002956823383949126,0.011287476180312152,-0.006767996566065298,-0.002168519343288542,-0.17947225911232634,0.018055472746377317,-0.054235328075454454,0.010197365739495114
2019-04-11,0.0029633372811852326,0.0168932891136105,-0.008582476786759682,0.010197365739495114,0.36177236644351257,0.025475765900370286,0.34245125141578314,-0.04594642289294103
2019-04-12,-0.019112511617163187,-0.01617803761944904,-0.051028449278237194,-0.04594642289294103,0.8742959774397804,0.03485041165878812,1.1379541887477709,-0.006485569433128839
2019-04-15,-0.001225312373121269,0.003042648531833156,-0.02558502509817894,-0.006485569433128839,-0.5706810521972577,0.028627673630011955,0.18316920681098112,0.029903491837605305
2019-04-16,0.017418399760684346,0.04377234161882835,0.010975133165605335,0.029903491837605305,0.7511239253080965,0.032797208453222926,0.8265319168048278,-0.013217782303861714
2019-04-17,0.015431478209180494,0.025543129481744815,-0.024956869895465462,-0.013217782303861714,-0.03729814331255557,0.05049999937721022,0.5082643920902485,0.0156906778875393
2019-04-18,0.0007326902269407221,0.015857183209557778,-0.008777132608014552,0.0156906778875393,-0.7707281068188786,0.0246343158175725,-0.48462264114514486,0.046070891380159226
2019-04-22,-0.0018053924977359738,0.04699800285691293,-0.00375334614414571,0.046070891380159226,0.3606356290629323,0.05075134900105868,-0.15056343451895485,0.011985918931090241
2019-04-23,-0.005021410739883356,0.019577038379232393,-0.0069942571380684545,0.011985918931090241,-0.1717553154798993,0.026571295517300853,-0.2682417157484229,-0.020261996819024228
2019-04-24,-0.002149543004984741,2.617082476589792e-05,-0.022830578067665225,-0.020261996819024228,-0.4332973694094617,0.022856748892431052,-0.7202725378185634,-0.015891310187967026
2019-04-25,0.0006945447439746644,0.001415276871172241,-0.02305727381788034,-0.015891310187967026,-0.04476656637873751,0.024472550689052547,-0.5647886786412105,0.01754668179135302
2019-04-26,5.426783372843672e-05,0.018320007564926126,-0.005690409237206367,0.01754668179135302,-0.10679139171349154,0.024010416802132385,-0.4302165770587382,-0.008089237769764139
2019-04-29,-0.0031261452210962185,-0.0007205590416304843,-0.015404201703579277,-0.008089237769764139,-0.3859743352601124,0.014683642661948666,-0.7509118887769932,-0.0034753002792678863
2019-04-30,-0.006123580976498093,0.0071550988676276255,-0.009403176187860511,-0.0034753002792678863,0.01258499669941665,0.01655827505548814,-0.5133020773150164,0.02207334963159428
2019-05-01,0.009294414030838652,0.04085001291069826,0.007072691690276959,0.02207334963159428,0.8721320829663484,0.033777321220421465,0.572489830625645,0.00065968338899529
2019-05-02,-0.0021405983781837244,0.01230480720488466,-0.0114162632396521,0.00065968338899529,-0.5393468647984877,0.02372107044453672,-0.06579162585941141,0.015626753326214306
2019-05-03,0.0064950241894814855,0.015626753326214306,-0.0020862397243761803,0.015626753326214306,-0.05090142766401033,0.017712993050590455,-0.08650185529208984,-0.016656081825871118
2019-05-06,-0.019247430536469906,-0.009603665932964646,-0.023732107721389603,-0.016656081825871118,0.12150341717353176,0.014128441788424873,0.0527343393170376,-0.021919613291512822
2019-05-07,-0.004419921018394806,0.0032692835816444483,-0.034551020739248525,-0.021919613291512822,0.18565043650857954,0.037820304320892895,0.16909594945749526,-0.016575672990442433
2019-05-08,-0.006879997157118847,-0.00394883001975508,-0.024870780150620553,-0.016575672990442433,-0.0594997905120704,0.020921950130865598,0.009362007296950258,-0.004455908593073057
2019-05-09,-0.009568926544845362,-0.00046672540414049096,-0.03241020843198195,-0.004455908593073057,-0.11081935912512167,0.03194348302784142,-0.015367659873429945,-0.004725175773946171
2019-05-10,-0.003120031705919336,0.006895521671489645,-0.027075926582350446,-0.004725175773946171,-0.03908744763105043,0.03397144825384018,-0.0705427589823292,-0.04469097338130587
2019-05-13,-0.02453405541066317,-0.01895768827226998,-0.05096676816417877,-0.04469097338130587,0.3498620911689582,0.03200907989190886,0.2621123869384307,0.0010132108643934178
2019-05-14,0.009942800160525178,0.013492471940364029,-0.008026126970965755,0.0010132108643934178,-0.4051163331765637,0.02151859891132984,-0.212839950521394,0.02677864000107533
2019-05-15,-0.00658979636098691,0.03102328711836289,-0.012285478548207163,0.02677864000107533,0.1692373897841623,0.0433087656665701,0.0066179609465535465,0.012095883294103302
2019-05-16,0.0038799105465838835,0.02506427401777551,-0.002962199842263626,0.012095883294103302,0.015866891054035867,0.0280264738600391,0.02987601469976956,-0.013618235141631437
2019-05-17,-0.00815988370379307,0.0008624496384414042,-0.015481956345550841,-0.013618235141631437,-0.30980921880220436,0.01634440598399237,-0.29765461292309753,-0.01804873823927686
2019-05-20,-0.009125972886542162,-0.005743621097676963,-0.025864091472316032,-0.01804873823927686,-0.02223288572454282,0.020120470374639154,-0.2901684303773466,0.017540736282679836
2019-05-21,0.008125252507341921,0.02361936535265461,0.005214589900987925,0.017540736282679836,-0.13784665124268203,0.018404775451666713,-0.3112024621031583,0.015294456448007383
2019-05-22,0.010501600582718547,0.044686233677423796,0.008516470483029098,0.015294456448007383,0.4364073434952217,0.036169763194394876,0.17468137895480385,-0.021126130502903278
2019-05-23,-0.011828510400326807,-0.006442161091183156,-0.03401368600330305,-0.021126130502903278,-0.10109953239005115,0.027571524912120005,0.07782330536222051,0.006170370698340621
2019-05-24,0.009044455258984615,0.020319663874460644,0.004475954807573461,0.006170370698340621,-0.3850546218666717,0.015843709066887077,-0.27559284655218597,0.0018888255121994536
2019-05-28,0.0,0.019033813593499243,-0.002090207434795019,0.0018888255121994536,0.20806833827409807,0.02112402102829427,-0.03143555968165389,-0.016670653925179305
2019-05-29,-0.0041204558656716276,-0.0034137568028564467,-0.026137083535780845,-0.016670653925179305,0.1820353230450417,0.022723326732924307,0.14667955659194168,0.007588837478084698
2019-05-30,0.003887208393550376,0.014273848115740057,-0.002551920021905946,0.007588837478084698,-0.34493716325508783,0.016825768137645945,-0.26293219774292365,-0.024658572540858226
2019-05-31,-0.013246399113688898,-0.007159381604736892,-0.02570780897218085,-0.024658572540858226,0.22581463149979913,0.018548427367444102,0.051953581101732295,-0.019562064044523153
2019-06-03,0.0008153246826656779,0.012678542434731373,-0.03145554706254486,-0.019562064044523153,0.4463555797996703,0.04413408949727618,0.5240944047183085,0.04861621334554894
2019-06-04,0.024560066173602173,0.049210261774889054,0.019474716017255065,0.04861621334554894,0.005336327556644285,0.0297355457576339,0.36992644621778614,0.006571504262242448
2019-06-05,0.0027692117762299485,0.012597120164890563,-0.013359979369535747,0.006571504262242448,-0.4523490488147213,0.025957099534426365,-0.19259048989634148,0.00392782772285463
2019-06-06,-0.0025050521317303695,0.006947314281476462,-0.010285254131356204,0.00392782772285463,-0.3024179772046123,0.017232568412832633,-0.4737936080057816,0.010417936380027774
2019-06-07,0.0007276818881078932,0.022208315162623664,-0.004040324344187133,0.010417936380027774,0.25284365673766596,0.02624863950681081,-0.21089714039674118,-0.02485824221429159
2019-06-10,0.007674080188223262,0.01711643299490322,-0.03261528538770854,-0.02485824221429159,0.4915678420487851,0.04973171838261173,0.2890495785553747,-0.0021044631014189206
2019-06-11,0.008458199121275984,0.015699506754030423,-0.010021403937748773,-0.0021044631014189206,-0.3696557197511818,0.025720910691779095,-0.07926158362803055,-0.016388844827109304
2019-06-12,0.0015645313651126392,0.006639485379925711,-0.023154296634884903,-0.016388844827109304,-0.16306298283932363,0.029793782014810578,-0.15304016061559889,-0.0061830196426562335
2019-06-13,0.0048210898533829075,0.008471903990779498,-0.018429006199636968,-0.0061830196426562335,0.3033234953594924,0.026900910190416474,0.16671593946683919,-0.010832090874303325
2019-06-14,-0.0052550354149208545,-8.730987613547809e-05,-0.02139599209659427,-0.010832090874303325,-0.2128174575019852,0.021308682220458744,-0.1369530078099184,0.03155185185057674
2019-06-17,0.008675105892808425,0.03482632811362518,0.006835025834046347,0.03155185185057674,0.0653973871139274,0.02799130227957874,-0.07991923723521739,0.01836888641192718
2019-06-18,0.014019089552124114,0.030559060049241315,0.008887425198218496,0.01836888641192718,0.013034754903045733,0.021671634851022643,0.021397044983036424,0.017762438662154812
2019-06-19,0.012798546167831317,0.02111283404332072,-0.002804171176829355,0.017762438662154812,0.04303231591660754,0.023917005220150143,0.06323314351191245,0.00463817926206173
2019-06-20,0.006553041847702837,0.017992956581606146,-0.006347112216034312,0.00463817926206173,0.04017243295145959,0.02434006879764034,0.06351590663203172,0.010893098605500744
2019-06-21,-0.0005751745128810819,0.01694174982613809,-0.0005751745128810819,0.010893098605500744,0.23313164266763342,0.017516924339019312,0.3079019502024724,0.004944249273810831
2019-06-24,0.002866854082616381,0.015560399269537482,0.0026777858038309925,0.004944249273810831,-0.4331113695507762,0.012882613465706688,-0.2102430072629594,-0.02937289210082365
2019-06-25,-0.0007818743783704114,-0.00010785449606154853,-0.03496720165878799,-0.02937289210082365,0.17438154293240885,0.03485934716272642,-0.017985587996120576,0.0052595952779125685
2019-06-26,0.003601640424363037,0.01785251661978562,0.003601640424363037,0.0052595952779125685,-0.44915950275104594,0.014250876195422549,-0.4780812532168395,0.021360449388509083
2019-06-27,0.0027570591729481862,0.023601064343525335,0.0027570591729481862,0.021360449388509083,0.12024765153953443,0.020844005170577117,-0.2879550743753618,-0.007323668166639662
2019-06-28,0.0006484593957950853,0.004099483352600446,-0.01401591616528555,-0.007323668166639662,0.10411052002841675,0.018115399517886075,-0.11791318543283293,0.01962540519621329
2019-07-01,0.016684603345710192,0.02510957311554486,0.012660514408629005,0.01962540519621329,0.08348872972829412,0.012449058706915896,0.08270083282802188,0.002213250638250386
2019-07-02,0.0007738417064582705,0.003730337238151724,-0.011518320682265605,0.002213250638250386,-0.3201025278456641,0.015248657920417397,-0.24444336693309543,0.01661536252573558
2019-07-03,0.0033505177878524264,0.01732244839849408,0.0010914949586974605,0.01661536252573558,0.04688358589885046,0.016230953439796476,-0.1012319733561079,-0.0030697960011065177
2019-07-05,-0.009026319407344916,-0.0008387015704483493,-0.01626913984420407,-0.0030697960011065177,-0.017740002088254353,0.015430438273755741,-0.12510482523115474,-0.011602967923154312
2019-07-08,-0.00622086143893507,-0.006062209894026762,-0.013732035967121128,-0.011602967923154312,-0.1812824954976223,0.007669826073094443,-0.2869832351439856,0.009972411218934048
2019-07-09,0.007679842393602152,0.022605193684884756,0.0035559538794984152,0.009972411218934048,0.8005483953838961,0.019049239805386173,0.5875570582150559,0.002812309048870025
2019-07-10,0.007447271735200131,0.011540502246180877,-0.04646608033689407,0.002812309048870025,-0.16491111255311558,0.05800658258307488,0.32667618906684703,-0.003944718137894016
2019-07-11,0.00026248881795215367,0.009248442367013809,-0.005790945568122191,-0.003944718137894016,-0.30433120951455794,0.015039387935136001,-0.07867548990095623,-0.016606160079750482
2019-07-12,-0.0021630948729067763,0.0006321653591691726,-0.017839376531944014,-0.016606160079750482,0.425623537066079,0.018471541891112987,0.32429993910337224,-0.01797712561638039
2019-07-15,-0.0008309424322786455,0.0011513601507890784,-0.029775871593643272,-0.01797712561638039,0.1798600526766232,0.030927231744432272,0.3898835822418599,-0.0016653473023938803
2019-07-16,0.009474857549155107,0.012846723328510992,-0.004593163876741313,-0.0016653473023938803,-0.3038095100490335,0.01743988720525229,-0.07911340544957383,-0.00974705490116737
2019-07-17,0.0007101763903110169,0.0013925790195429117,-0.011652639519613652,-0.00974705490116737,0.8442744652224368,0.01304521853915668,0.7994522954262954,-0.1083878043466093
2019-07-18,-0.11285644543896683,-0.09422090486700631,-0.12360091053593032,-0.1083878043466093,0.8302358771658181,0.02938000566892408,1.4040500103671745,-0.03158106866617629
2019-07-19,-0.0055811728319426785,0.0019659999886108893,-0.034345912160989214,-0.03158106866617629,-0.651887401732538,0.036311912149600105,0.22067152877207846,-0.014319747042890615
2019-07-22,-0.009886843764343463,-0.0017787869258867263,-0.029926082412368306,-0.014319747042890615,0.08326260170462035,0.02814729548648168,0.16603765920317873,-0.010745854743995701
2019-07-23,0.0026363654114323473,0.009229063256946304,-0.01498519456541083,-0.010745854743995701,-0.65852383653616,0.024214257822357126,-0.6149218497982837,0.034038251169592845
2019-07-24,0.010391671898974823,0.040465308232028034,-0.00016269337836902025,0.034038251169592845,0.2656610034168054,0.04062800161039703,-0.38752294373005225,0.02644472151176035
2019-07-25,0.002889419520118364,0.030205364846548347,-0.005171601630946341,0.02644472151176035,-0.1023110032751558,0.035376966477494824,-0.47061116795161834,0.02814873032993788
2019-07-26,0.0071118713661917484,0.028803687628660486,0.0031806281538265422,0.02814873032993788,0.004527403095038521,0.02562305947483382,-0.19555313732818444,-0.009214960467934543
2019-07-29,0.0005954644142357157,0.001844752703749475,-0.02109777252446361,-0.009214960467934543,-0.6290466442382183,0.02294252522821296,-0.7382662171683269,-0.020558608279470845
2019-07-30,-0.010575783601915459,-0.009209706595389843,-0.02887699506923563,-0.020558608279470845,0.04174292331292605,0.01966728847384576,-0.4767663241765244,-0.009061232126862316
2019-07-31,-0.002365255290174928,0.017759313141038915,-0.022965906285189675,-0.009061232126862316,0.03746939195250366,0.04072521942622847,-0.3724121128500367,-0.010864058680391784
2019-08-01,0.003893443290044309,0.017159035112250438,-0.013245615711666135,-0.010864058680391784,0.047377979178344395,0.03040465082391661,-0.1908782130606814,-0.0020992705085811276
2019-08-02,-0.006310958621166594,-0.0002817541798517762,-0.0243953312855331,-0.0020992705085811276,-0.0440605388561638,0.02411357710568142,-0.12217831812011579,-0.035760249181224925
2019-08-05,-0.024993719053435344,-0.01711391327768162,-0.045395968161622405,-0.035760249181224925,0.32504283486011876,0.028282054883940783,0.34065375965295547,0.007997055480355298
2019-08-06,0.009543757312183135,0.013720711627912314,-0.0076028557752750615,0.007997055480355298,-0.34128795510347476,0.021323567403187395,-0.09058371902246555,-0.01891361134978648
2019-08-07,-0.024615211430186825,-0.01658305687989587,-0.04380263826478247,-0.01891361134978648,0.41124747648051196,0.027219581384886702,0.3162448321058829,0.03744449050077772
2019-08-08,0.021908169016700098,0.03889957338490013,0.007660590354974543,0.03744449050077772,-0.45646825503215926,0.031238983029925477,-0.2265411492208259,-0.02231100998106124
2019-08-09,-0.006861077701554006,0.0023397552409416492,-0.03288688354254151,-0.02231100998106124,-0.099023528787202,0.03522663878348308,-0.3076584357093225,0.0061314421653882265
2019-08-12,-0.011295881000515828,0.01273697427202801,-0.01859015109361595,0.0061314421653882265,0.19973892385559733,0.03132712536564409,-0.08198988508829856,0.0046540969517242575
2019-08-13,-0.003416081349119245,0.017855892172803537,-0.008627016708023107,0.0046540969517242575,-0.21096242842574947,0.02648290888082655,-0.23006024951220042,-0.04308886652953053
2019-08-14,-0.013767972474800626,-0.012470188053010194,-0.04677317881610508,-0.04308886652953053,0.3297842997955473,0.0343029907630949,0.12681490468676992,-0.011263053393592019
2019-08-15,0.0013030677844555057,0.005068888357439862,-0.03785092159982727,-0.011263053393592019,0.26931103094833697,0.042919809957267185,0.45874666072252823,0.023524222388601652
2019-08-16,0.010426903740123719,0.025998004644876883,0.0017229061644830443,0.023524222388601652,-0.3324385104072007,0.02427509848039378,0.010884706833489037,0.021497741690992184
2019-08-19,0.011329217619107315,0.029129015847518872,0.006419236639015783,0.021497741690992184,-0.33455106203096563,0.022709779208503096,-0.3682354779484923,-0.03416015230168982
2019-08-20,-0.015669316095184373,-0.014258509323409855,-0.038551213682032244,-0.03416015230168982,0.3968761314968926,0.024292704358622394,0.07417055999782243,-0.003954429748092325
2019-08-21,0.008724635181761,0.012926557358410492,-0.009375203462098088,-0.003954429748092325,-0.2567852223646399,0.02230176082050854,-0.24124723377709945,-0.0029592563713158144
2019-08-22,0.0028166076333936466,0.008426197718642647,-0.015771262252919614,-0.0029592563713158144,-0.1336369316652707,0.02419745997156205,-0.32761911116206943,-0.018662325699772307
2019-08-23,-0.006521091169903766,0.006980539008820667,-0.02251269879570889,-0.018662325699772307,0.24022967055181746,0.02949323780452946,0.057496072085575736,0.01207340820545039
2019-08-26,0.012954468776993123,0.018729642374908945,0.0036305448619599868,0.01207340820545039,-0.29784702788353373,0.015099097512948996,-0.2207034533695701,-0.013481153353375576
2019-08-27,-0.0014926966576836852,0.006049899544451965,-0.026728716749602602,-0.013481153353375576,0.29539338854043146,0.03277861629405462,0.08314527455994622,0.0025394455663196778
2019-08-28,-0.005374694566383034,0.006131695033666341,-0.011334342317018294,0.0025394455663196778,-0.466883008159844,0.017466037350684676,-0.3472375234640238,0.017025284382856505
2019-08-29,0.011009534111474248,0.02758329288555462,0.010975653853355137,0.017025284382856505,0.10382990634106125,0.01660763903219929,-0.17961766531014872,-0.010262041152833414
2019-08-30,0.006716418684922656,0.007251747631106358,-0.020183467732078457,-0.010262041152833414,0.013107296956066963,0.02743521536318493,-0.1439539041742735,-0.015299390730402505
2019-09-03,-0.010024521188314688,0.0005104871991819503,-0.019560282162804275,-0.015299390730402505,-0.1884214475745485,0.02007076936198614,-0.2563936472196668,0.007678953999434356
2019-09-04,0.006752330151944012,0.0106246811027832,-0.009656267655380052,0.007678953999434356,0.23373137710271502,0.02028094875816336,0.020836756665166024,0.00591688482287449
2019-09-05,-0.021497285757045723,0.008369070787941328,-0.030404079750641546,0.00591688482287449,0.6561241581833351,0.0387731505385829,0.7524670042656764,-0.01055854858920893
2019-09-06,0.00034089061220714614,0.00034089061220714614,-0.02143880447012373,-0.01055854858920893,-0.5513140357695663,0.02177969508233074,-0.011699190586580203,0.01426859729330743
2019-09-09,0.015864146618624744,0.03846889770646508,0.0014807677973592821,0.01426859729330743,0.4658991969821297,0.036988129909105875,0.4248644739579146,-0.02180981236120469
2019-09-10,-0.010862644731828828,0.009568771532574197,-0.040490773862778544,-0.02180981236120469,0.4031261628096742,0.05005954539535294,0.6963698480146943,0.0009717794190148475
2019-09-11,-0.007983451338128124,0.016051584988036015,-0.011805912272510957,0.0009717794190148475,-0.5089632119050683,0.027857497260546985,-0.06049641692227973,0.0020446012677614264
2019-09-12,-0.0005899057589320468,0.015353177653816727,-0.005810019242184021,0.0020446012677614264,-0.39066144015289844,0.021163196896000675,-0.518808998248024,0.018147741855025056
2019-09-13,0.006040059879735329,0.02650974985402219,0.004076703927687554,0.018147741855025056,0.2728902193310527,0.022433045926334577,-0.14722291300731202,0.00047583232981718076
2019-09-16,0.00027191339084235776,0.011089031773105256,-0.014967835926681149,0.00047583232981718076,-0.21540368585751649,0.026056867699786417,-0.3990965025783777,0.014539200780742978
2019-09-17,0.000713324233116758,0.016379445675542986,-0.008531310026820425,0.014539200780742978,-0.10526840532633149,0.024910755702363556,-0.4275277441301514,-0.023859084321369343
2019-09-18,-0.012163429463829728,-0.00857656203012246,-0.03805594428042657,-0.023859084321369343,0.4917121311752021,0.029479382250303953,0.29478176347874596,-0.01715831115416117
2019-09-19,0.0,0.007687496353708916,-0.028386488583392978,-0.01715831115416117,0.07995702711130133,0.03607398493710175,0.36090307973446195,-0.05689159601015784
2019-09-20,-0.022369799539451448,-0.014408959483504308,-0.07459118694733384,-0.05689159601015784,1.035559957043509,0.06018222746382951,1.285812970843698,-0.01800043796905744
2019-09-23,-0.008903849553917225,0.009703458790405635,-0.0332713772501784,-0.01800043796905744,-0.5699595406352671,0.04297483604058402,0.294731328595259,-0.04354108242091481
2019-09-24,-0.012944394059106228,-0.0034656501045624683,-0.05265586889224512,-0.04354108242091481,0.19240268172134362,0.049190218787682614,0.3362976916220043,0.03913160522032296
2019-09-25,0.0043895627761781466,0.04609500835126172,-0.003501893984878651,0.03913160522032296,-0.338732074737405,0.04959690233614029,-0.18316857311531937,-0.005453977377517556
2019-09-26,0.006288019478670433,0.012387542768385667,-0.017335415219025888,-0.005453977377517556,-0.4156336046014532,0.02972295798741174,-0.6521665646624834,-0.0008738316193155494
2019-09-27,0.010840751292236318,0.015563201200467862,-0.011151531367339271,-0.0008738316193155494,-0.04739667950782464,0.026714732567806997,-0.6889683263421289,0.017109841484006554
2019-09-30,0.0034908988033455534,0.021807011683310815,-0.0011410143250262326,0.017109841484006554,-0.08558455586193439,0.022948026008336862,-0.5181639550970977,0.007297167725007104
2019-10-01,-0.0010093471529435004,0.016969033614227233,-0.013505302946886314,0.007297167725007104,0.25143499288675225,0.030474336561113563,-0.13940552027613126,-0.005766303344561513
2019-10-02,-0.02239445861115351,-0.000853569803475758,-0.02779577256317196,-0.005766303344561513,-0.12169951904628698,0.026942202759696207,-0.09313690264281596,0.00044764958749801323
2019-10-03,-0.0009331524471827927,0.0030175402904725774,-0.041983892801892186,0.00044764958749801323,0.1558707745117856,0.04500143309236489,0.16233099576291932,0.017155698448768658
2019-10-04,0.00018641412360391257,0.026968497516949144,-0.006284902482731619,0.017155698448768658,0.09979933182177832,0.033253399999680834,0.22937348493727544,0.006103255913829757
2019-10-07,-0.002936964759017433,0.014159333466500893,-0.005550736414641053,0.006103255913829757,-0.4158316867063467,0.019710069881142083,-0.24958981393179072,-0.013720404690019061
2019-10-08,-0.005223838893197855,0.0038909976032914825,-0.014016005680866953,-0.013720404690019061,-0.038936335301457486,0.01790700328415849,-0.28370054121708327,-0.011853375741319718
2019-10-09,-0.002589034738570358,0.0010337399381851382,-0.022979200766208907,-0.011853375741319718,0.07930217578088641,0.024012940704394047,-0.14575147416576908,0.047270713864885856
2019-10-10,-0.0058481942204935515,0.047448933889298474,-0.00938868236311941,0.047270713864885856,0.4642896284572426,0.056837616252417934,0.340784933960678,0.008697058195412645
2019-10-11,0.015284730323202487,0.02600657899147742,0.006609558833027208,0.008697058195412645,-0.20721744470840578,0.0193970201584502,0.08635911286222395,0.009147593412635999
2019-10-14,0.0035282252096722347,0.014038819888022223,-0.003292393344164294,0.009147593412635999,-0.4660257103943527,0.017331213232186626,-0.35187930884741986,-0.004492978959297173
2019-10-15,-0.006006851418356659,0.0011900735423356194,-0.021702618812196987,-0.004492978959297173,0.3322032312752449,0.02289269235453246,0.006495495848147867,0.007116256141228304
2019-10-16,-0.00398326005187572,0.013696458386374273,-0.012425152881319212,0.007116256141228304,0.7441740321475935,0.026121611267693527,0.7144242466397458,0.02439604223104701
2019-10-17,0.06166786441283355,0.07556152601075176,0.007031240066582345,0.02439604223104701,0.8608537326843897,0.06853028594416931,1.3626083017339057,-0.06350496707220248
2019-10-18,-0.013694788042879512,-0.008386833415953605,-0.07057678016782219,-0.06350496707220248,-0.4903632284672158,0.06218994675186862,0.4272103805751185,0.009939527518865194
2019-10-21,-0.008792669722021189,0.016713838869718896,-0.023150071669471334,0.009939527518865194,-0.6203796645999252,0.03986391053919018,-0.3684858330515649,-0.04171400597889378
2019-10-22,-0.025091940745238787,-0.009540054856251153,-0.0450568212003518,-0.04171400597889378,-0.06533041925701374,0.0355167663441006,-0.508751013410669,0.017027706037398387
2019-10-23,0.00512386831241342,0.02674914156481171,-0.00022502507844225089,0.017027706037398387,-0.5035009030484882,0.026974166643253923,-1.0533402854140783,0.0008474606558901892
2019-10-24,0.001988619149207008,0.010086447349097883,-0.009147087240136112,0.0008474606558901892,-0.39049397712236983,0.019233534589234224,-1.3512581937007788,0.019405321481731533
2019-10-25,-0.0030247846460445104,0.022831323185815485,-0.004873734771572659,0.019405321481731533,-0.016626667589296578,0.027705057957388212,-0.92375929728376,0.01804307619156418
2019-10-28,0.004433517803873754,0.03174988256919187,0.0019128217025181809,0.01804307619156418,0.27464407811365105,0.029837060866673534,-0.27449535496887034,-0.0023087915053411
2019-10-29,3.545848772353457e-05,0.0090063355216066,-0.015409456097862411,-0.0023087915053411,-0.36072531327572616,0.024415791619468986,-0.4674148858108172,0.035766748706486454
2019-10-30,0.011068974252696356,0.04274186736035929,0.006345139192751732,0.035766748706486454,0.7633055266049174,0.03639672816760776,0.5369697936933121,-0.013958739523415444
2019-10-31,-0.0015451999175630552,0.0,-0.023151505341124402,-0.013958739523415444,-0.6076278137414765,0.023151505341124427,-0.1485351668359359,-0.002089773565748029
2019-11-01,0.004478375063717394,0.005932108863318384,-0.015392172532914859,-0.002089773565748029,0.09447039166745369,0.021324281396233137,-0.06291949318441378,0.02087468805106361
2019-11-04,0.004140486536175071,0.029476535031575025,0.0012195707838736582,0.02087468805106361,-0.005035627324741158,0.028256964247701213,-0.09597631750394106,-0.016630031264446947
2019-11-05,-0.009848196589927779,-0.005718697902850477,-0.022619497148828882,-0.016630031264446947,-0.3149386629368668,0.01690079924597836,-0.3883942718682851,0.0019423459013012646
2019-11-06,0.0005553694132088558,0.008745463115077486,-0.0076324229920252135,0.0019423459013012646,-0.16679676877965074,0.01637788610710272,-0.5453336866456856,0.0033901194821008376
2019-11-07,0.007284827270132189,0.03272390561844894,-0.0011094404845512322,0.0033901194821008376,0.544794066727362,0.03383334610300034,0.2215760868300602,0.0068830107746907605
2019-11-08,-0.0029051219203778886,0.015148669585192533,-0.00713946614362914,0.0068830107746907605,-0.27369583047704105,0.022288135728821684,-0.08681434419929818,0.008911699940604466
2019-11-11,-0.008299919256783085,0.016294820682587377,-0.010585000882851575,0.008911699940604466,-0.13380390068262454,0.026879821565439076,-0.1754782264761377,-0.007403744421300186
2019-11-12,0.0038677002462949657,0.003969288592771936,-0.018803684255848226,-0.007403744421300186,0.3808857326897901,0.022772972848620232,0.2769079132557571,-0.030952511767082053
2019-11-13,-0.0033616789108048394,0.004782879196848401,-0.03793527827152421,-0.030952511767082053,0.46156885269262016,0.042718157468372556,0.6632181772625709,0.022734171406719263
2019-11-14,0.00049438303756347,0.02621542723851276,0.0003884547682767833,0.022734171406719263,-0.33847229193423645,0.025826972470235937,0.10764354387541405,0.018507339664334814
2019-11-15,0.0033436242944350253,0.021181470789793964,-0.007103407411437243,0.018507339664334814,-0.030353420210187474,0.028284878201231253,0.05701168619127458,0.025235599774161076
2019-11-18,0.003282412334748169,0.03320195231882539,-0.00594930096168256,0.025235599774161076,0.3077902033181821,0.03915125328050811,0.3055885805464027,9.915426713285484e-05
2019-11-19,0.004747910334121524,0.010193415533250882,-0.013475746411731883,9.915426713285484e-05,-0.3756920213344731,0.023669161944982815,-0.20743720679922878,0.008424444805198446
2019-11-20,-0.005268327705833528,0.01849935787702821,-0.0053015314958084125,0.008424444805198446,-0.1464469612988064,0.02380088937283658,-0.3578640328501233,0.021172870476656554
2019-11-21,0.0027488606954163743,0.024376001904956063,-0.0029536351296204893,0.021172870476656554,0.38180356387276465,0.027329637034576568,0.14126994278602048,-0.003889626327224364
2019-11-22,-0.008344279998403125,-0.0009308844002968779,-0.023633647742108476,-0.003889626327224364,-0.22659147886899175,0.02270276334181164,-0.11440609572817699,0.016197659828754696
2019-11-25,-0.00532855295700332,0.01676791865088356,-0.016988397378874268,0.016197659828754696,0.27678981473251524,0.03375631602975777,0.17331009716909143,-0.009744671458349615
2019-11-26,-0.001744518875849163,0.0030060718299926483,-0.012308033501530362,-0.009744671458349615,-0.3918922368012675,0.01531410533152293,-0.1958919069979443,0.010948196857944376
2019-11-27,0.004597533696930899,0.013761277973160567,0.0008316509066144842,0.010948196857944376,-0.2614306654508712,0.012929627066546056,-0.43870284833921175,-0.00402800489696475
2019-11-29,-0.00047494253348490177,0.002181654267437414,-0.008231831823070575,-0.00402800489696475,-0.5298986971434732,0.010413486090508047,-0.9361299448485093,-0.014952621589283469
2019-12-02,-0.0008584509793557941,-0.0008584509793557941,-0.03528768354935402,-0.014952621589283469,0.9472450690735609,0.03442923256999832,0.19155164795034924,-0.012432240915406801
2019-12-03,-0.025384823590093752,-0.008520355608794935,-0.02651047829641876,-0.012432240915406801,-0.21958008745575253,0.017990122687623896,-0.03766881504349977,-0.0060280624155117455
2019-12-04,0.0073871108808774314,0.0073871108808774314,-0.009484328934471254,-0.0060280624155117455,-0.35178272546609674,0.01687143981534873,-0.27163185619903435,-0.004809123931267729
2019-12-05,0.0031168916217569594,0.007072770508479431,-0.01827181602095638,-0.004809123931267729,0.2732060552764697,0.025344586529435827,0.08333450977646549,0.014716553858893897
2019-12-06,0.006057034103887319,0.016342017048010436,-0.0008588204345457036,0.014716553858893897,-0.03476483365811363,0.01720083748255602,0.0244381472351181,-0.01590590574064035
2019-12-09,0.0,0.013380057160445135,-0.016104289675244528,-0.01590590574064035,0.2542661844279993,0.0294843468356897,0.18879994533981603,-0.0314991866149682
2019-12-10,-0.021316516385302048,-0.011838423228587558,-0.0352589958930388,-0.0314991866149682,0.6001749170100539,0.023420572664451203,0.8089400443541775,0.019627329673212197
2019-12-11,0.004662935594243164,0.021298603009592205,0.0036777199046772475,0.019627329673212197,-0.628152963876368,0.017620883104914963,-0.030337657287664188,-0.0016405175273913328
2019-12-12,-0.010965472088836435,0.0008025470439442268,-0.01303067745689456,-0.0016405175273913328,-0.1593102458656799,0.013833224500838886,-0.259283633945072,0.00020104261046330641
2019-12-13,0.00020104261046330641,0.011195653443854583,-0.0039953545975614825,0.00020104261046330641,-0.20587543142772094,0.015191008041416248,-0.47003906950232666,0.018948291233259616
2019-12-16,0.007841825622792368,0.023866966607448994,0.00043543242557726183,0.018948291233259616,0.18302153771262783,0.02343153418187152,-0.26821676403258893,0.03637706232503606
2019-12-17,0.01030146416056238,0.040552432727873046,0.007825724615468111,0.03637706232503606,0.8056288174768376,0.03272670811240484,0.5738349009891093,0.016722633899614675
2019-12-18,0.002469343555523341,0.030836940855302263,0.0003802728792336654,0.016722633899614675,0.07216608816346998,0.030456667976068705,0.6476706889264514,0.03497947066719019
2019-12-19,0.011467626585253328,0.03681394446922131,0.010480961420844948,0.03497947066719019,-0.13191896358311236,0.02633298304837625,0.34046950474079574,0.013988705912622834
2019-12-20,0.008333128087753926,0.017248469173532687,-0.00488817681103649,0.013988705912622834,0.009383365364141038,0.022136645984569193,0.21471214112537512,-0.011343323222712481
2019-12-23,0.0025495033629862676,0.003111791715195751,-0.017607277182446895,-0.011343323222712481,-0.5421814856638016,0.020719068897642526,-0.4680112897588814,0.0003001147065276835
2019-12-24,0.002728175458564008,0.007775108468037034,-0.004513367767647804,0.0003001147065276835,-1.0491062738257624,0.012288476235684888,-1.5408694261255005,-0.0017121253265862902
2019-12-26,0.004192860057127267,0.009736367436205245,-0.0035778057547116637,-0.0017121253265862902,0.5753734302563822,0.013314173190916986,-0.769031578097844,-0.010699494165152987
2019-12-27,0.0009916299161917004,0.00357114882891453,-0.02010266670697692,-0.010699494165152987,0.3385076260553188,0.023673815535891398,-0.21151406877687437,-0.017719626720910958
2019-12-30,-3.037059310776599e-05,0.0003037710926808556,-0.019112510652834456,-0.017719626720910958,-0.1553461016040989,0.019416281745515476,-0.19981426734765198,0.0008037708191702459
2019-12-31,-0.004060085682920461,0.004967361107091041,-0.0068901611401051355,0.0008037708191702459,-0.14936490228018648,0.011857522247196238,-0.10984188204277653,0.01910127479729731
2020-01-02,0.007788675771702136,0.01961665411694863,0.003732624029078682,0.01910127479729731,0.18899588282653268,0.015884030087869927,0.18343145066500643,-0.011926110012005595
2020-01-03,-0.009229495976062926,0.000151623332773761,-0.01306203411355716,-0.011926110012005595,-0.16410164230337612,0.013213657446331009,-0.10475301287489995,0.03001449447192089
2020-01-06,-0.008566810770212832,0.03159147161817008,-0.014526641706855099,0.03001449447192089,0.39715623580744863,0.046118113325025176,0.2821890141676107,-0.015242258935465866
2020-01-07,0.0019038880200242612,0.0025871867871656235,-0.016603789558145957,-0.015242258935465866,-0.18572831735475256,0.019190976345311587,0.06752079439388327,0.025403910325612396
2020-01-08,0.002234764721132725,0.035492616176108445,0.0009065814812083741,0.025403910325612396,0.4124852579900848,0.03458603469490004,0.46234271204149313,-0.010667937138360098
2020-01-09,0.008044022983146364,0.012187423950273857,-0.013801105627581654,-0.010667937138360098,-0.411189109070244,0.025988529577855465,-0.08998157211208753,-0.01988912144494268
2020-01-10,0.004369850508565444,0.008425248025395706,-0.02531324460441153,-0.01988912144494268,0.001909288203580004,0.03373849262980711,-0.09670993531637032,0.029554363101517118
2020-01-13,0.008322709149599403,0.03523279314434242,0.007448326737137007,0.029554363101517118,0.28751250548302004,0.027784466407205402,0.15633217786153825,-0.0006788214888722782
2020-01-14,0.016039691772846622,0.018881167118618012,-0.010082529235433946,-0.0006788214888722782,0.13503661850391194,0.028963696354051993,0.2683300199184523,0.001121400424781998
2020-01-15,-2.9509741821137448e-05,0.013140770917239804,-0.006189942193477421,0.001121400424781998,-0.33344878175710807,0.019330713110717178,-0.15192697175264316,-0.0013280995614086358
2020-01-16,0.0129804473991382,0.013155119743192525,-0.009542015388887883,-0.0013280995614086358,-0.027916104128533435,0.02269713513208051,-0.11280878485978697,0.003096009916922606
2020-01-17,0.007003912255988498,0.008674159542497546,-0.0036686595027496183,0.003096009916922606,0.19014902917917104,0.012342819045247136,0.0664751736670369,-0.004603219502593546
2020-01-21,0.0009710874129392944,0.00390790233906609,-0.021064063986177578,-0.004603219502593546,0.8609890154006588,0.02497196632524352,0.8810554869459858,-0.0364739761340691
2020-01-22,-0.01658105384530811,-0.005367660187664869,-0.04386310664904107,-0.0364739761340691,0.41492294635788896,0.038495446461376294,1.0560818969496475,0.0698922830329218
2020-01-23,0.00012274147367305653,0.07069287433523347,-0.003041400374984884,0.0698922830329218,-0.17725571680495675,0.07373427471021833,0.5534819923455597,0.010131648015848487
2020-01-24,-0.003266152331514348,0.028897677321563328,-0.010697687326303822,0.010131648015848487,-0.014421943380579247,0.039595364647867205,0.31649616746934106,-0.029540786396274735
2020-01-27,-0.020626974379019794,-0.0035742603068726372,-0.03498010411861547,-0.029540786396274735,-0.844562799453532,0.03140584381174274,-0.7084877593463019,0.016315172299690567
2020-01-28,0.008711451054122497,0.027386462478513982,-0.00029164080985986853,0.016315172299690567,-0.12235928618356759,0.027678103288373907,-0.8516167885655783,-0.015498785670779098
2020-01-29,0.0013763144110934765,0.002521706882899111,-0.029023873102438806,-0.015498785670779098,0.11376156501324897,0.031545579985338086,-0.6389279667533663,0.013258158234568428
2020-01-30,-0.006021158523786856,0.01458015272769443,-0.011459589616037697,0.013258158234568428,-0.3608609116282261,0.026039742343732172,-0.7834198765560254,-0.007649804221013578
2020-01-31,-0.0010070016268784888,-0.0010070016268784888,-0.019631212069441423,-0.007649804221013578,-0.018583423753894115,0.018624210442562936,-0.5525963994086089,0.036727745233975075
2020-02-03,0.0062109355444796895,0.04127054008294991,0.0034424289019269467,0.036727745233975075,0.2432985328274791,0.037828111181023,0.018773145102119897,0.030290805319172887
2020-02-04,0.008344950975223954,0.03180722237066807,-0.005321357665918019,0.030290805319172887,0.07100964533347212,0.03712858003658617,0.12203629051382847,0.0017869197738330789
2020-02-05,0.016448875169677992,0.016768740767850992,-0.01835118514261795,0.0017869197738330789,-0.10665686316730391,0.035119925910468995,0.004712031851962013,-0.0073850995080258245
2020-02-06,-0.00018937518578085458,0.005072721566586529,-0.019558645214552438,-0.0073850995080258245,-0.4958689036575911,0.024631366781138937,-0.45276581529737053,-0.0004906928334867881
2020-02-07,-0.005218609747036279,0.013130492820884248,-0.009253782834733206,-0.0004906928334867881,0.11204154540536017,0.022384275655617392,-0.29398457253519006,0.011655784270517939
2020-02-10,-0.004837544258544112,0.02165764030968629,-0.011655282959895128,0.011655784270517939,0.18835775811691224,0.03331292326958156,-0.07649080556883822,0.007035880706010735
2020-02-11,0.007196442593342776,0.01879449825714081,-0.003644716413280374,0.007035880706010735,-0.10363890631462158,0.022439214670421107,-0.1307587955869652,0.01677099089077225
2020-02-12,0.009295924620826485,0.018374946487390856,0.005843413985069577,0.01677099089077225,-0.031520959834409244,0.012531532502321426,-0.07035963582227316,0.0036511234550569813
2020-02-13,-0.008058495353149862,0.014006325570165457,-0.009252920458917402,0.0036511234550569813,-0.030605449076077706,0.02325924602908275,-0.025115575916841285,-0.0026253224246678805
2020-02-14,0.0001835167097114361,0.009784175788468125,-0.005178529657413522,-0.0026253224246678805,-0.18273186078144335,0.014962705445881599,-0.23211849180468477,0.01921481061620658
2020-02-18,-0.0028958979981095743,0.02374316424200335,-0.0031859898156117133,0.01921481061620658,0.32553093924219045,0.026929154057615194,0.12133841209249678,-0.004108702449051157
2020-02-19,0.0008764118787976292,0.013244165359599866,-0.007454561457365726,-0.004108702449051157,-0.05512651495157821,0.02069872681696574,0.07147152052725565,-0.000492132971592664
2020-02-20,0.0009575866115146857,0.009047780762957792,-0.02493346170815892,-0.000492132971592664,-0.18255032244088848,0.03398124247111675,-0.11648243483103132,-0.01548188445516289
2020-02-21,-0.00173719537497138,0.003413854625304978,-0.021207695352136,-0.01548188445516289,-0.03728504792826714,0.024621549977440996,-0.12968057407720054,-0.030372169208791953
2020-02-24,-0.04111579472471687,-0.01925967592855485,-0.05147752941435927,-0.030372169208791953,0.5681180370921924,0.032217853485804436,0.4635725910518632,-0.02362930742242021
2020-02-25,0.008910598511937972,0.01867454598710839,-0.030232736707737896,-0.02362930742242021,-0.06787722953754842,0.04890728269484627,0.2588199758319531,0.0518152755689201
2020-02-26,0.01712601475435179,0.05906665973089861,0.013543384734578123,0.0518152755689201,0.32096973765711256,0.0455232749963205,0.5288512521562877,-0.02005522547154752
2020-02-27,-0.020728060122310137,0.0319694707720961,-0.02304589350969188,-0.02005522547154752,0.20507917352651797,0.0550153642817881,0.5912270245844304,-0.007236080704352145
2020-02-28,-0.02038335520591632,0.01352085334413997,-0.04093860968629863,-0.007236080704352145,0.018151679916911825,0.054459463030438575,0.40490566002266176,0.032052649857974604
2020-03-02,0.010995366176784791,0.03286591426760501,-0.01235136586109757,0.032052649857974604,-0.46749616545893985,0.04521728012870258,-0.24017147340485118,-0.03275747441934856
2020-03-03,-5.2459095182733474e-05,0.032201334632776794,-0.036479369632886914,-0.03275747441934856,0.17839841095864892,0.06868070426566364,-0.06315450307021885,0.0399224564611555
2020-03-04,0.024112442450927033,0.040495505666408006,0.004707285828093215,0.0399224564611555,-0.4215721837371076,0.03578821983831475,-0.5261340159959839,-0.02910714011165183
2020-03-05,-0.007296235063330522,0.019634469227199084,-0.04027505512104353,-0.02910714011165183,0.4662744531698651,0.059909524348242454,0.017271889250632208,-0.010273107475774392
2020-03-06,-0.013721029272458139,-0.003951122836901917,-0.043672866128282875,-0.010273107475774392,-0.0710364744968222,0.039721743291380854,-0.0007214600307537531,-0.06286141457217666
2020-03-09,-0.07048067861158444,-0.03166383392394535,-0.07672360837118945,-0.06286141457217666,-0.09545134255600544,0.04505977444724408,-0.019165642846328636,0.04965698930479484
2020-03-10,0.028284002823451733,0.05078233746947974,0.003917440001937416,0.04965698930479484,0.026504059750444273,0.0468648974675421,-0.0034027569932504856,-0.03980632378697697
2020-03-11,-0.014411422470683612,-0.0031631517093922783,-0.05457535858181157,-0.03980632378697697,-0.2309854862297321,0.051412206872419236,-0.2142612781149638,-0.10433861075444784
2020-03-12,-0.06927457804802291,-0.04142713609916788,-0.1298150120797336,-0.10433861075444784,0.6931140454848085,0.08838787598056562,0.46428489858047356,0.06463768776252701
2020-03-13,0.04727091357163145,0.06499436582002097,-0.025248652649122082,0.06463768776252701,-0.24397349627261594,0.09024301846914314,0.136312589617281,-0.11809531135877753
2020-03-16,-0.09236183801451392,-0.005815260933566351,-0.13187609814738413,-0.11809531135877753,0.11018171841851292,0.12606083721381778,0.21521805298312394,0.06763111324096954
2020-03-17,0.02429746820515779,0.07743436696927515,-0.029165731713029493,0.06763111324096954,-0.053089680697988105,0.10660009868230465,0.09065531585654205,-0.013475834038547529
2020-03-18,-0.05578881565266733,0.03632968395354026,-0.06375697773300035,-0.013475834038547529,0.2292146205677288,0.10008666168654061,0.26852153761820674,0.05116168127475585
2020-03-19,0.02769785622067846,0.09960335575537865,0.004270145865639303,0.05116168127475585,-0.1708264513761423,0.09533320988973928,-0.03001231035394586,0.002406577913934056
2020-03-20,0.030491430203529804,0.05410686967677444,-9.030772881741534e-05,0.002406577913934056,0.022152952054953254,0.054197177405591684,0.019113115851583016,0.07922188466041068
2020-03-23,0.04425450242003606,0.09530195882219997,0.023898668357918536,0.07922188466041068,0.2144192463025204,0.07140329046428152,0.20765743838150713,-0.008222066923613786
2020-03-24,0.026622230893042546,0.0345369526323183,-0.020300683277286395,-0.008222066923613786,-0.1445987431699908,0.05483763590960476,0.011524476798187197,-0.04268130339066611
2020-03-25,0.010301696151476612,0.013012537625305763,-0.05213024406460068,-0.04268130339066611,-0.28331826705034363,0.06514278168990643,-0.299646551757838,0.05842488790545657
2020-03-26,0.004691309844867842,0.06076378764243981,-0.0019294304821935125,0.05842488790545657,-0.19283377556143635,0.06269321812463326,-0.42560507139690007,-0.0163033696197749
2020-03-27,-0.010802215294744233,0.015228213512004889,-0.02790724447065011,-0.0163033696197749,0.0948372642713042,0.04313545798265494,-0.26760529073088485,0.03802234801067773
2020-03-30,0.01633090307607881,0.056293012585423734,0.01127686749821159,0.03802234801067773,0.08129610244802975,0.04501614508721216,-0.12875282805846572,0.012164192704394113
2020-03-31,-0.00820157540438463,0.03196680605687436,-0.012259433552016459,0.012164192704394113,0.08282241759403358,0.044226239608890855,0.05771009348976918,-0.03088480119330735
2020-04-01,0.0014636502132373275,0.012517850592504107,-0.039325059458610596,-0.03088480119330735,-0.33914489162243433,0.05184291005111479,-0.2286668236893274,0.01634553312240751
2020-04-02,0.0,0.01880143205019766,-0.011102951054766932,0.01634553312240751,-0.37357006418939853,0.029904383104964523,-0.550993921820783,-0.022738210559879776
2020-04-03,-0.007077455301808517,0.002213305794207314,-0.0345558644095675,-0.022738210559879776,0.05677849531217299,0.03676917020377483,-0.42572964147140374,0.049084969198061344
2020-04-06,0.009518921930957908,0.049953129648207875,-0.00013814680408265654,0.049084969198061344,0.5209657761915246,0.05009127645229056,0.18189007082142666,-0.02041966492129206
2020-04-07,0.00010531126692202121,0.0035991853156081945,-0.02834836366472857,-0.02041966492129206,-0.14965196150467228,0.03194754898033672,0.04516340413486885,-0.003120829245693223
2020-04-08,0.004636284603374303,0.016279151784752064,-0.01072126687083078,-0.003120829245693223,-0.019706412578915082,0.0270004186555828,0.09683952245767043,-0.0010784244695442868
2020-04-09,-0.000161699828419008,0.0026371634617163493,-0.02203993313923675,-0.0010784244695442868,0.10987635002650468,0.024677096600953127,0.19920494733716027,0.06778374167206945
2020-04-13,0.001590284375181684,0.07729167940411061,-0.008179622060374482,0.06778374167206945,0.41629503444265,0.08547130146448502,0.5213544500746465,0.04154765057974094
2020-04-14,0.00196416960533735,0.05181998907145945,-0.004724803087651145,0.04154765057974094,-0.009615995794168067,0.056544792159110596,0.3320650727173926,0.031419928727858044
2020-04-15,-0.0013308405808679093,0.05052166320851212,-0.003148490642518921,0.031419928727858044,0.1578469499697278,0.05367015385103113,0.41131129396507304,0.0286882338854291
2020-04-16,0.023734868757510567,0.051981995539476425,0.011324042657936939,0.0286882338854291,0.1733875195528943,0.04065795288153937,0.4493247365507164,-0.0376089318432561
2020-04-17,-0.018778522981553126,-0.016460971777331582,-0.05733118099393002,-0.0376089318432561,-0.24561066501901138,0.04087020921659843,0.038894141403387046,0.033776215110852895
2020-04-20,0.02845907423168673,0.04964994119695143,0.01780903546947007,0.033776215110852895,0.0031259794132920435,0.0318409057274813,-0.03571877571723466,-0.008401122020329024
2020-04-21,0.01650346042851956,0.021504750731891373,-0.027553890655063824,-0.008401122020329024,0.6050706868997265,0.049058641386955204,0.5547758522162083,-0.02902281839368086
2020-04-22,-0.009495644376825053,-0.001915028546704119,-0.04920516444142265,-0.02902281839368086,-0.09463389328150612,0.047290135894718505,0.2994933435747904,0.012451226746297516
2020-04-23,-0.0051386992992618254,0.03952461600771287,-0.0051386992992618254,0.012451226746297516,-0.4129080325083329,0.044663315306974594,-0.20534104681910073,-0.004015495120734542
2020-04-24,-0.003991978357544759,0.0011008910322494053,-0.025684360086093132,-0.004015495120734542,-0.47705667550772946,0.026785251118342672,-0.6566629293725068,-0.00853060117457286
2020-04-27,2.351676318968658e-05,0.009391302335062022,-0.009812946923044318,-0.00853060117457286,-0.32161588167169813,0.019204249258106404,-0.9297170401339849,-0.042541068020911246
2020-04-28,-0.0033041364372276513,-0.0009022535484282071,-0.04482182995361121,-0.042541068020911246,0.4756824166212263,0.04391957640518296,-0.37043502384212507,0.01976232043954319
2020-04-29,-0.01070514886275475,0.029354646967760144,-0.025658802280745383,0.01976232043954319,-0.0412399364901668,0.05501344924850539,-0.21473658323749806,0.019141215761657896
2020-04-30,-0.003843374982308736,0.030014355352167985,-0.00948914770062101,0.019141215761657896,-0.1977393453951636,0.039503503052789005,-0.20221703395238474,-0.010968597788210391
2020-05-01,-0.011378104543191428,0.01915560117949513,-0.019529716298995803,-0.010968597788210391,0.04256851975170228,0.038685317478490786,-0.02815916323621278,0.03054464801846933
2020-05-04,0.00602605388189634,0.03145516333023312,-0.0009637150035571007,0.03054464801846933,-0.06223512411435645,0.032418878333790334,-0.08194821171420966,-0.008137660463315773
2020-05-05,-0.00137892785751595,0.006634485303321196,-0.015511495318836905,-0.008137660463315773,-0.21563568008287085,0.02214598062215804,-0.3329025686022091,0.022307493913531314
2020-05-06,0.010820073405311291,0.03491598109998054,0.004018510053703545,0.022307493913531314,0.05785192179427456,0.030897471046276947,-0.184026629672627,0.00521369579650001
2020-05-07,0.0060380254551786056,0.010582635467495586,-0.008324443234302738,0.00521369579650001,-0.16600369592279202,0.018907078701798277,-0.27125911199866787,-0.002247491372341285
2020-05-08,-0.005490002175026983,0.01245280069485315,-0.006642438446023711,-0.002247491372341285,-0.11097126839336313,0.01909523914087688,-0.3177033907195037,0.011346197766646372
2020-05-11,0.0017892172327419332,0.021217417656885396,2.294660107074324e-05,0.011346197766646372,0.08294977269731826,0.021194471055814616,-0.13635778106118374,-0.019946988665172773
2020-05-12,0.0033540943005481703,0.008251562873519261,-0.02101275996571319,-0.019946988665172773,-0.17653446994771244,0.029264322839232332,-0.2364666086956593,0.014826334779971409
2020-05-13,0.008922170518311625,0.034549795308514715,-0.01059265661678211,0.014826334779971409,0.4223287686909922,0.04514245192529679,0.24557193921617163,0.0083615954487243
2020-05-14,0.01501442438580638,0.03168736051039521,-0.012513179418280092,0.0083615954487243,0.2500638723814201,0.0442005399286755,0.4828192323197993,0.02731883787431223
2020-05-15,-0.002832381678601593,0.02910067234920399,-0.010097196477957085,0.02731883787431223,-0.21788402361894435,0.03919786882716114,0.15061744809854571,-0.0035510541942097803
2020-05-18,-0.006693515676627787,0.004766422025403729,-0.02415607930025907,-0.0035510541942097803,0.07054697338649134,0.02892250132566302,0.15309165801833646,-0.0034085008862323033
2020-05-19,0.0018102111569943534,0.014020304202345037,-0.004673028479288561,-0.0034085008862323033,-0.4799194845884761,0.018693332681633628,-0.39316793104898834,-0.007499713726922249
2020-05-20,0.007091661085078765,0.010520054742439057,-0.01573143259675033,-0.007499713726922249,0.15326829143892245,0.026251487339189392,-0.24583912374981282,-0.025840842152057286
2020-05-21,0.00198611369532072,0.0028774792061839723,-0.039689845112109275,-0.025840842152057286,0.4861043873643247,0.04256732431829317,0.2803116429887237,-0.01601293038502945
2020-05-22,0.0017177390375218593,0.006488938971336622,-0.021010038451394004,-0.01601293038502945,-0.5196536279401301,0.027498977422730636,-0.2425248085220455,-0.03447836470824181
2020-05-26,-0.0036168651817174314,-0.001911840703549915,-0.03841604450569937,-0.03447836470824181,0.373947408353795,0.03650420380214943,0.18558581462663618,0.012268555995534775
2020-05-27,-0.010640662572639884,0.012578124611237718,-0.04162401145652669,0.012268555995534775,0.28178036069256507,0.05420213606776435,0.46408415362658484,-0.01548029045271397
2020-05-28,-0.006331162016424596,0.0058889611631355995,-0.020183677220879607,-0.01548029045271397,-0.6136900558509668,0.026072638384015193,-0.30799478061541524,0.015099193268048233
2020-05-29,0.00967624860698361,0.016456269001269726,-0.0038532052344829202,0.015099193268048233,-0.07339681822555957,0.020309474235752727,-0.3826332154916429,0.014639875760713466
2020-06-01,-0.002146541409705277,0.016516443939293284,-0.008974465322612982,0.014639875760713466,-0.3390865474523516,0.025490909261906346,-0.6160652891054441,0.0032582085748130837
2020-06-02,-0.00011733533790181414,0.003913253132785621,-0.015283363614243177,0.0032582085748130837,-0.06879827775797885,0.019196616747028928,-0.6352206082469375,-0.012575533376131908
2020-06-03,-0.0008428183639567462,-0.0004915651582418525,-0.02190867167371149,-0.012575533376131908,0.21105289795408577,0.021417106515469696,-0.28145792328307073,-0.01827146284399102
2020-06-04,0.0009948321058806913,0.015846473745806555,-0.02870390063135923,-0.01827146284399102,0.226012462633678,0.044550374377165754,0.18584313703321018,0.012639129353453663
2020-06-05,-0.01713726067614977,0.014163209903007127,-0.024629245765383168,0.012639129353453663,-0.0591794047477362,0.038792455668390416,0.13761173396461862,-0.0002621357000506872
2020-06-08,-0.008616631121610725,0.0028558502340644922,-0.03171788817823068,-0.0002621357000506872,0.13753593335085376,0.03457373841229514,0.28216143676701383,0.03411998771121563
2020-06-09,0.005135888730578474,0.035685419895052264,0.0019527731418979254,0.03411998771121563,0.1497832997318173,0.03373264675315426,0.3407077643640577,0.0009902498583150656
2020-06-10,0.004482501637554146,0.012910266690797267,-0.008096238484037444,0.0009902498583150656,-0.32787898651853914,0.021006505174834784,-0.11522167721392604,-0.02074401366133258
2020-06-11,-0.014559587543934403,0.02520438701127378,-0.02403920539806404,-0.02074401366133258,0.42134172677629145,0.04924359240933781,0.28519729987713904,-0.01775707927124743
2020-06-12,0.008051011585049958,0.01977678970337715,-0.031290982501340554,-0.01775707927124743,-0.14414449668573376,0.05106777220471764,0.07044989858022874,0.017616066443015003
2020-06-15,0.007933623246196408,0.01994001557154772,-0.006358811399748577,0.017616066443015003,-0.36888108235872513,0.026298826971296204,-0.3426592331057359,0.02467541017023329
2020-06-16,0.0006108821638246394,0.028862684672380613,-0.0007522848045013494,0.02467541017023329,0.2092649257134901,0.029614969476881883,-0.0884319619179674,0.026339377015008367
2020-06-17,0.012962201101968421,0.0323289744613576,0.007060106395484794,0.026339377015008367,0.17016226037811943,0.02526886806587284,0.12552280086010933,0.004678924016964739
2020-06-18,0.002141677779080179,0.011082488065069264,-0.01116154400158806,0.004678924016964739,-0.42295358101701935,0.02224403206665726,-0.35257922924384405,0.008521662726469374
2020-06-19,-0.0016685565310262562,0.009072461160654513,-0.009536921853220607,0.008521662726469374,0.32739067386203813,0.018609383013875335,0.08538370704322625,0.03107347659589408
2020-06-22,0.002839080647109929,0.03224790642015323,0.00107937372860794,0.03107347659589408,0.05532844828413259,0.031168532691545528,0.16023035781574121,-0.0038103739397031817
2020-06-23,-0.003295727611091739,0.01267465851352322,-0.007592205928722232,-0.0038103739397031817,-0.05298895096616405,0.020266864442245555,0.04189498720371321,-0.018201790446837153
2020-06-24,0.004878072188765714,0.012998001357339802,-0.02664617501685851,-0.018201790446837153,-0.20906286730010773,0.03964417637419817,-0.18249421051662507,0.017450857689678665
2020-06-25,0.0022035710048183698,0.019809059069102693,-0.008444384570021333,0.017450857689678665,-0.1546930063521994,0.028253443639123986,-0.27657209014234935,-0.04952017328718939
2020-06-26,0.0010297187637103445,0.004539952510539603,-0.05213977485364876,-0.04952017328718939,0.4982471477201152,0.056679727364188436,0.22693856640548157,0.008623040820329364
2020-06-29,0.004118675220384436,0.00958401504516854,-0.025722674563480902,0.008623040820329364,-0.33987272420935377,0.035306689608649466,-0.14452207378701248,0.01729002127578901
2020-06-30,0.006196660364352178,0.02287822056006767,-0.0005367297622895929,0.01729002127578901,-0.143013507049365,0.02341495032235728,-0.235158258776647,0.06508222898935231
2020-07-01,-0.002288131068629151,0.07040128170554656,-0.002288131068629151,0.06508222898935231,0.838006629383049,0.07268941277417569,0.6710097096263623,-0.01818175265930326
2020-07-02,0.0,0.013580081613526298,-0.021037590710159815,-0.01818175265930326,-0.4240429425431515,0.03461767232368594,0.06739946770523933,0.03486499927618752
2020-07-06,0.00810313923552666,0.046321774312978216,0.00608350181518269,0.03486499927618752,0.21042026972520675,0.04023827249779561,0.2057989876188383,-0.0013171349588768932
2020-07-07,0.007062715528454025,0.0220510609369104,-0.006052998932258467,-0.0013171349588768932,-0.3239397943067559,0.028104059869168807,-0.15004493680818345,0.019318992882631406
2020-07-08,0.010930388880486452,0.02392269287661645,0.0013171349588768243,0.019318992882631406,0.003837492387138933,0.02260555791773959,-0.17097195399484288,0.009856217981337071
2020-07-09,0.011115846066999165,0.014258029468736342,-0.014020434159343642,0.009856217981337071,0.025807436326645585,0.028278463628080057,-0.18843813181583755,0.07759762304634497
2020-07-10,0.023300523507755154,0.09054355189623647,0.006908438879219566,0.07759762304634497,1.3081361307338906,0.08363511301701675,1.235818256431459,-0.04325636147866443
2020-07-13,0.03447967546659988,0.047406753091170734,-0.051933261015705605,-0.04325636147866443,-0.16065622503554805,0.09934001410687635,0.679132042504703,-0.0011805305303142584
2020-07-14,-0.01615257084176177,0.0,-0.0689452887161956,-0.0011805305303142584,-0.1987081437813242,0.06894528871619558,0.27635505957136614,-0.0030911687188480627
2020-07-15,-0.016481632694855374,0.007818815434552342,-0.028406010135771848,-0.0030911687188480627,-0.4043552245651219,0.03622482557032431,-0.2803354744155319,0.007861806159518283
2020-07-16,0.006134844991900938,0.02319712304966157,-0.036788161407431644,0.007861806159518283,0.8893993534256315,0.059985284457092995,0.5454593522500153,-0.06745139718091306
2020-07-17,-0.06364519076211976,-0.046177814737340526,-0.08556613136392417,-0.06745139718091306,0.019899465295486377,0.03938831662658371,0.33201632271296805,0.018927656361080417
2020-07-20,-0.007840108513000413,0.023078969388252654,-0.017990878840220208,0.018927656361080417,-0.7386125324096746,0.04106984822847289,-0.4436659136393524,-0.024807124221110085
2020-07-21,0.007120097242579277,0.007554848070426175,-0.027851915386437893,-0.024807124221110085,-0.2701404573693824,0.035406763456864186,-0.6418602386475646,-0.0005714727654506135
2020-07-22,0.00425543910028428,0.014382966520040855,-0.005934676216896214,-0.0005714727654506135,-0.2704473622124685,0.020317642736937057,-0.8408670310228356,-0.02530627188903652
2020-07-23,0.002670892505002513,0.004237470980584739,-0.03701659444525541,-0.02530627188903652,0.10474198414694216,0.04125406542584022,-0.6967472710571394,0.005991453598453796
2020-07-24,-0.01861945340898834,0.01988144571233185,-0.021246731853179494,0.005991453598453796,0.0031290026951409323,0.041128177565511265,-0.4496575233682729,0.031146878160003194
2020-07-27,0.008414948749724534,0.033705947755366984,0.003863913350597116,0.031146878160003194,0.01497853018351419,0.029842034404769877,-0.10059711888115155,-0.014510027061336816
2020-07-28,0.0007462677153119878,0.004308283083421609,-0.01604650315110219,-0.014510027061336816,-0.27264058860152635,0.02035478623452375,-0.2747647188501233,-0.008283788477540233
2020-07-29,0.0076267088104873424,0.013036167350787244,-0.009006549209126575,-0.008283788477540233,0.09931558934824553,0.022042716559913758,-0.09275500680736115,0.0027208650264458085
2020-07-30,-0.007812029329619432,0.007956153912966692,-0.014491098627053634,0.0027208650264458085,-0.00048410033924760316,0.02244725254002036,-0.08375729116859282,0.006320016314808019
2020-07-31,0.005112408010235778,0.018356577007239118,-0.0026796071818395288,0.006320016314808019,-0.11066057762617547,0.02103618418907876,-0.16293937420197163,0.019727202232395272
2020-08-03,0.004041854336854743,0.028651972351880474,0.002757573879284455,0.019727202232395272,-0.007328650033526315,0.025894398472596024,-0.11627787095430515,0.021860335078923328
2020-08-04,6.020770128689636e-05,0.02342880094850817,6.020770128689636e-05,0.021860335078923328,-0.0461884537361807,0.023368593247221223,-0.10024223271890147,-0.014885417865836935
2020-08-05,-0.0018854721332484628,0.0009021441384874751,-0.01669940617497601,-0.014885417865836935,-0.2636739662604268,0.017601550313463422,-0.351623443277295,0.013786003687375507
2020-08-06,0.003975294282162254,0.01719810197795667,-0.0068144988858090064,0.013786003687375507,-0.14521175008525822,0.024012600863765745,-0.4186170997700809,-0.028593043134425875
2020-08-07,-0.007156108333431586,-0.0015530710878035392,-0.04499838583737375,-0.028593043134425875,0.4613881581644053,0.04344531474957018,0.15014594084039912,-0.023209030878187858
2020-08-10,-0.0027933078270280525,0.00550296826953519,-0.03308431591664321,-0.023209030878187858,-0.23100817828086867,0.03858728418617834,-0.08062628172039812,-0.03462374920138443
2020-08-11,-0.007538016612556698,-0.0051022032595131155,-0.03543795017909036,-0.03462374920138443,0.44617795615374223,0.030335746919577317,0.41315161683262314,0.018124436632539306
2020-08-12,0.009400307510501476,0.03278083606742615,0.006936262718745138,0.018124436632539306,-0.2982343781937701,0.025844573348680833,0.046328129074276955,0.012249286380619664
2020-08-13,0.00614339870015746,0.018710413405774527,0.0020589882761872544,0.012249286380619664,-0.5920574277668901,0.016651425129587272,-0.5883662584276352,0.0028008469438617653
2020-08-14,0.003090850851069681,0.014438317064389963,-0.002329587186228833,0.0028008469438617653,-0.02197521397704379,0.016767904250618824,-0.5835233953274096,-0.0006839361800224808
2020-08-17,0.003123424745710087,0.007348400015418601,-0.007444599746101723,-0.0006839361800224808,-0.19438657318288538,0.014792999761520292,-0.6585980226915804,0.01954445524944743
2020-08-18,0.004137809955401783,0.026493610678189873,0.0009324596692804533,0.01954445524944743,0.36912038736159164,0.0255611510089093,-0.18759928952459512,-0.015035128866510072
2020-08-19,0.004179378733362266,0.005332706971552085,-0.01716317618539474,-0.015035128866510072,-0.10496439133299007,0.022495883156946932,-0.0930898598006047,0.02721994138270538
2020-08-20,0.0003302171855425402,0.029306537572275783,-0.0013217237555515659,0.02721994138270538,0.4862240975790563,0.030628261327827356,0.5344770510248034,-0.011290693116890613
2020-08-21,-0.00289635758787858,0.0004618095855590031,-0.015993880931240087,-0.011290693116890613,-0.26916963843347275,0.01645569051679909,0.1332101222268263,-0.007134702392257793
2020-08-24,0.006337651840076936,0.017497491709177537,-0.01876067802121478,-0.007134702392257793,0.19428651486526904,0.03625816973039246,0.27208334240101584,0.0036144606870313644
2020-08-25,-0.0012691971851966218,0.007459701987416364,-0.007639459071531669,0.0036144606870313644,0.18460430764233907,0.015099161058947883,0.3354154772420239,0.1098288873983631
2020-08-26,0.003906123398348118,0.11258294915820838,0.003052971407368236,0.1098288873983631,1.2689307994253165,0.10952997775084013,1.5013222466531937,-0.03960285646297564
2020-08-27,-0.01796767228472634,-0.011997973970463266,-0.049187451499147404,-0.03960285646297564,-0.8100556962726255,0.03718947752868408,0.12681475051020355,-0.004532630694356822
2020-08-28,0.01082913553342843,0.02390123106925551,-0.008146765650845959,-0.004532630694356822,-0.7186152319260634,0.03204799672010143,-0.6857127088761402,0.010764759818464803
2020-08-31,-0.005224619453996983,0.015342979384598316,-0.012117646093816539,0.010764759818464803,0.11207476664740942,0.027460625478414834,-0.5848908078242793,0.04971049473254851
2020-09-01,0.005724144591955518,0.05121864870543461,0.005442479127716062,0.04971049473254851,0.6612666054755281,0.04577616957771851,0.07234280813676722,-0.006688356093822687
2020-09-02,-0.004989525799923022,-8.979387103241378e-05,-0.035070130808596875,-0.006688356093822687,-0.4861857540134025,0.034980336937564416,-0.49667511723846985,-0.05024280681775803
2020-09-03,-0.014282841248772474,0.0020960783782074067,-0.05870457983488801,-0.05024280681775803,0.43236399239366513,0.06080065821309539,0.29166525690485495,-0.01862217795284568
2020-09-04,-0.010650893649708061,0.0030575993441655,-0.07865836709535036,-0.01862217795284568,-0.09244693485399295,0.081715966439516,0.1989763306374251,-0.017653207217425155
2020-09-08,-0.03480068060661463,0.011463951356924094,-0.04164588857272249,-0.017653207217425155,-0.39476692469321284,0.05310983992964659,-0.30346124322729523,-0.013562397549559943
2020-09-09,0.023758009306194056,0.025278367651485435,-0.02891386205149963,-0.013562397549559943,0.2060915653688506,0.05419222970298507,-0.11395796322486501,-0.039807054473475635
2020-09-10,0.006297688612321731,0.012121613217431588,-0.04362155757221259,-0.039807054473475635,-0.0929590083868032,0.05574317078964417,-0.1332681452604344,0.002825342516623155
2020-09-11,0.012035318773095953,0.02680783941655444,-0.008062908335674789,0.002825342516623155,-0.21455898582175084,0.03487074775222921,-0.3576888879379075,-0.012042422355738769
2020-09-14,-0.002929391618051454,0.01433566937707908,-0.022511477824719597,-0.012042422355738769,0.3794843953269561,0.03684714720179883,0.14069333221510644,0.040591833480369696
2020-09-15,0.016121026181218485,0.04357137433766868,0.011212234967250451,0.040591833480369696,-0.3212739453031536,0.03235913937041826,-0.15166787645884602,-0.024760104069597867
2020-09-16,0.00803236366653074,0.01732918179889204,-0.025897449303078628,-0.024760104069597867,-0.194218919602079,0.043226631101970614,-0.3382681610385837,-0.02863749563112935
2020-09-17,-0.018144076457111302,-0.011348435646640063,-0.04348561125265147,-0.02863749563112935,0.20211347643456198,0.032137175606011446,-0.0532091795435878,-0.000510595558475871
2020-09-18,0.004900753264029803,0.019377147512767545,-0.02497976210865696,-0.000510595558475871,0.2221875798610317,0.044356909621424426,0.199797761804231,0.03633501302410148
2020-09-21,-0.004841845473958428,0.037216931745703855,-0.007775457200142914,0.03633501302410148,-0.20775502460336062,0.04499238894584698,-0.06732894402731136,0.007807748547271343
2020-09-22,0.003400395826616532,0.009130216452811946,-0.016739343043558664,0.007807748547271343,-0.449297814426483,0.02586955949637043,-0.449257502116014,-0.04276056880946672
2020-09-23,-0.0002647191184838775,-0.0002647191184838775,-0.04618751087336553,-0.04276056880946672,0.06774962513246054,0.04592279175488157,-0.3111158947945713,0.005234735954362502
2020-09-24,-0.00016999426219101713,0.013486763837969656,-0.00594610453088697,0.005234735954362502,0.00021466137251038706,0.019432868368856625,-0.2842634862218078,0.02050365929274675
2020-09-25,0.0027652718349236542,0.02461632470127123,-0.010732052578016864,0.02050365929274675,0.011258556079940332,0.03534837727928818,-0.2039592715612616,0.01596287637126492
2020-09-28,0.012819260410261669,0.018710593707189024,-0.010408521020595281,0.01596287637126492,0.2361639508555605,0.029119114727784254,0.1686783784421632,0.005751307882160719
2020-09-29,-0.0023465371066213304,0.011429451214204354,-0.008432452493676116,0.005751307882160719,-0.2985294222444105,0.01986190370788056,-0.09533841602857886,0.013185741119812206
2020-09-30,-0.0018457406729561307,0.022343189721170102,-0.008567876256463294,0.013185741119812206,0.26889163919463777,0.030911065977633587,0.17051863060952765,0.053499748437864945
2020-10-01,0.011927905066909814,0.057359560201981415,0.007114250624704771,0.053499748437864945,0.5650298065554042,0.050245309577276555,0.6901371329651419,-0.04745836967606462
2020-10-02,-0.021228030180059348,-0.0021634048851898974,-0.0481742322984912,-0.04745836967606462,-0.2949155328540163,0.046010827413301335,0.1992434776467493,0.03436856217237576
2020-10-05,0.007407012041548865,0.03502138653977855,-0.0027071474338539224,0.03436856217237576,-0.39547596466581825,0.037728533973632565,-0.28474240692628366,-0.028798249723958416
2020-10-06,-0.0037137342825886333,0.002244681024726635,-0.032184319326684,-0.028798249723958416,0.026766087260308557,0.03442900035141053,-0.232430137619079,0.055351268557007574
2020-10-07,0.02369547265544804,0.05876813526882654,0.019478126738109232,0.055351268557007574,0.6431816414592724,0.03929000853071721,0.3862325659424578,-0.005382332793812329
2020-10-08,-0.0022094496869496144,0.0006357234635248143,-0.01985310306700437,-0.005382332793812329,-0.3941322198092185,0.0204888265305292,-0.12441589838346148,0.014282878313473362
2020-10-09,0.011293852049219306,0.02321515547601769,0.006018056257337175,0.014282878313473362,-0.1191833472977408,0.017197099218680553,-0.14849068026791046,0.000685638183743618
2020-10-12,0.017220738321024887,0.0226722107506271,-0.002226987227117727,0.000685638183743618,0.12003696967736592,0.024899197977744807,0.019173195113551384,0.026109928450681063
2020-10-13,0.0013884275915938403,0.03251430735959429,-0.004846719763365432,0.026109928450681063,0.03846348096120961,0.03736102712295962,0.009537528963621773,-0.02307640105777563
2020-10-14,0.015259563135357404,0.032668142035578704,-0.023907884944872178,-0.02307640105777563,0.5279736032151003,0.056576026980450944,0.4881660990197962,0.000904564180961854
2020-10-15,0.0074886995588750995,0.01788329887903531,-0.011797120578881392,0.000904564180961854,-0.6193806560119995,0.029680419457916715,-0.18172813334283552,-0.020788862939212192
2020-10-16,0.013853489018170694,0.022604854344521703,-0.02222172108355652,-0.020788862939212192,0.216239406342601,0.04482657542807841,0.04346830729997735,-0.00013188702282078678
2020-10-19,0.011762017697870478,0.020530499513080964,-0.010244659750028761,-0.00013188702282078678,0.1758174816750899,0.030775159263109766,0.16903147162700088,-0.010036609470467969
2020-10-20,-0.00487316427420128,0.005749189431411503,-0.016068967269498812,-0.010036609470467969,0.28343122680804334,0.02181815670091034,0.3865697882127262,-0.07173323050145292
2020-10-21,-0.04753194695458387,-0.03598281035422061,-0.07337035389446456,-0.07173323050145292,0.5495037500609536,0.037387543540244074,0.8136519920031413,-0.007841727972463202
2020-10-22,0.011466630762653909,0.01237584085465507,-0.014520578896580316,-0.007841727972463202,-0.9111876347364223,0.02689641975123529,-0.28399345904273404,0.0062660128732159185
2020-10-23,0.005917826365816242,0.009904862371097922,-0.008028359449348101,0.0062660128732159185,-0.3506971702287745,0.01793322182044604,-0.6744400385542657,-8.187856304277215e-05
2020-10-26,-0.002563289020121203,0.01733877781063788,-0.019397199072853442,-8.187856304277215e-05,0.22739190584975932,0.0367359768834913,-0.4172595131100869,0.00141224666297711
2020-10-27,0.0036186727358741284,0.004597771968947363,-0.010935414666391238,0.00141224666297711,-0.5338438388961686,0.01553318663533862,-0.9212365753993105,-0.005517021310776157
2020-10-28,-0.005270238719886407,0.010316186299672172,-0.011623184258568717,-0.005517021310776157,0.5020810610504888,0.021939370558240873,-0.267287616881759,0.03629053593787335
2020-10-29,0.004637099781119886,0.055326341655618366,-0.014292222216519348,0.03629053593787335,0.6182661746598624,0.06961856387213786,0.6956663797465276,-0.05812136230775497
2020-10-30,-0.004372832336182371,0.00330663534173874,-0.06556906029126702,-0.05812136230775497,-0.35367219482975154,0.06887569563300583,0.20339215549466053,0.017461269929314075
2020-11-02,0.006557669400017549,0.021954225278032383,-0.001556710061187934,0.017461269929314075,-0.5716695987795773,0.023510935339220374,-0.4548319530100878,0.006382984936544111
2020-11-03,0.0016717672281900756,0.02285100941361609,-0.011133367493705708,0.006382984936544111,-0.1777857857465048,0.033984376907321784,-0.5800760091098244,0.019773642311351647
2020-11-04,0.016568987830040658,0.04123401781839437,0.013779237482901684,0.019773642311351647,0.3308469924985484,0.027454780335492573,-0.25113879098962955,0.03326680837608292
2020-11-05,0.019153330477655495,0.042894126491048845,0.012995015335344551,0.03326680837608292,0.0448215382768912,0.029899111155704473,-0.1800700415053292,0.0018862633910254974
2020-11-06,0.002410681014614356,0.0028183631135414514,-0.022140690347843037,0.0018862633910254974,-0.23765894113990566,0.024959053461384557,-0.22085687020582587,-0.08984654023021692
2020-11-09,-0.05838079181438553,-0.03736903987180983,-0.09675659788662731,-0.08984654023021692,0.9000079983626311,0.05938755801481761,0.8244126372319062,0.02048999991214334
2020-11-10,0.0009560143789108621,0.02952784668006084,-0.015183759976730342,0.02048999991214334,-0.22670806049819658,0.04471160665679113,0.364099757061174,0.021669271553810904
2020-11-11,0.005730695134651015,0.02354214076378861,-0.004131420587515102,0.021669271553810904,-0.4194498239699674,0.02767356135130356,-0.2037369704782637,-0.008163520256416899
2020-11-12,0.0004888824416718779,0.011668558976673687,-0.02127369330494765,-0.008163520256416899,-0.07544291927479134,0.032942252281621405,-0.28878934473774126,-0.008106349969978622
2020-11-13,0.0,0.0044481091379273375,-0.018599484676170733,-0.008106349969978622,-0.5225855574699089,0.02304759381409818,-0.8021866036171009,-0.007776003345298788
2020-11-16,-0.00589924014755262,0.005658681033195321,-0.01154012962832914,-0.007776003345298788,0.27511467234126274,0.017198810661524313,-0.4895372919813037,0.003188396907996675
2020-11-17,0.002126753564168489,0.01740145107604159,-0.0005219797885997593,0.003188396907996675,-0.06680738200876218,0.017923430864641435,-0.33259789048063204,0.002410614588758735
2020-11-18,0.0027426302856854976,0.016466888890551097,-0.006072964227123493,0.002410614588758735,-0.01880693593010956,0.022539853117674646,-0.15454108714668705,0.00595987526048855
2020-11-19,0.0004357776782736743,0.012397108556209574,-0.0027435422836543134,0.00595987526048855,-0.47599531190300737,0.015140650839864052,-0.5400980360117426,0.007338887652075239
2020-11-20,0.0011341556665457513,0.020604604203874003,-0.006416596714081402,0.007338887652075239,0.6347017366965605,0.027021200917955564,0.2514776723644263,-0.02408761367024758
2020-11-23,0.004536640371732351,0.005942499181587932,-0.025725459537813487,-0.02408761367024758,0.24174964923269898,0.031667958719401465,0.42032593603055646,0.013048636848756255
2020-11-24,0.004646987358952891,0.015468680504284451,-0.0015327516054916023,0.013048636848756255,-0.4223798736995776,0.01700143210977617,-0.0810886003667513,0.0043807526454647415
2020-11-25,0.0046487680309004464,0.008290596691850581,-0.00823460512750668,0.0043807526454647415,0.013456442296269987,0.016525201819357224,-0.05993588164406313,0.013028198051390877
2020-11-27,0.0032524564892335572,0.01686726943284317,-0.006516000139802952,0.013028198051390877,-0.2488561776337464,0.0233832695726459,-0.30718904988749896,-0.0013441521122090252
2020-11-30,-0.0026084577358240647,0.002418910998231318,-0.02074866863663514,-0.0013441521122090252,0.22986409265361074,0.02316757963486641,-0.10580845972384247,0.02789346681892334
2020-12-01,0.0033366214105449423,0.03753800524211776,0.002605166221260892,0.02789346681892334,0.3583699579202293,0.034932839020856976,0.29007176817969615,-0.0023810267643469166
2020-12-02,-0.005883567707064467,0.004390050773017061,-0.02220357574158484,-0.0023810267643469166,-0.5118883266293605,0.026593626514601933,-0.20237731103464784,-0.011709642217791815
2020-12-03,-0.0007750919918956841,0.010650649498277686,-0.014688806450997485,-0.011709642217791815,-0.06913675790656258,0.025339455949275405,-0.24294687242293447,0.001586664326238333
2020-12-04,-4.017811480222905e-05,0.013932120202898636,-0.007829260275660976,0.001586664326238333,0.26025803396267544,0.02176138047855966,0.06113515798768849,0.03445790177824647
2020-12-07,0.0034056881963980545,0.038289434251680646,-0.0010842675057451821,0.03445790177824647,0.1569678461599287,0.039373701757426015,0.1694119827796637,-0.00606746602678265
2020-12-08,0.004101890289596873,0.011009764627241752,-0.02003334924401604,-0.00606746602678265,-0.014157990972704548,0.03104311387125791,0.1142170438383202,-0.03788734983466667
2020-12-09,-0.004163405500228643,0.0035827353117073683,-0.042578217063988434,-0.03788734983466667,-0.011941434509135719,0.04616095237569588,0.14692595568977493,0.015060263856388393
2020-12-10,0.0019430193440603473,0.020394307941322822,-0.0013988759304929686,0.015060263856388393,-0.32536349677890275,0.021793183871815846,-0.24025950360987153,0.004241673514982901
2020-12-11,-0.012227986244183205,0.004480129997767051,-0.012531050136101288,0.004241673514982901,0.06189064447398956,0.01701118013386843,-0.18832981873784466,0.037444450839723184
2020-12-14,0.004401889367057091,0.040769565883418526,-0.004062103723072034,0.037444450839723184,0.5861901305310233,0.04483166960649056,0.4216321091379035,-0.005066215707852883
2020-12-15,-0.007531874926713907,0.0043548207898684915,-0.01710502505448117,-0.005066215707852883,-0.5304670967114773,0.021459845844349578,-0.1841804620468913,0.009668775733090367
2020-12-16,0.000634700717302532,0.014515674184907805,-0.004029030491386391,0.009668775733090367,0.08129040802504602,0.018544704676294127,-0.06115865767085289,0.015259373290015945
2020-12-17,0.007914027510073711,0.020107778395000983,0.0030629509033124674,0.015259373290015945,-0.14247853359743068,0.017044827491688525,-0.17794884471216624,0.0029043685270313197
2020-12-18,0.0005627760982439611,0.006490434293816729,-0.012994549028042642,0.0029043685270313197,0.34359103692477777,0.019484983321859425,0.1565001778414791,-0.010419911876472695
2020-12-21,-0.008266813139541286,-0.0034299312205696548,-0.02520023461755292,-0.010419911876472695,-0.1452403098982337,0.021770303396983257,-0.05368437287356274,-0.0029916921981442807
2020-12-22,-0.0023092539777112477,0.0028131929993346176,-0.016028389736186602,-0.0029916921981442807,-0.7141153558726672,0.018841582735521157,-0.6720192234982207,-0.024669852925071026
2020-12-23,-0.0048855225738941264,-0.001917178737334169,-0.025214311713234957,-0.024669852925071026,0.22730983145639896,0.023297132975900636,-0.3616242337201234,-0.0009918324861121885
2020-12-24,0.0012431853625855767,0.009421338106139609,-0.004422007704104667,-0.0009918324861121885,-0.7381004895761335,0.013843345810244243,-1.0217148818709103,0.009970160686122793
2020-12-28,0.004774896398997929,0.01867775480032474,-0.01339747987137945,0.009970160686122793,0.9273828325944629,0.03207523467170405,0.04375256128158624,0.022382157882620504
2020-12-29,0.0015014714638987513,0.03302468541198264,-0.007036534277748521,0.022382157882620504,0.3299650138617221,0.04006121968973107,0.4974492322943165,-0.011900205965202115
2020-12-30,-0.0013949353941389746,0.00449191001894676,-0.013617307797938433,-0.011900205965202115,-0.7625769869025993,0.018109217816885292,-0.2755720535850158,0.030303114780542074
2020-12-31,0.0017903057593142862,0.03908579315946221,-0.0027487945509750483,0.030303114780542074,1.0556702575332748,0.04183458771043745,0.7825530478240181,-0.03360638452643067
2021-01-04,-0.003204513689709075,0.00012944567886594195,-0.04857849215255245,-0.03360638452643067,-0.19332713331675003,0.04870793783141848,0.37147333460033594,-0.00394760232885789
2021-01-05,-0.002508604665031228,0.007469302343442565,-0.013420150314753465,-0.00394760232885789,-0.3493666414076204,0.02088945265819587,-0.17291209882005848,-0.03977851178544501
2021-01-06,-0.017100123899775645,-0.0148953413403521,-0.04175851269018778,-0.03977851178544501,0.5341077928453739,0.02686317134983568,0.348287677826631,0.016644267708949174
2021-01-07,0.01544484515706472,0.031371520539531274,0.01177871650705601,0.016644267708949174,-0.3717356560860896,0.01959280403247532,-0.09125267738210512,0.0029628679916647483
2021-01-08,0.00474418805423755,0.0085117156185286,-0.008644216539327076,0.0029628679916647483,-0.21477614935455588,0.01715593215785573,-0.39187576216735887,-0.022388276549725215
2021-01-11,-0.005028304817906608,0.0006463613114168673,-0.02469511636223844,-0.022388276549725215,0.24675709337596544,0.02534147767365526,-0.028684526633902713,-0.009765026803883041
2021-01-12,0.0018016250038890352,0.0039792753945708526,-0.027277064848922613,-0.009765026803883041,0.4535268717602913,0.03125634024349338,0.4579716043894206,0.027026516448075223
2021-01-13,0.0025258917582576344,0.035966550544092674,-0.00251201541901363,0.027026516448075223,-0.17432079584641308,0.038478565963106275,0.1432231429285852,-0.013741371392910037
2021-01-14,-0.0008668503072154603,0.013127607040364597,-0.016300213972807447,-0.013741371392910037,-0.18614834857558843,0.029427821013172,-0.028414220427243803,-0.005766669352861058
2021-01-15,-0.0017184932473929505,0.010842288194732092,-0.011566863203779261,-0.005766669352861058,0.34455118957003744,0.02240915139851147,0.2935451964677422,0.0075818879534948445
2021-01-19,0.006046148311475828,0.022379117808562433,-0.008956011174764298,0.0075818879534948445,0.7366427578826334,0.031335128983326924,0.9053767975454006,0.15575799657363182
2021-01-20,0.11942700431238157,0.16754148379704367,0.1041720663619379,0.15575799657363182,0.9745789431334968,0.0633694174351059,1.585999694361007,-0.011147583429498325
2021-01-21,-0.006656480336380939,0.004101838486777032,-0.027561921693144763,-0.011147583429498325,-1.0171844522860214,0.031663760179921896,-0.01760535808686515,-0.025625682807372714
2021-01-22,0.003890015135329715,0.007131606193095751,-0.027077572678686542,-0.025625682807372714,-0.4466239638267842,0.03420917887178219,-0.5710397022812658,-0.014956326559136592
2021-01-25,0.003232776576494701,0.008071100737262115,-0.029665794577502583,-0.014956326559136592,-0.046559116639730586,0.03773689531476467,-0.6668444869476108,0.009207087048279036
2021-01-26,-0.0036887128627128792,0.01993359512348944,-0.004897261862186645,0.009207087048279036,-0.3609077818164069,0.02483085698567608,-1.0462617111757795,-0.07126062435590264
2021-01-27,-0.02016896180164491,-0.00985392704373322,-0.08579389227874133,-0.07126062435590264,0.545716772813633,0.07593996523500804,-0.39299674089414705,0.028856514969465917
2021-01-28,0.023793602017462966,0.05551251091396241,0.014155607128305462,0.028856514969465917,-0.3733239830834242,0.04135690378565678,-0.2991995088359322,-0.011596918042512122
2021-01-29,-0.0011146457289313919,0.004446058932010386,-0.015756590824721962,-0.011596918042512122,-0.3220979070464027,0.020202649756732364,-0.46475323905294863,0.0124134935358398
2021-02-01,0.00823069882326354,0.023519616197735835,-0.0012404256405473058,0.0124134935358398,-0.19823837208804942,0.024760041838283158,-0.5645992223183356,0.01677748244985072
2021-02-02,0.005494688192244757,0.030042843671469227,-0.00020404597836062944,0.01677748244985072,0.06019506391446441,0.0302468896498297,-0.37961450145243464,-0.016017153312679534
2021-02-03,0.003660040661147688,0.004223381339554595,-0.018262667927838313,-0.016017153312679534,-0.17198131711250436,0.022486049267393015,-0.504901988738017,0.02328775582448138
2021-02-04,0.0006671107957025409,0.036457717844177236,-0.003602742079917436,0.02328775582448138,0.4873514156105304,0.04006045992409472,0.21717341314163302,-0.0024842669265424068
2021-02-05,0.00018112921055755596,0.004120747583860356,-0.012171705020941018,-0.0024842669265424068,-0.7763057194225012,0.016292452604801316,-0.51965113778357,-0.005224297690301527
2021-02-08,0.007614528508311761,0.007614528508311761,-0.012955980731552968,-0.005224297690301527,0.16114815622819312,0.02057050923986481,-0.2558430100356767,0.02014542812835163
2021-02-09,-0.003510339749416851,0.03246476369636988,-0.009019981664336213,0.02014542812835163,0.2826275892009638,0.041484745360706066,0.06961216869125766,0.008052341687190073
2021-02-10,0.006116418402402484,0.013467129659624537,-0.010085221397517403,0.008052341687190073,0.0748386739008761,0.023552351057142127,0.14816889040713296,-0.01070315233128395
2021-02-11,0.001507036151557359,0.004143311856707192,-0.016765321562225006,-0.01070315233128395,-0.37959562710356876,0.02090863341893221,-0.27792245072514987,-0.0019207883813005767
2021-02-12,-0.0011663864515822264,0.006542534024385178,-0.012161381866270896,-0.0019207883813005767,-0.21738305628832671,0.01870391589065601,-0.3502651134056816,0.0013647014668613817
2021-02-16,0.001382635749626213,0.01269487278851851,-0.006833501823439078,0.0013647014668613817,0.1775996711315944,0.019528374611957673,-0.1611132699430768,-0.01071615985690145
2021-02-17,-0.011351175673522932,-0.0036493278621684082,-0.025903225239668367,-0.01071615985690145,-0.23738262822209955,0.022253897377500057,-0.3875632630527371,-0.005675017628819491
2021-02-18,-0.004253188957421023,-0.002433380034221632,-0.02406564557440738,-0.005675017628819491,0.17126008830446432,0.021632265540185658,-0.10294982790122856,-0.014700188497169387
2021-02-19,-0.00040136760615619346,0.0014035540899753343,-0.017313626876900787,-0.014700188497169387,0.1457166415608925,0.01871718096687605,0.16241749691775023,-0.011992713955617186
2021-02-22,-0.009728386734429535,0.0029020361223608855,-0.017610016364207847,-0.011992713955617186,0.08014286643879795,0.020512052486568635,0.23341997638794296,0.022909955843126543
2021-02-23,-0.016585475587508485,0.027276466708455772,-0.029468118494422504,0.022909955843126543,0.2953750714542635,0.05674458520287832,0.45896840444607034,0.01320543611053995
2021-02-24,-0.01169500191860036,0.019402234478626507,-0.013048233676136767,0.01320543611053995,-0.24273466949204717,0.03245046815476326,0.10673794050272735,-0.012198957724706163
2021-02-25,-0.005690055507521027,0.005532079645368809,-0.032431481538525264,-0.012198957724706163,0.2704857530245287,0.037963561183894004,0.2997035348377153,-0.01446296451430665
2021-02-26,-0.0003475488281762127,0.011620530306440724,-0.01604162642733891,-0.01446296451430665,-0.12435304377832665,0.027662156733779687,0.06737564453556227,0.021644015232378775
2021-03-01,0.01239389724284021,0.024364442127224748,0.005828807622233897,0.021644015232378775,-0.21093012367803368,0.018535634504990895,-0.1943161445876563,-0.005134429992003878
2021-03-02,0.004891411058316518,0.011466086878365955,-0.008425596218021669,-0.005134429992003878,0.0002630021712839817,0.01989168309638749,-0.19203688157071092,-0.050772738826182884
2021-03-03,-0.003456058127523046,0.00034671787670318116,-0.05633844771014755,-0.050772738826182884,0.5668306981661053,0.05668516558685066,0.4360008344979824,-0.01823707876839395
2021-03-04,0.001535249392271725,0.02052917218294061,-0.025322695816055556,-0.01823707876839395,-0.06303783262639799,0.04585186799899614,0.2577333100971599,0.009925317229981847
2021-03-05,0.0013486225972173485,0.012574857751784626,-0.024751777623040025,0.009925317229981847,0.00696701416787905,0.03732663537482484,0.22529576705053955,-0.04568396774747613
2021-03-08,-0.0037445025111556038,0.004733235939927557,-0.046657427754148856,-0.04568396774747613,-0.24160683923953272,0.05139066369407637,-0.07924104803289454,0.02622755151543914
2021-03-09,0.02794391170674986,0.03931193817264261,0.02104073579571333,0.02622755151543914,-0.13757938440479123,0.018271202376929266,-0.25953161520249624,-0.003758781893061261
2021-03-10,0.013844123115817428,0.024440189140599942,-0.004333714833390334,-0.003758781893061261,0.08331820635278071,0.02877390397399037,-0.195055548131621,0.036049080926104336
2021-03-11,0.015068102953505249,0.04968260678779391,0.012154803053269646,0.036049080926104336,0.2231700656120465,0.03752780373452418,0.10005532626016621,-0.009682359954128859
2021-03-12,-0.020395464558008662,0.006574167723256876,-0.03199416980586907,-0.009682359954128859,-0.16893400214533263,0.03856833752912582,-0.05374702111997288,0.004295678987024806
2021-03-15,-0.00328708790385059,0.005217893391399976,-0.019473287031140436,0.004295678987024806,-0.13344170057315144,0.024691180422540336,-0.13399407580061418,0.00723943765769069
2021-03-16,0.008078707500030445,0.024999594019140037,0.005673402174989256,0.00723943765769069,-0.07303339721898071,0.01932619184415066,-0.18173476575193181,0.0007820990253061341
2021-03-17,-0.0038813297628214247,0.008247897682116513,-0.01874217354647916,0.0007820990253061341,-0.1394192921420607,0.026990071228595734,-0.30918382206847983,-0.03818852826767206
2021-03-18,-0.015449384133333452,-0.01254884017893306,-0.04005245987288073,-0.03818852826767206,0.3738301358840364,0.027503619693947642,0.11564099150366289,0.014533593541087669
2021-03-19,0.00033668316777542875,0.01650364870948696,-0.006279742769834265,0.014533593541087669,0.06886423537959581,0.022783391479321295,0.21909376533195665,0.02111568618909158
2021-03-22,-0.005972745233574689,0.0328981703905472,-0.005972745233574689,0.02111568618909158,-0.2663893156459971,0.038870915624121725,-0.0700080476635674,0.022643153195914575
2021-03-23,0.0128399014764142,0.03753851230146441,0.011952481103511011,0.022643153195914575,0.5076962904420053,0.025586031197953624,0.44457593207247553,-0.02704961939551197
2021-03-24,-0.0024511977657539342,-0.0012528641472452447,-0.02860612436941312,-0.02704961939551197,-0.3082924047380436,0.027353260222167976,0.013181913135108586,-0.03507352916874919
2021-03-25,-0.007361759205163167,-0.004387418984968755,-0.04679527510185107,-0.03507352916874919,0.18316627491952592,0.04240785611688243,0.13481035069189753,0.010268086558071522
2021-03-26,-7.950446871642416e-05,0.011586011972559403,-0.012365846578336965,0.010268086558071522,-0.3511693029567567,0.02395185855089622,-0.254292987114773,0.011546119427009017
2021-03-29,-0.004715329842583664,0.01939535359222561,-0.007210297074161983,0.011546119427009017,-0.04054808313608297,0.0266056506663876,-0.25289009650705335,-0.0010901894362842762
2021-03-30,-0.00671579301905295,0.000894656274910309,-0.013792482999085904,-0.0010901894362842762,-0.31999019616193836,0.01468713927399631,-0.5714520943827657,0.015980237762455655
2021-03-31,0.004431248118147969,0.028306656392242942,0.003985076034089017,0.015980237762455655,0.37066618293722775,0.02432158035815393,-0.04079938571796227,0.033478471454359386
2021-04-01,0.015728881235738953,0.035478581271947605,0.010241414433069156,0.033478471454359386,0.11717703944831712,0.025237166838878375,0.10976544792775084,0.002314622905481055
2021-04-05,0.0010931345867992528,0.0063385227207583775,-0.019071386826759542,0.002314622905481055,-0.16010533943278057,0.025409909547517998,0.007291334478927191,0.007113884969551286
2021-04-06,0.007627955489914795,0.02466235952554702,0.004852551208220262,0.007113884969551286,0.03464424590250774,0.019809808317326868,0.04867589978656641,0.004507523688444886
2021-04-07,-0.0018933425350538607,0.009340510212559992,-0.005672286492476775,0.004507523688444886,-0.4792919261111842,0.015012796705036791,-0.4392935230354482,0.013780529096723991
2021-04-08,0.007540152452510086,0.017955121226346984,0.001059762132282533,0.013780529096723991,0.6948191887521721,0.0168953590940642,0.27164053140239414,0.0013154106883468601
2021-04-09,-0.003413789907482856,0.004174592129622937,-0.013561221483796291,0.0013154106883468601,-0.3982518711173817,0.01773581361341925,-0.17456290216801998,-0.004566394354186878
2021-04-12,-0.007700943664350208,0.004796640966495075,-0.010372131018938233,-0.004566394354186878,0.01716353947176328,0.015168771985433259,-0.09485616430749415,0.001717133025596336
2021-04-13,0.007605163483983617,0.012530138078259041,-0.004496528257387156,0.001717133025596336,-0.07906099933745137,0.017026666335646232,-0.14814489619812815,-0.02507106760098958
2021-04-14,0.002056620108961971,0.002056620108961971,-0.027834005914762986,-0.02507106760098958,0.31842365376961673,0.029890626023724925,0.21925437771349104,0.016892950385454658
2021-04-15,0.007655539107925683,0.024637511929220375,0.004876795871359772,0.016892950385454658,-0.17522968748144818,0.01976071605786066,-0.056540565437454574,-0.004891620250196146
2021-04-16,0.0024005243104355005,0.005012741511344581,-0.017837781783491536,-0.004891620250196146,0.022054389366285284,0.022850523294836105,0.03860938903440382,0.01435111404806294
2021-04-19,0.0006584595418046412,0.01795188058953539,-0.001849660789550303,0.01435111404806294,0.2899931327158777,0.019801541379085474,0.30839709384155944,-0.008822432155867314
2021-04-20,-3.6053268019496843e-05,0.01631518756657929,-0.014790304795046541,-0.008822432155867314,0.965059799407112,0.031105492361625842,1.1915491145650337,-0.07688464599141759
2021-04-21,-0.07865473503266972,-0.06407643388849933,-0.08735385330269733,-0.07688464599141759,0.7099799108754162,0.023277419414198013,1.4965104760587653,-0.00023585091422837978
2021-04-22,0.009621487375028359,0.00989391803271894,-0.016544021638938932,-0.00023585091422837978,-0.9270328415079816,0.026437939671658098,0.011401118420007593,-0.006368719113093986
2021-04-23,0.0004520112214719586,0.0018066706084267521,-0.016008557446095993,-0.006368719113093986,-0.215061938718453,0.01781522805452268,-0.32783353555324735,0.009351812574723064
2021-04-26,0.0023905412649171134,0.009704514562206569,-0.005056796641961669,0.009351812574723064,-0.5098727455688272,0.0147613112041682,-0.9154245164970998,-0.009351812574723112
2021-04-27,0.0045360860384771225,0.0052575834904724245,-0.011272360453053182,-0.009351812574723112,-0.15429119887446652,0.01652994394352565,-1.0715402756183934,0.0019168664434195655
2021-04-28,-0.0006925520365437909,0.005621590742715942,-0.004381072763277805,0.0019168664434195655,-0.16380372859409026,0.010002663505993674,-1.0885672252770118,0.0048842285111588835
2021-04-29,0.002129884756172319,0.0054537976657092905,-0.014957691687084202,0.0048842285111588835,0.4737158035650809,0.020411489352793452,-0.07774729409665292,0.008743560920742157
2021-04-30,-0.007889617253137,0.010844721339157315,-0.007889617253137,0.008743560920742157,-0.15007666739371195,0.018734338592294356,-0.07474805418891506,-0.008527518014365248
2021-05-03,-0.0015982682389529437,0.01061594078301809,-0.01623720791186431,-0.008527518014365248,-0.07559064004090872,0.026853148694882503,-0.020540781594357432,-0.01171611469765166
2021-05-04,0.003274862362513869,0.004937582920567009,-0.02449667064239958,-0.01171611469765166,0.06105148610235306,0.02943425356296661,0.05482928495097004,-0.01421073624582643
2021-05-05,0.0035906632396459958,0.009100305768847482,-0.017137941118449185,-0.01421073624582643,-0.3292196030796385,0.026238246887296642,-0.3025609252404886,0.006970491341713649
2021-05-06,-0.0001814929491895754,0.006970491341713649,-0.009539809212575407,0.006970491341713649,0.18986107397696042,0.01651030055428917,-0.1096918465739351,0.008551005108712716
2021-05-07,0.010097976624173242,0.017855800237145506,0.0031378537854752906,0.008551005108712716,-0.18877519350872612,0.01471794645167025,-0.2326842067409088,-0.03463139118723047
2021-05-10,-0.0036586000520959124,-0.0013704258563492912,-0.035823797947641255,-0.03463139118723047,0.4934903280389939,0.03445337209129197,0.32777140396909815,0.017092010205304917
2021-05-11,-0.014362240672492286,0.022952648457458286,-0.016699509098391126,0.017092010205304917,-0.15358571356409373,0.03965215755584937,0.11947157700469488,-0.020611678332931666
2021-05-12,-0.016804395375845188,-0.0031154428179371784,-0.02532400181005022,-0.020611678332931666,-0.0656146130578092,0.022208558992113013,0.05122306182195792,0.0034580592083289234
2021-05-13,0.008520590376153327,0.011888268550526455,-0.004691618270422053,0.0034580592083289234,-0.4183464559045672,0.016579886820948415,-0.4165542406310598,0.013693701311826765
2021-05-14,0.002462730225094972,0.016688963841478555,-0.00014384730417900594,0.013693701311826765,0.060787254294499014,0.01683281114565767,-0.30228781027037205,-0.009019632989725251
2021-05-17,-0.015894828659359088,-0.0013386723349520576,-0.021636271288677966,-0.009019632989725251,-0.06348212644242923,0.02029759895372604,-0.35285054724132475,-0.0054552473586981995
2021-05-18,-0.0011050577966052928,0.009242519388048927,-0.0056403198252174104,-0.0054552473586981995,-0.14054777523659961,0.014882839213266365,-0.3586631809328679,0.0029159163034832443
2021-05-19,-0.00960840876960989,0.0046981693655955645,-0.016044751919997984,0.0029159163034832443,0.3543024231631159,0.02074292128559361,0.12562137105252075,0.028242057258965374
2021-05-20,0.0037861671007119804,0.030293107702449928,0.0026210924006028146,0.028242057258965374,0.10511570226710251,0.02767201530184702,0.2843839235065922,-0.0075633308479585055
2021-05-21,0.0028861863332018027,0.007407683707854094,-0.008829466239195213,-0.0075633308479585055,-0.11320830128181793,0.016237149947049244,0.10160579908293314,0.010012162869690122
2021-05-24,0.006326688855063174,0.012692963190951579,0.0032484236716953177,0.010012162869690122,-0.3201328914813023,0.009444539519256133,-0.247446669096258,-0.0031068702799244433
2021-05-25,0.006145277748878351,0.006876286476968042,-0.007344463299789158,-0.0031068702799244433,0.11236156652705825,0.014220749776757175,-0.11596458592911532,0.002032504261942104
2021-05-26,0.001992713252821397,0.0055695452293784585,-0.001676907591222969,0.002032504261942104,-0.09075306673290896,0.007246452820601291,-0.22948207851504693,0.0029814878364415997
2021-05-27,-0.0011153553509509798,0.005439400878725801,-0.0076331666235326286,0.0029814878364415997,0.27751004014963737,0.013072567502258386,0.10676840828913008,-0.002086153261865571
2021-05-28,0.001071093663198266,0.015557256298528638,-0.002643176350683299,-0.002086153261865571,-0.11156737543972238,0.01820043264921212,0.027689746318079488,-0.007445907440873176
2021-06-01,0.0023837985807593325,0.005157658372570647,-0.010134512551815274,-0.007445907440873176,-0.15894977055350007,0.015292170924385928,-0.10167614060742526,0.0003205152726904716
2021-06-02,0.0014815799688979259,0.008260999829258991,-0.0065534500928568825,0.0003205152726904716,-0.08996719230200569,0.014814449922115844,-0.19672446023524578,-0.01984547287912823
2021-06-03,-0.008145390128620969,-0.005181243035298086,-0.02430963069975816,-0.01984547287912823,0.5384013479041249,0.01912838766445992,0.3733426758130781,0.010790887418943742
2021-06-04,0.005237267107047657,0.025079747860330133,0.003100849587241856,0.010790887418943742,-0.20701031077161317,0.02197889827308837,0.06533153706835776,-0.00016170245187931186
2021-06-07,-0.003685466955890887,0.0039538329378017885,-0.008505135480609523,-0.00016170245187931186,-0.12400787529043196,0.01245896841841122,-0.05235365825396631,-0.004599596676074553
2021-06-08,0.004719391588298862,0.008374658761983558,-0.010751794667531655,-0.004599596676074553,-0.16214607145230817,0.019126453429515338,-0.20641810544396086,-0.013453425840690607
2021-06-09,0.004276113308119604,0.007486332070488937,-0.015844069096118657,-0.013453425840690607,0.25220329643608236,0.02333040116660749,0.0532557666279436,0.0030007813190153073
2021-06-10,0.0027954913834515854,0.009016241512657945,-0.007583084476525364,0.0030007813190153073,0.3609310131296116,0.016599325989183226,0.3613369875064184,0.0030736000394827336
2021-06-11,0.005586982443197794,0.008460377640108662,0.0010460733672326163,0.0030736000394827336,-0.33859637377573076,0.007414304272876052,-0.009195745443003063,0.022496033772418805
2021-06-14,0.001860077304335645,0.029691673152219038,-0.0038126687659058127,0.022496033772418805,0.342535762459204,0.033504341918125,0.33565805972175894,-0.01611262659017596
2021-06-15,0.0026770570207260607,0.0026770570207260607,-0.019166639182383108,-0.01611262659017596,-0.3489261761397659,0.021843696203109258,-0.11062930182977497,0.0010363098441014554
2021-06-16,0.006282346685490027,0.009227498564833726,-0.011490860084503217,0.0010363098441014554,0.12948015759196257,0.020718358649336976,-0.02240090086264091,0.01197084191769704
2021-06-17,-0.004396229526340437,0.018889914286641996,-0.0046002714719089455,0.01197084191769704,-0.09958455724643803,0.023490185758551045,-0.14811052560749813,0.004864339489666221
2021-06-18,-0.0039005266101059016,0.012265476358197606,-0.006240109216932082,0.004864339489666221,0.48557756194178203,0.01850558557512975,0.4034777045897718,-0.0075568656871418585
2021-06-21,0.0017358530222789778,0.0025528456623401595,-0.01709923381214243,-0.0075568656871418585,0.015217622706648276,0.019652079474482567,0.3058592805107476,0.023504277382172367
2021-06-22,0.0030937872938388913,0.032757345250578426,-0.0024173849151167804,0.023504277382172367,0.09604547838674612,0.03517473016569511,0.35776000040783973,0.007674541325381106
2021-06-23,-0.0006684438837609184,0.015232597303643125,-0.0012192539486647316,0.007674541325381106,-0.38706182574979925,0.016451851252307918,-0.15434042339157375,0.010322200799853203
2021-06-24,0.010129186737395232,0.015904416106535018,0.003232286071384489,0.010322200799853203,-0.16010020285585316,0.012672130035150511,-0.3321660434975986,0.01724231998624545
2021-06-25,0.02059484633551026,0.028542922651836496,0.013307201636694077,0.01724231998624545,0.4552389417458206,0.015235721015142471,0.11614353569948727,0.01124435315534418
2021-06-28,0.0019901548705032316,0.012950111016947463,-0.004773540551270422,0.01124435315534418,-0.6307291903967541,0.017723651568217685,-0.5188790589773452,0.0008813080439965324
2021-06-29,0.0009750443864711151,0.005798915526824558,-0.008402516671290654,0.0008813080439965324,-0.19757091798915238,0.0142014321981152,-0.6069571278958837,-0.009965126411183616
2021-06-30,0.0010491169156693202,0.0016481490921264241,-0.012600122981166436,-0.009965126411183616,0.18083711790578638,0.014248272073293058,-0.24630442311523895,0.010040130487644036
2021-07-01,-0.004725190818115919,0.01657863719316828,-0.004725190818115919,0.010040130487644036,0.011472126965807126,0.021303828011284245,-0.16651925855803545,0.0008243165693560475
2021-07-02,0.0036668294235917757,0.009327729729373615,-0.007808661475636764,0.0008243165693560475,-0.3507246004341257,0.017136391205010336,-0.4831227140834399,0.014243238372891159
2021-07-06,-0.0018369529345489332,0.016493084087127883,-0.0018369529345489332,0.014243238372891159,0.33986525171584325,0.01833003702167683,0.08938133779385415,-0.010542057212009905
2021-07-07,0.004788720952419202,0.0055234376732217014,-0.018597406983891233,-0.010542057212009905,-0.019136206760173,0.02412084465711283,0.07380569390570747,-0.009749598254125892
2021-07-08,-0.009429386302123284,-0.0008586683066456255,-0.012900986736317007,-0.009749598254125892,0.18293355191709515,0.012042318429671432,0.2249883231354986,0.009786893277408393
2021-07-09,0.0004520468129013389,0.01403177307492996,-0.004115747699738442,0.009786893277408393,-0.16304090184509232,0.018147520774668392,0.02467910987294946,0.0024783514244878335
2021-07-12,0.008027679286461963,0.00867525502030937,-0.005725523314375314,0.0024783514244878335,-0.4444366804718496,0.014400778334684599,-0.4176738362672778,0.006252430895811933
2021-07-13,-0.00288888680589919,0.014815942959597801,-0.00288888680589919,0.006252430895811933,0.43517601524459043,0.017704829765496904,0.03201602720809409,0.013356387202149116
2021-07-14,0.0006101738260691863,0.024517551828711143,0.0006101738260691863,0.013356387202149116,0.5267255855738511,0.02390737800264207,0.5605068383065143,-0.009166807554222209
2021-07-15,0.010926513594876416,0.017350270156569664,-0.017953775870443906,-0.009166807554222209,0.2039936565368224,0.0353040460270137,0.628547407163678,-0.023555493099894312
2021-07-16,-0.002101818968874255,0.002042301419381887,-0.029721745495950514,-0.023555493099894312,-0.5068200525368397,0.03176404691533253,-0.027078408230180522,0.003707970876788758
2021-07-19,-0.0080654512864359,0.008636821715983883,-0.015334474202637486,0.003707970876788758,0.12124713258331972,0.023971295918621262,0.05725711895607242,-0.0023135085680416998
2021-07-20,-0.011735424569685893,0.008157827215807928,-0.022764133880884104,-0.0023135085680416998,0.578588648766918,0.03092196109669209,0.5272307623021165,-0.033353028464006354
2021-07-21,-0.009307859378316827,-0.00011299986603622125,-0.049090532732863026,-0.033353028464006354,0.5411921338919824,0.048977532866826864,0.8825133466508316,-0.003627872698205831
2021-07-22,-0.006680737805550076,9.736239632085829e-05,-0.012992123044270708,-0.003627872698205831,-1.0119810188480765,0.013089485440591488,-0.38738092672963303,0.00708743855581086
2021-07-23,0.0007617994900065648,0.010960349809181945,-0.013990341644265266,0.00708743855581086,-0.12474734253221498,0.02495069145344724,-0.46768449139688045,0.002093186067573675
2021-07-26,-0.0020004209620517956,0.011036803330233155,-0.012495025632689654,0.002093186067573675,-0.5274530852264826,0.023531828962922857,-1.0074705361137364,0.004674541767041259
2021-07-27,0.0030737509622578586,0.010515898398720186,-0.00863358132800713,0.004674541767041259,0.20194007635614727,0.019149479726727384,-0.7512416870776164,0.000751321351160075
2021-07-28,0.005592250248369967,0.01065776672770899,-0.003726210326576057,0.000751321351160075,-0.14336574615112802,0.014383977054284963,-0.7406875725454538,-0.009772243029846856
2021-07-29,0.0012700977060211465,0.002845913978331997,-0.010667103586168765,-0.009772243029846856,-0.31991893284586254,0.0135130175645008,-0.5832062985485393,0.006435267405693039
2021-07-30,-0.0030381200381810235,0.010715371918046052,-0.006418191304056777,0.006435267405693039,0.3794380802359908,0.01713356322210294,-0.021446661518594076,-0.0046866725597541035
2021-08-02,0.002759131463457029,0.004395539062100551,-0.0137345807561429,-0.0046866725597541035,-0.19070471143781392,0.018130119818243553,-0.10787476142992572,-0.008440816545190369
2021-08-03,-0.0014763919514904755,0.0009313401419329266,-0.019167299032890828,-0.008440816545190369,0.20723982871181865,0.020098639174823865,0.11297951777033054,0.012702347850761473
2021-08-04,0.004258538300804549,0.01391934595845234,-0.0008813636401520811,0.012702347850761473,-0.23490116680016557,0.014800709598604626,-0.10620746492679072,0.014469046747038198
2021-08-05,-0.0004253220761467743,0.015459277309327665,-0.006457456332747312,0.014469046747038198,0.2260617174877233,0.02191673364207498,0.1513060054856835,-0.00830273581232432
2021-08-06,-0.0016969731547822667,0.0037081746212579364,-0.010533656400831674,-0.00830273581232432,-0.28649635048841204,0.014241831022089724,-0.20721996232940323,-0.0011148014866515495
2021-08-09,0.001151989608985408,0.004064306292404168,-0.004930017853569017,-0.0011148014866515495,-0.33901740426544086,0.008994324145973115,-0.4925487802537658,-0.007974516517778422
2021-08-10,5.76622787983159e-05,0.0015757126431060469,-0.013553768115402235,-0.007974516517778422,0.3599959330683907,0.015129480758508231,-0.06521732665718015,-0.006691029999354331
2021-08-11,0.00224625648658208,0.0072049277268584275,-0.01183696582742246,-0.006691029999354331,-0.15804330962381208,0.01904189355428091,-0.16228830370621708,-0.003284135445006786
2021-08-12,-0.001054436533227814,0.0011702275191134575,-0.010200175589035413,-0.003284135445006786,0.007024674677688029,0.01137040310814879,-0.11742835582372912,0.01013022903053968
2021-08-13,0.0037523759148000426,0.02077276706815729,0.0015456872999290439,0.01013022903053968,0.25608836617264247,0.019227079768228142,0.23505003489987528,0.0038690902774586727
2021-08-16,-0.0013189185981919865,0.014356105214650996,-0.007041314355379415,0.0038690902774586727,-0.06885512095295032,0.02139741957003054,0.13667344632696943,0.0019096487332556328
2021-08-17,-0.004741663636266013,0.005526075297246927,-0.007208527420521281,0.0019096487332556328,0.12774678767503272,0.012734602717768143,0.19209117837207884,0.005688084608073018
2021-08-18,0.0020983761996837343,0.014292959268770321,-0.0005011211357277143,0.005688084608073018,0.11140335172560063,0.01479408040449812,0.2674998146074868,0.04099746674667654
2021-08-19,0.0016656552622278551,0.04956820547234156,0.0,0.04099746674667654,1.0659786633022579,0.04956820547234156,1.2455464628833255,0.0058134081744118495
2021-08-20,0.00253491119873419,0.01402637493307507,-0.008514907103334685,0.0058134081744118495,-0.6857717808504841,0.02254128203640984,0.12883048862369192,0.011725176972153023
2021-08-23,-0.0016470576928783419,0.015729224618286197,-0.005758193373210929,0.011725176972153023,-0.3724907947859109,0.021487417991497077,-0.33560989060226165,0.00014455825569508236
2021-08-24,-0.003349020155338599,0.0035719126176805434,-0.007364481876233423,0.00014455825569508236,-0.20982942750805722,0.010936394493914064,-0.5762377854486638,-0.01059057098401005
2021-08-25,-0.005890006199958335,-0.0010304942207820687,-0.014488021658649106,-0.01059057098401005,-0.021030211472015302,0.013457527437867092,-0.5865379296224064,0.004627895959014999
2021-08-26,-0.002596565364412259,0.009125822966535106,-0.003072747565914798,0.004627895959014999,-0.25823357437407984,0.012198570532449935,-0.8165649259561072,0.015869864527895877
2021-08-27,0.0026866880450652233,0.02521916616698726,-0.001582757733652173,0.015869864527895877,0.7122675097760494,0.02680192390063942,0.29164572707370573,0.012905729749881684
2021-08-30,-0.0029923747520261036,0.014635124238656023,-0.004428991989763999,0.012905729749881684,-0.28959005887457817,0.019064116228420185,0.04612737444522981,0.005302225639933846
2021-08-31,-0.00010598814499163282,0.005811647048947448,-0.008104403062776693,0.005302225639933846,-0.0011917728001498346,0.013916050111724166,0.05942258128519677,0.022376452970619427
2021-09-01,-0.0003338140823320059,0.03760171656198862,-0.0003338140823320059,0.022376452970619427,0.8387614138340149,0.03793553064432074,0.8704350376012588,0.011071149084533816
2021-09-02,0.0027621599726250913,0.028270112876666965,0.0027621599726250913,0.011071149084533816,0.09386783143741093,0.025507952904041932,0.7002110196803725,0.003358585441308119
2021-09-03,-0.004683411429700665,0.005642029913227792,-0.009234596467196264,0.003358585441308119,-0.8350376346072428,0.014876626380424071,-0.3962929318213157,0.027030478542334643
2021-09-07,0.007019828611986851,0.038730108761599276,0.005841992397084891,0.027030478542334643,0.7752763271423885,0.0328881163645144,0.40807957861940375,-0.00108845770102287
2021-09-08,-0.004741697583622334,0.014546483208583958,-0.018296983941357245,-0.00108845770102287,-0.07061505336368587,0.032843467149941116,0.17621176851588824,-0.014141229123511956
2021-09-09,0.0006927690917233331,0.005578023372988693,-0.01579944350419165,-0.014141229123511956,-0.6076978426560059,0.021377466877180333,-0.5551161879435845,0.0019728163704873713
2021-09-10,0.0010370540837182775,0.019735651854672593,-0.006497635043913426,0.0019728163704873713,0.29069020342747287,0.026233286898585936,-0.15479554916235758,-0.01587563369560123
2021-09-13,-0.00025061938899939297,-0.00025061938899939297,-0.026984316062590434,-0.01587563369560123,-0.25455591046512843,0.026733696673591094,-0.3076949743010498,-0.019759862482951782
2021-09-14,-0.0074946686833228,-0.003416718199639391,-0.023574961261238522,-0.019759862482951782,0.12103898135278084,0.020158243061599107,-0.20481283992884874,0.008805581024871863
2021-09-15,0.0007093918681526297,0.011803519885271136,-0.004145284063222913,0.008805581024871863,-0.22676595620258375,0.015948803948494194,-0.31340796597769616,0.006208538653637791
2021-09-16,0.0024503993267383332,0.007878066129848527,-0.008874844316691947,0.006208538653637791,-0.4082269384849652,0.016752910446540318,-0.5689606348154175,0.004847563864148103
2021-09-17,0.0022991166078354186,0.0064243044170213415,-0.00968016191259167,0.004847563864148103,0.816518647496658,0.016104466329613085,0.31943549198868887,-0.023902683300915537
2021-09-20,-0.004353238870063758,0.003692140606552688,-0.03675802773757889,-0.023902683300915537,-0.1049290416313623,0.04045016834413162,0.20168580422671106,-0.003987574080729164
2021-09-21,0.004992504567672053,0.011146661511621895,-0.010587083432618489,-0.003987574080729164,-0.5056677358795786,0.02173374494424028,-0.34692747135689433,0.030093601551300624
2021-09-22,0.011363507836192397,0.03852322259731113,0.011363507836192397,0.030093601551300624,0.5803994273721743,0.027159714761118676,0.3122457295433891,0.00440915293065814
2021-09-23,0.0002369978900846733,0.014572063791630263,-0.002576760335625255,0.00440915293065814,-0.4650133662520921,0.01714882412725553,-0.2353089791604329,-0.0014675800980074487
2021-09-24,-0.0012818820653964626,-0.00047207779741073336,-0.01634842786880838,-0.0014675800980074487,-0.17237984848537002,0.015876350071397552,-0.4502082919239245,0.0004219560111989192
2021-09-27,-0.007523295850284996,0.0020068523776486484,-0.026444219232719564,0.0004219560111989192,0.16383261801355964,0.028451071610368223,-0.1573316255514192,-0.014943059214404461
2021-09-28,-0.006160921430024433,0.01157553959864231,-0.021283223410149276,-0.014943059214404461,0.5704788933457792,0.03285876300879162,0.5006096542743108,0.02571765872389875
2021-09-29,0.008799106242413262,0.04361812771709183,0.00709986046636694,0.02571765872389875,0.33928280530117605,0.036518267250724754,0.6894568434396424,0.01865445494240039
2021-09-30,0.014895389948565837,0.03274356683793666,0.014895389948565837,0.01865445494240039,0.0610462544105314,0.017848176889370865,0.6186996546698788,0.00459339637095668
2021-10-01,-0.010044718969976957,0.007589831004068745,-0.021245174565907535,0.00459339637095668,-0.48023636999369346,0.02883500556997641,-0.06810724101085577,-0.016112137465182953
2021-10-04,0.00039137860376473277,0.020948418889442724,-0.030586161211222627,-0.016112137465182953,0.1998770261004772,0.05153458010066515,0.045843689619985764,0.050828281311427366
2021-10-05,0.005932499063294443,0.059579944288867565,0.005850097604408775,0.050828281311427366,0.6462782465684073,0.05372984668445877,0.5928123305469408,0.0067352086117230025
2021-10-06,-0.010498963422773682,0.007939297433126163,-0.013400414644233062,0.0067352086117230025,-0.7331094920615578,0.021339712077359168,-0.3173209933707487,-0.01140888832955656
2021-10-07,0.004885554062279981,0.01203800518976901,-0.013627113193072499,-0.01140888832955656,-0.25289695156478187,0.025665118382841676,-0.5166507904218727,0.00128108876927588
2021-10-08,0.0036650084692435264,0.018736030263532263,-0.0015681012820584002,0.00128108876927588,-0.08345739837159566,0.020304131545590708,-0.4919748125340769,-0.00892282313164732
2021-10-11,0.0008531884788653939,0.010628401752373532,-0.009337510443129231,-0.00892282313164732,-0.13373661174031182,0.0199659121955027,-0.5946374772544843,-0.0033546747502365797
2021-10-12,0.00949167623710501,0.016794896171357578,-0.008086275039542422,-0.0033546747502365797,0.11995050547115979,0.024881171210900135,-0.3888622641681635,0.0076831852189698634
2021-10-13,0.011518503242162812,0.011518503242162812,-0.004554800022277445,0.0076831852189698634,-0.2877543749240406,0.01607330326444017,-0.36882575373724646,0.006394642063881777
2021-10-14,0.003914423189932901,0.011242428422266514,-0.0047272521103985145,0.006394642063881777,0.09882347449446016,0.01596968053266487,-0.13825223771849623,-0.008731643619897408
2021-10-15,0.006604807277111133,0.008828072351405732,-0.01372586568532598,-0.008731643619897408,0.43238547903962266,0.022553938036731627,0.3535740910588733,0.015289453678446106
2021-10-18,0.006045774504870009,0.01597888346951409,-0.012331212532198462,0.015289453678446106,0.12586588066037807,0.02831009600171259,0.4226363885878374,0.0016132040887749646
2021-10-19,-0.001568737505036616,0.004738158948078083,-0.00892731634302062,0.0016132040887749646,0.49152772011735546,0.013665475291098633,0.8025436091662626,-0.021928854580899954
2021-10-20,-0.02124125682336978,-0.0025070499404463388,-0.034792369594305636,-0.021928854580899954,0.3304332682609139,0.03228531965385929,0.9037961534571095,0.043846527526549266
2021-10-21,0.005980735997575187,0.04514703311629381,0.0055990660629296595,0.043846527526549266,-0.23028867433273323,0.039547967053364164,0.3504986307056115,0.01763395990795108
2021-10-22,-0.002069046532672957,0.01865634387204119,-0.002069046532672957,0.01763395990795108,-0.31034997340459625,0.020725390404713995,-0.1371918366502327,0.010296154447124558
2021-10-25,-0.0015655963049403005,0.01655939645416072,-0.011665542253346742,0.010296154447124558,-0.4785104502460658,0.02822493870750736,-0.672385335046176,-0.004685990995241893
2021-10-26,0.0031216907031909958,0.007165430654078035,-0.013324237105660391,-0.004685990995241893,-0.2774136828988232,0.020489667759738296,-0.9272930517920838,-0.00841195806894846
2021-10-27,0.0007178083743958518,0.00431368685152049,-0.010027367290014168,-0.00841195806894846,-0.243549672436007,0.014341054141534554,-1.0329642370863126,0.016649957533855814
2021-10-28,0.012040320247381263,0.020721496307873774,0.007678787228771178,0.016649957533855814,0.22779694393094466,0.013042709079102687,-0.5028185528915412,0.023836472391635218
2021-10-29,-0.0014697989375238533,0.024792135224667184,-0.004177517710526524,0.023836472391635218,0.2910250829625422,0.02896965293519379,0.05734203798122577,-0.013328886019327755
2021-11-01,-0.0018124221554109779,-0.0004926041491405235,-0.020149182615692738,-0.013328886019327755,-0.2067248221817416,0.019656578466552145,-0.009304357079398168,-0.005077590278532484
2021-11-02,0.002843996595342051,0.009511720215330383,-0.010848791309028815,-0.005077590278532484,0.22313712228586094,0.020360511524359092,0.26095138659028105,0.015476025213150228
2021-11-03,-0.0006642971507161664,0.017072921871864537,-0.0006642971507161664,0.015476025213150228,-0.5100801320282732,0.01773721902258059,-0.3127475358669786,-0.029323553401970695
2021-11-04,-0.0034930757030426198,-0.0034201091858545737,-0.03367161164223755,-0.029323553401970695,0.7340976519866533,0.030251502456382983,0.4177228677852792,-0.03452079038292619
2021-11-05,-0.006649726398410839,-0.00413771314687389,-0.035620929896892244,-0.03452079038292619,0.08252204126098005,0.031483216750018285,0.3822836298511656,0.008834644569636878
2021-11-08,0.007052455365259875,0.01579481413461735,-0.0029933997093640912,0.008834644569636878,-0.6041976810510366,0.01878821384398142,-0.2997081694887935,0.006944933919851139
2021-11-09,0.0034479765158645904,0.013796574047371885,-0.0014285230344545815,0.006944933919851139,-0.17844337239630292,0.015225097081826497,-0.4666188296073101,-0.013938319520259769
2021-11-10,-0.004553048622115476,0.006594136580803194,-0.02138592427470488,-0.013938319520259769,-0.004065214873773945,0.02798006085550811,-0.3911193415685788,0.01635926832926679
2021-11-11,0.005134346905954778,0.028812164222475543,0.0043189093025754535,0.01635926832926679,0.17583703119953786,0.024493254919899905,-0.21926055593183533,0.03735723063357346
2021-11-12,0.003688499250372817,0.03842605530756533,-0.005734336752764653,0.03735723063357346,0.38098398055020516,0.04416039206033008,0.2802970613372725,-0.004816710916156615
2021-11-15,-0.0020090344470768914,0.0038746330603577767,-0.01642455475721186,-0.004816710916156615,-0.3796252136831969,0.020299187817569505,-0.028460972526207384,0.011809334773735775
2021-11-16,-0.0015615085163847792,0.013204937051477487,-0.0035834109830142576,0.011809334773735775,-0.32396117483280734,0.016788348034491866,-0.3513861199233499,0.006221526498137178
2021-11-17,0.0037752642525354725,0.01957727432764408,-0.001907501980399554,0.006221526498137178,0.2742096128005396,0.021484776308043477,-0.053997115275375554,-0.014078825899942388
2021-11-18,-0.00011560189939738164,7.235469421324873e-05,-0.017427502090161057,-0.014078825899942388,-0.3057502562872646,0.017499856784374372,-0.3821676832161171,-0.004732541039210318
2021-11-19,0.015032582979409048,0.017643452823868245,-0.010346343064434627,-0.004732541039210318,0.26119037364982334,0.027989795888302763,-0.06123074557468066,-0.029299542079414355
2021-11-22,-0.004103870316614519,0.0010012781089482478,-0.03344944872953099,-0.029299542079414355,0.05605677126042982,0.03445072683847933,0.11593082354104386,-0.007827887512053973
2021-11-23,-0.001548488616383349,0.010908123141673933,-0.020149998689217203,-0.007827887512053973,-0.17517022437593285,0.03105812183089122,-0.05044300626458671,0.006446536569517307
2021-11-24,0.006021103502384434,0.011220170740074125,-0.0045358136893093514,0.006446536569517307,-0.21715985161627216,0.01575598442938339,-0.287307129358393,0.011103428909371566
2021-11-26,0.025067090996726823,0.027153784046274096,0.0036088920663903345,0.011103428909371566,0.43068919349787654,0.02354489197988382,0.2154707130989929,-0.0027078317458864762
2021-11-29,-0.003672429565654254,0.0035242284886408135,-0.0111034289093716,-0.0027078317458864762,-0.1272006102770347,0.014627657398012356,0.016655690370667577,-0.033608630687497365
2021-11-30,0.006546328316235592,0.01723432821462373,-0.03655740439057436,-0.033608630687497365,0.7963725014136046,0.05379173260519825,0.8198288262573354,-0.03831633953475239
2021-12-01,0.011739446294987788,0.019469629362418275,-0.03945008482426091,-0.03831633953475239,-0.36779807902140926,0.05891971418667913,0.24481087579786162,-0.002106577592937907
2021-12-02,-0.0010851563259813616,0.012211245871032818,-0.007947097986771068,-0.002106577592937907,-0.15325396308030295,0.020158343857803934,-0.0063083006864599845,-0.023536259604679685
2021-12-03,0.010135529420459723,0.014541668485591852,-0.03713030417325884,-0.023536259604679685,0.371398949849608,0.05167197265885062,0.2813616252054498,0.017385725214779994
2021-12-06,0.006423126668086542,0.02486554155354352,-0.0018784804732138542,0.017385725214779994,-0.4511690119969067,0.026744022026757304,-0.2717959131214293,0.020820083111951857
2021-12-07,0.011586159630449133,0.026097244839178038,-0.0021077153603187063,0.020820083111951857,0.01596576351211976,0.028204960199496646,-0.28253960085445323,0.003988327564827681
2021-12-08,0.007040621439425412,0.010937753975340504,-0.003811708286530004,0.003988327564827681,-0.34185595925105877,0.014749462261870676,-0.4967615057650492,-0.02757059131285399
2021-12-09,-0.0007963818305699132,0.0034331461109871277,-0.02848753788526461,-0.02757059131285399,0.06790233426681333,0.03192068399625177,-0.3333110782702508,0.001079644367641372
2021-12-10,0.009415484864027568,0.010970694602213693,-0.008414966888006607,0.001079644367641372,0.1456197966515926,0.019385661490220377,-0.12838502374555513,-0.011675636652128138
2021-12-13,0.0005557164128888304,0.0016009081669516173,-0.02004724911975978,-0.011675636652128138,-0.08773923203304473,0.021648157286711454,-0.0732503140978121,-0.01092691408320755
2021-12-14,-0.00972362828091353,-0.003761883503468924,-0.027552934686110774,-0.01092691408320755,0.17000700785181302,0.023791051182641867,0.1388057904868394,0.011720570449981082
2021-12-15,0.0003176974367823065,0.01279428022762081,-0.02280013477006004,0.011720570449981082,-0.04044511798473337,0.03559441499768076,0.10925243261784554,-0.023377080223313206
2021-12-16,-0.013226748614436758,-0.0036593493225541497,-0.028567663356947517,-0.023377080223313206,0.09225427862027877,0.02490831403439333,0.1524563918412735,-0.0073527642528024
2021-12-17,0.0009301040854266602,0.003698390119108816,-0.0158939092089765,-0.0073527642528024,0.3333814380416931,0.019592299328085303,0.43056024990059016,0.011876768549260423
2021-12-20,-0.0005114183822650634,0.02715338827804828,-0.004218687031309144,0.011876768549260423,-0.2671581572195746,0.03137207530935742,0.05466523764104861,0.018654705114281522
2021-12-21,0.006379731886217806,0.023437287750839808,0.00020210571611048794,0.018654705114281522,-0.3701561385437658,0.02323518203472934,-0.3670068302195887,0.015289500306804305
2021-12-22,-0.002582218235898487,0.016233289257172143,-0.003792809640158575,0.015289500306804305,0.00700310052082816,0.020026098897330844,-0.3194597365026065,-0.0002442241042818041
2021-12-23,0.0035103657694415366,0.004288783297684487,-0.010918333362825786,-0.0002442241042818041,-0.36520670089590346,0.015207116660510089,-0.6511061347425828,-0.0015808238482404018
2021-12-27,0.0014807641361554616,0.0014807641361554616,-0.007912823687647763,-0.0015808238482404018,0.24032894199942723,0.009393587823803166,-0.3077200802987679,-0.0039384790668407135
2021-12-28,0.002980266497157762,0.00859098166830569,-0.00561001952032981,-0.0039384790668407135,-0.09067384261996754,0.014201001188635515,-0.2170575099235223,-0.00027837528966867536
2021-12-29,0.0,0.005340134186676787,-0.009922833004570985,-0.00027837528966867536,-0.38029071384881374,0.015262967191247676,-0.46248827812775817,0.0025354990751950955
