date,open_ret,high_ret,low_ret,close_ret,volume_ret,range_ret,vol_ratio,target_return
2019-01-03,0.0044383715665566635,0.008003437731052785,-0.01926900330692249,-0.015472793026529949,-0.18758912459559632,0.027272441037975197,-0.18758912459559632,0.03620626852553249
2019-01-04,0.014755028679333905,0.037891356955869974,0.01072626381577699,0.03620626852553249,0.14586300377898903,0.027165093140092855,0.047676165982426064,0.0051867379464617044
2019-01-07,0.0014044731669549135,0.013263677145729201,-0.005779192402809511,0.0051867379464617044,-0.39167964131329985,0.019042869548538496,-0.3601494097676435,0.007244449088085939
2019-01-08,0.014161062547489658,0.014850036919254518,0.00585538827591141,0.007244449088085939,0.05339819469836737,0.00899464864334307,-0.22813326745544757,0.005260946037316186
2019-01-09,0.0077433677967819504,0.0077433677967819504,-0.005428357445885603,0.005260946037316186,0.16369622380112467,0.013171725242667551,-0.022785156837546856,-0.0051221142520273275
2019-01-10,-0.004844614351754752,-0.004705840350497138,-0.018113849229037856,-0.0051221142520273275,-0.024219388029255537,0.013408008878540746,0.0013559386015783474,-0.004590699044308933
2019-01-11,-0.0027797735136140516,-0.002223200295937217,-0.013695062256854488,-0.004590699044308933,-0.2951337343205578,0.011471861960917326,-0.28282971449769406,-0.0012557234749916853
2019-01-14,-0.007136420620023602,0.0008362029559552197,-0.008401035932701625,-0.0012557234749916853,0.11765023963598278,0.009237238888656837,-0.06394412800140627,0.0005582821750746735
2019-01-15,0.0044574486360550655,0.01013972667968394,-0.004337153566366157,0.0005582821750746735,-0.06704307756093973,0.014476880246050082,-0.13384862767736005,-0.00041865578460812753
2019-01-16,-0.003494307928955599,0.009857755731481788,-0.005035688653723969,-0.00041865578460812753,0.2013687135515994,0.014893444385205684,0.08708817443237046,0.006816439764552782
2019-01-17,-0.0063011752627959,0.009723607227568787,-0.010383113613161554,0.006816439764552782,-0.21669190965066293,0.020106720840730258,-0.11427869445088144,0.011852407758740007
2019-01-18,0.015681193918575635,0.015954177992243728,0.0,0.011852407758740007,0.44076868474918124,0.015954177992243728,0.3808808391877342,-0.015185251690396086
2019-01-22,-0.008254256322484896,-0.003843502125626291,-0.018110643271950548,-0.015185251690396086,-0.04700359919183735,0.014267141146324326,0.22873257991555235,-0.008240794283802453
2019-01-23,0.0016678634208183048,0.005687006868665681,-0.013443684989216387,-0.008240794283802453,-0.1311740603658102,0.019130691857882003,0.03245500870235315,0.0014015204944897092
2019-01-24,-0.002809054873732179,0.009353012259088342,-0.009299822566508072,0.0014015204944897092,-0.156880530849259,0.018652834825596393,-0.16869022264153682,0.004471775040941047
2019-01-25,0.00933997398552241,0.012111168128606523,0.0019588559118988522,0.004471775040941047,-0.22556386536000558,0.010152312216707513,-0.37422397441231947,-0.006715237322262686
2019-01-28,-0.009808185509831837,-0.006153899720243455,-0.019002590748294003,-0.006715237322262686,0.41901568033673553,0.012848691028050602,0.062463240066318516,0.0037829014984055143
2019-01-29,0.006436276607633522,0.013247137535174253,0.00336330881941313,0.0037829014984055143,-0.26318633581165085,0.009883828715761187,-0.16780143687482857,0.010848489743377487
2019-01-30,0.003629184735011149,0.014714279151309373,0.0,0.010848489743377487,0.09186094769697127,0.014714279151309373,-0.0004164100310883603,0.013601884030955184
2019-01-31,0.0,0.01646349379561161,-0.0037420080672549458,0.013601884030955184,0.5450556332985632,0.020205501862866553,0.5739023061956561,0.03539242647565172
2019-02-01,0.022133149427947543,0.04287228169773429,0.01409238669153476,0.03539242647565172,0.14458422806627652,0.02877989500619945,0.5755231178246544,-0.014594905342259153
2019-02-04,-0.002109653108297483,-0.002109653108297483,-0.020224167835288614,-0.014594905342259153,-0.3943381034670389,0.018114514726991233,-0.01465207481622729,0.010238726015875117
2019-02-05,0.004800017354099486,0.010900010879892277,0.002536241619619633,0.010238726015875117,-0.1913887478470547,0.00836376926027251,-0.22876140779802617,-0.004375137307112157
2019-02-06,-0.0001322287090236927,0.002378440781947889,-0.006104041033734105,-0.004375137307112157,-0.162684096359237,0.00848248181568191,-0.4193417008908471,-0.007736490789995786
2019-02-07,-0.004127629718606582,-0.0009305376902021107,-0.01823596494791991,-0.007736490789995786,0.2828183741400892,0.017305427257717818,-0.12853171072395383,-0.00941749097942953
2019-02-08,-0.012395714549719938,-0.008201734854869563,-0.026458322437413466,-0.00941749097942953,-0.18701390437822815,0.018256587582543875,-0.2466536307688531,0.001620679929344692
2019-02-11,-0.001352713625758941,0.0032388402990046897,-0.007870875371527595,0.001620679929344692,-0.13637956755040342,0.011109715670532205,-0.22770704841383452,0.017391783541148006
2019-02-12,0.013138724396473237,0.01805463305655442,0.009669713131317434,0.017391783541148006,0.1884869458001145,0.008384919925237001,0.04097677823017407,0.01121012023649012
2019-02-13,0.0023844268970209907,0.015006196707948456,0.0014578308549990412,0.01121012023649012,0.04768895908578652,0.013548365852949417,0.09177143018236732,0.00026221667481122877
2019-02-14,0.0001311669543598573,0.0052322097373978995,-0.007107175464860874,0.00026221667481122877,-0.03399653994835452,0.012339385202258723,0.019567156426939996,0.018704305277486132
2019-02-15,0.00874629689311667,0.01934755546195072,0.0062737543049743,0.018704305277486132,0.11505043770646477,0.013073801156976364,0.16125174891129643,0.006669311168247621
2019-02-19,-0.0019321385430140984,0.009859920591671685,-0.003351409979882933,0.006669311168247621,-0.05587893441632498,0.013211330571554492,0.06723183480104093,0.0038274532342996445
2019-02-20,0.0008943933638863325,0.0073866127791102605,-0.002944421918474091,0.0038274532342996445,-0.07017688871309297,0.010331034697584517,-0.05096988520066293,-0.009082238207517721
2019-02-21,-0.004083196934859323,0.0016541117174803353,-0.011784409111976184,-0.009082238207517721,-0.20748288945460122,0.013438520829456548,-0.2589626606639241,0.00768050988000474
2019-02-22,0.011371736887858828,0.014416238412492056,-0.0025733023091095816,0.00768050988000474,-0.07551614745002189,0.016989540721601804,-0.2891275621622613,0.001019651273510368
2019-02-25,0.00012753760078192748,0.005468320542528355,-0.0028093649886237106,0.001019651273510368,-0.02606340031403493,0.00827768553115192,-0.2626395916690698,0.002036188771482796
2019-02-26,0.0022903726111914123,0.007993410122994858,-0.0014022643738215343,0.002036188771482796,0.16978244563766015,0.009395674496816392,-0.005286893209108235,0.010244793752794983
2019-02-27,0.0027928619147816994,0.013761928105108361,0.0,0.010244793752794983,0.12051093877203405,0.013761928105108361,0.16268879780279813,-0.0055520955418294935
2019-02-28,-0.00025175274096505456,0.0035171343523132084,-0.009609406789934077,-0.0055520955418294935,0.16332638196876922,0.013126541142247483,0.33048385941865743,0.012199122903070507
2019-03-01,0.004418900983678955,0.012199122903070507,0.0,0.012199122903070507,0.05474877411979544,0.012199122903070507,0.3058731735523415,0.0038674811267097316
2019-03-04,0.002995482356786256,0.006851512835604004,-0.0124521809017705,0.0038674811267097316,0.1597273146036357,0.0193036937373746,0.36674128942788103,-0.001495266536383905
2019-03-05,-0.0023685707221203726,0.0011200793629224579,-0.006997374135637413,-0.001495266536383905,-0.27464227365604793,0.008117453498559921,-0.03949209382508922,-0.011412974639840404
2019-03-06,-0.016851555206826758,-0.010152436509717496,-0.029486499242807624,-0.011412974639840404,0.3042549048407625,0.019334062733090105,0.22695441627329518,0.011038808397183743
2019-03-07,0.0033999185221912217,0.012285516830780802,0.0005044251798280331,0.011038808397183743,-0.11908193721009921,0.011781091650952874,0.027235394278888554,-0.014450229249439747
2019-03-08,-0.015970213651294477,-0.010534383217355761,-0.02411585360128826,-0.014450229249439747,-0.02017593550961337,0.01358147038393252,-0.016804219099900604,0.009698377404282888
2019-03-11,0.0122021916187232,0.016070637827238346,0.008067601741245697,0.009698377404282888,-0.3822921628355923,0.008003036085992525,-0.40865745641100654,0.0027538034974877103
2019-03-12,0.004127866669549965,0.009977671310245627,0.0013778496776570683,0.0027538034974877103,0.02315470566967794,0.008599821632588527,-0.29726060974669166,0.008835837318980421
2019-03-13,0.0073478922212992055,0.009455185222345532,0.002496842146743338,0.008835837318980421,-0.09829874004501502,0.006958343075602029,-0.3632080100430232,-0.0033508767377616114
2019-03-14,0.0011145313034669224,0.0024749990884027993,-0.0044703987997438185,-0.0033508767377616114,-0.028019958409803838,0.006945397888146668,-0.2707417535720226,-0.003611697161748136
2019-03-15,-0.0032374842346060448,0.0013665522543852727,-0.004235760230461229,-0.003611697161748136,0.9312000327524228,0.005602312484846533,0.7662536890645821,0.011536446073755815
2019-03-18,0.003611697161748053,0.013630923116494605,0.003611697161748053,0.011536446073755815,-0.9449357222576596,0.010019225954746457,-0.3225849923955512,-0.0025933830964491675
2019-03-19,0.006147812167201002,0.011282903097145221,-0.00544154741289327,-0.0025933830964491675,0.3479946129523587,0.016724450510038385,0.043535883189152136,0.005549023936710722
2019-03-20,-0.001484998967892773,0.012900177868796785,-0.0038407429657924172,0.005549023936710722,-0.05933746576916839,0.016740920834589182,-0.05427173801363314,0.005763012933147578
2019-03-21,-0.006291294973698471,0.006984890821417263,-0.006414981711040546,0.005763012933147578,-0.26095665477441804,0.013399872532457856,-0.35583758643488134,-0.01614624987768722
2019-03-22,-0.006870319551376894,-0.004288415160330166,-0.01838533898334569,-0.01614624987768722,0.21132745015442536,0.01409692382301543,-0.14645136190958463,-0.006982636633626552
2019-03-25,-0.005982113388948155,-0.0004971528077292857,-0.011120337257252356,-0.006982636633626552,-0.0989382195383866,0.010623184449523143,-0.050358791942058494,0.012929082801561192
2019-03-26,0.005117061550675447,0.016750792029971356,0.0032479995912911845,0.012929082801561192,-0.17818187380518208,0.013502792438680042,-0.2530966599730149,-0.00768761088227014
2019-03-27,0.00012353654325124772,0.00431378596307744,-0.014181098433476143,-0.00768761088227014,-0.2662237845925445,0.018494884396553703,-0.4433362199277102,0.004966505618157213
2019-03-28,-0.0038660342226085934,0.005585623475309385,-0.0039910218705882005,0.004966505618157213,0.02094003306751941,0.009576645345897673,-0.31268822144414193,0.0007429143296775265
2019-03-29,0.0072808857259224515,0.009123543591432418,-0.0032253409038216618,0.0007429143296775265,0.38463068984518345,0.012348884495254122,0.12680243906730623,0.01144416930516503
2019-04-01,0.005307675092811272,0.01205569671349674,0.003459340870779077,0.01144416930516503,-0.006707971489465949,0.008596355842717607,0.154206769069572,-0.004291663778036947
2019-04-02,0.0002446371758689149,0.002688095349078595,-0.007614906994255244,-0.004291663778036947,-0.34688086559108144,0.010303002343333813,-0.18174156475803735,-0.005915665897714385
2019-04-03,0.00478087829706384,0.00478087829706384,-0.00950678995628683,-0.005915665897714385,0.11325628255146272,0.014287668253350623,-0.027826308156108506,0.014115011804236036
2019-04-04,0.0027157307753897177,0.0144805608048878,-0.001608275033177625,0.014115011804236036,0.08907047317343791,0.016088835838065432,0.032048834398284626,0.005348193245819652
2019-04-05,0.001218008327600066,0.005832994083591116,-0.001219586779406272,0.005348193245819652,0.07196830644972291,0.007052580862997279,0.06193188005774196,0.006163559820799502
2019-04-08,0.0021797091398236164,0.008570263171582418,0.0012115155059935962,0.006163559820799502,-0.0993025907708296,0.00735874766558886,-0.019655797727368772,-0.012975379918039038
2019-04-09,-0.0057999602737899844,-0.005073065165552941,-0.01529715579492345,-0.012975379918039038,-0.06188801810311185,0.010224090629370464,-0.044071428132004625,-0.004526312106172615
2019-04-10,-0.00012208893910335927,0.0018291758520712705,-0.006367067309141166,-0.004526312106172615,0.1872132513637298,0.008196243161212547,0.1228820727816246,0.004770352178186188
2019-04-11,-0.00024520715332530346,0.0062336221507524455,-0.006642919431236792,0.004770352178186188,-0.12456796094114338,0.012876541581989146,-0.03954303413714259,-0.012648278278990021
2019-04-12,0.01043952961301366,0.01043952961301366,-0.016858765463932803,-0.012648278278990021,0.6017989283436562,0.02729829507694653,0.5674471629843676,-0.003342166180601471
2019-04-15,-0.0003707901871726462,0.0017286014100717103,-0.004955430590673032,-0.003342166180601471,-0.66742707832128,0.006684032000744703,-0.23056245502312087,0.006796386093426433
2019-04-16,0.001981866542690083,0.00864199141710309,0.0004958586260485938,0.006796386093426433,-0.19758012560101512,0.00814613279105447,-0.4174413897840258,0.0028285496423395844
2019-04-17,0.004301156904537752,0.0061387549283325295,-0.0014788654172992804,0.0028285496423395844,0.17090396297955768,0.00761762034563179,-0.2168412782224522,-0.003690986673860244
2019-04-18,0.0015951565456393919,0.004900187688868322,-0.004430783991480231,-0.003690986673860244,0.1330214207070553,0.009330971680348474,-0.044044553265810714,0.02158230799462179
2019-04-22,0.009079884383558418,0.025434945670294865,0.006266557912623661,0.02158230799462179,0.12617071281747863,0.019168387757671355,0.07451914726453374,0.005773358964604046
2019-04-23,0.0034920970956397405,0.0070917580717374945,-0.002657342042893835,0.005773358964604046,-0.016428569832875207,0.009749100114631348,0.18296848005074762,-0.019620286928655244
2019-04-24,-0.004447331310552783,-0.0036044184645445195,-0.01998726691061866,-0.019620286928655244,0.09782875443542734,0.01638284844607416,0.2351829550928776,0.0056104437330654145
2019-04-25,-0.0013463144789380365,0.013122839736906977,-0.004412860829521872,0.0056104437330654145,-0.048127083816163534,0.01753570056642889,0.09055276706587172,-0.021265669751202188
2019-04-26,-0.02400268599356386,-0.01952784168361399,-0.03288717301710501,-0.021265669751202188,0.48324627108943036,0.013359331333490848,0.5197630723864372,-0.00648134695700902
2019-04-29,-0.004607381486849744,-0.0013675717142342763,-0.01036530284007647,-0.00648134695700902,-0.5883872828252372,0.00899773112584221,-0.21657875773582816,0.0038689291142560995
2019-04-30,0.004989426790534437,0.006978191040776915,-0.0005003241523459959,0.0038689291142560995,0.3140116567942508,0.007478515193122708,0.1095061568109299,-0.020258643656549467
2019-05-01,-0.004244124898907201,-0.0002491172674197983,-0.020894353793951628,-0.020258643656549467,0.01362968191899075,0.020645236526531777,0.07354317305370885,-0.01769727210188549
2019-05-02,-0.004969738132204155,-0.002163240277655457,-0.01834443516275394,-0.01769727210188549,0.09919914136034866,0.01618119488509853,0.13887661527098086,0.0023261874367858934
2019-05-03,0.006448307023766423,0.01183291194337351,0.001938881530612002,0.0023261874367858934,-0.2319400371524055,0.00989403041276136,-0.15435918469216944,-0.004398506064787504
2019-05-06,-0.007124883485003001,0.002449591058272025,-0.009858714364628898,-0.004398506064787504,0.09294373217684052,0.01230830542290107,0.024834725313008135,-0.00532982784980233
2019-05-07,-0.008201533503640928,-0.004417839071197559,-0.017789882697107618,-0.00532982784980233,0.009804328533094181,0.01337204362591,-0.015371516370897148,0.0015628437551326601
2019-05-08,-0.0023489545273491647,0.007402146477804075,-0.0039180284279871,0.0015628437551326601,-0.17312757470555656,0.011320174905791123,-0.1852445796426805,-0.0009113951288089153
2019-05-09,-0.00639727856213647,0.000520438695002421,-0.01151841635013219,-0.0009113951288089153,0.15237863794539253,0.012038855045134647,0.005279538213076725,-0.002739179856750422
2019-05-10,-0.007714930056211465,0.0002605401522810741,-0.02106170428212432,-0.002739179856750422,-0.17887858881916527,0.02132224443440533,-0.1405339968724374,-0.01116447523324177
2019-05-13,-0.01195725485129397,-0.004319585218811233,-0.01579807688864939,-0.01116447523324177,0.0965017469380828,0.011478491669838215,-0.026196028685914863,0.0013199378412747991
2019-05-14,0.005532129217934752,0.014294439867395366,0.0006602370525021251,0.0013199378412747991,-0.14350082431044775,0.013634202814893371,-0.15045582832929735,0.007359807000505799
2019-05-15,-0.0031708028696256123,0.009713984105959668,-0.007945989198570291,0.007359807000505799,-0.16790248344766423,0.01765997330453,-0.2690354262249318,-0.0001309780138142213
2019-05-16,0.00039273128027087054,0.00756583576147588,-0.0019660734032041667,-0.0001309780138142213,-0.09556587519624789,0.00953190916467991,-0.3219801427497741,-0.005910530579171564
2019-05-17,-0.009341546446018504,-0.0007860285633901345,-0.01013505599355084,-0.005910530579171564,0.13529105852642248,0.00934902743016077,-0.09073438460823141,-0.0001317717660644898
2019-05-20,0.0018425825621539592,0.005910530579171435,-0.0031667197629196204,-0.0001317717660644898,-0.2600833149958117,0.009077250342091184,-0.31522171947937516,0.004600710982130627
2019-05-21,0.004862927656941714,0.00735101178893757,0.00039516273892458104,0.004600710982130627,0.17116364715122487,0.006955849050013036,-0.03599494708467623,-0.0090904051650419
2019-05-22,-0.0030209960849774545,-0.0003935040262845091,-0.011342783359832525,-0.0090904051650419,-0.07730692363000592,0.010949279333548013,-0.06539393822143584,-0.023703776845003164
2019-05-23,-0.01051032020745403,-0.010109084543147196,-0.03391976150116405,-0.023703776845003164,0.6233613842483668,0.023810676958016874,0.5835549848676818,0.004192278232407083
2019-05-24,0.004731956012690937,0.006214544205333143,-0.004754453921692283,0.004192278232407083,-0.73099667586912,0.010968998127025323,-0.2960738643030887,-0.020312849911839154
2019-05-28,0.0018875479934055805,0.002022265972925984,-0.021966919866409612,-0.020312849911839154,0.7482916037591408,0.023989185839335566,0.5002113045271726,-0.006216735293824103
2019-05-29,-0.00996549729233972,-0.0024820793774199667,-0.013728258878385767,-0.006216735293824103,-0.0888387987627142,0.011246179500965847,0.25301128278092105,-0.0026365440232296324
2019-05-30,-0.0019421148946217536,-0.0004159180668594817,-0.008769001449537977,-0.0026365440232296324,-0.3767181871373916,0.008353083382678398,-0.2165743449800099,-0.01681424782771342
2019-05-31,-0.010896989070978464,-0.0058528338264301994,-0.01879443794706387,-0.01681424782771342,0.4011941361528889,0.012941604120633644,0.1590791454692999,0.015562889051423832
2019-06-03,0.004511493774407592,0.01736989327324577,0.002822135083884353,0.015562889051423832,-0.167140555180512,0.014547758189361467,0.0033035658911122604,0.023511073470123694
2019-06-04,0.007898602939729056,0.024461937028608785,0.004026398008070661,0.023511073470123694,-0.12670830251434057,0.020435539020538088,-0.2012732020296937,-0.008323620168529791
2019-06-05,0.000679250901737345,0.000679250901737345,-0.013819670161811378,-0.008323620168529791,0.018516935287924422,0.014498921063548617,-0.1097048861420913,0.01806002230873967
2019-06-06,0.009952985774236167,0.02222312759430212,0.008323620168529665,0.01806002230873967,0.10037627520182205,0.013899507425772464,0.04312326578301617,0.0036268999871916885
2019-06-07,0.0026878739209878844,0.00870912640158742,0.0016135911569569218,0.0036268999871916885,-0.25512832752679804,0.007095535244630513,-0.2534146041081149,0.004415042544353825
2019-06-10,0.008145876557535715,0.010006086842488602,-0.0017446811629110825,0.004415042544353825,-0.15874590646172346,0.011750768005399823,-0.325056659396111,-0.0009349893732062415
2019-06-11,0.007977684259450484,0.01194273601735538,-0.0012022170053789583,-0.0009349893732062415,0.19328090414321047,0.01314495302273438,-0.052955622377084205,-0.010882052507669831
2019-06-12,-0.004821774432951563,-0.0030778978093905884,-0.013858261768316461,-0.010882052507669831,-0.17282257257545303,0.010780363958925806,-0.2052632041290637,0.008741922794264305
2019-06-13,0.009009651319549037,0.015281790864824606,0.004716651604868136,0.008741922794264305,0.12622011251905452,0.01056513925995634,-0.021983503025739343,-0.004428670376721233
2019-06-14,0.0,0.0017392104895872604,-0.006043896407104974,-0.004428670376721233,-0.04675637953252105,0.007783106896692101,-0.006941882005250651,0.009903692958943385
2019-06-17,-0.002558681744453612,0.011234623476515002,-0.004178152312642677,0.009903692958943385,0.08702983941010223,0.015412775789157509,0.09219480077996398,0.008619048926672694
2019-06-18,0.004385122209915704,0.014936566119046576,0.0034565594797649466,0.008619048926672694,0.07570770213523313,0.01148000663928171,0.13118789462869146,-0.005560694531634125
2019-06-19,-0.004499099017831745,0.0014512914086196975,-0.007554203438334567,-0.005560694531634125,-0.03366751386469455,0.009005494846954223,0.08235148381447158,0.01698192475849696
2019-06-20,0.012140531588905757,0.021670051668463676,0.010039742567396516,0.01698192475849696,0.5088169255739662,0.011630309101067167,0.5511051217649253,0.013998955891577744
2019-06-21,0.006894320372098531,0.014899563128557346,0.0033880945955346406,0.013998955891577744,0.3533403083479729,0.01151146853302257,0.7604482002334784,-0.0095707597613866
2019-06-24,-0.002061637901348938,0.0009006072369798074,-0.011391772161718302,-0.0095707597613866,-0.8364188080740425,0.012292379398697977,-0.3142502221070985,-0.008876188463584246
2019-06-25,0.001688046675499021,0.0035026860182948336,-0.0099255680973415,-0.008876188463584246,-0.027523279686795,0.013428254115636437,-0.3513001559995673,0.004317424664122966
2019-06-26,0.005361289994973036,0.011212642173798814,0.002618890856965121,0.004317424664122966,0.15434133340295708,0.008593751316833811,-0.19186628774908324,-0.010234950763270197
2019-06-27,-0.00013058471941270649,0.001956329640851289,-0.011026579751292967,-0.010234950763270197,-0.3328344988949314,0.012982909392144328,-0.5477897628951728,0.010626503077002386
2019-06-28,0.004868146465390032,0.011930703876336924,0.001581480889618008,0.010626503077002386,0.5956149161878638,0.010349222986718858,0.1696650848445734,-0.0009138938842855053
2019-07-01,0.006503665195943708,0.016822382631306507,-0.0044467290374288985,-0.0009138938842855053,-0.25643046568262745,0.021269111668735564,0.05652737823017436,-0.011032372793502623
2019-07-02,-0.005500972317725682,-0.0037950830935697317,-0.015134774478698295,-0.011032372793502623,-0.08790275143105898,0.011339691385128681,-0.05741983878768763,0.00946380884852963
2019-07-03,0.0013197636007856632,0.010248398370090752,-0.0011893489105008605,0.00946380884852963,-0.6915447078310601,0.011437747280591784,-0.7621344605760247,-0.004063782070334183
2019-07-05,-0.0032758987823539943,-0.0011781396316042512,-0.011182200453853413,-0.004063782070334183,0.27124998084954627,0.010004060822249179,-0.37561860413487363,0.004586943395510263
2019-07-08,0.00013137369758143546,0.0074592993443772905,-0.002762239057135209,0.004586943395510263,0.13509793324154903,0.010221538401512577,-0.21490001967468406,-0.0006540193884328795
2019-07-09,-0.00039242017938390214,0.0037845824765474208,-0.00985488518271599,-0.0006540193884328795,-0.0016646444873027668,0.013639467659263398,-0.0640686473150893,0.014031694606455243
2019-07-10,0.004829386642383319,0.015578621789495843,0.004047763733884882,0.014031694606455243,0.026901825562413165,0.011530858055610863,0.05197769866643666,0.0007737627144540886
2019-07-11,-0.0012909693295441499,0.0012893048762617082,-0.005952386480504394,0.0007737627144540886,-0.232147243437324,0.007241691356765921,-0.11558477142698198,0.0007731644685863632
2019-07-12,0.0023178004907618193,0.0039883946685697995,-0.0009028142092803406,0.0007731644685863632,-0.042260932689108965,0.004891208877850112,-0.18955223455129508,-0.007110047735752429
2019-07-15,0.0,0.001415982907741344,-0.009578093931062284,-0.007110047735752429,0.147740117133124,0.010994076838803726,-0.021615625827005845,-0.01503200005710051
2019-07-16,-0.0020779703855000596,-0.00012977147123579592,-0.01687749739768711,-0.01503200005710051,0.35973080625793113,0.01674772592645145,0.35923067840583905,-0.005944102269488645
2019-07-17,-0.0025054729754523304,0.0003950066470140106,-0.007667962422360322,-0.005944102269488645,-0.318048072730029,0.008062969069374289,-0.022330454322819777,-0.008515312501453135
2019-07-18,-0.005979747686722971,-0.0027861605269465513,-0.01737318879939165,-0.008515312501453135,0.4316754590400766,0.014587028272445051,0.4268457139694758,0.002002290353053094
2019-07-19,0.0008014584220153672,0.005463451155611823,-0.00401654613989797,0.002002290353053094,-0.01600556499519796,0.009479997295509855,0.28448581501422787,0.0010662646932682973
2019-07-22,0.003328233214185077,0.0041254325074127325,-0.00655561744091264,0.0010662646932682973,-0.2952441021038501,0.010681049948325524,-0.12468857904296102,0.003988346776999605
2019-07-23,0.0010651289837317658,0.009281384119328747,-0.00427179524889898,0.003988346776999605,0.021561118930184996,0.013553179368227723,-0.1292059906424626,-0.0001327159294419395
2019-07-24,0.0002652778309940575,0.008981704536914365,-0.006923263816881006,-0.0001327159294419395,-0.034622823662783526,0.015904968353795432,-0.1294076866964662,-0.005722289918221463
2019-07-25,0.0055577511146889125,0.0055577511146889125,-0.00745871258792061,-0.005722289918221463,0.09505481550154568,0.013016463702609428,-0.05208361158003234,-0.0016028151994760393
2019-07-26,-0.0008010355217573648,0.001999887657325306,-0.004413861693456896,-0.0016028151994760393,-0.16823569296936378,0.006413749350782181,-0.17016471991514245,0.007059620406569084
2019-07-29,0.0009352622399996145,0.007590418152951425,-0.001471481964302379,0.007059620406569084,-0.0793146351292585,0.009061900117253842,-0.16788220578530627,0.00013275116583066752
2019-07-30,-0.003723392475312304,0.0029158566663550736,-0.005990791544822528,0.00013275116583066752,-0.018601414439856988,0.008906648211177537,-0.15556569024528025,-0.01322573376064853
2019-07-31,-0.004122587923461306,0.004105762785113055,-0.01457142730611471,-0.01322573376064853,0.6326114403304016,0.018677190091227723,0.516931145722022,-0.02588349822930944
2019-08-01,-0.00837280722507318,-0.0012111145791541828,-0.028509112216308214,-0.02588349822930944,0.2680314412955581,0.02729799763715402,0.6680879159876522,-0.009846818192266215
2019-08-02,0.002067988966047008,0.010980113678246174,-0.017822788462569118,-0.009846818192266215,0.22130678892021008,0.028802902140815365,0.7211151602485125,-0.020700608689973764
2019-08-05,-0.013611396968854751,-0.011635399252317652,-0.030279610690996252,-0.020700608689973764,-0.11361370910505111,0.018644211438678605,0.3735261852887929,0.009629079149547068
2019-08-06,0.0001423082630584165,0.010333496327761092,0.0,0.009629079149547068,-0.4405204913564485,0.010333496327761092,-0.23468613607096356,-0.006503615281080897
2019-08-07,-0.015623076983836455,-0.001128057552225634,-0.022229435599817556,-0.006503615281080897,0.215172046806349,0.021101378047591903,-0.08579097895954663,0.02631727037067426
2019-08-08,0.004952234781713942,0.02673175215714099,0.0017007195744272062,0.02631727037067426,-0.06279318071072616,0.025031032582713813,-0.173888741074095,-0.021506218969768
2019-08-09,-0.003459971751536966,-0.0017976531963557233,-0.026742875527657122,-0.021506218969768,-0.0441289574679643,0.024945222331301357,-0.18421456127421315,-0.017228291710057873
2019-08-12,-0.011071778297152066,-0.009645360958661196,-0.02154602185401817,-0.017228291710057873,-0.36065126697376143,0.011900660895356964,-0.4467368579066071,0.01227535597127226
2019-08-13,-0.005183605936138139,0.014117959883578822,-0.010249084417170626,0.01227535597127226,0.26219658122075046,0.024367044300749346,-0.04770653214868567,-0.04112344830805685
2019-08-14,-0.02035034679781723,-0.020060875984553635,-0.04112344830805685,-0.04112344830805685,0.3787446358389747,0.02106257232350324,0.32918116710118805,-0.00593035869033838
2019-08-15,-0.002812561110193202,-0.0013313213695480659,-0.016694421766651556,-0.00593035869033838,-0.34146635855402657,0.01536310039710356,-0.055578668110404204,0.015492792776461319
2019-08-16,0.007850129687173135,0.017832601246918815,0.0002973036531773474,0.015492792776461319,-0.017662682856743304,0.017535297593741377,-0.052008273135201157,0.016697214000144893
2019-08-19,0.009761833883834803,0.019572910875213883,0.008165655515626974,0.016697214000144893,-0.2317184351377018,0.01140725535958678,-0.26802955150330504,-0.0060658502268316405
2019-08-20,-0.0021620750257887555,-0.0021620750257887555,-0.010712289540083984,-0.0060658502268316405,-0.0292593295056509,0.008550214514295065,-0.30473550414685474,0.009946063128747771
2019-08-21,0.013382462032238213,0.013668359877717839,0.004913361958711398,0.009946063128747771,0.03931544638063684,0.008754997919006427,-0.22433247935607883,-0.002153802611520989
2019-08-22,0.002721514746619805,0.0034363989034904745,-0.006764093093022848,-0.002153802611520989,-0.12180722574472708,0.010200491996513402,-0.2116447908759376,-0.030354028446183106
2019-08-23,-0.010839039614020851,-0.0005751389945187419,-0.03719317339037883,-0.030354028446183106,0.5384325506891017,0.03661803439586001,0.3997858086079536,0.005319956689107512
2019-08-26,0.009291489011479828,0.011344567671288724,0.000592518407527159,0.005319956689107512,-0.7386711306793146,0.010752049263761465,-0.39037614602059,-0.009774900523958942
2019-08-27,0.004118240679860155,0.008658120904330846,-0.013054587642304183,-0.009774900523958942,0.256463408127554,0.021712708546635148,-0.08308148699118197,0.00726625653915115
2019-08-28,0.0050474622423783595,0.011689130381247925,-0.0004465765304441438,0.00726625653915115,0.016355004200980884,0.012135706911691985,-0.0618158211233772,0.011020609617018423
2019-08-29,0.00911909145134346,0.014521676160967776,0.006039585904441743,0.011020609617018423,-0.06900841983843777,0.008482090256525963,-0.12129206058053733,0.0007304514300432126
2019-08-30,0.002626976174671072,0.009453950360685498,-0.005421696222707414,0.0007304514300432126,0.01943431764706268,0.01487564658339277,-0.1024891088585255,0.0011674578256197809
2019-09-03,-0.008653041530873621,0.0029162596185916367,-0.012490149879168829,0.0011674578256197809,0.07032665106247774,0.015406409497760362,0.09764169757320676,0.010591370172521705
2019-09-04,0.013617513890998773,0.01519900526898663,0.0077007108160424016,0.010591370172521705,-0.34737647265619237,0.007498294452944266,-0.3043171375151543,0.014044308579904886
2019-09-05,0.007906250243374859,0.018021112703219166,0.00589966513002127,0.014044308579904886,0.35262173560360427,0.012121447573197932,0.10346697381671983,0.009348562084313594
2019-09-06,0.0011378444384025962,0.009630443161081402,-0.0021368182094031337,0.009348562084313594,0.05089681121331965,0.011767261370484693,0.14868787225316896,0.00786407038074376
2019-09-09,0.003237434744177572,0.015944385185426267,0.0007047149959386528,0.00786407038074376,0.20899780243637509,0.015239670189487652,0.32666734450940316,0.008080314804682508
2019-09-10,0.009051117117507609,0.018844961798492682,0.001816853022426472,0.008080314804682508,0.07287002031581559,0.01702810877606608,0.3234839928269759,-0.0019444365799717869
2019-09-11,0.009803310709591787,0.010627339881415884,-0.007241316047354176,-0.0019444365799717869,-0.2716310091099042,0.01786865592877021,-0.024432819748787093,0.0006949211659737889
2019-09-12,-0.013295233609515721,0.0031924983822774937,-0.017247898384307354,0.0006949211659737889,-0.14546855202910522,0.020440396766584813,-0.2339383087766133,0.009127376602705014
2019-09-13,0.0038824059946896998,0.01022811736765386,0.001110722151844061,0.009127376602705014,-0.21539403518324068,0.00911739521580997,-0.43530668682138024,0.014894091641027979
2019-09-16,0.03250559100787245,0.034369516304679264,0.013129279112159121,0.014894091641027979,0.9942487297514794,0.021240237192520182,0.6148225215980727,-0.007624341660374991
2019-09-17,0.001219875936150749,0.004735797523535573,-0.015031795729654756,-0.007624341660374991,-0.31635937610487197,0.019767593253190417,0.17591376675357392,-0.004794837314810244
2019-09-18,-0.0071320648518314895,-0.0027370613649099324,-0.011546469694798205,-0.004794837314810244,-0.6840413683467631,0.008809408329888403,-0.5186553449778465,-0.006751632379987879
2019-09-19,0.0020577759499004265,0.0050681944137728075,-0.008689072586219504,-0.006751632379987879,0.09889165208444106,0.013757266999992381,-0.3655236562908499,-0.0034623674733041832
2019-09-20,0.00220958566699767,0.0023475556841534148,-0.00651921599748272,-0.0034623674733041832,0.8967778442197236,0.008866771681636118,0.5495283136493215,0.0006933697341885534
2019-09-23,-0.007799554774905009,0.003877030258853038,-0.008638798919653645,0.0006933697341885534,-0.968211964407226,0.012515829178506802,-0.6156297887240454,-0.01382025049663448
2019-09-24,-0.004446300313272043,-0.0036110387410359483,-0.018328566062777704,-0.01382025049663448,0.5740349117203403,0.014717527321741707,0.1542213213045061,0.002947564596290338
2019-09-25,-0.0022515634282993216,0.0046280403710991175,-0.004508315566143142,0.002947564596290338,-0.5044658373940529,0.009136355937242177,-0.32995999584036334,-0.00534005279985522
2019-09-26,-0.001823627547492368,0.0,-0.009434670767809945,-0.00534005279985522,0.04680169096013029,0.009434670767810014,-0.2963667283205229,0.007160467517322076
2019-09-27,-0.0038117399995259574,0.009814954720254612,-0.004802325203234781,0.007160467517322076,-0.02357687222844995,0.014617279923489532,-0.3264566416873071,-0.012245951082245646
2019-09-30,-0.0033633088194131716,-0.00041987559040325087,-0.012670893064391217,-0.012245951082245646,0.17214716144332468,0.012251017473987833,0.07133173533875684,-0.023790226193374397
2019-10-01,0.0031108794446940004,0.004239732788136746,-0.024370427659755813,-0.023790226193374397,0.05090883740014712,0.02861016044789251,0.07345847045248599,-0.026452614286178008
2019-10-02,-0.009911177720106263,-0.005234861858935918,-0.02853966611450532,-0.026452614286178008,0.34429108173309764,0.023304804255569356,0.4832554125051347,0.01228464795647804
2019-10-03,-0.00223632630171896,0.012578759483421784,-0.012588267129979848,0.01228464795647804,-0.29593230646419993,0.025167026613401446,0.052249944545241324,0.014458051493081422
2019-10-04,0.0019104605653259368,0.01590688503336336,-0.002356461451460904,0.014458051493081422,-0.023787420087152497,0.018263346484824323,-0.01675709238499733,-0.013869914915351578
2019-10-07,-0.003922490335452994,0.0008695298894784169,-0.013869914915351578,-0.013869914915351578,0.0425746438587003,0.014739444804829836,-0.016418644192132074,-0.019596823058806462
2019-10-08,-0.0070817017141362425,-0.0014712151827927739,-0.02049674152724287,-0.019596823058806462,-0.1201247638099833,0.0190255263444501,-0.15821474815291292,0.011033442726673006
2019-10-09,0.008955374828178635,0.014881227672478285,0.007468294947953678,0.011033442726673006,-0.1275951396830842,0.007412932724524826,-0.27647734541136604,0.011939084170309519
2019-10-10,-0.0001483226224529636,0.01354951728112034,-0.0008901526789246433,0.011939084170309519,-0.189429934648533,0.014439669960044888,-0.35530952435342517,0.01063922210894195
2019-10-11,0.01063922210894195,0.01800539251961417,0.009333586680236289,0.01063922210894195,0.3526146565118438,0.008671805839377997,0.07291850009563236,0.002895151746341095
2019-10-14,-0.005524143685304464,0.005637880816423272,-0.005669958054084008,0.002895151746341095,-0.48260910186245104,0.011307838870507375,-0.4004288694245255,0.003463176136815547
2019-10-15,-0.0017361513104650506,0.011783434129006688,-0.002460355332466657,0.003463176136815547,0.06385560587525133,0.01424378946147339,-0.22867945857326416,-0.01729058402957893
2019-10-16,-0.003029636431648295,0.0015833124972630566,-0.017583815812726528,-0.01729058402957893,0.3849164572363981,0.01916712830998959,0.23343615540369272,-0.001319996752085226
2019-10-17,0.003657380826539066,0.009481420217001294,-0.002200888866837684,-0.001319996752085226,-0.0008810121965132372,0.01168230908383911,0.20236866114968433,-0.007808493145383441
2019-10-18,-0.00397025209155951,0.00014677725704356667,-0.007808493145383441,-0.007808493145383441,0.32265994175041396,0.007955270402426983,0.4604769068171325,0.0165753302146036
2019-10-21,0.0031012220675817777,0.01701164438769861,0.0031012220675817777,0.0165753302146036,-0.27834632528579545,0.01391042232011688,0.10581489841609809,0.005078709151066104
2019-10-22,0.0005817469114588345,0.014729569878569588,-0.0013100859038116788,0.005078709151066104,-0.06724498016127985,0.016039655782381337,-0.04431989656729427,0.009507471205685066
2019-10-23,-0.0018833364165610346,0.009650860727503544,-0.004496962239607308,0.009507471205685066,-0.09846321587207167,0.01414782296711072,-0.1991547110138482,-0.00950747120568502
2019-10-24,0.003006216362486215,0.004291895646962026,-0.01052115166873261,-0.00950747120568502,0.041013602906624085,0.014813047315694695,-0.13659491240976063,0.00231319557165785
2019-10-25,-0.0027537493298943295,0.005629040192219338,-0.0027537493298943295,0.00231319557165785,-0.16852933011444884,0.008382789522113734,-0.2904139039056192,-0.008847698779809251
2019-10-28,0.0030278890678386732,0.006046637692755109,-0.009722171333130516,-0.008847698779809251,0.3876753867779332,0.015768809025885643,0.2198149017307991,-0.002917961591433596
2019-10-29,-0.002333665433510724,0.005665728744084442,-0.005844574408882299,-0.002917961591433596,0.2147153272407503,0.011510303152966575,0.4123215284071844,-0.010575909405530411
2019-10-30,-0.0010233125981757296,-0.0010233125981757296,-0.01724316256107913,-0.010575909405530411,-0.07887385511976767,0.01621984996290342,0.24292024557905373,-0.0022174822430303678
2019-10-31,-0.0038467592285809124,0.0,-0.008601592829515026,-0.0022174822430303678,0.23048998727091613,0.008601592829515016,0.3933232267166225,0.02960045236918189
2019-11-01,0.012062513137787178,0.029744150901089995,0.010892039956012834,0.02960045236918189,-0.13631038503157208,0.018852110945077192,0.13360693144366395,0.0293076790405894
2019-11-04,0.006730192610317658,0.032094424279498115,0.004873221125555553,0.0293076790405894,0.11689508832020662,0.027221203153942605,0.15035167246494446,0.019619283930773834
2019-11-05,0.005149308558936864,0.020029740251142816,0.002508366830611859,0.019619283930773834,-0.0602873138147814,0.01752137342053097,0.024146560664374567,-0.02213395849095782
2019-11-06,-0.004937508065635046,-0.0030144390144659886,-0.0261987328320273,-0.02213395849095782,-0.0645921045267333,0.02318429381756124,-0.054562335272209994,0.021038897430185298
2019-11-07,0.007525132056891163,0.02131274901969524,0.007108569118823715,0.021038897430185298,-0.06819707082361648,0.01420417990087159,-0.13827828874806017,-0.03116131267414028
2019-11-08,-0.01936170978529578,-0.01671192876964861,-0.03271675356922721,-0.03116131267414028,-0.07690903006693733,0.016004824799578706,-0.17307690783207416,-0.006094559670412486
2019-11-11,-0.007944396663961751,-0.002263348481039246,-0.011368538449378426,-0.006094559670412486,-0.33337115205632095,0.009105189968339167,-0.47822572987330875,-0.013886037992429797
2019-11-12,-0.0009956575506899414,0.0009947755593875476,-0.019523918808853104,-0.013886037992429797,0.4728960297224799,0.020518694368240643,0.1030162861703227,-0.008250747694192383
2019-11-13,-0.00505826795769198,-0.0031764568134503104,-0.011162024501727761,-0.008250747694192383,-0.1673578447251042,0.00798556768827753,-0.04809385870718313,-0.004370044028062323
2019-11-14,0.0008716774777947021,0.0024678558460027424,-0.009052518110454062,-0.004370044028062323,-0.042854714994278335,0.011520373956456798,-0.05429937462241657,0.010022633528075585
2019-11-15,0.0030609904502910154,0.011611204964586144,0.0024786506998543956,0.010022633528075585,-0.0023965288446550397,0.00913255426473165,-0.026104813371408447,-0.009730754332362966
2019-11-18,-0.007107223989463722,-0.0053619828613264186,-0.012946567537845557,-0.009730754332362966,-0.10851730120898566,0.00758458467651905,-0.11973841098699793,-0.01026849226619011
2019-11-19,-0.0017527775272167159,0.0005836142158552037,-0.010858476294770757,-0.01026849226619011,0.22203354128943467,0.011442090510625995,0.07761747803431182,0.0030916342156668336
2019-11-20,-0.00221420901215693,0.010560397606323109,-0.007399767408308249,0.0030916342156668336,0.29499531536002166,0.01796016501463141,0.3953853704767133,0.02382101634683404
2019-11-21,-0.00014703618647596902,0.02496865428810609,-0.0016182513692688059,0.02382101634683404,-0.18430927287047089,0.02658690565737481,0.12447469295068476,-0.004315245769768763
2019-11-22,0.0005739836047324305,0.007293591743338258,-0.004892043395091997,-0.004315245769768763,-0.14801698710722916,0.012185635138430123,-0.06761616528853003,-0.0066531784779528345
2019-11-25,0.0,0.0010085685201598432,-0.009559801271963632,-0.0066531784779528345,-0.12936621672072543,0.010568369792123642,-0.21060111784703223,-0.0024701181677576865
2019-11-26,0.00014502657941933681,0.0018847015235156177,-0.00684387381627655,-0.0024701181677576865,0.3706259098565195,0.00872857533979233,0.15134058857485252,-0.0005820855379322871
2019-11-27,0.0002909712378482714,0.005078709151066104,-0.004812174040034233,-0.0005820855379322871,-0.6105567236011303,0.009890883191100357,-0.5012448549431474,-0.008331550335057291
2019-11-29,-0.005400219216875612,-0.0024775670217417724,-0.010241449630684862,-0.008331550335057291,-0.05046659450552569,0.007763882608943125,-0.42021478969150644,0.004247548315743604
2019-12-02,0.0054161407964453045,0.010948215772856014,0.0035165676262948705,0.004247548315743604,0.3314278159149683,0.007431648146561069,0.017041176318242115,-0.007923752883769595
2019-12-03,-0.006157447611371277,-0.002487718722408927,-0.013241352217396021,-0.007923752883769595,0.09671654808043688,0.010753633494986961,0.1327249106866554,0.011279754537203734
2019-12-04,0.0054360341613607244,0.0128808116788639,0.0038230033717952445,0.011279754537203734,-0.1027797427849854,0.009057808307068567,0.0009796918466842143,-0.003502088136222485
2019-12-05,0.003489866304393123,0.004650490701332385,-0.006429986196470863,-0.003502088136222485,0.17089573894172685,0.011080476897803242,0.2550945443206717,0.015951591540411463
2019-12-06,0.005103145277882597,0.021117345569559073,0.005103145277882597,0.015951591540411463,0.04488482622436281,0.01601420029167654,0.21119909626773647,0.002155659663946564
2019-12-09,-0.006205378060331065,0.006595938358797048,-0.007074388812358733,0.002155659663946564,-0.10067287190427204,0.013670327171155773,0.0122756890258462,-0.00865066089916055
2019-12-10,0.0,0.007009510791081406,-0.01387716270225622,-0.00865066089916055,0.141475027852157,0.020886673493337487,0.13304937670866518,-0.0014490435306581703
2019-12-11,-0.004644416265163298,0.010085153613406258,-0.005663260641853061,-0.0014490435306581703,-0.038063545682476205,0.015748414255259517,0.06293574083366242,0.019813961903635123
2019-12-12,0.0,0.020382479789173485,-0.0008704129133332284,0.019813961903635123,0.21631220577759241,0.021252892702506593,0.23828975476354106,-0.015906231803351677
2019-12-13,0.00198845427465016,0.002839362803881288,-0.01749641075063492,-0.015906231803351677,-0.32971071982962696,0.020335773554516087,-0.1486320848132801,0.01106089886984648
2019-12-16,0.006765930802778028,0.014625965034342723,0.006765930802778028,0.01106089886984648,0.21434369287954644,0.007860034231564705,0.08608852757209146,-0.004581905125436287
2019-12-17,-0.00028570713991829587,0.005413850819043486,-0.009906081343910808,-0.004581905125436287,-0.051124776241259606,0.015319932162954186,-0.004534810726961165,0.0027230749503259918
2019-12-18,-0.000717867414851341,0.008716217288892577,-0.005757090289591991,0.0027230749503259918,-0.05683485068645089,0.014473307578484546,-0.06369398451536867,-0.006893655758749849
2019-12-19,0.001715932305260703,0.002572904474188301,-0.009057712418789457,-0.006893655758749849,-0.028161040891173134,0.011630616892977716,-0.09053320451266587,0.007895010426882816
2019-12-20,0.006750491999968546,0.01203286185456885,0.0,0.007895010426882816,0.9722262195520657,0.01203286185456885,0.9353443521592184,0.004991787670433495
2019-12-23,-0.0011445184269142082,0.005134075684731735,-0.005879469987950784,0.004991787670433495,-0.9066697170498158,0.01101354567268248,-0.2575290594808007,-0.0038486866287931534
2019-12-24,0.0008532076577617235,0.002983155605407736,-0.005420801305724781,-0.0038486866287931534,-1.2701724130533112,0.008403956911132512,-1.5163343729524834,0.0015697558006434451
2019-12-26,0.0024250179411290187,0.006831842234200759,-0.0001427480816973285,0.0015697558006434451,0.798178446665002,0.006974590315898171,-0.595394482668446,-0.003428054628659331
2019-12-27,0.0009976441747654814,0.002563378102946985,-0.003571177423075439,-0.003428054628659331,0.17359791531354163,0.006134555526022367,-0.35989547302513636,-0.005883579067996823
2019-12-30,0.002857509507554524,0.007838749531371769,-0.007035679256519863,-0.005883579067996823,0.18785958314306794,0.014874428787891594,-0.13476276492916997,0.004308428577022475
2019-12-31,-0.006642720655267046,0.004595063801774964,-0.006787537100123916,0.004308428577022475,0.03579163210092519,0.011382600901898996,0.2700293270297798,0.01592303679461389
2020-01-02,0.006570500648524842,0.017614061982468652,0.006570500648524842,0.01592303679461389,-0.054324084331569246,0.011043561333943757,0.23624845844030082,-0.008071978704532476
2020-01-03,0.006186673537914006,0.006607196407034438,-0.010492054799177737,-0.008071978704532476,0.3334825020516579,0.01709925120621226,0.41069706750308616,0.007648775222264689
2020-01-06,-0.0001422273180066726,0.014539020469773475,-0.001422858385045571,0.007648775222264689,0.14410186275550366,0.015961878854818853,0.41656729794924136,-0.008217697364562893
2020-01-07,-0.005234541759155091,-0.004950941650284833,-0.019376593732276928,-0.008217697364562893,-0.14405585216155628,0.014425652081992056,0.1375460495271403,-0.0151952110333028
2020-01-08,-0.0025641082883112775,0.0,-0.01606233807212626,-0.0151952110333028,-0.13857473868634856,0.01606233807212626,-0.06119234548708571,0.0076264670437811485
2020-01-09,-0.001300917513797385,0.009631327889706883,-0.008704626279107402,0.0076264670437811485,-0.021764160618516378,0.01833595416881432,-0.10733725328797016,-0.00892738455757854
2020-01-10,0.002433935856499891,0.0028628268406676633,-0.009216645991064273,-0.00892738455757854,-0.2108842445120436,0.012079472831731865,-0.3463884666950664,0.009500627824069423
2020-01-13,0.000867392857361479,0.01050298620853386,-0.00043397873081663937,0.009500627824069423,-0.18657548170935373,0.010936964939350435,-0.46728114304868706,-0.008633234966707983
2020-01-14,-0.0060354515357001004,-0.0031568574501697763,-0.013123032744479162,-0.008633234966707983,0.4908051686702643,0.009966175294309354,0.15995454669259224,-0.001590869027286438
2020-01-15,0.0,0.0056200077096058626,-0.004489797777771172,-0.001590869027286438,-0.3560074868375907,0.010109805487376953,-0.17965785408096518,-0.003915553560861197
2020-01-16,0.0030350007369758522,0.0070672465438245576,-0.004206160199548143,-0.003915553560861197,0.15802741298423695,0.011273406743372683,0.03491817527750138,-0.003785157255181282
2020-01-17,-0.0010176593882482246,0.0037708838498412443,-0.007731039555468325,-0.003785157255181282,0.3075559100037667,0.011501923405309533,0.365583982982372,-0.014397130298980071
2020-01-21,-0.002628894635045843,-0.002044085892269555,-0.015433471982798127,-0.014397130298980071,-0.008940815288039685,0.013389386090528567,0.26343832320597743,-0.00578764511285226
2020-01-22,-0.00029605257802865195,0.0017740264597973262,-0.008619488989801386,-0.00578764511285226,-0.05424611388837361,0.010393515449598744,0.09925581576082297,-0.00627063567421505
2020-01-23,-0.007169610270480771,-0.003877161595738183,-0.017112386095830084,-0.00627063567421505,0.14067203152949695,0.013235224500091907,0.22996574341508552,-0.006762321368225549
2020-01-24,-0.0034505432443172174,-0.001348765134385624,-0.010993194678548509,-0.006762321368225549,-0.0722903140326301,0.009644429544162888,0.05739904433170235,-0.024112290724449297
2020-01-27,-0.013663512104455955,-0.008936012878431824,-0.02473035188643875,-0.024112290724449297,0.15192215044730562,0.01579433900800691,0.1539935320481309,-0.0013910866810105218
2020-01-28,0.005698941121905389,0.007080206625479515,-0.0017005587232363547,-0.0013910866810105218,-0.07663722752448092,0.008780765348715833,0.04399853798761781,-0.00838776130046889
2020-01-29,0.0058605542896611055,0.007397101567527854,-0.011668743557356817,-0.00838776130046889,-0.32538602196950184,0.01906584512488462,-0.29910689979256283,0.010550917073008944
2020-01-30,-0.005160725076912049,0.01193899995434882,-0.010663427062518646,0.010550917073008944,0.2667449056758525,0.022602427016867512,-0.0023644556477588276,-0.04208330350645425
2020-01-31,-0.024846971367916436,-0.024846971367916436,-0.04627750746897175,-0.04208330350645425,0.6144626536406964,0.02143053610105541,0.6235816316188527,-0.02263017871430262
2020-02-03,-0.011983914492828738,-0.011332495885451559,-0.02857570597058083,-0.02263017871430262,-0.22449426140846124,0.017243210085129305,0.23814360495721645,-0.012593344836150098
2020-02-04,0.011786046055859449,0.019243912694670122,-0.013928266286636879,-0.012593344836150098,0.15314613371539748,0.03317217898130692,0.3357979469781905,0.04499533727563952
2020-02-05,0.012922624685010063,0.04817854485264258,0.010450410360100531,0.04499533727563952,0.005532547815769273,0.03772813449254197,0.23927808750279297,-0.013642751845348598
2020-02-06,0.0031832075770029983,0.004453622504574465,-0.015260127079724016,-0.013642751845348598,-0.6927858661190109,0.019713749584298636,-0.5859829455937464,-0.006647772188502509
2020-02-07,-0.007624357109371145,-0.003561622982600271,-0.013340033168361977,-0.006647772188502509,-0.06052302564710687,0.00977841018576172,-0.6290970540616465,-0.02487161281200781
2020-02-10,-0.01623654647500248,-0.015575374293439873,-0.03055820044289568,-0.02487161281200781,0.32587629979621147,0.014982826149455845,-0.15791521290498114,0.009461431771256388
2020-02-11,0.010287177859061494,0.015391289631215119,0.0034962008354754936,0.009461431771256388,-0.33945358056722724,0.01189508879573949,-0.4432731546341904,0.012151244472131532
2020-02-12,0.013293071436996307,0.016385751176560492,0.0004955420690442962,0.012151244472131532,0.18073621455334185,0.01589020910751617,-0.1041143091964623,-0.005564664939783894
2020-02-13,-0.003433324411239265,0.0024451509918328685,-0.011655702403087227,-0.005564664939783894,-0.05244871475339852,0.014100853394920097,-0.001488030591714581,-0.004606008720211559
2020-02-14,0.003604217817197022,0.0037677092969324697,-0.010725315761287112,-0.004606008720211559,-0.44557899498785425,0.014493025058219658,-0.45754529660624516,-0.01277708315979749
2020-02-18,-0.008278192760237758,-0.004296142335842522,-0.019984024578733845,-0.01277708315979749,0.5570713327406521,0.015687882242891357,0.15043697305037082,0.00765265887069354
2020-02-19,0.003833649815957996,0.012282276620784821,-0.000835339382792956,0.00765265887069354,-0.3918968625510757,0.01311761600357779,-0.21679304028842886,-0.007986723638846413
2020-02-20,-0.0018246768043471593,0.0033090824565406092,-0.010328243148286452,-0.007986723638846413,0.14596075797298297,0.013637325604827145,-0.0440211478793268,-0.012270084724285538
2020-02-21,-0.005864175168895671,-0.005864175168895671,-0.018036724633865495,-0.012270084724285538,0.31560531799907066,0.012172549464969835,0.3117080011066105,-0.04797873003658861
2020-02-24,-0.025868716777433166,-0.02274966541789752,-0.04797873003658861,-0.04797873003658861,0.4573561193794268,0.025229064618691076,0.7247975113195954,-0.03907877533802202
2020-02-25,0.006895958501515988,0.006895958501515988,-0.04333133861126588,-0.03907877533802202,0.12621694144705206,0.05022729711278186,0.6094578514614042,-0.022200379185470513
2020-02-26,0.006436775771047747,0.011374162785796095,-0.023710630886429357,-0.022200379185470513,-0.20042509697477962,0.035084793672225466,0.24652731225789076,-0.06206403962803686
2020-02-27,-0.024829374633408285,-0.010810910628858002,-0.062465574625965754,-0.06206403962803686,0.4795984865649996,0.05165466399710777,0.58988894106198,0.03199954952394857
2020-02-28,-0.02130112460033214,0.03199954952394857,-0.03700721612639312,0.03199954952394857,0.2601729563412523,0.06900676565034163,0.6271410843708145,0.04634331813371288
2020-03-02,0.022109937270299706,0.04652886738711214,-0.006044623250321151,0.04634331813371288,-0.493374963577969,0.05257349063743325,-0.09147980550265032,-0.04906863406151841
2020-03-03,0.0012983344796180726,0.004998630259613604,-0.05532598139743823,-0.04906863406151841,0.2826316512846962,0.06032461165705203,0.1626904813909276,0.021597425660190586
2020-03-04,0.017966296379215593,0.022741398608593078,-0.0035149481296034603,0.021597425660190586,-0.7422050716013224,0.02625634673819645,-0.6433438827023156,-0.04506756181293225
2020-03-05,-0.038900277521066104,-0.03336223731954735,-0.0666518526678529,-0.04506756181293225,0.5270278148859491,0.03328961534830553,-0.09102526624350431,-0.04949889763794056
2020-03-06,-0.025670948785123868,-0.022196276477847596,-0.05982669239638694,-0.04949889763794056,0.3105185294627079,0.03763041591853941,0.25296530812060275,-0.13039097191529114
2020-03-09,-0.1339808172549022,-0.06766072340257501,-0.15603964080330807,-0.13039097191529114,0.2701265299127722,0.08837891740073303,0.5551057167553715,0.036359094197825945
2020-03-10,0.09799946526128958,0.09994688892132722,-0.009842831611073013,0.036359094197825945,-0.18728913315626314,0.10978972053240019,0.21407868496953145,-0.03349652230830281
2020-03-11,-0.0237773548303963,0.0016112259284031484,-0.03899037449959762,-0.03349652230830281,-0.15077237495608584,0.04060160042800088,0.02366877653156099,-0.12142231298679843
2020-03-12,-0.05081694134976311,-0.03219442995734389,-0.12627539084393485,-0.12142231298679843,0.23450755992266098,0.094080960886591,0.15387685018105424,0.024968060264828135
2020-03-13,0.07335839041659968,0.07660233766126158,-0.06042292901194723,0.024968060264828135,0.19518552905572364,0.13702526667320863,0.2642565426728162,-0.10006957515212325
2020-03-16,-0.10268244202989228,-0.006315754250971929,-0.13668428366432578,-0.10006957515212325,-0.4903870827055354,0.13036852941335386,-0.3022322067304111,0.06510010908441594
2020-03-17,0.020660631550982345,0.08046635498786202,-0.008443809237335361,0.06510010908441594,-0.17173733465921337,0.08891016422519726,-0.3987784654394514,-0.10563228743127942
2020-03-18,-0.06336205656698699,-0.0027204121291928246,-0.16439042806131313,-0.10563228743127942,0.2711128467827763,0.16167001593212038,-0.06293368535821914,0.03879098894688917
2020-03-19,0.018250338234946,0.05234957566263675,-0.023523323488111654,0.03879098894688917,-0.08945648871111457,0.07587289915074848,-0.15949063414132697,-0.050330663004555354
2020-03-20,0.011837870149886123,0.02154946177001599,-0.08703780715839576,-0.050330663004555354,0.4375415213216433,0.10858726892841171,0.3359911059925972,-0.040198615804280656
2020-03-23,-0.006434920249733906,-0.0012225219748467997,-0.08374026044516783,-0.040198615804280656,-0.29552533907701867,0.08251773847032097,0.052816960636482085,0.11944207958187768
2020-03-24,0.09023873018073138,0.13983098793517554,0.05805893985152571,0.11944207958187768,0.08226166330347173,0.08177204808364973,0.10579150018014771,0.05088413175514732
2020-03-25,0.029745062707615056,0.08515209251647295,-0.007363339003025598,0.05088413175514732,-0.08833423203040888,0.0925154315194985,-0.054096136390314825,0.040210351137280845
2020-03-26,0.005615714234084831,0.059093322726361294,-0.015403619746441987,0.040210351137280845,-0.19192987253613153,0.0744969424728033,-0.2545954289027959,-0.04936990183746288
2020-03-27,-0.04451027292366648,-0.029806112072253997,-0.0698764299721605,-0.04936990183746288,0.09850387904778543,0.040070317899906505,-0.1471234180039677,0.014775264934266749
2020-03-30,-0.01967817577004689,0.03196012968519274,-0.02994318284471114,0.014775264934266749,-0.11767103345695039,0.061903312529903914,-0.1774604826864708,0.012455473416492753
2020-03-31,0.02215280862099484,0.0506931336549211,-0.0034727180611307884,0.012455473416492753,-0.09955699430323603,0.0541658517160517,-0.2355465282698153,-0.011655825771991164
2020-04-01,-0.029669437592538258,0.019043213357075796,-0.04387733922593646,-0.011655825771991164,-0.14069787077666218,0.06292055258301234,-0.29559430986425994,0.07368924211551685
2020-04-02,0.031732120684435344,0.11157618108817935,0.00981057172817031,0.07368924211551685,0.5423444845124996,0.10176560936000895,0.3354619761731955,-0.02989802978147649
2020-04-03,0.02565807725117971,0.043116359549327465,-0.047652223922666645,-0.02989802978147649,-0.24710694631444377,0.09076858347199428,0.021698351270007143,0.03162919609602769
2020-04-06,0.016943178921960723,0.04048535722239279,0.0005099555978393895,0.03162919609602769,-0.15912216078048474,0.03997540162455337,-0.12411278937309407,0.01884771079779441
2020-04-07,0.05831087245130884,0.06805342603716953,0.016905918207725426,0.01884771079779441,0.16931460115761554,0.0511475078294442,0.06478116906602323,0.06136598417176749
2020-04-08,0.017069751251361894,0.06568963279429069,0.005561603845372333,0.06136598417176749,-0.382997430601736,0.060128028948918354,-0.3501109181909835,-0.016555848595727063
2020-04-09,0.036058114264715356,0.06318357089327682,-0.04931474215901353,-0.016555848595727063,0.5889056240839784,0.11249831305229058,0.2502258734923562,-0.00861578852112515
2020-04-13,0.030146143699135906,0.03553089679132127,-0.02726372899413536,-0.00861578852112515,-0.7066050940562804,0.0627946257854566,-0.4482571895061142,-0.00774738049695802
2020-04-14,0.005597068789917964,0.02288856589997881,-0.020078588607511202,-0.00774738049695802,0.036981485283330964,0.04296715450749022,-0.32693450408991825,-0.04704765273586757
2020-04-15,-0.034283599702378695,-0.03282122136994195,-0.07459756607241545,-0.04704765273586757,0.07378059468806611,0.04177634470247354,-0.20252168800752707,-0.03340755225881201
2020-04-16,0.0,0.0,-0.039042844209364366,-0.03340755225881201,-0.0684323816904382,0.03904284420936445,-0.18986185952083587,0.09890291791067356
2020-04-17,0.018474510464860955,0.10121395367609734,0.018223673191308166,0.09890291791067356,0.27753915985687055,0.08299028048478915,0.10071099435382723,-0.04835067031226043
2020-04-20,-0.058847539635808674,-0.01116809016011205,-0.06401421571551774,-0.04835067031226043,-0.03916849685809198,0.05284612555540559,0.17184802824302328,-0.005356750630909643
2020-04-21,-0.01912288627403649,0.02280739233334686,-0.03836627485588812,-0.005356750630909643,0.12259840351565347,0.06117366718923505,0.23794616058005028,0.028164142964256574
2020-04-22,0.03925825907706,0.04697493096564235,0.021734773219125973,0.028164142964256574,-0.4942437242329566,0.025240157746516396,-0.33124064018126037,0.0308507679266548
2020-04-23,0.02345873408100281,0.05831814165158828,0.01601165089183108,0.0308507679266548,0.26447985165629023,0.042306490759757134,-0.03413992497118448,0.006423485686452515
2020-04-24,0.021628634534398804,0.03260416992681482,-0.007392033845652002,0.006423485686452515,-0.20777502693518854,0.039996203772466876,-0.26540394017440205,0.004790680745811144
2020-04-27,-0.0032065852060478668,0.013401680596419037,-0.034903496850796405,0.004790680745811144,-0.013329268000643019,0.048305177447215394,-0.21134001464864138,0.02317059222476314
2020-04-28,0.009738505615217675,0.032466767318859995,0.00386149225119679,0.02317059222476314,-0.06311162840154887,0.02860527506766312,-0.20947746783949364,0.05389160378966454
2020-04-29,0.028281992592515275,0.05683710125364573,0.026117990966765647,0.05389160378966454,0.10562983230143352,0.030719110286880232,0.011550220281270781,-0.021080262351598593
2020-04-30,0.004624797440480269,0.004624797440480269,-0.03625836705017106,-0.021080262351598593,0.22850294595083842,0.04088316449065137,0.22353741141803604,-0.07435634255266257
2020-05-01,-0.01824155101802374,-0.0017230637588260688,-0.07760685367195182,-0.07435634255266257,-0.04628590553568428,0.07588378991312582,0.1651473912436906,0.039541658200947995
2020-05-04,-0.01471132392619961,0.040877609386008255,-0.021556555479765996,0.039541658200947995,-0.2537577333911572,0.06243416486577437,-0.13258357670085444,-0.0011146860020470697
2020-05-05,0.03028533550616395,0.04934175642789135,-0.0049140420184446325,-0.0011146860020470697,0.06384058670824475,0.05425579844633596,-0.06357139811625817,-0.018915225495480522
2020-05-06,0.002228130862565827,0.009766972547969493,-0.0209632441725658,-0.018915225495480522,-0.2562177752505879,0.030730216720535455,-0.3371459770625206,0.005667021637833564
2020-05-07,0.021810811706010794,0.02868219804345007,-0.00045476256137206097,0.005667021637833564,-0.022254724305836977,0.029136960604822078,-0.31532672003163836,0.04291741538064067
2020-05-08,0.023898393833725048,0.04378323610284093,0.016588541200014642,0.04291741538064067,-0.10370076507096623,0.02719469490282634,-0.31565228589319716,-0.009573585244292204
2020-05-11,-0.0015169510792734594,0.00043300406678751217,-0.014614765387470915,-0.009573585244292204,0.10809985992861598,0.015047769454258536,-0.08809167802978812,-0.03606005511447355
2020-05-12,-0.007020728926884246,-0.0015316381867089806,-0.03606005511447355,-0.03606005511447355,0.13358586593640404,0.034528416927764614,0.08928655651162594,-0.05091160171508894
2020-05-13,-0.008650116553633066,-0.005682479345139691,-0.0588130395885452,-0.05091160171508894,0.19213276361851464,0.053130560243405595,0.31495992752556173,0.008785499554946733
2020-05-14,-0.02072364792304975,0.014678268628069391,-0.04213455385732311,0.008785499554946733,-0.21530083635033084,0.056812822485392496,0.02955815050076352,-0.0071174497324700955
2020-05-15,0.0018895100275997097,0.016645539754769696,-0.01069530754102178,-0.0071174497324700955,-0.10202468386763563,0.02734084729579165,-0.09456547646205604,0.07652003016142905
2020-05-18,0.05556988552145228,0.08179944570649665,0.04788275425948506,0.07652003016142905,0.35545659147022346,0.033916691447011656,0.24108036542234976,-0.031364612742112156
2020-05-19,0.004620958511675701,0.02805448528161309,-0.031592183510244135,-0.031364612742112156,-0.38594482717642814,0.05964666879185736,-0.21962969603359347,0.032026034430863076
2020-05-20,0.015357129363663269,0.036644028287179525,0.014235944408667286,0.032026034430863076,-0.11778992538964743,0.02240808387851249,-0.30999969002983113,-0.018014443695601633
2020-05-21,0.0015416740572735798,0.009214676529501089,-0.02183686503735821,-0.018014443695601633,-0.011522068268911808,0.031051541566859124,-0.230520706776741,0.0008971983755392299
2020-05-22,-0.011511291375609833,0.002465467935376947,-0.025225757167525086,0.0008971983755392299,-0.21651136701953907,0.02769122510290214,-0.3983292433628132,0.028949130124013858
2020-05-26,0.025239400476968148,0.03740811980052825,0.019318969869773654,0.028949130124013858,0.2786172637035155,0.018089149930754535,-0.05639254480411605,0.007162305725643969
2020-05-27,0.016204308385576304,0.02643892962284903,-0.010950613187866724,0.007162305725643969,0.020990057237398062,0.03738954281071573,0.07929673288122874,-0.026294256504725354
2020-05-28,0.0041005479415010355,0.004746446973407931,-0.028739530788825487,-0.026294256504725354,-0.0538732206972855,0.033485977762233284,0.03571714111330808,0.009501790524841493
2020-05-29,-0.004896542594557197,0.014328421360052543,-0.01498746284051548,0.009501790524841493,0.2727485495679106,0.029315884200568066,0.30483570531782067,0.017657081265743856
2020-06-01,-0.0033043652572534938,0.02132368700154879,-0.014844672292218992,0.017657081265743856,-0.30719642878053094,0.03616835929376791,-0.07067964103933626,0.022011842721552467
2020-06-02,0.012454570155647254,0.024966665185741324,0.010104379785692315,0.022011842721552467,0.15936910510715793,0.014862285400049045,0.05381261264752384,0.03998461673316152
2020-06-03,0.014479292237334875,0.043228736411557236,0.013437098570037047,0.03998461673316152,0.048066623784484744,0.029791637841520117,0.08349115535202609,-0.002847331680206785
2020-06-04,-0.007337998688593317,-0.0018294577651934367,-0.022177537571505198,-0.002847331680206785,-0.2233036973677526,0.020348079806311852,-0.16393367935883196,0.07794124023662731
2020-06-05,0.05063122138480638,0.0848876480214339,0.04966263919270895,0.07794124023662731,0.7913607530610731,0.0352250088287249,0.6362258094814588,0.030794490314922606
2020-06-08,0.030429051662327688,0.042057078374412527,0.00713344962516986,0.030794490314922606,-0.2076492294085289,0.03492362874924258,0.29641150309638714,-0.02253930990195492
2020-06-09,-0.03456951853277925,-0.014166375026330537,-0.042734384886721336,-0.02253930990195492,-0.20787259355680038,0.028568009860390837,-0.02170223686078903,-0.05511616355247308
2020-06-10,-0.00037377047114497703,-0.00037377047114497703,-0.05610387823539621,-0.05511616355247308,0.13299232981065254,0.05573010776425127,0.07633621712188148,-0.09239245028588644
2020-06-11,-0.06357819587750733,-0.03638960845388867,-0.09412634391735625,-0.09239245028588644,0.22921045929831715,0.057736735463467435,0.25331759267061776,0.02121124794321901
2020-06-12,0.039487205734641075,0.05148813638459143,-0.005863855597246604,0.02121124794321901,-0.23496247604577766,0.057351991981838026,-0.10782373785484894,-0.0006361739176165608
2020-06-15,-0.03934791556354393,0.012430375462603473,-0.05266661375710103,-0.0006361739176165608,-0.10360418623134605,0.0650969892197046,-0.14955683672367287,0.02223715232482502
2020-06-16,0.05026392131567235,0.053888579044252816,0.0021191422994384598,0.02223715232482502,-0.0637871436464794,0.051769436744814316,-0.1778829059606415,-0.03311490315876329
2020-06-17,-0.004158025977282895,-0.0014533313778594698,-0.03375852849775685,-0.03311490315876329,-0.306852004973689,0.03230519711989738,-0.47785291545899317,0.00619985103382735
2020-06-18,-0.011214274270937607,0.01490024887872366,-0.018615269059468698,0.00619985103382735,0.10802457802769747,0.03351551793819245,-0.2903453508422047,-0.02023747538091533
2020-06-19,0.02732991330807335,0.028159040656978756,-0.02023747538091533,-0.02023747538091533,0.8227136050950611,0.04839651603789388,0.6639723748331735,0.009523852021584386
2020-06-22,-0.006327083860851708,0.00995461787907072,-0.012694370722353403,0.009523852021584386,-1.0238442934713945,0.022648988601424298,-0.49298979958671857,0.0060138196109777555
2020-06-23,0.010287346586057598,0.017087196107859953,0.0017219511924036661,0.0060138196109777555,0.07410878544055155,0.01536524491545622,-0.34407525696191815,-0.04825499183969018
2020-06-24,-0.017061226074384907,-0.015972747951420126,-0.053888809557946206,-0.04825499183969018,0.37875009229522494,0.037916061606526,0.0908354469519376,0.014943919957352975
2020-06-25,-0.010163854109857585,0.016492499177112676,-0.0183699776414672,0.014943919957352975,-0.3559114870704296,0.034862476818579825,-0.3291548968030145,-0.03491737284288811
2020-06-26,-0.0064408241157477815,-0.005104872930687511,-0.03767217103490902,-0.03491737284288811,0.4876993990766803,0.032567298104221425,0.17447214493839755,0.015920299266633856
2020-06-29,0.0043463968856665616,0.021769632744518992,-0.0018356594529880066,0.015920299266633856,-0.6143044844590934,0.02360529219750698,-0.2990564912959793,0.00898482059013154
2020-06-30,-0.02028558197971992,0.014559592374155007,-0.02652189869875998,0.00898482059013154,0.2617266482010695,0.04108149107291504,-0.032855636800680425,-0.022843968213691373
2020-07-01,-0.005156373598642261,0.014650646745406625,-0.023759530575305512,-0.022843968213691373,-0.24786592813310135,0.03841017732071214,-0.30860779928037224,0.008429318454277789
2020-07-02,0.020605277136615127,0.03329890510418633,0.005020577004819738,0.008429318454277789,0.052199182926940396,0.028278328099366604,-0.16449100736599606,0.007007998712178884
2020-07-06,0.013295887989312468,0.022432523405457944,-0.005459560263688106,0.007007998712178884,0.21967917316891244,0.027892083669145994,0.0658343836141404,-0.026248173507727377
2020-07-07,-0.011099850257003493,-0.00882457117792904,-0.029259202179142775,-0.026248173507727377,-0.26510554699596206,0.020434631001213812,-0.11252657926367925,-0.002315404775611207
2020-07-08,-0.0020835786968270045,0.01583143334609049,-0.00929378244710592,-0.002315404775611207,0.04952411156489908,0.025125215793196373,-0.06664555604214689,-0.042136381855628596
2020-07-09,-0.005578765310608134,-0.0009276651063731945,-0.043830264741751945,-0.042136381855628596,0.34711674236622064,0.04290259963537865,0.32077976706205297,0.030713064757226686
2020-07-10,-0.005819649785878682,0.03211881846025055,-0.006306160581042379,0.030713064757226686,-0.3116910458148053,0.03842497904129307,-0.07846671699729489,0.00023439975191736254
2020-07-13,0.007707570849294058,0.014894372888142042,-0.009896451608371855,0.00023439975191736254,0.05528957280019961,0.024790824496513934,-0.03031719833057182,0.03251756246273215
2020-07-14,-0.0030520289029910995,0.0352367785993176,-0.00942073699608127,0.03251756246273215,0.0683032758786296,0.04465751559539887,0.06412991412650458,0.012627030644752913
2020-07-15,0.021549635275717217,0.022881223887967636,0.003171715200449302,0.012627030644752913,-0.21287196695378685,0.01970950868751813,-0.18809746368481392,-0.0078732223012374
2020-07-16,-0.0071958863696534444,0.004025056871175484,-0.019000800853321186,-0.0078732223012374,-0.16652080655019372,0.023025857724496727,-0.34540743994962736,-0.017312467206460787
2020-07-17,0.0011286097894378179,0.009216651943476132,-0.020304094528996668,-0.017312467206460787,0.20202903802280905,0.029520746472472936,-0.02892246554654346,-0.023716537135782735
2020-07-20,-0.007148684310170243,-0.00022985491014130668,-0.02418724690845153,-0.023716537135782735,0.03259419576083911,0.023957391998310196,0.01446333684072389,0.04935026556635602
2020-07-21,0.015178376961264613,0.06137171710354869,0.014250926986676201,0.04935026556635602,0.4404520357052146,0.047120790116872466,0.47117148299267153,-0.023567845646373098
2020-07-22,-0.011261379885514995,-0.011261379885514995,-0.029086408277426624,-0.023567845646373098,-0.3002957854623474,0.017825028391911572,0.09205697655241817,0.0020616237097589216
2020-07-23,-0.004827019585495323,0.004803831352662896,-0.013621361370052478,0.0020616237097589216,-0.17411560350134284,0.018425192722715436,-0.12245781066627358,-0.006197665986539756
2020-07-24,0.0041105401886488485,0.016341657684765334,-0.011739164384008101,-0.006197665986539756,-0.08850682953103806,0.0280808220687734,-0.24262947027180795,0.014628818355525977
2020-07-27,-0.00461576548306069,0.015082549257100604,-0.01064822737840538,0.014628818355525977,0.1221427483441606,0.02573077663550597,-0.10562164320200187,-0.011869586149289069
2020-07-28,-0.00363719083048765,0.004076099524839307,-0.013938318166792361,-0.011869586149289069,0.03405878981946307,0.01801441769163176,-0.07150463927491545,0.010961506263502226
2020-07-29,0.003667202149923367,0.012323317050863758,-0.004833686150879757,0.010961506263502226,-0.3051814217076032,0.017157003201743595,-0.27857809766033353,-0.05030163752253624
2020-07-30,-0.020652356618542665,-0.019493759889124895,-0.05125736281548679,-0.05030163752253624,0.7486613258079138,0.0317636029263618,0.5502999606414556,0.00500305742233427
2020-07-31,-0.017102647262116084,0.007139469816901959,-0.02319502630931226,0.00500305742233427,0.07146530671103958,0.030334496126214264,0.49181263960848964,0.004031741860072463
2020-08-03,-0.0007132436677791121,0.009931463987260683,-0.014602308249008948,0.004031741860072463,-0.3324065562661096,0.024533772236269683,0.011080719084499745,0.02846671927902471
2020-08-04,0.002127915507407012,0.031452761554582424,-0.00023667466874774864,0.02846671927902471,-0.2620343661252768,0.031689436223330154,-0.28958108065147475,0.008703610938288945
2020-08-05,0.015521888529004338,0.01913934312199105,0.0013792544391972427,0.008703610938288945,-0.031458992829477436,0.017760088682793676,-0.30857511674149674,-0.004800537041684528
2020-08-06,-0.010315207755638062,0.001139670818690074,-0.013777450642608402,-0.004800537041684528,-0.17381177502337508,0.014917121461298307,-0.5079881913672126,-0.00459350296664603
2020-08-07,-0.009439458888299602,-0.002753533912658304,-0.01920239474321426,-0.00459350296664603,0.2619661115293978,0.01644886083055606,-0.10797912601608156,0.024333201305715375
2020-08-10,0.012581729504106073,0.026353180801319993,0.0036764713455991853,0.024333201305715375,0.26164759162010953,0.022676709455720805,0.2904628237857795,0.010281782609566859
2020-08-11,0.02199848063902332,0.04201651608302568,0.004930561892945577,0.010281782609566859,0.17360211394775213,0.03708595419007987,0.44952974110726845,-0.019762625096774455
2020-08-12,-0.011405739983555954,-0.0006673917285884383,-0.030250616310719455,-0.019762625096774455,-0.25320718126167474,0.02958322458213107,0.08136962126489489,-0.024800395060065625
2020-08-13,-0.013472064736035497,-0.005002311999832945,-0.026895127730215445,-0.024800395060065625,-0.2607165239429943,0.02189281573038252,-0.2294395039025936,0.004407905140091751
2020-08-14,-0.009578390314037925,0.006257998562831878,-0.014048427882031306,0.004407905140091751,-0.24318743109988145,0.020306426444863267,-0.4989064193477273,-0.01304774736717194
2020-08-17,-0.0006947457582947657,-0.0006947457582947657,-0.01704253984280512,-0.01304774736717194,0.13460284853774485,0.016347794084510436,-0.3170971176665473,-0.004937099136841475
2020-08-18,-0.0011732780256894521,0.012816189632576842,-0.008242092410340648,-0.004937099136841475,-0.178330713742052,0.021058282042917494,-0.4092967008494916,-0.01113890469764037
2020-08-19,-0.0018872813388223885,0.005406043059680378,-0.013286111885910305,-0.01113890469764037,0.10626605297634129,0.01869215494559076,-0.12506518767884311,-0.015370124843275778
2020-08-20,-0.006455502756878921,-0.001669641320443105,-0.015854280215169436,-0.015370124843275778,0.07999859303179997,0.01418463889472625,0.05798619145084064,-0.007530738390035257
2020-08-21,-0.0004841553718936279,0.0004839210788991319,-0.01487289683988686,-0.007530738390035257,0.4870819819422688,0.015356817918786007,0.567766219458337,0.029078172857350672
2020-08-24,0.006562193126275398,0.03592340441091692,0.0019488881330876698,0.029078172857350672,-0.33746184347835045,0.033974516277829304,0.0777034592388881,-0.03225309930957357
2020-08-25,-0.013352639162955116,-0.0035591809846561746,-0.036665960139095385,-0.03225309930957357,0.5412474422416268,0.03310677915443926,0.5879275703206769,-0.02151159110555146
2020-08-26,-0.005888183771778966,-0.0009789749908110294,-0.021761517909575773,-0.02151159110555146,-0.15494262483966537,0.020782542918764888,0.24213408075939732,-0.006771101558085517
2020-08-27,-0.000249926804024355,0.007222069103176405,-0.01765040654928981,-0.006771101558085517,0.17859190080507356,0.024872475652466232,0.3099284921357382,0.02362404890363619
2020-08-28,0.0025131571865396204,0.029260616976367667,0.0005030602135376506,0.02362404890363619,0.0440544192408144,0.02875755676282996,0.22364327139920087,-0.01860403465969423
2020-08-31,-0.0012295400117782714,0.0007370739567299054,-0.019605966125115254,-0.01860403465969423,-0.2816553415084838,0.020343040081845398,-0.11577976712712704,-0.012851337974596443
2020-09-01,-0.00476845250347632,-0.00476845250347632,-0.022535436855624407,-0.012851337974596443,-0.11728780208377373,0.01776698435214816,-0.2815934446457214,-0.006105378459554802
2020-09-02,-0.005085207076474211,0.007327914280457637,-0.012248163724801222,-0.006105378459554802,0.1619529777364003,0.019576078005258936,-0.058548029929171866,-0.002043372796220217
2020-09-03,0.0002551890894918167,0.021207565340108807,-0.007941570105328418,-0.002043372796220217,0.08710097396105969,0.029149135445437225,0.031281792337065656,-0.0007673303448554202
2020-09-04,0.008909273019620755,0.017237443074372073,-0.011831389860613016,-0.0007673303448554202,-0.1569057218834114,0.02906883293498507,-0.1023173025461918,-0.02329904773790907
2020-09-08,-0.02146731375604548,-0.010288195553740309,-0.04527800330328327,-0.02329904773790907,0.4464980212137348,0.03498980774954301,0.41120572557864216,-0.006042302345236028
2020-09-09,0.004442661734345583,0.017138821061070487,-0.006833197191168481,-0.006042302345236028,-0.3968585853234237,0.023972018252238905,-0.08436398577580567,-0.02535161130122069
2020-09-10,0.008396787453588992,0.011006352476166643,-0.02805793154723256,-0.02535161130122069,0.28380375825473036,0.039064284023399336,0.1754304134702925,-0.002706320246011893
2020-09-11,0.0035073843116703554,0.008343511396426908,-0.013879616197875325,-0.002706320246011893,-0.24766875357028295,0.02222312759430212,-0.12600442137869464,-0.006525354148898233
2020-09-14,0.0002709205096418358,0.0029765086481407864,-0.011173295951863397,-0.006525354148898233,-0.02676089728280519,0.014149804600004234,-0.1396812386318174,-0.010695272333503286
2020-09-15,0.0038115861935203517,0.01944959235261349,-0.012350939755590817,-0.010695272333503286,-0.0965846282839287,0.031800532108204244,-0.24618358821521097,0.041582688307871214
2020-09-16,0.005224778224246529,0.05053483181148005,0.0,0.041582688307871214,0.26396601792614166,0.05053483181148005,0.1202106421893269,-0.00026457178172394356
2020-09-17,-0.012240783498375199,0.004486039107701554,-0.022466848256394015,-0.00026457178172394356,-0.22381225650410666,0.026952887364095457,-0.1394918414695237,-0.016269211431332174
2020-09-18,-0.007168501821091717,0.0005289727191891355,-0.02953230659289304,-0.016269211431332174,0.6403827296759407,0.030061279312082204,0.5715506515865044,-0.0206472516131079
2020-09-21,-0.0206472516131079,-0.01299069844133722,-0.04144955474568472,-0.0206472516131079,-0.2816828048966062,0.028458856304347482,0.14896779343669106,-0.025015243721552654
2020-09-22,0.000823124742539253,0.011191596131495712,-0.02670531619690172,-0.025015243721552654,-0.25834539898502834,0.037896912328397585,-0.1681679572778037,-0.03261156897972824
2020-09-23,0.003371813985990711,0.007291174682503275,-0.033775401429119355,-0.03261156897972824,0.13506026374006266,0.041066576111622836,-0.05502442957042439,-0.002037540968544155
2020-09-24,0.00029080204005929155,0.01242611887942345,-0.018489186686100636,-0.002037540968544155,-0.15381155253289938,0.030915305565524128,-0.21101718092073968,0.009280800346692139
2020-09-25,-0.009367741111531847,0.017903999673951634,-0.012903364417416468,0.009280800346692139,-0.1318481237031317,0.03080736409136793,-0.35547640600114194,0.01915718275831944
2020-09-28,0.014330999315426047,0.03572827192343749,0.013192020925100143,0.01915718275831944,-0.003818060415910555,0.022536250998337237,-0.20909642682597465,-0.029604190712902538
2020-09-29,-0.008818187343291085,-0.005680241268383364,-0.03809983574348703,-0.029604190712902538,-0.1190527277462376,0.03241959447510352,-0.24159465107817604,0.0014576026866652998
2020-09-30,0.010447007954583238,0.018497620415896532,-0.004385263905692426,0.0014576026866652998,0.06762557622004912,0.02288288432158901,-0.12330409833604103,-0.035580412254541824
2020-10-01,-0.015854732985645402,-0.006722321264179431,-0.04133197774765469,-0.035580412254541824,0.5067866461165456,0.03460965648347516,0.45801126678750986,-0.0045379453005115694
2020-10-02,-0.026921205310144213,0.006618478056215443,-0.0281623136325177,-0.0045379453005115694,-0.12074518233482336,0.03478079168873305,0.25428869630008605,0.02278282361349619
2020-10-05,0.010256504888290698,0.023079114067124616,0.005744494505414263,0.02278282361349619,-0.35322072413782296,0.0173346195617103,-0.1690545770877664,-0.01042769118881925
2020-10-06,0.011199564453900643,0.01995361072107624,-0.012826433431733253,-0.01042769118881925,0.15187384130623752,0.0327800441528096,-0.014003792702695732,0.003289003154929479
2020-10-07,0.007459381285030462,0.010427691188819253,-0.0054054278552576425,0.003289003154929479,-0.11703841362281531,0.015833119044076863,-0.17408309876245556,0.051203690536127146
2020-10-08,0.011279462479256116,0.053470032378240065,0.007731181179116005,0.051203690536127146,0.3696392865823968,0.0457388511991242,0.184622938620731,-0.014857320239083895
2020-10-09,0.011841186897793468,0.019379976022145338,-0.01745135969432743,-0.014857320239083895,-0.16330705893166703,0.03683133571647294,0.03877828556717396,-0.0031714198700944995
2020-10-12,-0.005773709903239394,-0.0002879555527228296,-0.014789369959142115,-0.0031714198700944995,-0.4896321408838499,0.014501414406419205,-0.425892791233249,-0.011910085121709863
2020-10-13,0.002883464317371668,0.006906440798238108,-0.015423049715681439,-0.011910085121709863,0.1587735360686404,0.022329490513919442,-0.22957632242346068,-0.0020476734377952873
2020-10-14,-0.004686588581958553,0.017668832812842743,-0.005567851494827815,-0.0020476734377952873,-0.16829800522218982,0.02323668430767054,-0.35346458857050006,0.008746388907486103
2020-10-15,-0.013264770700995718,0.009036573833491015,-0.02610652690902679,0.008746388907486103,0.27038287492842894,0.035143100742517884,-0.034120236725760186,-0.010211680063662382
2020-10-16,-0.0023249598211718663,0.005500046468434961,-0.016684118295673633,-0.010211680063662382,-0.027221224442086567,0.02218416476410861,0.036040723066253375,-0.02014287116423071
2020-10-19,0.0,0.007886720242490545,-0.021040903866196923,-0.02014287116423071,0.04403278688720383,0.028927624108687353,0.14247090904425566,0.008343391619411273
2020-10-20,0.007155715851391169,0.0151451194123573,-0.002696521121276244,0.008343391619411273,-0.025927632159709706,0.017841640533633525,0.06213510857218596,-0.016153534331939324
2020-10-21,-0.005654008336785549,-0.002376763787232647,-0.016756866416419654,-0.016153534331939324,0.21682343825322908,0.014380102629187042,0.26024096164471067,0.049995731934996124
2020-10-22,0.0006029682943513182,0.052860198933952024,-0.004230873310323092,0.049995731934996124,0.10637505012856899,0.057091072244275023,0.2725801003030828,-0.020284693147014914
2020-10-23,0.0031505283819111404,0.0062911620999973545,-0.029105662869796056,-0.020284693147014914,-0.14885187191695562,0.035396824969793544,0.05532190750738385,-0.02399763784536926
2020-10-26,-0.016231704556676024,-0.01148251650069893,-0.036064080350534676,-0.02399763784536926,0.11878592760768521,0.02458156384983558,0.13777131927047429,-0.0160196502446663
2020-10-27,-0.0060149639467411715,-0.004507827705594681,-0.019682625373452042,-0.0160196502446663,-0.13083086341744418,0.015174797667857473,-0.04548502186177581,-0.03883078346021325
2020-10-28,-0.02218209376267431,-0.013497095127104577,-0.04041579685083752,-0.03883078346021325,0.4413524173957257,0.026918701723732973,0.3676388723470272,0.0433908012050399
2020-10-29,-0.005080984210646275,0.04823195564866405,-0.014677962374572558,0.0433908012050399,-0.08706919953914567,0.06290991802323666,0.19194924533469407,-0.010672529659616795
2020-10-30,-0.017131081662895245,0.005142899472747505,-0.029549792562232512,-0.010672529659616795,0.21497414555627195,0.03469269203498001,0.3651971359302679,0.04114084864053301
2020-11-02,0.015815429132364372,0.05487364008327079,-0.001533954530385445,0.04114084864053301,-0.1766852612683701,0.056407594613656256,0.07241848521928186,-0.017211161287684934
2020-11-03,0.014603062524848045,0.014603062524848045,-0.025627164537292094,-0.017211161287684934,-0.08736777971851248,0.040230227062140064,-0.06327950276226732,-0.005402183210644638
2020-11-04,-0.0041991480120951675,0.021614447686859863,-0.02669254884173071,-0.005402183210644638,-0.0377667900555077,0.04830699652859068,-0.14924555369718773,-0.0018072708340598053
2020-11-05,0.004204192164145864,0.02055168835124743,-0.0027120750098392314,-0.0018072708340598053,-0.13870023863695138,0.02326376336108677,-0.25467468514302144,-0.01182726168041109
2020-11-06,-0.002112561472872893,0.014664386472620281,-0.016720233308143685,-0.01182726168041109,0.09764005394661046,0.03138461978076401,-0.11702006871423899,0.1192057010516825
2020-11-09,0.10529948794696731,0.14803070276618085,0.09536571978225336,0.1192057010516825,0.816301054770652,0.05266498298392748,0.7748309016297158,-0.0018972683277801692
2020-11-10,0.003244094021837907,0.013448292941477964,-0.026061021328438575,-0.0018972683277801692,-0.44928768856629525,0.039509314269916586,0.13700954376148594,-0.010362816142535312
2020-11-11,0.00622042681516996,0.007028910343023635,-0.018344169171367865,-0.010362816142535312,-0.36293467031171023,0.02537307951439158,-0.28176532238173796,-0.03486617329821379
2020-11-12,-0.017141667460397064,-0.005221906204716791,-0.045137322601576664,-0.03486617329821379,-0.09816939688106051,0.039915416396859964,-0.37423389348885355,0.023840766584703812
2020-11-13,0.004813883884081157,0.028541401941113327,0.004248739561871384,0.023840766584703812,-0.05625727134666745,0.024292662379241835,-0.430978440980458,0.05604909663717691
2020-11-16,0.04099931569108038,0.0563110728418205,0.027878182540302457,0.05604909663717691,0.27758043832445506,0.028432890301518007,-0.13208560385157736,0.01327621568697267
2020-11-17,-0.009214188357769023,0.014310098357179248,-0.02065201197952363,0.01327621568697267,-0.3752287288926759,0.03496211033670273,-0.3163638114116041,-0.038486540514229124
2020-11-18,0.00901028865805492,0.011825405250478333,-0.038755276480198185,-0.038486540514229124,0.15823770797021952,0.05058068173067653,-0.025910911322128107,0.005093227465191817
2020-11-19,-0.009450548953875237,0.00776341522217032,-0.01762273360558174,0.005093227465191817,-0.14203180122260187,0.025386148827751975,-0.14858361417843552,-0.012375807624552869
2020-11-20,-0.0013378744940796305,0.00026729906186847804,-0.016716559232530175,-0.012375807624552869,-0.3844624804062614,0.0169838582943987,-0.5072672321862863,0.06345515009611818
2020-11-23,0.015045995381531358,0.06523201803438701,0.009162019478373773,0.06345515009611818,0.47020795690628175,0.05606999855601336,0.03709170717479188,0.06444321579720724
2020-11-24,0.028798728090252225,0.06682252425215844,0.021614327004203095,0.06444321579720724,0.4698150533275133,0.045208197247955474,0.5743594316595456,-0.028266120419599753
2020-11-25,-0.007411901995595372,-0.0064524172291340375,-0.03219442995734389,-0.028266120419599753,-0.5111584498206141,0.02574201272820986,-0.08062160201900015,-0.015309008777418587
2020-11-27,-0.002699071874569287,0.0031803636205915402,-0.02330304846524444,-0.015309008777418587,-0.6323735184562255,0.026483412085836086,-0.6938916318452889,-0.052616772409205405
2020-11-30,-0.009751281170082086,-0.007743202414273188,-0.05682176789828316,-0.052616772409205405,1.1140461529649737,0.049078565484009976,0.5035075474437684,0.009656839411803035
2020-12-01,0.021534053393236698,0.03908958468262574,0.008877346613568057,0.009656839411803035,-0.3398153685117034,0.030212238069057717,-0.016775984178734528,0.03672005231007871
2020-12-02,-0.0028612481797446027,0.04866642538102559,-0.004164499696378624,0.03672005231007871,-0.10044917444747477,0.05283092507740416,-0.1358578013770144,0.006737404536716997
2020-12-03,0.003249623428169554,0.017374494647915843,-0.0052717352991741365,0.006737404536716997,-0.08268015101737063,0.02264622994709005,-0.10795798476086521,0.03590570662645298
2020-12-04,0.013830829918581542,0.037823205240677865,0.010883175390281262,0.03590570662645298,0.060442514640093044,0.026940029850396688,-0.03992198094536763,-0.018891304410679103
2020-12-07,-0.006257593006568088,-0.0033645642793643585,-0.02453072987009968,-0.018891304410679103,-0.14287537771921346,0.021166165590735253,-0.2708124634400601,0.03223757877812709
2020-12-08,-0.009087689834599134,0.04048938716153049,-0.011310740162767537,0.03223757877812709,0.2686645774715719,0.051800127324297916,0.1335740220084372,0.01317040562762772
2020-12-09,0.011065384283038599,0.03466667582243904,0.003308898909002929,0.01317040562762772,0.14945668788580993,0.031357776913436025,0.2823229116327903,0.027878757922631572
2020-12-10,0.009302428148637255,0.03827674721057838,-0.0009350378584182573,0.027878757922631572,0.006164732537624495,0.0392117850689967,0.2308871983010107,-0.004783042721003094
2020-12-11,-0.007068723124581416,-0.001819377750141202,-0.0183449139287109,-0.004783042721003094,-0.4012829708562624,0.016525536178569673,-0.2408072451688274,-0.03673972863060561
2020-12-14,0.0122534076657888,0.014956087980200908,-0.037687617677980234,-0.03673972863060561,0.18298986308096296,0.05264370565818134,-0.037594566117766855,0.019235865791989177
2020-12-15,0.005197210054283805,0.02340930798959468,-0.0037968684077713047,0.019235865791989177,-0.11988689781967142,0.02720617639736604,-0.19271199855808932,0.015218182435038287
2020-12-16,0.01636167567854861,0.02455659082880737,-0.0018605082356237125,0.015218182435038287,0.23340817308282824,0.026417099064431047,0.07428987666028351,-0.005047067835247689
2020-12-17,0.00684151435814812,0.0077502130829068625,-0.006888643295254326,-0.005047067835247689,-0.48013973290461964,0.014638856378161291,-0.3832719551812749,-0.01739981278186579
2020-12-18,-0.004841486908832991,0.006876012487185192,-0.024681145753221147,-0.01739981278186579,0.7873137299728021,0.031557158240406294,0.5187299970777767,-0.018422787842908347
2020-12-21,-0.03864982318642191,-0.015328626999888994,-0.05285882842129043,-0.018422787842908347,-0.5139989683506646,0.037530201421401406,-0.13700102982544382,-0.017069751251361957
2020-12-22,-0.008859124633315915,-0.0011925877548420532,-0.017312315483966834,-0.017069751251361957,-0.24594867222140873,0.01611972772912473,-0.3657477307152669,0.012769689619504086
2020-12-23,0.006525621780977787,0.027503771117336658,0.005320385076720292,0.012769689619504086,-0.13263438613495715,0.022183386040616426,-0.46375968601028306,-0.004078258880798026
2020-12-24,-0.0028769842196342457,0.0019133710065833225,-0.009380691338482053,-0.004078258880798026,-0.8646451451929891,0.0112940623450654,-1.2229460411399398,0.0033598112740477392
2020-12-28,0.00216112836473181,0.02257970650152564,-0.0019248807046655686,0.0033598112740477392,1.0886318955809318,0.02450458720619132,-0.03292774853798657,-0.011324087005069526
2020-12-29,0.007161625924796691,0.009062720045430194,-0.013021666988054665,-0.011324087005069526,-0.16292180184751595,0.022084387033484813,0.007656518024862011,0.007964275731021759
2020-12-30,0.0014528179705093566,0.02748405111523049,0.0,0.007964275731021759,0.1599774652574776,0.02748405111523049,0.24593860051661978,-0.009176525510782085
2020-12-31,-0.003129826893333827,0.0019212741795518469,-0.015260009233607869,-0.009176525510782085,-0.04382400100302718,0.017181283413159748,0.18070453823266225,0.0067698221599994364
2021-01-04,0.0055642949109098745,0.024680748726529516,-0.005351538372345414,0.0067698221599994364,0.19759717433122015,0.030032287098875076,0.3401259804650587,0.04706751085798573
2021-01-05,0.008159396166953058,0.07651469515438829,0.007920401991172943,0.04706751085798573,0.46122161351079255,0.06859429316321525,0.6193120150319509,0.02519712472747991
2021-01-06,0.020703727773482224,0.03612127458075842,0.004587181465474644,0.02519712472747991,-0.18809130767795407,0.03153409311528363,0.27415515306031857,0.007815122400164517
2021-01-07,0.00870442694820161,0.02129153575681586,-0.0017949709015576383,0.007815122400164517,-0.2115533831596925,0.023086506658373303,-0.047860028124237286,0.011059613062929319
2021-01-08,0.005323918495094065,0.018947485142748476,-0.0002224073315845652,0.011059613062929319,-0.030950106318719646,0.019169892474333105,-0.11508166172676781,0.029904743701945263
2021-01-11,-0.00928179412679365,0.03628908627513679,-0.015741353564347672,0.029904743701945263,0.2896519629127986,0.0520304398394845,0.13884182991211322,0.02196036101078597
2021-01-12,0.01314968972995553,0.027998840642625755,0.0014933271004298559,0.02196036101078597,-0.03542352749876453,0.026505513542195987,0.04234737550604259,0.011215010695886546
2021-01-13,0.01348423526560376,0.01718642602503773,-0.003976199484015914,0.011215010695886546,-0.24131450667281776,0.021162625509053706,-0.15789132085832414,0.038290978105978445
2021-01-14,0.0016508842496077882,0.053480153317310895,0.0016508842496077882,0.038290978105978445,0.2015164104965815,0.05182926906770329,0.08870373966495436,-0.04929719019015494
2021-01-15,-0.028222020368311253,-0.024752234649545592,-0.061905015784173296,-0.04929719019015494,0.17859225090740938,0.037152781134627645,0.23131500820709344,0.01964295075709081
2021-01-19,0.01162565247406608,0.03185308376285969,0.00955948873062333,0.01964295075709081,-0.5312386520494622,0.022293595032236255,-0.37865464410066435,0.014028869587669636
2021-01-20,0.005513040112663261,0.018259819753322956,0.0030665775451552526,0.014028869587669636,-0.10968996562655642,0.015193242208167623,-0.4123999721685991,-0.02908845355646741
2021-01-21,-0.00404606959028623,-0.0028305597596767758,-0.03806649279682071,-0.02908845355646741,0.2623429181409003,0.03523593303714402,-0.05973305647514212,-0.014235122074220754
2021-01-22,-0.023129759066370718,-0.00981733672259273,-0.03103153944214959,-0.014235122074220754,-0.221887647974106,0.02121420271955673,-0.28190737585249626,-0.011237238336760998
2021-01-25,-0.011237238336760998,-0.008044096507840869,-0.027141327429511707,-0.011237238336760998,0.1262634179315589,0.01909723092167081,-0.07315325218471544,-0.022206422663588098
2021-01-26,0.007646528256206344,0.02026238724611594,-0.02264254256429318,-0.022206422663588098,-0.09611821042913901,0.04290492981040898,-0.049599349378418,-0.011401142408955078
2021-01-27,-0.019148795553056725,0.017075977999699586,-0.02964819340281597,-0.011401142408955078,0.30138957735522126,0.04672417140251559,0.25940606753799145,0.015534781293380246
2021-01-28,0.01292602445338658,0.026975786189404962,0.007469282604049466,0.015534781293380246,-0.26091331007030266,0.01950650358535544,-0.07895663241156192,-0.026844322600901194
2021-01-29,-0.01113431725132853,-0.0004343204686433582,-0.03423107888992029,-0.026844322600901194,0.4450007490193443,0.03379675842127692,0.3966905677048914,0.0017824875007701204
2021-02-01,0.016368462382964376,0.016368462382964376,-0.012341663000596222,0.0017824875007701204,-0.4674725125297555,0.028710125383560582,-0.18393691615329477,0.015682329239819836
2021-02-02,0.01961934876895426,0.04505175972671253,0.007982317828265476,0.015682329239819836,0.2687804662577293,0.037069441898447124,0.09845484180867482,0.038478623676215164
2021-02-03,0.0,0.0437368124581944,-0.004612921983920507,0.038478623676215164,-0.11539666975485852,0.04834973444211508,-0.07050598218848407,0.01900848171978933
2021-02-04,0.009653860974237663,0.020042485235794907,-0.003591388083953866,0.01900848171978933,-0.11844956013826664,0.023633873319748686,-0.16273915579700737,0.03296999662513065
2021-02-05,0.017434519249833826,0.03636758497321441,0.014583786553452473,0.03296999662513065,0.3247538920659624,0.021783798419762218,0.15991193889553001,0.0421423991031921
2021-02-08,0.019233217361139518,0.04712043232990251,0.015100591384124397,0.0421423991031921,0.056103448529022555,0.032019840945778116,0.24308707186371095,-0.028620612393511165
2021-02-09,-0.027830936120859805,-0.022123926173517154,-0.04575251740377261,-0.028620612393511165,-0.24438036502656751,0.023628591230255434,-0.084492879987938,0.009631482096699702
2021-02-10,0.0,0.015482859149660157,-0.004751576498353231,0.009631482096699702,-0.1190857784634918,0.020234435648013294,-0.18460347633013893,-0.02535791163425367
2021-02-11,-0.004509360567811087,-0.0037236422864296423,-0.04685542141189645,-0.02535791163425367,0.04739007254020494,0.04313177912546684,-0.11937205187521376,0.013551429002576443
2021-02-12,-0.008260344047986558,0.0173052342119976,-0.008665047771292365,0.013551429002576443,-0.3113140316175717,0.025970281983289843,-0.4417584166859082,0.02964336469373753
2021-02-16,0.028104867639220907,0.039015105184331995,0.021539867055251204,0.02964336469373753,0.35085596413542935,0.017475238129080806,0.013433326449346287,0.01544501220729867
2021-02-17,0.005939236931839772,0.023360658285114543,-0.004622536700190184,0.01544501220729867,-0.09528986646935027,0.027983194985304705,-0.015105429134154294,-0.01582941462409668
2021-02-18,-0.0007570907211492691,0.001701487414071717,-0.01890989156463054,-0.01582941462409668,-0.212428787108654,0.0206113789787023,-0.20039256512213455,0.006705619075572364
2021-02-19,0.0017286118136077273,0.01032713148414973,-0.001924231691281347,0.006705619075572364,0.09163845473007252,0.012251363175431157,-0.06747491707041768,0.03619032499359856
2021-02-22,0.004192102606874243,0.045538796217666905,0.004192102606874243,0.03619032499359856,0.4772641561202674,0.0413466936107927,0.4465531932872995,0.013717636420222145
2021-02-23,0.012445261521656903,0.017525076231838684,-0.010366578468994558,0.013717636420222145,-0.08315466769557497,0.027891654700833345,0.22966607872385927,0.029532374879766943
2021-02-24,0.002539903258779709,0.034809418524888606,-0.003275117705065926,0.029532374879766943,-0.15448478578371663,0.038084536229954516,0.03496365528810418,-0.016717487838788903
2021-02-25,0.004926096846573146,0.00965341824492055,-0.024097592602604502,-0.016717487838788903,0.032273625260164966,0.033751010847524944,0.04429606657402965,-0.025244224838115538
2021-02-26,-0.024508778657214625,-0.012633211694460243,-0.04850325129005239,-0.025244224838115538,0.1734612064119302,0.03587003959559212,0.15598673193117318,0.036656674046079286
2021-03-01,0.03789703378906414,0.05788366282630952,0.03185793647089493,0.036656674046079286,0.04724399171775293,0.026025726355414693,0.12255849025171296,-0.005868280865786298
2021-03-02,0.0044228288506085334,0.009880065471954072,-0.006760407555208051,-0.005868280865786298,-0.19963844822789537,0.01664047302716216,-0.0805154672352798,0.007993661222654425
2021-03-03,0.006222768427032478,0.03315219696381651,-0.0033943511896103876,0.007993661222654425,0.15431661127343926,0.036546548153426776,0.09363709371367411,0.03801548856656156
2021-03-04,0.01055973341636079,0.050877438329398755,0.010209524023569458,0.03801548856656156,0.3883343308347885,0.040667914305829354,0.44161271735000385,0.037115614786999214
2021-03-05,0.018897183524197298,0.03908313357771986,0.006790070679935405,0.037115614786999214,-0.013666688524667382,0.03229306289778443,0.3021669823866252,-0.0009852443106814319
2021-03-08,0.010611502961889398,0.01109853566414331,-0.01838562116879803,-0.0009852443106814319,-0.29857144386567736,0.029484156832941356,-0.07789374918062043,-0.015563205396053001
2021-03-09,-0.0042805189250109885,0.008506520538855644,-0.02326842071348037,-0.015563205396053001,-0.06801219389885027,0.031774941252336104,-0.15149720835139424,0.030240597556286518
2021-03-10,0.00979667692169862,0.03266598014787678,0.0016671973665690972,0.030240597556286518,-0.12113862386250995,0.03099878278130768,-0.29807482143660086,-0.007474832944852239
2021-03-11,0.00016185061297906063,0.012548407597062373,-0.00829074311302177,-0.007474832944852239,-0.2415470229859383,0.020839150710084155,-0.5216937538791601,0.010707432498575262
2021-03-12,0.003906856061288262,0.01714138923883431,0.003094190638740009,0.010707432498575262,-0.19430145907915242,0.01404719860009412,-0.5757876035388384,-0.025826898459329325
2021-03-15,-0.007775829410348003,-0.001776639548724277,-0.034474889575622086,-0.025826898459329325,0.42516752790175877,0.03269825002689782,0.03659261628505066,-0.021423393051009553
2021-03-16,-0.014175147248670984,-0.012161741684000402,-0.032822954829641586,-0.021423393051009553,-0.020004416976705183,0.02066121314564116,0.06356270802911913,0.00438890512979114
2021-03-17,-0.007130793990788941,0.010434273918363957,-0.008324208100225982,0.00438890512979114,-0.1801752762426059,0.018758482018590004,-0.08104442696141662,-0.04407663954932161
2021-03-18,-0.009477098468577298,-0.006760169578938027,-0.04919446437628805,-0.04407663954932161,0.41220791367822673,0.04243429479735014,0.3754218761896442,-0.005648729692631973
2021-03-19,-0.0017618448605210117,0.011550703017913581,-0.017759301335555828,-0.005648729692631973,0.7821913416507933,0.02931000435346932,1.0585189588612653,-0.01032040874042209
2021-03-22,0.00017697710258924023,0.006528455907334651,-0.010499253592171463,-0.01032040874042209,-1.0579313756844524,0.01702770949950601,-0.36197397725750774,-0.012418023701198332
2021-03-23,-0.017501596638452833,0.006773663431026832,-0.026460388918670745,-0.012418023701198332,0.13324267719507,0.0332340523496977,-0.21952782298796358,0.0200795365483812
2021-03-24,0.015454046768909557,0.03662627273304646,0.015454046768909557,0.0200795365483812,-0.11744795014860672,0.021172225964136804,-0.35063473855794225,-0.0028439380483620364
2021-03-25,-0.02026068544324983,0.0028358729958283496,-0.033204063487368464,-0.0028439380483620364,0.055959909950299085,0.03603993648319687,-0.3143725611122242,0.026869625750394643
2021-03-26,0.01973978329766437,0.028081846803142723,0.006033738807266897,0.026869625750394643,0.08314281919546009,0.02204810799587591,-0.1976232256592238,-0.005386122949822753
2021-03-29,-0.006431989742268257,0.0019042784515690828,-0.016950993896174476,-0.005386122949822753,-0.48162510280612925,0.01885527234774363,-0.403758551970278,-0.012446525797137144
2021-03-30,-0.00945221295163584,-0.0006971229766941408,-0.015980668858970464,-0.012446525797137144,-0.040586735311402486,0.01528354588227633,-0.3913545747781778,-0.015286411992403484
2021-03-31,-0.0060155907044509484,-0.0010589051246292559,-0.01582394839712432,-0.015286411992403484,0.15411690588469623,0.014765043272495131,-0.14528732144570633,0.027558669365880004
2021-04-01,0.008738314311946998,0.028603625455588838,0.005537167942545279,0.027558669365880004,-0.020990083991212743,0.02306645751304351,-0.1207497372980561,-0.015629423332720636
2021-04-05,-0.0015694510792467452,-0.0012204638492162609,-0.022021501423334575,-0.015629423332720636,0.003026307053861737,0.020801037574118338,-0.05218295560356759,-0.0028358729958284207
2021-04-06,0.0059996677610205836,0.018239735882152556,-0.004256864924790784,-0.0028358729958284207,-0.20638899948493206,0.022496600806943257,-0.16487329902803124,0.0044275286942411
2021-04-07,0.0008870618387684908,0.00760326008954646,-0.0017764878094422888,0.0044275286942411,0.1678386025225414,0.009379747898988764,0.02304208803112817,-0.010480603115658764
2021-04-08,-0.011731379560923384,-0.009053018473712678,-0.02269779257080481,-0.010480603115658764,-0.017380457022640322,0.013644774097092104,-0.013191216395989391,-0.0023241463819591336
2021-04-09,0.0,0.00782641191758886,-0.008428297464401794,-0.0023241463819591336,-0.09424389635951157,0.016254709381990706,-0.09218170595821454,-0.0066445236008012805
2021-04-12,0.015804278367354752,0.01633272565742829,-0.01007379551762145,-0.0066445236008012805,0.010834815813303634,0.026406521175049682,-0.05200745913844876,0.0037766268465289554
2021-04-13,-0.0036101260204732433,0.008611455157646795,-0.007414806497970739,0.0037766268465289554,-0.0438451014492405,0.016026261655617526,-0.06705431302193998,0.02848995003698176
2021-04-14,0.01248679744798754,0.04045573294496073,0.009646393485611665,0.02848995003698176,0.3702713942112249,0.030809339459348883,0.2989364082252451,-0.0059492765998978075
2021-04-15,0.001743045168221376,0.001743045168221376,-0.009465468089896697,-0.0059492765998978075,-0.18770981171013904,0.011208513258118226,0.05818435365009276,-0.005631829326675512
2021-04-16,0.006646885896080679,0.012210177231534152,-0.00952221838326368,-0.005631829326675512,-0.021664981555095546,0.021732395614797777,0.025178072354857757,-0.003181906629220399
2021-04-19,0.0015871646521859067,0.008435894411614405,-0.012431358272434495,-0.003181906629220399,-0.07427635698852948,0.020867252684048782,-0.07342156137508635,-0.021294508171621755
2021-04-20,-0.00017703977851757046,-0.00017703977851757046,-0.030561443528911013,-0.021294508171621755,0.03071183495730863,0.030384403750393356,-0.050461394104771816,0.0127596138266653
2021-04-21,-0.014391375239285562,0.015078371074934902,-0.01806786401904465,0.0127596138266653,-0.27014485547336436,0.03314623509397957,-0.34144014748056883,-0.013121416607660431
2021-04-22,-0.00017855739637321304,-0.00017855739637321304,-0.01765492691877042,-0.013121416607660431,0.261754268192787,0.0174763695223972,0.023109313820350072,0.00541320767260498
2021-04-23,0.0,0.012049389096967787,-0.001629699807798196,0.00541320767260498,-0.3423710547424757,0.01367908890476584,-0.3035014264741528,0.0019775397069574344
2021-04-26,-0.0018011257264044054,0.012873433940317161,-0.0023421516892077254,0.0019775397069574344,0.04748566467342732,0.015215585629525056,-0.1819712465377861,0.013025423539854255
2021-04-27,0.0059091947474194315,0.016917877479959154,0.002332067899831164,0.013025423539854255,0.1811831181979999,0.014585809580127854,0.0528654013752543,0.02969133154349145
2021-04-28,0.008824624886913244,0.03569629897544613,0.006713824963713074,0.02969133154349145,0.24901332171933066,0.028982474011733074,0.3296423433885819,0.0141821774193379
2021-04-29,0.013842783927068916,0.023302337305463626,0.0006881286146702978,0.0141821774193379,0.09955147367653575,0.022614208690793197,0.34197611001468675,-0.029266969998165592
2021-04-30,-0.010403381852886142,-0.0008486674175202253,-0.030665603617555277,-0.029266969998165592,0.11076931256860598,0.029816936200035036,0.39548343810691833,0.027228943925980385
2021-05-03,0.012845131586740726,0.030114982456826877,0.008697219292613462,0.027228943925980385,-0.3974367111899655,0.02141776316421341,-0.1397517668127892,0.006270657563681292
2021-05-04,0.0030555159681699795,0.011494384614034668,-0.005284276824241388,0.006270657563681292,0.1370515868585501,0.016778661438276096,-0.039542452326296676,0.029629374439866928
2021-05-05,0.00975128499368508,0.030940602558522014,0.003541666555565305,0.029629374439866928,0.2928742900832432,0.02739893600295696,0.21923698718881962,0.00946788029392277
2021-05-06,-0.001805805443492597,0.010929040608942496,-0.015537543012230787,0.00946788029392277,-0.16104486619593072,0.0264665836211731,0.005898840180435468,0.014196093726919616
2021-05-07,-0.007829097997124307,0.014836620811087277,-0.011438045877555538,0.014196093726919616,0.2250674134491313,0.02627466668864279,0.23458312225547115,0.0023998335382183636
2021-05-10,0.012891104920551465,0.025149548144074194,0.001600488095386825,0.0023998335382183636,-0.05046276114720474,0.023549060048687478,0.1611220538642331,-0.032315902024893324
2021-05-11,-0.015296985194914388,-0.0030407711603064567,-0.03562224928718042,-0.032315902024893324,0.07842815933481302,0.03258147812687409,0.15873939219640495,-0.009118843461380836
2021-05-12,-0.009618678443629156,0.017829868727535562,-0.013960674663645199,-0.009118843461380836,-0.003980274944900094,0.03179054339118068,0.08254779137306237,-0.012401728875962796
2021-05-13,-0.0174735781081649,0.006805567667917177,-0.02171986898961603,-0.012401728875962796,-0.3496597652986782,0.028525436657533296,-0.28524567544147905,0.02448696054206668
2021-05-14,0.010567926424376144,0.0262954379601084,0.010567926424376144,0.02448696054206668,-0.1573244667854664,0.015727511535732278,-0.4265270775093342,0.02309793935362523
2021-05-17,-0.0037919349637310336,0.024062281664828596,-0.005610578256450352,0.02309793935362523,0.19827007222813994,0.029672859921279073,-0.14371715389673073,-0.02870851761007564
2021-05-18,-0.003059807988522083,0.0017672205135745582,-0.029205062829948947,-0.02870851761007564,-0.004427864282374325,0.030972283343523525,-0.10133794296572937,-0.024287279797745153
2021-05-19,-0.022254776830079908,-0.009477162802667664,-0.03382740980688588,-0.024287279797745153,0.13780399913170574,0.024350247004218135,0.10628937917514202,-0.002376497299288098
2021-05-20,-0.0005087557002679858,0.002878220595371888,-0.012625962917534548,-0.002376497299288098,-0.33371727586610617,0.015504183512906522,-0.18386440368817322,0.0013586621909608618
2021-05-21,0.00980894089249533,0.016685339679725426,0.0001699094515068477,0.0013586621909608618,0.004830647789982713,0.016515430228218685,-0.14985631445354336,0.011642794953449637
2021-05-24,0.0027119281385140676,0.014825087680935487,-0.00391122934628602,0.011642794953449637,-0.12223499473754486,0.018736317027221453,-0.2725656483226532,-0.022907632749561813
2021-05-25,-0.001847042919331061,-0.001174984506608067,-0.025313535146590103,-0.022907632749561813,0.33085409122700615,0.024138550639982114,0.11693344292248835,0.011604231288381296
2021-05-26,-0.00017163027554350233,0.014653535851690947,-0.006198311788709842,0.011604231288381296,-0.16596870913909123,0.02085184764040071,-0.052935637942886964,-0.006468060905671015
2021-05-27,0.00490820855056128,0.012812079168376992,-0.015732167426720227,-0.006468060905671015,0.4359633340662816,0.028544246595097272,0.44795455027790004,-0.00324985218740879
2021-05-28,0.002898768635988948,0.004089948825356866,-0.007714116513666924,-0.00324985218740879,-0.5558708718348525,0.011804065339023636,-0.2212405425807699,0.03517993329196197
2021-06-01,0.018333595053432055,0.03914166971781673,0.018333595053432055,0.03517993329196197,0.39165360096936586,0.0208080746643846,0.18337232253279076,0.007907776813812552
2021-06-02,0.004785108012041135,0.01396100996511532,-0.004808115407712842,0.007907776813812552,-0.21444812180604,0.018769125372828155,-0.11265484141582482,0.003930592688490451
2021-06-03,-0.006420293623484415,0.007682934834138206,-0.009728828762715478,0.003930592688490451,-0.1252702062132619,0.0174117635968537,-0.21719876239534325,0.004403504716737397
2021-06-04,0.004566198095106399,0.008463599565729337,-0.006559576306233517,0.004403504716737397,0.007616632154560836,0.015023175871962875,-0.19819676256103877,-0.006530660367904398
2021-06-07,-0.001954698933990315,0.004546180562568541,-0.007022161637270939,-0.006530660367904398,-0.2774835182094709,0.011568342199839403,-0.36427531734826263,0.017535793207467676
2021-06-08,0.0073439867527192405,0.0231533101451143,-0.006243876286108703,0.017535793207467676,0.6262744409474027,0.029397186431223007,0.2964168431029628,0.00833472443046565
2021-06-09,0.00865385375195962,0.020550258971099498,0.0009652117663932105,0.00833472443046565,0.006183911288574451,0.01958504720470637,0.29815838744383266,0.0015948723142071386
2021-06-10,0.015206994588240794,0.021006821668892547,-0.00640517035286905,0.0015948723142071386,-0.058096541144984595,0.02741199202176157,0.18469348654360015,-0.009286039183031152
2021-06-11,0.004134839303968592,0.0069874610407433015,-0.009768683869192813,-0.009286039183031152,-0.4440765928286429,0.016756144909936096,-0.3206198948612286,-0.00160976331993978
2021-06-14,0.0020888747183260372,0.009763993140805033,-0.00969780486230961,-0.00160976331993978,-0.03664979369833945,0.01946179800311471,-0.3339838598878882,0.03576333837745104
2021-06-15,0.0065837226959448115,0.036850881295157095,0.004500872144325382,0.03576333837745104,0.5917708781733861,0.03235000915083171,0.2450671157982188,-0.0035817737644123575
2021-06-16,-0.00015549376031076298,0.00727953656688264,-0.012041750611643441,-0.0035817737644123575,-0.2138468256766908,0.019321287178525954,0.016654333957813187,-0.03347123133172102
2021-06-17,-0.00375114327767456,0.005600522062300335,-0.045154005913144786,-0.03347123133172102,0.13864364947216573,0.05075452797544513,0.1914429765559234,-0.02598397858657519
2021-06-18,-0.01609924461692874,-0.007123268555219436,-0.028636497435607595,-0.02598397858657519,0.3289779156171417,0.021513228880387997,0.5119300279738909,0.0356163931708411
2021-06-21,0.008736539065367557,0.037372329603303556,0.008244069567669233,0.0356163931708411,-0.1776902983885811,0.029128260035634478,0.16442287686331733,0.018990929231566
2021-06-22,0.004145387383645072,0.0224338311527922,-0.005768332149375916,0.018990929231566,-0.27642782987129144,0.028202163302168022,-0.220726669824918,0.007340934325189304
2021-06-23,0.004067623383162432,0.014164701732964118,-0.003297468324191114,0.007340934325189304,-0.19426512196425677,0.017462170057155352,-0.3787660495107452,0.004037814296396725
2021-06-24,-0.001713272083506585,0.004657599214349679,-0.00702744752944148,0.004037814296396725,-0.05629497169713867,0.011685046743791134,-0.4075540512564721,0.002167627706023705
2021-06-25,0.0013940057891205103,0.006334569992811084,-0.0024828696200763813,0.002167627706023705,-0.059485997283859206,0.00881743961288759,-0.4044467808441235,-0.02584941161781964
2021-06-28,-0.0015478427880708887,-0.0015478427880708887,-0.02998425092178826,-0.02584941161781964,0.10940368067563011,0.02843640813371751,-0.12885189007686096,-0.006208718474696586
2021-06-29,0.0031690846844448996,0.011989450189672962,-0.006687893941356169,-0.006208718474696586,-0.049360817967663166,0.018677344131028957,-0.0644979800513295,0.007319092281171706
2021-06-30,0.0012767609658029897,0.009694165989696983,-0.0027184500527740307,0.007319092281171706,-0.09104182548036915,0.012412616042471025,-0.10081145817818715,0.002849400222335832
2021-07-01,0.019622322764036394,0.021020324357016375,-0.004926531500182413,0.002849400222335832,0.23143000971789573,0.0259468558571988,0.15962271972222813,-0.0014237154202078365
2021-07-02,-0.003959774028810956,0.0009480388485588553,-0.01336748383646302,-0.0014237154202078365,-0.43690588147583576,0.0143155226850218,-0.3076600803526085,-0.02890837692797704
2021-07-06,-0.006670897912571737,-0.006511574803846405,-0.03659627615313123,-0.02890837692797704,0.4181109884786325,0.030084701349284697,0.15046576722956773,-0.015766447371709562
2021-07-07,-0.0031007552855681717,0.007144086892636053,-0.028930028661947473,-0.015766447371709562,-0.020072758030783955,0.03607411555458355,0.11432270982979771,-0.004479484213240879
2021-07-08,-0.016019015654691583,0.004953762437225714,-0.018376702619683685,-0.004479484213240879,-0.13493382765534892,0.023330465056909264,-0.04202604969268555,0.017962090602191838
2021-07-09,0.009268543222934,0.021548681016119748,0.0016614439430949247,0.017962090602191838,0.058963463719754326,0.019887237073024876,0.006255710626762069,-0.0009804146931240091
2021-07-12,-0.01331711236064387,0.004399916798742846,-0.01762958090851274,-0.0009804146931240091,0.08231801454760601,0.02202949770725562,0.11336969598772356,-0.004752112222575297
2021-07-13,-0.0027829791472940833,0.005542892611965162,-0.010848230425043572,-0.004752112222575297,-0.24050034270323323,0.016391123037008647,-0.1989939671507913,-0.022424364438411316
2021-07-14,0.004752112222575249,0.013865297892195852,-0.025284121956702186,-0.022424364438411316,0.22962961812964192,0.03914941984889788,0.07924421072045887,-0.009790726734093765
2021-07-15,-0.0060657409166762315,0.0028516665184928143,-0.012848838245989171,-0.009790726734093765,-0.3082314463990701,0.015700504764482117,-0.22800531873333746,-0.028040042289625366
2021-07-16,0.003894012203276996,0.005244873896120784,-0.031010222985162168,-0.028040042289625366,0.534429622287207,0.03625509688128296,0.33790130583198213,-0.034972966049075425
2021-07-19,-0.029747241550311665,-0.01973282716081913,-0.048615742831540784,-0.034972966049075425,0.3391041502061326,0.028882915670721605,0.6073068265844064,0.010960501850067661
2021-07-20,0.0027063891655647395,0.0223323266633213,-0.005798162697659561,0.010960501850067661,-0.35001018631081066,0.028130489360980896,0.11212615405268979,0.03165933208835038
2021-07-21,0.01595498352024909,0.040964946833114774,0.015427254091998544,0.03165933208835038,-0.2465971444307361,0.025537692741116218,-0.21175369464288454,-0.011317222161173113
2021-07-22,-0.0005195043817897664,-0.00034626222105980323,-0.01922797381591601,-0.011317222161173113,-0.43793501960459413,0.018881711594856125,-0.6445291176631814,-0.0012264512074090558
2021-07-23,0.00314686103699571,0.00314686103699571,-0.01126969806248094,-0.0012264512074090558,0.04310724687911824,0.01441655909947667,-0.5829117881684635,0.02493201545716695
2021-07-26,0.0021015582355195113,0.027834808959514793,-0.0007015243221097971,0.02493201545716695,0.2663389568175847,0.02853633328162471,-0.20818217844545311,-0.011177103780987546
2021-07-27,-0.008069427069948407,-0.008069427069948407,-0.02195611533631466,-0.011177103780987546,-0.08664953849021821,0.013886688266366224,-0.10493293899775669,0.006721255451713051
2021-07-28,0.0029353067135801333,0.013738825361180103,-0.0036379927136877517,0.006721255451713051,-0.0003618384994115283,0.017376818074867927,0.006389881767199875,0.012121344743884594
2021-07-29,0.013308484621167134,0.018886151848205253,0.005822933819511283,0.012121344743884594,0.09891570025283537,0.013063218028693799,0.15492108367146928,-0.02334871064167024
2021-07-30,-0.0008488114672722793,-0.0008488114672722793,-0.027700706392537456,-0.02334871064167024,0.4316703219712551,0.026851894925265227,0.5243900015311064,0.00017372359744829207
2021-08-02,-0.0003474714758595614,0.025552306181481996,-0.0029572634779901083,0.00017372359744829207,-0.3167563855698033,0.02850956965947215,0.04913376389959051,0.010710050862102555
2021-08-03,-0.00017372359744831218,0.014311788455643955,-0.011352868660680231,0.010710050862102555,-0.13662274198827995,0.025664657116324256,-0.11220198831038844,-0.023645061932901407
2021-08-04,-0.017506333931875177,-0.005513447629073923,-0.024172977103879292,-0.023645061932901407,0.13635921906864573,0.01865952947480532,0.011020669565904967,0.006313605810438628
2021-08-05,0.00508908551917844,0.015016880823158631,-0.00017591838452549375,0.006313605810438628,-0.31823931402375943,0.015192799207684375,-0.3453680630268512,0.011472398372899971
2021-08-06,0.00800977784006295,0.015095262404795265,0.005752617932798472,0.011472398372899971,-0.0194028442406684,0.009342644471996824,-0.3322780561636604,-0.011472398372899845
2021-08-09,-0.012696918664160036,-0.0058935887256239316,-0.01796192256786394,-0.011472398372899845,0.18019237045907432,0.012068333842239955,-0.009801373396797146,0.016987746588573712
2021-08-10,0.0038387310802665046,0.020076822389119123,0.001746698682014656,0.016987746588573712,-0.08715314407063318,0.018330123707104323,-0.06253608308483388,0.0029176742696837106
2021-08-11,0.00017183675602939103,0.0054850959253826825,-0.007937903258055504,0.0029176742696837106,0.1121026474008224,0.013422999183438089,0.07127840076868588,-0.017286515613165274
2021-08-12,-0.01641500267333539,-0.009643566410111153,-0.025691390045103096,-0.017286515613165274,0.05050654619599835,0.016047823634991954,0.15268685702433818,-0.010164791722833437
2021-08-13,-0.0055953932050779795,-0.004894237767724128,-0.018478295374624556,-0.010164791722833437,0.04263979984221259,0.013584057606900478,0.14746586742050272,-0.01472836202165675
2021-08-16,-0.0132992472427179,-0.012050479005456034,-0.02677775111862457,-0.01472836202165675,-0.16804917390095936,0.014727272113168365,-0.07864337506699204,-0.006816120621052908
2021-08-17,-0.007896642472067637,0.006414858369865586,-0.01694647799198554,-0.006816120621052908,-0.04312300750114274,0.0233613363618512,-0.1122516442146146,-0.021283240390294982
2021-08-18,-0.002523036208172792,0.0044895468034786504,-0.022755145270496123,-0.021283240390294982,0.29834761145807503,0.02724469207397477,0.18715852559832624,-0.030995757352006045
2021-08-19,-0.01705953042278624,-0.012581115341492847,-0.04301538274129094,-0.030995757352006045,0.3454636599018951,0.030434267399798105,0.49360182904015526,0.00018966788934658956
2021-08-20,-0.00876194337859712,0.007745383984837289,-0.01182766422722634,0.00018966788934658956,-0.6031205363388248,0.019573048212063536,-0.22636162305409993,0.040321265761459654
2021-08-23,0.022683493095296915,0.04304931190573032,0.022683493095296915,0.040321265761459654,0.24580555984518207,0.020365818810433416,0.0495367701126121,0.008161843822641934
2021-08-24,0.00689659839657518,0.0169740196822816,0.0018194778634270316,0.008161843822641934,-0.18852959447861933,0.015154541818854509,-0.18339081606658658,0.0018047013451954583
2021-08-25,-0.0021699634084707043,0.007378776274974578,-0.008890590729955078,0.0018047013451954583,-0.30014338621001785,0.016269367004929747,-0.4989516033068956,-0.013615532338198146
2021-08-26,-0.004699056575329706,0.0014414746830151036,-0.015078821720312656,-0.013615532338198146,-0.11382525553056178,0.016520296403327608,-0.530610369296405,0.019189607267977467
2021-08-27,0.012533129954630361,0.027048169384811548,0.012533129954630361,0.019189607267977467,0.289729777724233,0.014515039430181263,-0.03070588901713264,-0.010998048450702168
2021-08-30,0.008392178737599227,0.010168666547041617,-0.011723491282120005,-0.010998048450702168,-0.11624448212182456,0.02189215782916152,-0.13342702898173922,-0.011670434934239096
2021-08-31,-0.004178397248572589,0.002715698676745699,-0.012771579724214915,-0.011670434934239096,0.6544965124096648,0.015487278400960447,0.6195254945049137,-0.013851915889631708
2021-09-01,-0.0005503858263697091,0.004392354544334278,-0.017018575615718352,-0.013851915889631708,-0.2249521079672736,0.021410930160052657,0.27592102970783094,0.0240710077690504
2021-09-02,0.009624365446053211,0.0341866567506355,0.009255897175291421,0.0240710077690504,0.07343286558421853,0.02493075957534398,0.2522604571565602,-0.003819975499407054
2021-09-03,0.0007259002234025137,0.004347794176000419,-0.008752852299644022,-0.003819975499407054,-0.5206028153825851,0.013100646475644477,-0.38748261526933625,-0.0058490333115736965
2021-09-07,-0.0036516521905488003,0.007263542522893049,-0.007316617798454254,-0.0058490333115736965,0.036493565226796365,0.014580160321347426,-0.33135170563833094,-0.009208168323243268
2021-09-08,0.004390013967054872,0.011482876026668658,-0.009948514765186111,-0.009208168323243268,0.2674945065050825,0.021431390791854892,-0.06653747356021252,0.0007397987345569036
2021-09-09,-0.007987417082055765,0.017423655262692288,-0.013973213112040934,0.0007397987345569036,0.018702598353558284,0.031396868374733114,0.03911564719499453,-0.0020357295947228764
2021-09-10,0.02013242386410575,0.020856946920444982,-0.0025916228585895168,-0.0020357295947228764,-0.23399057046522714,0.02344856977903455,-0.1669184757655294,0.02542431243475837
2021-09-13,0.012335643433866051,0.035487315180271935,0.011786497380559112,0.02542431243475837,0.3771538550334022,0.023700817799712826,0.30611692573766147,-0.014370362716090474
2021-09-14,0.005762661397643563,0.007198187065154203,-0.017489953850946097,-0.014370362716090474,-0.10067409528721422,0.02468814091610016,0.10908353001933226,0.033156124291568875
2021-09-15,0.014370362716090492,0.035103900265019417,0.013286200007288036,0.033156124291568875,0.1531708480118508,0.021817700257731373,0.20164521925838674,-0.010691450478813902
2021-09-16,0.000708733489989797,0.000708733489989797,-0.016440652367460794,-0.010691450478813902,-0.26071079095885674,0.017149385857450614,-0.1051952053543735,-0.011894172482212481
2021-09-17,-0.008636245524975444,0.016523433720476485,-0.012982534175069489,-0.011894172482212481,0.516007848297685,0.029505967895545833,0.42298682244541774,-0.02701131130249811
2021-09-20,-0.025336422016191743,-0.018110834291022608,-0.040701155817218226,-0.02701131130249811,-0.08502307847256164,0.022590321526195705,0.19698983653265353,-0.0009316918215118374
2021-09-21,0.012585772656199165,0.015157401427957951,-0.008228934266790508,-0.0009316918215118374,-0.3357314504325644,0.02338633569474858,-0.18623247140944163,0.028849032678503764
2021-09-22,0.014620431018052295,0.041448205274570736,0.013517464477710918,0.028849032678503764,0.2656689802387875,0.0279307407968599,0.08149097785178551,0.03330974497406193
2021-09-23,0.00379642668191393,0.03610890429825207,0.001267077663913574,0.03330974497406193,-0.10761810219514922,0.03484182663433851,-0.04660595814200923,0.008895119480757418
2021-09-24,-0.006679600497950253,0.012880906622789713,-0.007032404480711019,0.008895119480757418,-0.03263869608328284,0.019913311103500753,-0.12107324083873748,0.02926034896978538
2021-09-27,0.021642863609875322,0.037656704030264804,0.021132983769412975,0.02926034896978538,0.38979641422351446,0.016523720260851728,0.3315366322657445,0.01040101551271937
2021-09-28,0.010067237457253185,0.019703431164512078,0.0035350443140529544,0.01040101551271937,0.13185243439055494,0.01616838685045907,0.4186303153055571,-0.0006677312616178064
2021-09-29,-0.0013359724344879141,0.004495894093104925,-0.014625778927497658,-0.0006677312616178064,-0.47380730961747103,0.019121673020602487,-0.19042387989772358,-0.017860649451473833
2021-09-30,0.003999969729362559,0.004831281411880727,-0.01803064556584086,-0.017860649451473833,0.2895758670037064,0.022861926977721464,0.11528795666819854,0.03524374133148281
2021-10-01,0.009980631861713385,0.036228015891175816,0.009980631861713385,0.03524374133148281,-0.24840350608061945,0.026247384029462594,-0.1904058973144591,0.012882378004008065
2021-10-04,0.006380379757807021,0.01853710623989008,0.0003281991757126304,0.012882378004008065,0.3299093796314872,0.01820890706417749,0.12552145502085454,-0.0016215714384237244
2021-10-05,0.012878465602111304,0.015753412533927907,-0.01140636048265388,-0.0016215714384237244,-0.13561286743543102,0.027159773016581838,-0.016579518107439815,-0.018508385967954885
2021-10-06,-0.01883908136257404,-0.008147348452059043,-0.030817285022996556,-0.018508385967954885,-0.15897140046742628,0.022669936570937507,-0.12115529253498336,0.0028064098783118457
2021-10-07,0.0019818161666780333,0.00970642046174417,-0.0058029224551241765,0.0028064098783118457,-0.2590957212384012,0.01550934291686825,-0.3932149402207074,0.02474890979357535
2021-10-08,0.009679349679862684,0.028601207763236196,0.009679349679862684,0.02474890979357535,0.12839036624472125,0.018921858083373447,-0.17985987129398462,-0.010021078259699561
2021-10-11,0.013577374619452071,0.014053266355895128,-0.010996234726076661,-0.010021078259699561,-0.0029520383265557977,0.025049501081971962,-0.16594991958478653,-0.00521173308135238
2021-10-12,0.00016240268770322279,0.006799413695085217,-0.01160053692138436,-0.00521173308135238,-0.09093669121527961,0.018399950616469672,-0.1619566037472941,-0.0027798559596008154
2021-10-13,-0.007539830792810607,0.002446347299709566,-0.01696216192671017,-0.0027798559596008154,-0.29811658045113804,0.019408509226419707,-0.37721208707846027,0.01511364280719545
2021-10-14,0.010425235259115153,0.018655768850738382,0.0016361010827092468,0.01511364280719545,0.21536912344338535,0.017019667768029198,-0.06294033434040422,0.009471138329414317
2021-10-15,0.011705409766195975,0.01711083079178468,0.007071688608369041,0.009471138329414317,-0.14450629906667084,0.01003914218341548,-0.19812059571102952,-0.000479405185867596
2021-10-18,0.007956757426787166,0.008748950088701248,-0.005125747138873772,-0.000479405185867596,0.12760118816255275,0.013874697227575028,-0.006377980858961998,0.014913787710007854
2021-10-19,0.004942967217064228,0.01664458209728871,0.001756716830541937,0.014913787710007854,0.03495626761791902,0.014887865266746882,0.0711992932102065,0.005496652682033412
2021-10-20,-0.009652747048299383,0.0058098449515820725,-0.01235951039375259,0.005496652682033412,-0.28029388725085885,0.018169355345334662,-0.1946371716217268,-0.01833463520086436
2021-10-21,-0.005969186029543191,-0.0032943647017840694,-0.023772910927431497,-0.01833463520086436,0.1466447806319683,0.02047854622564751,-0.0400606601414124,0.006835736235826017
2021-10-22,0.0012753362423395718,0.008418802716468958,-0.005438275726567128,0.006835736235826017,-0.14933272849142523,0.01385707844303612,-0.16556528416733107,0.01929925071431259
2021-10-25,0.009460844583506104,0.020386455863712377,0.00726132466623968,0.01929925071431259,0.2290865486261275,0.013125131197472786,0.08544959204918083,0.022890590417514102
2021-10-26,0.0021732295673441335,0.024408364338293388,0.00015542127762791882,0.022890590417514102,0.35498844249308725,0.02425294306066532,0.4446117496412215,-0.026315270415046
2021-10-27,-0.01038166081182333,-0.00900145454466474,-0.028656973380888868,-0.026315270415046,-0.1617299487117235,0.019655518836224215,0.20489236677285816,0.00280287185126072
2021-10-28,-0.004845614264144504,0.005287787924543713,-0.007827156301374299,0.00280287185126072,-0.2692884085551273,0.013114944225918012,-0.14517602780647731,0.002484916073283091
2021-10-29,0.01144114968886354,0.01619535770636956,0.00031101170269129294,0.002484916073283091,0.3656568833927082,0.015884346003678326,0.21983812121827356,0.017832848379175217
2021-11-01,0.009263590559966162,0.024666138665422544,0.008494844989546491,0.017832848379175217,-0.19824569188326524,0.016171293675875886,-0.07448531347002812,-0.012418673630788893
2021-11-02,-0.009184183526464534,-0.0027464209075483024,-0.01489003770245887,-0.012418673630788893,-0.1872378772194525,0.012143616794910614,-0.2778055456234951,-0.013825453453123476
2021-11-03,-0.012106290580658199,-0.005724510970937011,-0.01805777354832427,-0.013825453453123476,0.06374065691627824,0.012333262577387233,-0.12381869240399583,0.0074802178627934035
2021-11-04,0.01166329987491811,0.014904779674907132,-0.0015654115978347525,0.0074802178627934035,0.0197938237728742,0.016470191272741963,-0.058326084922157795,0.009425905831490026
2021-11-05,0.009887294457524141,0.014182419465414348,0.0023260287305892626,0.009425905831490026,0.04658388559260259,0.01185639073482513,-0.023319702117211814,0.01070844849685739
2021-11-08,0.008118393519379421,0.020700901668665943,0.005521496040037935,0.01070844849685739,-0.04794484875454745,0.015179405628628032,-0.012739483579417158,0.009691162776456902
2021-11-09,0.00076044452939059,0.009841876797348013,-0.0062581852106176885,0.009691162776456902,0.0595230686216304,0.016100062007965734,0.068902360017223,-0.03324700116208091
2021-11-10,-0.015796211089572982,-0.01075685052838728,-0.039811607014291185,-0.03324700116208091,0.0716915600982143,0.029054756485903832,0.11267929170458515,0.001867628825936975
2021-11-11,0.0,0.009921014073099619,-0.0026519912517307446,0.001867628825936975,-0.4153391428810122,0.012573005324830449,-0.3332988721498049,-0.0076484861154051354
2021-11-12,-0.005457228531989808,0.0009326265495075114,-0.01141611790180147,-0.0076484861154051354,0.3099466874725665,0.012348744451308945,0.025156707621875156,0.008581112664912632
2021-11-15,-0.0009406079110793242,0.014775865298021867,-0.009445889971993011,0.008581112664912632,0.03730967402377843,0.02422175527001495,0.06706475190729484,0.010047134513322155
2021-11-16,-0.00046626384039261457,0.015415750907388335,-0.00046626384039261457,0.010047134513322155,-0.10157031679209871,0.015882014747780775,-0.047505512361821677,-0.010979761062829534
2021-11-17,-0.009891880037888802,0.003377881762118315,-0.013003222809802758,-0.010979761062829534,-0.09425369907780505,0.016381104571921105,-0.12193492315390383,-0.010944401897755257
2021-11-18,-0.00233508154766015,0.0034151108472348607,-0.018835856916300246,-0.010944401897755257,0.08951517669194062,0.022250967763534912,0.022530385739957547,-0.04732138851228265
2021-11-19,-0.02741209439653369,-0.02515258098013859,-0.051616048661148335,-0.04732138851228265,0.6366830294008717,0.026463467681009697,0.6163462755340715,0.013750424158926283
2021-11-22,-0.005785593133223736,0.030357054895119504,-0.005785593133223736,0.013750424158926283,-0.3760567873964327,0.0361426480283432,0.09147601631554464,0.02599637336626081
2021-11-23,0.010994457101043163,0.029948635182763715,0.0066434637776040225,0.02599637336626081,-0.03745200943659094,0.02330517140515967,0.023165451491796118,0.005528779148229085
2021-11-24,-0.008750341798672715,0.011340449281848101,-0.008750341798672715,0.005528779148229085,-0.2889242352970265,0.020090791080520774,-0.3051378583884488,-0.035761039022224016
2021-11-26,-0.04775099196306396,-0.032989403246411336,-0.06407651748275323,-0.035761039022224016,0.4536478609910169,0.031087114236341938,0.14505418870525197,0.0055356727515939695
2021-11-29,0.021322075708085825,0.030390624038370537,0.0006528630104339652,0.0055356727515939695,-0.2764455518925902,0.029737761027936713,-0.20309938828473204,-0.028825185960277146
2021-11-30,-0.01851754796781343,-0.0065157671450443095,-0.031837745647452544,-0.028825185960277146,0.6131568121548366,0.025321978502408308,0.5297127130854057,-0.0008358980109577544
2021-12-01,0.017558863555180736,0.035943783089635147,-0.0015051454045330696,-0.0008358980109577544,-0.1327712427298048,0.03744892849416817,0.27818004461627877,0.02461506730705036
2021-12-02,-0.000836597321035164,0.02949873402572644,-0.010930934101316703,0.02461506730705036,-0.047283004878860606,0.04042966812704322,0.1525971454928175,-0.006384557915602092
2021-12-03,0.010389694197928954,0.015383685712884268,-0.015292583252531647,-0.006384557915602092,-0.2830060923701408,0.030676268965415927,-0.23154272529772713,0.01126822463427823
2021-12-06,0.013539099676396769,0.020642756007988247,0.008666537604005512,0.01126822463427823,-0.1362534074903181,0.011976218403982851,-0.3461962467736699,0.011142604004710273
2021-12-07,0.01226610455594164,0.02327361192707917,0.008408792137192084,0.011142604004710273,0.030245134964534365,0.014864819789887143,-0.3178941735915812,0.0028864725527592
2021-12-08,0.005445243270054778,0.01466626281700461,0.0011235005512312927,0.0028864725527592,-0.08348964948334665,0.013542762265773268,-0.2830833866117118,0.0025587707172953266
2021-12-09,-0.006425749433334429,0.005111010833763291,-0.010301062899267221,0.0025587707172953266,-0.07428958629849958,0.015412073733030435,-0.2489837446082006,0.006368397810175242
2021-12-10,0.010486270888188688,0.011749863174974628,-0.006087828280556875,0.006368397810175242,0.05924372321242911,0.01783769145553147,-0.06930805277340943,-0.02214463501061775
2021-12-13,-0.00860695626975412,-0.004613021810968511,-0.026698271030643754,-0.02214463501061775,-0.008322164882366357,0.022085249219675106,-0.03435366943552228,-0.0014613975344011329
2021-12-14,-0.006021708299681575,0.013537678740863575,-0.006674828848364641,-0.0014613975344011329,0.23693938318191296,0.02021250758922838,0.21809227598838607,-0.0043970505620269116
2021-12-15,-0.0057036297394571665,-0.0006502099583708944,-0.025176197739206933,-0.0043970505620269116,-0.12195838851300034,0.024525987780836096,0.06624462305532654,0.0016307647876719546
2021-12-16,0.002770732278858346,0.019075914579575182,0.0004894962873552137,0.0016307647876719546,0.05960008759869996,0.018586418292220006,0.10731007652192333,-0.022076682067621107
2021-12-17,-0.006867230551743271,-0.0014675934842424366,-0.027756619822983365,-0.022076682067621107,0.7384188082384423,0.026289026338740955,0.8017589928661217,-0.014598781665508823
2021-12-20,-0.020872628941862245,-0.013078636913626485,-0.03509131527223344,-0.014598781665508823,-0.7090494533405206,0.02201267835860692,-0.14271964052493366,0.022397729773437687
2021-12-21,0.009923555548261855,0.025368524246237964,0.00942135784807212,0.022397729773437687,-0.09716851862871742,0.015947166398165867,-0.2713787928673434,0.00806657879192945
2021-12-22,-0.0026481287770791437,0.014277733959692281,-0.00879890750114785,0.00806657879192945,-0.3424134119134661,0.023076641460840246,-0.5923705028825775,0.0004917429616611505
2021-12-23,0.002946899491880038,0.013840462917903902,0.00016392034458611587,0.0004917429616611505,-0.03732100859524416,0.013676542573317846,-0.5821320028922985,0.014156919099006826
2021-12-27,-0.001476017521354108,0.015125933600171835,-0.009881541137301022,0.014156919099006826,-0.07269527117720657,0.02500747473747285,-0.5896782376570221,-0.00323678492900714
2021-12-28,0.0003231091770747788,0.006763342706393931,-0.007948745884848715,-0.00323678492900714,0.014763004233827327,0.014712088591242692,-0.24704466108278644,-0.008791933874156567
2021-12-29,-0.00340990973572404,-0.001459975191673838,-0.012560322990133977,-0.008791933874156567,-0.003715524016069722,0.011100347798460085,-0.13369315625679867,-0.005904570265105777
