date,open_ret,high_ret,low_ret,close_ret,volume_ret,range_ret,vol_ratio,target_return
2023-01-02,2.8039474570665938e-05,0.023722332195407685,-0.009667415799898984,0.016112335454141254,0.3403133013626557,0.03338974799530659,0.3403133013626557,-0.004074012604511041
2023-01-03,-0.000110255466960198,0.004849877870415892,-0.013006290040434404,-0.004074012604511041,-0.036907756311116535,0.01785616791085036,0.11884157454813446,0.05719824703853304
2023-01-04,0.0,0.06422303243224253,-0.0021859608983771975,0.05719824703853304,0.6356296131259539,0.06640899333061973,0.7132679900579264,0.0053094526775527805
2023-01-05,4.475642319429047e-05,0.009570114795790655,-0.013589512914257551,0.0053094526775527805,-0.5019874759815387,0.023159627710048338,-0.01996000711715894,0.034873219307665564
2023-01-06,-4.463216040272851e-05,0.0374072225455996,-0.0035998896791610826,0.034873219307665564,0.6206667380244631,0.04100711222476067,0.6046669873690297,-0.005567227058257928
2023-01-07,4.29936821814976e-05,0.00489015746042028,-0.02134947272874736,-0.005567227058257928,-0.6734473779177658,0.026239630189167716,-0.28307764851682876,0.06331752686034045
2023-01-08,-0.00027794483210708627,0.06331752686034045,-0.007683586867170586,0.06331752686034045,0.8541942487352746,0.07100111372751097,0.5646574710820185,0.07150940649265579
2023-01-09,0.0006637293079926178,0.1438193779499261,0.0006637293079926178,0.07150940649265579,0.8948680225927577,0.1431556486419334,1.265870743989326,0.01686728154577252
2023-01-10,-7.565949827070314e-05,0.023117547457785857,-0.02540327146381291,0.01686728154577252,-0.8345764675643751,0.04852081892159873,0.029572326883032577,0.0007841732466694221
2023-01-11,1.8574528749252114e-05,0.001165276054594269,-0.04370458857138813,0.0007841732466694221,-0.24871808384022115,0.044869864625982414,-0.33156218255173064,0.021484120236218634
2023-01-12,0.014573437989485034,0.03356225598534755,-0.014059664588142447,0.021484120236218634,0.42858968419282456,0.047621920573490045,0.09813485281098687,0.04741773162353566
2023-01-13,-9.037675538838166e-06,0.05761504150191428,-0.015263331512263282,0.04741773162353566,-0.3077303312186054,0.07287837301417739,-0.34654299755754175,0.01942137105182905
2023-01-14,-9.25733344806937e-05,0.06512283258087709,-0.007885935858908988,0.01942137105182905,0.7146838472361688,0.07300876843978611,0.3780759964961189,-0.0062141087210997505
2023-01-15,0.00019288599001744133,0.001813703128243826,-0.03632305550638465,-0.0062141087210997505,-0.7354610715294972,0.03813675863462863,-0.27175780900651536,-0.0009366094980819161
2023-01-16,0.0001427205949941203,0.03472435912118227,-0.028096194592849764,-0.0009366094980819161,0.10771851138544722,0.06282055371403206,-0.13931267474566963,-0.012299613401627947
2023-01-17,0.0001342563966313832,0.016925454168789156,-0.012348744856638198,-0.012299613401627947,-0.2973011007821106,0.02927419902542749,-0.468738357394747,-0.05629231193752941
2023-01-18,2.896056898060447e-05,0.025265163968767275,-0.05629541221905321,-0.05629231193752941,0.44433586469524405,0.0815605761878204,0.06438469459603882,0.03683659434024191
2023-01-19,1.8327938521701428e-05,0.0469475676051129,-0.00027541544359185096,0.03683659434024191,-0.6058155695869754,0.04722298304870483,-0.5849678275309055,0.07247038085034682
2023-01-20,-0.00015328631294003208,0.0729393117365836,-0.013045476507812355,0.07247038085034682,0.37116822300422625,0.08598478824439594,0.033166496286958454,0.012104665141042952
2023-01-21,8.256000426293861e-06,0.03989446904633767,-0.01499172464532829,0.012104665141042952,0.5113192085692436,0.05488619369166591,0.5403788681489308,0.020300586162287505
2023-01-22,1.89782812151131e-05,0.04374933041126857,-0.013702298082058322,0.020300586162287505,-0.007800559287640374,0.05745162849332698,0.42051719900029744,-0.0028986135133679067
2023-01-23,-7.992815961996586e-06,0.015207916562508288,-0.014906380373064649,-0.0028986135133679067,-0.13806307016466138,0.03011429693557309,0.13809486614005967,-0.044119724291934344
2023-01-24,-0.00030362178151564735,0.01846741472018499,-0.04691243751399571,-0.044119724291934344,-0.319482713111902,0.06537985223418087,-0.20915304433151416,0.03852761062135733
2023-01-25,0.00013353447017278041,0.05223310589592905,-0.030775119084633575,0.03852761062135733,0.03562675190489558,0.08300822498056255,-0.22738964027074748,0.017649538386598985
2023-01-26,-0.0003294353374855795,0.03470839463151125,-0.003159686321452175,0.017649538386598985,0.1936324908002391,0.03786808095296339,-0.046164197515534945,0.023198812657590606
2023-01-27,-7.919945193883416e-06,0.023998066015572608,-0.025365131544228432,0.023198812657590606,-0.28727357453483204,0.04936319755980115,-0.28124487073906956,-0.017186262801251535
2023-01-28,3.6009244113057175e-05,0.020977525366716536,-0.024072737389691058,-0.017186262801251535,-0.018771716942182895,0.04505026275640772,-0.19260965998450044,0.035865268716803435
2023-01-29,-1.3094833799731552e-05,0.04180747159797153,-0.010833972818892682,0.035865268716803435,-0.0757798528134624,0.05264144441686416,-0.1847738945837921,-0.061937766391943004
2023-01-30,0.0009054365215424,0.003259744469809987,-0.07252209285352343,-0.061937766391943004,0.1945553377477854,0.07578183732333348,0.03756648471067685,0.04825172651785898
2023-01-31,9.392013531415296e-05,0.06257840659095418,-0.008321569509082992,0.04825172651785898,0.1554408715833815,0.07089997610003708,0.19169116643638523,0.016029874185132093
2023-02-01,-0.00016117420244330725,0.025585281529804684,-0.047682740874154285,0.016029874185132093,0.046728979463632477,0.07326802240395897,0.24628588104800375,0.0008052716100649751
2023-02-02,-0.00013595074042446344,0.038727494857195725,-0.003982784192337607,0.0008052716100649751,0.122206799267518,0.04271027904953343,0.30390042018697205,0.0168927905520319
2023-02-03,-0.00014596266507842744,0.022075520582819787,-0.0019714321031225417,0.0168927905520319,-0.37541833460677104,0.024046952685942254,-0.16411990289981204,-0.011466908034595713
2023-02-04,-0.0002547632296968224,0.0022159708806924875,-0.014955388313903995,-0.011466908034595713,-0.35845550789658454,0.017171359194596364,-0.5450129145285937,-0.01831412654337572
2023-02-05,7.530216203981733e-06,0.00489139969169795,-0.03925952821663551,-0.01831412654337572,0.25132839498774856,0.04415092790833356,-0.233205770251041,-0.025943132663958045
2023-02-06,1.2756981998809831e-05,0.025028642145912668,-0.028087041841538537,-0.025943132663958045,0.007860982754720407,0.05311568398745114,-0.16522654004233794,0.04296554754209156
2023-02-07,0.00010987620313829327,0.04310581115206252,-9.93665364639647e-05,0.04296554754209156,0.07951143781493823,0.04320517768852646,-0.011373284285318402,-0.013052909619081923
2023-02-08,7.465296635625172e-06,0.00754636985547135,-0.030758022877937895,-0.013052909619081923,-0.04060633542905717,0.03830439273340902,0.048760545598414126,-0.08332469427345497
2023-02-09,0.0001014957770837113,0.0030458302380857293,-0.09329056716511776,-0.08332469427345497,0.30969156142553184,0.09633639740320353,0.37160402187806163,-0.010804823923206579
2023-02-10,-0.00018481677623288255,0.007975658221026239,-0.01877497865071455,-0.010804823923206579,-0.3074051649252328,0.02675063687174088,-0.05986163324835995,0.02903870574605663
2023-02-11,5.85002043518243e-05,0.03083829202213918,-0.0023868824957915705,0.02903870574605663,-0.46786941401049015,0.03322517451793073,-0.5367081155173565,-0.01337719262801566
2023-02-12,-9.751562013412011e-05,0.011983657703502088,-0.022291419033462042,-0.01337719262801566,0.07416722102558856,0.03427507673696438,-0.3982930344863891,-0.012899287883882699
2023-02-13,-1.0962330650312498e-05,0.003378926932088408,-0.04894169222618536,-0.012899287883882699,0.42431931902057884,0.052320619158273754,0.10136190091565159,0.07191177791921749
2023-02-14,-0.00015572502274422374,0.08654893094259301,-0.011848826831834695,0.07191177791921749,0.2559810420722614,0.09839775777442776,0.3502042792899944,0.07877730578938484
2023-02-15,9.315659908653656e-05,0.07877730578938484,-0.010051887602222873,0.07877730578938484,0.003955350892567549,0.0888291933916076,0.3601459022707347,-0.07500378161642927
2023-02-16,-0.00012916373981201485,0.002548708846573943,-0.07555818339930472,-0.07500378161642927,0.1450254541037666,0.07810689224587863,0.43537155176205644,0.040521075643330046
2023-02-17,-0.00010049805708375058,0.053793383602356915,-0.002193658945836616,0.040521075643330046,-0.3150123567558469,0.055987042548193595,-0.04842646215546668,0.005894320655953425
2023-02-18,-3.711129104816482e-05,0.02928404045788457,-0.0136340561839678,0.005894320655953425,-0.24893004422445558,0.04291809664185219,-0.37117480408134224,-0.015436102976535242
2023-02-19,-6.153829680862715e-05,0.012951942962057933,-0.018021271277454964,-0.015436102976535242,0.09699690648467536,0.030973214239512954,-0.25011381789071274,0.009690287481408882
2023-02-20,0.00011000959597160609,0.022545327988769428,-0.02037835285070687,0.009690287481408882,0.08008468524460602,0.04292368083947637,-0.10996197564484916,-0.029097204900147517
2023-02-21,9.899118986517763e-05,0.0036616022628724342,-0.040955734861033294,-0.029097204900147517,0.03175419287096734,0.044617337123905636,-0.02794645230693502,-0.0089488654975287
2023-02-22,5.095815960275875e-05,0.000759091281472632,-0.03524283721900939,-0.0089488654975287,-0.010242026452194198,0.03600192850048201,0.04836842117017613,-0.015281195749251844
2023-02-23,1.2873457666278166e-05,0.014582555217673706,-0.021112458689110956,-0.015281195749251844,-0.2751412990899853,0.03569501390678474,-0.2158771218306704,-0.04595632829074543
2023-02-24,-0.00012527901832491727,0.004883358672088296,-0.06252720663465282,-0.04595632829074543,0.3083432550141814,0.0674105653067412,0.10537042658195607,-0.009489479863374593
2023-02-25,6.834881048237328e-05,0.004135520499618057,-0.033180855874823716,-0.009489479863374593,-0.3416597964158574,0.037316376374441795,-0.2639282148120737,0.018074219963205632
2023-02-26,7.451043318092158e-05,0.020334705417177048,-0.010781896852139134,0.018074219963205632,-0.3054788186305046,0.0311166022693163,-0.5170066560604746,-0.011102806323171012
2023-02-27,-8.941751040723068e-05,0.002490378412938822,-0.02794436761980847,-0.011102806323171012,0.11386892768521549,0.030434746032747307,-0.29403178292311494,-0.03470049269081642
2023-02-28,-3.291467849969505e-05,0.007393797005824763,-0.04257071132765889,-0.03470049269081642,0.031570652278259476,0.04996450833348379,-0.16075070709129685,0.022172303950503663
2023-03-01,0.00020426794953022132,0.03132121283622325,-0.005542289595953444,0.022172303950503663,-0.044860410013211754,0.036863502432176766,-0.16860721518427896,-0.02857092253695807
2023-03-02,4.441022661572682e-05,0.0020264708819959197,-0.04070573197966718,-0.02857092253695807,0.06466969498032271,0.04273220286166315,0.027185928549875418,-0.02155815975943519
2023-03-03,0.00014278661288299468,0.0013412029557236648,-0.06666102381506638,-0.02155815975943519,0.4803185794201893,0.06800222677079003,0.5389305745916287,-0.018368164043317335
2023-03-04,4.669316120378299e-05,0.004660374730971196,-0.03263898365284318,-0.018368164043317335,-0.8279714527556744,0.03729935838381436,-0.44009889853529044,0.0017903493272512403
2023-03-05,-2.674724614213309e-05,0.01769395703623551,-0.003506884518142866,0.0017903493272512403,-0.007052978622565409,0.021200841554378458,-0.4017222571104204,-0.018808076908448306
2023-03-06,-8.929190678290557e-06,0.003869699462222508,-0.02005122453476273,-0.018808076908448306,0.2731552667134384,0.02392092399698512,-0.07385910383131632,-0.0010222771114994497
2023-03-07,0.0001178254716071427,0.01106239765196778,-0.023758018180624212,-0.0010222771114994497,0.1865158895623006,0.03482041583259194,0.11582421666483711,-0.039834866558530815
2023-03-08,-3.9318417048982336e-05,0.005810932558424948,-0.04589904037481122,-0.039834866558530815,0.07585589327418846,0.05170997293323625,0.1695507012680454,-0.02518731241435438
2023-03-09,0.00010078211244278498,0.012040824318963712,-0.04648600936180021,-0.02518731241435438,0.4142623728057664,0.05852683368076389,0.6701772659312554,0.018124782746364233
2023-03-10,0.00022603396562076357,0.025681554244516153,-0.03681668819835463,0.018124782746364233,0.05612966479769097,0.0624982424428708,0.5123001282140756,-0.025745458162283026
2023-03-11,-2.5422957924672542e-05,0.023356526135914473,-0.03482909804749116,-0.025745458162283026,-0.055567151209234826,0.05818562418340551,0.26467354501922996,0.07583313022791136
2023-03-12,-2.6085990578394222e-05,0.07583313022791136,-0.009543382489328487,0.07583313022791136,-0.16785080033462865,0.08537651271723994,-0.02380559833528566,0.03859533370948826
2023-03-13,0.00019297702990597122,0.06010725077464714,-0.008630430678134553,0.03859533370948826,0.5523347553148988,0.06873768145278182,0.47604818006910543,-0.0008042253453124276
2023-03-14,-1.4530018759379609e-05,0.0670782227703659,-0.015656566285342313,-0.0008042253453124276,-0.09316955861713233,0.08273478905570812,0.21975425682774913,-0.05882895126584806
2023-03-15,0.00024977277385071527,0.010763586831006894,-0.0803786635939242,-0.05882895126584806,-0.009203220222675931,0.09114225042493111,0.1493893763237651,0.002295351089931379
2023-03-16,0.00040036012753366006,0.014893030737422186,-0.014355356676774136,0.002295351089931379,-0.5438139704185447,0.029248387414196466,-0.4404257943723198,0.07442622818610349
2023-03-17,6.145601763716926e-05,0.07442622818610349,-0.008472005918093824,0.07442622818610349,0.18832965435790247,0.08289823410419733,-0.2128197669975374,-0.037238682233614095
2023-03-18,3.13726997259099e-05,0.017174267459465688,-0.03938187381623339,-0.037238682233614095,-0.11755952189278282,0.05655614127569901,-0.3448481041114289,0.02427715585768344
2023-03-19,1.7737691575917078e-05,0.04342451564427091,1.7737691575917078e-05,0.02427715585768344,-0.3112483134519806,0.043406777952694965,-0.5393405977831993,-0.03954216926632512
2023-03-20,-0.00014453891851840531,0.0021075659323424095,-0.04092618663130767,-0.03954216926632512,0.18019360392726005,0.043033752563650135,-0.20687218892744205,0.10991246379692386
2023-03-21,7.221938136586487e-05,0.14442771256048761,-0.002369014906268722,0.10991246379692386,0.7558795930035618,0.14679672746675632,0.693933545101196,-0.029032640321484643
2023-03-22,-0.00011584879344946255,0.041480739932089145,-0.054682340370069187,-0.029032640321484643,0.14469785414487973,0.09616308030215842,0.6557710811137465,0.031209513282313108
2023-03-23,-0.00010256585309092813,0.06378471425172165,-0.015541087543108668,0.031209513282313108,-0.6000962646962202,0.07932580179483037,-0.1136986758766187,-0.03268024377866519
2023-03-24,4.029153933088384e-05,0.001812633441094717,-0.0411978567394427,-0.03268024377866519,-0.3532023674607607,0.04301049018053732,-0.49434136309706495,-0.022714773768477206
2023-03-25,4.436113306667613e-05,0.007726573973676073,-0.028538561310823277,-0.022714773768477206,-0.3681655810292623,0.03626513528449947,-0.877001965371592,0.011998902617566662
2023-03-26,1.4223895976043318e-05,0.02639600452091847,-0.00626970566766924,0.011998902617566662,0.03921851670892096,0.032665710188587806,-0.7932645215639944,-0.03059712395783806
2023-03-27,2.2419774643613374e-05,0.0020862309936193132,-0.050391796754314946,-0.03059712395783806,0.31782656100929557,0.05247802774793417,-0.26258806890128855,0.06402280891814294
2023-03-28,0.00015912971861285527,0.06701817858990779,-0.004935307946924524,0.06402280891814294,0.05589966839045197,0.0719534865368322,0.08056303652054773,0.03529968876589665
2023-03-29,-0.00013844102242412871,0.055834888391139995,-0.002508826353040501,0.03529968876589665,0.39038811736420814,0.05834371474418048,0.5525055369822894,-0.013534951061726747
2023-03-30,5.505939406636839e-05,0.0138971263254513,-0.02841698656094326,-0.013534951061726747,-0.18850407399938823,0.04231411288639436,0.24833596374661154,0.05795928976543821
2023-03-31,9.823875960742926e-05,0.08030606055567988,-0.0036671403179696855,0.05795928976543821,0.48891840211747106,0.0839732008736496,0.6259403122778534,-0.03451785494215536
2023-04-01,-0.00010780794372679965,0.005771384046775146,-0.041378529386844255,-0.03451785494215536,-0.5848011038775964,0.04714991343361952,-0.1780055277822955,-0.00947678859449673
2023-04-02,0.020057596559210543,0.020057596559210543,-0.021164871981418105,-0.00947678859449673,-0.16909498354724894,0.04122246854062866,-0.37181282081047684,0.014009985996611754
2023-04-03,-4.7153597308898754e-05,0.055315953386442046,-0.023530540161187226,0.014009985996611754,0.721519240430636,0.07884649354762921,0.3587277265365776,0.006549826700194228
2023-04-04,3.356312527515107e-05,0.03129229448555779,-0.0037057919950038375,0.006549826700194228,-0.468621912503294,0.034998086480561685,-0.17504074607524173,0.006856359298951217
2023-04-05,1.5372034789120194e-05,0.025115444855327684,-0.004524201784245122,0.006856359298951217,-0.24220060400295232,0.02963964663957291,-0.4151988604938448,-0.023606817819964307
2023-04-06,3.3116181822677844e-05,0.0002650506239420326,-0.03802621974699359,-0.023606817819964307,-0.10898472068564483,0.038291270370935666,-0.36683228996439804,0.001129285496273126
2023-04-07,-2.092040528576121e-05,0.004499136000594461,-0.01579169936881406,0.001129285496273126,-0.3501845811649487,0.020290835369408428,-0.6736061131146288,0.0051788604557193585
2023-04-08,-4.427996810703073e-05,0.01706999996012495,-0.006684727095857558,0.0051788604557193585,0.05696018667825848,0.023754727055982656,-0.5572052215503678,0.010467932495727052
2023-04-09,7.781910832422518e-05,0.018289631803348357,-0.00092354989428926,0.010467932495727052,-0.02049033101257812,0.019213181697637673,-0.3109727094129687,0.01854931302528263
2023-04-10,2.0571943624554417e-05,0.019641973436199996,-0.01084397607421704,0.01854931302528263,0.2678905939141659,0.03048594951041697,0.10586295618414042,0.011189392334086064
2023-04-11,0.0001410482817212485,0.036218746033705146,-0.0018279195204406332,0.011189392334086064,0.5390467002150097,0.03804666555414574,0.6828466809011633,0.012640998046265298
2023-04-12,7.475244380684856e-05,0.019372437066186497,-0.028259140613754195,0.012640998046265298,-0.17883178247459733,0.047631577679940716,0.3606577575509445,0.0461344970613951
2023-04-13,-0.0041753987074449024,0.05180705365476688,-0.011600311381152233,0.0461344970613951,0.3285922416228906,0.06340736503591904,0.5588621441611219,0.029098609697529382
2023-04-14,-3.5209666744179285e-05,0.042131285958291916,-0.0013655449922407824,0.029098609697529382,0.3337672787688538,0.04349683095053276,0.6998622227763996,0.03353800101526981
2023-04-15,1.8289306022381962e-05,0.04947542357554438,-0.012677800366825582,0.03353800101526981,-0.20530628904752068,0.06215322394237001,0.23844471029476091,-0.003370070993019069
2023-04-16,-3.090210882812526e-05,0.008755244558316201,-0.02005055485936039,-0.003370070993019069,-0.44109968047986986,0.028805799417676768,-0.3352111905264599,-0.03971072188451677
2023-04-17,6.66295805997807e-06,6.66295805997807e-06,-0.042014339518086176,-0.03971072188451677,0.21177928380317781,0.04202100247614623,-0.097803928449365,0.02183657972902494
2023-04-18,6.45218992695931e-05,0.030810257906083577,-0.01052579702032191,0.02183657972902494,-0.305009242238902,0.04133605492640539,-0.4390847427747033,-0.06507828284052888
2023-04-19,-5.856511441687977e-05,-5.856511441687977e-05,-0.07414779357850522,-0.06507828284052888,0.5064347853516284,0.0740892284640884,0.13406765159481498,-0.03689717165421114
2023-04-20,9.60451957144148e-06,0.014037852242043358,-0.04524670965911436,-0.03689717165421114,-0.24814833664975494,0.05928456190115757,-0.05213809319639281,-0.04541463666143576
2023-04-21,-1.4948460719754317e-05,0.014069657761228257,-0.052027630042251354,-0.04541463666143576,-0.05255219701865729,0.0660972878034796,-0.04244151581252781,0.03392477186506099
2023-04-22,3.393123120354011e-05,0.03989703721013445,-0.003193594391035965,0.03392477186506099,-0.47512310835334953,0.04309063160117048,-0.5377563775393621,-0.018221167846305394
2023-04-23,-8.58403422075042e-05,-8.58403422075042e-05,-0.03644793379972526,-0.018221167846305394,-0.09822482780683917,0.03636209345751784,-0.5409528800933656,-0.01315558579042053
2023-04-24,-5.133061008029126e-06,0.019369034875568323,-0.020032182089446342,-0.01315558579042053,0.16930944049313731,0.03940121696501461,-0.3185255078069972,0.02825694673033036
2023-04-25,-5.201035751372039e-06,0.028393678858345036,-0.016082654604362867,0.02825694673033036,0.01471115920943715,0.04447633346270794,-0.14266429712781428,0.01652182600008372
2023-04-26,-7.34295482114291e-05,0.053393005675805176,-0.03204619154380256,0.01652182600008372,0.5329957705916178,0.08543919721960785,0.4916457004947906,0.020571627259037967
2023-04-27,1.499390816838269e-05,0.03996546328888326,-5.9755184141914905e-05,0.020571627259037967,-0.20557343526343688,0.040025218473025044,0.24324179026630885,-0.012055021399386297
2023-04-28,3.170386380920021e-05,0.001935437138018147,-0.02641182088193822,-0.012055021399386297,-0.5411263891809043,0.028347258019956405,-0.38069740414298026,-0.005318719691396312
2023-04-29,-3.459181802296518e-05,0.006294810007777599,-0.007428721000484487,-0.005318719691396312,-0.39390611748947946,0.01372353100826214,-0.7704771627802279,-0.01357282499109371
2023-04-30,-1.2356545226879099e-05,0.028872776850757995,-0.016112838799558073,-0.01357282499109371,0.37344667068402804,0.04498561565031621,-0.3191763236340737,-0.026772464671179826
2023-05-01,-0.00018377164422241253,0.0009885618281146407,-0.04038649058385392,-0.026772464671179826,0.18477715795810964,0.041375052411968434,-0.09529379875095552,0.012627429920790268
2023-05-02,-1.5484566990817974e-05,0.0196831115209895,-0.009978385058912092,0.012627429920790268,-0.32381788352131846,0.02966149657990168,-0.26398546741357626,0.005521133178130312
2023-05-03,-1.2703835223369821e-05,0.011032114137332238,-0.03213363947247364,0.005521133178130312,0.2839039455985104,0.04316575360980593,0.18940654639441712,-0.016622007134587297
2023-05-04,5.076090099940087e-05,0.005314069533455466,-0.020651313537968827,-0.016622007134587297,-0.4142246400980799,0.025965383071424267,-0.2526997997696501,0.018503732193562362
2023-05-05,1.546070774597814e-05,0.023429738471543646,-0.004602208874528357,0.018503732193562362,0.20658991846325137,0.028031947346072048,-0.06134879360557535,-0.03760106072658667
2023-05-06,1.2685486542609381e-05,0.005145310875928853,-0.04695490367922449,-0.03760106072658667,0.06060539669030269,0.05210021455515343,0.011517172970526767,-0.008488511355985438
2023-05-07,-8.154204159292518e-05,0.00881877045362976,-0.009268850828602583,-0.008488511355985438,-0.36921037370237236,0.018087621282232222,-0.31521566446142835,-0.02983254148397502
2023-05-08,-2.9177612391627018e-05,0.0073197865402224935,-0.04989144612205611,-0.02983254148397502,0.7359206260689948,0.057211232662278746,0.459618398543606,-0.005542513909261347
2023-05-09,-9.295633368678355e-05,0.010003684422708941,-0.01356234576741312,-0.005542513909261347,-0.5075562210126792,0.02356603019012201,-0.10852478754890006,0.016711943988559033
2023-05-10,-4.947979857162088e-05,0.024112735581656827,-0.0221086953665228,0.016711943988559033,0.5457335627940542,0.04622143094817976,0.41613513360068505,-0.027120380966083848
2023-05-11,5.4054657166157607e-05,5.4054657166157607e-05,-0.05195408359723352,-0.027120380966083848,-0.334486599492911,0.05200813825439954,-0.025275809267563187,0.028541264453535196
2023-05-12,-0.00010554402927973527,0.028770670551756247,-0.01183795195168955,0.028541264453535196,0.07579898879509404,0.040608622503445886,0.03735362522980172,-0.014771319235697236
2023-05-13,2.9684187995353814e-05,0.00048304288029176693,-0.01929625049014645,-0.014771319235697236,-0.6899519108420167,0.019779293370437954,-0.7329005935373184,0.015575376927513275
2023-05-14,-1.0940257133594653e-05,0.021043702106886317,-0.0030070292371884386,0.015575376927513275,-0.06755715317373308,0.024050731344074865,-0.6464230966813928,-0.008883313551858642
2023-05-15,7.009020338729368e-05,0.012607603579727273,-0.008888747181231687,-0.008883313551858642,0.3625554138410305,0.02149635076095899,-0.2188522236872129,0.0009465417060798871
2023-05-16,-7.891217342778088e-05,0.007058355979079774,-0.012381690664981996,0.0009465417060798871,-0.04517757473777266,0.01944004664406164,-0.10358008550920036,0.020437849261086938
2023-05-17,2.9896670546248294e-05,0.03131011109324222,-0.007277072429149627,0.020437849261086938,0.27707960841652374,0.03858718352239199,0.2560775691193596,-0.00895523290977392
2023-05-18,4.2627703417543014e-05,0.011609727452643513,-0.022282800604107797,-0.00895523290977392,-0.09150467532068146,0.033892528056751255,0.21140957671185034,-0.010436521522394023
2023-05-19,-0.0001128630065782297,0.0015441981479355031,-0.0139024279513283,-0.010436521522394023,-0.4200860201368128,0.015446626099263684,-0.2922989437960288,-0.00505872798321694
2023-05-20,7.332649279770777e-05,0.0004534697186402602,-0.010107529083472962,-0.00505872798321694,-0.11734831702181892,0.010560998802113154,-0.421451302245704,-0.0164963891878373
2023-05-21,-1.3666517609828286e-05,0.0028374480040188003,-0.022137165948788586,-0.0164963891878373,-0.018294506131932082,0.024974613952807284,-0.3736514412581651,0.02096288558836869
2023-05-22,5.2679045813394434e-05,0.03503740881917203,-0.00863967312253345,0.02096288558836869,0.42282897950983817,0.04367708194170543,0.11281871794579876,0.006735483392201628
2023-05-23,1.9031348883792717e-05,0.01932584409370287,-0.0038143000656728644,0.006735483392201628,-0.22632878243102997,0.023140144159375917,-0.05553707020836755,-0.01701372457399687
2023-05-24,4.319620202297732e-05,0.0002213507617489387,-0.025976614703071336,-0.01701372457399687,0.21145643463094269,0.026197965464820217,0.24123200346746512,-0.01610222141521158
2023-05-25,-4.1157268761893186e-05,0.0010646725093579966,-0.02364981256472855,-0.01610222141521158,-0.10997888425857069,0.024714485074086488,0.07233913040819552,0.01238896683399213
2023-05-26,-2.2284472770719873e-05,0.021845713093932437,-0.011031110037465163,0.01238896683399213,0.09984861264741308,0.032876823131397795,0.12106127683525122,0.01066256998676421
2023-05-27,-3.0387193623651176e-05,0.011905084739221338,-0.0022125468049537978,0.01066256998676421,-0.4862119467516498,0.01411763154417536,-0.4366265981266939,0.0432865510093427
2023-05-28,1.6413431257284383e-05,0.04523247286145607,-0.0007773462695042239,0.0432865510093427,0.7384773607019155,0.046009819130960264,0.39204409179205,-0.010132149802369156
2023-05-29,7.049614269953349e-05,0.007667640120292762,-0.017465034374089423,-0.010132149802369156,-0.16164326857954667,0.025132674494382196,0.1278993497682812,-0.0031806354863120815
2023-05-30,-2.373913551467454e-05,0.010312270801373879,-0.009609797602249646,-0.0031806354863120815,-0.01794882502499277,0.0199220684036234,0.09252534222219785,-0.009386843515985933
2023-05-31,7.885557845402944e-06,0.006395927241885192,-0.01850944655607115,-0.009386843515985933,0.035083302168580056,0.024905373797956487,0.09343498339326996,-0.026191825857199938
2023-06-01,2.9371814498231157e-05,0.002856486542676686,-0.0345397047316637,-0.026191825857199938,0.19609198727572485,0.03739619127434049,0.2673431044950855,0.0365571863357233
2023-06-02,-4.118368783346817e-05,0.039081063908131694,-0.004308462420673727,0.0365571863357233,-0.14845857962148484,0.043389526328805376,-0.014523617672985,-0.006034505362302859
2023-06-03,-0.0001347995524425105,0.0,-0.011092129898750759,-0.006034505362302859,-0.5749754631907068,0.011092129898750747,-0.5692440533528034,0.004418077400514989
2023-06-04,3.193949407889476e-05,0.01506303064429231,-0.0018979107107466133,0.004418077400514989,0.20405446481627787,0.016960941355038825,-0.2868562423437326,-0.0704079334682467
2023-06-05,-5.286729941067117e-06,0.0035125671661819825,-0.08112085157101155,-0.0704079334682467,0.7364434346601592,0.08463341873719343,0.5010340409835422,0.004817755190745725
2023-06-06,-3.6913349725728456e-05,0.012747420148533523,-0.037470103588590035,0.004817755190745725,-0.10783633337467788,0.05021752373712363,0.2872944017771598,-0.09307700603182545
2023-06-07,-4.8110866994475085e-05,-4.8110866994475085e-05,-0.1013399380699949,-0.09307700603182545,0.39218350813906716,0.10129182720300046,0.6522691859247884,0.002723806533260366
2023-06-08,-4.965974980736744e-05,0.024335520411875877,-0.0041353743205610385,0.002723806533260366,-0.44046659406252253,0.028470894732436913,0.043328127294186204,-0.08980453299115178
2023-06-09,1.5401025883990115e-05,0.0006897702155031698,-0.10250498420257344,-0.08980453299115178,0.7092766013269491,0.1031947544180766,0.6450664441358804,-0.06723023900027597
2023-06-10,-7.78883225115062e-05,-7.78883225115062e-05,-0.2484300768462755,-0.06723023900027597,0.9346124806344621,0.24835218852376395,1.3357596238930598,-0.01298795296792327
2023-06-11,-0.0005324300820220407,0.011555274653285805,-0.059222662888851696,-0.01298795296792327,-0.9350908269609188,0.07077793754213753,-0.06229812681585388,0.008829996321450212
2023-06-12,-0.00017240330412035852,0.0476454323331247,-0.02201361821347654,0.008829996321450212,-0.1630361127803881,0.06965905054660138,-0.312285567149161,-0.00022540000197287003
2023-06-13,2.1887101563634475e-05,0.04400594064946434,-0.018920033881477068,-0.00022540000197287003,-0.3005612767479398,0.0629259745309415,-0.6273677955391124,-0.043707195074084174
2023-06-14,1.4522492849126887e-05,0.00699401806370506,-0.06290437408407692,-0.043707195074084174,-0.2657002244685603,0.06989839214778201,-0.9160262030013103,-0.004832659008999453
2023-06-15,3.034237177714446e-05,0.00767483505123528,-0.03802008900719342,-0.004832659008999453,0.045649063487821384,0.045694924058428815,-0.7804611790932237,0.004676856809087874
2023-06-16,4.584745233759551e-05,0.018367746802581412,-0.02553341283089341,0.004676856809087874,-0.37675220450185276,0.04390115963347497,-0.6938476964109973,0.014121725781370926
2023-06-17,7.586861209725696e-06,0.03629951351913304,-0.007708586762502749,0.014121725781370926,-0.023879999197409435,0.04400810028163565,-0.508708158092673,-0.02260030403438386
2023-06-18,-1.8645606584778705e-05,0.006482625558985691,-0.02551680114506379,-0.02260030403438386,-0.229861245641586,0.03199942670404945,-0.5378297920916352,0.007957891476133778
2023-06-19,1.9185640370936945e-05,0.008706498688368388,-0.01176786960893882,0.007957891476133778,0.03995139515916456,0.02047436829730708,-0.3275366467173474,0.027303231304150254
2023-06-20,0.0001862415109159301,0.027558415077257988,-0.03803442700078632,0.027303231304150254,0.41085216733360136,0.06559284207804432,0.19359701405858415,0.05984248700119559
2023-06-21,3.7483106422153425e-06,0.06551280877697553,-0.0034498762089865314,0.05984248700119559,0.47281985028618934,0.06896268498596198,0.7153747586656537,0.011477452631467025
2023-06-22,-4.880638787282966e-05,0.05853187301558417,-0.0028647069385892582,0.011477452631467025,-0.00921256085083057,0.06139657995417339,0.5241057341486787,0.02102682740068911
2023-06-23,0.00010326643231154779,0.04025507512340265,-0.007780499554126641,0.02102682740068911,-0.3291291539038409,0.04803557467752915,0.04016631665102503,-0.02206418915229532
2023-06-24,1.0152452136550087e-05,0.0026408851783155593,-0.036214951302751805,-0.02206418915229532,-0.16298292212293528,0.03885583648106723,-0.21104888840940697,0.00794385463360785
2023-06-25,-3.4528754440296936e-05,0.044097571769186654,-0.0030874269560751378,0.00794385463360785,0.08105256857383801,0.04718499872526187,-0.18017345425741899,-0.041813096922822736
2023-06-26,-5.4748262253386486e-05,0.00046172362961625766,-0.04932825448721743,-0.041813096922822736,-0.06648349392798562,0.04978997811683363,-0.25517078535689536,0.02175529064609222
2023-06-27,0.0,0.03074728289080862,-0.003655612254869323,0.02175529064609222,-0.07167882915142172,0.034402895145677966,-0.22463702191927526,-0.06992694448747992
2023-06-28,2.090675726747638e-05,0.0009244721903873003,-0.07841816387401472,-0.06992694448747992,0.3439429545611213,0.07934263606440206,0.24365674177218105,0.030938440307142382
2023-06-29,-2.62142598560461e-05,0.03927196412204035,-0.0006027670559314311,0.030938440307142382,-0.34820509883366946,0.03987473117797162,-0.13384064392668027,0.04050908411038181
2023-06-30,-0.0002140523134069648,0.07931340075052624,-0.010616271596397085,0.04050908411038181,0.9721689198800886,0.08992967234692345,0.8494631126419934,0.01858860746399416
2023-07-01,3.4272672866301225e-06,0.02018815480208228,-0.014765784490240045,0.01858860746399416,-0.8217902706166048,0.03495393929232226,-0.2063673969857767,-0.0009753663917346602
2023-07-02,4.0980665286820545e-05,0.002572406695856356,-0.01575950453039112,-0.0009753663917346602,-0.16215731826699778,0.018331911226247586,-0.38012884733086816,0.014467370557489648
2023-07-03,-4.459401411312103e-05,0.02453425837076802,-0.0030520806522126133,0.014467370557489648,0.014856280486843688,0.027586339022980744,-0.3630587737764965,-0.01255180860981191
2023-07-04,7.764308583664862e-05,0.015527924174158316,-0.01709026458952016,-0.01255180860981191,0.17791236048122017,0.03261818876367841,-0.12610041367119457,-0.028226406168867978
2023-07-05,1.7110357939061665e-05,0.010149439464931648,-0.039471592762157344,-0.028226406168867978,-0.013110747179047477,0.049621032227089065,-0.16798173278778059,-0.016913693849753535
2023-07-06,-3.163923063730893e-05,0.03074529906024084,-0.02627816785349309,-0.016913693849753535,0.21907164910400634,0.05702346691373394,0.2853254147216945,0.01710350821459867
2023-07-07,-0.00015738824627869216,0.01953260935472301,-0.0062619634835395736,0.01710350821459867,-0.3241492480887794,0.02579457283826247,-0.0933562685691875,0.02130206483279575
2023-07-08,-2.1158536726664066e-05,0.026634483070977058,-0.006533975348662345,0.02130206483279575,-0.0023445302490862907,0.033168458419639495,-0.10870812866738035,-0.02107018822948832
2023-07-09,-2.4096357129297944e-05,0.0029441998733251507,-0.023969681790617318,-0.02107018822948832,-0.13215833729797583,0.02691388166394237,-0.2508207889288145,0.011876161145005077
2023-07-10,2.4608859201072627e-05,0.02770561195261966,-0.017642938360861955,0.011876161145005077,0.34770162474089855,0.04534855031348147,0.14265472927978862,0.016622103705499897
2023-07-11,3.125153606201527e-05,0.019711366896184235,3.125153606201527e-05,0.016622103705499897,-0.26262546938574677,0.019680115360122204,-0.143334615264854,-0.013962288681922213
2023-07-12,6.819077805413624e-06,0.006898555501691642,-0.023902217190047995,-0.013962288681922213,-0.1276197810456758,0.030800772691739635,-0.1892149784210387,0.2139882186112852
2023-07-13,7.616507803884999e-05,0.21625595408090717,-0.008042483459143573,0.2139882186112852,1.8208980449375152,0.2242984375400507,1.6642675580049804,-0.08412449615948138
2023-07-14,-0.0004838262725530577,0.0465751571960369,-0.11331462992328825,-0.08412449615948138,-0.23582342634882938,0.1598897871193252,0.8117928142356304,-0.0074363543132244785
2023-07-15,-6.390281118810386e-05,0.025730467415666643,-0.00992744829475665,-0.0074363543132244785,-1.1678921515381138,0.035657915710423045,-0.659219865605239,-0.035812029521381655
2023-07-16,6.118148478515801e-06,0.003300640072777233,-0.03974821270040051,-0.035812029521381655,0.11948158878179213,0.04304885277317776,-0.542483986364189,-0.00763506121788175
2023-07-17,2.8582501926701907e-05,0.014446496518768007,-0.026572296599166854,-0.00763506121788175,-0.08769258361494268,0.041018793117934875,-0.6684645552830112,-0.01642268468379251
2023-07-18,-0.00015680186790402434,0.0035170907922533437,-0.032702864340652095,-0.01642268468379251,0.04792034992379437,0.036219955132905546,-0.6569489267676618,0.05109270903397427
2023-07-19,0.0009852048086135315,0.05826598681608151,3.247771047722213e-05,0.05109270903397427,0.45407374158582675,0.058233509105604285,0.13401515343670167,-0.023202835233212055
2023-07-20,-0.0001638044499143961,0.024569443799791923,-0.03833764491582636,-0.023202835233212055,-0.09236300052048398,0.06290708871561818,0.2678776067565756,-0.008900814568755452
2023-07-21,-0.0001519020931229542,0.006212980675380266,-0.01602493440911598,-0.008900814568755452,-0.6850694225009283,0.022237915084496226,-0.5063935055624771,-0.011299062326633746
2023-07-22,7.657377542175294e-05,0.004833654526780304,-0.019128967816567453,-0.011299062326633746,-0.1484486264786738,0.023962622343347773,-0.6006263978606623,0.023579217378938366
2023-07-23,0.00022269505064008565,0.02787069460517577,-0.0045102513469212815,0.023579217378938366,-0.06045879509173283,0.03238094595209702,-0.6014349424526942,-0.03809143682749445
2023-07-24,-9.396576300945561e-06,0.004508051967986056,-0.05087467254914366,-0.03809143682749445,0.37549486805554916,0.05538272451712968,-0.14578273510671963,-0.004240725673362104
2023-07-25,-6.540135223687969e-06,0.0066400369663565705,-0.009801925207867985,-0.004240725673362104,-0.321553282437819,0.016441962174224674,-0.3100345577031076,0.008594077682109147
2023-07-26,-3.950625417337929e-05,0.020455902407216717,-0.010355540102861186,0.008594077682109147,0.1741794738941446,0.030811442510077985,0.07870339708883684,0.0028786909936434233
2023-07-27,-0.00013053417411474556,0.02060532948632729,-0.0021384153613157003,0.0028786909936434233,-0.22932621555518984,0.022743744847642997,-0.15473206241812154,0.008664026046820154
2023-07-28,-1.957606006850133e-05,0.01667509039644124,-0.0025396539013998257,0.008664026046820154,-0.14203422518438213,0.019214744297841237,-0.2858091233686707,0.008231677226427012
2023-07-29,-1.2874030208814124e-05,0.012962029339375125,-0.0030219650033144114,0.008231677226427012,0.03205245661776761,0.015983994342689618,-0.2303404242549458,0.009128025871635602
2023-07-30,-2.5632431411368876e-05,0.01598903393600246,-0.01737057927425269,0.009128025871635602,0.2011073195213476,0.03335961321025512,0.07566764924464053,-0.02614409890698083
2023-07-31,-0.00016156705155100532,0.006590336202824565,-0.02807451303677297,-0.02614409890698083,0.04604601848458411,0.03466484923959763,0.11411916433853979,0.00797820024688462
2023-08-01,-9.692237535484456e-06,0.00797820024688462,-0.027567769855181293,0.00797820024688462,0.2794026417733845,0.0355459701020659,0.4154002041675949,-0.03467049734840354
2023-08-02,0.00015161976714307023,0.00424003896301316,-0.03592723096604185,-0.03467049734840354,-0.12465985129549825,0.04016726992905497,0.1924980690470425,-0.02301933551297045
2023-08-03,1.333878166165896e-05,0.00544621540326885,-0.028698848797189137,-0.02301933551297045,0.31275525819087013,0.0341450642004579,0.4233440873575883,0.0027715846224500513
2023-08-04,-0.00019477876830378517,0.014606940952332266,-0.005748254223260525,0.0027715846224500513,-0.38813994844360605,0.02035519517559279,-0.10972246884699734,0.0008210378659508665
2023-08-05,0.0,0.0009436381532406193,-0.01000942974926354,0.0008210378659508665,-0.19875239216341017,0.01095306790250409,-0.3293772778554983,-0.005282409043074641
2023-08-06,1.70512709389501e-05,0.005722210442902285,-0.009688136775382016,-0.005282409043074641,-0.053190198986563644,0.015410347218284257,-0.36415368379916546,-0.006133572963245114
2023-08-07,-6.938342218038471e-06,0.010564219909366453,-0.0266318077874152,-0.006133572963245114,0.4770184125428825,0.037196027696781604,0.19559912454407585,0.025336328010022877
2023-08-08,4.486222088960681e-05,0.03983050834949564,-0.002348578961659867,0.025336328010022877,0.2174932285687397,0.04217908731115557,0.37983916998247497,0.011337927421306843
2023-08-09,9.408341442441517e-05,0.013798828627916513,-0.004227260529666666,0.011337927421306843,-0.3143619217854087,0.018026089157583098,0.050105773107319625,-0.016776754972167424
2023-08-10,5.977307608648525e-05,0.0006406920801444206,-0.016908500521882076,-0.016776754972167424,-0.20479779473501963,0.017549192602026642,-0.17967954038874265,-0.009091292460418988
2023-08-11,5.7362767896138756e-05,0.003495728640499051,-0.012251803736706979,-0.009091292460418988,-0.36176152958346897,0.015747532377205924,-0.5604752633484994,-0.005511809300976795
2023-08-12,-6.804438261054522e-06,0.0029908873009392174,-0.008122842919185037,-0.005511809300976795,-0.1498921644092173,0.011113730220124253,-0.6866905110799566,-0.007933103975501595
2023-08-13,-1.0314148013746833e-05,0.004649307903183544,-0.014009552877422981,-0.007933103975501595,0.17871181877782075,0.018658860780606464,-0.3729014567293596,0.0037232526681493156
2023-08-14,-6.8965414306000065e-06,0.0087448306939805,-0.005941000979162308,0.0037232526681493156,-0.020079680662358733,0.01468583167314277,-0.18815647146452835,-0.030727713510167266
2023-08-15,1.72283466608711e-05,0.0001170033505210179,-0.044202633022180644,-0.030727713510167266,0.32837900063163733,0.04431963637270168,0.27232901119069924,-0.0261900913593886
2023-08-16,0.0,0.002799315791200881,-0.05157769825374291,-0.0261900913593886,0.26654518291546164,0.05437701404494394,0.5454473712773864,-0.07005446146907436
2023-08-17,-2.551118027618559e-05,0.012035171851194846,-0.11056995294741143,-0.07005446146907436,0.3570636318767969,0.12260512479860611,0.7572105664706886,0.030526576504381665
2023-08-18,9.768371429879906e-05,0.041403489907409226,-0.0013800011348125882,0.030526576504381665,-0.2706800885401867,0.04278349104222186,0.23498913578793817,0.016856486102822914
2023-08-19,2.6539087814727476e-05,0.02080215407361255,-0.01094285847752039,0.016856486102822914,-0.6176544357483013,0.031745012551132844,-0.49812291429612354,0.00864807716214111
2023-08-20,2.987094806785748e-05,0.015407378715548927,-0.011226128732549003,0.00864807716214111,0.019990276660818988,0.026633507448097973,-0.48559966173660785,-0.028210047713406197
2023-08-21,-1.849527099068888e-05,0.004331011251897164,-0.03404825910079865,-0.028210047713406197,0.21073622996314784,0.03837927035269569,-0.24014356658017572,-0.018457284274734385
2023-08-22,-0.00012536425154561747,0.0003836958630733918,-0.04220366187725985,-0.018457284274734385,0.15129417766253986,0.04258735774033338,-0.03212086605645028,0.036479193030279675
2023-08-23,1.9378485821077225e-05,0.04138948095837158,-0.0004528483168811557,0.036479193030279675,-0.09563528225531324,0.041842329275252735,0.008826175285116755,-0.007796165206213378
2023-08-24,2.991698592689566e-05,0.011340006264777965,-0.020380527692572214,-0.007796165206213378,-0.14998865461753902,0.03172053395735013,-0.05860311491612371,-0.018233306909765636
2023-08-25,0.0,0.015598785788725084,-0.02350608127503546,-0.018233306909765636,0.3107723157692882,0.039104867063760526,0.22840458587399728,-0.00048651214291327484
2023-08-26,-1.917741010737618e-05,0.0020432536315459484,-0.010105232055027525,-0.00048651214291327484,-0.5435297672661169,0.01214848568657356,-0.39888870983110625,0.009508076074536808
2023-08-27,7.651752962424975e-06,0.015166836267531795,-0.0024555799857990685,0.009508076074536808,0.09593027568528076,0.017622416253330907,-0.24963144263623466,0.015024385009772424
2023-08-28,2.6584015643861184e-05,0.015667287264823523,-0.017889483480489646,0.015024385009772424,0.11526598001500525,0.03355677074531313,-0.059004608586166574,0.018578581515324058
2023-08-29,-4.858816825584367e-05,0.04081088631417632,-0.026024300391185227,0.018578581515324058,0.7323772692094287,0.0668351867053615,0.7092942779433665,-0.025256690679586243
2023-08-30,5.51294267346538e-05,0.001368148826095366,-0.0414110518095809,-0.025256690679586243,-0.4408116736910287,0.0427792006356765,0.080497619871245,-0.03946947559128633
2023-08-31,8.278890471834971e-05,0.0019179768153893338,-0.05068845327515829,-0.03946947559128633,-0.06787511679148343,0.05260643009054747,0.021683101737271303,-0.0007364219334506973
2023-09-01,-1.9605985054381562e-05,0.012398637759938266,-0.010605355476200014,-0.0007364219334506973,-0.15329190467424128,0.023003993236138318,-0.20120805843677353,0.004086661818219406
2023-09-02,1.1678643894885545e-05,0.007853495732403992,-0.00357633618516974,0.004086661818219406,-0.4058202197636847,0.011429831917573772,-0.6343641586729574,-0.0017069215939210926
2023-09-03,4.6872164090059094e-05,0.0014935944485651648,-0.01034485473252238,-0.0017069215939210926,-0.1543539654058844,0.011838449181087665,-0.7455330291421403,0.0013791039618185948
2023-09-04,2.3418140986017753e-05,0.014257099651967782,-0.006994939708162576,0.0013791039618185948,-0.029213255600777813,0.021252039360130322,-0.5169751255249176,0.005714641028863256
2023-09-05,0.0,0.008203647915551577,-0.006961716066037367,0.005714641028863256,-0.055430991947165185,0.01516536398158903,-0.4110869473860861,0.00020578415489509993
2023-09-06,2.71858319954451e-05,0.006392230448469591,-0.01650090916253196,0.00020578415489509993,0.24289829925823445,0.02289313961100156,0.00846778080548222,0.0002056261781167538
2023-09-07,1.156614912012461e-05,0.005665707476584769,-0.016651417804853238,0.0002056261781167538,-0.034840783128561405,0.022317125281437977,0.07874280566504793,-0.013083783935504948
2023-09-08,7.759034234228701e-05,0.005371290636426919,-0.01837752829331112,-0.013083783935504948,-0.11540088462177787,0.023748818929738045,-0.029835094025047047,-0.0034576601192536694
2023-09-09,3.139873760898644e-05,0.004949045994253943,-0.003935096553429185,-0.0034576601192536694,-0.5448605206906598,0.008884142547683173,-0.5762435744084763,-0.01767053319569
2023-09-10,1.1874207933391939e-05,1.1874207933391939e-05,-0.03219417208794034,-0.01767053319569,0.8095627724021218,0.032206046295873716,0.3105645484627204,-0.0292489432949967
2023-09-11,-4.822537213173431e-05,0.0013241518807758622,-0.04696370782863214,-0.0292489432949967,0.034378561367397975,0.0482878597094081,0.2661483046580858,0.01639013836988271
2023-09-12,-2.0638684738446318e-05,0.03835802266742879,-0.0031927186720022535,0.01639013836988271,-0.11537191857402901,0.04155074133943086,0.11532014276140318,0.012184036705189428
2023-09-13,-4.0606005230921614e-06,0.015517351905784122,-0.00794618790477641,0.012184036705189428,-0.15186947658146382,0.02346353981056058,-0.051260182502124996,0.009186866462917212
2023-09-14,0.0,0.013493193337965084,-0.00789013181330783,0.009186866462917212,0.07183156390142174,0.021383325151272677,0.014634644269665324,-0.0021442638904648047
2023-09-15,1.9932797995942734e-05,0.013826224688259612,-0.022042217080333354,-0.0021442638904648047,0.1251791258694992,0.03586844176859291,0.047376467618121566,-0.0008261257949809358
2023-09-16,-0.0001714735144216591,0.011748413990609972,-0.0071109187566637325,-0.0008261257949809358,-0.3530590506009722,0.01885933274727374,-0.297998422157474,-0.012536548023113383
2023-09-17,-1.9992493295630917e-05,0.0029146231994045574,-0.018685219708160925,-0.012536548023113383,-0.03329499350511355,0.02159984290756558,-0.24982820520338664,0.017741798770954085
2023-09-18,4.446462156267047e-05,0.033994756409043134,-0.00891490754517644,0.017741798770954085,0.36047251182860385,0.04290966395421948,0.17609113698697249,0.013873915631802203
2023-09-19,-7.931754239296169e-06,0.022781940070356704,-0.002047769423902118,0.013873915631802203,-0.15006250696131487,0.024829709494259042,-0.010799305084227117,-0.014322809818546473
2023-09-20,3.140601397403764e-05,0.003023758338596644,-0.016833627493261782,-0.014322809818546473,0.00863565325965256,0.019857385831858424,0.008193030236118594,-0.024846169165730264
2023-09-21,3.967563334521529e-05,0.005054181063771428,-0.02490724360352903,-0.024846169165730264,0.8431333608711188,0.029961424667300562,0.8887410703748374,-0.002173837072876783
2023-09-22,1.226300602574663e-05,0.0037736032173623126,-0.009081430837834236,-0.002173837072876783,-0.7237671371774171,0.01285503405519677,-0.10701036512452596,0.004932257819822342
2023-09-23,-2.4458154532701863e-05,0.007131898066978178,-0.003787972557277657,0.004932257819822342,-0.5599950209314745,0.010919870624255803,-0.7173110893393934,-0.012703592013064634
2023-09-24,1.2168685957119351e-05,0.00038587501814576174,-0.014602298346412516,-0.012703592013064634,0.08690023423755706,0.014988173364558407,-0.5501916515576484,0.011679257111933176
2023-09-25,8.216188269549536e-06,0.012423247452628296,-0.0034789311514429712,0.011679257111933176,0.44155616856376756,0.01590217860407143,-0.059922512918977586,-0.0019785274270416628
2023-09-26,-3.660496689825743e-05,0.006142616750251938,-0.007868009309722057,-0.0019785274270416628,-0.09299992489897124,0.014010626059973764,-0.16863649545551807,-0.0024643868504332063
2023-09-27,-1.6334664609110015e-05,0.010245017226964628,-0.00936747639220336,-0.0024643868504332063,0.014691423330680724,0.019612493619167965,0.10182728322858124,0.01752990646742155
2023-09-28,-8.15701449349035e-06,0.022818633129898527,-0.005300171069329936,0.01752990646742155,0.2111088726617551,0.028118804199228457,0.33898309935569604,0.0016684681306938214
2023-09-29,-2.404599748200793e-05,0.02508025662271872,-0.004610820715063988,0.0016684681306938214,0.23452484483699265,0.02969107733778279,0.4461672200194514,0.017916150067194117
2023-09-30,1.206245389274016e-05,0.020377221323583328,-0.0008579419127707562,0.017916150067194117,-0.4439242781597359,0.021235163236354226,-0.15758202176982072,0.045582213672333546
2023-10-01,-1.5719699458677084e-05,0.05149178125763108,-0.00011027773223398936,0.045582213672333546,0.4239786533942218,0.051602058989865085,0.2800904978881134,-0.024294766107535518
2023-10-02,-2.6339862575782546e-05,0.011743653071323462,-0.029142500393276143,-0.024294766107535518,0.25333127218645823,0.04088615346459973,0.44333392683564365,0.005820887834969105
2023-10-03,-0.00010404993119836324,0.017967767747852876,-0.005498441582025596,0.005820887834969105,-0.2832832761919949,0.023466209329878585,0.017186859342728292,-0.006584057268676216
2023-10-04,1.5299051356189724e-05,8.425604938873559e-05,-0.025036086523283603,-0.006584057268676216,-0.1483425525666826,0.025120342572672365,-0.16488217521407728,0.0032109592989139147
2023-10-05,-8.493473334023341e-05,0.0168367920531876,-0.00879636458481519,0.0032109592989139147,-0.2915097336510787,0.02563315663800259,-0.4184974976965648,0.017992193485990342
2023-10-06,7.675401101385919e-06,0.02433727230896861,7.675401101385919e-06,0.017992193485990342,-0.0965096117160115,0.02432959690786732,-0.5088166939181867,-0.023442369169032397
2023-10-07,-2.6441594317144858e-05,0.0024471502858352113,-0.02933828407313374,-0.023442369169032397,0.22048283302346158,0.031785434358968835,-0.19226873251362317,-0.008172952214395028
2023-10-08,6.565314340967123e-05,0.0015138783196832102,-0.010834008406077848,-0.008172952214395028,-0.40876133615370186,0.012347886725761198,-0.45552807447607224,-0.019624026029367525
2023-10-09,-7.39775407076171e-05,0.0073919251621969335,-0.028473179160670617,-0.019624026029367525,0.5500742578066286,0.03586510432286753,0.23950007945599014,-0.009988425642697528
2023-10-10,-4.370215525131663e-05,0.00578118613310471,-0.01659277235953785,-0.009988425642697528,-0.1998144353757834,0.022373958492642544,0.04646070016255152,-0.004586216669510133
2023-10-11,-5.616331192033754e-05,0.001363757947575127,-0.015109051262193493,-0.004586216669510133,0.03300404567517615,0.016472809209768777,0.06627445203141619,-0.00841834623504431
2023-10-12,-8.051434002478115e-06,0.00028223990290582063,-0.019647301385768565,-0.00841834623504431,-0.21109956813785674,0.01992954128867447,-0.1819844430084772,0.0009104199983192799
2023-10-13,-4.471866235973014e-05,0.013076810960871009,-0.0029932268667896282,0.0009104199983192799,0.07274752422740256,0.01607003782766065,-0.06371282962426196,0.0035080645536859295
2023-10-14,0.0,0.006115867850448671,-0.003650795395283268,0.0035080645536859295,-0.32123971492672954,0.009766663245731706,-0.4249072213182197,0.0013956908028287963
2023-10-15,-5.266589736278428e-05,0.004987293004316469,-0.004971670194377459,0.0013956908028287963,0.12534581687586324,0.009958963198693898,-0.17865860005822864,0.016864920624723823
2023-10-16,-4.042303946330559e-05,0.04134769460998855,-4.042303946330559e-05,0.016864920624723823,0.8307344278591168,0.041388117649451946,0.7126800994690433,-0.01783968557446129
2023-10-17,-1.9902925849205638e-05,0.0004490137082656304,-0.019873215759333186,-0.01783968557446129,-0.349188279426782,0.020322229467598922,0.21539778955900013,-0.01492993065544426
2023-10-18,-4.8543090700903744e-05,0.0032966763472398438,-0.016537246575281207,-0.01492993065544426,-0.20039276633628958,0.019833922922521178,-0.05705566984149256,0.01415265655354884
2023-10-19,0.0,0.014156699821220262,-0.011555347187288355,0.01415265655354884,0.10854789984629327,0.02571204700850838,0.036171470491963176,0.016926049935725152
2023-10-20,6.076798606780218e-05,0.023197703314197196,-0.0038222772318265217,0.016926049935725152,0.13576723107399538,0.027019980546023715,0.09176909265012355,0.02922188767833087
2023-10-21,-6.372734099115442e-05,0.0420250452388724,-0.004605695109867292,0.02922188767833087,0.00492520044336552,0.04663074034873971,0.010882781573270594,0.01910585170117936
2023-10-22,1.544358826067303e-05,0.020891222710982617,-0.006806239883459281,0.01910585170117936,-0.12984311382449584,0.02769746259444179,-0.045496323167825356,0.06029492048771183
2023-10-23,0.005505145407259436,0.06029492048771183,-0.004128799761201167,0.06029492048771183,0.9476565471260927,0.06442372024891313,0.9184143555207122,-0.003438525790503394
2023-10-24,0.00012145704829053612,0.04619215988933443,-0.01804326322216298,-0.003438525790503394,0.20869919864046338,0.06423542311149746,0.842922339348965,0.005586595104126088
2023-10-25,0.00014686813868463762,0.03682000141457129,-0.0067144018433856105,0.005586595104126088,-0.4587133430075806,0.043534403257956995,0.10656206338138972,0.023725808065213617
2023-10-26,0.0001354288947529789,0.05696891832802224,0.0001354288947529789,0.023725808065213617,0.20347729493464087,0.05683348943326933,0.21745259315104234,0.00754558954728717
2023-10-27,-0.0001288475439674632,0.016802479608759142,-0.020750389121334402,0.00754558954728717,-0.46598610249319466,0.037552868730093385,-0.3739599234960703,0.006137249807828862
2023-10-28,0.00011406819066423643,0.026636495643012428,-0.0008985874119308901,0.006137249807828862,-0.251060876282069,0.027535083054943312,-0.6724277180889601,0.013752211637614952
2023-10-29,6.528158518312207e-05,0.024909499319193295,-0.005992093085155357,0.013752211637614952,-0.013009964184751506,0.0309015924043488,-0.561013900404493,0.024920307318309545
2023-10-30,7.458301261807068e-05,0.025679809047706892,-0.008598075570476928,0.024920307318309545,0.43290017043860524,0.03427788461818393,0.08454941138894453,-0.032316750881124796
2023-10-31,0.00013220145414268828,0.0061909347631223105,-0.05048789671992398,-0.032316750881124796,0.31119778178286644,0.05667883148304624,0.41735337902466324,0.047803994316564215
2023-11-01,6.476632905546278e-05,0.05144014118231284,-0.02692988595220879,0.047803994316564215,0.09472222149214067,0.07837002713452161,0.5078516419617721,0.04975009609844593
2023-11-02,-2.9273604584343844e-05,0.06810806836947446,-0.019279890739918894,0.04975009609844593,0.31826348774679875,0.08738795910939347,0.6904613519243173,0.01802976862605458
2023-11-03,1.862962163405723e-05,0.018561505842683623,-0.03306821407412376,0.01802976862605458,-0.2560437823064714,0.05162971991680727,0.19393613954250435,-0.0014569335920685653
2023-11-04,3.0343431946901594e-05,0.003782833494226713,-0.02182471124870014,-0.0014569335920685653,-0.5595150882082285,0.02560754474292682,-0.5002756603195392,0.04268669223998238
2023-11-05,3.347174216527841e-05,0.0626683284093893,-0.004148090210880391,0.04268669223998238,0.44008991126659286,0.06681641862026962,-0.04851450545583876,0.05817481014037174
2023-11-06,-3.2074061357181344e-05,0.09024646486652572,-0.008594028050238066,0.05817481014037174,0.28273776000025724,0.09884049291676376,0.22723215556020293,-0.033114503749530434
2023-11-07,-0.0003165185252711873,0.005663470501500832,-0.08100763366199895,-0.033114503749530434,0.04724297429277662,0.08667110416349968,0.22503376731449937,0.019098522500411632
2023-11-08,3.41613244420066e-05,0.023036623635140745,-0.004701387894228929,0.019098522500411632,-0.3800635849358109,0.027738011529369562,-0.14330466265365252,0.027482686775535517
2023-11-09,-7.535069263846881e-05,0.07390995949085127,-0.01577331350045835,0.027482686775535517,0.8260643346507062,0.08968327299130961,0.7152951881446065,0.0473883753126263
2023-11-10,0.00014384925916938448,0.050849452130241606,-0.00959703346050009,0.0473883753126263,-0.21842947870050897,0.06044648559074179,0.24397228411761024,-0.004270991893702813
2023-11-11,4.1437341787255057e-05,0.020969186881816478,-0.038490577855753286,-0.004270991893702813,-0.025038188852857683,0.05945976473756978,0.11538831375034286,-0.0030757521931170533
2023-11-12,-5.207892965942013e-05,0.01613431378793407,-0.02913874148021296,-0.0030757521931170533,-0.2981277753317002,0.04527305526814687,-0.2311596804959449,-0.0673429507085027
2023-11-13,8.084125277568917e-05,0.012844197826422434,-0.074362216238819,-0.0673429507085027,0.10196305372366551,0.08720641406524152,-0.1131465747744284,-0.0015217271319902046
2023-11-14,-0.0002790914145613399,0.035466916674842794,-0.03828337663532175,-0.0015217271319902046,-0.026178519571719266,0.07375029331016446,-0.19499315193906008,0.058136559725994505
2023-11-15,3.3476772702289905e-05,0.058136559725994505,-0.009433246430808423,0.058136559725994505,-0.07232043890450762,0.06756980615680297,-0.16457279000359548,-0.020041759933842437
2023-11-16,-2.3729495693536134e-05,0.07424670098214062,-0.04638875402786,-0.020041759933842437,0.6728039898237496,0.12063545501000066,0.5742754258534317,-0.013968722299734828
2023-11-17,6.725549833273537e-05,0.017044799620823347,-0.04584544773056974,-0.013968722299734828,-0.6261233007467241,0.06289024735139304,-0.15785554859484932,0.02978846794600733
2023-11-18,0.0005072137466869171,0.029881099295788655,-0.04344699040428877,0.02978846794600733,-0.18057496203302,0.07332808970007755,-0.3467490879972151,0.017924436675991764
2023-11-19,-1.5939138373169156e-05,0.02010914094372329,-0.019873517378192405,0.017924436675991764,-0.12771894268026135,0.039982658321915665,-0.4367749277187611,-0.010044450244935355
2023-11-20,1.0385515771021556e-05,0.03764406881077963,-0.014192998842873297,-0.010044450244935355,0.24567533084082765,0.05183706765365308,-0.13851002298688425,-0.05967031275664785
2023-11-21,8.141481415928128e-05,0.022452695963543882,-0.06338855655758897,-0.05967031275664785,0.13175237623469607,0.0858412525211328,-0.003956214102474997,0.059612535531052065
2023-11-22,-0.0004490914078715446,0.0762727805421815,-0.003357311333674779,0.059612535531052065,-0.3818732208159267,0.07963009187585626,-0.22508144289351364,0.015677965821980347
2023-11-23,4.2041482736447705e-05,0.01688497586915797,-0.006914492188509339,0.015677965821980347,-0.23821470888354232,0.023799468057667274,-0.40287426325126324,-0.001195504791953621
2023-11-24,5.171485417096931e-05,0.027217839670482923,-0.004354165225467443,-0.001195504791953621,0.3727060037677802,0.03157200489595041,0.031628649260740625,0.022018137899591346
2023-11-25,1.8133729775846043e-05,0.02427485668331321,-0.001323955829373202,0.022018137899591346,-0.48828027859199125,0.025598812512686413,-0.4815126882008287,-0.016925164686821707
2023-11-26,-5.82761448502544e-05,0.0019180457475281986,-0.03517741419942046,-0.016925164686821707,0.08556630798459498,0.037095459946948565,-0.2878365801912935,-0.025638562033844847
2023-11-27,-0.00018550199110819839,0.00923377967584758,-0.04249673221984636,-0.025638562033844847,0.08187449705991638,0.051730511895693915,-0.05823038933539899,0.01901932558931979
2023-11-28,-4.757659103418996e-05,0.025458204808576808,-0.02101969567869165,0.01901932558931979,0.07341576860011649,0.04647790048726852,0.05460301011569066,-0.010028717039672072
2023-11-29,2.333930598138437e-05,0.00820488697235093,-0.018519907996542673,-0.010028717039672072,-0.06438045963021691,0.026724794968893486,-0.034345291706423094,-0.015524230458380158
2023-11-30,7.07219651323048e-05,0.0020932346312839125,-0.024054882861232314,-0.015524230458380158,0.038730422258764365,0.026148117492516255,0.07771611803125625,0.021858633102410176
2023-12-01,-1.0624063853524863e-05,0.024574834645756514,-0.003763452370016872,0.021858633102410176,-0.07049528497595621,0.028338287015773355,-0.03378157849416406,0.03477587819697895
2023-12-02,5.197136905112748e-06,0.03489147034560667,-0.0020504761764521557,0.03477587819697895,0.026914531318840036,0.0369419465220588,-0.01791028397356612,-0.006666218296029732
2023-12-03,5.783520145638855e-05,0.011310924241228681,-0.023486474999940506,-0.006666218296029732,0.17672227396625556,0.0347973992411691,0.15799190613683314,0.029070576561312914
2023-12-04,9.359099647891837e-05,0.04791548507653976,-0.0007442885068396791,0.029070576561312914,0.5979340573687573,0.048659773583379314,0.7323345605337875,0.04528747633346538
2023-12-05,2.2123791699318464e-05,0.04528747633346538,-0.021949483322767725,0.04528747633346538,-0.08893297275516508,0.06723695965623311,0.44181533582828453,0.03859183178622074
2023-12-06,-0.00012211311722921584,0.06468345422060849,-0.01661288550940529,0.03859183178622074,0.47375226367762663,0.08129633973001375,0.778057649765734,0.03121175209967583
2023-12-07,0.00011754360552909858,0.03692677662069175,-0.018112640979980457,0.03121175209967583,-0.3581278842869071,0.05503941760067218,0.15564712885682166,0.17903456561940675
2023-12-08,-8.8147437626136e-06,0.21620503272002353,-0.006303403491980182,0.17903456561940675,1.060589886285918,0.22250843621200378,1.0950608549470593,0.05813704694736717
2023-12-09,-0.00010634873572951443,0.16370776381040184,-0.00010634873572951443,0.05813704694736717,0.44472001792192073,0.1638141125461312,1.1430036695334995,0.026528876661856205
2023-12-10,-3.3995102954383734e-06,0.057936208644672006,-0.01118748324171772,0.026528876661856205,-0.7892177133147161,0.0691236918863896,-0.04612219315610586,-0.07536736647073976
2023-12-11,-0.00019694429404529994,0.005724501385898617,-0.12447754166775257,-0.07536736647073976,0.11984564906402166,0.13020204305365118,-0.028696831547765974,0.04504115054294895
2023-12-12,-3.0829290056302896e-05,0.09244181247624454,-3.0829290056302896e-05,0.04504115054294895,-0.07333230769645913,0.0924726417663008,-0.17325415081690193,0.14333983052024832
2023-12-13,0.0005133884285883357,0.15726878526736005,-0.049335129064754527,0.14333983052024832,0.38228447901236784,0.20660391433211459,0.12309571561430219,-0.03326606387990134
2023-12-14,0.000392273445507042,0.018705780047993642,-0.06267901035514166,-0.03326606387990134,-0.26038835778752195,0.0813847904031352,-0.15541438755628847,-0.06761422094433828
2023-12-15,-6.993725056732269e-05,0.013265648772107157,-0.06767576921641476,-0.06761422094433828,-0.4567050642355426,0.08094141798852196,-0.4527529634379686,0.010257959488209884
2023-12-16,-0.0002294625002182189,0.03763447450338999,-0.018078779702443593,0.010257959488209884,-0.3333460353384182,0.055713254205833444,-0.742673883697902,-0.04596223727261995
2023-12-17,-3.2372077200508298e-06,0.014267189228223448,-0.04944228066277083,-0.04596223727261995,-0.11105179011854871,0.06370946989099419,-0.7432466959081839,0.03508049259373414
2023-12-18,-0.00012059001607345821,0.03508049259373414,-0.05966538871044933,0.03508049259373414,0.2650185057267511,0.09474588130418349,-0.35920879920397736,-0.041500983983625284
2023-12-19,0.00016470837111251884,0.024942925900503312,-0.05617109480160172,-0.041500983983625284,-0.09840204449677357,0.08111402070210509,-0.23118951648676883,0.021835797334573102
2023-12-20,1.736644659898862e-05,0.054347544798786104,-0.009948803007254741,0.021835797334573102,0.013272693930697214,0.06429634780604085,-0.029035346129875933,0.077155341870171
2023-12-21,-2.0329315698274307e-05,0.07998513410383472,-0.010466423873972777,0.077155341870171,0.19644082170797755,0.09045155797780746,0.22803176467442907,-0.019643456176838516
2023-12-22,-0.00016180540407297687,0.021243104708825653,-0.04387181748300346,-0.019643456176838516,0.00527219603666686,0.06511492219182906,0.17641590520933448,-0.015609411514890743
2023-12-23,-0.0001907061370802781,-0.0001907061370802781,-0.04007863639880643,-0.015609411514890743,-0.4921463812939769,0.039887930261726025,-0.3886906568368238,-0.034083557142117527
2023-12-24,-6.353007532872725e-05,0.02018223070563878,-0.03721834791301736,-0.034083557142117527,0.46897565579258677,0.05740057861865597,0.14408009473412367,0.05210102347210754
2023-12-25,-0.00015314907034531897,0.06457799637581114,-0.0036127721941051397,0.05210102347210754,-0.23134954464118143,0.06819076856991638,-0.12679590629001244,-0.027416417055315806
2023-12-26,-0.00011822160238716885,0.0011260719960417263,-0.07433800894603942,-0.027416417055315806,0.29712964345578285,0.07546408094208125,0.17993342458986664,0.03982715797733991
2023-12-27,8.713191787664335e-05,0.05445125576269599,-0.03658941337827653,0.03982715797733991,-0.00021293282474825224,0.0910406691409725,0.16858864782879965,-0.02576257035809759
2023-12-28,0.0001987768504046284,0.0640638851054087,-0.034630360675886644,-0.02576257035809759,0.3713839987266057,0.09869424578129521,0.5301940250756109,-0.014565694555046695
2023-12-29,-2.5872501856941487e-05,0.012603682651015248,-0.03539933705447763,-0.014565694555046695,-0.5281217364469473,0.04800301970549272,-0.18232646849590925,-0.010789387669000828
2023-12-30,2.634937835938297e-05,0.006994499685881074,-0.022113071846786514,-0.010789387669000828,-0.6140499732589811,0.029107571532667586,-0.7803393024755498,-0.012973223231232638
2023-12-31,-0.00010961778211424028,0.011973640177978506,-0.022904505416312,-0.012973223231232638,0.043530143349284844,0.03487814559429059,-0.6796478712968109,0.04749864784801087
2024-01-01,-3.029404787388697e-05,0.048624658250025,-0.0024702708445872175,0.04749864784801087,-0.03999375907237637,0.05109492909461217,-0.6048615201048538,-0.028392740391558736
2024-01-02,4.974024592420766e-05,0.02158185052595876,-0.03186432308982091,-0.028392740391558736,0.423680462318727,0.053446173615779705,-0.04646756411704556,-0.08325170553626565
2024-01-03,3.3459880569887463e-06,0.020096649440576583,-0.14266738160661158,-0.08325170553626565,0.6187694296174016,0.16276403104718817,0.794617723306336,0.023552007613085065
2024-01-04,-1.615036740778963e-05,0.03608857436608363,-0.007988327059384655,0.023552007613085065,-0.645237571477581,0.04407690142546833,0.0050345221404809225,-0.05276411902287647
2024-01-05,-4.210053681936277e-05,0.003747152146296806,-0.08005264936914806,-0.05276411902287647,0.06666896240830754,0.08379980151544474,0.00744347665777756,-0.034088121984207825
2024-01-06,0.00012377360633953526,0.0017905813015034976,-0.060367931150911734,-0.034088121984207825,-0.32446786731385313,0.06215851245241512,-0.3843248145669634,-0.05689069380177266
2024-01-07,0.00012612846970411787,0.012166165751996944,-0.06474871742694484,-0.05689069380177266,-0.12385648608075998,0.07691488317894188,-0.5257476999379168,0.09041327064389763
2024-01-08,9.914036148521146e-05,0.09404112237993252,-0.0540220554388726,0.09041327064389763,0.6136875084440147,0.14806317781880518,0.14937209612455132,-0.055900586268161134
2024-01-09,0.00025141736395174107,0.0030438235393607863,-0.08069889951639306,-0.055900586268161134,-0.12901392438457016,0.08374272305575386,0.1468483129443488,0.10233614926691689
2024-01-10,0.00012513783821015373,0.13792762325340616,-0.03414445522125496,0.10233614926691689,0.41189851958835216,0.172072078474661,0.536325397930419,0.02704145479077012
2024-01-11,-5.29111243132645e-05,0.08317597408639864,-0.0073115868574008406,0.02704145479077012,0.15447013694685283,0.09048756094379931,0.5743218226166559,-0.061720581461755776
2024-01-12,-7.73013890932959e-05,0.009441998770074478,-0.08244798286150876,-0.061720581461755776,-0.5248468124147724,0.09188998163158338,-0.14498144128588084,0.003652909458768824
2024-01-13,-5.8481089307032464e-05,0.010315107842488831,-0.01888238939420459,0.003652909458768824,-0.6050268220727562,0.029197497236693442,-0.8184015258908038,-0.04344519807324982
2024-01-14,6.000039821228582e-05,0.0004185172574160564,-0.04344519807324982,-0.04344519807324982,-0.07506464309369135,0.04386371533066569,-0.8012232189472098,0.004136033644899824
2024-01-15,-0.00013882774666498129,0.027314632312410988,-0.002116352728265542,0.004136033644899824,-0.04698681260371035,0.029430985040676552,-0.7645879878121091,0.014128364179725456
2024-01-16,-0.00021015469358870082,0.03325266490362889,-0.0012314217666476595,0.014128364179725456,-0.03704276265733468,0.034484086670276394,-0.5959743993242107,-0.016273971858134655
2024-01-17,-4.8514877274633176e-05,0.005768588432684044,-0.022419543791477432,-0.016273971858134655,-0.06338486160718533,0.02818813222416131,-0.3172443226188973,-0.04890638227957516
2024-01-18,7.972920122405014e-05,0.0004173486616236725,-0.057742403639915514,-0.04890638227957516,0.24521887044222485,0.058159752301539115,0.1356321352012674,0.002541171731577449
2024-01-19,1.591427006512388e-05,0.002847232603835468,-0.05656391750815325,0.002541171731577449,0.12602158125431098,0.05941115011198873,0.25651710945489214,0.023286271808431267
2024-01-20,-5.923154416152939e-06,0.026808160491438377,-0.007016465616635096,0.023286271808431267,-0.25168211113146527,0.03382462610807331,-0.0457040278842968,-0.023377729223872948
2024-01-21,1.967510954615442e-06,0.008819202235113156,-0.023377729223872948,-0.023377729223872948,-0.3595642866404271,0.032196931458986146,-0.40888224396689954,-0.05013846376895892
2024-01-22,9.939438735542319e-05,0.003935756067998977,-0.051083549572637395,-0.05013846376895892,0.6370834929315087,0.055019305640636375,0.2764444029658854,-0.00367024867356717
2024-01-23,-2.5100180395681422e-05,0.014185158691523543,-0.06208189962251165,-0.00367024867356717,0.1920051257916336,0.07626705831403513,0.3855663206382751,-0.0009506273667760384
2024-01-24,2.9380000110874295e-05,0.004618611116934139,-0.025421675528569505,-0.0009506273667760384,-0.3219569044081732,0.03004028664550376,-0.018498090044731883,-0.02082651518062208
2024-01-25,1.2576693978484104e-05,0.014026818451667164,-0.03511089132093343,-0.02082651518062208,-0.13578207211248786,0.04913770977260058,-0.13250139311260653,0.039541911592055404
2024-01-26,-1.5013748281299485e-05,0.048408413360084224,-0.005423293808997339,0.039541911592055404,0.061325167853583405,0.05383170716908138,-0.07322656634947539,0.00211398217306681
2024-01-27,-6.393074797565456e-05,0.008725580644635246,-0.01740407990637436,0.00211398217306681,-0.41244561067397834,0.02612966055100957,-0.5489151848675213,0.006962859928952755
2024-01-28,1.0295184384793999e-05,0.02684681254532061,-0.0024066477396431263,0.006962859928952755,0.3592939029247448,0.029253460284963714,-0.08587632708882911,0.07009015548156491
2024-01-29,0.00010004220158385637,0.07394172592114175,-0.008512451371618272,0.07009015548156491,0.26308382439769523,0.08245417729275994,0.2872275817488534,-0.021377724787645585
2024-01-30,4.379970373492253e-05,0.019730753890692624,-0.021391288120323527,-0.021377724787645585,0.0961881249317437,0.04112204201101604,0.35020232975534854,-0.031430197991090994
2024-01-31,-0.00013610536941623786,0.009781528463739865,-0.03717666937293187,-0.031430197991090994,-0.04752056552325987,0.0469581978366716,0.21899340863669295,0.017442324899400757
2024-02-01,-1.8063771814019105e-05,0.01806742088326762,-0.0225562621435144,0.017442324899400757,-0.22605500431513054,0.040623683026782084,-0.062241826261986495,0.01358518403240503
2024-02-02,1.3871756551431035e-05,0.03192143498489192,-0.004526693691616148,0.01358518403240503,0.10768218894222274,0.03644812867650795,-0.019878286241583793,-0.0021366264350246435
2024-02-03,6.030353088275727e-05,0.020260079253151136,-0.0024350073748461327,-0.0021366264350246435,-0.40644261438813956,0.02269508662799722,-0.46021386941647824,-0.03695129851723885
2024-02-04,4.090856054048099e-05,4.090856054048099e-05,-0.03695129851723885,-0.03695129851723885,-0.14865004945819027,0.03699220707777933,-0.5287567309026341,-0.0018550185833016229
2024-02-05,-3.23801968169855e-05,0.021041349656742394,-0.01175303514431327,-0.0018550185833016229,0.14513290443341623,0.03279438480105577,-0.2506383002613056,0.010330811322203945
2024-02-06,8.517348333543638e-05,0.020228252875322966,-0.006619705140006619,0.010330811322203945,-0.009029765808477216,0.02684795801532965,-0.14498002404374416,0.006618452052010396
2024-02-07,-4.215173423187891e-05,0.006759918633082621,-0.04811984664976129,0.006618452052010396,0.586515943809577,0.054879765282843995,0.5068043089116743,0.05334894577446845
2024-02-08,4.383183613859728e-05,0.06379928225077089,4.383183613859728e-05,0.05334894577446845,0.32117342667451176,0.06375545041463222,0.7780368998868528,0.021537938729117898
2024-02-09,0.00034004529010250926,0.033465659221647646,-0.0017397547259974438,0.021537938729117898,-0.2582974084163639,0.035205413947645155,0.290581626609832,0.01944752616611725
2024-02-10,-9.424025087441714e-05,0.027774953086832397,-0.01983886740835346,0.01944752616611725,-0.28285532451180595,0.04761382049518581,-0.12812912632542534,-0.018305335301596275
2024-02-11,1.815972385153786e-05,0.02275283925490261,-0.026646207717459517,-0.018305335301596275,0.2801511689592781,0.04939904697236205,0.10048631094562041,0.033815232540846486
2024-02-12,4.238433110252504e-05,0.041961817801867925,-0.017631216543423,0.033815232540846486,-0.0764634188729998,0.05959303434529099,-0.07610529540290005,-0.027213635909279273
2024-02-13,-5.715506666060002e-05,0.006523013011348327,-0.04470722953869461,-0.027213635909279273,-0.049796012103427566,0.051230242550043076,-0.12285239599725976,0.057586992484820715
2024-02-14,-1.2905403284773297e-05,0.0637709068921017,-0.007418368698347086,0.057586992484820715,0.22092291793125182,0.07118927559044894,0.18543094023306383,0.052406208267406273
2024-02-15,3.293522153292262e-05,0.056307515365786084,-0.006652907818205892,0.052406208267406273,0.30343403415778325,0.06296042318399193,0.46793403542200546,-0.015723802752019345
2024-02-16,0.00026959213479336584,0.006400004344267997,-0.03746040981065587,-0.015723802752019345,-0.34767558369736096,0.04386041415492394,-0.02580755078215156,0.015695879354812058
2024-02-17,3.672522648751048e-05,0.018276623421456802,-0.04765517200169561,0.015695879354812058,-0.1654494326323265,0.06593179542315232,-0.2007951659990157,0.016931683307568786
2024-02-18,0.0004815448710472293,0.046787015118564056,0.0004815448710472293,0.016931683307568786,0.3813799946974917,0.046305470247516974,0.18703855206158412,0.019730216085748018
2024-02-19,5.654600710356457e-05,0.028274405746073646,-0.0020757255987807754,0.019730216085748018,-0.09039992569242807,0.030350131344854363,0.02125412060181893,-0.014200304565811096
2024-02-20,-4.722570249431025e-06,0.01253161099340437,-0.04975790210869228,-0.014200304565811096,0.2742366336590511,0.06228951310209655,0.2796666201004335,-0.038849036040445636
2024-02-21,-0.00012062197456699069,0.0008065189998822954,-0.07471165525809534,-0.038849036040445636,-0.3838862745098381,0.07551817425797765,-0.11755775741341513,-0.021203835352129725
2024-02-22,3.6750632570617115e-05,0.013994500195235163,-0.027501060831952542,-0.021203835352129725,-0.09667471520142353,0.0414955610271876,-0.21703017445294107,-0.004550305401894769
2024-02-23,-0.00013826256877351548,0.013762211341503159,-0.02664285304051165,-0.004550305401894769,-0.09873078216902917,0.04040506438201479,-0.3287433879071205,0.02280560999707562
2024-02-24,-0.00013889318303624267,0.026532487424984243,-0.020882063949465086,0.02280560999707562,-0.16775839538986587,0.047414551374449346,-0.4241118247675144,-0.008950727535419482
2024-02-25,1.5083448178360763e-05,0.005146808975141271,-0.02595849979653722,-0.008950727535419482,-0.13317152477423322,0.031105308771678553,-0.4748672698046353,0.04683653083013732
2024-02-26,-3.0438816871688705e-05,0.04999740392699935,-0.027641933790845553,0.04683653083013732,0.5450550077509112,0.07763933771784501,0.2632547510472686,0.007202888134644209
2024-02-27,1.615768515798659e-05,0.014828092289589635,-0.01385624421710037,0.007202888134644209,0.24039457207698808,0.02868433650669006,0.4913507705897593,0.01090285168462868
2024-02-28,-3.2084216487607775e-05,0.05274339023209582,-0.03449303274627641,0.01090285168462868,0.47508628626423444,0.08723642297837218,0.866919792315038,0.03822170278868472
2024-02-29,-0.00031542423332705144,0.11119554928025084,-0.008496320991425511,0.03822170278868472,0.3115663632161517,0.11969187027167634,0.921043139967498,0.09235293741284656
2024-03-01,-0.0003127785994015129,0.09235293741284656,-0.0016073944865095786,0.09235293741284656,-0.5612129396058113,0.09396033189935603,0.03541152620356282,0.02992946040805575
2024-03-02,-6.531947733806194e-05,0.057057462502338153,-0.00028236330479379626,0.02992946040805575,0.2861093228854026,0.057339825807132025,0.19770559178030642,-0.017275547427648377
2024-03-03,0.0001943384924146869,0.0009928533551649618,-0.054032759719654704,-0.017275547427648377,-0.3160093469418922,0.05502561307481976,-0.23947548016442788,0.05744172154037814
2024-03-04,-8.103256113736649e-05,0.08968457028508396,-0.0031880538167329197,0.05744172154037814,0.5909116114526768,0.09287262410181685,0.3238626537501628,-0.10633275997150367
2024-03-05,5.177663605681086e-06,0.012114954754261368,-0.25815110445671385,-0.10633275997150367,0.26915529600816396,0.2702660592109753,0.5216500481240997,0.056528234393873535
2024-03-06,-1.461130888696461e-06,0.08403868484592453,-0.037549011004447186,0.056528234393873535,-0.563366302592082,0.12158769585037163,-0.11817965572402168,0.014772722441217396
2024-03-07,3.41139387717973e-05,0.027949236628336094,-0.0171198795303571,0.014772722441217396,-0.2600874632401401,0.04506911615869315,-0.41903899828766294,-0.027067572935054157
2024-03-08,-4.001705687036149e-06,0.01296441347332163,-0.05601659069623117,-0.027067572935054157,-0.014848829039156988,0.06898100416955272,-0.39056473155296856,0.025684991468546758
2024-03-09,1.3979067005418029e-06,0.02894700377742197,-0.0020079298299746544,0.025684991468546758,-0.4272597072480596,0.030954933607396613,-0.8207338521668349,-0.036262873843124876
2024-03-10,1.282314115402267e-06,0.0006894873959399238,-0.0530305930471778,-0.036262873843124876,0.06310760665521613,0.053720080443117595,-0.5946507842159893,0.07642497017042589
2024-03-11,-0.00010455067197456161,0.0926872046821103,-0.030068594201476617,0.07642497017042589,0.7337114593420232,0.12275579888358693,0.43602270523343817,-0.03434085306791689
2024-03-12,-1.3088254988437823e-06,0.0010495882907350436,-0.0771627929384729,-0.03434085306791689,-0.2960227522630451,0.07821238122920805,0.1124570604287996,0.021850198726664563
2024-03-13,0.0,0.03169846659996312,-0.012558892788395164,0.021850198726664563,-0.19109619428547867,0.044257359388358196,-0.09131507230540784,-0.018621703217375028
2024-03-14,-2.3543402067856837e-05,0.05397842798993527,-0.06101198903416848,-0.018621703217375028,0.6709779648245668,0.11499041702410373,0.6026985569963564,-0.032547671252676824
2024-03-15,0.0,0.015191706053064975,-0.10030040211195133,-0.032547671252676824,-0.12780125733308628,0.1154921081650162,0.269217678444141,-0.09662227656124524
2024-03-16,8.204988173398997e-06,0.00988025426188194,-0.10391758274385478,-0.09662227656124524,-0.3923486092597444,0.11379783700573672,-0.25674309814083024,0.03217263920993242
2024-03-17,0.0,0.04050081612480726,-0.03982212877998908,0.03217263920993242,-0.17797848896838747,0.08032294490479619,-0.370880349632157,-0.02956361193758924
2024-03-18,0.0,0.022230901321099436,-0.05396292158797639,-0.02956361193758924,0.00022354346085073606,0.07619382290907568,-0.3364136348402733,-0.11926574819943225
2024-03-19,0.0,0.0048667812380331354,-0.12989082744953243,-0.11926574819943225,0.35035856887046796,0.13475760868756564,0.0178517342460638,0.0857786160968986
2024-03-20,0.0,0.0915167735034458,-0.02487256318141837,0.0857786160968986,-0.15939527260727981,0.11638933668486401,-0.053132916959776635,-0.011976403291101365
2024-03-21,7.829428079961152e-06,0.010950282183182962,-0.03089225358364579,-0.011976403291101365,-0.3922578845091769,0.0418425357668287,-0.3538955889304096,-0.02988661981925578
2024-03-22,7.923759846748708e-06,0.015646058774617704,-0.05023205974059284,-0.02988661981925578,-0.1056278385325161,0.06587811851521051,-0.39263019591737286,0.02033600395640985
2024-03-23,6.68662936788411e-05,0.040531315212475605,-0.0004028473898661497,0.02033600395640985,-0.35878965164249765,0.04093416260234179,-0.7017297224806244,0.03191264569358836
2024-03-24,-4.761815421133356e-06,0.03368613937926565,-0.000505069231035353,0.03191264569358836,-0.019156564492351837,0.034191208610301074,-0.6224139527872516,0.016563816043960466
2024-03-25,-7.748595705485162e-06,0.032624196906634415,-0.0097290996456986,0.016563816043960466,0.36394693989955834,0.04235329655233306,-0.0416992452513053,0.012231796269482885
2024-03-26,0.0,0.03828366678104802,-0.004376737119879309,0.012231796269482885,0.05948842928949826,0.04266040390092742,0.15501498518840073,-0.025202405634676957
2024-03-27,-1.5057359127688665e-05,0.007675386847670558,-0.049835432173823024,-0.025202405634676957,0.05968435498745911,0.05751081902149353,0.2292805275191347,0.0035574451262805704
2024-03-28,-6.939745501638915e-05,0.013681222356595994,-0.018846135453562562,0.0035574451262805704,-0.3547363707317557,0.03252735781015854,-0.1502572854519691,0.02069572439011053
2024-03-29,3.022385296749104e-06,0.024220463268875687,-0.019810991108198475,0.02069572439011053,0.19936353167375462,0.04403145437707414,0.0314555279983524,-0.030621997309354693
2024-03-30,3.157797755685074e-05,0.005804862408362813,-0.03263685235664641,-0.030621997309354693,-0.3358097907421868,0.03844171476500914,-0.36042920543677903,0.009362117547365958
2024-03-31,-3.1450464916245938e-06,0.01343733941877859,-0.0017427607274911497,0.009362117547365958,-0.22356978282899456,0.015180100146269764,-0.5190825799624005,-0.04519709657113175
2024-04-01,0.0,0.0008129678476320266,-0.06792467321007492,-0.04519709657113175,0.6703546338455165,0.06873764105770692,0.2679404932348854,-0.067703607709807
2024-04-02,1.6298925358212823e-06,1.9270912356115905e-05,-0.07688348804082279,-0.067703607709807,0.07835703570290461,0.07690275895317876,0.35823804536601667,-0.016852426774094566
2024-04-03,1.74406332388709e-06,0.022156065264827107,-0.024801235257408592,-0.016852426774094566,-0.3352332199194243,0.04695730052223575,-0.0651534037078394,0.020234086807804127
2024-04-04,-1.6693713960767379e-06,0.04248718113511262,-0.016338471173928372,0.020234086807804127,0.02013594575082778,0.058825652309041,-0.015140835075839661,-0.014028716606346327
2024-04-05,0.0,0.0023045168752309675,-0.03656545236808027,-0.014028716606346327,-0.09831305552477096,0.03886996924331128,-0.15009533057639207,0.01639831396616618
2024-04-06,1.2235367408064481e-05,0.023194827286825308,-0.002701768891640992,0.01639831396616618,-0.5632580671690204,0.025896596178466173,-0.7612236936750979,0.008751053267101606
2024-04-07,7.017608999459209e-05,0.019563059890177092,-0.002826024084486712,0.008751053267101606,0.18547152184905727,0.022389083974663847,-0.4296080414901401,0.041023180926228704
2024-04-08,-3.4379146984944774e-06,0.0437110762018938,-0.01559582143101733,0.041023180926228704,0.36339099495054056,0.05930689763291119,0.10453436627494538,-0.03692792821800391
2024-04-09,0.0,0.014634510679009064,-0.03782548252102723,-0.03692792821800391,0.14301753017368596,0.05245999320003632,0.2693233503480017,-0.009571032228058725
2024-04-10,1.6112262187144824e-06,0.002606888390637592,-0.04683475803544249,-0.009571032228058725,-0.013162955350983984,0.04944164642607994,0.24837448281896587,-0.00010919972070364533
2024-04-11,-1.7283943211995077e-06,0.01292581503568964,-0.015304516733070246,-0.00010919972070364533,-0.38980082196035964,0.028230331768759994,-0.16899996290994232,-0.15191296061149928
2024-04-12,0.0,0.008941614228311162,-0.23982907225772823,-0.15191296061149928,1.2018131719482825,0.2487706864860394,0.9913050238746068,-0.1171448263874965
2024-04-13,7.930288737713623e-06,0.023404609072751766,-0.2078390995036947,-0.1171448263874965,0.09053634709657407,0.23124370857644655,0.7504971960017837,0.04582508265792894
2024-04-14,4.4579491469890265e-06,0.0635028652294189,-0.02175272081874873,0.04582508265792894,-0.2571443441883319,0.08525558604816752,0.25217948921397154,-0.017459741514981787
2024-04-15,0.0,0.05332427139904943,-0.05879317276619344,-0.017459741514981787,-0.2905320589720018,0.11211744416524286,-0.15221823842045432,-0.004763972276851277
2024-04-16,-4.3332935252179515e-06,0.03424244326016648,-0.04509043209110865,-0.004763972276851277,-0.3270952040207324,0.07933287535127499,-0.5293515117690163,-0.03170052272965254
2024-04-17,4.3539675546030705e-06,0.012272714960054627,-0.06228767163367844,-0.03170052272965254,-0.06331666895381731,0.07456038659373307,-0.6320920329563512,0.030694833361526203
2024-04-18,9.055459558387581e-06,0.03453121153460347,-0.017879088563768047,0.030694833361526203,-0.17214201972645568,0.052410300098371554,-0.6513267899030688,0.022958552410128282
2024-04-19,-2.2117064972789975e-06,0.036682636929001325,-0.07344398088948885,0.022958552410128282,0.3788382203961145,0.1101266178184902,-0.033981496820188174,0.07621274158575535
2024-04-20,0.0,0.07917134433486785,-0.004294774424140789,0.07621274158575535,-0.10829245609138503,0.08346611875900872,-0.017496981245312227,-0.013163791703797301
2024-04-21,0.0,0.012489123747744425,-0.028748455531122333,-0.013163791703797301,-0.414978499290865,0.04123757927886677,-0.36350431445819925,0.03462931157601989
2024-04-22,-3.9991821375633875e-06,0.044106748987840734,-0.004912947160817916,0.03462931157601989,0.12826628082641175,0.049019696148658504,-0.16882332439560088,-0.03282039716790513
2024-04-23,0.0,0.006817774526750273,-0.03601822785732265,-0.03282039716790513,0.0016760557542743677,0.04283600238407279,-0.13151633900175919,-0.051874688268270394
2024-04-24,0.0,0.01909699198183776,-0.06081089027988146,-0.051874688268270394,0.20703102205092758,0.07990788226171916,0.07807739750567576,-0.008224709742612454
2024-04-25,-1.895177363558003e-05,0.009061608821715802,-0.024170083622087623,-0.008224709742612454,-0.3545024970695347,0.0332316924438034,-0.23113266074051647,-0.017758999070435585
2024-04-26,0.0,0.015023928178301846,-0.018827155965504428,-0.017758999070435585,-0.09115490068446702,0.033851084143806325,-0.23248338514703767,0.009256162115192122
2024-04-27,0.0,0.01332260873523991,-0.025927024086018616,0.009256162115192122,-0.014415480889107903,0.03924963282125861,-0.2285323912418647,-0.014141322055189434
2024-04-28,0.0,0.02182081622957852,-0.015347347535802039,-0.014141322055189434,-0.22323087680024423,0.037168163765380735,-0.4052175147940351,-0.006774651971173974
2024-04-29,1.7345068092030774e-05,0.005602380651755683,-0.027204287309987665,-0.006774651971173974,0.18301278947988905,0.03280666796174337,-0.13734185466502738,-0.036863310926754024
2024-04-30,-4.365790848844615e-06,0.010916102009431623,-0.06695688429954133,-0.036863310926754024,0.306598268349461,0.07787298630897303,0.2893675223317843,0.020331291761687565
2024-05-01,6.828362978189511e-06,0.03405634800035052,-0.04954543220912942,0.020331291761687565,0.2517621815459299,0.0836017802094799,0.5022176087983947,0.0185349481628811
2024-05-02,0.0,0.024463471515903255,-0.02022015073943536,0.0185349481628811,-0.3867380519860038,0.044683622255338666,-0.0074262781674178675,0.020008737542742308
2024-05-03,4.357036228319647e-06,0.031219504446078267,-0.024105386995944972,0.020008737542742308,-0.07404399127639631,0.055324891442023495,-0.10562142057168324,-0.008520935884166551
2024-05-04,0.0,0.014877773420485968,-0.008974074309502714,-0.008520935884166551,-0.30049874566523915,0.02385184772998864,-0.44920632310393294,-0.01137432981642653
2024-05-05,0.0,0.003497046267879142,-0.021853754873216835,-0.01137432981642653,-0.024846963312349857,0.025350801141095912,-0.4449201649894712,-0.008866802633852493
2024-05-06,0.0,0.034966886900567005,-0.011487501653417607,-0.008866802633852493,0.3818354591834839,0.04645438855398454,0.03181783907776837,-0.02770882888711236
2024-05-07,2.1648724192288952e-06,0.003127481302732697,-0.027846899245814582,-0.02770882888711236,-0.13282608715475594,0.03097438054854737,0.007546181887889752,0.02388235015363851
2024-05-08,0.0,0.05631905156988468,-0.008792215454423836,0.02388235015363851,0.4963223177052479,0.06511126702430847,0.5371162105022371,0.023903663982870953
2024-05-09,0.0,0.02527273006129715,-0.009145582508079482,0.023903663982870953,-0.46139198996092917,0.034418312569376684,-0.03524445984290814,-0.03345745332167608
2024-05-10,4.307976188789967e-06,0.009016351769343749,-0.04193721898172777,-0.03345745332167608,-0.028910260545183777,0.0509535707510716,-0.10728013948155318,-0.021134182975069186
2024-05-11,0.0,0.005111318762951827,-0.021893252856811176,-0.021134182975069186,-0.4954055424461447,0.02700457161976318,-0.6423307567039879,-0.0027905492826653753
2024-05-12,0.0,0.008368190818631393,-0.008294049404632749,-0.0027905492826653753,-0.17557101295687708,0.016662240223264266,-0.7227078472002625,-0.002546344153020517
2024-05-13,0.0,0.032576576826648045,-0.02661386763959441,-0.002546344153020517,0.8734963336223168,0.05919044446624247,0.24695773119183403,-0.0195956395281076
2024-05-14,9.148057140510744e-06,0.002914129910594917,-0.022100721910320986,-0.0195956395281076,-0.18934711832185472,0.025014851820915972,0.14685277624646723,0.056581245276648935
2024-05-15,0.0,0.06010711847930429,-0.003086015241534768,0.056581245276648935,0.1314045413870125,0.06319313372083911,0.28193832596630486,0.01469761859503319
2024-05-16,1.7631707705601506e-05,0.01964729152119964,-0.007614101893697256,0.01469761859503319,0.02762400091203064,0.027261393414896862,0.27449357019353854,0.04738084935647183
2024-05-17,2.139408874134781e-06,0.06372987773410972,-0.008127432836807228,0.04738084935647183,0.19730605003456356,0.07185731057091674,0.3511918211063245,0.0008461021188155075
2024-05-18,0.0,0.007263992794653953,-0.011371423900714614,0.0008461021188155075,-0.6229698212950322,0.018635416695368535,-0.44047863093200884,-0.031172664472345003
2024-05-19,0.0,0.001263740192248594,-0.03546327640706444,-0.031172664472345003,0.04179884862166215,0.03672701659931299,-0.32138908963514556,0.07050035282803838
2024-05-20,0.0,0.07050035282803838,-0.0115895655353198,0.07050035282803838,0.7708846373013403,0.08208991836335815,0.48674497040098597,-0.014016770214737096
2024-05-21,-1.7937695967559223e-05,0.014267246970555333,-0.021457893060172147,-0.014016770214737096,0.024089372298831725,0.03572514003072733,0.4060694621861395,-0.023821565659783994
2024-05-22,0.0,0.000303112841088666,-0.03848159696958656,-0.023821565659783994,-0.2858895718402674,0.03878470981067522,0.023791428046750045,-0.037532713412443484
2024-05-23,6.23029803183412e-06,0.009287592978615459,-0.07418807266434083,-0.037532713412443484,0.38607540545481994,0.08347566564295615,0.42529484292963143,-0.012620968855500878
2024-05-24,0.0,0.007676804269738416,-0.021278684180016195,-0.012620968855500878,-0.5446529262669958,0.028955488449754607,-0.290036150264254,0.005594882610912613
2024-05-25,8.691068636222337e-06,0.010342580243029158,-0.0029641645417821812,0.005594882610912613,-0.3989925759762197,0.013306744784811404,-0.7323238912958997,-0.008033113668001914
2024-05-26,0.0,0.0006316789073613426,-0.012285433473137194,-0.008033113668001914,-0.05534731841519332,0.01291711238049875,-0.6575267793636529,0.02070161301226343
2024-05-27,0.0,0.03351755708477349,-0.00257109715468549,0.02070161301226343,0.3596707829924464,0.0360886542394591,-0.1342196306536837,-0.02372773782446171
2024-05-28,0.0,0.0010123369876444588,-0.03224332805890553,-0.02372773782446171,0.2583087492021937,0.033255665046549907,0.17580404571230326,-0.013205267650895651
2024-05-29,0.0,0.013296590340524434,-0.013384892675219461,-0.013205267650895651,-0.17759146608396797,0.026681483015743836,0.11539944812516836,-0.009835440626981471
2024-05-30,0.0,0.007842879579005358,-0.016066452513551092,-0.009835440626981471,0.016046382737653925,0.023909332092556402,0.13460445020022282,0.0019685948642665894
2024-05-31,0.0,0.01858211898443748,-0.0047585232117290785,0.0019685948642665894,-0.2023327680674647,0.02334064219616652,-0.1406097302577407,0.005602652935112114
2024-06-01,0.0,0.011383974578155513,-0.004944501802665628,0.005602652935112114,-0.549546245795159,0.01632847638082109,-0.7284058024747778,-0.00776606453361108
2024-06-02,2.1856226102880098e-06,0.007262819821246078,-0.016927872688230913,-0.00776606453361108,0.41028466539439695,0.02419069250947707,-0.22454579122750618,0.023336145746919196
2024-06-03,2.2026623580387854e-06,0.034911359486188266,-0.004599647386355198,0.023336145746919196,0.22583551642011687,0.03951100687254339,0.11163851271044388,0.00968740998087972
2024-06-04,4.3689146766776264e-06,0.017662310705495704,-0.00862502446895693,0.00968740998087972,-0.025713045191509187,0.02628733517445257,0.1096521794916028,-0.0006719783483327647
2024-06-05,0.0,0.006968298434211162,-0.008111080151370608,-0.0006719783483327647,-0.027307968555107875,0.015079378585581706,0.11684863506634047,-0.006685728835568702
2024-06-06,0.0,0.0014950886133687023,-0.01934568456855494,-0.006685728835568702,-0.06639925565433234,0.020840773181923778,0.04305952577849348,-0.01863793662367146
2024-06-07,-4.358767271794745e-06,0.06411663695637519,-0.05307312725771241,-0.01863793662367146,1.121734677955266,0.11718976421408774,1.083902216831229,-0.02950287942009235
2024-06-08,-8.88155505151919e-06,-8.88155505151919e-06,-0.03666821007220714,-0.02950287942009235,-0.8093020242051773,0.03665932851715565,-0.07472050373637058,0.017112276858894496
2024-06-09,-3.433765748092036e-05,0.020737692714435714,-0.007619907436584944,0.017112276858894496,-0.1477009762233089,0.028357600151020724,-0.2544802031490399,-0.008241373193266559
2024-06-10,-1.1273926140055663e-05,0.013379805609390377,-0.018359154958711398,-0.008241373193266559,0.3636533018006568,0.03173896056810188,0.09859789687490092,-0.04307493186465765
2024-06-11,9.066621126174161e-06,0.0010823389028594816,-0.060674185209470946,-0.04307493186465765,0.22946547941752832,0.06175652411233055,0.24956542023205974,0.03700604488714061
2024-06-12,2.36640738503043e-05,0.05063830138348661,-0.014078550646580557,0.03700604488714061,-0.2854439288694459,0.06471685203006715,-0.1637335376754421,-0.03868090501887885
2024-06-13,5.0237009097809644e-05,0.0019328488652670189,-0.04208663296181494,-0.03868090501887885,-0.15713733091384907,0.044019481827082006,-0.15217458373039786,-0.02281851668201124
2024-06-14,-1.6557573016944716e-05,0.006946638190206799,-0.04311875183634149,-0.02281851668201124,-0.03970991819306374,0.0500653900265483,-0.19237091998518677,0.004875386483781304
2024-06-15,7.3115081439592875e-06,0.008147816986531898,-0.006770765150234489,0.004875386483781304,-0.5722254244452397,0.014918582136766159,-0.7817579029765224,0.006466908898382185
2024-06-16,7.009183798552856e-05,0.01065863267415404,-0.008715805520999716,0.006466908898382185,-0.19078229334220828,0.01937443819515362,-0.8477378725969708,-0.035746033676316666
2024-06-17,2.161541284958181e-05,0.008627827406709978,-0.05612101795419659,-0.035746033676316666,0.80231528689987,0.06474884536090647,0.19278580053365893,-0.04630167890130049
2024-06-18,-7.959808091971053e-05,0.0011393456890282875,-0.0916412876528582,-0.04630167890130049,0.43175485240051437,0.09278063334188635,0.6668025336199135,0.0005499307326864412
2024-06-19,-3.908144616613062e-05,0.03501511935609904,-0.006848532053727762,0.0005499307326864412,-0.698385766503644,0.04186365140982692,-0.15954021313287448,0.0011796216474650731
2024-06-20,0.0,0.03330903530050141,-0.012525027494680428,0.0011796216474650731,-0.031700370499794524,0.045834062795181756,-0.1467457019093845,-0.02155034342370471
2024-06-21,1.0393110887918717e-05,0.015745516294967708,-0.025397581590374346,-0.02155034342370471,-0.049966775275351746,0.041143097885341984,-0.2421057726753746,0.0230274857158279
2024-06-22,-2.615271146753926e-06,0.03537260598970675,-0.011002907761307315,0.0230274857158279,-0.11877338675548016,0.046375513751014084,-0.41658986272967735,-0.011786605184855168
2024-06-23,-4.677874876360226e-05,0.01925921865847591,-0.011786605184855168,-0.011786605184855168,-0.17776382903466717,0.031045823843331086,-0.5126041786839852,-0.00669598261736492
2024-06-24,-0.00020510139835924255,0.0015685704116446,-0.03652509701202444,-0.00669598261736492,0.6439622685499182,0.03809366742366908,0.39499314408560765,0.0366297595346254
2024-06-25,-2.65077840597853e-05,0.04899372023333036,-0.0010541469776512648,0.0366297595346254,-0.38501017841518426,0.0500478672109817,-0.05700559508721297,-0.018308273320626695
2024-06-26,5.095584223672569e-06,0.006803232519393595,-0.02095505881387824,-0.018308273320626695,-0.014204006521781708,0.02775829133327201,-0.05377268905667616,0.015348756101741991
2024-06-27,2.556141286202211e-06,0.021734775219610772,-0.017517041053413705,0.015348756101741991,-0.014391525441142838,0.039251816273024584,-0.05803894323009456,-0.013593297006891348
2024-06-28,2.0518868797792676e-05,0.01137599770868841,-0.01420062213050833,-0.013593297006891348,0.15254752474946195,0.025576619839196846,0.08488607487747146,-0.003797889001487623
2024-06-29,-2.860994484959951e-05,0.042162536404126226,-0.004240716068221098,-0.003797889001487623,-0.25256914956508464,0.046403252472347487,-0.23465084326260185,0.0212001662594634
2024-06-30,7.839315759776701e-06,0.023850949519045195,-0.012503440269590877,0.0212001662594634,-0.16848955156260773,0.03635438978863605,-0.2908829633307879,0.026954269186830353
2024-07-01,-0.00014537773862318706,0.03844150663655811,-0.001837508148106224,0.026954269186830353,0.27536885409138656,0.04027901478466447,0.03759978519730868,0.03623722173532271
2024-07-02,-7.44887911171982e-05,0.03864710705325539,-0.00014151125387590316,0.03623722173532271,0.016404810757898194,0.03878861830713143,0.055576240856716135,-0.026773746756239742
2024-07-03,2.1543185456062518e-05,0.009848970230049285,-0.040238762466684994,-0.026773746756239742,0.4070104586580487,0.05008773269673414,0.4577368588212811,-0.11415491701334439
2024-07-04,-4.183892709790147e-05,0.01438685123142021,-0.11415491701334439,-0.11415491701334439,0.3850873305189184,0.12854176824476457,0.7689675915565518,-0.03640986697443394
2024-07-05,-0.00040244545092844343,-0.00040244545092844343,-0.12271340638380022,-0.03640986697443394,0.2940317923601172,0.12231096093287175,0.8328821420290755,0.05919309696778173
2024-07-06,6.575485468245032e-05,0.06380235937591172,-0.003845738280181242,0.05919309696778173,-0.9853936368554637,0.06764809765609303,-0.4481778675223197,-0.06857428907057166
2024-07-07,-9.971507349321625e-05,-9.971507349321625e-05,-0.07066812258274408,-0.06857428907057166,-0.12334522656807398,0.0705684075092508,-0.5855466962618721,0.0625922912523564
2024-07-08,7.789512585946514e-05,0.08898300257077921,-0.039051311902044125,0.0625922912523564,0.6856002507387376,0.12803431447282335,0.10260325634089659,0.01698473124844357
2024-07-09,-0.00011380234693069701,0.03078357244621299,-0.014271812682942886,0.01698473124844357,-0.6181352508570837,0.045055385129155814,-0.5643689498278259,0.03535480036349208
2024-07-10,0.00011457255299604751,0.037379247857972364,-0.007528395626344204,0.03535480036349208,-0.08257054120203107,0.04490764348431659,-0.5118198351948345,0.017796890205086104
2024-07-11,-8.232029174547015e-05,0.03858394881195026,-0.008256020400688655,0.017796890205086104,0.22100921788380076,0.046839969212638916,-0.0045255725695583305,0.05099205370221658
2024-07-12,4.7960606958692665e-05,0.05371333221879136,-0.003943944114329317,0.05099205370221658,0.12255462218126717,0.05765727633312065,0.10237529639644088,0.058041436720116864
2024-07-13,7.226531329679679e-06,0.06653462600771684,-0.01014189089335152,0.058041436720116864,0.03212396247284226,0.07667651690106836,0.07431760483097513,-0.020754653540075826
2024-07-14,4.982514279008642e-05,0.006953286464457756,-0.035158873687546825,-0.020754653540075826,-0.02812818877497866,0.04211216015200452,0.13255045719177344,0.030150448806386787
2024-07-15,4.85264769930073e-05,0.030150448806386787,-0.00042105224589669845,0.030150448806386787,0.2715246778090914,0.030571501052283474,0.3522837797285149,-0.016730974308008975
2024-07-16,-0.00020201018935839086,0.014730004689327938,-0.04169374517031433,-0.016730974308008975,0.04078537079163767,0.05642374985964234,0.2697041655692706,-0.0032939587615782376
2024-07-17,8.44679377350054e-05,0.03813707188652543,-0.003348890961779867,-0.0032939587615782376,-0.22235886753445647,0.04148596284830532,-0.04161751445965514,-0.029844636216742815
2024-07-18,-0.0001327977931041674,0.026917934171120157,-0.03716541643998839,-0.029844636216742815,-0.14009551786050828,0.06408335061110856,-0.19876948830450847,0.03506509604457035
2024-07-19,-1.8841671675819867e-05,0.04352742064003514,-0.018992380494667015,0.03506509604457035,0.006572087014678459,0.06251980113470221,-0.17875932364068028,-0.0031870224200777437
2024-07-20,-2.2400947845732144e-06,0.005990694086043941,-0.023555874131038837,-0.0031870224200777437,-0.3082204608316746,0.029546568217082674,-0.47950283703136687,0.019101756037296302
2024-07-21,0.0,0.024458690930705077,-0.0436191065314894,0.019101756037296302,0.28885843255376864,0.06807779746219451,-0.07734605580659717,-0.04476901983306462
2024-07-22,-4.4830392635099546e-05,0.0074240067705775735,-0.0475933280408518,-0.04476901983306462,0.4922588764236153,0.05501733481142952,0.5029695255349494,-0.03932881439932872
2024-07-23,0.0,0.0064310999366403885,-0.05276183004473983,-0.03932881439932872,-0.44914677057201485,0.05919292998138017,-0.03709340836096079,-0.007956530665858885
2024-07-24,-1.9548797050128443e-05,0.025937368597023145,-0.013282256904073841,-0.007956530665858885,-0.03730666526369774,0.039219625501097116,-0.08013946852112931,-0.030384704754340866
2024-07-25,0.0,0.002521080439094418,-0.060859261495250463,-0.030384704754340866,0.06827880683528686,0.06338034193434484,-0.009337930101237825,0.056823475447185134
2024-07-26,2.5673983601696147e-06,0.061182644975386946,-0.0002153828850676973,0.056823475447185134,-0.30365948463552084,0.06139802786045481,-0.3715577338046333,0.0010790150046561882
2024-07-27,-2.354242682355837e-06,0.025846441218257132,-0.00876604784949605,0.0010790150046561882,0.48299824513361694,0.03461248906775329,0.14768492707547487,-0.02619141424625021
2024-07-28,-7.126392122731199e-06,0.004982862916245,-0.030587499130998078,-0.02619141424625021,-0.49789712296281996,0.03557036204724313,-0.28563028565923343,-0.00831405571128704
2024-07-29,0.0,0.04570105464958356,-0.0088859761602078,-0.00831405571128704,0.22867993752191726,0.05458703080979137,-0.005569170001281742,-0.005793775938037758
2024-07-30,-1.48269895030281e-05,0.007307158081610625,-0.019828213949148975,-0.005793775938037758,-0.16796725455256284,0.027135372030759778,-0.16918430460499387,-0.0326601224753356
2024-07-31,-7.419446696176511e-06,0.014142213824321256,-0.03475352566874954,-0.0326601224753356,0.01539991507621197,0.04889573949307093,-0.1028368661800021,0.010065646516460386
2024-08-01,2.6063478061112408e-06,0.01607999250136352,-0.049503385823011344,0.010065646516460386,0.21000439547330585,0.065583378324375,0.09650951529512027,-0.07639648437494291
2024-08-02,0.0,0.003956939982042689,-0.08615474975009893,-0.07639648437494291,0.116561439293656,0.09011168973214163,0.2664242863282567,0.0007500560641859825
2024-08-03,0.0,0.023529306790790325,-0.03773213971030907,0.0007500560641859825,-0.23429633355214435,0.061261446501099485,-0.05086447893785444,-0.0569534408596646
2024-08-04,3.0203355758735312e-05,0.007927972448967695,-0.08158724780234156,-0.0569534408596646,0.02711646497070907,0.08951522025130916,-0.011863566519612572,-0.09376312728704728
2024-08-05,0.0,0.004441519864268136,-0.20607898484217854,-0.09376312728704728,1.3380935047965388,0.21052050470644662,1.3016134518941984,0.05476127571368768
2024-08-06,3.2357054384988506e-06,0.0708294989443036,-0.0020458232320848552,0.05476127571368768,-1.104113832570288,0.07287532217638852,-0.24968920184406188,-0.02164851112229658
2024-08-07,0.0,0.029196420679022117,-0.04233384224062358,-0.02164851112229658,-0.1470089450590596,0.0715302629196456,-0.4172942189015761,0.08329160629481715
2024-08-08,9.20678654332244e-06,0.08683544970398653,-0.010499894748489627,0.08329160629481715,-0.059926153942734324,0.0973353444524763,-0.46024637687324055,-0.009329513832739493
2024-08-09,0.0,0.005826994564736029,-0.04151343901801011,-0.009329513832739493,-0.1688810047067226,0.04734043358274619,-0.635760009309453,-0.006499406018394751
2024-08-10,0.0,0.00919024015490917,-0.00943774418721896,-0.006499406018394751,-0.5757616663925189,0.018627984342128277,-1.1952511190125998,-0.053278898220999064
2024-08-11,8.606162304725075e-06,0.02842917063219991,-0.0541473242881645,-0.053278898220999064,0.27077941413722206,0.08257649492036422,-0.39290788770414103,0.03193747130245167
2024-08-12,-9.077204162969442e-06,0.04658285238424243,-0.0008226384672934126,0.03193747130245167,0.3059876175855632,0.04740549085153596,0.05430240633683675,0.0034661480459366456
2024-08-13,0.0,0.016614505681204164,-0.021128735671802797,0.0034661480459366456,-0.2808092974530368,0.03774324135300694,-0.17097028296864522,-0.013910612795740549
2024-08-14,-2.348088323274875e-05,0.014708179141913302,-0.02294803885166814,-0.013910612795740549,-0.009328026215278824,0.037656217993581625,-0.07997777471787464,-0.03057708419311562
2024-08-15,3.0206061308700866e-06,0.017473223888652373,-0.042540046306198995,-0.03057708419311562,0.1632533793286406,0.06001327019485138,0.1471739409239002,0.015611176615036132
2024-08-16,0.0,0.05849744119852705,-0.01341044398389691,0.015611176615036132,0.3159584007903211,0.07190788518242403,0.3825221309898267,0.01922264782064017
2024-08-17,0.0,0.024309379537528434,-0.005939434609462226,0.01922264782064017,-0.7066226945779974,0.030248814146990724,-0.4324913027650014,-0.006118635632377852
2024-08-18,3.0077755420945986e-06,0.008018004598946532,-0.009214549169628373,-0.006118635632377852,-0.10809844223130173,0.017232553768574774,-0.4484988947590193,0.005723830805675829
2024-08-19,0.0,0.008072931827066246,-0.01804849000279133,0.005723830805675829,0.3323387074001964,0.02612142182985759,-0.062138039180469146,0.020375787635098633
2024-08-20,9.203477930016423e-05,0.03329517885869795,-0.0015483384939477714,0.020375787635098633,0.12260824309145522,0.03484351735264576,0.061067253379071026,0.07123096971540471
2024-08-21,0.0,0.09322493835976,-0.0006024973375201465,0.07123096971540471,0.4630935126548381,0.09382743569728016,0.5337284522987079,0.020057178051273408
2024-08-22,2.7455707080205127e-06,0.021803097257434817,-0.011774481717433656,0.020057178051273408,-0.37906115668181867,0.033577578974868384,0.12173710794991843,0.039063767301688805
2024-08-23,5.302946447623471e-06,0.040969807972653816,-0.006177838624145266,0.039063767301688805,0.35381936634556554,0.04714764659679903,0.39945100221500995,0.006291210341692284
2024-08-24,-2.5499329197564432e-05,0.024325240642735516,-0.007825470658645155,0.006291210341692284,-0.3308870446864132,0.032150711301380676,-0.0936275019222604,-0.023179856548374785
2024-08-25,7.639516769772293e-06,4.825656154051297e-05,-0.039592651206045534,-0.023179856548374785,0.04626821553458126,0.039640907767585915,-0.08403698725294663,-0.047944113291620294
2024-08-26,-7.818728432657084e-06,0.00698112840664064,-0.04794955469479402,-0.047944113291620294,0.06057028920480959,0.05493068310143456,-0.0492550741755248,-0.04585256808579951
2024-08-27,-1.3644171380795858e-05,0.014968182981630265,-0.05802873621768516,-0.04585256808579951,0.06480856589251367,0.07299691919931546,0.0709620922616296,-0.0009105257707117409
2024-08-28,0.0,0.02723673725274598,-0.024493711310249508,-0.0009105257707117409,0.03001022564667116,0.05173044856299556,0.06371072361733979,0.019369019613083044
2024-08-29,-2.893499557469152e-06,0.0478470479612408,-0.0009142517212845734,0.019369019613083044,-0.18598097534669966,0.04876129968252542,-0.09242393943727341,-0.028082163888627727
2024-08-30,2.2369792367545545e-05,0.012632731785201861,-0.052372805266076634,-0.028082163888627727,0.12214510291827978,0.06500553705127844,0.026888987941896973,-0.0052042914519470984
2024-08-31,0.0,0.008493214444530217,-0.006116764749829836,-0.0052042914519470984,-0.899979970605886,0.01460997919435997,-0.8909056734617926,-0.0402126643087355
2024-09-01,-2.8477554961779303e-06,0.0008162810516355673,-0.04892592483274807,-0.0402126643087355,0.5621927717954142,0.049742205884383515,-0.20811564356539786,0.012664375776377981
2024-09-02,0.0,0.015618702023218377,-0.018359466578792425,0.012664375776377981,0.09230859653140375,0.033978168602010736,-0.03989552292795961,-0.05323328081896003
2024-09-03,-5.943308905462525e-06,0.010189970384859586,-0.05323328081896003,-0.05323328081896003,-0.01774645867625034,0.06342325120381971,0.014566130615420083,0.015490694246419068
2024-09-04,-2.1985875619445735e-05,0.032585161954732836,-0.032731922759485464,0.015490694246419068,0.33854282818421566,0.06531708471421821,0.3843395733833871,0.004742659639631565
2024-09-05,0.0,0.04717212686536747,-0.010411834255548298,0.004742659639631565,-0.05820057829863809,0.057583961120915836,0.30505248696681875,-0.03233892869809798
2024-09-06,0.0,0.019071743118756118,-0.06336329303826663,-0.03233892869809798,0.12006138811229786,0.08243503615702263,0.274204698015628,0.03237275876965198
2024-09-07,3.1249406674715015e-06,0.04017737378292877,-1.590894025646065e-05,0.03237275876965198,-0.6879539967368379,0.04019328272318521,-0.508582306396635,0.04094388330371166
2024-09-08,-6.1425024820963106e-06,0.046603198238870526,-0.002800213849345154,0.04094388330371166,0.21365742763558024,0.04940341208821566,-0.2510361585260847,0.013919729356562412
2024-09-09,-1.46962714108694e-05,0.02830590046328744,-0.0004282164323180573,0.013919729356562412,0.19197851490994977,0.028734116895605587,-0.04705276046457841,0.0002067861171188156
2024-09-10,0.0,0.005896857213100927,-0.016243276510559235,0.0002067861171188156,-0.3214061349487156,0.022140133723660086,-0.32025345632320507,0.027500800127264906
2024-09-11,0.0,0.03700362059010137,-0.03849537867586595,0.027500800127264906,0.3470243497993269,0.07549899926596743,0.12142307932462039,0.009132422939437317
2024-09-12,0.0,0.020768314882156205,-0.0007763093389202365,0.009132422939437317,-0.029895512856485337,0.021544624221076406,0.15990059272508625,0.012847546280684926
2024-09-13,0.0,0.02290481781796467,-0.015588438141674321,0.012847546280684926,-0.14189503734584624,0.03849325595963903,-0.05671454499033158,-0.017949029974016623
2024-09-14,0.0,0.0023634711162718613,-0.023357439187251892,-0.017949029974016623,-0.32694785962570555,0.02572091030352358,-0.3920876726651871,-0.046059883954444124
2024-09-15,0.0,0.004270370838830595,-0.05436848746153895,-0.046059883954444124,0.20059659951405606,0.05863885830036967,-0.10620302036050111,-0.02457256025269004
2024-09-16,2.9932307206463302e-06,6.796173686410427e-05,-0.034732786968871394,-0.02457256025269004,0.07670462265868098,0.03480074870573544,-0.038041830273533216,0.010860997296207157
2024-09-17,-2.9774758015801478e-06,0.0372385232371321,-0.004274848138396924,0.010860997296207157,-0.011634872646307257,0.04151337137552902,-0.0007770506220850555,0.026663392244445732
2024-09-18,0.0,0.026663392244445732,-0.017607738069393558,0.026663392244445732,0.1953410650094199,0.04427113031383906,0.2406317810205013,0.02308563672138063
2024-09-19,8.690307256996013e-06,0.03785582243568773,8.690307256996013e-06,0.02308563672138063,0.15691642156894176,0.0378471321284306,0.36612816592948105,0.0033254597214342624
2024-09-20,2.8872829367525018e-06,0.02805732512385068,-0.004068725842405236,0.0033254597214342624,-0.19180006910752798,0.03212605096625595,0.04950563034057415,0.018185667245912026
2024-09-21,-2.7930671165417497e-06,0.020914943730128633,-0.002946532630732754,0.018185667245912026,-0.45522209943295877,0.023861476360861528,-0.44727129957135187,-0.019157363444411265
2024-09-22,5.019898412930449e-05,0.0013572278692247988,-0.04227540116861362,-0.019157363444411265,0.12478735387446584,0.04363262903783852,-0.2755536913610349,0.03343130696165871
2024-09-23,0.0,0.037516672068206025,-0.013260908084182442,0.03343130696165871,0.38929477025127074,0.05077758015238845,0.14227514827121301,0.06390241571527522
2024-09-24,1.0979238260497113e-05,0.0728503914938178,-0.013170147553583667,0.06390241571527522,0.23611208046246684,0.08602053904740159,0.3729394012087738,-0.017299760810420315
2024-09-25,-2.6133454018185653e-06,0.01344683425554917,-0.02174176124415836,-0.017299760810420315,-0.16126410927806653,0.03518859549970758,0.1836056357549138,0.053141265636790114
2024-09-26,0.0,0.0567204869600107,-0.00608281371770552,0.053141265636790114,0.2279646896422022,0.06280330067771617,0.3819380519038283,0.0011092167433801997
2024-09-27,-2.447180664294999e-06,0.03132213333940856,-0.00359207817981098,0.0011092167433801997,-0.10767506075709489,0.0349142115192196,0.12277379598824023,-0.0031766219933126736
2024-09-28,-1.0000132964975482e-05,0.008195871655909306,-0.021983387424423156,-0.0031766219933126736,-0.4323043924400981,0.030179259080332296,-0.40491189314909865,-0.008652198056672753
2024-09-29,-2.4522452181545686e-06,0.007200032140855413,-0.01868985883699871,-0.008652198056672753,-0.07513568430106214,0.02588989097785415,-0.4436877452614308,-0.06328689313173405
2024-09-30,7.570538208803552e-06,6.0412797817631e-05,-0.06700481251632322,-0.06328689313173405,0.37882513303750337,0.06706522531414083,0.03357557725364796,-0.05726873003632418
2024-10-01,0.0,0.03284308089481975,-0.07187381923009956,-0.05726873003632418,0.4603261020738034,0.10471690012491926,0.49563228117628094,-0.02422710962647245
2024-10-02,2.7904677115378923e-06,0.027095102572458386,-0.04590775699933426,-0.02422710962647245,-0.24170059161967147,0.07300285957179257,0.1901161623868163,0.003574940473720987
2024-10-03,-4.93822582816326e-05,0.015128990863647702,-0.03174821763904755,0.003574940473720987,-0.09476460646666357,0.04687720850269516,0.0747448500853292,0.01768835942795829
2024-10-04,0.0,0.02958948207821998,-0.005390517803093198,0.01768835942795829,-0.3149330621985805,0.03497999988131322,-0.31248939589222213,-0.0019313080275210747
2024-10-05,0.0,0.011543871808175885,-0.015532750934896769,-0.0019313080275210747,-0.42713604038657665,0.02707662274307261,-0.7643648214074219,0.018391702357212728
2024-10-06,0.0,0.021111696596014945,-0.006771821943954095,0.018391702357212728,0.007626549592619869,0.027883518539969093,-0.6737059992506285,-0.016263991952489825
2024-10-07,0.0,0.02882499046416416,-0.01743975927008844,-0.016263991952489825,0.5454602054484625,0.04626474973425264,0.0893731317106506,-0.019972446949500424
2024-10-08,0.0,0.014336158894296298,-0.028413892410974112,-0.019972446949500424,-0.14655467790587312,0.04275005130527061,0.01727697680658425,-0.014074621956237432
2024-10-09,0.0,0.008687446300932267,-0.029503550651871047,-0.014074621956237432,-0.022726661767687385,0.03819099695280336,0.07915862055471917,-0.002393262136759241
2024-10-10,-2.3599858349433037e-05,0.004300339387962368,-0.02271099750629323,-0.002393262136759241,-0.05435107872339163,0.027011336894255583,0.0344399788895188,0.03563760255399328
2024-10-11,1.1871963772978798e-05,0.0452838007842077,-0.0009387709178833278,0.03563760255399328,-0.07846018078357266,0.046222571702091084,-0.10049864101415405,0.0057638290837228965
2024-10-12,-2.800455693528126e-06,0.013985472321662992,-2.800455693528126e-06,0.0057638290837228965,-0.22696775851895712,0.013988272777356585,-0.36579490438270784,-0.014776801925767911
2024-10-13,0.0,0.0158386467377325,-0.02453881823101264,-0.014776801925767911,0.1877530464656233,0.040377464968745023,-0.07629610572840761,0.04454873998584747
2024-10-14,2.911432510574379e-06,0.04717516227774197,-0.01489630385417496,0.04454873998584747,0.43155856099275747,0.06207146613191692,0.3959211552095856,-0.014844915978274928
2024-10-15,2.702679350267851e-06,0.01516377828414748,-0.04161369914603336,-0.014844915978274928,0.33746289227529264,0.05677747743018074,0.6676665310896946,-0.01688245435272227
2024-10-16,0.0,0.005188355553525861,-0.020033300681454508,-0.01688245435272227,-0.3966007150430477,0.025221656234980364,0.09993520896787875,-0.027297785405814935
2024-10-17,5.6641372067307575e-06,0.005750388183393198,-0.03517057882785436,-0.027297785405814935,0.05752169818192347,0.040920967011247436,0.09670801230718523,0.022135939750364833
2024-10-18,-1.4595800579771155e-05,0.027269464238534533,-0.0003557464338831084,0.022135939750364833,-0.30219389343520875,0.027625210672417598,-0.30217781945103783,0.0027079497497538665
2024-10-19,-2.889225889682903e-06,0.016747578748596722,-0.0030298554477109557,0.0027079497497538665,-0.24189455610532065,0.019777434196307522,-0.5616469558311157,0.036794047096569034
2024-10-20,-2.7966650362343266e-06,0.03763513848768539,-0.008676503190173076,0.036794047096569034,0.20096476254136808,0.046311641677858395,-0.2742710121297646,-0.01070557718609345
2024-10-21,2.6956270678935517e-06,0.019176761662753873,-0.03158103781671185,-0.01070557718609345,0.41434301290692926,0.050757799479465696,0.3010811055160726,0.007903099127753362
2024-10-22,5.531837687041239e-06,0.01733571226887013,-0.014201890040046225,0.007903099127753362,-0.02120728895494529,0.0315376023089164,0.24774799592473656,-0.04269388927818837
2024-10-23,0.0,0.012024138465570357,-0.05797589842420791,-0.04269388927818837,-0.023500916957184058,0.07000003688977821,0.21182525832138024,-0.006631015755264982
2024-10-24,0.003696415513872137,0.01635934152268115,-0.024443352033498768,-0.006631015755264982,-0.086742903283938,0.0408026935561799,0.058126807938564694,-0.06532002118702364
2024-10-25,3.468028073157053e-05,0.0005254106994326651,-0.07752999007693998,-0.06532002118702364,0.47083891258212457,0.07805540077637264,0.4507912335742852,0.02717872062844678
2024-10-26,6.2468455727446036e-06,0.028809343607279693,-0.008805208809760389,0.02717872062844678,-0.5398953130709577,0.03761455241704022,-0.24283921973003889,0.019376086433223926
2024-10-27,2.9502780256593764e-06,0.02380322931079652,-0.005999704508544529,0.019376086433223926,-0.4882614373805156,0.029802933819340845,-0.6956487703648613,0.011479417423283535
2024-10-28,0.0,0.020634684188073033,-0.025756041709449208,0.011479417423283535,0.5583557759667462,0.04639072589752223,-0.037792410141213165,0.03390138697215126
2024-10-29,-5.894669537248545e-06,0.03541862867717027,-0.0016010722924409688,0.03390138697215126,0.09475381844551911,0.037019700969611234,0.07434484932220338,-0.001088690475898991
2024-10-30,1.131246886736292e-05,0.02052454987214951,-0.012297957915797313,-0.001088690475898991,-0.012116094834084984,0.03282250778794671,0.04274053674847156,-0.03850376293621884
2024-10-31,2.768294156668256e-06,0.01477502854984745,-0.040703136041667407,-0.03850376293621884,-0.037494328354155684,0.055478164591514875,0.10915057608243801,0.04363040581531247
2024-11-01,2.876962388105734e-06,0.05453992773386317,-0.018979961554108162,0.04363040581531247,0.27102252317118364,0.07351988928797126,0.3561833778649984,-0.026443655201403158
2024-11-02,8.429308873982772e-06,0.016059534443654083,-0.03067084023553808,-0.026443655201403158,-0.44389099167174306,0.046730374679192194,-0.24169143795006895,-0.03955028969463879
2024-11-03,-2.013858690005189e-05,0.0004025152717556236,-0.054769364194652816,-0.03955028969463879,0.17799950875661516,0.055171879466408634,-0.04206177206973342,-0.02503826729559085
2024-11-04,0.0,0.0053701837486835975,-0.03931054361970722,-0.02503826729559085,-0.0747522094139106,0.04468072736839094,-0.10805372531954023,0.023957780281843068
2024-11-05,2.4589752208374006e-05,0.035776586713391234,-1.8374150076129777e-05,0.023957780281843068,-0.07964796868934079,0.03579496086346733,-0.16719632052642808,0.08437884550580985
2024-11-06,5.9796530258275316e-06,0.08907157785079127,-9.014171393115307e-06,0.08437884550580985,0.9547033142844382,0.08908059202218452,0.8151246858868566,0.10862689883453049
2024-11-07,0.0,0.10862689883453049,-0.003556859975450375,0.10862689883453049,-0.010932674017295281,0.11218375880998081,0.6326982321577485,0.09148863992570766
2024-11-08,0.0,0.12270762319885489,-0.0006273499375230109,0.09148863992570766,0.8392346807680161,0.12333497313637791,1.2621403780069975,0.10647974168224418
2024-11-09,4.499061861506157e-06,0.1069151394156511,-0.034023147472576544,0.10647974168224418,-0.6898591183885721,0.1409382868882275,0.1225065187998048,0.17875863439890274
2024-11-10,-4.0446435683932535e-06,0.2786185978563547,-0.007610708061358606,0.17875863439890274,1.9865537790484582,0.28622930591771323,1.9745158057993446,0.03903596793264708
2024-11-11,-6.866115196528106e-06,0.052694176756583964,-0.03886456374851779,0.03903596793264708,-0.5659503667875565,0.09155874050510182,0.5438222478878774,-0.06719563419241315
2024-11-12,0.0,0.05672543624850375,-0.09494335021786339,-0.06719563419241315,-0.02914223229733874,0.15166878646636706,0.27404911514236124,0.008427278633482947
2024-11-13,4.361843589974005e-05,0.053239389420008575,-0.09615700362369764,0.008427278633482947,-0.23369882231147926,0.1493963930437062,-0.14754639277684434,0.0023142572337434015
2024-11-14,0.0,0.03277393324048664,-0.05854754993641749,0.0023142572337434015,-0.4296122714959082,0.09132148317690425,-0.6396496935129037,0.1500910698993925
2024-11-15,3.626871004773563e-05,0.17232670678392203,-0.0027169032901798364,0.1500910698993925,0.9461892396131012,0.17504361007410182,0.25341393567096915,0.09161881105815395
2024-11-16,0.04260375291656668,0.18575749436096642,0.04248714642301218,0.09161881105815395,0.3541613260919263,0.14327034793795432,0.7067631472948093,-0.050541679022321276
2024-11-17,-4.034250789185895e-06,0.0386070096664087,-0.058113732531705105,-0.050541679022321276,-0.860835488021191,0.09672074219811382,-0.3235619034513171,0.04490264002316533
2024-11-18,-3.411736220161849e-05,0.10445914648596952,-8.970909011594654e-05,0.04490264002316533,-0.033107438720924705,0.10454885557608526,-0.3196978185009574,0.006867437260080743
2024-11-19,0.0,0.038652229807073266,-0.014703641634737696,0.006867437260080743,-0.3693316045020575,0.05335587144181097,-0.6856131554195821,0.07887657135472939
2024-11-20,-6.769230174133486e-06,0.13509629212854674,-0.00022993772319106746,0.07887657135472939,0.8956658626456634,0.13532622985173762,0.20639217645475208,0.024839367664875482
2024-11-21,-3.7236913757213783e-06,0.024928283144523295,-0.0381512264440203,0.024839367664875482,-0.40391444545582006,0.06307950958854353,-0.19418840015724095,0.20824202275356116
2024-11-22,1.4601859063827242e-05,0.23557813416232984,-0.006408304524503854,0.20824202275356116,0.8944295169305563,0.24198643868683375,0.9128854096770282,0.05376660133799598
2024-11-23,-9.438372031638649e-07,0.12213363816603563,-5.898997134846059e-06,0.05376660133799598,0.053433997867948856,0.12213953716317047,0.6947811089945477,-0.04129252412910331
2024-11-24,-3.465976244541282e-05,0.026198581661495166,-0.1171767260940354,-0.04129252412910331,-0.5272335413004187,0.14337530775553065,-0.06615228243824747,-0.07868457064411395
2024-11-25,5.942351846657476e-06,0.0447407489493937,-0.09160383322221345,-0.07868457064411395,-0.17545926764444564,0.13634458217160722,-0.34779449521617495,0.016302015647086818
2024-11-26,-5.294344436196209e-06,0.04415039248496517,-0.07230899048540296,0.016302015647086818,-0.11972588624612159,0.11645938297036819,-0.44292016310258114,0.05279716118448122
2024-11-27,-4.9918163676798534e-05,0.07559553206746537,-0.027200957294111643,0.05279716118448122,-0.09836486575429886,0.1027964893615772,-0.5563130669201406,0.019701101749965456
2024-11-28,1.9998657734285232e-06,0.03149479316299329,-0.03648739070000816,0.019701101749965456,-0.5112923847531884,0.06798218386300134,-0.8952690597203815,0.04108879651703354
2024-11-29,0.0,0.06034571424078392,-0.0029563734117113907,0.04108879651703354,0.35035621599992883,0.06330208765249527,-0.2432566472398776,0.0019332946045756071
2024-11-30,2.6899987343189562e-05,0.0631763170881314,-0.021606002361764146,0.0019332946045756071,0.07678698210725834,0.08478231944989541,-0.042937875366468585,0.06833760761775773
2024-12-01,-5.524375977548923e-06,0.0711391819084568,-0.035812591804524944,0.06833760761775773,-0.040678734819300635,0.1069517737129817,-0.013611585459648764,0.039482001172950386
2024-12-02,2.9408430842041572e-05,0.06325243687016804,-0.08454411619053075,0.039482001172950386,0.8797964073068317,0.14779655306069894,0.9167795966035104,-0.0030418509358517178
2024-12-03,1.2498399262632939e-05,0.09283151015429754,-0.026942892051640986,-0.0030418509358517178,0.03981207898350443,0.11977440220593862,0.7214271773333902,-0.0090599733559006
2024-12-04,-3.581936652041867e-05,0.03449387099647113,-0.041688262425088655,-0.0090599733559006,-0.7094213723544629,0.07618213342155966,-0.25036832179292684,-0.002198910155854089
2024-12-05,-7.158918094741618e-05,0.04208439093692427,-0.05277229428549095,-0.002198910155854089,0.12224841072320544,0.09485668522241521,-0.16154624784184915,0.03841401055577901
2024-12-06,-0.018362722866453594,0.041281321590222186,-0.03582417049207673,0.03841401055577901,-0.3508305382640654,0.07710549208229894,-0.5545358061602488,-0.013831659863666378
2024-12-07,-2.1109375129405164e-05,0.002813046367496687,-0.03142496668580182,-0.013831659863666378,-0.4952242973249293,0.03423801305329842,-1.0476252783530058,-0.014856190184116767
2024-12-08,0.00023471990469223328,0.00653113298378799,-0.03138693704797051,-0.014856190184116767,0.21060371069598194,0.037918070031758476,-0.5981711283075747,-0.17170521575965522
2024-12-09,4.18525242610515e-06,0.00010362966910760337,-0.2282008405799396,-0.17170521575965522,0.6578335705907268,0.22830447024904724,0.36548349389686585,0.012439794002235072
2024-12-10,-2.0113759876428596e-06,0.028013408825316517,-0.09638576051264823,0.012439794002235072,0.04851670004196852,0.12439916933796483,0.3759203195828356,0.06519829876697347
2024-12-11,0.0001284136458848865,0.08375431118476745,-0.043284393516982995,0.06519829876697347,-0.48013540138786504,0.1270387047017505,-0.12395444431647988,0.03263844593109788
2024-12-12,-3.766107637330741e-05,0.07759756551872163,-0.010733344563609092,0.03263844593109788,0.036454977297307796,0.08833091008233064,-0.07681593568896737,-0.004824001001941622
2024-12-13,-8.900873514805042e-06,0.0021922865136288286,-0.03958512882265344,-0.004824001001941622,-0.5107069450367779,0.04177741533628226,-0.6550249025055258,-0.054221473608067235
2024-12-14,0.0,0.010243881748493255,-0.06806870274082338,-0.054221473608067235,1.1623535123337112,0.07831258448931665,0.5370093948367414,0.03810999225321982
2024-12-15,-8.992588421584568e-07,0.04298135730191777,-0.01700349029494155,0.03810999225321982,-1.4354241946506456,0.059984847596859334,-0.9729759148006449,-0.02096053988964477
2024-12-16,-3.819676430591852e-05,0.012625606419563468,-0.046153410183258074,-0.02096053988964477,0.4202286289893682,0.05877901660282158,-0.3514051191012848,-0.025659724106976835
2024-12-17,-9.28170847085547e-06,0.027596270745761035,-0.03160777235810614,-0.025659724106976835,0.027330058979474756,0.05920404310386722,-0.2680794805463763,-0.08233086023972673
2024-12-18,1.927254203141181e-06,0.006086871186325406,-0.08237425276056784,-0.08233086023972673,0.22610430749541208,0.08846112394689316,0.021106831201993033,-0.08951121296766369
2024-12-19,1.9572180448093145e-05,0.019190526408608022,-0.125879929140281,-0.08951121296766369,0.1668642540294663,0.1450704555488892,0.12272322878370459,0.07137093729252961
2024-12-20,-1.4674058533207182e-05,0.07734877858338751,-0.14511745790304212,0.07137093729252961,0.18126884300552507,0.22246623648642974,0.5070826256951039,-0.049928843509515305
2024-12-21,0.0,0.04613124947008918,-0.06644349521568722,-0.049928843509515305,-0.5971018693917777,0.11257474468577638,-0.28274782145442046,-0.024298772794633768
2024-12-22,-7.77431403549913e-06,0.01860670740695163,-0.04707666556756864,-0.024298772794633768,-0.3274910505466658,0.0656833729745202,-0.6109102982057626,0.04568026910129588
2024-12-23,9.04553047521178e-06,0.0620987530837575,-0.02030613333128314,0.04568026910129588,0.152605505714584,0.0824048864150407,-0.4116811141453643,0.01312854391805258
2024-12-24,-3.2889964784594615e-06,0.025073448012855153,-0.03457760220926921,0.01312854391805258,-0.2663526024207448,0.05965105022212445,-0.6055249395618546,-0.021153161470021747
2024-12-25,5.346492834283895e-06,9.712349616582395e-05,-0.035169094965072166,-0.021153161470021747,-0.42888183417418596,0.03526621846123796,-0.8741853182016528,-0.06427128500286139
2024-12-26,-5.395812245137032e-06,0.008444295021587351,-0.07210148457007741,-0.06427128500286139,0.19968331529948993,0.08054577959166491,-0.34814206830158806,0.01727634808405461
2024-12-27,-5.823321668497686e-06,0.05823039011939006,-0.002739315214328414,0.01727634808405461,0.11554456798339997,0.060969705333718496,-0.08773523447807038,0.014806939293635671
2024-12-28,7.972074300656145e-06,0.022942083997700532,-0.007968680954299076,0.014806939293635671,-0.49841737052359125,0.030910764951999656,-0.5382459723561387,-0.033415909251727674
2024-12-29,0.0,0.022415943637647893,-0.04083885423591154,-0.033415909251727674,0.18248507933987612,0.06325479787355953,-0.1762929441457217,0.0016023985993902604
2024-12-30,1.1800968338256026e-06,0.04280825724274182,-0.032740442745359824,0.0016023985993902604,0.40702643005875716,0.07554869998810178,0.3250197073634108,-0.01907811443918452
2024-12-31,8.10881081557204e-06,0.014138841964846688,-0.021476221631398274,-0.01907811443918452,-0.35980592651697246,0.035615063596244986,-0.12318950684666252,0.08387879148858202
2025-01-01,1.130259911741954e-06,0.09668886610775927,-0.005751521006901832,0.08387879148858202,0.31317396383576973,0.10244038711466122,0.2196883753137468,0.0465805277861092
2025-01-02,6.755370310847763e-05,0.06486255060860227,5.456430048873063e-06,0.0465805277861092,0.2590307155596653,0.06485709417855348,0.46794280876083016,0.12594452450850147
2025-01-03,2.0460409434088937e-06,0.14926148544014614,-0.001354219006143325,0.12594452450850147,0.7352962919526064,0.15061570444628938,1.0410132850470277,-0.017556361025373272
2025-01-04,-2.1975291136763212e-05,0.015960852115712704,-0.029339148027360703,-0.017556361025373272,-0.7556586844010977,0.04530000014307344,-0.06549282160627914,0.020387132018801206
2025-01-05,-2.892893295894997e-06,0.03347116035942545,-0.015161045151561522,0.020387132018801206,0.05424018047426154,0.04863220551098697,-0.04345778350057704,0.00060062637620255
2025-01-06,-2.7254926832204656e-06,0.017334532122090008,-0.023473930837633727,0.00060062637620255,0.049048786368764155,0.040808462959723645,-0.07786503566043436,-0.0979760998758001
2025-01-07,-8.716331670414748e-07,0.04994971269724694,-0.09802446924667725,-0.0979760998758001,0.540448499930341,0.14797418194392414,0.41038469664211047,-0.0453459743881128
2025-01-08,8.051320317443742e-06,0.029080753116097854,-0.08235127679010776,-0.0453459743881128,-0.12326163862287251,0.11143202990620564,0.15622925188345474,-0.04535893737276934
2025-01-09,-8.424889033742157e-06,0.01074965590220098,-0.07020055951780144,-0.04535893737276934,-0.380991171276692,0.08095021542000236,-0.1607621897556137,0.027717447861622765
2025-01-10,0.0,0.07009399382417365,-0.00037757151951116043,0.027717447861622765,-0.07634568914558648,0.07047156534368483,-0.25903749087204814,0.06551851149285019
2025-01-11,-2.1117065235229587e-06,0.08386754119224647,-0.01623493317573299,0.06551851149285019,-0.34282481383267976,0.10010247436797957,-0.6032288831618532,-0.026458989990844294
2025-01-12,-3.721898431125641e-05,0.039473104578109625,-0.03151221197223447,-0.026458989990844294,0.23146171882525582,0.07098531655034394,-0.319363257130328,-0.0248933431381307
2025-01-13,-2.166223165368904e-05,0.022962756460926746,-0.08532671917180147,-0.0248933431381307,0.3129869631398315,0.10828947563272838,0.15025170440078536,0.05173936441601863
2025-01-14,-6.372203363876345e-06,0.06372070197332108,-0.0049001445304881425,0.05173936441601863,-0.31420329896639154,0.06862084650380934,-0.09382461198146311,0.08128142922998667
2025-01-15,2.0369258715569816e-06,0.08554513231857494,-0.003952852391523505,0.08128142922998667,0.6809783494063062,0.08949798471009843,0.6257546495962245,0.010091082432932249
2025-01-16,-5.556569106119618e-05,0.054505173394945025,-0.04644389202096391,0.010091082432932249,0.01569018165760054,0.10094906541590885,0.4911947970915989,0.04047158587856672
2025-01-17,-5.467834479282002e-06,0.06531456146169029,-0.0017251626666683274,0.04047158587856672,-0.2107094870069813,0.06703972412835858,0.10025455469352326,-0.02954803785935174
2025-01-18,-1.144712867960132e-05,0.007450677527159483,-0.07544641276912382,-0.02954803785935174,-0.11947557668194445,0.08289709029628323,-0.10073709333896054,-0.10604004360683715
2025-01-19,-2.1742071000209146e-05,0.04035968006191394,-0.11932108702703441,-0.10604004360683715,0.6125354245289858,0.1596807670889484,0.5026293342069301,0.01745483826069329
2025-01-20,-2.2249963183382387e-05,0.10115460508389267,-0.022795431716050377,0.01745483826069329,-0.07805516898259084,0.1239500367999431,0.23692673234391481,-0.0039635861914664025
2025-01-21,1.7846179993053436e-05,0.01796597603205601,-0.054550252759701455,-0.0039635861914664025,-0.48895632985761905,0.07251622879175765,-0.3008697759097444,-0.0231698407736031
2025-01-22,0.0,0.01122414385309761,-0.025427742180868667,-0.0231698407736031,-0.5517835405683753,0.036651886033966345,-0.8026753965578226,0.005941721078627864
2025-01-23,0.0,0.025142702745813067,-0.028830281132053222,0.005941721078627864,0.18949015027248406,0.05397298387786623,-0.5320399515709199,-0.016335300184156375
2025-01-24,-3.3439722759907705e-05,0.019668762266372278,-0.02180265104809061,-0.016335300184156375,-0.2679422219419391,0.041471413314462933,-0.7552111746768607,0.005929877683313422
2025-01-25,6.135340080355893e-06,0.019078916440273715,-0.005479812311331453,0.005929877683313422,-0.5513817595743584,0.024558728751605086,-1.0617250386732833,-0.023204468812145333
2025-01-26,0.0,0.02220200490875946,-0.023204468812145333,-0.023204468812145333,0.07462204684554012,0.0454064737209047,-0.6325814460871649,-0.023216429992423702
2025-01-27,-3.664276948820827e-05,0.002042192813938421,-0.094486695978384,-0.023216429992423702,0.9104770403417783,0.0965288887923225,0.5201845715807069,-0.01820220394953371
2025-01-28,9.647168238290924e-06,0.03592991667647015,-0.030348390858443926,-0.01820220394953371,-0.5915380151386159,0.06627830753491418,-0.16721622862697302,0.026936208362429288
2025-01-29,-6.5062617238766105e-06,0.04508162001823683,-0.011963910005161128,0.026936208362429288,0.06451658223415872,0.057045530023397996,-0.00860214336966124,0.020910853012952296
2025-01-30,1.6973170674427582e-05,0.046830792603916815,-0.0025842935814997126,0.020910853012952296,-0.2683446112256299,0.049415086185416526,-0.25736469408563134,-0.01974063260544387
2025-01-31,-7.256677779583082e-06,0.021497462626672677,-0.02545614558224576,-0.01974063260544387,0.11170872394520556,0.046953608208918494,-0.17202616372953417,-0.0481406399810696
2025-02-01,0.0,0.014566051709195725,-0.05597121909625818,-0.0481406399810696,-0.19585141692386684,0.07053727080545402,-0.4014792720811711,-0.11332332189622865
2025-02-02,-1.0023282891461352e-05,0.013036853512487536,-0.15232201763553385,-0.11332332189622865,0.9925916402980084,0.16535887114802153,0.8002454790355258,0.012172761444410558
2025-02-03,1.6206884298172875e-05,0.026165779682545538,-0.3502471975794335,0.012172761444410558,1.1052977412411948,0.37641297726197903,1.702481331225004,-0.08377181330605106
2025-02-04,3.6722243088419167e-06,0.008432001241626975,-0.12106096598969417,-0.08377181330605106,-1.0752670696413729,0.12949296723132103,-0.017746332983756975,-0.017754492472003152
2025-02-05,-1.6132307925811416e-05,0.03650029230156257,-0.023585687562149238,-0.017754492472003152,-0.6452525104473904,0.06008597986371172,-0.7759827431255005,-0.03914510716467872
2025-02-06,-0.00011186520774451696,0.04199136167547482,-0.043307965236568324,-0.03914510716467872,0.005526643503936753,0.08529932691204305,-0.7856206084455346,0.0028764968585318815
2025-02-07,-1.1328178166962956e-05,0.06181420635926278,-0.01801069574385956,0.0028764968585318815,0.10720688388665901,0.07982490210312236,-0.7070029651921769,-0.007443941512776757
2025-02-08,2.866037447882693e-06,0.010920298280847559,-0.032106968734445324,-0.007443941512776757,-0.5293414517002183,0.043027267015292914,-1.169793650479446,-0.027661281105116453
2025-02-09,-0.00010395381198816258,0.01525392647431436,-0.07052526402747306,-0.027661281105116453,0.20462460087238035,0.08577919050178742,-0.34136519503839524,0.04018357586240647
2025-02-10,0.00010546141736990875,0.04801556666532962,-0.025363607204407723,0.04018357586240647,0.09998611528361952,0.07337917386973736,-0.027121681731975388,0.09228252852777113
2025-02-11,6.893740209868923e-05,0.13807451050715686,6.893740209868923e-05,0.09228252852777113,0.8815836487504299,0.13800557310505818,0.8777999413315165,0.02511819942359651
2025-02-12,-5.123847406746886e-06,0.03241108816417067,-0.034719471238181365,0.02511819942359651,-0.38741653256019437,0.0671305594023522,0.2616331266353668,0.01430862239962206
2025-02-13,1.4990094791762298e-05,0.03404487314153324,-0.03463470751459066,0.01430862239962206,-0.3819652531589734,0.06867958065612383,-0.1798875191977834,-0.01270461493668317
2025-02-14,-3.948028506155751e-05,0.019950310998744572,-0.021950159712866377,-0.01270461493668317,-0.06472456038650505,0.04190047071161103,-0.29999730874314956,-0.024529317700550262
2025-02-15,8.711620240337108e-06,0.015410773265321124,-0.02954759181500891,-0.024529317700550262,-0.4667528921242629,0.044958365080330055,-0.7868607990122889,-0.011724915881528233
2025-02-16,1.2972287112643398e-06,0.007260650121077683,-0.021178751508138475,-0.011724915881528233,-0.09642428393122073,0.02843940162921627,-0.8346970563399314,0.045601947074452816
2025-02-17,-5.172921700563626e-06,0.06871326372824994,-0.0001840026069782537,0.045601947074452816,0.8428493889113864,0.06889726633522833,0.3150037620489662,-0.07137404671100983
2025-02-18,0.0001014966478209641,0.005569714804550719,-0.09039854659280079,-0.07137404671100983,-0.13975937581598888,0.09596826139735137,0.2263439967708079,0.02698637789695835
2025-02-19,2.614363861655731e-06,0.02928273571861311,-0.020293240956110722,0.02698637789695835,-0.24922270583349684,0.049575976674723854,-0.04088151987188985,0.03998331003870906
2025-02-20,-3.932816239924405e-06,0.04735962613502876,-0.001587414927037305,0.03998331003870906,-0.025926326248729648,0.04894704106206607,-0.0443820493346902,-0.055067865765345024
2025-02-21,-1.2447441050819733e-05,0.01537702156467129,-0.06729542776750758,-0.055067865765345024,0.3244109572400258,0.08267244933217903,0.22745228975739576,0.017034867927837663
2025-02-22,0.0,0.02757760674463111,-0.0036580168630405254,0.017034867927837663,-0.5840186714934935,0.0312356236076717,-0.48122047965238995,-0.005711899294987849
2025-02-23,-1.2314190410948602e-06,0.016068817097589307,-0.01691008792679428,-0.005711899294987849,-0.06940803906754707,0.032978905024383685,-0.42388255887954557,-0.12111797117833792
2025-02-24,-1.3158775214051495e-06,0.007178981051902164,-0.12337057081302782,-0.12111797117833792,0.6630847319837074,0.13054955186493003,0.3541764318563034,0.0005569221565743704
2025-02-25,1.4678214227718514e-05,0.015759038011446597,-0.07357497659871809,0.0005569221565743704,0.3158641616375358,0.08933401461016467,0.5971811376081634,-0.056573453514623256
2025-02-26,5.850578240184192e-06,0.01597955564642541,-0.07228606070944676,-0.056573453514623256,-0.41637629058566744,0.08826561635587227,0.020665081621395735,0.0008476400218396247
2025-02-27,2.3285752779651685e-05,0.04999878425634318,-0.026097293149392242,0.0008476400218396247,-0.24007390218094232,0.07609607740573547,-0.1997987714798974,-0.01960593012578822
2025-02-28,-6.185898911041894e-06,3.868408201751463e-05,-0.10336344611021303,-0.01960593012578822,0.47783172543998015,0.10340213019223052,0.24206616468664502,0.04057459725872289
2025-03-01,1.6006264664523925e-06,0.06364460658297594,-0.010030332486481292,0.04057459725872289,-0.6324225668772347,0.07367493906945732,-0.5216788461429984,0.5384074518929429
2025-03-02,2.884061496522687e-05,0.5426172775679622,-0.02014185535042191,0.5384074518929429,2.5694983145814763,0.5627591329183841,2.1269325581049925,-0.2781227996956314
2025-03-03,2.0369275976648677e-05,0.004161269225667441,-0.2982834099571241,-0.2781227996956314,-0.08451686701053875,0.30244467918279166,1.1716609353513359,0.09582729017130912
2025-03-04,-2.3695143304005814e-06,0.10532227519217675,-0.10698394919484618,0.09582729017130912,-0.2634619221933756,0.21230622438702293,0.4598923826855815,0.035565022120935576
2025-03-05,-3.299191555887541e-05,0.07546252296413374,-0.023242171296844753,0.035565022120935576,-0.3138373569975843,0.09870469426097844,-0.09821147634815303,-0.07205164587865814
2025-03-06,8.249904644985004e-06,0.003182523368113398,-0.09350312140732955,-0.07205164587865814,-0.40869095701672453,0.09668564477544289,-0.6296917125255196,-0.10535660427778866
2025-03-07,0.0,0.005644286020656709,-0.11174939382123962,-0.10535660427778866,0.28335727394512783,0.11739367984189647,-0.4258407752884412,-0.014934706087730936
2025-03-08,0.0,0.023490303551563146,-0.02475036720388936,-0.014934706087730936,-1.0776810141612954,0.0482406707554527,-1.3334481344799027,-0.11100145053113157
2025-03-09,-1.4888458226703815e-05,0.01355762662321088,-0.1212194289001482,-0.11100145053113157,0.298807751482189,0.134777055523359,-0.7335791640342237,-0.06831178242558435
2025-03-10,0.0,0.07181529848654915,-0.08554239985348347,-0.06831178242558435,0.16898961191699968,0.1573576983400327,-0.30501038999551894,0.07169148759211437
2025-03-11,-4.430942869192212e-06,0.09721861338733498,-0.028581967206784558,0.07169148759211437,-0.008276873496874676,0.12580058059411955,-0.1388243544653135,0.01763659781606054
2025-03-12,6.508079320860834e-05,0.05241690213908202,-0.013945591395994418,0.01763659781606054,-0.3248471734990149,0.06636249353507642,-0.39193482311709066,-0.04612943189175567
2025-03-13,0.0,0.0039963954726859865,-0.060079509501155655,-0.04612943189175567,-0.12592832247673572,0.06407590497384168,-0.2797670035797952,0.050026937350278605
2025-03-14,-2.800778701387263e-06,0.06352981851955798,-0.0034746619080634755,0.050026937350278605,-0.16318654935666754,0.06700448042762137,-0.44426909572043016,0.013417335809995126
2025-03-15,-6.781387835226646e-06,0.026865392856146017,-0.0070324840405339185,0.013417335809995126,-0.34261295771351313,0.033897876896679925,-0.7104916390845435,-0.05850835455861565
2025-03-16,-1.6010698651835696e-05,-1.4656550036361675e-05,-0.06808274290205533,-0.05850835455861565,0.1132115051740934,0.06806808635201901,-0.4233471939522752,0.017316830598417692
2025-03-17,-1.4188385101096784e-05,0.032562928922597836,-0.0007002004491505726,0.017316830598417692,-0.0650203894602422,0.03326312937174829,-0.2979005090198236,-0.022548911330675898
2025-03-18,-2.822146345274945e-06,5.702225076991849e-05,-0.04866758694853963,-0.022548911330675898,-0.08118545416380364,0.04872460919930957,-0.25392331697651876,0.05826098703274928
2025-03-19,4.244846120026278e-06,0.060706254539453865,-0.0011529727911959342,0.05826098703274928,0.4527878309900773,0.0618592273306498,0.31626130619356296,-0.03651313786010692
2025-03-20,4.300860833566351e-05,0.010738964847492169,-0.04207270251117366,-0.03651313786010692,-0.25414382905969585,0.052811667358665666,0.041940880692422286,-0.01743293788592205
2025-03-21,-3.904399369708978e-05,0.011893827006335525,-0.022212344184912677,-0.01743293788592205,-0.25234780723980216,0.0341061711912482,-0.24174970773903898,-0.005939972968616798
2025-03-22,4.3111006913040545e-06,0.014205505737436331,-0.008538449642253957,-0.005939972968616798,-0.36646157702143434,0.02274395537969008,-0.5728389016004165,0.0121480192174922
2025-03-23,0.0,0.020089556510064544,-0.011027309676880082,0.0121480192174922,0.24478984029674408,0.031116866186944717,-0.2517973772710755,0.02983484434644718
2025-03-24,-7.0567320089947815e-06,0.04751494772610611,-0.003896161842240706,0.02983484434644718,0.4244682866604442,0.051411109568346804,0.2029287111368838,0.01924599070472925
2025-03-25,1.3861630512938521e-06,0.045913522133478366,-0.012058821034939032,0.01924599070472925,0.1757957304101843,0.05797234316841758,0.43566605857278595,-0.023266435915907803
2025-03-26,-9.358261235132223e-06,0.036343105686699004,-0.03172306997635025,-0.023266435915907803,-0.12919945329959234,0.06806617566304922,0.24574264746891064,0.013113068722693034
2025-03-27,2.063040796140511e-05,0.021113008698432932,-0.007310328870896106,0.013113068722693034,-0.48947663438078914,0.028423337569328928,-0.3164322271088213,-0.04452014460502918
2025-03-28,1.3736163289597222e-06,0.00967686442642697,-0.06584433129240422,-0.04452014460502918,0.3179252631357973,0.07552119571883116,-0.02760573202448114,-0.045864717230381095
2025-03-29,-2.8723093747226126e-06,0.007954889507289344,-0.0649453786359248,-0.045864717230381095,-0.20510009841016114,0.07290026814321414,-0.2818338099982156,-0.01980237788292903
2025-03-30,-1.9281070782866487e-05,0.018815143453555963,-0.03291796931803148,-0.01980237788292903,-0.2721820353896927,0.05173311277158745,-0.4932028767851085,0.0011178393812490356
2025-03-31,-1.668959832554622e-05,0.004551352198113461,-0.04567334437833358,0.0011178393812490356,0.43212504746660774,0.05022469657644705,0.0941427930173819,0.024208439595298316
2025-04-01,-1.5319137509473996e-06,0.04606463082174155,-0.0035317910666574632,0.024208439595298316,-0.09247282795382283,0.049596421888399043,0.05630982156390554,-0.05461245051384484
2025-04-02,-1.0291047083833562e-05,0.04045130930471411,-0.06158922440862577,-0.05461245051384484,0.3426897320520872,0.1020405337133398,0.3646884159621898,0.01303727332360178
2025-04-03,-5.76890625645561e-05,0.02250072377223859,-0.04204104294033631,0.01303727332360178,-0.10357529548452245,0.06454176671257486,0.209091966528211,0.015856844616165874
2025-04-04,6.143287035510691e-06,0.028019664309482134,-0.03184182534847014,0.015856844616165874,0.06754955605340775,0.05986148965795238,0.21358234342664498,-0.008787109398936814
2025-04-05,-1.976465351699067e-05,0.008973116331336545,-0.022499785186388652,-0.008787109398936814,-0.8399861328529964,0.031472901517725256,-0.7378328728635766,-0.13360843282662377
2025-04-06,0.0,0.0001404728566282229,-0.1530100488278908,-0.13360843282662377,0.8490246583161456,0.15315052168451893,0.198027476014964,0.021823886531373782
2025-04-07,1.748186984450416e-05,0.040754328478518974,-0.10397976518507056,0.021823886531373782,0.744160129533104,0.14473409366358944,0.8782722163659212,-0.04819011934718011
2025-04-08,6.821466094900154e-06,0.05196469039438783,-0.054416750755467126,-0.04819011934718011,-0.46306604189111594,0.10638144114985507,0.19495702099907994,0.12421996896198974
2025-04-09,-3.397563669392049e-05,0.14327034131741942,-0.03627360186112407,0.12421996896198974,0.27679337873591564,0.17954394317854358,0.40121104046756895,-0.0359229783841432
2025-04-10,2.6986417341530538e-05,0.0011186649766630028,-0.07148790477096183,-0.0359229783841432,-0.5808728306347128,0.0726065697476248,-0.30123226382309176,0.023962836260548022
2025-04-11,1.1541591838099206e-05,0.04377270053108328,-0.004521233247953888,0.023962836260548022,-0.0956385288978852,0.04829393377903723,-0.4767885809546239,0.05408089702346029
2025-04-12,-1.6234112711975797e-06,0.06473653367244743,-0.010385988538618317,0.05408089702346029,-0.21420745553151116,0.07512252221106575,-0.6752356521464722,-0.032043075960270784
2025-04-13,4.613828231234301e-06,0.011266614402382504,-0.04183262288019677,-0.032043075960270784,-0.018011324820691555,0.05309923728257919,-0.47374430651006677,-0.005029289688117619
2025-04-14,-4.670672297555607e-06,0.027241406480542404,-0.01262967360937531,-0.005029289688117619,0.05591527382097176,0.03987108008991773,-0.3015816543284749,-0.04134067107923569
2025-04-15,1.5960303532032728e-06,0.019690755237226437,-0.04364154153259949,-0.04134067107923569,0.038223779109522,0.06333229676982596,-0.041277664389839985,0.0020597049780218956
2025-04-16,0.0,0.021757346400656217,-0.019614483655944228,0.0020597049780218956,-0.09960363656111615,0.041371830056600514,-0.08903167704839425,0.009596394291856934
2025-04-17,0.0,0.030352834669240675,-0.0010981377607363768,0.009596394291856934,-0.36302565916360746,0.03145097242997719,-0.40172101796288184,0.01791402938631711
2025-04-18,0.0,0.02407250953182124,-0.00838973641998533,0.01791402938631711,-0.17579623065197583,0.03246224595180647,-0.5122897702377701,0.000810935326297414
2025-04-19,0.0,0.010522324179886773,-0.012302755265080192,0.000810935326297414,-0.11390458664742695,0.022825079444966895,-0.535527153557671,-0.013099168764133216
2025-04-20,-1.120048188663536e-05,0.009443260705155622,-0.02815918303811558,-0.013099168764133216,0.06237966637011588,0.03760244374327122,-0.34300305924850105,0.0066864389923205906
2025-04-21,0.0,0.046382294591893296,-0.0034473911569885204,0.0066864389923205906,0.5855254168922046,0.049829685748881844,0.39453345290939357,0.08663255485486901
2025-04-22,-6.400493697767734e-06,0.09172535032412625,-0.008957481911450235,0.08663255485486901,0.26590174074570416,0.10068283223557652,0.6618703698707273,0.024910343563075713
2025-04-23,-2.4966836814818354e-05,0.04997198613009196,-0.002917275184907605,0.024910343563075713,0.12424225652101965,0.052889261314999686,0.6206103914366708,0.03418836334198767
2025-04-24,1.4525912454326373e-06,0.05782393057637269,-0.0380964408175128,0.03418836334198767,0.06209863896254219,0.09592037139388551,0.48028124079150614,-0.01070501966006347
2025-04-25,0.00020922239855748954,0.008111684007561258,-0.025926575128430555,-0.01070501966006347,-0.07623335536968556,0.03403825913599189,0.20872575306484023,-0.009313096317041842
2025-04-26,-3.639070935572216e-05,0.026258994959242856,-0.016620124004038995,-0.009313096317041842,-0.3720038979218287,0.042879118963282,-0.30496267051076886,-0.00502446606778317
2025-04-27,-1.1373051201436661e-05,0.013353150124848652,-0.021515402548016756,-0.00502446606778317,-0.14042837264616184,0.034868552672865254,-0.445980202848193,0.0021355179788309763
2025-04-28,5.672786319090553e-06,0.033820526098887006,-0.028276333755137127,0.0021355179788309763,0.445000133865084,0.06209685985402406,0.0645375479156225,-0.013054691627204339
2025-04-29,0.0,0.017081327597927916,-0.021728898334487903,-0.013054691627204339,-0.0644813716293165,0.03881022593241573,0.018352819311854677,-0.02089668011936816
2025-04-30,0.0,0.009292720803527688,-0.04319256082586626,-0.02089668011936816,-0.23302084800814993,0.05248528162939389,-0.16638494750118765,0.03388622931973053
2025-05-01,7.342061121183636e-06,0.04567998309670287,-0.00015253477199555574,0.03388622931973053,-0.09903066792782307,0.045832517868698526,-0.1879054190215455,-0.010534012967329727
2025-05-02,1.351896334557221e-06,0.026450390014828577,-0.022015842360294233,-0.010534012967329727,0.13648045569061068,0.048466232375122854,-0.035331852399835044,0.00426713084621579
2025-05-03,0.0,0.04251209823716564,-0.007660594193182909,0.00426713084621579,0.12099346052025454,0.05017269243034858,0.05358354512912227,-0.035330134267913746
2025-05-04,0.0,0.017456643810388528,-0.040221754700622746,-0.035330134267913746,-0.10087535711163265,0.057678398511011225,-0.015304808437055135,-0.0204774038896725
2025-05-05,0.0,0.01917383576608629,-0.031058507053492126,-0.0204774038896725,-0.007166790417172936,0.05023234281957848,0.0160349580904604,0.022971690377216174
2025-05-06,0.0,0.025309887350977497,-0.028063870440762945,0.022971690377216174,-0.165068235328934,0.053373757791740535,-0.15897302221221088,-0.010664268306496605
2025-05-07,-2.205384468234035e-05,0.013845709949199021,-0.032729931369423315,-0.010664268306496605,0.037830625802294876,0.04657564131862245,-0.11845016844658054,0.1329241264529783
2025-05-08,3.2857296236472744e-05,0.1351873988007252,-0.0006109871451938785,0.1329241264529783,0.7870860861688453,0.13579838594591903,0.6903803650034066,0.014384577735868494
2025-05-09,0.00017865708693428945,0.06265598417320788,-0.014115505151905695,0.014384577735868494,0.10024850204753236,0.07677148932511355,0.634336602314434,0.0785612757550867
2025-05-10,2.605794889396478e-06,0.07880490107387138,-0.006030644170781687,0.0785612757550867,-0.041514879148585954,0.08483554524465316,0.41089990978659213,-0.04408764422622503
2025-05-11,-1.9058976160138683e-05,0.0027100417976649188,-0.0701641902766641,-0.04408764422622503,-0.2720657464099332,0.07287423207432912,-0.004924213347017775,0.015591083136388802
2025-05-12,1.2587480675877948e-06,0.06706264603660797,-0.0222852491927504,0.015591083136388802,0.6111795689946325,0.08934789522935838,0.5191126022340201,0.016883802248544424
2025-05-13,-3.6449354642027224e-06,0.027891314376279727,-0.054501641285432965,0.016883802248544424,-0.41791872503638927,0.08239295566171267,-0.10852949143221488,-0.03929190637974178
2025-05-14,2.2865053572750794e-05,0.00018878230381793527,-0.05031403997130599,-0.03929190637974178,-0.14292069275712893,0.05050282227512396,-0.2478057665162376,-0.04905896242554613
2025-05-15,8.722374534638306e-06,0.012633705805064462,-0.0681471871093033,-0.04905896242554613,0.10992163206354137,0.08078089291436774,-0.08973475423167664,-0.002597812251674591
2025-05-16,3.946197048845481e-05,0.03070434289745464,-0.011013532160379603,-0.002597812251674591,-0.5207486028776213,0.041717875057834156,-0.5886178596533954,-0.02248677591848774
2025-05-17,0.0,0.027292911312984967,-0.040043393163404405,-0.02248677591848774,0.24609115392468384,0.06733630447638922,-0.29314191110955107,0.024273785518501647
2025-05-18,0.0,0.04331364296777605,-0.024223372823405673,0.024273785518501647,-0.035566567916306975,0.06753701579118168,-0.15552430238966158,-0.023361005972586262
2025-05-19,-3.549889524756878e-05,0.0034215638788110143,-0.06604286126115497,-0.023361005972586262,-0.07768918461856553,0.069464425139966,-0.16053445126599847,0.0035815063515249094
2025-05-20,0.0,0.012606890079023825,-0.026235293656082133,0.0035815063515249094,-0.19221862951878274,0.03884218373510585,-0.296617572042695,0.03296153214195824
2025-05-21,-9.43155083961399e-06,0.047581923881581764,-0.008435353173875155,0.03296153214195824,0.4337261427128745,0.05601727705545689,0.26141625236000926,0.04740901726528149
2025-05-22,5.1815264661329295e-06,0.04953136519248708,-0.0010709866391301695,0.04740901726528149,-0.044079377412242354,0.050602351831617313,0.1393482130970934,-0.07949803625090865
2025-05-23,2.2273920993579867e-05,0.03821420694256557,-0.08132846581454542,-0.07949803625090865,0.30542431865445,0.11954267275711095,0.4263830775428691,0.0010873982134599592
2025-05-24,6.708075724594104e-06,0.025858607957178308,-0.004829495235194341,0.0010873982134599592,-0.8646305544573584,0.030688103192372758,-0.5390854183604027,0.016973854815252386
2025-05-25,0.0,0.017000128157697122,-0.023395481828970516,0.016973854815252386,0.09370473733016509,0.04039560998666772,-0.3931941684809168,-0.0005633567170887925
2025-05-26,0.0,0.020445308725872424,-0.0092905778187237,-0.0005633567170887925,-0.026428706522245504,0.029735886544596257,-0.408928718830639,-0.0011486426234647799
2025-05-27,0.0,0.020090292971715253,-0.018416049408873533,-0.0011486426234647799,0.08704939898454864,0.03850634238058872,-0.22291005914366066,-0.015660792647545465
2025-05-28,0.0,0.002181599851983043,-0.03379604130741405,-0.015660792647545465,-0.16877478364616222,0.03597764115939708,-0.30843533678267687,-0.03342454598729457
2025-05-29,0.0,0.02328957733422745,-0.033767953278438845,-0.03342454598729457,0.18992972469169156,0.057057530612666295,0.11337896630096364,-0.04678296918766272
2025-05-30,0.0,0.006555635892522085,-0.05001013705880174,-0.04678296918766272,0.3538683957572188,0.056565772951324034,0.4318283406293434,-0.0047302410153047016
2025-05-31,4.323384677612271e-06,0.00767656361960947,-0.046368000185891156,-0.0047302410153047016,-0.23590935884009187,0.05404456380550074,0.09266243216861823,-0.0016046176774074362
2025-06-01,0.0,0.0014448639596854403,-0.043744499167009815,-0.0016046176774074362,-0.3010565802564541,0.04518936312669523,-0.2518490933953605,0.006842469230790226
2025-06-02,-1.479296570162082e-06,0.009482259943103815,-0.0291894068593879,0.006842469230790226,0.06946889287346382,0.038671666802491685,-0.1546688407008095,-0.007368192379860754
2025-06-03,4.3211906434820815e-06,0.0231538831632795,-0.01825079619332148,-0.007368192379860754,-0.1330225853480055,0.04140467935660093,-0.3001999647070261,-0.02773072042591514
2025-06-04,-1.4800744756096707e-06,0.02413474965024202,-0.030707097991069767,-0.02773072042591514,-0.04939863807606696,0.05484184764131179,-0.30727764084554565,-0.05926282460866317
2025-06-05,0.0,0.0342648327335509,-0.06973541915341883,-0.05926282460866317,0.4982262514921872,0.10400025188696979,0.33556199505618534,0.04491784293093332
2025-06-06,0.0,0.0668359975918226,-0.006047820217133663,0.04491784293093332,-0.3154265221319335,0.07288381780895632,-0.002207668295249205,0.013022563563327655
2025-06-07,0.0,0.02106967821257472,-0.007152219919487223,0.013022563563327655,-0.517564660449398,0.028221898132062023,-0.5331455297857087,0.007324893878022724
2025-06-08,-2.9577844831877504e-06,0.020325565955813557,-0.016716131599400844,0.007324893878022724,0.26410030283404257,0.037041697555214255,-0.18622630822188382,0.05114464964933497
2025-06-09,1.5125835608663159e-06,0.05384996615728267,-0.018516426733295066,0.05114464964933497,0.22029056372468797,0.07236639289057768,0.05547024355118301,0.015288478659644087
2025-06-10,2.789794913377186e-06,0.019294914182124572,-0.025673868769446037,0.015288478659644087,0.31442710240198674,0.04496878295157063,0.34094134413268895,-0.02511458833319887
2025-06-11,5.578183972190122e-06,0.01998023563119714,-0.033815157910732294,-0.02511458833319887,-0.11411109871093635,0.05379539354192957,0.23665582922097103,-0.050405851090611006
2025-06-12,0.0,0.0013869652000867557,-0.058049805724724464,-0.050405851090611006,-0.09484591796666712,0.059436770924811234,0.1035476735046072,-0.033239539354181794
2025-06-13,-3.0079366880972676e-05,-3.0079366880972676e-05,-0.06773320476076092,-0.033239539354181794,0.42156000380013064,0.06770312539387993,0.43085086640616993,-0.027130072721370926
2025-06-14,1.5779806721213861e-06,9.968635932233258e-05,-0.043353432346413576,-0.027130072721370926,-0.9379644943732438,0.043453118705735795,-0.6572303054893064,0.01414078292340194
2025-06-15,6.390119159074232e-06,0.01694504521241256,-0.005220421973602614,0.01414078292340194,-0.15783636619925012,0.022165467186015062,-0.7609470609655224,-0.003505405442761764
2025-06-16,0.0,0.035539861849223774,-0.012484343545440235,-0.003505405442761764,0.6497741872109509,0.04802420539466415,0.031039233935339274,-0.03411061102101629
2025-06-17,-0.0003135337993315431,0.016148964620482795,-0.049757050282656735,-0.03411061102101629,0.05770984904463412,0.06590601490313946,0.11524031740585582,-0.01153326994884836
2025-06-18,1.6598898408571916e-06,0.016757762999529736,-0.03450456351817389,-0.01153326994884836,0.006297279275504826,0.0512623265177035,0.11422631485704089,-0.0021964616572779784
2025-06-19,3.358286388971689e-06,0.012180125346030064,-0.02070164900236341,-0.0021964616572779784,-0.4220995056474641,0.03288177434839346,-0.19771506335920194,-0.04216532697933583
2025-06-20,3.3656708307390745e-06,0.006286191307672477,-0.06722804349567943,-0.04216532697933583,0.47302572873112336,0.07351423480335184,0.25495898940084655,-0.04056665490963804
2025-06-21,1.7553113526991573e-06,0.01730241893175137,-0.054474525325924346,-0.04056665490963804,-0.10055290840115988,0.07177694425767571,0.025175555225686694,-0.024345170487053792
2025-06-22,1.268827982541448e-05,0.014933537200256905,-0.07709475528528602,-0.024345170487053792,0.5318684003919649,0.09202829248554281,0.5541199255490372,0.07527091338822031
2025-06-23,4.065500390110388e-05,0.07888016703513161,-0.018910320443389014,0.07527091338822031,-0.11601196791055869,0.09779048747852066,0.3118931083420292,0.006994476826263038
2025-06-24,0.0,0.016813765728188518,-0.009789289935453614,0.006994476826263038,-0.2644665055039353,0.02660305566364218,-0.033027488367215405,-0.035151178735155685
2025-06-25,3.348746531196772e-06,0.004457387899736689,-0.0396792644691417,-0.035151178735155685,-0.25145904311855355,0.04413665236887853,-0.3604329487390641,-0.023299512117270053
2025-06-26,0.0,0.0235134795760878,-0.027778631460660584,-0.023299512117270053,-0.02967593815082123,0.05129211103674839,-0.35863254568008074,0.008524573575758865
2025-06-27,0.0,0.01342523228825664,-0.014530557714545067,0.008524573575758865,-0.1981731296676994,0.027955790002801753,-0.5372584672925714,0.01233145720769729
2025-06-28,7.1470192528738105e-06,0.016865973031640332,-0.004644186028700115,0.01233145720769729,-0.29365596065190275,0.021510159060340275,-0.6574497787618,0.02166405413607379
2025-06-29,0.0,0.029167583364190907,-0.017738226090859958,0.02166405413607379,0.4590979542458204,0.04690580945505092,0.01090987942571755,-0.01037212899197048
2025-06-30,0.0,0.018377475786200498,-0.03491940018830542,-0.01037212899197048,0.24694291165882465,0.05329687597450589,0.3353281900244931,-0.05379306371838468
2025-07-01,0.0,0.006694563949553093,-0.06070604978341025,-0.05379306371838468,-0.04407123501027005,0.06740061373296322,0.24520500095202388,0.07451646359794446
2025-07-02,0.0,0.09805328541094795,-0.0030332121636023304,0.07451646359794446,0.32775710172441463,0.10108649757455035,0.5337549242887011,0.025334571301925738
2025-07-03,-1.734768136276393e-06,0.04422402966511538,-0.0013242993470952479,0.025334571301925738,-0.24039303145458854,0.045548329012210766,0.13547801423022965,-0.044713054441566535
2025-07-04,-1.6913705429105446e-06,0.006050885740872906,-0.05973915938132842,-0.044713054441566535,-0.2824129460343147,0.06579004512220124,-0.26094626051194464,0.005252468421544949
2025-07-05,0.0,0.017232725406332337,-0.0038020414018542607,0.005252468421544949,-0.6195724449096541,0.02103476680818659,-0.8817184991863768,0.01739407138751482
2025-07-06,0.0,0.027266385977558205,-0.007685218753914667,0.01739407138751482,0.2642869575154747,0.034951604731472914,-0.49793459568350923,-0.009903668441168896
2025-07-07,-6.814737347604287e-06,0.01113204416844732,-0.019399883536420075,-0.009903668441168896,0.3825040618201704,0.030531927704867397,-0.021995899846001178,0.014094366483973064
2025-07-08,1.7463146213256978e-06,0.019140483810998875,-0.011680440266307799,0.014094366483973064,-0.1016296026581954,0.03082092407730674,0.010479005853011448,0.057798454075539255
2025-07-09,0.0,0.062339859895640816,-0.006799862554454909,0.057798454075539255,0.6292129443281016,0.06913972245009552,0.7303392827057172,0.08182006912075454
2025-07-10,0.0,0.08499245795865287,-0.008601657865834913,0.08182006912075454,0.1355283834010142,0.09359411582448778,0.7030860700526447,0.04885429864565062
2025-07-11,-4.492503663096605e-06,0.1325066783488943,-0.010533451205077385,0.04885429864565062,0.8949584659404404,0.14304012955397177,1.3395502732870643,-0.0031420087267313088
2025-07-12,0.0,0.03207289669078453,-0.029041515360211816,-0.0031420087267313088,-0.771238996195892,0.06111441205099633,0.06522636583093064,0.04006761344050827
2025-07-13,0.0,0.062202563655188434,-0.003132158521818381,0.04006761344050827,0.16164957164896707,0.0653347221770068,0.11686903250970761,-0.003964415980189392
2025-07-14,-2.748799502207012e-06,0.03756282326842541,-0.018511380182832,-0.003964415980189392,0.14025173712303804,0.05607420345125747,0.12072181195849452,0.01686151162591777
2025-07-15,-1.3636330431202241e-05,0.018837273552663382,-0.03127788243832832,0.01686151162591777,-0.16423438596518491,0.05011515599099182,-0.13600966170860354,0.023457913224639165
2025-07-16,0.0,0.0480181667006491,-0.017219770530459807,0.023457913224639165,0.008135030951184181,0.06523793723110877,-0.1672427180076728,0.07462344236295018
2025-07-17,0.0,0.09072671146174699,-0.02886469009243517,0.07462344236295018,0.5447920292706068,0.1195914015541821,0.5365970942315265,-0.009670495858456838
2025-07-18,-8.986846648905932e-05,0.07974826454356418,-0.028329583897429667,-0.009670495858456838,0.14426807582000292,0.10807784844099386,0.5233653582173531,0.017596202785075767
2025-07-19,4.894854685729424e-06,0.023740968118436217,-0.012537529495118375,0.017596202785075767,-1.071447441688688,0.03627849761355462,-0.7011221320093529,0.033636707580901495
2025-07-20,-8.470479124104373e-06,0.05330016691954031,-0.007022984233028156,0.033636707580901495,0.5139743311074275,0.06032315115256849,-0.11374394614868404,0.03622690996535834
2025-07-21,-2.2905001817038345e-06,0.07934695530945948,-0.017147715772930488,0.03622690996535834,0.3536298397494895,0.09649467108238989,0.21687659022929132,0.013961660914431188
2025-07-22,-2.1353942365312537e-05,0.018455641112789127,-0.04069215975882636,0.013961660914431188,-0.17329845401230975,0.05914780087161544,-0.047640635020181926,-0.10096314915675814
2025-07-23,6.601123233805826e-06,0.0005657560925220627,-0.12939986132211345,-0.10096314915675814,-0.06199359829708891,0.12996561741463555,-0.05833620881183574,-0.013137394269405696
2025-07-24,-4.892635674210602e-06,0.024777737413680202,-0.0639579036508841,-0.013137394269405696,0.05931417236574694,0.08873564106456427,0.11081980574786753,0.012945029935146332
2025-07-25,2.5156538408934387e-06,0.013163098469561103,-0.035226910231834434,0.012945029935146332,-0.3677708469062256,0.04839000870139534,-0.36270586310380454,0.004559012951610757
2025-07-26,-2.4541164225243746e-05,0.025888780584150256,-0.0037247228577521416,0.004559012951610757,-0.5104297962935588,0.02961350344190244,-0.8435638857809984,0.014777994315398172
2025-07-27,-2.4720090417654983e-06,0.022144920383282415,-0.005317803329350934,0.014777994315398172,0.108904269157168,0.027462723712633322,-0.5592909850440525,-0.050681913684316536
2025-07-28,0.0,0.02609265973174314,-0.052992072524976876,-0.050681913684316536,0.29260294672695547,0.07908473225672003,-0.12388395733687792,-0.010707093769332786
2025-07-29,-8.81761741883696e-06,0.02257328746634551,-0.024814370413984984,-0.010707093769332786,-0.27467759708199285,0.04738765788033044,-0.3025737514692235,-0.02461982794739138
2025-07-30,0.0,0.007451051321986773,-0.05227396928381617,-0.02461982794739138,0.1797022374713107,0.059725020605802925,0.05805415611837033,-0.031101999892738902
2025-07-31,-2.2251303331994926e-05,0.03127007874378831,-0.03356561851146627,-0.031101999892738902,-0.18963498617415153,0.0648356972552546,-0.08245530976494672,-0.033516237853502
2025-08-01,-5.39621399216446e-06,-5.39621399216446e-06,-0.05441878773501498,-0.033516237853502,0.4095149022343197,0.05441339152102279,0.3069449991583767,-0.025468800944823605
2025-08-02,-5.030567360774371e-05,0.015507892090709467,-0.041583999564141876,-0.025468800944823605,-0.46794863595040587,0.05709189165485136,-0.24973510397613952,0.041147246448150335
2025-08-03,0.0,0.043953588772336204,-0.009554286619675808,0.041147246448150335,-0.19605489061588505,0.05350787539201194,-0.37990790143199465,0.03756999020989647
2025-08-04,2.78765070743766e-06,0.042466469621615786,-0.0014687782700415649,0.03756999020989647,0.1651059737407679,0.043935247891657404,-0.17251882884506498,-0.03886380662154631
2025-08-05,1.3424318097094057e-06,0.005949302187043428,-0.05385502096810769,-0.03886380662154631,0.05647225029924062,0.05980432315515109,-0.06035749851507033,0.021471946152414854
2025-08-06,6.896039333705074e-06,0.028867132338030132,-0.02032114533519354,0.021471946152414854,-0.24423029830740733,0.049188277673223715,-0.2982682230381973,0.058387664388377246
2025-08-07,0.0,0.059716903325832245,-0.009303148121767975,0.058387664388377246,0.36441408523610247,0.06902005144760011,0.22455527959742155,0.006067573435562469
2025-08-08,1.6523127679925227e-05,0.02266976985487194,-0.01075584446729521,0.006067573435562469,0.2302490783572616,0.03342561432216701,0.42142260170192725,0.016117269588880732
2025-08-09,-3.842158262308682e-06,0.03512486468090624,-0.0005765641496512856,0.016117269588880732,-0.27060062075795727,0.03570142883055764,0.026142490447127218,-0.00217643027034026
2025-08-10,2.3573637409707152e-05,0.03508463770105547,-0.01990238848229424,-0.00217643027034026,0.05372953594465534,0.054987026183349726,0.054048700191564936,-0.035925506769020836
2025-08-11,0.0,0.03665685545565272,-0.0431806183966813,-0.035925506769020836,0.26896194068945223,0.07983747385233418,0.29695893932979717,0.08329205052221118
2025-08-12,-1.0319510528769209e-05,0.0980834199887329,-0.008070178528558923,0.08329205052221118,0.33912911497026627,0.10615359851729178,0.5154774588228711,0.07412125763123026
2025-08-13,0.0,0.08738714617787002,-0.008551623068823186,0.07412125763123026,0.17140730020882491,0.09593876924669333,0.5427834498397943,0.021252233539002657
2025-08-14,-1.1185038734351875e-06,0.11512977004295655,-0.027709432613313233,0.021252233539002657,1.0251325295653462,0.14283920265626968,1.4298183493436847,0.01974471905975245
2025-08-15,1.410586269639175e-05,0.03784682912480782,-0.012188944655306247,0.01974471905975245,-0.5663933894475096,0.050035773780114014,0.3296860207970844,-0.024186223277917796
2025-08-16,6.378279797672969e-06,0.0327506885070567,-0.043306695436788875,-0.024186223277917796,-0.4645170785969929,0.07605738394384554,-0.3150543730069968,0.04313291793495027
2025-08-17,1.7403476936826468e-05,0.06671099851977154,-0.015739513988181127,0.04313291793495027,-0.0669819467148605,0.08245051250795277,-0.43827205015136417,-0.04099359117408582
2025-08-18,-1.976742539677097e-05,0.004256436488664176,-0.07264536160813002,-0.04099359117408582,0.04946871953322933,0.07690179809679441,-0.4008512716709792,-0.0885227058705171
2025-08-19,-2.0594610300962026e-05,0.02918789577572969,-0.08865052306896065,-0.0885227058705171,0.19718298336588957,0.1178384188446903,-0.2005068298829108,0.04147277363961306
2025-08-20,3.3150799392218e-05,0.05295150353767521,-0.00625948001112393,0.04147277363961306,-0.2465615450958421,0.059210983548799154,-0.19895792208869517,-0.03441877018156873
2025-08-21,0.0,0.011190295232853,-0.03735364383968868,-0.03441877018156873,-0.5264912056506338,0.048543939072541564,-0.6033273418209364,0.08866281005361917
2025-08-22,-3.5019552817249026e-06,0.0984052912871693,-0.03297164187387233,0.08866281005361917,0.784174685814018,0.1313769331610416,0.27364627605974956,-0.0182180343875501
2025-08-23,-2.1151855032080246e-06,0.00393565182154795,-0.041302806854715456,-0.0182180343875501,-0.6459431196004215,0.045238458676263506,-0.4303299472587677,-0.003868940533249857
2025-08-24,1.6383859601043197e-05,0.05014543970400539,-0.02660098093882392,-0.003868940533249857,0.36204932416199237,0.07674642064282922,0.0058053091628528725,-0.08243255717277705
2025-08-25,2.2279464428078467e-06,0.01703509996426131,-0.08792016748222374,-0.08243255717277705,0.10156367798332966,0.10495526744648517,0.17253199528251764,0.03409321512455005
2025-08-26,-7.187026605787957e-06,0.04229774975082669,-0.006623825395450097,0.03409321512455005,-0.515931754676682,0.04892157514627676,-0.360503182596484,-0.01925341569642442
2025-08-27,-6.946126769238455e-06,0.009771144709439405,-0.01932282724636591,-0.01925341569642442,-0.06322857599645057,0.029093971955805497,-0.43514791408803266,0.008892807195854582
2025-08-28,4.697375278574182e-06,0.03205246395839075,-0.00746410029991355,0.008892807195854582,-0.09568711852195994,0.03951656425830431,-0.37096645430062186,-0.03634234772800668
2025-08-29,9.31155374806289e-06,0.005666214539968563,-0.054568547873994316,-0.03634234772800668,0.3329277912241995,0.060234762413962875,-0.005039098011419503,-0.005737381410868326
2025-08-30,2.053728639907471e-05,0.017635109151160386,-0.022032967036423653,-0.005737381410868326,-0.7458552939758959,0.039668076187584146,-0.6953106262359587,-0.013519848093527947
2025-08-31,8.552134500380008e-06,0.017514649500299777,-0.013962410916400301,-0.013519848093527947,-0.14812915370034058,0.03147706041670023,-0.6248594020793597,-0.013868929172359197
2025-09-01,3.6731204862357615e-06,0.037883708428020045,-0.032043893056805765,-0.013868929172359197,0.8216010786182266,0.06992760148482582,0.3165271505478696,0.04208564979732926
2025-09-02,4.9907163365873855e-06,0.042267750758747086,-0.0010715694261707088,0.04208564979732926,-0.2417414446163343,0.04333932018491779,0.03391682231268685,0.002332595630208923
2025-09-03,-1.2141176890158468e-06,0.010053743945396904,-0.008695925277843974,0.002332595630208923,-0.3382972090027398,0.018749669223240863,-0.30822696301081376,-0.03236769723729893
2025-09-04,0.0,0.005740601522844488,-0.03945549406716441,-0.03236769723729893,-0.009386606696087919,0.04519609559000901,-0.1723322110088518,0.02581809315667812
2025-09-05,-2.0975150960238272e-05,0.04370616907112173,-0.005083977486080743,0.02581809315667812,0.3774607281594604,0.04879014655720254,0.19164961032981737,-0.015299301071054117
2025-09-06,0.0,0.005045835338085013,-0.018993523412055385,-0.015299301071054117,-0.7795246476952413,0.024039358750140315,-0.6927529735483442,0.020088851696047186
2025-09-07,1.2380439996619373e-06,0.026958154755794682,-1.2234870181238454e-05,0.020088851696047186,0.2168461277812577,0.02697038962597605,-0.29006948384187276,0.03528840885742817
2025-09-08,0.0,0.03928017455488799,-0.0046343596070573066,0.03528840885742817,0.6643948526984059,0.04391453416194537,0.48562415027976985,-2.4254108643722245e-05
2025-09-09,4.61648244782137e-06,0.032506611881002054,-0.013202712738060025,-2.4254108643722245e-05,0.21307572659459845,0.04570932461906217,0.5837244515219825,0.02246854241771652
2025-09-10,-6.959384104161175e-06,0.032905711343653644,-0.00510533216895836,0.02246854241771652,-0.36234276903194873,0.03801104351261181,0.05662187197000611,0.010703363168840206
2025-09-11,1.4687343841960125e-05,0.012089121324053318,-0.012607879510751157,0.010703363168840206,0.08198557148225843,0.024697000834804538,0.1489682091921348,0.0252639365354004
2025-09-12,-1.1331586380156808e-06,0.025279209878357727,-0.010528207067254162,0.0252639365354004,0.19353191381397314,0.03580741694561176,0.22092728407621195,0.013813401343994117
2025-09-13,-2.2097795746164543e-06,0.03796225596997864,-3.925681137063949e-05,0.013813401343994117,0.32978751697482817,0.038001512781349216,0.4229290177469064,-0.04492865407270097
2025-09-14,0.0,0.0006869356960639403,-0.05354621976564331,-0.04492865407270097,-0.4627923862136476,0.054233155461707344,-0.1458423938033974,-0.029083963748794076
2025-09-15,-3.3523817901097955e-06,0.014710315583614107,-0.03924184675597585,-0.029083963748794076,0.3383088255259586,0.05395216233958997,0.23589592991982805,0.019702520811816414
2025-09-16,0.0,0.023254791377171506,-0.008702403733685029,0.019702520811816414,-0.4296753517934695,0.031957195110856484,-0.2860449173980289,0.03613099418687046
2025-09-17,-3.3839800085539392e-06,0.04183700178680543,-0.018793859176055194,0.03613099418687046,0.39182284788181637,0.060630860962860515,0.11049472646691562,0.013341835814824657
2025-09-18,1.5340167062199895e-05,0.02672348775974196,-0.013314773533163715,0.013341835814824657,0.06921422618632955,0.040038261292905615,0.14584960274737835,-0.037907019557173884
2025-09-19,0.0,0.01184182870217724,-0.04184662161053892,-0.037907019557173884,-0.24460251682300269,0.05368845031271621,-0.07590996807129698,0.0033593489704307543
2025-09-20,-2.274644299209086e-06,0.017117652351123152,-0.0025140274645428233,0.0033593489704307543,-0.6944740576894586,0.019631679815665926,-0.7919437803185958,-0.00973248794477744
2025-09-21,1.133505966378833e-06,0.009348402958413632,-0.018093580402807646,-0.00973248794477744,0.1113212805883586,0.027441983361221167,-0.5368040127809321,-0.0696038279269633
2025-09-22,-1.6967041656678238e-05,0.0024887452825237506,-0.0937774061578122,-0.0696038279269633,1.000673485843423,0.09626615144033591,0.5170548197310202,-0.022204127889572645
2025-09-23,1.8117582461056e-05,0.004107744875335522,-0.02504114760527116,-0.022204127889572645,-0.7675609942400529,0.029148892480606592,-0.3201539731678207,0.006869470698797378
2025-09-24,2.5092963896470656e-06,0.02622991895733519,-0.015879085726699615,0.006869470698797378,-0.03843561560903748,0.042109004684034654,-0.23306703696388265,-0.0639783857061672
2025-09-25,3.738174587081142e-06,0.0015028651854612964,-0.06981347716979452,-0.0639783857061672,0.5845966615338637,0.07131634235525586,0.42971497496515587,0.03782357588747731
2025-09-26,-1.0470869533088627e-05,0.042743364241010474,-0.004646379304083927,0.03782357588747731,-0.49217788682314956,0.04738974354509453,-0.22900918559294703,-0.013332692624905348
2025-09-27,-3.7620098402131044e-06,0.0024635576804634186,-0.018712386988369398,-0.013332692624905348,-0.7467670975600033,0.021175944668832724,-1.0147047245917082,0.03329516570721737
2025-09-28,1.2199980555639374e-06,0.03711005367896484,-0.020385463964278667,0.03329516570721737,0.29496791840174175,0.057495517643243524,-0.4455683192102127,-0.0016953945852448491
2025-09-29,-1.253801276550071e-06,0.00837151938017592,-0.022766232882951723,-0.0016953945852448491,0.3419467005413878,0.031137752263127556,-0.038995686434078386,0.0005030572967652336
2025-09-30,-6.205781039714416e-06,0.0064085168501560675,-0.03383845665970202,0.0005030572967652336,0.04345457134312235,0.04024697350985788,0.007847410982760004,0.051708249862570416
2025-10-01,0.0,0.051708249862570416,-0.01122097561606656,0.051708249862570416,0.2312741171810698,0.06292922547863712,0.40259982073087724,0.0235775564797118
2025-10-02,-5.890081404429437e-06,0.031531364642499976,-0.01293449935725634,0.0235775564797118,0.026815391718618548,0.04446586399975637,0.3849487368846742,-0.004612393426441006
2025-10-03,-5.752831643020842e-06,0.023474447302309978,-0.02310828459541736,-0.004612393426441006,-0.00028061717899752436,0.04658273189772719,0.22006753964267728,-0.03093954872770737
2025-10-04,4.60975737703623e-06,0.0025247518603740858,-0.03721093228480653,-0.03093954872770737,-0.42865320533613277,0.0397356841451805,-0.32033733730041947,-0.0030645381756978134
2025-10-05,-1.2063972121845503e-06,0.04664354106992705,-0.011721940471025486,-0.0030645381756978134,0.43940220934035934,0.05836548154095259,0.1389862028243195,0.040333863749845766
2025-10-06,3.630291020121427e-06,0.04934890778298281,-0.00399188830099852,0.040333863749845766,0.06993001576681075,0.0533407960839815,0.1562029713156984,-0.0601746454899515
2025-10-07,-1.0938946526406666e-06,0.005848800866828696,-0.06177782352887867,-0.0601746454899515,0.035225730485249115,0.06762662439570738,0.16793593437834084,0.02170686323781645
2025-10-08,3.7030379905053423e-06,0.029326885649400437,-0.011238413977973302,0.02170686323781645,-0.3375215466077394,0.04056529962737355,-0.19508893802605998,-0.028130158256135927
2025-10-09,-5.968184037240526e-06,0.00024196565456095466,-0.0510815329169204,-0.028130158256135927,0.05232555945438489,0.05132349857148132,-0.10108239562648809,-0.25061529824522666
2025-10-10,-3.653837216050226e-06,0.008605128677070252,-0.895934049377113,-0.25061529824522666,1.2564111387701893,0.9045391780541832,1.1148603119505442,-0.004191005196174182
2025-10-11,0.0,0.07160585539554933,-0.03185343655578974,-0.004191005196174182,-0.4414595862336297,0.10345929195133897,0.3355148468003226,0.10405390975787591
2025-10-12,-5.845797297698416e-05,0.1135750231995458,-0.01699963661728184,0.10405390975787591,-0.5243354587647476,0.13057465981682773,-0.30281026733663347,0.03879954528791384
2025-10-13,3.7044844402656554e-05,0.04671595308198991,-0.004829858087359632,0.03879954528791384,0.06916614954192153,0.0515458111693495,-0.2344424418249453,-0.04138732626498473
2025-10-14,5.476114435307331e-06,0.004554497657143493,-0.09115387316848414,-0.04138732626498473,0.08241673073216169,0.09570837082562746,-0.2040794857563472,-0.04515216727626116
2025-10-15,1.4481775004698725e-06,0.01929967386817381,-0.055575590339378936,-0.04515216727626116,-0.431383181296536,0.07487526420755268,-0.6921086259628055,-0.0363245763044133
2025-10-16,-3.0301358597566437e-06,0.021817562462513485,-0.05053953552856024,-0.0363245763044133,0.11663197312790094,0.0723570979910737,-0.2907801492904792,-0.03166308981732974
2025-10-17,0.0,0.013855135420667684,-0.08031809828533057,-0.03166308981732974,0.2143928909318398,0.09417323370599817,0.08360894983337129,0.015275376577312243
2025-10-18,8.012844972041875e-06,0.025246645857372876,-0.0007892936279875528,0.015275376577312243,-1.1202072549914084,0.0260359394853604,-1.0473976204344986,0.02811349299260911
2025-10-19,0.0,0.046239523878168695,-0.017569784955139927,0.02811349299260911,0.46430464905150437,0.06380930883330874,-0.42195028188036277,0.016264184816797013
2025-10-20,-1.5527977967875442e-06,0.034562419657193255,-0.018359154087214086,0.016264184816797013,0.18182585233015772,0.05292157374440752,-0.07967150724353507,-0.03114251191284522
2025-10-21,-5.571934347874935e-05,0.03172364465320147,-0.038921776171894656,-0.03114251191284522,0.1316514195757653,0.07064542082509617,0.08079354676794007,-0.029905469369045607
2025-10-22,1.0847027203060633e-05,0.005846790327680774,-0.05033646157950951,-0.029905469369045607,-0.09853755185266203,0.056183251907190264,0.012320128178977032,0.029798105267047806
2025-10-23,0.0,0.04540727824374695,-0.0011513512873791746,0.029798105267047806,-0.32076958549402446,0.04655862953112608,-0.18942420204629556,0.020091019730718286
2025-10-24,6.30494633246525e-06,0.02456191621201269,-0.004924601848601268,0.020091019730718286,0.06436332193560482,0.029486518060613993,-0.17371239998945182,-0.0018739788291182967
2025-10-25,4.54378160771991e-06,0.0041931136246280195,-0.01055108151360352,-0.0018739788291182967,-0.5802610002598598,0.014744195138231527,-0.7468305576518188,0.03953416794013341
2025-10-26,1.4567397018604553e-06,0.044174915797613123,-0.011029679751046581,0.03953416794013341,0.5184807383729549,0.05520459554865971,-0.10403380777901877,-0.020317663144178696
2025-10-27,-4.375863576668828e-06,0.01574616083400008,-0.02349341586066121,-0.020317663144178696,0.1427847288270076,0.03923957669466133,0.136562932706215,-0.0321151031083483
2025-10-28,-3.036660530812256e-06,0.010656782894222245,-0.04279282338911517,-0.0321151031083483,0.5396986159920055,0.053449606283337454,0.7212127842522346,-0.009496130452852107
2025-10-29,-2.01059658188423e-05,0.015916957654810524,-0.01874888807406311,-0.009496130452852107,-0.30836750234002847,0.034665845728873664,0.22717621699163001,-0.0629263793845104
2025-10-30,-4.655423694347142e-06,0.011618355227694941,-0.08367333536762983,-0.0629263793845104,0.06956796286087885,0.09529169059532487,0.23157740152318032,0.013289656556460685
2025-10-31,4.49164294212181e-05,0.0293590176618203,-0.0012967034903909383,0.013289656556460685,-0.3453140525459882,0.030655721152211275,-0.25852260754819334,0.004973086903255739
2025-11-01,0.0,0.012051827000322778,-0.0071533459165830544,0.004973086903255739,-0.5614637957755831,0.019205172916905815,-0.8343514794726837,-0.002286117870103144
2025-11-02,0.0,0.009617083556665032,-0.028729448785158953,-0.002286117870103144,0.13355998608157746,0.03834653234182399,-0.6257247707455504,-0.10065946193322732
2025-11-03,-1.9712144145203552e-05,0.00023729591272539355,-0.12049214269790551,-0.10065946193322732,1.0006676171669722,0.12072943861063087,0.5823709329671539,-0.0574150949327519
2025-11-04,-1.2626490863652231e-05,0.01816952925483303,-0.11281067043678308,-0.0574150949327519,0.1923148991254424,0.13098019969161626,0.6866664879834241,0.046182948167741295
2025-11-05,-1.3372662677380738e-05,0.05124205440306026,-0.047049790393117664,0.046182948167741295,-0.4971511551503378,0.09829184479617809,0.061796350607419254,-0.02815639302881797
2025-11-06,-1.287825227724941e-05,-1.287825227724941e-05,-0.05102110347761207,-0.02815639302881797,-0.26527421301972876,0.05100822522533478,-0.25227171872746246,0.08139860596631583
2025-11-07,1.874617604714732e-05,0.0977499416209883,-0.019340902377745505,0.08139860596631583,0.38270689013594156,0.11709084399873378,0.06558259053066098,-0.013260948678107013
2025-11-08,-7.295486937410316e-05,0.02652481858286376,-0.03713339700072721,-0.013260948678107013,-0.4888825037739892,0.063658215583591,-0.5356134213520961,0.017806029752083046
2025-11-09,3.879732487679095e-05,0.026130674737067938,-0.033906198054564414,0.017806029752083046,-0.09370733905285801,0.06003687279163234,-0.509244121693187,0.024471988072739786
2025-11-10,5.706539066977854e-05,0.03839051576626128,-0.003722559919728092,0.024471988072739786,0.15199018015381138,0.042113075685989335,-0.14104242689109095,-0.06342639646419194
2025-11-11,1.8495291441048783e-05,0.020448230573533108,-0.06655595709108211,-0.06342639646419194,0.030605293607870735,0.08700418766461518,-0.04443122933181957,-0.020452808254913517
2025-11-12,-5.3550591654304145e-06,0.041558894129893414,-0.02906370741175337,-0.020452808254913517,-0.11137552283319697,0.07062260154164694,-0.1524651852058889,-0.026286063959181465
2025-11-13,5.465683324667658e-06,0.04452438242910998,-0.05280986905914502,-0.026286063959181465,0.32031507253798297,0.09733425148825514,0.28960440277868693,-0.06353546655491912
2025-11-14,-3.1984778390571445e-05,0.0018397026772833498,-0.0716984091204757,-0.06353546655491912,0.12122444176662665,0.07353811179775889,0.3442757661425038,0.009942042598075454
2025-11-15,1.602455440107738e-05,0.03129954384289664,-0.0006723657607084518,0.009942042598075454,-0.5160458463931261,0.03197190960360516,-0.2790128988777313,-0.037555859970989425
2025-11-16,7.933045569037445e-06,0.009832211649731462,-0.05578245315376995,-0.037555859970989425,0.37440576085490973,0.06561466480350128,0.12113796963263895,-0.040648429835847794
2025-11-17,-2.686175884865388e-05,0.025163106328914026,-0.056650071156951254,-0.040648429835847794,0.15619209528582398,0.08181317748586521,0.23927420419709258,0.0200918428744733
2025-11-18,-4.289200015236161e-06,0.03315411671475332,-0.014854225297846857,0.0200918428744733,-0.09414995266661029,0.04800834201259996,0.05615233609492093,-0.02502954074919383
2025-11-19,-1.6815633520028752e-05,0.0025190229279520833,-0.07884392662160444,-0.02502954074919383,-0.05955032414273502,0.0813629495495565,-0.011986393168950086,-0.06889436619519444
2025-11-20,-2.187380679037481e-06,0.014417189508262419,-0.07529315439361343,-0.06889436619519444,-0.048626135385101486,0.089710343901876,-0.030665423004742905,-0.055274293084644655
2025-11-21,-0.0001549513543389527,0.012911208148603488,-0.1003395047406886,-0.055274293084644655,0.5827734824560743,0.11325071288929218,0.49925349030634536,-0.011155765921557736
2025-11-22,4.647092647094812e-05,0.006363709391312246,-0.04364977333730197,-0.011155765921557736,-1.1620195981750947,0.050013482728614285,-0.7910161993940865,0.009693159521192672
2025-11-23,2.430687026059708e-06,0.03183274233385521,-0.0062303706714091755,0.009693159521192672,0.15464834034390193,0.03806311300526436,-0.5227025209056699,0.046142063478227364
2025-11-24,2.2029675724874017e-05,0.05948288573467597,-0.010457203583183257,0.046142063478227364,0.23118173518442137,0.06994008931785926,-0.20439160000307102,-0.01465662588006254
2025-11-25,2.368345749405296e-06,0.0018191168400860938,-0.052688972225216284,-0.01465662588006254,-0.22142206928739944,0.054508089065302474,-0.38014133930886956,0.032677588043796044
2025-11-26,0.0,0.03486517046315793,-0.02390197973076519,0.032677588043796044,-0.11404872826757717,0.058767150193922986,-0.42128792926613434,-0.0044564351235403
2025-11-27,0.0,0.006498214168893799,-0.01950625297518572,-0.0044564351235403,-0.18884472904111047,0.026004467144079415,-0.2986340153328537,-0.03151388042265314
2025-11-28,-1.3812578496948784e-05,0.0035814573031995784,-0.041255864735350846,-0.03151388042265314,0.2585318228742865,0.04483732203855064,-0.017818476082661728,-0.011603581641040346
2025-11-29,-4.82249700514075e-06,0.0031859862930356322,-0.017291656265285314,-0.011603581641040346,-0.49863414553466967,0.020477642558320942,-0.5095114287258671,0.001207770229954581
2025-11-30,-1.6860595200187982e-05,0.02779609812380373,-0.002226981488477644,0.001207770229954581,0.047545640655939546,0.03002307961228147,-0.3135697580055088,-0.07531263520844708
2025-12-01,1.9204697641705846e-05,1.9204697641705846e-05,-0.11170583450117309,-0.07531263520844708,0.8869958341176672,0.11172503919881477,0.671841279813493,0.11786546579017448
2025-12-02,0.0,0.12795802054755318,-5.965062046141613e-05,0.11786546579017448,-0.14247169796405396,0.12801767116801457,0.38492741526304264,0.03808213700383976
2025-12-03,-2.3074945225590266e-05,0.04326599830091823,-0.013590761999511739,0.03808213700383976,-0.023393061298293816,0.05685676030042996,0.24404613107375392,-0.025510727905185635
2025-12-04,-0.00012865548360193498,0.008523699518742971,-0.03436298170765892,-0.025510727905185635,-0.24201567528383128,0.04288668122640185,-0.05662793339440909,-0.054196529717153705
2025-12-05,-4.543729685261594e-06,0.006559373434163487,-0.06776987202374492,-0.054196529717153705,-0.0836110639395136,0.07432924545790853,-0.21476850804046202,-0.005637170486637738
2025-12-06,0.0,0.010935258686733566,-0.014152997276041971,-0.005637170486637738,-0.5933802369425064,0.025088255962775394,-0.8595118876685903,0.006933533536461408
2025-12-07,4.823873363443701e-06,0.048068481017499776,-0.015452247873050858,0.006933533536461408,0.6242394665004887,0.06352072889055058,-0.0538932778972128,0.03623707261836925
2025-12-08,5.283770093446588e-05,0.054098718761604624,-0.0032682026182566373,0.03623707261836925,0.029412451009306517,0.05736692137986142,0.04915345691095973,0.08387341607152443
2025-12-09,0.0,0.11087336652318518,-0.017637582462397394,0.08387341607152443,0.7804618187843309,0.12851094898558246,0.8955851115829888,-0.034866414698117146
2025-12-10,-8.496777945622939e-06,0.008683335092487846,-0.035774553519797365,-0.034866414698117146,-0.25030541283098834,0.044457888612285154,0.41412649311049665,-0.06497869960996945
2025-12-11,4.399099287719254e-06,0.0013627947520218626,-0.09920827381961055,-0.06497869960996945,0.13870466818513072,0.10057106857163242,0.4262542995525877,-0.03885302184224612
2025-12-12,5.878398222966965e-05,0.007702854722652956,-0.05035036506847449,-0.03885302184224612,-0.48595223109899066,0.058053219791127514,-0.262380224071394,0.004686671095375086
2025-12-13,-2.4766401841476275e-06,0.0152954133722897,-0.0038227023890707763,0.004686671095375086,-0.8046145694665556,0.019118115761360535,-1.0959996146164885,-0.035843996944950156
2025-12-14,-2.3925582737330625e-06,0.0003940414832556456,-0.04036017787167075,-0.035843996944950156,0.46124469854056616,0.04075421935492651,-0.5754042016745309,-0.021648039972293108
2025-12-15,-4.291018046925467e-05,0.02388635567387532,-0.04498764678803384,-0.021648039972293108,0.22401315584975418,0.0688740024619092,-0.15810143552656789,-0.0061100078189794665
2025-12-16,5.145057406589977e-06,0.007332194091067152,-0.020747573433000387,-0.0061100078189794665,-0.1843837018479021,0.028079767524067642,-0.23542936256058958,-0.051125892250979244
2025-12-17,-7.726303427394559e-06,0.03325999310198793,-0.054216589878253396,-0.051125892250979244,0.2118899874965496,0.08747658298024137,0.1872870107303777,-0.042007648120058645
2025-12-18,2.4557004248522868e-05,0.030562192432001194,-0.05262079176585973,-0.042007648120058645,0.0920697291898569,0.08318298419786084,0.30283330313096135,0.06926700030027826
2025-12-19,5.68186660668591e-06,0.07671073685453823,-0.011870685858416722,0.06926700030027826,-0.2081766677232786,0.08858142271295497,-0.04482184453033795,-0.009430200676323162
2025-12-20,0.0,0.008736880900099518,-0.011641207723980687,-0.009430200676323162,-0.7079072723739096,0.02037808862408012,-0.7766591602413074,-0.01949759332646956
2025-12-21,7.98783229504968e-06,0.002540346183072752,-0.04041223115757705,-0.01949759332646956,0.40816100850913406,0.04295257734064959,-0.2496905100026338,0.013346189194622243
2025-12-22,3.005510224456364e-05,0.03864070524052814,-0.007161618874434074,0.013346189194622243,0.29190514335216616,0.04580232411496239,0.07810310749078067,-0.021686632850660522
2025-12-23,0.0,0.006904296352556438,-0.03998441199304881,-0.021686632850660522,-0.2781127913196047,0.046888708345605136,-0.1710593387753721,-0.017907710499078005
2025-12-24,-3.0307738122418523e-05,0.003941449613299324,-0.027110656279595437,-0.017907710499078005,-0.09555941309749184,0.03105210589289479,-0.15264520726042446,-0.03772735447176218
2025-12-25,2.8429950150819093e-06,0.012308461125995115,-0.03950622446005493,-0.03772735447176218,0.22223396921013472,0.051814685586050166,0.1526969288693323,0.018378124533752708
2025-12-26,1.4587762847086621e-05,0.03996388057374955,-0.0034206207181906186,0.018378124533752708,0.04825614529445916,0.04338450129194023,0.10711329980784452,0.05552629139476189
2025-12-27,-1.4237070151139681e-05,0.05555879146422046,-0.001697685572173896,0.05552629139476189,-0.36470271354894346,0.05725647703639431,-0.2951604602051574,-0.002818293602025522
2025-12-28,2.9758168911710813e-05,0.013933381182762964,-0.020904790192905316,-0.002818293602025522,0.19047504720401146,0.03483817137566823,-0.011664823658281502,-0.04321891113838366
2025-12-29,-2.167453406511788e-05,0.03764327716813207,-0.04982580170354116,-0.04321891113838366,0.518980457981377,0.08746907887167328,0.5071767164284157,-0.005107659903426088
2025-12-30,0.0,0.008622087295700789,-0.011000540537116514,-0.005107659903426088,-0.4522113364800473,0.019622627832817242,-0.08705974761314453,-0.05348765894639798
2025-12-31,0.0,0.005124717886127439,-0.0609062780791406,-0.05348765894639798,0.23461830388138372,0.06603099596526807,0.15880248533803495,0.0678941467823507
2026-01-01,1.7997814743347065e-05,0.07537565470183874,-0.0031688089628005302,0.0678941467823507,-0.15629463085145404,0.07854446366463937,-0.02509908989934283,0.10021047322514037
2026-01-02,0.0,0.10498376170897106,-0.004087324104595365,0.10021047322514037,0.5997613161738123,0.10907108581356649,0.5205525037595855,-0.01119361210693619
2026-01-03,7.644347707141728e-06,0.011574461609464957,-0.02607098990584262,-0.01119361210693619,-0.5716042792322317,0.037645451515307536,-0.21383080517084244,0.027149109761586604
2026-01-04,1.2858447399192661e-05,0.03763404953263212,-0.00047013569382990683,0.027149109761586604,0.1668344318725999,0.03810418522646205,0.02203414486948137,0.05301465741262442
2026-01-05,2.5326180722809676e-06,0.059479072128851146,-0.011154414083882161,0.05301465741262442,0.33726700873912546,0.0706334862127331,0.3115639418643151,-0.005342827254408624
2026-01-06,0.0,0.03232757138177676,-0.04847601239961923,-0.005342827254408624,0.06561000273128388,0.08080358378139604,0.29505416999886563,-0.043185389198110935
2026-01-07,-1.66901103536297e-05,0.004579311994361359,-0.05111444173855009,-0.043185389198110935,-0.48614816009771555,0.05569375373291156,-0.30521929702752726,-0.015661117510724444
2026-01-08,1.7426371818226597e-05,0.004612491580100882,-0.040633870647141794,-0.015661117510724444,0.06808197401311987,0.04524636222724269,-0.1398246525002528,-0.012569663998346066
2026-01-09,0.0,0.019859868924818086,-0.016837704937108303,-0.012569663998346066,-0.21210816394131102,0.03669757386192653,-0.376107478905813,-0.007153696456150316
2026-01-10,8.962347430125853e-05,0.0025638706400358873,-0.014852368556156733,-0.007153696456150316,-0.667565594215278,0.017416239196192576,-1.0080035804068688,0.006083238458049935
2026-01-11,0.00010309564265638946,0.02008982921506548,-0.006423988869907745,0.006083238458049935,0.39847826305785045,0.026513818084973297,-0.4144145801949706,-0.01128598488592292
2026-01-12,-1.7868496116171967e-05,0.031495906241894,-0.021126797496275933,-0.01128598488592292,0.47237293784116446,0.052622703738170004,0.2719439025357767,0.0880363565650938
2026-01-13,0.0,0.09772781193517881,-0.002602461390811249,0.0880363565650938,0.23662025402510387,0.10033027332599015,0.4935732694551184,-0.016441226516269898
2026-01-14,0.0,0.01233640065075645,-0.025913121649774398,-0.016441226516269898,0.01051257024608514,0.0382495223005308,0.43947536759783695,-0.05215102642443734
2026-01-15,-1.689459816108852e-05,5.7870821774188716e-05,-0.061239647767874675,-0.05215102642443734,-0.13453508855269716,0.06129751858964896,0.19828088454783935,0.0052014501869004194
2026-01-16,0.0,0.010728001811043006,-0.03283714881274233,0.0052014501869004194,-0.23014313523153193,0.04356515062378532,-0.17392793275885882,0.002867962472541084
2026-01-17,-2.561803123674835e-06,0.019337333738362165,-0.004708504375211444,0.002867962472541084,-0.49170478289506186,0.02404583811357346,-0.7146170507077434,-0.05433243225742597
2026-01-18,1.7580562930154586e-05,0.004060553906205937,-0.05474509330056224,-0.05433243225742597,0.18569044765068346,0.05880564720676817,-0.4432347625441426,-0.014931528131341307
2026-01-19,-6.385968324192899e-05,-3.728404013475028e-05,-0.05372921629612441,-0.014931528131341307,0.8737668471292668,0.05369193225598963,0.5584380892060052,-0.05468555254019019
2026-01-20,5.3947996947039525e-06,1.8921930650945048e-05,-0.05632197548779614,-0.05468555254019019,-0.2804134426108602,0.05634089741844724,0.2157560788071439,0.04264988968316931
2026-01-21,-2.2792453113634976e-05,0.06130997368439482,-0.007059054759947168,0.04264988968316931,-0.05629892697054194,0.06836902844434199,0.1457559862152884,-0.018769671189739417
2026-01-22,-2.6893246889545265e-06,0.006913516905525967,-0.02746723728198266,-0.018769671189739417,-0.49591756731672926,0.03438075418750852,-0.3967898920645133,0.003343519034175215
2026-01-23,0.0,0.027351930564254532,-0.015633015027088693,0.003343519034175215,0.03242994000803828,0.042984945591343256,-0.39128874155412,-0.005390772136437386
2026-01-24,0.0,0.004980658285699845,-0.009158734480119581,-0.005390772136437386,-0.7529924202846409,0.014139392765819497,-1.1538272655716837,-0.05585865600708294
2026-01-25,-1.672511372800332e-05,0.0026935001293238877,-0.07173520304154529,-0.05585865600708294,0.9442465238616139,0.07442870317086933,0.05841653606802457,0.03849596589141152
2026-01-26,2.3580780187088817e-05,0.05321670047588883,-6.79298330842115e-05,0.03849596589141152,-0.08018783803884613,0.05328463030897304,0.06429322367594764,0.02332261642075302
2026-01-27,-2.269079081648801e-05,0.028455084424776782,-0.011819633113808155,0.02332261642075302,-0.030507746284702774,0.04027471753858501,0.12822021683101323,-0.006753137709363825
2026-01-28,-1.9438068597760324e-05,0.009867780131007083,-0.0151317813952428,-0.006753137709363825,-0.018688900828721083,0.02499956152624988,0.08553065664078044,-0.06902402866397302
2026-01-29,0.0,0.0004524964371828138,-0.08896343424643896,-0.06902402866397302,0.3531598064175016,0.08941593068362177,0.4257047883765903,-0.041741197611918066
2026-01-30,2.0967851956367352e-05,0.0033266885531587948,-0.05275505494232442,-0.041741197611918066,0.16717959577615354,0.05608174349548324,0.4014942148197503,-0.08756569621306505
2026-01-31,0.0,0.0033469736740369457,-0.1372793182267229,-0.08756569621306505,0.5813866042524775,0.14062629190075981,0.8905823629361825,-0.025760391726126156
2026-02-01,-1.0255846302289838e-05,0.016232334238551003,-0.044306876518282245,-0.025760391726126156,-0.6304992095605921,0.06053921075683305,-0.015434518551781034,0.04400543467062237
2026-02-02,-1.0419281255389497e-05,0.05671450256447225,-0.03391455423691145,0.04400543467062237,0.19853645456938668,0.09062905680138386,0.11387196499278605,-0.027514635066393935
2026-02-03,0.0,0.015816063289772694,-0.057744720099955134,-0.027514635066393935,-0.19802426541143542,0.0735607833897277,-0.1879802484995866,-0.015550802113601951
2026-02-04,3.4435424051941156e-05,0.03719659065136913,-0.034844972315313756,-0.015550802113601951,0.004373873387112795,0.07204156296668286,-0.2019680224406061,-0.15625495673134696
2026-02-05,-1.0409491707517334e-05,0.006944119368361918,-0.15625903366478475,-0.15625495673134696,0.638090614481969,0.1632031530331468,0.44353993080384535,0.12045963311979153
2026-02-06,-1.2230850177582207e-05,0.14661383517044324,-0.07920117175468967,0.12045963311979153,0.28306717049605323,0.22581500692513293,0.7227501960463241,-0.01410524339499907
2026-02-07,-7.228519335459529e-06,0.0061856814257344635,-0.0357202423251778,-0.01410524339499907,-0.4129842334002277,0.04190592375091219,0.0875744634309128,-0.0077475838139569545
2026-02-08,-1.8382817580931885e-05,0.01161878970407099,-0.016775678027539275,-0.0077475838139569545,-0.45962372047257494,0.028394467731610244,-0.42929157643001625,-0.0020555883523159335
2026-02-09,-7.388222126325623e-06,0.0111855688470601,-0.03975673689492173,-0.0020555883523159335,-0.23956731731117806,0.05094230574198175,-0.6755476667394933,-0.030255777710096108
2026-02-10,7.403370135560642e-06,0.0017892470579207085,-0.03461803270232116,-0.030255777710096108,-0.45271061935172746,0.03640727976024184,-1.106603733041222,-0.023658255303199947
2026-02-11,3.872346944224482e-06,0.010310902245629019,-0.03995529974657745,-0.023658255303199947,0.16597620968010762,0.050266201992206334,-0.7516867769912644,0.03337131371529459
2026-02-12,-7.813530901594632e-06,0.0511442028529825,-7.813530901594632e-06,0.03337131371529459,-0.01097491104331865,0.05115201638388411,-0.423361181914882,0.03154573339357138
2026-02-13,-2.2671426012610456e-05,0.036491502132025656,-0.022284534207705247,0.03154573339357138,-0.04799987730017369,0.058776036339730754,-0.21783709240819968,0.07953371868503212
2026-02-14,0.0,0.09477596010379806,-2.5683319750847766e-05,0.07953371868503212,0.159913421211017,0.09480164342354892,0.07899077926583609,-0.046750012557143644
2026-02-15,0.0,0.018309606701606758,-0.06098962091647565,-0.046750012557143644,0.16108470575538728,0.07929922761808234,0.28527338416185855,0.01308382822611928
2026-02-16,1.7768278799883672e-05,0.02245862219885657,-0.014225232765399803,0.01308382822611928,-0.4728095838413996,0.03668385496425632,-0.2761209350167063,-0.01597325426656261
2026-02-17,2.1086499640752584e-05,0.013284834993823689,-0.02704626006417507,-0.01597325426656261,-0.018783486417983903,0.04033109505799886,-0.2586485032368182,-0.02662118153569624
2026-02-18,-3.5003340963029047e-06,0.02047815579640728,-0.030727083513893555,-0.02662118153569624,-0.048454601299103166,0.051205239310300805,-0.2686442533424053,-0.0038049324867075918
2026-02-19,-3.7037012829550123e-06,0.011487656108431653,-0.019528948659776304,-0.0038049324867075918,-0.001810653881879069,0.031016604768207903,-0.23229605460364644,0.044351756942878615
2026-02-20,1.465245203900783e-05,0.07203377407611583,-0.007465061731381397,0.044351756942878615,0.3472539722679385,0.07949883580749736,0.19126793042092224,-0.017294702731500113
2026-02-21,0.0,0.0036995703796182744,-0.01923571263803543,-0.017294702731500113,-0.6808996838145966,0.022935283017653938,-0.43620713952151885,-0.031326002142818575
2026-02-22,3.6185626304047836e-06,4.640175169546342e-05,-0.03923158169129637,-0.031326002142818575,-0.038614419338126864,0.03927798344299183,-0.4085623382919621,-0.034224790205628616
2026-02-23,-1.1091402214356987e-05,0.010917212801689375,-0.04824033859361917,-0.034224790205628616,0.6586202149070024,0.05915755139530841,0.3225115753430192,-0.013424067651646897
2026-02-24,0.0,0.007661529899407114,-0.029745466704289892,-0.013424067651646897,-0.23251560892981182,0.037406996603697056,0.023852678805370425,0.1367338114408364
2026-02-25,7.716661244893144e-06,0.18833669178172208,-0.002158855856670241,0.1367338114408364,1.0553309674548088,0.19049554763839227,1.068503693627039,-0.03323897299879476
2026-02-26,-2.0191752332822634e-05,0.012557716473951964,-0.04712010612344207,-0.03323897299879476,-0.4696580194276611,0.05967782259739388,0.32847550035999246,-0.03313490525406847
2026-02-27,-3.5309271311590895e-06,0.029713811971580472,-0.04377412149587127,-0.03313490525406847,-0.2967285131708958,0.07348793346745157,-0.12765094614752132,0.014287623064212737
2026-02-28,3.6498708911831285e-06,0.019688260031420435,-0.06507176726591035,0.014287623064212737,0.3699003555459518,0.08476002729733083,0.15614252921122945,-0.028946713586448857
2026-03-01,0.0,0.0335313197666865,-0.043393769047685216,-0.028946713586448857,-0.20377285964357086,0.07692508881437177,-0.12565669015845593,0.01184924957118307
2026-03-02,3.594834484383414e-06,0.05001818146871612,-0.01619523726246692,0.01184924957118307,0.048233536851921166,0.06621341873118292,-0.13991464401381223,-0.05171524656413809
2026-03-03,1.0765081906730551e-05,0.0005019601195633725,-0.05958224525919177,-0.05171524656413809,0.13011437489751976,0.06008420537875516,0.127296185324316,0.049042245549147746
2026-03-04,0.0,0.07920549624395848,-0.014371243236469242,0.049042245549147746,0.3319513547930171,0.09357673948042779,0.4487123444576429,-0.026092488342391588
2026-03-05,0.0,0.005129815030223069,-0.037236535033770585,-0.026092488342391588,-0.5465239214160489,0.04236635006399376,-0.24103576027313817,-0.0377070352369317
2026-03-06,2.60360188947429e-05,0.010142017299831914,-0.04992238377727397,-0.0377070352369317,-0.1697574098850786,0.06006440107710604,-0.3672280901385029,-0.016990476794777942
2026-03-07,0.0,0.005612831778646136,-0.02557945218645785,-0.016990476794777942,-0.33393054557170176,0.031192283965103894,-0.6689595614322691,-0.021523997798086853
2026-03-08,0.0,0.009181273064330963,-0.030656808253732078,-0.021523997798086853,0.16756631916375767,0.03983808131806299,-0.415808225104875,0.022783647142233618
2026-03-09,0.0,0.048050607538982736,-4.011586730440757e-05,0.022783647142233618,0.25629400937674324,0.04809072340628723,-0.05757019132942339,0.02715028781810378
2026-03-10,7.830567555323734e-06,0.06877373877028677,7.830567555323734e-06,0.02715028781810378,0.20588126696277523,0.0687659082027315,0.32793017235263117,0.0020017114857081002
2026-03-11,1.1488089155053158e-05,0.018772235146776964,-0.018419643544659834,0.0020017114857081002,-0.24000206020221476,0.037191878691436815,0.05557803826949296,0.0025145218333712037
2026-03-12,3.7460426040747115e-06,0.009669781732688818,-0.016769908633909446,0.0025145218333712037,-0.3205907823469398,0.026439690366598264,-0.276423876137971,0.00943868588072564
2026-03-13,-3.7366489110273757e-06,0.06459362093406645,-4.9370184789043554e-05,0.00943868588072564,0.6260314424235821,0.0646429911188554,0.33952329702762024,-0.008504395825336235
2026-03-14,3.8136994364942773e-06,0.0027437837282851298,-0.0256523800963022,-0.008504395825336235,-0.6064317796205179,0.028396163824587276,-0.37589531857310476,0.024014306356300537
2026-03-15,0.0,0.030511634277193958,-0.006909559256056554,0.024014306356300537,-0.017369029919668093,0.03742119353325045,-0.3370404270266126,0.07333526124479076
2026-03-16,1.1044094320049256e-05,0.08054793508496219,-0.0033706073587495733,0.07333526124479076,1.1004809447911137,0.0839185424437118,0.8763505444904784,-0.00454573332992548
2026-03-17,-6.876377360216946e-06,0.007486223305096082,-0.028372443353927503,-0.00454573332992548,-0.5534624198668341,0.035858666659023444,0.09125192179512226,-0.05281976532182262
2026-03-18,3.402285810228268e-06,0.017383946207626576,-0.06686439794946679,-0.05281976532182262,-0.053859962995425524,0.08424834415709329,-0.05116743794657902,-0.02524378043610089
2026-03-19,-3.586837025453336e-06,0.007036028058088871,-0.041682284454036794,-0.02524378043610089,-0.2955136033902642,0.04871831251212559,-0.31980330673405793,-0.004637545097639085
2026-03-20,-7.468555014885904e-06,0.020025807967085998,-0.018928367017358158,-0.004637545097639085,-0.1370460211287147,0.03895417498444406,-0.4805286031615303,-0.03187979871767639
2026-03-21,0.0,0.0034549237914664075,-0.03230662992802672,-0.03187979871767639,-0.37603394167863124,0.03576155371949311,-0.8638091917562206,-0.028225687248807117
2026-03-22,7.757559505754695e-05,0.007178347379750697,-0.03674170320026671,-0.028225687248807117,0.56332807736354,0.04392005058001745,0.004782659011495824,0.04298234253910023
2026-03-23,0.0,0.060225754602416255,-0.00913595534275601,0.04298234253910023,0.3616774357787564,0.06936170994517228,0.43910614811999676,0.017386170299350828
2026-03-24,7.632799460843303e-06,0.022523413519200484,-0.01229624595530389,0.017386170299350828,-0.41926619775913776,0.03481965947450447,-0.013687069475266593,0.015351750147275875
2026-03-25,1.5002427258830744e-05,0.036563769549811324,-0.0008418399874504591,0.015351750147275875,0.09913856539380347,0.037405609537261936,0.08690605355044238,-0.059181472324992
2026-03-26,0.0,0.0004437825379700703,-0.06701905247685468,-0.059181472324992,0.01697030397133805,0.06746283501482482,0.060219527599760105,-0.03494781158660383
2026-03-27,-1.1814597614146252e-05,0.004144032689421265,-0.03810286034397838,-0.03494781158660383,-0.021090737339302595,0.042246893033399645,-0.05468757568228008,-0.001484712779936349
2026-03-28,0.0,0.024587143511671156,-0.006946133645642561,-0.001484712779936349,-0.4857599223275129,0.031533277157313785,-0.547379895349864,-0.025132093819701825
2026-03-29,4.4825191012586816e-05,0.004937777851112193,-0.04570867270010033,-0.025132093819701825,0.3169992310795905,0.05064645055121254,-0.07445651530104422,0.015047198290537859
2026-03-30,2.0837348540586987e-05,0.0467601701334991,4.167504443869693e-06,0.015047198290537859,0.022050968214142565,0.04675600262905503,-0.038095959349477425,-0.006729135756680398
2026-03-31,-8.210580055528196e-06,0.021957556939138093,-0.0296167660895466,-0.006729135756680398,0.17270090234999852,0.05157432302868453,0.16644939960561972,0.02653227606169708
2026-04-01,0.0,0.046168290626073076,-0.00011178207097536444,0.02653227606169708,0.007589827335954898,0.046280072697048445,0.17288513877314593,-0.03570230473260237
2026-04-02,8.049518716646053e-06,0.008178270228769463,-0.052648310277781704,-0.03570230473260237,0.1756159082526774,0.06082658050655128,0.3406805232751557,0.02805392985359248
2026-04-03,0.0,0.04549465884550274,-0.0006937580058089072,0.02805392985359248,-0.4097613497740911,0.04618841685131161,-0.20084968463170802,0.007208856914081015
2026-04-04,4.055668345902073e-06,0.012217454518768,-0.011110855466816233,0.007208856914081015,-0.49844953954731136,0.023328309985584314,-0.6939982546170648,0.00994439485032855
2026-04-05,0.0,0.010595027086380252,-0.029173307234498243,0.00994439485032855,0.17604332764744415,0.039768334320878486,-0.44143836427861716,-0.017470189548725066
2026-04-06,7.973371794415704e-06,0.03577419758729785,-0.02063253042949175,-0.017470189548725066,0.5792754513382796,0.056406728016789594,0.23664274560056306,0.06946364276951318
2026-04-07,-8.113957260030292e-06,0.07615484074003039,-0.02404637933933801,0.06946364276951318,0.12295903439542392,0.10020122007936841,0.3539246983408685,-0.05086008732365445
2026-04-08,-3.039116536959834e-05,0.0009320742838039084,-0.05247280534873727,-0.05086008732365445,-0.13349671317961853,0.053404879632541015,0.22912343008193536,0.012316638290106029
2026-04-09,0.0,0.03439806443627619,-0.010650377254104315,0.012316638290106029,-0.3344285259701872,0.045048441690380484,-0.15876209793353036,0.0017358986095281827
2026-04-10,1.573363473088528e-05,0.018440665672945784,-0.014876594440208024,0.0017358986095281827,0.12886280799112096,0.033317260113153876,-0.08574507162720856,-0.0182414045125957
2026-04-11,3.985215787148276e-06,0.003259167434844853,-0.027452040282631235,-0.0182414045125957,0.1363144668520549,0.03071120771747612,-0.0038258284320261743,-0.05512827550271708
2026-04-12,-3.998909789884534e-06,0.002959578260291696,-0.05725522776074389,-0.05512827550271708,0.16761384407331276,0.06021480602103554,0.18047472399571982,0.05075287157067501
2026-04-13,0.0,0.05101031002235457,-0.0004953312045116605,0.05075287157067501,-0.06701727690548209,0.05150564122686628,0.12206058089219897,-0.03648613274967489
2026-04-14,7.642927467950752e-05,0.0008765777229089651,-0.03805204007707476,-0.03648613274967489,-0.026906384748051095,0.03892861779998375,0.08820532411687816,0.02569887711475493
2026-04-15,4.165678742781324e-06,0.04206644953097081,-0.005153715883967791,0.02569887711475493,-0.09779861244871174,0.04722016541493857,-0.07048649950597205,0.05282035342864767
2026-04-16,-8.120028565697356e-06,0.05722733716529458,-0.006040821935045057,0.05282035342864767,0.4417335423068614,0.06326815910033963,0.3516569714190204,-0.0014707114950172392
2026-04-17,7.702195418857884e-06,0.03094977635306473,-0.02696848629429466,-0.0014707114950172392,-0.026719439468856354,0.057918262647359414,0.23231092005706305,-0.03680801959518792
2026-04-18,3.799209476684081e-06,0.0017561129264792158,-0.043519615051011526,-0.03680801959518792,-0.518935797109559,0.0452757279774905,-0.3358819819658913,-0.028390286195984767
2026-04-19,-3.6072847088163e-05,0.004646324660614899,-0.032923784662812865,-0.028390286195984767,0.2741900102377915,0.03757010932342767,-0.024283131598219387,0.02348871883046205
2026-04-20,8.233195050433997e-06,0.03537566265225261,-0.00021445559852766057,0.02348871883046205,-0.09572886302546134,0.03559011825078031,-0.13356552549833378,0.005470557831208044
2026-04-21,-8.102142935977197e-06,0.013008629782719385,-0.01563588638065812,0.005470557831208044,-0.174051015743903,0.02864451616337733,-0.32010787018892656,-0.004375692112496951
2026-04-22,1.1997257820686142e-05,0.029463537642193408,-0.004415919342998157,-0.004375692112496951,0.11504492884690393,0.03387945698519152,-0.0949301883903714,0.005812667473469066
2026-04-23,0.0,0.008301429213924006,-0.01337351909524851,0.005812667473469066,-0.033697972591505414,0.021674948309172565,-0.035069071246000796,0.0017543498489422439
2026-04-24,0.0,0.01093557625336603,-0.00985202970711125,0.0017543498489422439,-0.33839061959508293,0.020787605960477226,-0.38920522099292804,-0.0007108970624794651
2026-04-25,-1.594559837832486e-05,0.013117978992056247,-0.007611261369705882,-0.0007108970624794651,-0.03806032617036492,0.020729240361762248,-0.32856231655578766,0.008189490619206242
2026-04-26,0.0,0.015305598871983283,-0.005874921241193181,0.008189490619206242,-0.12032560117648833,0.021180520113176525,-0.3587448726525699,-0.016692412593049755
2026-04-27,0.0,0.014111599096734343,-0.03287744418889982,-0.016692412593049755,0.4023987114672313,0.046989043285634226,0.11832771802063742,-0.005438908925725226
2026-04-28,8.04650205624443e-06,0.0008861671954517742,-0.013975859512697501,-0.005438908925725226,-0.40416482195011805,0.014862026708149208,-0.2545935038485174,-0.009313710170518817
2026-04-29,4.045200832811078e-06,0.027908578184942488,-0.030750980013581782,-0.009313710170518817,0.6685176217098415,0.05865955819852414,0.5195175210859245,0.006778137101030511
2026-04-30,0.0,0.013296758430073826,-4.083069251753963e-06,0.006778137101030511,-0.6069827253789997,0.013300841499325741,-0.21321675363970027,0.00784548893003315
2026-05-01,-4.055487175580008e-06,0.018198067544920912,-0.0001543622315614987,0.00784548893003315,0.04987235276038609,0.01835242977648226,-0.15320505034453322,0.007880352688570765
2026-05-02,0.0,0.015215008662601842,-0.0036055587997762388,0.007880352688570765,-0.30766900025567406,0.018820567462378045,-0.478535884631672,-0.002590478030038692
2026-05-03,0.0,0.0053042356927475234,-0.009901553888970882,-0.002590478030038692,0.15590298498497826,0.015205789581718407,-0.2150609210019472,0.0018384696686224796
2026-05-04,0.0,0.01945789465384323,-0.007832172723920412,0.0018384696686224796,0.623968827654441,0.027290067377763693,0.41557302526369877,0.04783431676233564
2026-05-05,0.0,0.059651022649498224,-0.0002841173416569653,0.04783431676233564,0.13702896537028036,0.05993513999115512,0.5798241852941595,0.017302031842530853
2026-05-06,0.0,0.041786834080290894,-0.0063641927962595456,0.017302031842530853,0.0961844156712091,0.04815102687655045,0.5169653664083048,-0.015453559440427728
2026-05-07,0.0,0.012019124619707968,-0.022603413966264176,-0.015453559440427728,-0.25536011238829276,0.03462253858597209,0.10482549275001071,0.039704123619277616
2026-05-08,0.0,0.053435120020595396,-0.008001591275773597,0.039704123619277616,-0.08716504473774614,0.06143671129636901,-0.09387780488118244,-0.009083803007191981
2026-05-09,0.0,0.01769007908052793,-0.012865140334218116,-0.009083803007191981,-0.3206739973398301,0.030555219414746107,-0.4852425709585455,0.042342222917680424
2026-05-10,3.741943265899332e-06,0.06232870207098686,-0.007915645492810545,0.042342222917680424,0.6391607138633241,0.07024434756379726,0.22234565841176135,-0.006987206285273903
2026-05-11,0.0,0.0015209184521196013,-0.027140138669696265,-0.006987206285273903,-0.23472295497304763,0.02866105712181599,-0.029615219543222437,-0.03489354255677099
2026-05-12,0.0,0.0038566125143739984,-0.0479418079823173,-0.03489354255677099,-0.04694245460267351,0.051798420496691144,-0.017506611868880154,-0.02335922658834717
2026-05-13,0.0,0.02315787662872573,-0.03379661469405452,-0.02335922658834717,0.07406761131323031,0.056954491322780264,0.0667601293648488,0.020568539450965734
2026-05-14,0.0,0.056158187013252245,-0.0077683013748619965,0.020568539450965734,0.018830712025441895,0.06392648838811403,0.06339729110352967,-0.03262233973855728
2026-05-15,0.0,0.008484776758991442,-0.04716024138985182,-0.03262233973855728,-0.13063555188925766,0.055645018148843386,-0.1416695244011003,-0.024964028268954098
2026-05-16,-3.7610847287430477e-06,0.002219420381718055,-0.03463265088010767,-0.024964028268954098,-0.33190933808191153,0.03685207126182575,-0.40602813993186304,-0.012487439824887979
2026-05-17,0.0,0.010701545708510132,-0.027721407535060354,-0.012487439824887979,-0.02214803894138712,0.03842295324357066,-0.3568250804228462,-0.002074549840516925
2026-05-18,0.0,0.002759467312243106,-0.02104361122631557,-0.002074549840516925,0.39584861392627313,0.023803078538558682,0.1085222264485383,-0.01253075466916555
2026-05-19,0.0,0.005510845390326233,-0.015241648544227184,-0.01253075466916555,-0.381958129595822,0.020752493934553463,-0.25713658140967555,0.0031253130003593378
2026-05-20,-2.8215017162577105e-05,0.01049169397644565,-0.005125421452228933,0.0031253130003593378,0.10890695650653821,0.015617115428674458,-0.050628645750238434,0.005031433728441207
2026-05-21,0.0,0.015960237609549323,-0.011146153406723328,0.005031433728441207,0.20322199384962203,0.02710639101627267,0.20332717112937035,-0.031804205863468694
2026-05-22,8.097874724451721e-06,0.014971856620965236,-0.03517591122177738,-0.031804205863468694,0.09814081472372321,0.050147767842742594,0.2392205450585712,0.014143215356982645
2026-05-23,-4.118338046603061e-06,0.030760817957574967,-0.023210631638973203,0.014143215356982645,0.044752520777482645,0.053971449596548156,0.19979658948421042,-0.015356707196305684
2026-05-24,0.0,0.0024170093599917733,-0.02903347426190084,-0.015356707196305684,-0.597205536900407,0.0314504836218927,-0.41447077877065197,0.005486123065998142
2026-05-25,-8.24669432195768e-06,0.02150348426455587,-0.007187252511447928,0.005486123065998142,0.10925395164355274,0.028690736776003936,-0.2848211626097284,-0.015147325345966155
2026-05-26,0.0,0.013949654845432613,-0.021577477617317143,-0.015147325345966155,0.33055874015505293,0.035527132462749654,0.06892809014727805,-0.011487690989988487
2026-05-27,4.163350873475117e-06,0.010136072528660571,-0.01579541360563139,-0.011487690989988487,-0.02521291608933856,0.025931486134291876,0.04684955064803554,-0.011224455322600108
2026-05-28,-4.274329483596071e-06,0.0035454789913856337,-0.03852884956665862,-0.011224455322600108,0.21011221676131428,0.04207432855804427,0.2884310837121771,-0.007781322511699056
2026-05-29,0.0,0.012670267070862835,-0.0181574949536135,-0.007781322511699056,-0.3681204139655718,0.030827762024476377,-0.08690375754294563,0.012148625840939717
2026-05-30,-4.292279505789221e-06,0.02534264038152562,-0.00038272592373524806,0.012148625840939717,-0.023637364992455456,0.025725366305261073,-0.15119898209858953,-0.000658561025594383
2026-05-31,4.2404315846999545e-06,0.012065777265993683,-0.014778951536379193,-0.000658561025594383,-0.18771108621616805,0.026844728802372805,-0.35871817850312493,-0.02032958199019663
2026-06-01,4.243225081608043e-06,0.00715283281749249,-0.042574541572365995,-0.02032958199019663,0.5250509445258211,0.04972737438985854,0.2363112517190297,-0.08128979959523862
2026-06-02,0.0,0.0011487649812586265,-0.0933117556756663,-0.08128979959523862,0.2888721309215482,0.09446052065692488,0.4893119535206896,-0.05860684929427278
2026-06-03,1.4161303131541251e-05,0.025124913871298907,-0.0589910245929724,-0.05860684929427278,-0.021832671203541345,0.08411593846427143,0.4015201258043142,-0.10957487516778712
2026-06-04,-1.992263031738785e-05,0.003451248549536392,-0.10976409283872726,-0.10957487516778712,0.38498011896911255,0.11321534138826372,0.6628369788143867,-0.1371249946431083
2026-06-05,0.0,2.7869459453675823e-05,-0.14663185958071184,-0.1371249946431083,0.2447247823614949,0.14665972904016544,0.6894129154992837,0.003995169492410517
2026-06-06,-6.3741772376417895e-06,0.03311742598622031,-0.04841133511667211,0.003995169492410517,-0.5702797778667744,0.08152876110289245,-0.14504227584593746,0.04791281375025301
2026-06-07,0.0,0.06246923839615526,-0.0021580564512520416,0.04791281375025301,-0.22603427190165087,0.06462729484740738,-0.4181365564696279,0.03197914549788908
2026-06-08,0.0,0.05241643319144166,-0.029783164062610397,0.03197914549788908,-0.11346986030569524,0.08219959725405197,-0.5039260559682905,-0.030204674121374474
2026-06-09,1.180993303752524e-05,0.0023045795501098545,-0.05530111659873424,-0.030204674121374474,-0.13951857925183073,0.05760569614884408,-0.6036047943962937,-0.027606245509190462
2026-06-10,6.040980659904131e-06,0.007042480986551112,-0.039797161711038184,-0.027606245509190462,0.07796008801194995,0.04683964269758923,-0.3804443965539478,0.05781678087402417
2026-06-11,-6.210110755644704e-06,0.06318000441816046,-0.0007902914461362267,0.05781678087402417,0.027958575976503648,0.06397029586429662,-0.0983541688199287,-0.002916140015650434
2026-06-12,1.1809863817269411e-05,0.020920206875565228,-0.014916685099839828,-0.002916140015650434,-0.07090449079002213,0.0358368919754051,-0.08372831557937532,0.011189019925169009
2026-06-13,-6.475161003931231e-05,0.03274239023116841,-0.0035330644863523757,0.011189019925169009,-0.2693920276470683,0.036275454717520986,-0.3072872751799547,0.06226482590160424
2026-06-14,5.812920186408627e-06,0.06386099231393286,-0.03480526878705617,0.06226482590160424,0.13091323887558637,0.09866626110098911,-0.10735866362697476,-0.023397105749375417
2026-06-15,-4.3778748408625735e-05,0.034832240252882,-0.029655578666833823,-0.023397105749375417,0.5542931826854263,0.06448781891971579,0.46671079927217524,-0.036558920769429626
2026-06-16,0.0,0.013229826300236615,-0.03733185551960629,-0.036558920769429626,-0.4981062715452254,0.05056168181984299,-0.12604244999867636,-0.051982108638142156
