date,open_ret,high_ret,low_ret,close_ret,volume_ret,range_ret,vol_ratio,target_return
2023-01-02,6.243648347614898e-05,0.014550532136779957,-0.010063239538592183,0.005713731098064023,0.24982488285715748,0.02461377167537224,0.24982488285715748,0.002430325511224114
2023-01-03,6.611992204959272e-05,0.0052625360362342265,-0.0030668226624374316,0.002430325511224114,0.05365686403721254,0.008329358698671768,0.17078795054407694,0.05141656803667855
2023-01-04,3.0624561905263526e-05,0.05679096995858803,-0.0017419976541267394,0.05141656803667855,0.5169073755765635,0.05853296761271486,0.6274663336211092,-0.010462232545446846
2023-01-05,-0.00016678197747387955,-0.00016678197747387955,-0.01368982371802345,-0.010462232545446846,-0.6128137417111399,0.013523041740549592,-0.18273394975597448,0.013342720027047375
2023-01-06,0.00010662970180449306,0.014706270745926096,-0.005298832885436721,0.013342720027047375,0.1976879222529579,0.02000510363136274,0.04892661427532173,0.005432921156650504
2023-01-07,-4.7210105883855934e-05,0.011845257491715938,-0.0010544201079378981,0.005432921156650504,-0.24308930829313702,0.012899677599653886,-0.2618038589173316,0.04892900075135684
2023-01-08,-0.00011446958660715566,0.04892900075135684,-0.0029357267235009233,0.04892900075135684,0.4058012385481223,0.05186472747485774,0.15819902640204594,-0.00615455762084391
2023-01-09,0.00020907496636994978,0.031004233298995754,-0.009100403245582414,-0.00615455762084391,0.46605137743475916,0.04010463654457821,0.5712330974183083,0.016684670033213254
2023-01-10,-0.000170003227560877,0.020205560976275124,-0.005706342014401455,0.016684670033213254,-0.5107049371265738,0.025911902990676552,-0.00536473793824509,0.027589755607061114
2023-01-11,1.3977100996553338e-05,0.028031287837014984,-0.010015177252408504,0.027589755607061114,-0.008115974054439739,0.03804646508942352,-0.0659416383584222,0.009656340596891601
2023-01-12,0.006483686164169387,0.010139309845188658,-0.018788081103484535,0.009656340596891601,0.3408448537901093,0.02892739094867322,0.25559673853150267,0.020362500976168735
2023-01-13,-2.9689256337869323e-06,0.02559768507025902,-0.009148782606701145,0.020362500976168735,-0.1547715827365145,0.034746467676960074,-0.020699614979962623,0.03843082238157542
2023-01-14,-4.540342528598859e-05,0.06673247946099338,-0.0004508008806375735,0.03843082238157542,0.6602652809439734,0.06718328034163087,0.615410953281021,-0.010441095211427689
2023-01-15,0.00028699735736579916,0.0017110686333873578,-0.041186812131570084,-0.010441095211427689,-0.6584229816066415,0.042897880764957395,-0.14137243541355438,-0.010219902681114255
2023-01-16,3.091407463501438e-05,0.018130800783305808,-0.026462485241835546,-0.010219902681114255,0.06738323134496951,0.04459328602514141,-0.10216208517173114,0.00275636152575746
2023-01-17,0.0002002329321894048,0.019175913420887817,-0.006793760352884915,0.00275636152575746,-0.12805770063195177,0.025969673773772763,-0.27010050029429694,-0.04374632357821936
2023-01-18,2.3104881864169685e-05,0.01675291983641108,-0.05905507305535071,-0.04374632357821936,0.46606057717760857,0.07580799289176168,0.23299068029764025,0.027023165568276927
2023-01-19,-0.00036788505384414754,0.02792601347987937,-0.00042032953305087606,0.027023165568276927,-0.6714758156015405,0.028346343012930136,-0.5195622408797737,0.03374959681366677
2023-01-20,-2.2667035481396746e-05,0.03390618852192034,-0.026203329552263847,0.03374959681366677,0.44003861737965894,0.06010951807418406,0.12001262283039685,-0.018907153581209254
2023-01-21,0.00015509094564122356,0.015110861963313451,-0.019565423933130464,-0.018907153581209254,0.1197231842234112,0.03467628589644383,0.20436507025946773,0.012569418179656506
2023-01-22,-7.37316587094834e-05,0.03719702387323408,-0.0005267448595862099,0.012569418179656506,-0.2780170706462461,0.0377237687328203,-0.12214328805463652,0.00807707762261697
2023-01-23,-8.620517764105062e-05,0.014358926148313734,-0.0023613423685062136,0.00807707762261697,-0.0936060089166746,0.016720268516819844,-0.2286733122437902,-0.016141652544358648
2023-01-24,-0.0003705700671850572,0.05490314055549564,-0.01918247300051781,-0.016141652544358648,0.5333078731863917,0.07408561355601352,0.4087601541984631,0.02202784384225572
2023-01-25,8.588058259529282e-05,0.041022829844099995,-0.019813875559399244,0.02202784384225572,-0.2845917919587079,0.060836705403499364,-0.01966726836142886,-0.007975226775286365
2023-01-26,-0.0006876344098474261,0.006342989590905905,-0.016122952071016758,-0.007975226775286365,-0.21051414833575324,0.022465941661922822,-0.2295558643144323,0.010625275297786575
2023-01-27,2.5925935010257814e-05,0.016357692038191266,-0.015023600878771644,0.010625275297786575,-0.10939653513930879,0.03138129291696281,-0.27397337157483775,-0.006116177191893996
2023-01-28,0.00011042735844570461,0.01595091901170896,-0.013164767081633905,-0.006116177191893996,-0.10924589476889454,0.02911568609334283,-0.35559661154456523,0.035578591079703785
2023-01-29,-2.6208577929512735e-05,0.04430820271709082,-0.003422187042047625,0.035578591079703785,0.42456006678025277,0.04773038975913841,0.09706888652296572,-0.032889736714303064
2023-01-30,0.00012347204561461556,0.009155178945753562,-0.04431418190348222,-0.032889736714303064,-0.052044059194813266,0.05346936084923572,0.12180367129135973,0.01708766009855039
2023-01-31,9.013676695252371e-05,0.02176278259917692,-0.004528809549409206,0.01708766009855039,-0.2579753120848729,0.026291592148586243,-0.12291943486612222,0.016231758930033358
2023-02-01,-0.00026871024715749295,0.02168215935430946,-0.02009016560144465,0.016231758930033358,0.23505035966315677,0.04177232495575424,0.13172633509641415,0.01834318578899684
2023-02-02,-0.0003982358837772711,0.049238004923725945,-0.002401626105679881,0.01834318578899684,0.38814623984961255,0.051639631029405775,0.4722785950446332,0.027209222866546763
2023-02-03,-0.00018075299670905547,0.03403720979844519,-0.013846987469888588,0.027209222866546763,-0.053640385775346806,0.04788419726833382,0.26389513771812856,-0.004983013049923784
2023-02-04,-5.712989861734345e-05,0.004810605618251605,-0.01371895125252048,-0.004983013049923784,-0.669889787799616,0.018529556870771968,-0.46381512803118624,-0.008345677110928474
2023-02-05,-0.00017797968549198662,0.0200726984910572,-0.017506594416446773,-0.008345677110928474,0.4078289753589846,0.03757929290750415,-0.00026431940079431907,-0.009937874239001035
2023-02-06,-2.289756597113952e-05,0.009374531907971707,-0.018230965295473762,-0.009937874239001035,-0.2392629721947706,0.02760549720344533,-0.29110286649717965,0.0261492199450576
2023-02-07,-0.00021492557603063842,0.027045677679095333,-0.0012998481484062109,0.0261492199450576,-0.00017321472217905182,0.028345525827501435,-0.26376317193148024,-0.015542707403102197
2023-02-08,-3.168777322959946e-05,0.004492872944313149,-0.026570182731798644,-0.015542707403102197,-0.012877221501114608,0.031063055676111794,-0.15557726837984323,-0.06982811418504417
2023-02-09,0.0002546460833140034,0.0028122022106457103,-0.0783684144853598,-0.06982811418504417,0.4129435496259931,0.08118061669600549,0.37968876319542955,-2.0547382264185748e-05
2023-02-10,0.00015309462868709036,0.010069708855435885,-0.00966824900493482,-2.0547382264185748e-05,-0.4570928778933544,0.0197379578603706,-0.19675976498104567,0.01512231663694294
2023-02-11,8.428147924443196e-05,0.01682989163971134,-0.001635668614017155,0.01512231663694294,-0.34642836754709255,0.0184655602537285,-0.48482681015965096,0.007420915016660579
2023-02-12,-3.350332093380753e-05,0.030497162148963072,-0.013282706003879196,0.007420915016660579,0.4019025622757497,0.0437798681528424,-0.019727407317325994,-0.060783156664138076
2023-02-13,-8.894417130421087e-05,0.006984760344112027,-0.09807384326310668,-0.060783156664138076,0.931543249460578,0.10505860360721851,0.9121205311895422,0.0055707272392988266
2023-02-14,-1.6788805225089232e-05,0.02235765456808861,-0.01471627667855289,0.0055707272392988266,-0.69172110215071,0.03707393124664147,-0.04501799930291702,0.06866945060738404
2023-02-15,8.295826498108448e-05,0.06935688859779673,-0.005883439092594987,0.06866945060738404,0.00800594087666063,0.07524032769039174,-0.00285732342155468,-0.03989871830739182
2023-02-16,-5.93686381254583e-05,0.0294075473088992,-0.04075534130688104,-0.03989871830739182,0.43987770999846504,0.07016288861578025,0.38616043105135606,0.0278733699407732
2023-02-17,-6.879525738023528e-05,0.03751331052426667,-0.003984094998063583,0.0278733699407732,-0.39011710249012804,0.0414974055223302,-0.1823446077357107,0.010490253799666992
2023-02-18,2.512440720411455e-05,0.01677264913455915,-0.00024718770545264693,0.010490253799666992,-0.40510835992664374,0.01701983684001183,-0.6294562406191624,-0.015102789553962463
2023-02-19,-0.00019911284019777286,0.005491176585445757,-0.01711165152795501,-0.015102789553962463,0.11028537807482147,0.022602828113400624,-0.3026692674968148,0.010972583942411176
2023-02-20,0.00029511820226334494,0.023335982207208346,-0.008071314288076411,0.010972583942411176,0.2582731215784075,0.031407296495284724,-0.0040636238831459484,-0.012460652283364683
2023-02-21,6.947503870107823e-05,0.00512305760242866,-0.017342179758612294,-0.012460652283364683,-0.15485492569575954,0.02246523736104096,-0.16152926789800812,0.00419417821734703
2023-02-22,3.409595601720273e-05,0.0042845225453993436,-0.02355435547304355,0.00419417821734703,-0.05349911028372746,0.02783887801844288,-0.07090192516433914,-0.013671835077080854
2023-02-23,7.73688088081563e-05,0.006735250149503373,-0.02132983605892033,-0.013671835077080854,-0.1496415873874933,0.0280650862084239,-0.16745815823667667,-0.021226986720664275
2023-02-24,-0.0002405818927830457,0.010528316644636737,-0.02785559656528868,-0.021226986720664275,0.014849209114167808,0.038383913209925354,-0.15438480891466627,0.001094907849294596
2023-02-25,0.0001540643932605159,0.0032244364272681044,-0.016118381647602036,0.001094907849294596,-0.4354368865249343,0.01934281807487017,-0.5745238392723153,0.02163203546646633
2023-02-26,-5.15730096049236e-05,0.02354118346140639,-0.004701636092494744,0.02163203546646633,0.005833354481444374,0.028242819553900976,-0.4263436177789519,-0.013492903164989196
2023-02-27,-3.8419671508681355e-05,0.001062129119702953,-0.026433858466441248,-0.013492903164989196,0.25938000612859763,0.027495987586144154,-0.04857749023877009,-0.01115238562884317
2023-02-28,-2.702837574004148e-06,0.0025452302246868844,-0.014160632970729038,-0.01115238562884317,-0.18133022858516148,0.01670586319541588,-0.1595419795293215,0.004740874785196582
2023-03-01,0.0001178220057036283,0.015503477942390478,-0.0012506391187777951,0.004740874785196582,0.11274879683031486,0.016754117061168243,0.023906353218637516,-0.009824366459902376
2023-03-02,2.8511516967294072e-05,0.0021326929887967227,-0.021315527737472532,-0.009824366459902376,-0.019928525144703925,0.02344822072626912,0.060814212353871,-0.03274726780650057
2023-03-03,0.00010468859958342741,0.00047157174023114293,-0.040714593047903855,-0.03274726780650057,0.19493261301531226,0.041186164788135075,0.22190061402557215,-0.002687062788244383
2023-03-04,2.428484929873139e-05,0.0035924715504129278,-0.012701662019536264,-0.002687062788244383,-0.4427227116766319,0.016294133569949104,-0.2945324398909234,-0.0027816127179309713
2023-03-05,5.787026363409233e-05,0.010156060925035694,-0.005639146169679016,-0.0027816127179309713,-0.005540466262821724,0.015795207094714696,-0.23867135346063578,-0.0022357691270184286
2023-03-06,1.6595860305791713e-05,0.003522288901972786,-0.016577792686680807,-0.0022357691270184286,0.2631169532265037,0.02010008158865366,0.052257131416363345,0.004463913949645818
2023-03-07,-0.00020629345566135798,0.007476706052126566,-0.012860732492026643,0.004463913949645818,-0.002633851279529319,0.020337438544153305,0.05177371117758398,-0.008596507670108791
2023-03-08,-5.611253222124713e-05,0.014744868620860482,-0.013073828791278335,-0.008596507670108791,0.15711483726379033,0.027818697412138882,0.20738852808331848,-0.033932777208972704
2023-03-09,0.00027453508570715433,0.015563166429414636,-0.050542416388163626,-0.033932777208972704,0.1467158611817916,0.06610558281757825,0.361797276128423,0.0004451798408598686
2023-03-10,9.882371178467413e-05,0.0028974850214802633,-0.042671287300717405,0.0004451798408598686,0.09986768619575899,0.04556877232219779,0.3457151570897277,0.0019512362138832467
2023-03-11,5.4341058577119765e-05,0.015113119685743403,-0.018688847392577743,0.0019512362138832467,-0.0649768861272826,0.03380196707832107,0.1522155112759255,0.04127995398693948
2023-03-12,-6.258265441429561e-05,0.04140984309942809,-0.004770347502991269,0.04127995398693948,-0.08060192910615789,0.04618019060241927,0.007255895914651474,0.06429479526256159
2023-03-13,0.00022447737868456504,0.07984605510420875,-0.007344042073726788,0.06429479526256159,0.8432891300693844,0.0871900971779355,0.8057334631342925,0.001483423410852708
2023-03-14,8.34744537786216e-05,0.0347605180521862,-0.015986230344307822,0.001483423410852708,-0.2593745447355204,0.0507467483964939,0.3045542586137314,-0.007285888430251587
2023-03-15,0.00024352243034410974,0.01461091969549865,-0.02512675529942753,-0.007285888430251587,-0.3724014157572295,0.03973767499492619,-0.17479498473979294,0.07141632848383617
2023-03-16,0.00028811801513136813,0.08090939406688959,-0.008814984180400711,0.07141632848383617,0.8066449797136449,0.08972437824729032,0.6211920357128554,0.027568487581884127
2023-03-17,7.715579683480407e-05,0.03106860660380696,-0.00829622854598164,0.027568487581884127,-0.35824473496836023,0.03936483514978862,0.05880696657458546,-0.022538362224110854
2023-03-18,-0.00011916817388608383,0.02148500118809208,-0.024751999138774627,-0.022538362224110854,-0.12050219894463457,0.046237000326866666,-0.15925120756289424,0.016317275451462533
2023-03-19,1.776593872846807e-05,0.030573218821961772,1.776593872846807e-05,0.016317275451462533,-0.16012535150551083,0.03055545288323332,-0.2568996973343068,-0.0121071169260601
2023-03-20,6.73761996546765e-05,0.008333064026820705,-0.012314119214642176,-0.0121071169260601,-0.03402181569990635,0.020647183241462773,-0.255164613417658,0.007141949978636775
2023-03-21,0.0002787161642209218,0.019703190368283933,-0.011871767322693735,0.007141949978636775,-0.0661401518002303,0.031574957690977803,-0.3405184741187077,-0.04085038726038694
2023-03-22,-4.505256611305963e-05,0.012967851797810305,-0.05425967716127704,-0.04085038726038694,0.6957985257753988,0.06722752895908742,0.5244589349638615,0.024395802866692462
2023-03-23,-7.51856852119136e-05,0.03083729535154705,-0.006218705913283419,0.024395802866692462,-0.8499303385217781,0.03705600126483045,-0.4128492625912163,-0.022931710103769994
2023-03-24,-8.771584882042041e-05,0.001021119750781483,-0.03724937802945895,-0.022931710103769994,-0.15530329478991578,0.038270497780240234,-0.4977710633939657,0.000972728573509529
2023-03-25,-0.00012250975738317994,0.008167015055123237,-0.007624320452244489,0.000972728573509529,-0.06521787803702507,0.015791335507367846,-0.49947017260452664,0.019077640227824957
2023-03-26,-0.00011331013924107837,0.02114166768698816,-0.0017879753231310215,0.019077640227824957,-0.18964397221868673,0.02292964301011926,-0.6195155517849293,-0.05608794810514471
2023-03-27,5.010544413399655e-05,0.001344553352838209,-0.07064817939056484,-0.05608794810514471,0.5924080072669483,0.07199273274340307,0.05803064274631786,0.007406175554234999
2023-03-28,-8.244072438389564e-06,0.01289933313829551,-0.0115729329029925,0.007406175554234999,-0.31710860879238456,0.02447226604128814,-0.034316384821326665,0.001853433886179469
2023-03-29,-0.0001056079168728739,0.01982349769507773,-0.001502161686824816,0.001853433886179469,0.009599506227024665,0.021325659381902434,0.003582288005455226,0.008647767119315648
2023-03-30,6.641185455026139e-05,0.012519841638220343,-0.009084340840346134,0.008647767119315648,0.20728686930881346,0.02160418247856661,0.20494740224252142,0.0014912786196076746
2023-03-31,0.00020483214029584198,0.009638565726014214,-0.00882388198595147,0.0014912786196076746,-0.3482871789379163,0.018462447711965726,-0.20545858256621088,-0.005765683846129682
2023-04-01,6.237311813032251e-05,0.00437668439018238,-0.011033069285509168,-0.005765683846129682,0.09912349202899572,0.015409753675691406,-0.12792682121603702,-0.004096658722747818
2023-04-02,-0.0008735505890535339,0.003075995580084286,-0.01174559288344168,-0.004096658722747818,-0.04573862584939729,0.014821588463526096,-0.09722092972492365,-0.01724161285616893
2023-04-03,2.8774290096058716e-05,0.00033318666819000595,-0.043688733142861695,-0.01724161285616893,0.4614604625145978,0.04402191981105169,0.37907356020447974,0.00785230812532089
2023-04-04,8.900825231051172e-05,0.011359557242653551,-0.0003157464938013396,0.00785230812532089,-0.19820254960988476,0.01167530373645469,0.09365014042437782,0.009817819899324225
2023-04-05,1.9527458084191915e-05,0.01694901406937146,-0.0015460375869606876,0.009817819899324225,0.02941364442939388,0.018495051656332216,0.13015019194936842,-0.00513480697552818
2023-04-06,6.617071025392348e-05,0.001679923939774397,-0.009602744506819024,-0.00513480697552818,-0.11074448715759597,0.011282668446593244,-0.04510567492812796,-0.005633155546111441
2023-04-07,-2.246422267316495e-06,0.001313292803674936,-0.00794050039163387,-0.005633155546111441,-0.10439253114937615,0.009253793195308984,-0.1735479761723679,-0.0002084491664670004
2023-04-08,-0.00011001488060582647,0.006364537164974341,-0.001002958250518985,-0.0002084491664670004,-0.034753903831946494,0.007367495415493175,-0.22076758765340102,0.00717723443928066
2023-04-09,7.829632313367734e-05,0.009542512519948535,-0.0024178230460269374,0.00717723443928066,0.008322729959782907,0.011960335565975479,-0.1253711388692626,0.017447710640647974
2023-04-10,-1.3167994691655477e-05,0.017447710640647974,-0.003395176612469509,0.017447710640647974,0.19477491662040702,0.020842887253117316,0.11199629545573334,0.013660971937256216
2023-04-11,0.00010198235886563672,0.04453270504364406,-0.0007415058584588941,0.013660971937256216,0.4604979734468893,0.045274210902103054,0.5832686166233176,-0.011857496061727894
2023-04-12,2.1557721224922504e-05,0.0022639515792205597,-0.016926641330604453,-0.011857496061727894,-0.33730181946857474,0.019190592909825,0.10946195486708721,0.018619287562240492
2023-04-13,0.00334817295831983,0.01950339036724883,-0.0024834962946743543,0.018619287562240492,0.06724861562183974,0.021986886661923312,0.12181692697570193,0.012920611645666713
2023-04-14,8.498968131783865e-05,0.03202436611358318,-0.002807400921847981,0.012920611645666713,0.3192546219651723,0.03483176703543129,0.37015021644111623,0.012778771589862157
2023-04-15,-3.522971162636853e-06,0.020437361167663974,-0.004878113081831859,0.012778771589862157,-0.2535044254041452,0.02531547424949582,-0.02000354730929892,0.043472268105037556
2023-04-16,-5.125947271599182e-05,0.048444416940777064,-0.006371230683684793,0.043472268105037556,0.24759766096050792,0.054815647624461804,0.18424101114572125,-0.023908802357430547
2023-04-17,-0.00012971347451087094,0.0053025969560378805,-0.02902043280387008,-0.023908802357430547,-0.0892369885525012,0.03432302975990808,0.08486704125756504,0.009365990806646633
2023-04-18,0.00014898906905528,0.018934443351014175,-0.006298716285032611,0.009365990806646633,-0.14433648258220405,0.025233159636046772,-0.1130367318057087,-0.06154788434174674
2023-04-19,-6.945078967495719e-05,0.0009798889807797087,-0.06669108013497806,-0.06154788434174674,0.10919651410218653,0.06767096911575787,-0.017443301833881805,-0.015041231643564912
2023-04-20,-0.00037124554724824214,0.011844394951799224,-0.02131375667528463,-0.015041231643564912,-0.21932110665714377,0.033158151627083896,-0.20903439622546383,0.011836512054687975
2023-04-21,9.81076550869575e-05,0.04167276105393537,-0.005592950019507599,0.011836512054687975,0.46543766100726414,0.047265711073443004,0.2729071657425283,0.0315784884972809
2023-04-22,-5.673437507893987e-05,0.03457377340054056,-0.0042509827604088266,0.0315784884972809,-0.4554578633050844,0.038824756160949325,-0.21222341945166226,-0.00415401232539606
2023-04-23,5.496771153897564e-05,0.0006793468846167133,-0.012778918267116437,-0.00415401232539606,-0.0467815134813209,0.013458265151733075,-0.2131704377931066,0.001894782575891987
2023-04-24,7.476629648083757e-06,0.008521134092571365,-0.007510978906600981,0.001894782575891987,0.03495782262328354,0.016032112999172177,-0.15230305337299274,0.02114769180676335
2023-04-25,-0.00013700622441536082,0.02520538502515514,-0.007390616278749337,0.02114769180676335,0.02920574282193358,0.032596001303904464,-0.07965515664080844,-0.022428838337410252
2023-04-26,-2.255047800477958e-06,0.019004726964928505,-0.03883501244301232,-0.022428838337410252,0.2881961993781792,0.05783973940794086,0.20356855819442457,0.0011278309849333768
2023-04-27,7.434895547295907e-05,0.016855733257896865,-0.0052115350071137295,0.0011278309849333768,-0.19308021255422161,0.022067268265010587,0.0509354083014275,-0.02042133582151897
2023-04-28,1.2715764876474582e-05,1.2715764876474582e-05,-0.03566603778209921,-0.02042133582151897,0.35391388684495434,0.03567875354697561,0.3827041448119421,-0.0073163984664865
2023-04-29,-3.319838456779642e-05,0.0007491627500497885,-0.00813667009108334,-0.0073163984664865,-0.6889867137375524,0.00888583284113321,-0.41756957875644996,0.04702675200688097
2023-04-30,-8.725515330825042e-05,0.04791302107473046,-0.0043919026080327175,0.04702675200688097,0.4773347718152887,0.05230492368276315,0.09115711971547133,-0.02677750224736608
2023-05-01,-0.00011940370293111793,0.005158145332929036,-0.03304602049249085,-0.02677750224736608,0.053305476665377674,0.03820416582541988,0.09920739678586997,-0.02081450642833053
2023-05-02,4.205401267624515e-05,0.00010573508895608271,-0.02081450642833053,-0.02081450642833053,-0.2843052517470956,0.02092024151728661,-0.18564634458995743,0.013145573588739494
2023-05-03,7.146836111029389e-05,0.01689079297551996,-0.002999352397253195,0.013145573588739494,0.1797920604636955,0.019890145372773376,0.009680104227539144,-0.007062449869719098
2023-05-04,-2.8065726940675336e-05,0.003767214674384213,-0.008279306173768533,-0.007062449869719098,-0.5652968310466302,0.012046520848152862,-0.4929817650209105,0.009289851633626101
2023-05-05,2.7886999243031625e-05,0.01527989547389565,2.7886999243031625e-05,0.009289851633626101,0.10558776730425426,0.015252008474652867,-0.36898467489122116,-0.012825167094836304
2023-05-06,1.5494812365039754e-05,0.005480150279477676,-0.01964855606438549,-0.012825167094836304,-0.04898705372634847,0.02512870634386327,-0.32122679456740477,-0.0036095346790231027
2023-05-07,-4.973338745150215e-05,0.009374678857824968,-0.0039146516254072415,-0.0036095346790231027,-0.12105175892334663,0.013289330483232201,-0.3112991349643903,-0.024041575162717575
2023-05-08,-0.0005763363412300991,0.0025277008938041708,-0.030707269178760245,-0.024041575162717575,0.3737958022619588,0.03323497007256431,0.14941385015579844,-0.004653015912602384
2023-05-09,9.826300465550072e-05,0.005598879654750913,-0.007582761090914139,-0.004653015912602384,-0.3220567569754975,0.013181640745665066,-0.10249984590508986,0.006582005348201616
2023-05-10,-4.8827176122220634e-05,0.013236811941725775,-0.011905026471698868,0.006582005348201616,0.16739760821154964,0.025141838413424603,0.0672097952564259,-0.02211858692351543
2023-05-11,3.8706772773374376e-05,3.8706772773374376e-05,-0.031044725248118472,-0.02211858692351543,-0.11714666136441201,0.03108343202089186,-0.06013327840799027,0.002944312180984118
2023-05-12,-2.211760605673668e-05,0.0036471687732052907,-0.020068463721855088,0.002944312180984118,0.04988404551170294,0.023715632495060354,-0.006618355552277981,0.008016194997723686
2023-05-13,0.00010105986292537412,0.010620001990806816,-0.002477377915187872,0.008016194997723686,-0.28047765267204805,0.013097379905994768,-0.3147061250286484,0.003366411683397288
2023-05-14,8.240353856524595e-06,0.011349658775162672,-0.003481042964575946,0.003366411683397288,0.04913803685347029,0.014830701739738756,-0.16542503685731533,0.004454542847954549
2023-05-15,-7.332789305542469e-06,0.013460530782153896,-0.003600309089252275,0.004454542847954549,0.06648598614641639,0.017060839871406316,-0.07488708977534213,-0.006879051055939217
2023-05-16,4.302141542459216e-05,0.0016205894514121594,-0.012312522205726194,-0.006879051055939217,-0.07014977611740197,0.013933111657138368,-0.09533903242202713,0.008644813900413568
2023-05-17,-3.283305075150127e-05,0.009238309132572712,-0.0120799603928151,0.008644813900413568,0.08267384210171393,0.02131826952538798,0.025009526801442913,-0.014840793941391215
2023-05-18,2.44850012375449e-05,0.0018537224921413595,-0.02395314091424463,-0.014840793941391215,-0.13341882544452358,0.025806863406386167,-0.0740846873872037,-0.0015924466829976762
2023-05-19,-3.205092013780497e-05,0.0056099195193874875,-0.004945506067525223,-0.0015924466829976762,-0.1351187287797892,0.010555425586912704,-0.20822147614082737,0.005666372589639636
2023-05-20,5.866991743162902e-05,0.009271943345045643,-0.002840319623494275,0.005666372589639636,-0.1876096396058264,0.012112262968539905,-0.3613530180952825,-0.013652430729499647
2023-05-21,-3.329567517474672e-05,0.002564068254138521,-0.01374443373658916,-0.013652430729499647,0.08764832931283235,0.016308501990727767,-0.19270804964157207,0.008896239482194535
2023-05-22,5.466011589604513e-05,0.014023813519930409,-0.0047717057099479565,0.008896239482194535,0.1594745298021381,0.018795519229878214,0.022885589311612983,0.013683318635559173
2023-05-23,1.1447271646583675e-05,0.019111676521199574,-2.1809388804590944e-05,0.013683318635559173,0.017893021226627847,0.019133485910004248,0.08951867534858507,-0.02445384700717483
2023-05-24,4.117516250527845e-05,0.00014094246144697294,-0.030247167141807065,-0.02445384700717483,0.147027205801228,0.03038810960325402,0.24962585336454599,-0.003927279163345951
2023-05-25,-3.291888786333108e-05,0.002426029736325325,-0.009822840241064537,-0.003927279163345951,-0.04322354959523823,0.012248869977389975,0.1560832754559868,0.007039300405595547
2023-05-26,-2.6038062441181288e-05,0.012006136364728907,-0.009363604712363797,0.007039300405595547,0.17044538496876144,0.021369741077092677,0.2568992012309894,0.0022960774654213196
2023-05-27,2.7942984182291732e-05,0.00231780521542506,-0.008127768687239894,0.0022960774654213196,-0.3608328700936173,0.010445573902664849,-0.1937465049330466,0.021479178390626595
2023-05-28,-3.591631142644487e-05,0.0220547555211086,-0.0019322831212399696,0.021479178390626595,0.20155708613881845,0.0239870386423485,0.019595962260956966,-0.007867632471759697
2023-05-29,4.6415698224732564e-05,0.008004101389533908,-0.01112575131981678,-0.007867632471759697,0.2922088135501084,0.019129852709350796,0.2898946989664077,-0.00039352782338409584
2023-05-30,1.0080892309682701e-05,0.00788851009215059,-0.0015845500461878533,-0.00039352782338409584,-0.32627278771011997,0.009473060138338448,-0.09579733283620953,-0.015578039206188218
2023-05-31,3.593296944840107e-05,0.0005200699084116199,-0.020446361433712628,-0.015578039206188218,0.19071142970614158,0.020966431342124232,0.09913155638340802,-0.0062548721574704775
2023-06-01,5.2507679260192185e-05,0.0024315522415353256,-0.010555636152713935,-0.0062548721574704775,-0.29024242747202117,0.012987188394249229,-0.19052949253018786,0.008068667240680134
2023-06-02,-8.506238049701065e-06,0.01122657691260165,-0.003986034122218269,0.008068667240680134,0.07426110107189131,0.015212611034819962,-0.12707100628905574,-0.002291562613884208
2023-06-03,3.2857418609893325e-05,0.0025140941440045675,-0.005789902256900798,-0.002291562613884208,-0.381586529475848,0.008303996400905235,-0.4978321617392213,-0.005109940638626998
2023-06-04,-5.472322361583091e-06,0.0028122901774128082,-0.0055841825644089155,-0.005109940638626998,0.04661173039998023,0.00839647274182191,-0.3102471024514031,-0.09720812770892491
2023-06-05,3.4301545287947393e-05,3.4301545287947393e-05,-0.11175858082919582,-0.09720812770892491,1.2224709590447862,0.11179288237448382,0.9779370031692702,0.016499115006451435
2023-06-06,0.0001602409745551482,0.030963098593588787,-0.011497540012940264,0.016499115006451435,-0.29431274386577466,0.042460638606529044,0.45244755366968037,-0.08177842121458957
2023-06-07,-5.0196147147218515e-05,-5.0196147147218515e-05,-0.09456551297145911,-0.08177842121458957,0.3263445498821233,0.09451531682431188,0.6363187922908622,0.010572824791820905
2023-06-08,3.647104305479317e-05,0.028188070157286624,-0.006291827038978066,0.010572824791820905,-0.5325813097727204,0.03447989719626481,-0.1010221449498548,-0.0054790749485424586
2023-06-09,8.730961193251485e-06,0.006740265353191413,-0.021745822670848628,-0.0054790749485424586,-0.13571826874768628,0.02848608802404003,-0.3292785968784297,-0.08659585100664667
2023-06-10,-6.683944646572011e-05,0.0,-0.11166773150166116,-0.08659585100664667,0.7766213219374849,0.11166773150166115,0.38547297867038166,-0.015385211226547952
2023-06-11,-6.956460693401751e-06,0.0010834681605543688,-0.01967620684078626,-0.015385211226547952,-1.0437832060781054,0.020759675001340672,-0.6960944620931668,-0.01881063595200775
2023-06-12,-0.00014816664224331596,0.012806028051312738,-0.05845233595719426,-0.01881063595200775,0.9919278238732,0.07125836400850699,0.38317260644147544,0.05407913284862422
2023-06-13,0.00010215968015918422,0.06123563363524436,-0.0075581829538703535,0.05407913284862422,-0.1600416425781583,0.06879381658911451,0.20715190129208816,-0.026239223875169245
2023-06-14,0.0,0.031240889190182638,-0.041216525885039254,-0.026239223875169245,-0.1572409799586056,0.07245741507522192,-0.03243139569766274,-0.005459824003634814
2023-06-15,0.00014912501790538034,0.010805673611240647,-0.027777700608166398,-0.005459824003634814,-0.3853648615700227,0.03858337421940694,-0.4805827778956078,0.011922783490980133
2023-06-16,-3.061095198115997e-05,0.027225798247761432,-0.014718218966703984,0.011922783490980133,-0.027929266238644154,0.041944017214465536,-0.3584593642332056,0.022724251600405122
2023-06-17,6.004687806049547e-05,0.04103207008841947,-0.007121314830058463,0.022724251600405122,-0.07816019775470465,0.048153384918477996,-0.46825496356947593,-0.0021416735701919303
2023-06-18,-6.0385588199305884e-05,0.014859727714127548,-0.0075564875273896465,-0.0021416735701919303,-0.19379181827934044,0.022416215241517223,-0.49255511815850006,-0.0048621110241513135
2023-06-19,1.1377421968777306e-05,0.0013295315600917498,-0.020452980826880903,-0.0048621110241513135,-0.035905256865780125,0.02178251238697285,-0.35222235502067206,0.0194514418454986
2023-06-20,-8.857779869246635e-05,0.0200498485347646,-0.016121744166786477,0.0194514418454986,0.2846862067557437,0.036171592701551,0.0933514597330206,0.006487085744585985
2023-06-21,3.4315207237083775e-05,0.023414082559667957,-0.00862167703610207,0.006487085744585985,0.40767294908268686,0.03203575959577011,0.5126028767749858,-0.03466692587190701
2023-06-22,-3.960358101361372e-05,0.027434352876889702,-0.03774582040816339,-0.03466692587190701,-0.012112163763127641,0.06518017328505299,0.3992050410882791,0.015545587119919624
2023-06-23,-1.5842276325257094e-06,0.03275338904093045,-0.0029013747503264515,0.015545587119919624,-0.36306904253860117,0.035654763791256906,-0.06654481142468352,-0.03285783817931357
2023-06-24,-4.673237297393952e-05,0.01567467566649821,-0.05276613636127747,-0.03285783817931357,0.12497861348828916,0.06844081202777566,0.013576458393775763,0.009392667058796586
2023-06-25,-9.671817819880523e-05,0.021788745691123827,-0.004334213492275147,0.009392667058796586,-0.29767113377223375,0.02612295918339899,-0.3540377464703948,-0.011615161151136665
2023-06-26,-5.8062155457872765e-05,0.00950230374002712,-0.01942898313489078,-0.011615161151136665,0.029718093136383378,0.028931286874917885,-0.30296699036868624,0.005736233784421736
2023-06-27,-1.3505488026232892e-05,0.01966103170407289,-0.0048573072404591855,0.005736233784421736,-0.20513036400226997,0.024518338944532043,-0.402409600123209,-0.029233812908617585
2023-06-28,4.1954052737197596e-05,0.0003682746438988546,-0.04528766801429459,-0.029233812908617585,0.3228772420668038,0.045655942658193484,0.06967195682677257,0.011132634722717518
2023-06-29,-7.786805087399567e-05,0.02471116500113645,-0.0002717375409229214,0.011132634722717518,-0.36943374752168606,0.024982902542059444,-0.29426834099358223,0.030142887823032333
2023-06-30,-0.0001629822123667323,0.03405900176736171,-0.004434315603208793,0.030142887823032333,0.634575607508649,0.03849331737057046,0.4473829404467837,0.0302797409523813
2023-07-01,7.122256196656243e-05,0.033144668981509105,7.122256196656243e-05,0.0302797409523813,-0.0375746596517913,0.03307344641954251,0.3092708205094266,-0.006078795597101437
2023-07-02,0.00010734058417070569,0.0011978907183814182,-0.01840439524401349,-0.006078795597101437,-0.15031893678944408,0.01960228596239486,0.08239226966331548,0.0005046202656917714
2023-07-03,-1.3322054819903454e-05,0.02058571174383839,-0.0015161971842310043,0.0005046202656917714,0.25437113056507177,0.02210190892806933,0.26759472005926976,-0.015911545688617284
2023-07-04,-0.00014988515542569843,0.0018513956585758855,-0.02113931433761538,-0.015911545688617284,-0.4213750215806929,0.02299070999619116,-0.2249534305864204,-0.014169750719453911
2023-07-05,2.7057245771625204e-05,0.005626346622040109,-0.022405677433475518,-0.014169750719453911,0.03555217723661711,0.028032024055515522,-0.2276263611326313,-0.028689495715469353
2023-07-06,-5.252742269322495e-05,0.020786178629857235,-0.029325088024584334,-0.028689495715469353,0.16298701045539396,0.05011126665444166,-0.0028416135892001607,0.014111971536980563
2023-07-07,6.022693998806386e-05,0.01605372229520963,-0.0029040597069403128,0.014111971536980563,-0.2479071635122162,0.018957782002149752,-0.22527334642398233,0.002823554294392787
2023-07-08,-4.623959715138754e-05,0.007571414811578871,-0.004184977590363673,0.002823554294392787,-0.27034478178699706,0.011756392401942413,-0.4562866797220759,-0.008752243267594764
2023-07-09,3.0350846096791766e-05,0.0030936905500485177,-0.011969317872610187,-0.008752243267594764,-0.09857253675586936,0.015063008422658593,-0.4049973990725342,0.04852374798473161
2023-07-10,1.960843007534344e-05,0.05025252859349606,-0.009526556508820725,0.04852374798473161,1.058782344724823,0.05977908510231687,0.7255813203039236,0.010776781562794612
2023-07-11,8.948553086381047e-05,0.013457152373871243,-0.003811054555916578,0.010776781562794612,-0.44178309722922426,0.017268206929787706,0.11191141155848802,-0.01834737302068819
2023-07-12,-9.823062094445778e-07,0.0072255207859204815,-0.02334518184974032,-0.01834737302068819,-0.05923142023892018,0.03057070263566061,0.05264090348396608,0.04983874319713573
2023-07-13,-7.235089800974859e-05,0.052859405042232695,-0.003983640409780627,0.04983874319713573,0.4095030110778831,0.05684304545201327,0.4265082021971203,-0.03288734101096654
2023-07-14,-9.935465294027095e-05,0.01782498429437047,-0.048791086278012714,-0.03288734101096654,0.049115504288692956,0.06661607057238329,0.31192929086087234,0.011648966519651504
2023-07-15,-6.486336871798187e-05,0.017357701363249396,-0.002757913382794245,0.011648966519651504,-0.6371251716287772,0.020115614746043797,-0.48589896224953855,-0.034201852805842425
2023-07-16,-5.833730654998932e-06,0.0031122994220722116,-0.03451794856674744,-0.034201852805842425,0.043327145234754685,0.03763024798881973,-0.3150807185106508,0.006965665814397609
2023-07-17,5.219206844619062e-06,0.008311338635359449,-0.008522413768683897,0.006965665814397609,0.41866217686057905,0.016833752404043546,0.13540171916207341,-0.01687166383095181
2023-07-18,-7.537477644437883e-05,0.008873262928833088,-0.023388660620439716,-0.01687166383095181,0.1137366079542651,0.03226192354927279,0.19415114660987032,0.0037217579498931776
2023-07-19,3.8485216791548006e-05,0.01512966143068038,-0.0011300041873806182,0.0037217579498931776,-0.40861182963767106,0.01625966561806096,-0.21145459289710503,0.006498664383700648
2023-07-20,-9.092636795954959e-05,0.008184093045013502,-0.003210774687762125,0.006498664383700648,-0.029707400508057057,0.011394867732775637,-0.13898457131244343,0.004340393872250215
2023-07-21,8.712349893479708e-05,0.009962057423874366,-0.0015075705037081162,0.004340393872250215,-0.16074389466226877,0.01146962792758247,-0.32182754614030823,-0.01137853647260303
2023-07-22,8.242782945936566e-05,0.004378408367606129,-0.013530482396890794,-0.01137853647260303,-0.28649701605057953,0.017908890764496935,-0.5982809214588096,0.0058955945413317265
2023-07-23,9.919621008983689e-05,0.012147348616309117,-0.0011188699669623836,0.0058955945413317265,-0.103624819825749,0.01326621858327159,-0.5649959684253555,-0.014581623140458182
2023-07-24,-2.6936230364170306e-05,0.0017962919283971898,-0.025750124304127837,-0.014581623140458182,0.4801121983846012,0.027546416232525094,0.12830647387506952,-0.004772481588914461
2023-07-25,7.483956909441948e-05,0.00288766686963725,-0.008180845234092415,-0.004772481588914461,-0.20942343303057032,0.011068512103729652,-0.056793888338626156,0.004840041787120171
2023-07-26,4.42081358891874e-05,0.010162925442093927,-0.004921225869674359,0.004840041787120171,0.13042767833617658,0.01508415131176839,0.13668236277758627,0.006409041666389017
2023-07-27,-9.386635416950035e-06,0.01742807518439082,-0.001356419939749409,0.006409041666389017,0.036689745053392495,0.01878449512414025,0.17086806926094772,0.006127749827936045
2023-07-28,2.632992031092316e-05,0.009510613903473072,-0.0021266999649001347,0.006127749827936045,-0.10978168865491038,0.011637313868373429,-0.00414112274129756,0.0024737625009177643
2023-07-29,-2.3521220697947927e-05,0.003091531024268937,-0.002705981023242549,0.0024737625009177643,-0.20090863797464079,0.005797512047511361,-0.25925361381441625,-0.0002077273839090638
2023-07-30,2.4091570866772243e-05,0.004973056496610405,-0.006830135205410355,-0.0002077273839090638,0.29298431798141367,0.011803191702020748,0.10129242409066865,-0.005811426444058292
2023-07-31,-2.63621931938127e-05,0.00688924682020593,-0.007289792285938735,-0.005811426444058292,0.9428201305976244,0.014179039106144804,1.013858884953451,0.026133429411870062
2023-08-01,3.069168522305932e-05,0.026133429411870062,-0.010801328806530648,0.026133429411870062,-0.27408082729331623,0.03693475821840074,0.44669319507974725,-0.02873304548964238
2023-08-02,-5.943277338195539e-05,0.0040584617612862105,-0.04382749753301546,-0.02873304548964238,-0.24483579950162715,0.047885959294301755,0.062452113603387656,0.002354365170467516
2023-08-03,6.376272603873285e-05,0.00451632255794179,-0.008288076011289806,0.002354365170467516,-0.48458879933030935,0.012804398569231617,-0.5044648409761002,0.0017179589838308181
2023-08-04,-7.741683999910968e-05,0.008648855523778034,-0.002530511002411878,0.0017179589838308181,-0.0782659710143362,0.011179366526189952,-0.6074562457012266,0.006124003939973375
2023-08-05,5.655315355009142e-05,0.006405388518470143,-0.005754653659624909,0.006124003939973375,-0.20819812183522796,0.012160042178095076,-0.7992805291210987,-0.0006618578190975412
2023-08-06,3.893832765403986e-06,0.00909447393482368,-0.0014194324698282245,-0.0006618578190975412,0.32845965920449266,0.010513906404651777,-0.20064102996579375,-0.004131688460754826
2023-08-07,-2.846939752072072e-05,0.0062639435516843095,-0.011862720546448487,-0.004131688460754826,0.018849346354573793,0.01812666409813262,-0.005322835388830715,0.013769268215886594
2023-08-08,-2.3286256916151473e-05,0.023905235138944648,-0.0019344805110037041,0.013769268215886594,0.17091089498066644,0.025839715649948306,0.27649035741660116,-0.005137615537109641
2023-08-09,-5.545977351859185e-05,0.0007762384335095392,-0.009769815340561818,-0.005137615537109641,-0.23412858579978893,0.010546053774071265,-0.010751228114024848,-0.010846840998984477
2023-08-10,-3.322165913595688e-05,0.00013306326577339426,-0.014450546453052299,-0.010846840998984477,-0.0881443138034217,0.014583609718825538,-0.11325263486946252,-0.006468511560073125
2023-08-11,-7.21002421073347e-06,0.00269650549186297,-0.012104106973428034,-0.006468511560073125,0.05579318735027371,0.014800612465291142,-0.08874313638129142,0.0023614581458225566
2023-08-12,-1.3877110673697516e-05,0.005390858559741089,-0.0012653272109558215,0.0023614581458225566,-0.3072780640454066,0.006656185770697036,-0.38132012000840765,-0.001000527541310578
2023-08-13,-1.638465271198061e-05,0.0056275859162331415,-0.0015454026339607706,-0.001000527541310578,0.041543680998208196,0.007172988550193721,-0.26961125751464665,0.0012736290596548107
2023-08-14,3.30555711858284e-05,0.00412255174314146,-0.0011921290625940117,0.0012736290596548107,0.2508931333416876,0.005314680805735516,0.09481656973525768,-0.015344215144210076
2023-08-15,4.6662991408992385e-05,0.00029562245070738374,-0.020932932758775846,-0.015344215144210076,0.23653531137614606,0.02122855520948322,0.34203469906107475,-0.020535793670520636
2023-08-16,4.2742854769581164e-05,0.0014128981940290481,-0.02340174942185313,-0.020535793670520636,-0.04510971460586984,0.02481464761588205,0.2309251024788051,-0.05922141070323775
2023-08-17,1.6517639934622198e-05,0.001018647545655436,-0.07764057506163288,-0.05922141070323775,0.5326926787904801,0.07865922260728828,0.7236433989045322,-0.011150710424817887
2023-08-18,0.0001367735526067171,0.007300077387674902,-0.02087007276236619,-0.011150710424817887,-0.32688171059480003,0.028170150150041286,0.16313821040480092,0.00409549075591806
2023-08-19,0.0001477669212140527,0.013261389762505795,-0.008287850157370748,0.00409549075591806,-0.17237235546062643,0.021549239919876693,-0.11566353881758394,-0.001677204714825094
2023-08-20,7.558810980850075e-05,0.004060787984827802,-0.006094995768914364,-0.001677204714825094,-0.4718405144826107,0.010155783753742155,-0.6227515177332824,-0.028072103501473582
2023-08-21,-2.310301691710819e-05,0.0004863073181999064,-0.04275490439780706,-0.028072103501473582,0.6704297831439624,0.043241211716006915,0.11671820432880314,0.0009272429265168274
2023-08-22,-0.00028009416737407157,0.005847435343251325,-0.030070865939058604,0.0009272429265168274,0.09140968260262562,0.035918301282310064,0.16263600347845839,0.02605251837637004
2023-08-23,-7.425781811225966e-05,0.03487405635929255,-7.425781811225966e-05,0.02605251837637004,-0.11919813308321617,0.034948314177404766,0.09976840134549222,0.010330505013940923
2023-08-24,0.0002104567543286682,0.018253070803516434,-0.0023111674413863227,0.010330505013940923,-0.3609527523383444,0.020564238244902684,-0.26083673453405837,-0.0014432698588946475
2023-08-25,0.00015868422479734827,0.002779608459805087,-0.020241433018633497,-0.0014432698588946475,0.07155151841762088,0.023021041478438652,-0.15648329865189067,-0.009049214784822639
2023-08-26,3.4245214678055695e-06,0.002083574659706825,-0.009743690366933847,-0.009049214784822639,-0.43730417668751154,0.011827265026640502,-0.643431389102555,0.009172629929415338
2023-08-27,2.6375485074265657e-05,0.014567438405446163,-0.001312741599350221,0.009172629929415338,0.17291523805331355,0.01588018000479632,-0.3445041798703326,0.0016498952048229077
2023-08-28,1.1180743848639492e-06,0.002798883879307818,-0.011551326934116035,0.0016498952048229077,0.02241462692543047,0.014350210813423811,-0.17584000287970436,0.03655998131871074
2023-08-29,1.3464455738098738e-05,0.06351016542488523,-0.007667907071100453,0.03655998131871074,0.578192293365668,0.07117807249598568,0.5275057264631267,-0.013595515201604281
2023-08-30,3.201522956631246e-05,0.0008201006457778398,-0.0217668510696706,-0.013595515201604281,-0.5002834984570941,0.022586951715448497,-0.08028606957272924,-0.03270813893380801
2023-08-31,8.549486841685513e-05,0.007963951639544262,-0.038028731719273165,-0.03270813893380801,0.17515185708374303,0.04599268335881737,0.12832676012535724,-0.01379400703953863
2023-09-01,3.1701357987415197e-06,0.006295765012534671,-0.023383576369734673,-0.01379400703953863,0.022179983200696043,0.02967934138226937,0.07154368866740021,0.0038216963017681477
2023-09-02,-1.6999547083958662e-05,0.009174390952628996,-0.0015928548442149708,0.0038216963017681477,-0.40605800514672385,0.010767245796843947,-0.3883462213160344,-0.00022664994227078437
2023-09-03,2.9243707562091154e-05,0.0031024606910965277,-0.004845469933566144,-0.00022664994227078437,-0.09859595635664145,0.007947930624662643,-0.4678038380094275,0.003713069280050729
2023-09-04,-3.188455286917826e-05,0.008672959195469404,-0.0052261757951507365,0.003713069280050729,0.32052182793644374,0.01389913499062016,0.021916294265446862,-0.003348461997684624
2023-09-05,6.27498183030945e-05,0.0024342857698959183,-0.007112070319384393,-0.003348461997684624,-0.2013290432640098,0.009546356089280186,-0.1820898688666496,0.003056357631874095
2023-09-06,5.086652188224424e-05,0.012522538784977425,-0.010128712801249069,0.003056357631874095,0.21046067522136333,0.02265125158622655,0.10419799124002047,0.008113142299239448
2023-09-07,2.2341657493045518e-05,0.011412552617683352,-0.007284895114538793,0.008113142299239448,0.12039125423424854,0.018697447732222178,0.26796649591980454,-0.010778427808106292
2023-09-08,-1.582968051767269e-05,0.0061393752218642135,-0.015181010238023809,-0.010778427808106292,-0.16895099773653688,0.02132038545988789,0.024391271326779818,-0.0015815893861310726
2023-09-09,2.3325769764216735e-05,0.0035735147579817614,-0.0015815893861310726,-0.0015815893861310726,-0.47395758437417485,0.005155104144112929,-0.4985646087377252,-0.008932014904508108
2023-09-10,-1.1111714974402297e-05,2.2864102011029418e-05,-0.012609694972168206,-0.008932014904508108,0.4288385404959667,0.012632559074179187,0.01529374496686092,-0.03004303837593842
2023-09-11,2.1631916837480983e-05,0.0013746726401419572,-0.03821809358409084,-0.03004303837593842,0.33190712192682337,0.03959276622423268,0.3250638290684153,0.023789224359947472
2023-09-12,4.339792095041553e-05,0.03553578738601913,-0.0037526653459104596,0.023789224359947472,-0.06941653872778338,0.039288452731929636,0.1986241098531953,0.007781342696181237
2023-09-13,0.00013978182415732367,0.010201532932910503,-0.007119945195941754,0.007781342696181237,-0.2787338329881292,0.017321478128852222,-0.0915742769387917,-0.0016932691245660821
2023-09-14,-9.472089590994993e-06,0.010483509850414586,-0.005941446615873356,-0.0016932691245660821,0.1179530158077346,0.016424956466287846,0.03799520970905758,0.008876352518853036
2023-09-15,0.00010134499187975751,0.012461486814832399,-0.005139199396613844,0.008876352518853036,0.2532746157733052,0.01760068621144627,0.2091992745177876,0.0036586055795483213
2023-09-16,-3.334289685826863e-05,0.007109147307366936,-0.0028644868656052262,0.0036586055795483213,0.011872490725957665,0.00997363417297198,0.14998960172042314,0.006977969673985594
2023-09-17,-5.380742550882271e-05,0.007759545219764768,-0.005835706562780101,0.006977969673985594,-0.1122583688204808,0.013595251782544842,0.02978210800997808,-0.002135887009652661
2023-09-18,2.3755029397354738e-05,0.020774853474970822,-0.005319665250110311,-0.002135887009652661,0.2808814439610101,0.026094518725081044,0.3122974512123163,0.005572451201981252
2023-09-19,-9.960467188232354e-06,0.017189529932345786,-0.0016780067180345163,0.005572451201981252,-0.3948789312010235,0.01886753665038045,-0.19223940110506746,-0.013196648605899669
2023-09-20,-1.6157216173755818e-06,0.0025093642447661184,-0.016012936339496842,-0.013196648605899669,-0.03330652495625573,0.018522300584262866,-0.23182090577966952,-0.0167912714204869
2023-09-21,-4.470323282689553e-05,0.0034742544545445283,-0.022533993267008296,-0.0167912714204869,0.03053327910323291,0.02600824772155277,-0.1556818293628653,0.0016917777515454298
2023-09-22,-2.164401495111621e-05,0.005830554166034024,-0.0040513116402606615,0.0016917777515454298,-0.33582950080530205,0.009881865806294764,-0.44645690696500234,-0.002799336335696124
2023-09-23,-6.063206143585483e-05,0.002045531477581082,-0.004789314420622252,-0.002799336335696124,-0.24523318367065847,0.006834845898203337,-0.6156141429826624,-0.010876293328023806
2023-09-24,6.731998943544869e-05,0.0032084885629010506,-0.012557922808259674,-0.010876293328023806,0.2893240278107929,0.015766411371160725,-0.12845564573446883,0.008561687828272442
2023-09-25,-0.00010930977918734523,0.010675755804168392,-0.0038715059951377907,0.008561687828272442,0.024041985097120726,0.014547261799306137,-0.04228568251205294,0.010910887838485185
2023-09-26,-0.00011251852091057666,0.014714633497931012,-0.0009853483026506086,0.010910887838485185,0.7386952869614526,0.015699981800581627,0.7490862737365808,-0.0018523537798454137
2023-09-27,-3.3193940341162886e-05,0.01565198843972395,-0.007052106948147607,-0.0018523537798454137,0.20216013422625284,0.022704095387871662,0.8037812399959726,0.01447393801820128
2023-09-28,2.612853403421393e-05,0.022344005882773042,-0.0015772534766883158,0.01447393801820128,-0.7436185694130487,0.023921259359461426,-0.1897386327721842,0.0009454055289486653
2023-09-29,8.364187957339275e-05,0.010092830917291122,-0.0026519288190640744,0.0009454055289486653,-0.06634183858069637,0.012744759736355353,-0.3201362920245722,-0.0021302675047336584
2023-09-30,-7.584081325250627e-06,0.004785762153520944,-0.0037031168410231394,-0.0021302675047336584,-0.3187889760944457,0.008488878994544018,-0.6595531617524081,0.014904712414416672
2023-10-01,-9.767122332603863e-05,0.019876121300248135,-0.006139190064241115,0.014904712414416672,0.46317788111687813,0.02601531136448929,-0.17476673047860516,-0.015199744137084255
2023-10-02,1.014694916725718e-05,0.014303093099256889,-0.02085746100378672,-0.015199744137084255,0.18659232830030503,0.0351605541030436,0.11606774108193539,-0.006174750432154307
2023-10-03,-0.00010722186904390289,0.004475285260077232,-0.009297064507486252,-0.006174750432154307,-0.42432529076169834,0.01377234976756342,-0.15974731880278878,-0.00010709953381886288
2023-10-04,2.5879474997061667e-05,0.001528385380268181,-0.011780084970619518,-0.00010709953381886288,0.15755955201947044,0.013308470350887726,0.027772481123698,-0.01289081926134805
2023-10-05,4.525774447121618e-05,0.001734629603851212,-0.013880654833101405,-0.01289081926134805,-0.016035827850190098,0.015615284436952532,-0.0009719871926375925,0.013558038335329764
2023-10-06,-6.837294343300352e-05,0.017471752050909235,-0.0005812466160843618,0.013558038335329764,-0.2605862321886905,0.018052998666993482,-0.32112255433043335,-0.005592873815167599
2023-10-07,-5.4161442268229044e-05,0.0014240788066803604,-0.008439526238915088,-0.005592873815167599,-0.24717395018399727,0.009863605045595395,-0.5040816694647162,-0.0039844986921491
2023-10-08,7.788441783907304e-05,0.002268519564468668,-0.012617566609318655,-0.0039844986921491,0.23246220233194229,0.014886086173787436,-0.11434052809993396,-0.02765299298414773
2023-10-09,1.2407789206459978e-05,0.0027518385907117806,-0.03788995218318889,-0.02765299298414773,0.44346364684535294,0.04064179077390071,0.3549886917363635,0.013641160728024989
2023-10-10,-4.2272114273582145e-06,0.02260194282324628,-4.2272114273582145e-06,0.013641160728024989,0.05978287230350319,0.022606170034673603,0.37530761857257045,-0.009845448712623448
2023-10-11,2.5970279832916574e-05,0.0007364895262486179,-0.018228614902290816,-0.009845448712623448,-0.31320137149889843,0.018965104428539423,0.004466010670998673,-0.006333768424246127
2023-10-12,1.1894687393269997e-05,0.0006083684638882576,-0.014017911190147652,-0.006333768424246127,-0.06647423569857137,0.014626279654035958,-0.09380581057917854,0.0039230260216455495
2023-10-13,-1.7621084453274038e-05,0.013133314087215074,-0.002985511940568196,0.0039230260216455495,-0.017887105929747155,0.01611882602778343,-0.16480300886188282,0.002742263061634061
2023-10-14,2.0217849925747088e-05,0.004790701464217156,-0.0010140828406798572,0.002742263061634061,-0.3762881397789023,0.005804784304896985,-0.557958646736415,0.015086881270976219
2023-10-15,-7.828766269814572e-06,0.017416098340171583,-0.0005970823816379865,0.015086881270976219,0.5477525266823577,0.018013180721809675,0.11684976015981294,0.023938273330108267
2023-10-16,3.004534118660717e-05,0.03457524042588034,3.004534118660717e-05,0.023938273330108267,0.3908209114550597,0.03454519508469365,0.566390432790009,-0.014916899235250433
2023-10-17,-5.512023279768057e-05,0.0008759753577414303,-0.020892286989762206,-0.014916899235250433,-0.39054385405674347,0.0217682623475036,0.05020150763091422,-0.0054114174642337625
2023-10-18,-3.3237153473707315e-05,0.009092046301081994,-0.007334122912434495,-0.0054114174642337625,-0.24740106707630208,0.016426169213516643,-0.2267476290880347,0.0030505644846746394
2023-10-19,-4.4726066442351585e-05,0.004318338238521341,-0.009373501128952064,0.0030505644846746394,0.021465128283428843,0.013691839367473334,-0.1926733175953778,0.005463189330263873
2023-10-20,4.191486469255433e-06,0.023211301250903076,-0.0018849129763405964,0.005463189330263873,0.17642996868981234,0.02509621422724384,-0.06066426967151828,0.009398996529638588
2023-10-21,-1.0924820559902565e-05,0.015479766964594424,-0.003200248528606468,0.009398996529638588,-0.22511367787084313,0.018680015493200693,-0.27623442818309474,0.015932230133417085
2023-10-22,7.497189892272892e-05,0.017113988115082305,-0.0022019654937666493,0.015932230133417085,0.06791013719065088,0.019315953608848996,-0.05359498142569081,0.047556098263415905
2023-10-23,0.0032486801676856257,0.05466313666925371,0.0025575013134392153,0.047556098263415905,0.7574325497150988,0.05210563535581461,0.7483418630560432,-0.014156084641588258
2023-10-24,-6.334843384826302e-05,0.03611339326473321,-0.02319472830881254,-0.014156084641588258,0.07354841118657043,0.05930812157354565,0.6129176879783019,-0.013248019937243949
2023-10-25,0.00011405676440649843,0.016177450817942952,-0.013904243837559338,-0.013248019937243949,-0.46305556194510933,0.030081694655502204,-0.04192223273647543,0.00474212250117825
2023-10-26,2.51356932556917e-05,0.025234543204472458,-0.010193123351927392,0.00474212250117825,0.05682678040494523,0.03542766655639986,-0.020887229791858,0.0055387011613691264
2023-10-27,-7.594274877382243e-05,0.02920503694233069,-0.01367753079489442,0.0055387011613691264,0.2337399734654277,0.042882567737225014,0.13942357538197273,0.005766465911433929
2023-10-28,-1.9577042084986923e-05,0.015448343893257827,-0.0005270824416528377,0.005766465911433929,-0.8185242438714433,0.015975426334910642,-0.7842777171578611,0.006068934590789675
2023-10-29,6.163500643206886e-05,0.010451513655918324,-0.006736262009959112,0.006068934590789675,-0.16185190903742758,0.017187775665877304,-0.79855395538395,0.005001711410399687
2023-10-30,-5.958635850317685e-05,0.008954108408382294,-0.009409117472952234,0.005001711410399687,0.30828794154336997,0.018363225881334468,-0.27329855653945484,-0.00812574164522693
2023-10-31,-2.219120948790221e-05,0.0041696793899238,-0.017481452215397073,-0.00812574164522693,0.12113145802847144,0.021651131605320808,-0.0788583908178622,0.006866347018098196
2023-11-01,-9.616386059684812e-05,0.011858145383277917,-0.015934195882551835,0.006866347018098196,0.18642841487956022,0.027792341265829756,0.17906456058019588,0.0161966923085652
2023-11-02,7.254350723058712e-05,0.023133698147926006,-0.000406314140635979,0.0161966923085652,0.236926087993894,0.023540012288562163,0.5271647925151347,-0.004832283318861809
2023-11-03,-8.527842505456691e-05,0.0021050249808713386,-0.023474715237588234,-0.004832283318861809,-0.38279342088190166,0.02557974021845968,-0.011807110963135387,0.029265962379813992
2023-11-04,-3.679021274875035e-05,0.03370058077283955,-0.004130867206200175,0.029265962379813992,-0.21592513846560243,0.03783144797903975,-0.299231005362041,0.02851252016779015
2023-11-05,-5.211606821497412e-05,0.033703397613999514,-0.002818934934699584,0.02851252016779015,0.4490591128368504,0.03652233254869915,0.15812597175087545,0.0413413576667625
2023-11-06,-8.306347332712123e-06,0.04411601061153913,-0.008807326838084805,0.0413413576667625,0.22179473154591275,0.052923337449624026,0.3253464019489115,-0.03289321341009388
2023-11-07,7.262550553439498e-05,0.0035724647511858137,-0.04802493124125017,-0.03289321341009388,0.046763898499850784,0.051597395992436096,0.3010757106783027,0.0029502327816164743
2023-11-08,-2.0993841652534312e-05,0.005721424379469383,-0.007393112280327068,0.0029502327816164743,-0.39674094604238597,0.013114536659796337,-0.12551247548844954,0.017598759780950768
2023-11-09,-0.0002878379116357045,0.033157536221045635,-0.015470692974264353,0.017598759780950768,1.1063356074247477,0.04862822919530988,0.9633998345115867,-0.0017050853289841184
2023-11-10,6.351791518261259e-05,0.02465151252792051,-0.010260911465764133,-0.0017050853289841184,-0.2455452617166553,0.03491242399368451,0.38256739441169857,0.001350232915768417
2023-11-11,6.417322104744962e-05,0.01578990709199873,-0.017522368494114964,0.001350232915768417,-0.0014996128134672872,0.03331227558611371,0.23932793238143535,-0.015155135566076684
2023-11-12,5.091765108778287e-05,0.0008957478965034737,-0.022481032489677213,-0.015155135566076684,-0.139398586703831,0.023376780386180754,0.0033463940711815966,-0.0257898473060485
2023-11-13,1.8485027527947788e-06,0.009981909887526924,-0.0266518071848269,-0.0257898473060485,0.1573885005738194,0.03663371707235389,0.10680345357338102,0.00384039572974143
2023-11-14,0.000144082977376663,0.029921212045654493,-0.021144471714944508,0.00384039572974143,0.032348953098188096,0.05106568376059902,0.016948338926506167,0.04634389051325488
2023-11-15,7.154751740722146e-05,0.04802298606490016,-1.0329465872295382e-05,0.04634389051325488,0.004151656609970237,0.048033315530772426,0.06632789382114125,-0.04430188685891858
2023-11-16,-4.161213593281093e-05,0.007184604266658174,-0.0529202988011104,-0.04430188685891858,0.031422577721126985,0.06010490306776853,0.08678071548667515,0.008149638655734296
2023-11-17,0.00033389679643891165,0.013212416342577442,-0.015606606369803704,0.008149638655734296,-0.18631960549902704,0.028819022712381202,-0.1173374513962434,0.0008388817583673488
2023-11-18,3.6783818662124277e-06,0.002479897183292181,-0.02258047576451251,0.0008388817583673488,-0.14906964120938543,0.025060372947804766,-0.2731856166092551,0.006660840738590416
2023-11-19,6.908087401567872e-05,0.008073052702899734,-0.010370981881384576,0.006660840738590416,-0.09497470160681445,0.018444034584284258,-0.32036715670078014,0.028178513929336648
2023-11-20,-1.3118591885201282e-05,0.06773860373857991,-0.014073427362929105,0.028178513929336648,0.7350553664554106,0.08181203110150914,0.48755560007846543,-0.1132116464821143
2023-11-21,3.459163358683372e-05,0.06222005861570837,-0.11987747845633873,-0.1132116464821143,0.6546068332677913,0.18209753707204698,1.0532690328811671,0.04172551859487293
2023-11-22,-0.00011076531771357579,0.05032790316462448,-0.0036632366991501846,0.04172551859487293,-0.6172179945626607,0.05399113986377456,0.13321233342938618,-0.010090642935194032
2023-11-23,-0.00017183531369121085,0.011179662626699064,-0.023065843081588686,-0.010090642935194032,-0.5569300063460426,0.0342455057082877,-0.5133643627284465,-0.0037065159270318025
2023-11-24,-5.607178992173657e-05,0.011117936706042142,-0.006751492641626975,-0.0037065159270318025,-0.07699158969963679,0.017869429347669073,-0.6038568040481187,0.006586163463744492
2023-11-25,7.07550090420401e-05,0.012291384336051434,-0.0009347634978988991,0.006586163463744492,-0.24969964244362206,0.013226147833950238,-0.867601164039958,-0.010258662102706947
2023-11-26,-5.005248840838244e-05,0.0002333716374502287,-0.02179738495440179,-0.010258662102706947,0.09202964254314852,0.02203075659185204,-0.6570356623718402,-0.02013575121694056
2023-11-27,-0.00027286411901259047,0.0032792585237838455,-0.03758828598161467,-0.02013575121694056,0.2716029813092768,0.04086754450539851,0.0009279922317871835,0.009938443717162545
2023-11-28,2.8649051304131302e-05,0.018878010460545932,-0.01213393760565745,0.009938443717162545,-0.1654031898852334,0.03101194806620327,-0.01768099773340607,-0.010284645494919748
2023-11-29,1.1957616624140556e-06,0.006528629759494365,-0.013912704356825296,-0.010284645494919748,-0.11297014460996223,0.02044133411631945,-0.10334662219471387,0.0014990300963481724
2023-11-30,1.2081230978641207e-06,0.00789165487634504,-0.004921907975377954,0.0014990300963481724,-0.05073399008116803,0.012813562851722866,-0.12131271813690958,0.003778066922036634
2023-12-01,2.1981483281756047e-05,0.009647720509590703,-0.001983403687082904,0.003778066922036634,0.06640031970924035,0.011631124196673509,-0.060906226842508286,0.0032989395475709754
2023-12-02,-3.097931696886595e-05,0.006492512282172012,-0.008154217542475185,0.0032989395475709754,0.02760307276739092,0.014646729824647165,-0.03496840782953746,-0.005258600759060945
2023-12-03,-4.931094608518647e-05,0.010145426577872086,-0.01230750135303197,-0.005258600759060945,0.1346252315166761,0.022452927930904216,0.15219982005531493,0.022528785039229074
2023-12-04,-9.967956040064512e-05,0.03758720439149919,-0.004142253269470829,0.022528785039229074,1.0895550755025256,0.04172945766096997,1.2272218529193393,-0.00875658017786083
2023-12-05,5.722814905750137e-05,0.00508520858521833,-0.02117359410102871,-0.00875658017786083,-0.9205685282552161,0.02625880268624702,-0.09227949522237859,-0.007974869089351317
2023-12-06,9.039316904895554e-06,0.014274240220767396,-0.007974869089351317,-0.007974869089351317,-0.0019172689607726064,0.02224910931011887,-0.15230704245207694,0.015367993423765719
2023-12-07,0.00046977575737888993,0.022045886272722068,-0.0009743658983869543,0.015367993423765719,-0.04399238566841599,0.023020252171108986,-0.24336110935505012,0.02517037180152737
2023-12-08,-7.270176938355064e-05,0.029025019728197817,-0.0014124079514884352,0.02517037180152737,0.018583103955150688,0.030437427679686227,-0.25977871886793935,-0.004814029629483292
2023-12-09,-1.1432214774300468e-05,0.025167796075238363,-0.007714769270866057,-0.004814029629483292,0.03292973362135494,0.03288256534610453,-0.2470174052793898,0.00822851391915627
2023-12-10,0.00010562639607059804,0.01453820991830901,-0.0008871629308384164,0.00822851391915627,-0.291465051404654,0.015425372849147297,-0.27214323064772844,0.02751447163272941
2023-12-11,0.00014911862044720759,0.028872976558277794,-0.03914094624532134,0.02751447163272941,0.8123005899333802,0.06801392280359916,0.5918861215464254,0.032240190982037904
2023-12-12,-0.00022356217874381322,0.04090299963099979,-0.0017421344823090384,0.032240190982037904,-0.033555636349801035,0.042645134113308676,0.4199951991658442,-0.008173572698948276
2023-12-13,-0.0003577082614567276,0.0041877387415557845,-0.03878245301918954,-0.008173572698948276,-0.2818177370123698,0.04297019176074526,0.018801618365549704,0.004418852066045806
2023-12-14,-7.018398877592987e-05,0.006572815764570094,-0.014756822569783388,0.004418852066045806,-0.18306636922369865,0.02132963833435343,-0.2065829328126711,-0.03468280587324599
2023-12-15,-9.376900740164248e-05,3.352118941191498e-05,-0.03890187523896201,-0.03468280587324599,-0.12994149212868883,0.03893539642837401,-0.3401206215108703,-0.002238000969604982
2023-12-16,-8.224505062529411e-06,0.01293340820906298,-0.005929318568985258,-0.002238000969604982,-0.16639938839561078,0.018862726778048233,-0.5301507768225506,-0.020852951748744235
2023-12-17,-1.0615859413083467e-06,0.00033228345720196797,-0.021177489520432795,-0.020852951748744235,-0.001972148440869354,0.021509772977634834,-0.37793802591544207,0.00848904437626299
2023-12-18,-0.000255527212152744,0.00848904437626299,-0.02777565217773823,0.00848904437626299,0.29323065452343394,0.03626469655400128,0.08601504262164074,0.04571275947487889
2023-12-19,-3.09793524854322e-06,0.05335218229451403,-3.09793524854322e-06,0.04571275947487889,0.3639191356376172,0.053355280229762485,0.49610535251072757,0.029140037176617027
2023-12-20,-2.9414273927773615e-05,0.03469934099822501,-0.007438009211242804,0.029140037176617027,-0.1747101990412874,0.042137350209467836,0.22696238529881413,0.0419338318768137
2023-12-21,0.00015861332568227327,0.053640418613218166,-0.013581942669211575,0.0419338318768137,0.1165507152703913,0.06722236128242971,0.2780620398542121,0.00047883452795484746
2023-12-22,0.0001103648639893618,0.017951343638659106,-0.021716731004538907,0.00047883452795484746,-0.15379827108412963,0.039668074643198104,0.012067746857069203,5.330213472938761e-05
2023-12-23,1.765524115812943e-05,0.002909017664176343,-0.019377733053110784,5.330213472938761e-05,-0.3774617610794839,0.02228675071728717,-0.4356028600776309,-0.024898724302383542
2023-12-24,-4.947868026524198e-05,0.004408940508325662,-0.032259872300902666,-0.024898724302383542,0.14402498118652723,0.036668812809228374,-0.2583051073367248,0.00886167682924233
2023-12-25,6.870674993474839e-05,0.012079726956209512,-0.008459696140842719,0.00886167682924233,-0.08412283507555364,0.020539423097052204,-0.2517643268588294,0.10854015812796951
2023-12-26,-4.456409204820238e-06,0.12524386572192006,-0.007453785760816928,0.10854015812796951,0.9665362210417199,0.13269765148273685,0.783288657638,0.08368359683507016
2023-12-27,0.0001850197650975783,0.0839680110645805,-0.03866230988806238,0.08368359683507016,-0.024953561344163867,0.12263032095264279,0.6005190732640887,-0.00024205619452245512
2023-12-28,0.0003903536416908587,0.04159852104292679,-0.007286915097744087,-0.00024205619452245512,0.048300886619033846,0.04888543614067072,0.49244978548182283,-0.03049831542193194
2023-12-29,-0.00026569748079008517,0.005861776244046169,-0.04554447039797534,-0.03049831542193194,-0.33933827111425435,0.05140624664202128,-0.03975212882920242,0.010419146198316034
2023-12-30,-0.00011726297723721749,0.01966282184996109,-0.0010158603183012544,0.010419146198316034,-0.45172008415040993,0.020678682168262415,-0.5713169108163189,-0.015027236417411811
2023-12-31,-0.00030920110255725376,0.02441935407601375,-0.020605040802132307,-0.015027236417411811,0.056199426983966974,0.04502439487814601,-0.535279635577331,0.0062937564839466095
2024-01-01,-0.00015932281488053397,0.010538350397373043,-0.013984859373867564,0.0062937564839466095,-0.045812944706249414,0.02452320977124056,-0.4516194199513859,-0.007356551335450239
2024-01-02,-0.00044775721666790716,0.02054064482531683,-0.01945484315822444,-0.007356551335450239,0.21857693973761616,0.03999548798354122,-0.08511580947062922,0.014496810875279584
2024-01-03,0.00015311209154916924,0.06405318129397629,-0.03483393954097711,0.014496810875279584,0.5311513974688543,0.09888712083495338,0.5951840408037342,0.021675501735997735
2024-01-04,-0.00011632890096734515,0.022362759773280897,-0.014363447557816196,0.021675501735997735,-0.40505580111947903,0.036726207331097126,0.09823824043801897,-0.01918697477472548
2024-01-05,6.252324289435426e-05,0.010581401535322044,-0.04083918595379371,-0.01918697477472548,-0.022074683613331467,0.051420587489115925,0.012302998719395395,-0.030888894221974904
2024-01-06,0.00014140224622426217,0.0011868314328232707,-0.051896328781332726,-0.030888894221974904,-0.17889911369590328,0.05308316021415591,-0.21439063251445242,-0.01606087056696885
2024-01-07,-1.388089773291102e-06,0.00676048803220223,-0.022035692179942737,-0.01606087056696885,-0.25115559633682943,0.02879618021214499,-0.48692065343232865,0.005300925552247823
2024-01-08,4.2819737124679666e-05,0.017648277612421638,-0.040459272816794976,0.005300925552247823,0.33365986549006155,0.05810755042921677,-0.10472734391399958,-0.011641514694637919
2024-01-09,-8.25861740590133e-05,0.007102491960822966,-0.026557757296577462,-0.011641514694637919,0.18548372225728135,0.033660249257400555,0.2130458452400073,0.01359833375094888
2024-01-10,2.1596976789115166e-05,0.028259551720031917,-0.03672921400280996,0.01359833375094888,-0.13590519831442183,0.06498876572284182,0.06122624240483929,0.011745606009032905
2024-01-11,0.00041602109826963227,0.037389090271678194,-0.008060374552227082,0.011745606009032905,0.10069569930179083,0.04544946482390518,0.1721653768928488,-0.039887684511567725
2024-01-12,-0.00023708931160581662,0.012826546213840098,-0.05995479363572447,-0.039887684511567725,-0.10181441906808099,0.0727813398495646,0.0221920473672473,0.018692235892943283
2024-01-13,-1.6975475428382023e-05,0.020994956193892005,-0.017379391677840677,0.018692235892943283,-0.38389163206104737,0.03837434787173285,-0.42462054173787833,-0.010564133689425033
2024-01-14,-6.05853697886472e-07,0.014045956031263362,-0.010688129647621879,-0.010564133689425033,-0.035794876668321825,0.02473408567888512,-0.4068764390324613,0.06007440796257021
2024-01-15,-8.531573357944325e-05,0.06642387102047588,-8.531573357944325e-05,0.06007440796257021,0.7498644953783659,0.0665091867540554,0.4474411920262874,-0.007398982546325134
2024-01-16,-6.448383598603932e-05,0.003704722028417676,-0.01275361799534993,-0.007398982546325134,-0.3767301253926428,0.016458340023767625,-0.01337827678820039,-0.019673082320353905
2024-01-17,-0.00020632693733321574,0.002222260958809477,-0.02527497842893222,-0.019673082320353905,0.05326986311170279,0.027497239387741543,0.0719629290977086,0.013520887044565109
2024-01-18,2.497966946324338e-05,0.01940952624640259,-0.010957205007758968,0.013520887044565109,-0.08711295401613102,0.030366731254161575,-0.01658794610414978,0.0032108984863374055
2024-01-19,0.0,0.007464100499051261,-0.022319357528826737,0.0032108984863374055,-0.06509429069355013,0.029783458027877817,-0.13189255135845288,0.008427446239651281
2024-01-20,-6.796780677712124e-07,0.008427446239651281,-0.0063735077479274045,0.008427446239651281,-0.3995376807475542,0.014800953987578705,-0.5726076168312448,0.004276259018916714
2024-01-21,4.332680334481232e-06,0.013548078970629556,-0.0023304268181562437,0.004276259018916714,0.039945615314375946,0.015878505788785746,-0.3608489484605667,-0.04130949027678814
2024-01-22,0.00018971100188503947,0.0044553546523932504,-0.04412514370176738,-0.04130949027678814,0.2717461228668261,0.048580498354160506,-0.00451915598162133,-0.0232956379598953
2024-01-23,1.5986302935322352e-06,0.018608210584607026,-0.04822348497727499,-0.0232956379598953,0.11579932208901106,0.06683169556188208,0.16681262463910565,-0.01796332805261249
2024-01-24,1.1147298925306158e-05,0.006470467136764766,-0.025625347790357973,-0.01796332805261249,-0.10350689023320947,0.032095814927122594,0.07228761528278076,-0.004007281245903984
2024-01-25,5.310262222311991e-06,0.010052160087938706,-0.018468501675598017,-0.004007281245903984,0.12341306166251131,0.028520661763536716,0.21271748884956035,0.03500209175918975
2024-01-26,6.77403725038142e-05,0.03986539956512863,-0.0035755240680603595,0.03500209175918975,-0.11973146150056692,0.043440923633188876,0.007503793158203689,0.011533063220758463
2024-01-27,-2.7255266007373328e-06,0.016707618321690775,-0.0008490073754155507,0.011533063220758463,-0.3322855514741363,0.01755662569710632,-0.37393600490335677,-0.0027806567589847525
2024-01-28,-0.00016496279168418714,0.009579794677926964,-0.008315264606206334,-0.0027806567589847525,0.12322382967227,0.017895059284133288,-0.19815841776640553,0.018621762159341648
2024-01-29,0.00015028728713916147,0.018637870023888874,-0.0012206448163518161,0.018621762159341648,0.052638849172181444,0.019858514840240746,-0.084313775068971,-0.010499686733032055
2024-01-30,0.0,0.0072288884237021326,-0.012273179840891537,-0.010499686733032055,-0.05864759665623746,0.019502068264593816,-0.1121556757793151,-0.023401864942649318
2024-01-31,3.136446229999786e-05,0.0013074406891964532,-0.028042002534277567,-0.023401864942649318,0.04605229563937658,0.029349443223474166,0.007645091349881138,-0.0005833906217620766
2024-02-01,0.0,0.005088079231837629,-0.01269528389528368,-0.0005833906217620766,-0.07629321937110184,0.017783363127121383,-0.03083102392845634,0.0032563297605909263
2024-02-02,-3.995539839398553e-05,0.013596327623630236,-0.0007769256238174339,0.0032563297605909263,-0.07557884952601943,0.014373253247447683,-0.12243482567854724,-0.004720471452656066
2024-02-03,8.775237299289559e-05,0.007786798705051154,-0.005093080525440877,-0.004720471452656066,-0.14303062284717116,0.012879879230492063,-0.24430592101907028,0.016535288966249496
2024-02-04,-7.025454957098679e-05,0.025275683847032316,-0.005097797031698816,0.016535288966249496,0.3004356058019165,0.030373480878730985,0.1141791051846753,-0.012814582838079416
2024-02-05,-5.157596366949997e-05,0.005853430539331141,-0.017161339310368076,-0.012814582838079416,0.009211973469543574,0.023014769849699235,0.11218243870690921,0.00615051567526273
2024-02-06,1.4403878254576727e-05,0.008994779576309482,-0.0007134544296341259,0.00615051567526273,-0.19494742997647133,0.009708234005943733,-0.08603450854442643,0.016136930892710715
2024-02-07,4.8390852918277774e-06,0.01887508716260289,-0.006165426950890952,0.016136930892710715,0.13266911637010986,0.025040514113494,0.06693384189061344,0.035876756388876205
2024-02-08,-0.00019842116345852054,0.04068049251035355,-0.0004173253790525471,0.035876756388876205,0.4403643079295135,0.04109781788940602,0.48633176453217064,0.015467208452713765
2024-02-09,0.00016144100727551495,0.021017164326271723,-0.002101779640479187,0.015467208452713765,-0.09694622448852667,0.023118943966751123,0.23945708432537563,-0.0021898946563980604
2024-02-10,9.05566260106628e-05,0.0048806113037446735,-0.013249126868548095,-0.0021898946563980604,-0.39463396942242834,0.018129738172292735,-0.21724618097214257,-0.007287704107910474
2024-02-11,-9.39747233241943e-05,0.005045309063584412,-0.008779364681997259,-0.007287704107910474,-0.04353346938661547,0.013824673745581745,-0.24124671654171279,0.022065699683036028
2024-02-12,5.137066447003097e-05,0.032667320450589704,-0.015250649777022871,0.022065699683036028,0.32997524229911457,0.047917970227612475,0.08289879105402974,-0.00942508511880256
2024-02-13,-3.7223537303062705e-05,0.003838302464521295,-0.026136260384199885,-0.00942508511880256,-0.1027770384488389,0.029974562848721097,-0.0644164306344287,0.028457525220868876
2024-02-14,-8.17266799611676e-06,0.028825955262126005,-0.0030571002265993175,0.028457525220868876,0.0011001430889596778,0.031883055488725304,0.0066965207697218775,0.05942568899052963
2024-02-15,-0.00010500368116045027,0.0883848289634906,-0.00117639726256321,0.05942568899052963,0.6756619516620733,0.0895612262260539,0.7305168055616749,0.017271405009954038
2024-02-16,-6.556089021652829e-05,0.030133241384931442,-0.008519766779127623,0.017271405009954038,-0.17669096915184912,0.03865300816405894,0.33904050094899524,-0.022366542204689074
2024-02-17,-4.8286013542746e-05,0.006604581659986042,-0.03337852438316411,-0.022366542204689074,-0.28289585316810334,0.03998310604315002,-0.07931991236544597,-0.009189373550095461
2024-02-18,1.3835835904790499e-05,0.014349991151530038,-0.009189373550095461,-0.009189373550095461,-0.1375569664642026,0.02353936470162569,-0.23665093159021872,0.006064667104514125
2024-02-19,-4.800020037957845e-06,0.01706405158038327,-0.00016068228473111772,0.006064667104514125,0.2955189352280266,0.017224733865114236,0.04685968069155305,0.008651388574844864
2024-02-20,2.428862730892067e-06,0.024058335782342663,-0.01643036960402971,0.008651388574844864,0.14405213746534673,0.04048870538637237,0.1275579122588382,0.06458027765670081
2024-02-21,-1.7199596149855302e-07,0.06597467138631097,-0.009805678964869934,0.06458027765670081,0.41864521434187313,0.07578035035118082,0.5857519915799565,0.009131497070409769
2024-02-22,0.00046651818135084577,0.021060592726207115,-0.0112498370176284,0.009131497070409769,-0.12314066831178165,0.03231042974383533,0.3427253055271532,-0.017669597134334858
2024-02-23,-6.974370071611111e-05,0.00898592683204426,-0.03356587365910141,-0.017669597134334858,-0.13151010369223107,0.04255180049114584,0.09188579430685899,0.016970502173277672
2024-02-24,1.260312865785099e-05,0.02045082313085853,-0.008885018360326789,0.016970502173277672,-0.47797729221535873,0.029335841491185344,-0.48081093189666085,0.0176792293527065
2024-02-25,-4.796567576621198e-07,0.022553108070598727,-0.009512806247158919,0.0176792293527065,0.19600054818449467,0.03206591431775753,-0.2616400442759672,0.03313954406808466
2024-02-26,-4.304186945639982e-05,0.040077319494010145,-0.01633349922974058,0.03313954406808466,0.4179858306006261,0.05641081872375074,0.17581327251835463,-0.016691134498681925
2024-02-27,0.0,0.005205382211883529,-0.02706834602106055,-0.016691134498681925,-0.13869080517620075,0.03227372823294402,0.06761859908160499,0.051261369820756054
2024-02-28,-0.00011118410503690417,0.0780189250930693,-0.0008473662686935549,0.051261369820756054,0.28319765457325496,0.07886629136176278,0.3820301513472112,-0.03922489989011771
2024-02-29,-0.00045224539135445404,0.009592348714446447,-0.05790562719051911,-0.03922489989011771,-0.12129865398171703,0.06749797590496547,0.19150200641283124,0.01989205786176257
2024-03-01,-0.0002659142497568624,0.02170996144428742,-0.0007517357897448983,0.01989205786176257,-0.298480692689472,0.022461697234032303,-0.21505909623538894,0.00775559072576065
2024-03-02,-1.4517648147256037e-05,0.017102082753459927,-0.00311684475870897,0.00775559072576065,-0.004432768732261204,0.020218927512168985,-0.24071732202154322,0.008227181412582338
2024-03-03,-1.960339801204297e-05,0.013629386142896677,-0.014461105989529346,0.008227181412582338,0.17464505512226328,0.028090492132426145,-0.014000954075688419,0.011169460352234697
2024-03-04,7.953469849021432e-05,0.02247696857293971,-0.007034028563516086,0.011169460352234697,0.15361794877469626,0.029510997136455705,0.1331158593548442,-0.05992642538022236
2024-03-05,-4.530013965167059e-05,0.019022629212575512,-0.142944997927233,-0.05992642538022236,0.4524096794139198,0.16196762713980845,0.6088026377836002,0.08345575245818643
2024-03-06,8.119187507480278e-06,0.09369088807504379,-0.021597240450676094,0.08345575245818643,-0.011490658771566907,0.11528812852571996,0.4665974887356199,0.10244170634227773
2024-03-07,0.0,0.10646594019007657,-0.012253791493294065,0.10244170634227773,0.014487457486711104,0.11871973168337062,0.323676022294598,0.026581862986308807
2024-03-08,-2.72246661656377e-05,0.029618413144242347,-0.022246454027963526,0.026581862986308807,0.09045615896311879,0.051864867172205814,0.27421170214806717,0.0030023903313324708
2024-03-09,-3.0011543190104475e-06,0.012180893617700504,-0.01123604430102647,0.0030023903313324708,-0.45373942406202616,0.02341693791872696,-0.30384920102751695,0.07818584049459731
2024-03-10,-4.270142426122332e-05,0.09326037120921636,-0.005584396296686303,0.07818584049459731,0.6662799350293858,0.09884476750590263,0.3495249960985581,-0.012654448886107868
2024-03-11,0.00013730892853001012,0.006430132032552551,-0.03731741382926265,-0.012654448886107868,-0.13192353195391043,0.04374754586181532,0.14548534031070956,0.028566787535616815
2024-03-12,1.8682378547540199e-06,0.04544012101970376,-0.0015394461198929258,0.028566787535616815,0.10355260019524865,0.04697956713959669,0.21060914823680263,0.15900149619697276
2024-03-13,0.0,0.15996375569427335,-0.010879181990573817,0.15900149619697276,0.2662838649594068,0.17084293768484718,0.4192959640235132,-0.04471196805974317
2024-03-14,0.0,0.0006260673345878158,-0.10236643451989651,-0.04471196805974317,-0.15060217804494655,0.1029925018544843,0.1640513771816587,0.04826036296280781
2024-03-15,-3.502310006617795e-05,0.0504671614597899,-0.09616351341843195,0.04826036296280781,0.17332092044427885,0.14663067487822173,0.21982179833023896,-0.09270623172474304
2024-03-16,0.0,0.01362095002330342,-0.10226735951592043,-0.09270623172474304,-0.3918832001955896,0.11588830953922387,-0.22765561633160963,-0.009913541664201773
2024-03-17,0.0,0.022052254357787432,-0.047273904272453725,-0.009913541664201773,-0.11817420899590093,0.06932615863024105,-0.34593682077413374,-0.029369231312809597
2024-03-18,0.0,0.026659103545060975,-0.05440390069330921,-0.029369231312809597,0.12564067422182978,0.08106300423837025,-0.18465988326460686,-0.0895078141924701
2024-03-19,0.0,0.009517660172020633,-0.10644117765185371,-0.0895078141924701,0.08755079865845822,0.11595883782387434,-0.021891973083354308,0.09336537914097516
2024-03-20,1.949922264961525e-05,0.09739169708724085,-0.011822704046678482,0.09336537914097516,-0.3133832669557038,0.10921440113391935,-0.30920773435280013,-0.006220614602229822
2024-03-21,0.0,0.02370233533477259,-0.02739796004333008,-0.006220614602229822,-0.20240953401457432,0.05110029537810269,-0.37985867949220625,-0.0026599651724066586
2024-03-22,0.0,0.06046333829494222,-0.03172363430317389,-0.0026599651724066586,0.12815254658314001,0.09218697259811622,-0.17745501230686547,0.00018294098589408328
2024-03-23,0.0,0.02817265910063774,-0.012505498749649279,0.00018294098589408328,-0.40755956852896946,0.04067815785028686,-0.5525741104475558,0.028782529470026436
2024-03-24,0.0,0.036662403745537614,-0.004273109840714819,0.028782529470026436,-0.11721029121755809,0.040935513586252414,-0.5437042990003075,0.03364074043129949
2024-03-25,0.0,0.05091337699444427,-0.005042550923748202,0.03364074043129949,0.35535015509294565,0.05595592791819265,0.0016614043057150594,-0.0124654508065037
2024-03-26,0.0,0.016185864189228294,-0.025202791944934768,-0.0124654508065037,-0.17668622299659667,0.041388656134163156,-0.11816012543586886,-0.009767291745604577
2024-03-27,1.5149509882152455e-05,0.008301632062217592,-0.025556664297997047,-0.009767291745604577,-0.05067221680887116,0.03385829636021451,-0.1245901946913662,0.015131416637593532
2024-03-28,0.0,0.028827972374590328,-0.0005394112514508273,0.015131416637593532,0.001395241522520377,0.02936738362604114,-0.033275695012339714,0.04915510197575001
2024-03-29,2.7206784117864863e-05,0.06102357638181381,-0.0013751156124521893,0.04915510197575001,0.33925026500789146,0.062398691994266134,0.30363596132004483,-0.01918465021684465
2024-03-30,3.5864411007792543e-06,0.0005498703720328977,-0.024835266243742292,-0.01918465021684465,-0.46567108559001136,0.025385136615775277,-0.25859600166283186,0.009756101984784375
2024-03-31,-1.8685970086776135e-05,0.012644643658856092,-0.00022811458519961258,0.009756101984784375,-0.1838874542077424,0.012872758244055638,-0.37501970177892746,-0.05158217065825375
2024-04-01,1.0056728499425605e-07,0.0012135128551231701,-0.06264863067621584,-0.05158217065825375,0.32711714399731207,0.06386214353133904,0.013421574700819014,-0.045639557545084156
2024-04-02,-3.483870974931358e-05,0.0030078559080656754,-0.05258832546572037,-0.045639557545084156,0.20515142207145737,0.055596181373786004,0.21492303275040311,0.02038029464869493
2024-04-03,0.0,0.030961347703861514,-0.0191304043243543,0.02038029464869493,-0.1680465319045741,0.05009175202821584,-0.0012999563554951991,0.04082949221426909
2024-04-04,0.0,0.06177852376405828,-0.0011937884005103064,0.04082949221426909,0.1100374422117464,0.06297231216456853,0.17696934627479122,-0.011120970686091122
2024-04-05,7.12035713010358e-05,0.010012495816500893,-0.03421230116732637,-0.011120970686091122,-0.16534907997344986,0.04422479698382727,-0.04680021942301383,0.012017786217609707
2024-04-06,0.0,0.019897410573571955,-0.005280847794602187,0.012017786217609707,-0.4005926431403794,0.025178258368174125,-0.49686901415219153,-0.00318720631027646
2024-04-07,0.0,0.008359851617654025,-0.012445886290745826,-0.00318720631027646,0.03380050761981245,0.020805737908399714,-0.39768325796848025,0.004780128060287877
2024-04-08,0.0,0.028340766830888927,-0.010530880805380265,0.004780128060287877,0.2352254370868575,0.03887164763626913,-0.048087560981453184,-0.010397379193455875
2024-04-09,0.0,0.004701494403311285,-0.021982223030627683,-0.010397379193455875,0.1337683209732198,0.02668371743393877,0.1256350824041951,0.04913785704441846
2024-04-10,0.0,0.04979173003993903,-0.011025718854774404,0.04913785704441846,-0.1838533447821712,0.06081744889471338,-0.017201851761163216,-0.00854362345486638
2024-04-11,0.0,0.012031735289503983,-0.029073225175924547,-0.00854362345486638,-0.24135797987389127,0.041104960465428414,-0.21861261630069184,-0.014174642834416214
2024-04-12,0.0,0.03586822983626093,-0.049673161170812836,-0.014174642834416214,0.7010017039007408,0.08554139100707377,0.48603944760576473,-0.07317255659369735
2024-04-13,-8.699167883737129e-06,0.005871324633030101,-0.142313123007101,-0.07317255659369735,0.015440410480126815,0.14818444764013117,0.3577865292494153,0.023038789705919268
2024-04-14,0.0,0.028382429011970505,-0.0313714612350151,0.023038789705919268,-0.4336183851047662,0.0597538902469854,-0.17026235306784598,-0.025613440752217824
2024-04-15,0.0,0.031697712741962994,-0.03654187074495741,-0.025613440752217824,-0.14692635560997222,0.06823958348692036,-0.2910363677431733,-0.027589744473061693
2024-04-16,3.31188062754364e-07,0.0022228909038792227,-0.05321605603231831,-0.027589744473061693,-0.135740751317277,0.05543894693619756,-0.4100098486316905,-0.006366717415983365
2024-04-17,3.7449730121135326e-06,0.018812162715729056,-0.04509850687329616,-0.006366717415983365,0.08279836998354215,0.06391066958902529,-0.3272322650916998,0.032685216580290236
2024-04-18,-1.941556078348487e-06,0.0378656624677254,-0.01315833417352357,0.032685216580290236,0.01920992576656327,0.051023996641248834,-0.17640908300832878,0.004908794649877885
2024-04-19,0.0,0.022160042764337536,-0.05040702186702523,0.004908794649877885,-0.08646215963037517,0.07256706463136274,-0.10945766055063545,0.028551445977873253
2024-04-20,-2.0899109384723587e-06,0.03403271967894533,-0.009213937819845221,0.028551445977873253,-0.6386631763319265,0.04324665749879055,-0.6916664938653729,0.015052554341684803
2024-04-21,0.0,0.019617702029890834,-0.006659059007143383,0.015052554341684803,0.11513718949089749,0.026276761037034236,-0.4557710361579054,0.04380664368357701
2024-04-22,-9.05601566908273e-06,0.04865229424974081,-0.0008254873356253542,0.04380664368357701,0.5084486870240198,0.04947778158536625,0.14033725642206285,0.0020869685557636714
2024-04-23,0.0,0.013071650924711837,-0.00935366150521702,0.0020869685557636714,0.059617514574071905,0.022425312429928904,0.21990085594175005,0.0020503027474470586
2024-04-24,0.0,0.01709720011817947,-0.023166100642612597,0.0020503027474470586,0.09562310827641178,0.04026330076079189,0.3262499003955351,0.009686561720823597
2024-04-25,7.427541323227626e-06,0.01585832003182494,-0.010428798805408269,0.009686561720823597,-0.26803207117545724,0.026287118837233173,0.022612279944362827,-0.02690501478980098
2024-04-26,0.0,0.001349604954236215,-0.02778512940146478,-0.02690501478980098,-0.350987529914289,0.029134734355700912,-0.40702538313628805,-0.0033264336556816337
2024-04-27,0.0,0.0026355020531123215,-0.019517711768634476,-0.0033264336556816337,-0.044921692719003994,0.02215321382174685,-0.45774604240881756,0.007276628892608891
2024-04-28,0.0,0.02011419573907994,-6.6596637741390956e-06,0.007276628892608891,-0.13795726316142007,0.020120855402853945,-0.5080589256343601,-0.012138491910190835
2024-04-29,0.0,0.004203604476121501,-0.028280622808810968,-0.012138491910190835,0.24260035515103168,0.032484227284932346,-0.13362538343842673,-0.024491900659942955
2024-04-30,9.26597852366719e-07,0.017542633715221734,-0.06383414961362285,-0.024491900659942955,0.6883272445180233,0.08137678332884465,0.6952756252305846,-0.029969591537092482
2024-05-01,-9.495730798164805e-07,0.0014594826483627624,-0.07247297671557579,-0.029969591537092482,-0.13954889252286057,0.07393245936393872,0.4323044060151979,-0.00157133872783045
2024-05-02,0.0,0.007186680934582916,-0.032377468140604465,-0.00157133872783045,-0.5380830624127444,0.039564149075187224,-0.2372190960423672,0.046165662927564716
2024-05-03,0.0,0.05166044944994281,-0.001928648263765716,0.046165662927564716,-0.02623572313408382,0.05358909771370855,-0.28049486420473835,-0.0019846917090569575
2024-05-04,1.362079873120315e-05,0.010477918584889312,-0.006342033473764151,-0.0019846917090569575,-0.3838434620743576,0.0168199520586535,-0.6945656638106109,0.010685828383759538
2024-05-05,0.0,0.015495598627718467,-0.00960527953447456,0.010685828383759538,-0.09183524040321712,0.025100878162192978,-0.7361376041580365,-0.00620767369710335
2024-05-06,-8.246042106165056e-07,0.016325516164631786,-0.014916252566721907,-0.00620767369710335,1.0528859535134594,0.031241768731353772,0.5598519843074338,-0.01885150641499943
2024-05-07,0.0,0.019286062928715816,-0.020171296275735558,-0.01885150641499943,0.008736760565244936,0.03945735920445145,0.5641156874529392,0.01837813220094594
2024-05-08,0.0,0.020713261593556118,-0.004057139680562988,0.01837813220094594,0.04305496662230646,0.024770401274119072,0.4668044694447754,0.013231638715237424
2024-05-09,0.0,0.024173881236868984,-0.0024973497418459448,0.013231638715237424,0.16841444379897905,0.026671230978714953,0.49639415407090065,-0.017619468649668908
2024-05-10,-7.270602878884185e-06,0.0009246764061363395,-0.023745229216999352,-0.017619468649668908,-0.22060816398809358,0.024669905623135625,0.07062271781901132,0.010878891682668819
2024-05-11,0.0,0.01455211560164055,-0.006381974073973514,0.010878891682668819,-0.13190486804803117,0.020934089675614054,-0.19205828536476088,0.004040062006794005
2024-05-12,2.1649940969664788e-06,0.012015217905235015,-0.007159644850869663,0.004040062006794005,-0.043672626452549795,0.019174862756104815,-0.21210605032553703,-0.0047513616085346
2024-05-13,0.0,0.005608915346689022,-0.015092186906520984,-0.0047513616085346,0.24810167774332076,0.02070110225320993,0.06936690300598904,-0.042999980381542936
2024-05-14,0.0,0.0020769948447041703,-0.048816694282141894,-0.042999980381542936,0.17242245227063213,0.05089368912684612,0.23748447995831365,0.026755702485466732
2024-05-15,0.0,0.035900164574599935,-0.009894748768153154,0.026755702485466732,-0.025508384079986957,0.04579491334275298,0.2058966167504412,-0.02238344218272504
2024-05-16,4.435395399715607e-05,0.007465947626635267,-0.0284240961756566,-0.02238344218272504,0.008805891505654185,0.03589004380229172,0.16742271511699186,0.02084294065270223
2024-05-17,0.0,0.026826039977437616,-0.0006212781302170858,0.02084294065270223,-0.20523008759326522,0.027447318107654755,-0.10687554059683914,-0.001200359800170763
2024-05-18,0.0,0.0013907530819675198,-0.01065536211398161,-0.001200359800170763,-0.13629182737666665,0.012046115195949086,-0.2750261171747571,-0.010128079859563046
2024-05-19,7.360203578035726e-07,0.0024012734448267924,-0.014072324551060493,-0.010128079859563046,-0.04504790504030544,0.01647359799588742,-0.2885651428983199,0.04422711791196519
2024-05-20,0.0,0.045803437303865865,-0.008929080853158603,0.04422711791196519,0.5018448914673773,0.0547325181570246,0.29063757557752257,0.029212250539623334
2024-05-21,-2.5405541031203808e-05,0.047542943794751664,-0.011190270286135229,0.029212250539623334,0.5078076759839587,0.05873321408088677,0.7677124927113037,-0.00608001136443023
2024-05-22,0.0,0.011488693999829975,-0.012814927827409436,-0.00608001136443023,-0.511038644242918,0.024303621827239226,0.07448233367201257,-0.02637666196239304
2024-05-23,0.0,0.0030094330538110643,-0.05469700751297086,-0.02637666196239304,0.20745758184025823,0.057706440566781855,0.22501312655937708,0.0025941426747136515
2024-05-24,0.0,0.009383460332321854,-0.01646575614439388,0.0025941426747136515,-0.3919314802976282,0.025849216476715526,-0.28126940934214956,0.0032743435434600334
2024-05-25,1.2202429769036294e-06,0.010179854302902663,-0.0010312307322856303,0.0032743435434600334,-0.2446195623256713,0.011211085035188337,-0.5657802613992894,-0.003940920415281816
2024-05-26,0.0,0.004367142882605338,-0.00582668713676868,-0.003940920415281816,-0.014279866273065451,0.010193830019374118,-0.5166624451326968,0.006150338485239059
2024-05-27,0.0,0.022358495028375617,-0.00020872083765605072,0.006150338485239059,0.2089641457945045,0.022567215866031543,-0.09630822631994271,-0.0038401229045800065
2024-05-28,0.0,0.002414010730655394,-0.016388426451563437,-0.0038401229045800065,0.09073142611018274,0.018802437182218988,0.043593991067635264,-0.0104352855023622
2024-05-29,0.0,0.0028539141141689143,-0.013811611405513135,-0.0104352855023622,-0.12010461391002261,0.01666552551968199,0.015478423005040877,9.201443453431737e-05
2024-05-30,8.206789764166722e-07,0.011186454177275224,-0.014243416409859119,9.201443453431737e-05,0.056122169653079514,0.025429870587134352,0.08850785866986247,-0.0025315846484575463
2024-05-31,0.0,0.005692502422276099,-0.008865598031429488,-0.0025315846484575463,-0.08850770335808289,0.014558100453705508,-0.04248684015920052,0.013026109043258708
2024-06-01,0.0,0.0234137507989282,-0.001419210746150825,0.013026109043258708,-0.04519449911903429,0.024832961545079194,-0.11358091491083239,0.002860365721186708
2024-06-02,-1.0150462852481105e-07,0.0060912782314499455,-0.008583831195380897,0.002860365721186708,0.09240661864142233,0.014675109426830814,-0.0008160147724105812,0.038080471470366146
2024-06-03,4.03838489961827e-05,0.05519621432476083,-0.003061669649531426,0.038080471470366146,0.5713544176084314,0.058257883974292275,0.5929739900474204,0.09112939520377168
2024-06-04,0.0,0.09288010619946827,-0.0018663130930414485,0.09112939520377168,0.14624112078740528,0.09474641929250971,0.5903563513951828,0.018321315842384008
2024-06-05,0.0,0.03773275103726798,-0.0006185467409966181,0.018321315842384008,0.024353244546072513,0.0383512977782647,0.4514034580925942,0.01642583867338317
2024-06-06,0.0,0.03069244308747328,-0.008470085012878506,0.01642583867338317,-0.15520660237686026,0.03916252810035191,0.13797222978274468,-0.03889513378273482
2024-06-07,-5.154544852440486e-06,0.0005269120102862048,-0.06586040351668533,-0.03889513378273482,-0.0036272799313656957,0.06638731552697154,0.027127640411952918,-0.001018722599349706
2024-06-08,1.1164453879452902e-05,0.015899372162131633,-0.00692385361009018,-0.001018722599349706,-0.4181699475001224,0.02282322577222185,-0.47795242543104705,-0.01379076161376857
2024-06-09,-1.8775522137126518e-06,0.0030637557836531125,-0.017513281098991303,-0.01379076161376857,-0.05758849433450098,0.02057703688264442,-0.4713426954956224,-0.07544361700345653
2024-06-10,2.99136230560416e-05,0.0014813710415912081,-0.08933542384590885,-0.07544361700345653,0.5397341543559516,0.0908167948875002,0.17928757772830178,-0.03558601217302871
2024-06-11,1.593347354500047e-05,0.006189338780711558,-0.04478286836681692,-0.03558601217302871,-0.20088743364261388,0.05097220714752858,0.00249649587769717,0.02723586209398755
2024-06-12,7.384015877880235e-05,0.05193028263402143,-0.01718219396550381,0.02723586209398755,-0.15916571382767375,0.06911247659952538,-0.12594788507404514,-0.03229884217411244
2024-06-13,4.898899094153746e-05,0.00016755804299090922,-0.03766134854125162,-0.03229884217411244,-0.16736275342856738,0.0378289065842424,-0.23062690304701214,0.006095436956313606
2024-06-14,-6.067913597620798e-05,0.02000431564359683,-0.015157687337791806,0.006095436956313606,-0.016242167690140263,0.03516200298138874,-0.23948744340066638,0.007634122334819315
2024-06-15,-0.00010999834912371625,0.009684589609616009,-0.002647161006732196,0.007634122334819315,-0.22863657059980072,0.012331750616348135,-0.4675049604890987,0.003696823714572469
2024-06-16,9.13811645453138e-06,0.00556948296990922,-0.010462502116434236,0.003696823714572469,-0.029101331008810193,0.01603198508634357,-0.338834643985611,-0.009199853536719364
2024-06-17,3.221518624152872e-05,0.0030933210741904173,-0.02932128464750233,-0.009199853536719364,0.2296063497006333,0.032414605721692705,0.015542171389042063,-0.026427388904862573
2024-06-18,-0.0002224692653446126,0.00030681125770545874,-0.04865375833571546,-0.026427388904862573,0.23133092068044372,0.048960569593421044,0.29596165842443023,0.01696017605237182
2024-06-19,-0.0001993916952758806,0.028516869534878194,-0.0028713193498370202,0.01696017605237182,-0.2361946668301541,0.03138818888471535,0.014936793426376441,-0.01967304912358712
2024-06-20,0.0,0.014308360773335341,-0.023679018895900003,-0.01967304912358712,0.015826835002761847,0.037987379669235266,0.03759702404578786,-0.002037906926540182
2024-06-21,9.252320500220116e-06,0.0027185753170447646,-0.015606065183444547,-0.002037906926540182,-0.08334336200608308,0.018324640500489202,-0.08456456641975987,0.008246060657750008
2024-06-22,-1.875099419387857e-05,0.008543875593949781,-0.008181860971947452,0.008246060657750008,-0.18648612210455648,0.016725736565897042,-0.2974378198831972,-0.023207872254375164
2024-06-23,-0.00015539895147309582,0.0033953834202993228,-0.025206903359614338,-0.023207872254375164,0.04007422645933416,0.028602286779913718,-0.21248249353095794,-0.016829265137552892
2024-06-24,2.0830862753248202e-05,0.006950499967252798,-0.04296446110973278,-0.016829265137552892,0.34219265761456574,0.049914961076985565,0.22615032336510757,0.01837443475693192
2024-06-25,0.00013204565185748283,0.020098097148888373,-0.0011970556553832325,0.01837443475693192,-0.25154855500777906,0.02129515280427149,-0.0551370116964297,-0.009911657228952785
2024-06-26,1.773699020851449e-05,0.010488585958252203,-0.0178447445445095,-0.009911657228952785,-0.027948608345326403,0.028333330502761708,-0.054429879264944775,0.014562317415578055
2024-06-27,-7.560346954217012e-05,0.019599945099576688,-0.010488119475241134,0.014562317415578055,0.07607270844214939,0.030088064574817955,0.038320059733656237,-0.024989126658817275
2024-06-28,0.00011653623431029907,0.006096576576933931,-0.027568262560493804,-0.024989126658817275,-0.024882330839663607,0.03366483913742776,-0.020027900547050614,0.004690439009670493
2024-06-29,4.7946507652971985e-05,0.01137110432737014,-0.000703839099324626,0.004690439009670493,-0.16304503403927348,0.012074943426694861,-0.20395455680543587,0.021972290248827374
2024-06-30,7.056363078341905e-05,0.025930877676795947,-0.002361926237745445,0.021972290248827374,0.12916348054173496,0.028292803914541434,0.006550636862219527,-0.008777529821118894
2024-07-01,-0.00016598560495950765,0.009426629706494827,-0.009732534905122417,-0.008777529821118894,0.03095852286026089,0.019159164611617197,0.03966485907192913,0.00397022565704165
2024-07-02,-0.00014267924766192072,0.007510956797955773,-0.00497167605317377,0.00397022565704165,-0.05464830340953432,0.01248263285112951,-0.024741203524607326,-0.03946290922122723
2024-07-03,5.059946665023135e-05,0.0016468570957261926,-0.05059419432654606,-0.03946290922122723,0.12768546927392696,0.05224105142227245,0.11985606324893786,-0.07959431092830299
2024-07-04,-0.00016450579207151207,0.0005658029451992491,-0.08265767597987514,-0.07959431092830299,0.1695474560866583,0.08322347892507445,0.27425193703615763,-0.03162089671702889
2024-07-05,-0.0007395904412749067,0.002382898775446908,-0.1176968144193001,-0.03162089671702889,0.3316185155005385,0.12007971319474696,0.5222478003449714,0.05788770248011503
2024-07-06,-6.0853677840613264e-05,0.06312875141562618,-0.0026913940839415587,0.05788770248011503,-0.5799365920425568,0.0658201454995677,-0.20012235078795484,-0.07282349218507594
2024-07-07,-0.00044333888117381267,-0.00044333888117381267,-0.07618860411509569,-0.07282349218507594,0.034095291981341154,0.0757452652339219,-0.1650852029464071,0.039958536174826066
2024-07-08,0.00020313416303821178,0.06422311805728097,-0.038334999777291094,0.039958536174826066,0.328085510991735,0.10255811783457215,0.14958353290413276,0.01159273028215772
2024-07-09,-0.0001360973631996493,0.019456498826262457,-0.006561598358465176,0.01159273028215772,-0.37371821045857,0.02601809718472765,-0.2798737448312479,0.015269804796137664
2024-07-10,0.00012889890403574943,0.024144418669632153,-0.009204509819235502,0.015269804796137664,0.0040305025754303276,0.03334892848886761,-0.22994555375651932,0.0011842392107188605
2024-07-11,0.0001147289117650752,0.02923887608895779,-0.006654056733438444,0.0011842392107188605,0.05677445983539119,0.035892932822396244,-0.037312249123646474,0.016280084288088952
2024-07-12,-3.9866613059292196e-05,0.022925475165424793,-0.013698921308372256,0.016280084288088952,-0.05204045931685103,0.03662439647379701,-0.09857265673212967,-0.00264234313501826
2024-07-13,7.661421432806741e-06,0.010144616424065838,-0.011290496954831388,-0.00264234313501826,-0.10816056370656216,0.021435113378897207,-0.19990378349176957,0.023154182227922798
2024-07-14,5.5834239507683496e-05,0.02780518627082115,-0.00044827733073508403,0.023154182227922798,0.03465994222383856,0.028253463601556186,-0.06091228464281546,0.0731073383729166
2024-07-15,0.0001875179164076009,0.07379384327034152,-0.0002164622458858034,0.0731073383729166,0.3060127877625981,0.07401030551622745,0.2577654431411336,-0.016439455256870687
2024-07-16,-0.00022463470009055075,0.0021379070527630306,-0.05158690326604838,-0.016439455256870687,0.031025149115189127,0.05372481031881137,0.23557139092823373,-0.013393978883017249
2024-07-17,-4.033213567202903e-05,0.01279617324903362,-0.01955632323002084,-0.013393978883017249,-0.1798189122736115,0.03235249647905438,0.008627496971344963,0.005327234200250801
2024-07-18,9.762355314357238e-05,0.01816823000266614,-0.010566877420141368,0.005327234200250801,-0.06109782495439253,0.02873510742280748,-0.06854162378889124,0.03732349583130415
2024-07-19,-4.2686454975372635e-05,0.04462497664100376,-0.010506340819566942,0.03732349583130415,0.2265399750112315,0.0551313174605707,0.13536264687422392,-0.00021889439091102937
2024-07-20,1.2130838287442982e-05,0.007716662295324814,-0.01086924697533451,-0.00021889439091102937,-0.2585625152267939,0.01858590927065929,-0.18443715157742002,0.013851366905214239
2024-07-21,7.197876462317447e-07,0.01685929300948452,-0.017044542310211068,0.013851366905214239,0.1354050141558952,0.03390383531969562,-0.0024459191819444673,-0.023423114719749658
2024-07-22,0.0,0.005534146041244473,-0.023671161431051482,-0.023423114719749658,0.0897560499891605,0.029205307472295938,0.11716762909860257,-0.009945639428094014
2024-07-23,0.0,0.008788208860302762,-0.0165163267904393,-0.009945639428094014,-0.07650743830799757,0.025304535650741988,0.013225800273278708,-0.013004765147522466
2024-07-24,9.331915092051333e-06,0.011562612139700779,-0.019333509692355436,-0.013004765147522466,-0.13831219707169093,0.030896121832056107,-0.1471516035715098,-0.006749592971194937
2024-07-25,0.0,0.002191057885687122,-0.035108369224426846,-0.006749592971194937,0.21975928293010574,0.03729942711011386,0.12246840096779914,0.017997778892286105
2024-07-26,0.0,0.020911689850332423,-0.0004609338339912829,0.017997778892286105,-0.18056967277446992,0.021372623684323543,-0.10351922283131187,0.0008787802550423229
2024-07-27,0.0,0.020060799566634584,-0.010700740932939982,0.0008787802550423229,0.05506218285749889,0.030761540499574684,-0.03215471056655103,0.00430785289118953
2024-07-28,0.0,0.005318012643309989,-0.011317533303529602,0.00430785289118953,-0.18412030507266375,0.016635545946839338,-0.1911453756361226,-0.016323288021053775
2024-07-29,0.0,0.0212576510047548,-0.017466380186112497,-0.016323288021053775,0.2208481333612584,0.038724031190867175,0.0729688176826308,0.022408983720927728
2024-07-30,0.0,0.022408983720927728,-0.011644018689486533,0.022408983720927728,-0.007808984166391037,0.0340530024104142,0.03909114551608887,-0.019410597751014703
2024-07-31,0.0,0.008233407224625178,-0.021349103809363112,-0.019410597751014703,-0.00723793183422863,0.029582511033988294,0.05316875152485653,-0.0021214419593500217
2024-08-01,0.0,0.0016003975998665628,-0.04003033289554136,-0.0021214419593500217,0.12850193858125272,0.04163073049540793,0.1662095841210041,-0.05767212155231311
2024-08-02,0.0,0.0032190880576102175,-0.06283634628716457,-0.05767212155231311,0.008334883795725912,0.06605543434477483,0.14214219627818947,-0.02505517474152421
2024-08-03,0.0,0.00322095738572863,-0.038910568767749176,-0.02505517474152421,-0.12132082564712242,0.042131526153477955,-0.0439200663327807,-0.06322921099149537
2024-08-04,0.0,0.004023125337388479,-0.08107275987999449,-0.06322921099149537,0.0806579376389095,0.08509588521738298,0.03664811148096195,-0.06743391440075668
2024-08-05,0.0,0.00471754087757696,-0.19856738897866014,-0.06743391440075668,0.8650541170150087,0.20328492985623695,0.8842017923614552,0.041518970177790444
2024-08-06,0.0,0.05906243329342179,-0.000731569783933332,0.041518970177790444,-0.8121780731646164,0.059794003077355204,-0.18959959045481703,-0.021072346100406637
2024-08-07,0.0,0.027091204761741056,-0.03215591360847307,-0.021072346100406637,-0.10308083399303056,0.05924711837021418,-0.29603992189158584,0.08701412269514787
2024-08-08,-5.283484866864586e-05,0.09414631853219312,-0.010672150832809986,0.08701412269514787,-0.05070908558598434,0.10481846936500304,-0.33249808871136355,-0.01588860494929565
2024-08-09,0.0,0.0007451160044979566,-0.033735243068963125,-0.01588860494929565,-0.13406115745001432,0.034480359073461087,-0.46362007895813484,0.02738168862360264
2024-08-10,0.0,0.030513342397438355,-0.0026201670879570558,0.02738168862360264,-0.11552321729492211,0.033133509485395396,-0.5452537979230827,-0.038000231740914665
2024-08-11,3.4989350113308837e-07,0.02308705955144581,-0.03913361211064509,-0.038000231740914665,0.11396444434554562,0.0622206716620908,-0.10967090286746592,0.028821347148718344
2024-08-12,-7.268911755364677e-07,0.03843388908413708,-0.007112968843450836,0.028821347148718344,0.13348265417280455,0.04554685792758781,0.08585224665083259,0.010727247216453803
2024-08-13,0.0,0.01369535959437548,-0.007721748633713154,0.010727247216453803,-0.01596012462962112,0.021417108228088698,0.08178911103021447,-0.000216039457215078
2024-08-14,0.0,0.013975999109291627,-0.014649381421744882,-0.000216039457215078,-0.09141583833549664,0.028625380531036436,-0.00565513534016318,-0.007941444843870807
2024-08-15,0.0,0.018207424046610868,-0.02396173285760903,-0.007941444843870807,0.02555954940587518,0.0421691569042201,0.015093540151052532,0.00018900349548379004
2024-08-16,0.0,0.00862573952806205,-0.01713105615889332,0.00018900349548379004,-0.067214951037241,0.025756795686955304,-0.08264329235132804,0.041929630193946056
2024-08-17,0.0,0.05097530191269641,-0.0019789108352123524,0.041929630193946056,0.009850756912822294,0.05295421274790872,-0.06990291432563708,-0.019790754291058057
2024-08-18,0.0,0.00029723296141814554,-0.02049043507590071,-0.019790754291058057,-0.06373008482541928,0.020787668037318855,-0.105387949989288,0.0517058903141496
2024-08-19,0.0,0.05320399263707864,-0.0037633841700051695,0.0517058903141496,0.16610630314984137,0.056967376807083726,0.09842143431152191,0.01673626667517257
2024-08-20,0.0,0.0259858634471107,-0.0012663825180909269,0.01673626667517257,0.18052620638838712,0.02725224596520168,0.2640222966597418,0.0013214350757813971
2024-08-21,0.0,0.010173264502215777,-0.03878417751047776,0.0013214350757813971,-0.08863111100350485,0.04895744201269368,0.12414251075184142,0.02260522336440956
2024-08-22,0.0,0.033462227842607675,-0.015550291974627678,0.02260522336440956,0.05712714284202325,0.04901251981723545,0.14031160591700614,0.014902759445919464
2024-08-23,0.0,0.02455135312764286,-0.012569556964485782,0.014902759445919464,0.01927578222140986,0.03712091009212866,0.10969854002452038,-0.018837538774438656
2024-08-24,1.2376038505122953e-06,0.0016330259165594444,-0.027353596381772996,-0.018837538774438656,-0.04172914693411083,0.028986622298332387,0.006462258571453211,-0.011276655572456284
2024-08-25,0.0,0.00545057975091658,-0.01887926309739607,-0.011276655572456284,-0.15044845233793858,0.024329842848312598,-0.16763578478999425,-0.045279634426047856
2024-08-26,0.0,0.003010288026444531,-0.0481997084007291,-0.045279634426047856,0.07869524835327284,0.05120999642717371,-0.04982695719346149,-0.02743441064335374
2024-08-27,0.0,0.016957390643764822,-0.04736548412878084,-0.02743441064335374,0.0189548103175756,0.06432287477254563,-0.02365832327680462,0.005305003242603787
2024-08-28,0.0,0.022468585983182868,-0.019289606101303362,0.005305003242603787,0.004043465424268461,0.04175819208448639,-0.0042314936987838895,-0.0003549157834392227
2024-08-29,0.0,0.015976507705255574,-0.008442055097693522,-0.0003549157834392227,-0.16535624300461055,0.02441856280294899,-0.15054676624523475,-0.002443932211276124
2024-08-30,0.0,0.011467226682460144,-0.025606819188150897,-0.002443932211276124,0.013521471521111179,0.03707404587061104,-0.09507962403627675,-0.0045287370596064054
2024-08-31,0.0,0.010885833568430564,-0.006912177430548752,-0.0045287370596064054,-0.2186441674307654,0.01779801099897934,-0.3043286215494193,-0.03884162958371815
2024-09-01,0.0,0.00015403720962450725,-0.04642913926438254,-0.03884162958371815,0.1537077269483051,0.046583176474007004,-0.0873661997529628,0.02664845605497739
2024-09-02,0.0,0.031544757498775874,-0.020543247221589196,0.02664845605497739,0.09844314043275611,0.05208800472036509,0.05549220475853052,-0.014869125536003978
2024-09-03,0.0,0.021643073790459866,-0.014869125536003978,-0.014869125536003978,-0.05846907093237326,0.036512199326463886,0.02393830447276745,-0.021137779310094515
2024-09-04,-5.978145877487306e-05,0.009212807399214807,-0.04380618633128063,-0.021137779310094515,0.19656088488732415,0.05301899373049538,0.22285904535653261,-0.011389739691385715
2024-09-05,0.0,0.009418101515836523,-0.020835670887253556,-0.011389739691385715,-0.25655863675564405,0.0302537724030901,-0.07235232134332947,-0.030673898740629882
2024-09-06,0.0,0.013356283397464785,-0.059285851861787656,-0.030673898740629882,0.23625461025979774,0.0726421352592523,0.14088920758197246,0.01290336947967985
2024-09-07,0.0,0.024753653489329865,-0.007506276526136608,0.01290336947967985,-0.3140313477503539,0.0322599300154666,-0.21694284417793086,0.019622712381165697
2024-09-08,0.0,0.026408693564569492,-0.00446390513963072,0.019622712381165697,0.01435901869924827,0.03087259870420033,-0.1670524984299887,0.03043701253255144
2024-09-09,0.0,0.04206707123410661,-0.0020257961208613234,0.03043701253255144,0.1505189221080427,0.0440928673549679,0.005946452712877836,-0.0020492160544999046
2024-09-10,0.0,0.010299716026858655,-0.00877204103620497,-0.0020492160544999046,-0.09231557383712312,0.019071757063063625,-0.048508721400276095,0.024264765392895384
2024-09-11,0.0,0.03237881064011525,-0.019989031221050543,0.024264765392895384,0.10927145421207794,0.0523678418611658,0.061759316969719424,0.02626446004145555
2024-09-12,0.0,0.03265215758286818,-8.427031296562296e-05,0.02626446004145555,0.05726446088960309,0.03273642789583389,0.14955259397808243,0.023090179233261916
2024-09-13,0.0,0.027553704605763334,-0.009686958558130059,0.023090179233261916,0.011404939371322847,0.03724066316389338,0.11274504877882877,-0.006218380170863264
2024-09-14,0.0,0.0042483830155092064,-0.01473750981927552,-0.006218380170863264,-0.2120140387557402,0.018985892834784527,-0.14528115472581563,0.0007353730861695363
2024-09-15,0.0,0.014369758664165998,-0.0021725729241425648,0.0007353730861695363,0.10339671312224491,0.016542331588308617,-0.018307512494689628,-0.037076416769210155
2024-09-16,0.0,0.0013143220084462911,-0.04907931664327068,-0.037076416769210155,0.14218399894599215,0.0503936386517171,0.11081017668708074,0.022605541181981485
2024-09-17,-6.860337814034416e-07,0.0344162873529069,-0.008248375856393477,0.022605541181981485,-0.10948762712208607,0.04266466320930033,-0.020159422404148527,0.0235853840676615
2024-09-18,0.0,0.0235853840676615,-0.015699361628532964,0.0235853840676615,0.02427229055502175,0.03928474569619453,0.01726145997687709,0.01275971956002713
2024-09-19,0.0,0.022418425685988275,-0.009941510431831986,0.01275971956002713,0.1147858001330035,0.03235993611782021,0.14289157094964186,0.004162068718408805
2024-09-20,0.0,0.018689186654933427,-0.011688714911584564,0.004162068718408805,-0.02057028504141373,0.030377901566518012,0.06830836728759965,0.03533967208228719
2024-09-21,-1.524320370524432e-05,0.03701439976628223,-0.0031247720607169125,0.03533967208228719,-0.07201791210246569,0.040139171826999165,-0.03331300090664823,-0.0016158863506475494
2024-09-22,0.0,0.008312129247730265,-0.019864211664705426,-0.0016158863506475494,-0.00871560958406974,0.028176340912435694,-0.029365864702697676,0.027305270724723354
2024-09-23,0.0,0.04591860756216522,-0.0043955364911245675,0.027305270724723354,0.26477627409486193,0.050314144053289794,0.22824051922685615,0.0035627469769758434
2024-09-24,0.0,0.01354458785789895,-0.006804399706005573,0.0035627469769758434,-0.13929525854735464,0.02034898756390458,0.029700426573867105,-0.032117550535734764
2024-09-25,0.0,0.002042136010760436,-0.036372273217680676,-0.032117550535734764,-0.08797452156450192,0.03841440922844114,-0.06318350102136387,0.015918152188405667
2024-09-26,-1.974400443380566e-06,0.035953591674905826,-0.010481538351789787,0.015918152188405667,0.1768531579529093,0.04643513002669563,0.12199827309262078,0.018412745905135083
2024-09-27,0.0,0.029222451705493216,-0.000462490670326148,0.018412745905135083,0.029505062939097118,0.02968494237581932,0.11036232433253462,-0.010417865880638569
2024-09-28,0.0,0.015451495278539045,-0.021045588028959054,-0.010417865880638569,-0.1431789353233882,0.03649708330749822,-0.0800164104875078,-0.008607897644316962
2024-09-29,0.0,0.0018156052623431085,-0.014260792503308932,-0.008607897644316962,-0.11902021564484028,0.01607639776565184,-0.16556085792942796,-0.0501124745135289
2024-09-30,0.0,5.075804999724577e-05,-0.054718401287021934,-0.0501124745135289,0.18153089588117077,0.05476915933701913,0.042533961719808805,-0.03454782506057696
2024-10-01,0.0,0.026399290638656682,-0.05206823787942678,-0.03454782506057696,0.07123986008835805,0.07846752851808342,0.08942391899970618,-0.009690630784155123
2024-10-02,0.0,0.018086503807142173,-0.021849886640493543,-0.009690630784155123,-0.1538889136993056,0.0399363904476358,-0.06880273331412913,0.003150748034026834
2024-10-03,0.0,0.014261282840207726,-0.01360149708908109,0.003150748034026834,-0.12201301865388173,0.027862779929288695,-0.15713189300503452,0.019929986450008128
2024-10-04,0.0,0.023574779640924956,-0.003947417074932362,0.019929986450008128,-0.059985849196199204,0.0275221967158573,-0.1906629164168344,0.013990926330840234
2024-10-05,0.0,0.016838308479764925,-0.00549465101261077,0.013990926330840234,-0.06227108499500372,0.022332959492375598,-0.2385055706032027,0.012936974062318375
2024-10-06,0.0,0.014491643706779913,-0.002883009362651139,0.012936974062318375,-0.006922948852836221,0.01737465306943107,-0.18256637743176343,-0.011268380348077055
2024-10-07,0.0,0.018134231120361485,-0.011320312724777223,-0.011268380348077055,0.1842401400297354,0.02945454384513862,0.08855840516082189,0.028404512251506264
2024-10-08,0.0,0.0379561590538533,-0.006860088369320866,0.028404512251506264,0.2299744806962504,0.044816247423174124,0.3337799168448904,-0.017601698769984055
2024-10-09,0.0,0.008013581795241672,-0.0231113031369514,-0.017601698769984055,-0.11345634419595176,0.031124884932193054,0.1533599217108968,-0.013330068653935207
2024-10-10,-5.351360425563085e-07,0.0031226676448035617,-0.03296726822428907,-0.013330068653935207,-0.20491129365022054,0.03608993586909253,-0.09861986898012672,0.017844117933585067
2024-10-11,0.0,0.025283486860567583,-0.00473564473313679,0.017844117933585067,0.039871407941183,0.030019131593704295,-0.07404966865245206,0.006251664657330027
2024-10-12,0.0,0.010166358913866212,0.0,0.006251664657330027,-0.08991021038632895,0.010166358913866212,-0.1872570392192861,-0.008060945309909938
2024-10-13,0.0,0.0027964306237427948,-0.01983153749943021,-0.008060945309909938,-0.00711213545440097,0.02262796812317309,-0.1694375206486275,0.02942989888501953
2024-10-14,0.0,0.03368365771274594,-0.003242189454741142,0.02942989888501953,0.21505823752439915,0.03692584716748712,0.12568464207566812,0.00894064537946658
2024-10-15,0.0,0.01681958643981791,-0.017836651941715825,0.00894064537946658,0.11140389692511043,0.03465623838153366,0.24806283145187152,0.011093941631031608
2024-10-16,0.0,0.018202850855834327,-0.007187514303061924,0.011093941631031608,-0.061821754637353794,0.02539036515889622,0.12748838766406817,-0.014718199418789777
2024-10-17,0.0,0.008305990264566175,-0.025458374917054213,-0.014718199418789777,-0.0981712308427509,0.033764365181620355,-0.005143551705240417,0.01229720066181061
2024-10-18,0.0,0.0169674408957528,-0.0005740836410962069,0.01229720066181061,-0.059827933611675835,0.017541524536849026,-0.09386062187722259,-0.0023219410003412332
2024-10-19,0.0,0.002723072259223245,-0.00608815148143788,-0.0023219410003412332,-0.13404852452856453,0.008811223740661147,-0.2461595221330444,0.012535192365660428
2024-10-20,0.0,0.013851456861211696,-0.007108438281183642,0.012535192365660428,0.11566813897780974,0.020959895142395362,-0.086640778287061,-0.01112700920912155
2024-10-21,0.0,0.008882592645182805,-0.02309020905691259,-0.01112700920912155,0.1756501697284163,0.0319728017020954,0.13959604839682396,-0.00915458307533584
2024-10-22,0.0,0.0011777760486429234,-0.01958857883526842,-0.00915458307533584,-0.09714348976993391,0.020766354883911226,0.042620363525574724,-0.018518904527415152
2024-10-23,0.0,0.0007583307360815055,-0.03476256699237167,-0.018518904527415152,-0.011943537740526755,0.035520897728453314,0.030614566628115847,0.019856366775620093
2024-10-24,0.003727414123483451,0.025513175813307074,0.0009523670096533848,0.019856366775620093,-0.07481106361629933,0.024560808803653786,-0.053850304814182,-0.03406875402164789
2024-10-25,0.0,0.00470015765513686,-0.046680241927673574,-0.03406875402164789,0.07091648964375992,0.05138039958281048,-0.0020523132991960113,0.014783413598889914
2024-10-26,0.0,0.020539124773980982,-0.0051128664816493235,0.014783413598889914,-0.1775339476620733,0.02565199125563044,-0.19163749990524975,0.010089062908812504
2024-10-27,0.0,0.01247013056807769,-0.0026612834532776662,0.010089062908812504,-0.022405169193302092,0.01513141402135529,-0.15676824557630517,0.019979021991128543
2024-10-28,0.0,0.02516980864038845,-0.006125286860650588,0.019979021991128543,0.17567978687139396,0.03129509550103908,0.0609598304280434,0.008409822461380608
2024-10-29,0.0,0.018452572076360634,-0.001083495329814129,0.008409822461380608,0.12102690070286926,0.019536067406174685,0.1880749800439036,-0.016548507836236993
2024-10-30,0.0,0.00065511376645795,-0.0187000142713784,-0.016548507836236993,-0.12625306595049962,0.0193551280378363,0.02523470935060571,-0.033616397132660424
2024-10-31,0.0,0.000572251004879823,-0.04164953099256852,-0.033616397132660424,0.085315632900322,0.04222178199744826,0.1167071044732833,-0.005696787770455586
2024-11-01,0.0,0.015097558105015675,-0.01375698673865929,-0.005696787770455586,-0.058258444141728656,0.02885454484367501,0.012729905620242732,-0.00828452794027496
2024-11-02,0.0,0.00636663840631736,-0.01728857840854244,-0.00828452794027496,-0.1797124579033265,0.023655216814859728,-0.20264403136868725,-0.018469747829976617
2024-11-03,0.0,0.0017793880756708609,-0.03624556136272933,-0.018469747829976617,0.1042168003637074,0.03802494943840009,-0.07009861757931868,-0.01003961179669453
2024-11-04,0.0,0.011689867143462408,-0.024935752124064185,-0.01003961179669453,-0.002106373239969835,0.03662561926752665,-0.035964842525600525,0.020689325799924434
2024-11-05,0.0,0.03541059850356769,-0.0014843296772630511,0.020689325799924434,-0.04327538191390672,0.036894928180830656,-0.06918734358452906,0.04913241413682319
2024-11-06,0.0,0.053957315087079454,-0.0005806182013595947,0.04913241413682319,0.4366629624845032,0.054537933288438936,0.40477647713622056,0.010820846985712932
2024-11-07,0.0,0.030479428431383744,-0.005655573961741777,0.010820846985712932,-0.17288302059817923,0.03613500239312557,0.15384103526799373,-0.0008149351413417352
2024-11-08,0.0,0.012435345615954456,-0.014962204353135531,-0.0008149351413417352,-0.04778461484551541,0.027397549969090027,0.04371926189146197,0.04324615573087269
2024-11-09,0.0,0.06457822086562423,-0.00017180577455635224,0.04324615573087269,0.3771236227291866,0.0647500266401807,0.3885959961084376,0.0062710622163628825
2024-11-10,0.0,0.030426666586501578,-0.01746096698135977,0.0062710622163628825,0.07940864774593123,0.0478876335678614,0.3504301240117035,0.05207343644326178
2024-11-11,0.0,0.0554765081782006,-0.02299230148699431,0.05207343644326178,0.12932598204243434,0.0784688096651947,0.3495965541996018,-0.0541424859591387
2024-11-12,-9.221383704359439e-08,0.007571344568120783,-0.07571484718287771,-0.0541424859591387,0.06552711291273852,0.08328619175099841,0.3318919109852056,-0.00962109997342788
2024-11-13,0.0,0.018783466496370693,-0.043149478052021226,-0.00962109997342788,-0.0898525461871632,0.06193294454839199,0.12309680749493408,0.0010941021154410578
2024-11-14,-4.914262580888543e-07,0.060198892575353546,-0.01372702821375588,0.0010941021154410578,0.029526934150769055,0.07392592078910931,0.05987147965850259,-0.004536169074327949
2024-11-15,0.0,0.010383378847950231,-0.02847876771489207,-0.004536169074327949,-0.28652101425125936,0.038862146562842495,-0.2667320855676052,0.005650356513083932
2024-11-16,0.00019604552184558283,0.023350742246536972,-0.0016192388616059867,0.005650356513083932,-0.18580444161325635,0.02496998110814279,-0.42707081401022196,-0.006404227462822487
2024-11-17,0.0,0.037955634006157674,-0.026352129752293774,-0.006404227462822487,0.14786356098576248,0.06430776375845138,-0.19833364098219902,0.0016729211150798631
2024-11-18,0.0,0.01715008939601463,-0.008680196339585541,0.0016729211150798631,-0.0708652047981249,0.02583028573560022,-0.18910035435766595,-0.005582004348428194
2024-11-19,0.0,0.00346375350018524,-0.02100229257417104,-0.005582004348428194,-0.09624812865151874,0.024466046074356103,-0.20942391559576556,-0.016152702637923955
2024-11-20,0.0,0.007244261913788796,-0.025020652828508714,-0.016152702637923955,0.01943270483567627,0.032264914742297306,-0.08130784790594052,0.027193906408992056
2024-11-21,-6.041915182638482e-07,0.03763537593238995,-0.019272235622707683,0.027193906408992056,0.24327893452847607,0.056907611555097624,0.2003042451418489,0.01701343965566042
2024-11-22,0.0,0.02678147886138282,-0.008666775998583993,0.01701343965566042,-0.09768388204183805,0.03544825485996675,0.05116442075042707,0.027531420056214978
2024-11-23,9.634389843659341e-08,0.06995665521725761,-0.001999881948611444,0.027531420056214978,0.3008422162775681,0.07195653716586904,0.3524462038159549,0.013908264080949603
2024-11-24,0.0,0.05401898492460416,-0.019028615106437774,0.013908264080949603,-0.06124137939686699,0.07304760003104202,0.20694233588602534,-0.03651698944792643
2024-11-25,-1.294063318138428e-06,0.023414680710084866,-0.05134572475205865,-0.03651698944792643,-0.10947650344738644,0.0747604054621434,0.018786939833516567,-0.03688137016725785
2024-11-26,0.0,0.013500538453862024,-0.05762347841203419,-0.03688137016725785,-0.05546737971749676,0.07112401686589616,-0.0846214941677433,0.049847927281883614
2024-11-27,0.0,0.05279470117587632,-0.008126022134106388,0.049847927281883614,-0.09693643597728159,0.06092072330998256,-0.17726793883433065,0.014489707302346035
2024-11-28,0.0,0.02763768344965992,-0.005178793011486454,0.014489707302346035,0.08169950829472855,0.032816476461146445,-0.09178734671250852,0.000684585897973096
2024-11-29,1.8654868330890376e-07,0.013604469739665498,-0.00797599353229195,0.000684585897973096,-0.21348959579527127,0.021580463271957662,-0.25417080185625385,-0.0007342090835771787
2024-11-30,0.0,0.03321491373989481,-0.009077838893694574,-0.0007342090835771787,0.08035611894829166,0.04229275263358947,-0.09603928031209973,0.0024473482992588926
2024-12-01,0.0,0.01510419373521914,-0.011889972395557313,0.0024473482992588926,-0.1010395385127042,0.02699416613077634,-0.15513224225245495,-0.0127931781375131
2024-12-02,0.0,0.01736720583211714,-0.040487268658375736,-0.0127931781375131,0.25092230265787674,0.057854474490492705,0.14551887995684842,0.1302679194227594
2024-12-03,0.00016152980255265367,0.13982322695789046,-0.03395430652810646,0.1302679194227594,0.45846420338401717,0.1737775334859969,0.5825261187326122,0.002107252938992237
2024-12-04,0.0,0.07273252665798723,-0.0193721805885162,0.002107252938992237,0.2956932304755003,0.09210470724650349,0.7511861378133502,-0.03430608838622942
2024-12-05,1.2384489352451907e-06,0.0009393768446190048,-0.060378087193327004,-0.03430608838622942,-0.3979021033203805,0.061317464037946,0.11781270926463257,0.024455316502249937
2024-12-06,0.005077976791735667,0.0435600970118856,-0.008270738836709899,0.024455316502249937,-0.2728976175214351,0.05183083584859542,-0.24068294104209645,0.024647563657020043
2024-12-07,0.0,0.03896439385945513,-0.0015480753747875325,0.024647563657020043,-0.21003709472588444,0.040512469234242794,-0.494423974689135,-0.009342780647041122
2024-12-08,0.0019431232523059495,0.009711351320368081,-0.02869227287644322,-0.009342780647041122,-0.1340679525858047,0.03840362419681147,-0.6118803479816471,-0.07451189154058449
2024-12-09,0.0,0.0,-0.11545969694406122,-0.07451189154058449,0.4736631945962107,0.11545969694406118,-0.016959214540690354,-0.018935964571863712
2024-12-10,0.0,0.02099149735804411,-0.05869114496919066,-0.018935964571863712,-0.0519889688684306,0.07968264232723472,0.08328555170589717,0.05016696150116855
2024-12-11,0.0,0.05166305701108925,-0.025172808084404058,0.05016696150116855,-0.309395463727555,0.07683586509549313,-0.17808598409279885,-0.008276773417381728
2024-12-12,0.0,0.018664382600949662,-0.016580166489414665,-0.008276773417381728,0.04981849566087086,0.035244549090364424,-0.08361732857125756,0.02836473023848368
2024-12-13,1.7291777380411068e-07,0.03299707957069696,-0.010598067562316812,0.02836473023848368,0.023427095462843113,0.04359514713301388,-0.06526193525913992,-0.014645900547837739
2024-12-14,0.0,0.007416776293834297,-0.028938895639919957,-0.014645900547837739,-0.2241845435938242,0.03635567193375427,-0.32068026253256215,0.004793049101465889
2024-12-15,0.0,0.010255557726015881,-0.017641718742882045,0.004793049101465889,-0.06692547579413143,0.027897276468897777,-0.2854438918801517,0.0016562841420824938
2024-12-16,0.0,0.014998026749388858,-0.02078504396062615,0.0016562841420824938,0.21771628489351794,0.03578307071001493,0.04250683832915083,-0.0050714617003962265
2024-12-17,0.0,0.021195795798330672,-0.009201036176279095,-0.0050714617003962265,0.0376610117799372,0.030396831974609784,0.080198768122842,-0.04139106247109462
2024-12-18,5.9186848512169685e-05,0.007058246611435271,-0.042790848819017104,-0.04139106247109462,0.13387357707223957,0.049849095430452406,0.21675906136722087,-0.03109769182688086
2024-12-19,8.876238868049835e-07,0.024229061375585025,-0.054676055472742194,-0.03109769182688086,0.037752220447231304,0.07890511684832717,0.23155581635692615,0.017130857381185235
2024-12-20,0.0,0.019130158822415075,-0.0732308719132053,0.017130857381185235,0.08789240955819494,0.09236103073562044,0.24598119007415137,-0.02207858170736315
2024-12-21,0.0,0.021230184269924676,-0.03829917110520401,-0.02207858170736315,-0.33785992611489585,0.0595293553751286,-0.18985205430223787,-0.022218815977138644
2024-12-22,-2.0244664128394234e-05,0.008329761452294936,-0.03633994645345481,-0.022218815977138644,-0.6943139544085416,0.04466970790574988,-0.8772743129992759,0.06605343225672816
2024-12-23,0.0,0.0723813703940655,-0.016693776130644305,0.06605343225672816,0.4652508746244269,0.0890751465247099,-0.31004543690134256,0.005382908236135234
2024-12-24,0.0,0.007821719581366307,-0.016004262055454015,0.005382908236135234,-0.4167496358197825,0.023825981636820325,-0.6419298150751257,0.007985093862026987
2024-12-25,0.0,0.02164517347049075,-0.0011178865625028514,0.007985093862026987,-0.2488767793716661,0.02276306003299356,-0.7252942120470791,-0.020086945221841734
2024-12-26,0.0,0.0222966894043258,-0.027520010081691054,-0.020086945221841734,0.33868934466890765,0.04981669948601696,-0.1183215523758813,0.0030015843191847254
2024-12-27,-1.3388879152815393e-05,0.030454737747038496,-0.004602575756738721,0.0030015843191847254,0.4078287013430019,0.03505731350377712,0.43123123423563037,0.043268635918508325
2024-12-28,0.0,0.05479321515912843,0.0,0.043268635918508325,0.0032598789423244484,0.05479321515912843,0.31267954942727955,-0.03846415773306241
2024-12-29,0.0,0.002504524115807536,-0.04465157608453098,-0.03846415773306241,-0.13794876423142355,0.04715610020033846,0.152903813224528,0.014867973414834347
2024-12-30,-3.5191218525194113e-07,0.024604386045852668,-0.009919200311519192,0.014867973414834347,0.08330320354788925,0.03452358635737174,0.16767622216539863,-0.004496981781328183
2024-12-31,0.0,0.013334088833690921,-0.008730145878316848,-0.004496981781328183,0.2817099413235012,0.022064234712007844,0.3374066985411196,0.007852349733661444
2025-01-01,0.0,0.01164696126811836,-0.0017537401529953947,0.007852349733661444,-0.5132848824991931,0.013400701421113718,-0.300048471133136,-0.0011816395528325872
2025-01-02,-6.911146158801378e-07,0.011155626151622125,-0.012545552405038483,-0.0011816395528325872,0.28080305809444267,0.023701178556660672,0.030422888209040388,0.011223737289026972
2025-01-03,0.0,0.013258128685710734,-0.011591299028972287,0.011223737289026972,-0.03155674980330346,0.024849427714683046,-1.3244791263545287e-05,0.00027689520104091827
2025-01-04,0.0,0.010472212145372337,-0.006737816140935284,0.00027689520104091827,-0.17840203317294004,0.017210028286307525,-0.19744166452042122,-0.006440732535887769
2025-01-05,0.0,0.0,-0.015300405578371184,-0.006440732535887769,-0.07679493378778715,0.015300405578371272,-0.24519357171963596,0.028002618299951657
2025-01-06,0.0,0.049370546696437874,-0.0043402906926402855,0.028002618299951657,0.37619891931733007,0.053710837389078135,0.24366285696405557,-0.04490786152571028
2025-01-07,-9.372043779194308e-06,0.005048033459256725,-0.053284133837940034,-0.04490786152571028,0.06754711581852756,0.058332167297196647,0.23520954192586488,-0.0021988691382190135
2025-01-08,0.0,0.013378180029568483,-0.029462155435657986,-0.0021988691382190135,-0.004960408028547955,0.04284033546522641,0.194145520309108,-0.015520597545109231
2025-01-09,0.0,0.0073537370695371355,-0.029315783076341626,-0.015520597545109231,-0.1253642054407205,0.0366695201458787,0.02885696642835589,0.012335609380079233
2025-01-10,-5.345204438769957e-07,0.022157387647286135,-0.002095464538499506,0.012335609380079233,-0.13903268795115972,0.02425285218578567,-0.15263792692484954,0.004363705228767347
2025-01-11,0.0,0.010244117105440842,-0.004576492249304709,0.004363705228767347,-0.26456221785844825,0.014820609354745525,-0.4443046688155618,-0.005194718770612699
2025-01-12,0.0,0.001922709648860085,-0.009763523162339601,-0.005194718770612699,0.0013864359679250737,0.011686232811199713,-0.3636492398356587,-0.006922067816965012
2025-01-13,-2.6420308445084833e-07,0.009239517698904012,-0.04922444093880943,-0.006922067816965012,0.49883588582898364,0.05846395863771344,0.23807192224910012,0.01492892149616892
2025-01-14,0.0,0.016628305429063843,-0.0026693512466082416,0.01492892149616892,-0.30585664777909444,0.01929765667567214,-0.06035918522906164,0.021816279983242457
2025-01-15,0.0,0.022701802584850717,-0.014218674361131804,0.021816279983242457,0.16942354977148547,0.036920476945982605,0.15387259337057385,-0.008057838777471139
2025-01-16,6.051801370110087e-05,0.004199521357844846,-0.018125448263785083,-0.008057838777471139,0.022900210911905076,0.022324969621629775,0.15497686146722578,0.018814537028133706
2025-01-17,0.0,0.029978892440664904,-0.000157878785099036,0.018814537028133706,0.024388567158381592,0.030136771225763984,0.10714581893820445,-0.017224729506482236
2025-01-18,0.0,0.0018586270599810352,-0.03745628695301865,-0.017224729506482236,0.12296442560736721,0.03931491401299973,0.15794552633782316,-0.03912606227099383
2025-01-19,-2.581040921011994e-07,0.00568412886047694,-0.0470090867202383,-0.03912606227099383,0.25544361125902865,0.05269321558071533,0.4056304064172453,-0.0005874378678655056
2025-01-20,1.3420131762549639e-06,0.036516842638672414,-0.01478856900682516,-0.0005874378678655056,0.008611960154612606,0.05130541164549772,0.28798565540827814,0.014579610781673514
2025-01-21,0.0,0.021925833467958723,-0.00936852767094793,0.014579610781673514,-0.3556530821955992,0.0312943611389065,-0.1574824723460893,0.00456681846854664
2025-01-22,0.0,0.016420385073518947,-0.0022314792912069953,0.00456681846854664,-0.13064944797191325,0.018651864364725865,-0.2973548443711425,-0.006900872038211441
2025-01-23,-2.6434918790385358e-05,0.002899817727509035,-0.020240695746592607,-0.006900872038211441,0.25656657740721117,0.02314051347410151,-0.025160763303228688,-0.014580550365100468
2025-01-24,0.0,0.0009185491883119054,-0.016237969863837763,-0.014580550365100468,-0.27481245675360133,0.017156519052149623,-0.306531489914577,0.008862669048044874
2025-01-25,1.4356701766756006e-06,0.01350199946828066,-0.003094346995421669,0.008862669048044874,-0.17161869664460785,0.01659634646370237,-0.37887447249966877,-0.028833090136450433
2025-01-26,9.783144593996736e-07,0.005879077376244958,-0.031420224931054654,-0.028833090136450433,0.0481596076335221,0.03729930230729958,-0.1887877228050719,0.01935298162221816
2025-01-27,0.0,0.01952948309946236,-0.04103643710861724,0.01935298162221816,0.40602469125727825,0.06056592020807941,0.27046802829733635,-0.027392898763695488
2025-01-28,0.0,0.004496179646920159,-0.030182299304709895,-0.027392898763695488,-0.32454888125439496,0.03467847895163009,-0.1131815753367547,0.009421664694020428
2025-01-29,2.2146775540957946e-06,0.02621350778128177,-0.0018046537687244298,0.009421664694020428,0.03418397502192559,0.02801816155000627,-0.01011116823578179,0.014671048852132315
2025-01-30,6.608941571264951e-05,0.021688055822952558,-0.0015536733202172076,0.014671048852132315,-0.13077895357360989,0.023241729143169878,-0.13933871334193912,-0.0002630730660967968
2025-01-31,5.404885367829187e-06,0.017064837276961745,-0.005565027209658309,-0.0002630730660967968,0.053776704993513655,0.022629864486620074,-0.09120074580403897,-0.03598569039008553
2025-02-01,-5.2352588840670305e-05,0.0056591532042710715,-0.039522063694999915,-0.03598569039008553,-0.028845132451100118,0.04518121689927096,-0.12694493759595382,-0.05639783785917292
2025-02-02,-5.604416729096139e-07,0.013982506988310996,-0.08071883644908662,-0.05639783785917292,0.390881688666111,0.09470134343739764,0.35347266921732023,-0.0007772739806432546
2025-02-03,0.0,0.002437639623430927,-0.17356778711118173,-0.0007772739806432546,0.5510043134161244,0.1760054267346126,0.8295260636532008,-0.07360710778124278
2025-02-04,0.0,0.003596662916512348,-0.09844405281815122,-0.07360710778124278,-0.5276770811902958,0.10204071573466376,0.07093989991294301,-0.00626545983315551
2025-02-05,0.0,0.00977987545408726,-0.019832557259503544,-0.00626545983315551,-0.44703984089566967,0.029612432713590802,-0.44963629941360106,0.004425776607086898
2025-02-06,0.0,0.03324475592470417,-0.00026238793418899276,0.004425776607086898,0.142040211414006,0.033507143858893224,-0.29944713262403755,0.01007150959243282
2025-02-07,1.1731902353322621e-06,0.02986762165504144,-0.0017428531784348712,0.01007150959243282,-0.08395586761652517,0.03161047483347629,-0.3986236549831759,0.059204210216955676
2025-02-08,0.0,0.09086818941647339,-0.006987152759568968,0.059204210216955676,0.276040353129282,0.09785534217604226,-0.061494876267993985,0.005395073211820315
2025-02-09,0.0,0.05466925435566678,-0.016306961345461845,0.005395073211820315,0.23118652606718104,0.07097621570112865,0.35459314570538564,0.002708476287135739
2025-02-10,0.0,0.007718969337868264,-0.03226309170179923,0.002708476287135739,-0.346246734708437,0.039982061039667574,-0.022962071321023732,0.03850540173710798
2025-02-11,0.0,0.04395596304949368,-0.0042509799296863125,0.03850540173710798,0.15063582820562818,0.04820694297917999,0.08994180066755386,0.08276996406898966
2025-02-12,0.0,0.09227240350529152,-0.023645282449980386,0.08276996406898966,0.32951575178023595,0.11591768595527181,0.3758682236118584,-0.04356906977408345
2025-02-13,0.0,0.04591471217516264,-0.05505336946551171,-0.04356906977408345,0.5360370220091178,0.10096808164067438,0.7827644820352666,-0.015432295099460971
2025-02-14,0.0,0.023254281768087536,-0.023942078647744745,-0.015432295099460971,-0.6888287664294154,0.04719636041583232,-0.13703925711452178,0.006489193649663073
2025-02-15,0.0,0.019143618682790756,-0.00544508220914227,0.006489193649663073,-0.3634870757592125,0.024588700891932946,-0.4971958595529549,0.017619254073878477
2025-02-16,-1.8430502623843006e-07,0.03378375233441194,-0.01207062961774516,0.017619254073878477,0.11320494155098625,0.045854381952157124,-0.37950576268076114,-0.010246286588079185
2025-02-17,0.0,0.011100759892444627,-0.022211512750278262,-0.010246286588079185,-0.03371481697412171,0.03331227264272286,-0.40272050669315496,-0.030102098779045863
2025-02-18,1.070258392865418e-05,0.0007946982862321803,-0.05637401725118579,-0.030102098779045863,0.02167956820835067,0.05716871553741798,-0.3049897350181961,0.009333727689162158
2025-02-19,3.770840730357481e-07,0.01919122769793972,-0.014472256880178804,0.009333727689162158,-0.035324776089633914,0.03366348457811841,-0.07346421618854439,0.005624849112548085
2025-02-20,0.0,0.008250957841230259,-0.01052838367768643,0.005624849112548085,-0.11460545432713437,0.01877934151891673,-0.12147586240392544,-0.015798884692416967
2025-02-21,0.0,0.016303216823730222,-0.03382975187442688,-0.015798884692416967,0.11959894598455414,0.05013296869815719,0.0070130973891435605,0.03295722882700162
2025-02-22,0.0,0.04861168243010196,-0.001928207587328822,0.03295722882700162,-0.014025133435826216,0.05053989001743069,0.0017424479574952656,-0.016089687267974714
2025-02-23,-4.564573260856418e-07,0.003728139996964196,-0.02974645936989753,-0.016089687267974714,-0.23423330260231198,0.03347459936686176,-0.22788507962189403,-0.06912386112431838
2025-02-24,0.0,0.0018900229830076947,-0.07098528868386723,-0.06912386112431838,0.23519873502212868,0.07287531166687505,0.05982798336466731,0.014516797188408231
2025-02-25,0.0,0.021400962795370737,-0.041050481319425555,0.014516797188408231,0.3096576153970366,0.06245144411479634,0.371206709689252,-0.019857016953821933
2025-02-26,0.0,0.012568701335077714,-0.045444774457397225,-0.019857016953821933,-0.2609653548297932,0.058013475792474886,0.016118103407902252,-0.009161637401677395
2025-02-27,0.0,0.012910035719316568,-0.024688934654943817,-0.009161637401677395,-0.06714141999702933,0.03759897037426035,-0.05811292232708006,-0.02963897110584783
2025-02-28,0.0,0.0004586240150089157,-0.07754879873148757,-0.02963897110584783,0.1488590079835648,0.07800742274649651,0.09407997906299802,0.03357730559990516
2025-03-01,-9.870376501435516e-06,0.035853516565614474,-0.001462917036221926,0.03357730559990516,-0.24553512176246284,0.03731643360183644,-0.21657489441463984,0.02507277544503749
2025-03-02,-1.0046753572199778e-06,0.04353336081993833,-0.008062783150148424,0.02507277544503749,0.22901380062458299,0.051596143970086945,0.03228544727006786,-0.07977831963264669
2025-03-03,0.0,0.0005832995771047543,-0.09137101827917582,-0.07977831963264669,0.014336619446264685,0.09195431785628048,0.09231874647230402,0.014527669463612116
2025-03-04,0.0,0.021840518624249378,-0.041674784870255,0.014527669463612116,-0.09291151421674212,0.06351530349450428,-0.01722299406401408,0.024357046178547614
2025-03-05,-1.4642084698359199e-06,0.035269868650995906,-0.0038892718200204505,0.024357046178547614,-0.24941886062048055,0.03915914047101635,-0.2768791427733936,-0.0020960510399141543
2025-03-06,0.0,0.0232331078215071,-0.013611955223251499,-0.0020960510399141543,0.054725178053189,0.036845063044758604,-0.15775845703225355,-0.004636618375211628
2025-03-07,-1.0228377679461243e-07,0.02107170077836064,-0.02951677881414327,-0.004636618375211628,0.14098145103844076,0.05058847959250395,-0.00901801014755525,-0.0014868990544338427
2025-03-08,6.165545514140137e-07,0.012854705047492076,-0.003800669207501322,-0.0014868990544338427,-0.4863525573510138,0.016655374254993523,-0.46693688024845836,-0.06711889501865337
2025-03-09,2.5727974319164798e-06,3.179931156292193e-05,-0.07332715101981366,-0.06711889501865337,0.2943740748755582,0.0733589503313766,-0.055197186182075,-0.04133929732496263
2025-03-10,0.0,0.031015147264580267,-0.05482104962828261,-0.04133929732496263,0.20806191071311494,0.08583619689286269,0.2070143070094357,0.03572311335512281
2025-03-11,-2.94787091764588e-05,0.060233123092109105,-0.04278407046414565,0.03572311335512281,0.25102504022871047,0.10301719355625495,0.4121553955713531,0.0328561585620137
2025-03-12,0.0,0.040767881205149334,-0.011320387766881448,0.0328561585620137,-0.3074753660135254,0.05208826897203075,0.008280384378430438,0.016228471851857478
2025-03-13,0.0,0.05713681531220337,-0.003108555023623377,0.016228471851857478,0.29275109071456223,0.06024537033582674,0.3093732154235312,0.013576657858932835
2025-03-14,0.0,0.01702292050010815,-0.0034108968018415416,0.013576657858932835,-0.44758433997540303,0.020433817301949608,-0.27128073275545256,0.05363326149583554
2025-03-15,-3.7839965848763376e-05,0.05365493686384974,-8.909253232184473e-05,0.05363326149583554,-0.09003551844610756,0.05374402939617165,-0.36082409700998275,-0.028273033389551044
2025-03-16,1.0739218329763458e-05,0.0030228187270945352,-0.04208315597145344,-0.028273033389551044,0.024178927377173934,0.04510597469854799,-0.2863767794998075,0.047263152416972785
2025-03-17,-1.1554061861016187e-05,0.06559026190496281,-1.1554061861016187e-05,0.047263152416972785,0.5486553316287988,0.06560181596682378,0.3726616848710387,-0.005126103996546969
2025-03-18,-2.552176295971594e-05,0.018091498913775754,-0.014297148324029991,-0.005126103996546969,-0.13458770055899924,0.03238864723780585,0.1600240838588158,-0.014233060997052627
2025-03-19,0.0,5.052771829232787e-06,-0.036504960500490014,-0.014233060997052627,-0.08083923385618816,0.036510013272319335,0.10401244730167801,0.017107264691461514
2025-03-20,-1.0546171953999978e-05,0.02858807609590264,-0.003710929309431105,0.017107264691461514,0.14841511630959886,0.03229900540533394,0.20167203083051738,0.00737869526660058
2025-03-21,0.0,0.011439527632381949,-0.006506456799407727,0.00737869526660058,-0.45791555134464634,0.017945984431789772,-0.34894973046037203,-0.012739626272093019
2025-03-22,-1.7023608619815508e-05,0.001822637759204405,-0.016541582323746855,-0.012739626272093019,-0.21892342551598515,0.0183642200829511,-0.5711759677751894,-0.005160188927838381
2025-03-23,0.0,0.0038090991420667423,-0.010776364431021066,-0.005160188927838381,0.03284914328238113,0.014585463573087718,-0.4051110869324051,0.021104127791210972
2025-03-24,0.0,0.024832458616547638,-0.006921015374480973,0.021104127791210972,0.38065882713013294,0.031753473991028694,0.08535087110424243,-0.010582329627745066
2025-03-25,6.710902699934277e-07,0.012843899708270852,-0.01455689379945836,-0.010582329627745066,0.22429225133672012,0.027400793507729237,0.3365271802432541,-0.019437205663878434
2025-03-26,-7.751201921216591e-07,0.00649500398132598,-0.022632981576166212,-0.019437205663878434,-0.3355203043648741,0.029127985557492155,0.012217107497381571,0.030902587987711273
2025-03-27,0.0,0.037601080564238325,-0.00022497395776796872,0.030902587987711273,0.4224046163379592,0.03782605452200633,0.41855942181198397,-0.028222309602413422
2025-03-28,-8.620694196171651e-07,5.4787776401012745e-05,-0.033969135548664986,-0.028222309602413422,-0.41734307532904785,0.034023923325066006,-0.1443506504328924,-0.02656063715544398
2025-03-29,-4.926363429392749e-07,0.006015188231908507,-0.0349156154267924,-0.02656063715544398,-0.16231482309499523,0.04093080365870107,-0.3473805871571705,-0.0023362239898894375
2025-03-30,-7.710156404647587e-05,0.015709697841102505,-0.015071447978197738,-0.0023362239898894375,-0.12713117141306757,0.030781145819300366,-0.43001706003430146,0.005373460017437675
2025-03-31,0.0,0.01102337185670705,-0.023101841471638847,0.005373460017437675,0.24526955963252176,0.03412521332834574,-0.06627567104750677,0.010234318282919692
2025-04-01,0.0,0.021339921462916783,-0.0005257843562809503,0.010234318282919692,0.3070261912807747,0.021865705819197882,0.248244918037649,-0.034380538296176974
2025-04-02,0.0,0.00036157437181051535,-0.04376294461750975,-0.034380538296176974,-0.13057366805520965,0.04412451898932035,0.16144372660584144,0.0025142474895131005
2025-04-03,0.0,0.03118147481510715,-0.019133404548049692,0.0025142474895131005,0.11866159622585545,0.05031487936315685,0.25139947773727356,0.009170339742180936
2025-04-04,-1.2369398479478716e-06,0.012345543029416328,-0.011500138716489043,0.009170339742180936,-0.3069235606917708,0.023845681745905446,-0.13899305640045923,-0.007499086189845818
2025-04-05,-2.042746514082419e-07,0.0016167517004633924,-0.01287823029426942,-0.007499086189845818,-0.41092493455662377,0.01449498199473273,-0.5855152541953953,-0.06715013233729061
2025-04-06,4.033838970103615e-05,0.0005842332197976802,-0.08401037063821766,-0.06715013233729061,0.5102924848798703,0.08459460385801518,-0.014844438472252567,-0.0002010881107844918
2025-04-07,0.0,0.01822030965115154,-0.059200119734921716,-0.0002010881107844918,0.5294781328872369,0.07742042938607345,0.5642017343494744,-0.0018340010955766107
2025-04-08,4.513094109588527e-06,0.01867953537881229,-0.011503884158898494,-0.0018340010955766107,-0.5315024133100574,0.030183419537710723,-0.08534328896911705,0.05090195778044093
2025-04-09,0.0,0.05644041321653333,-0.03415940675867501,0.05090195778044093,0.1582504206141242,0.0905998199752082,0.11666826813872418,-0.008559260302582836
2025-04-10,1.5196594412101144e-05,3.678584179384697e-05,-0.026357424243896106,-0.008559260302582836,-0.1256576872959896,0.026394210085689977,-0.05843720607178336,0.01492607382278446
2025-04-11,0.0,0.021337149368121627,-0.0028594092362784667,0.01492607382278446,-0.23465073775137923,0.024196558604399936,-0.3689447662756118,0.0186515639741105
2025-04-12,0.0,0.023551194364310104,-0.0036057707550125506,0.0186515639741105,-0.027885904701944624,0.027156965119322782,-0.36502071416969434,-0.022149480112025752
2025-04-13,3.066460783649804e-07,0.0006477334385025398,-0.027674618897836564,-0.022149480112025752,-0.010125068553935395,0.028322352336339163,-0.202619397235955,0.0005010787506827594
2025-04-14,0.0,0.014485825025394543,-0.0011057478101083131,0.0005010787506827594,0.030692208434750422,0.015591572835502826,-0.12660117600325857,-0.007988161183643478
2025-04-15,-9.400711435938195e-07,0.010521399810883396,-0.008067447714414429,-0.007988161183643478,-0.02252743470882485,0.01858884752529776,-0.0675998193427751,0.005368097239863855
2025-04-16,1.0529001782368347e-07,0.009827231942036857,-0.005582023506356093,0.005368097239863855,0.07717053063445899,0.01540925544839289,0.06783229989711832,0.012542628714885712
2025-04-17,0.0,0.017102390753752413,-0.0027531668485891313,0.012542628714885712,-0.02415485517088228,0.019855557602341634,0.03383283806716136,0.0027102974574784596
2025-04-18,0.0,0.009451208224539523,-0.004919302532965426,0.0027102974574784596,0.011867474553928295,0.014370510757504997,0.03545561710499117,2.1865667447766793e-05
2025-04-19,0.0,0.004010940285514828,-0.00642088569670098,2.1865667447766793e-05,-0.14483918706329985,0.010431825982215875,-0.12387528592069029,0.002018347976201875
2025-04-20,0.0,0.005690859387651983,-0.006801671229980218,0.002018347976201875,0.06342555656491038,0.012492530617632046,-0.04119649967122276,0.007462774006263792
2025-04-21,0.0,0.02473132388388416,-0.0004997512158424185,0.007462774006263792,0.08981485806723222,0.025231075099726604,0.05182251800803507,0.035215045222081354
2025-04-22,5.006100035057886e-06,0.035478550952341065,-0.0025696977786451984,0.035215045222081354,0.19259893778583995,0.038048248730986174,0.24524195549543681,-0.021251031599077794
2025-04-23,0.0,0.001671964994221606,-0.02764439401718292,-0.021251031599077794,0.05601208336286328,0.02931635901140453,0.2534116736018932,-0.0067893883914289235
2025-04-24,0.0,0.0015328263961387576,-0.019030445895798172,-0.0067893883914289235,-0.15294122734888407,0.020563272291937027,0.04371066225651955,-0.0025539477411153067
2025-04-25,-9.129170921860084e-07,0.0139681088619876,-0.006578666792530249,-0.0025539477411153067,0.09765265758647187,0.0205467756545179,0.0963526178197137,0.012456761608659505
2025-04-26,1.810147094849537e-05,0.014810410814668653,-0.00015468941604876546,0.012456761608659505,-0.14077803723022844,0.014965100230717253,-0.09730718970462746,-0.006745763541209734
2025-04-27,0.0,0.0014451282186903084,-0.016206040132149713,-0.006745763541209734,-0.03741198281199666,0.017651168350840206,-0.14396461052488174,0.004539773980605299
2025-04-28,1.0212608820699313e-05,0.007481184187005468,-0.0076912220319726434,0.004539773980605299,0.0182897375121571,0.015172406218978045,-0.09146616817315595,-0.00883892640720264
2025-04-29,0.0,0.007026212268829766,-0.012787809699201461,-0.00883892640720264,0.07085758400137881,0.019814021968031347,0.024202564423706975,-0.0022441552523062166
2025-04-30,-1.6654519361622207e-05,0.005721845527081699,-0.014431067496343576,-0.0022441552523062166,-0.05400258826515429,0.0201529130234252,-0.03155508668529365,0.0003943168562526212
2025-05-01,9.160090908912534e-06,0.009056304441671641,-0.001991562702890188,0.0003943168562526212,-0.06740786770973228,0.011047867144561765,-0.06870883746341797,0.0020747487920402103
2025-05-02,1.800766363493223e-05,0.005961100656742497,-0.006838528538023428,0.0020747487920402103,0.027200268919756455,0.012799629194765967,-0.027943319705366527,-0.0030534492852819337
2025-05-03,3.0458474677892504e-07,0.00021663784845386402,-0.009310198033920775,-0.0030534492852819337,-0.16756452570416888,0.00952683588237458,-0.19452019088030253,-0.022503280641313527
2025-05-04,0.0,0.0018538843493966731,-0.02367624898096196,-0.022503280641313527,0.06700895485551613,0.025530133330358695,-0.09226246040388114,0.019760467558503067
2025-05-05,0.0,0.023371995088224455,-0.00236694177010665,0.019760467558503067,0.11507082228991161,0.02573893685833114,0.06281301674169795,0.007972486170854881
2025-05-06,0.0,0.008793348223319874,-0.0068678149293534925,0.007972486170854881,0.083905334050308,0.015661163152673352,0.1522762468054776,0.0013365687530840253
2025-05-07,0.0,0.010750709280795665,-0.006956617331733139,0.0013365687530840253,-0.036569954071948144,0.017707326612528763,0.0885838440697072,0.04121518585690884
2025-05-08,-4.0468905111101235e-07,0.04122838962503147,-0.003772840250322534,0.04121518585690884,0.2935223968733044,0.045001229875354064,0.3690849652457234,0.05901177763731679
2025-05-09,-1.679622168550795e-05,0.06039319633341626,-0.007632434886963504,0.05901177763731679,0.1597028180431803,0.06802563122037973,0.4174231520433082,-0.004902288571876581
2025-05-10,1.6199555830514216e-05,0.015585297142242955,-0.026621350965941325,-0.004902288571876581,-0.05782645474785049,0.042206648108184086,0.22894644943372897,-0.01977145430683249
2025-05-11,-1.1036817997182652e-06,0.006036812656579124,-0.022506938860554916,-0.01977145430683249,-0.17991135710044268,0.02854375151713404,-0.03709763017260774,0.015039278912615105
2025-05-12,0.0,0.05930551783218626,-0.0025595007877941486,0.015039278912615105,0.3139016347013899,0.06186501861998037,0.24572036468056102,0.007671277760295861
2025-05-13,0.0,0.015640023831369823,-0.028879178783169132,0.007671277760295861,-0.213099116225193,0.04451920261453916,-0.0673192675360553,-0.019724638336144674
2025-05-14,6.226474485506622e-05,0.00012379207605308978,-0.02656804247255246,-0.019724638336144674,-0.11662306034662782,0.026691834548605506,-0.18814245596630283,-0.0020045847846587245
2025-05-15,1.8706055375923346e-07,0.01174466454148173,-0.014061063733040162,-0.0020045847846587245,0.006258968677419237,0.02580572827452169,-0.13288098362519377,-0.007618603522419449
2025-05-16,-2.905261076356318e-06,0.012852473833563331,-0.01061743065942081,-0.007618603522419449,-0.14445668224400243,0.02346990449298407,-0.24012277926036305,-0.010424301323622827
2025-05-17,0.0,0.0006197716408408853,-0.016908554320694262,-0.010424301323622827,-0.11993775730395888,0.017528325961535064,-0.3335179705897276,0.019424009483652416
2025-05-18,0.0,0.023327449490853504,-0.0065994176069508826,0.019424009483652416,0.09386924311578362,0.029926867097804392,-0.11788536068609505,-0.0035504965282618563
2025-05-19,-7.346976406639246e-05,0.0012631162205247832,-0.027959485297102266,-0.0035504965282618563,0.0017850362613712483,0.029222601517627074,-0.056723207080462766,0.0007351350261428728
2025-05-20,-1.0049650439009646e-05,0.005446674820989669,-0.013460094625633927,0.0007351350261428728,-0.053166644183588914,0.01890676944662359,-0.07598196818857174,0.034484965532578904
2025-05-21,0.0,0.04023292304871225,-0.0018412024868479017,0.034484965532578904,0.4521930993877891,0.04207412553556008,0.4233606634991551,0.019254953418025543
2025-05-22,2.8108015476039803e-06,0.021907595262779595,-2.5569589816255514e-05,0.019254953418025543,-0.05588182481572227,0.02193316485259578,0.2763106712370687,-0.04470717994663251
2025-05-23,2.2946766881633697e-05,0.006803014751645326,-0.0467674870697897,-0.04470717994663251,-0.11895329576633197,0.05357050182143506,0.06784007708210618,0.018233016673488804
2025-05-24,-1.953181404706938e-06,0.030956925804092268,-0.00015831307867445417,0.018233016673488804,-0.30210568893121376,0.03111523888276676,-0.2766468504214677,0.002406701830835231
2025-05-25,0.0,0.004704459800912758,-0.015310034735465715,0.002406701830835231,0.07535300022097988,0.020014494536378536,-0.1889283304306303,0.0066588617430716176
2025-05-26,9.110851086534046e-07,0.011520208106460867,-0.0015192041061202826,0.0066588617430716176,-0.014257788594873134,0.013039412212581246,-0.21132312803276657,0.018753920119197076
2025-05-27,0.0,0.0313480818067609,-0.010676243581957089,0.018753920119197076,0.25246574182374476,0.04202432538871814,0.12831980297617396,0.00035797902177648916
2025-05-28,1.065868260271615e-06,0.002642347644118163,-0.009495734555563217,0.00035797902177648916,-0.13739586913861235,0.01213808219968141,0.0170681639719793,-0.017956651032614603
2025-05-29,4.439529588802637e-07,0.004989197167439118,-0.019801957815193137,-0.017956651032614603,0.09651900730664646,0.024791154982632138,0.14127193438316474,-0.0295966260635018
2025-05-30,4.149246123708346e-05,0.00440898851150364,-0.030866028787374492,-0.0295966260635018,-0.017634592602449973,0.03527501729887803,0.07011903855973423,0.0045953536097836254
2025-05-31,4.3763044536887756e-05,0.008849568104235601,-0.01308208289254985,0.0045953536097836254,-0.2530597004203801,0.02193165099678554,-0.2176170493927762,0.003774906564555492
2025-06-01,-2.5952669189883083e-06,0.005825124600581476,-0.015674884578289385,0.003774906564555492,-0.006710424933797468,0.021500009178870766,-0.2144832602290937,0.008434929109873817
2025-06-02,-9.510937000520314e-06,0.009041076609918403,-0.016077393559314535,0.008434929109873817,0.19365398561288025,0.025118470169232826,0.04156080894294977,-0.007365664161264912
2025-06-03,0.0,0.009129440332165287,-0.01213652216660526,-0.007365664161264912,-0.049460366676709173,0.021265962498770406,-0.010541166288494563,0.0030290914355874613
2025-06-04,9.224006888101499e-08,0.015344063397812212,-0.0004904684893439361,0.0030290914355874613,-0.08305447119701785,0.01583453188715609,-0.06499099428263448,-0.0457062546893487
2025-06-05,2.390985543082334e-06,0.010304123618477795,-0.05740301698274204,-0.0457062546893487,0.2415551854629845,0.06770714060121986,0.2186172245517719,0.014686298987892307
2025-06-06,-2.502810608184689e-06,0.026959158665592026,-0.004658450974771911,0.014686298987892307,-0.1396374714482276,0.03161760964036395,0.017169111139731748,0.011920949167861832
2025-06-07,1.2805805602321956e-05,0.016121162603153105,-0.0038698286952479496,0.011920949167861832,-0.16353487457733032,0.019990991298401144,-0.17651907585009158,0.0015305409347945637
2025-06-08,0.0,0.007843313668725932,-0.006500657114813452,0.0015305409347945637,-0.05815479036994042,0.01434397078353933,-0.19809573816062065,0.02094939495916559
2025-06-09,0.0,0.023587925800205873,-0.00548079917990524,0.02094939495916559,0.16267581259290845,0.029068724980111253,0.0021678411942340696,0.011431351607524332
2025-06-10,8.248559903785917e-07,0.01146143333559503,-0.012584500531020944,0.011431351607524332,0.12661513051379356,0.02404593386661601,0.12040067075542288,-0.008859368877593608
2025-06-11,0.0,0.0005048363802824755,-0.015671290530398757,-0.008859368877593608,-0.03918114061041976,0.016176126910681255,0.09821336503324529,-0.017260222411418967
2025-06-12,0.0,0.0027619516622747003,-0.022537565422176296,-0.017260222411418967,-0.047904825297636705,0.025299517084450922,0.04414523101483173,-0.0015068221934893531
2025-06-13,1.2462837029226895e-05,0.004664094293599804,-0.02301584815489821,-0.0015068221934893531,0.1473099603388136,0.027679942448498036,0.1637990313674457,-0.01436111770042776
2025-06-14,1.0152979790220525e-05,0.00033974281572371267,-0.024131412250552244,-0.01436111770042776,-0.3844470189729681,0.02447115506627585,-0.2878332624984352,0.0036593964068118577
2025-06-15,-6.614611876524874e-07,0.008923243287688643,-0.0045228885758150095,0.0036593964068118577,0.011232161638200115,0.013446131863503534,-0.24328449093419036,0.00412697869500438
2025-06-16,1.6005361983595447e-06,0.01676894947654191,-0.0022661966270130333,0.00412697869500438,0.16046288334902886,0.019035146103554782,-0.023465393648807113,-0.003772193064779239
2025-06-17,6.844566963254064e-06,0.012331582245198007,-0.01564833034372243,-0.003772193064779239,0.1163645132715353,0.02797991258892035,0.11662574171219599,-0.005727983215180448
2025-06-18,0.0,0.0075562711459234684,-0.016430405183232032,-0.005727983215180448,-0.06763725575180869,0.02398667632915561,0.037892467513927615,-0.00019548479415384655
2025-06-19,0.0,0.0025079004214429456,-0.009010311185485108,-0.00019548479415384655,-0.192801501639004,0.011518211606928128,-0.11718076647732492,-0.004502735523617486
2025-06-20,6.153856932315436e-06,0.007596577080129947,-0.009387879005082648,-0.004502735523617486,0.16034950150474606,0.016984456085212565,0.03833435117418326,-0.020522135045764216
2025-06-21,0.0,0.0048481449865852375,-0.02696478394145535,-0.020522135045764216,-0.0821505344046371,0.031812928928040635,-0.0769281934537998,-0.02049207963745596
2025-06-22,-1.9414829274885135e-07,0.010162232774946203,-0.04230233774507552,-0.02049207963745596,0.24287636294127124,0.05246457052002176,0.1786386747291195,0.04025320212023005
2025-06-23,-9.908391476350232e-08,0.04258881897475336,-0.0006597200710911442,0.04025320212023005,-0.06082082606073377,0.04324853904584452,0.10384745209028692,0.003799094974455795
2025-06-24,0.0,0.004644665932572766,-0.006871563252637191,0.003799094974455795,-0.17405095357734882,0.011516229185210095,-0.08457303638857405,0.0033900030075241293
2025-06-25,0.0,0.010094334168769219,-0.001823223422621166,0.0033900030075241293,0.09835666637816005,0.011917557591390423,-0.0012812521850986169,-0.0054472063029589995
2025-06-26,0.0,0.00626740423947402,-0.006374354079383689,-0.0054472063029589995,-0.13874517211543091,0.01264175831885784,-0.14479291829238858,0.005803947876856757
2025-06-27,-5.700543604379267e-07,0.007748199546170063,-0.0029092238835550584,0.005803947876856757,-0.05806127819011739,0.010657423429725157,-0.19714246959949386,0.004010807184462982
2025-06-28,0.0,0.00465138836612448,-0.0024473130158801783,0.004010807184462982,-0.13593220399477776,0.0070987013820045615,-0.2659058269040484,0.009642398843236621
2025-06-29,0.0,0.010506812893340971,-0.002279452771342414,0.009642398843236621,0.08008312627608809,0.012786265664683322,-0.10533406825145611,0.0030320792593676866
2025-06-30,0.0,0.007384534627142861,-0.004839445110738332,0.0030320792593676866,0.14664128685670164,0.012223979737881264,0.07179932842854027,-0.01630723656830114
2025-07-01,7.431693217106377e-07,0.0029796610218765,-0.01898015796481809,-0.01630723656830114,-0.07289714665333967,0.021959818986694486,0.02322825139853122,0.020911240579974132
2025-07-02,0.0,0.02805252846764905,-0.002362242297032091,0.020911240579974132,0.13107584895049215,0.030414770764681052,0.16272887167059488,0.0049356569613173175
2025-07-03,0.0,0.006539282406076213,-0.004334269829171741,0.0049356569613173175,-0.04138963555816541,0.010873552235247936,0.08928557416348155,-0.014553275071334608
2025-07-04,0.0,0.0011132122229756088,-0.01919530997894678,-0.014553275071334608,-0.09182772407169375,0.02030852220192238,-0.04872247147733652,0.0036696180843803746
2025-07-05,0.0,0.0044602641590665,-0.002142830357789271,0.0036696180843803746,-0.14528512785814143,0.0066030945168557625,-0.20708438010993196,0.010530628150513774
2025-07-06,9.302113157868134e-08,0.01284797820646807,-0.0034644270109097115,0.010530628150513774,0.15091267891937754,0.016312405217377726,-0.015271290290659675,-0.003127847208089603
2025-07-07,0.0,0.00021012054949963498,-0.009063738016089276,-0.003127847208089603,0.09436088642765139,0.009273858565588896,0.07840438469287211,-0.0003863121785648683
2025-07-08,-1.846701435755413e-07,0.0022353323752000503,-0.00523764106510466,-0.0003863121785648683,-0.004801820403586071,0.007472973440304835,0.08093797238768208,0.012616982551507798
2025-07-09,0.0,0.01505376638431079,-0.0017626006322770938,0.012616982551507798,0.09389749922786245,0.016816367016587855,0.17410854586785995,0.024370880620051927
2025-07-10,0.0,0.026837777771989216,-0.0016773466696930253,0.024370880620051927,0.19382856847921562,0.028515124441682298,0.3277459601658694,0.006125125919762849
2025-07-11,0.0,0.016215264978050356,-0.0026403311017820035,0.006125125919762849,0.13995148982794794,0.018855596079832226,0.3598344833605891,-0.005954228731362155
2025-07-12,0.0,0.01021266264674956,-0.013824804265840568,-0.005954228731362155,-0.30521192220976506,0.024037466912589955,-0.05490099691649005,0.009365055064076153
2025-07-13,0.0,0.011935921364528828,-0.0004531194995467294,0.009365055064076153,-0.05003724489012389,0.012389040864075667,-0.12573549388789867,-0.004072911880277158
2025-07-14,0.0,0.020706233349741334,-0.007833713970975138,-0.004072911880277158,0.37006228399188906,0.028539947320716418,0.2320795641359776,0.0007313574971888754
2025-07-15,0.0,0.005102051658624288,-0.019835271194375934,0.0007313574971888754,-0.08618866499590443,0.024937322853000234,0.07427707523348326,0.02604487830692097
2025-07-16,0.0,0.03541273841188579,-0.006171876933707655,0.02604487830692097,0.058884637809774806,0.04158461534559343,0.11898511999853115,0.018310912348968072
2025-07-17,0.0,0.0258373964899577,-0.00033379304899693084,0.018310912348968072,0.22466316232237565,0.02617118953895473,0.34648378088268217,0.012407791380144957
2025-07-18,0.0,0.05639676740634879,-0.0013547208565003797,0.012407791380144957,0.1689596288035248,0.05775148826284906,0.40727425652309746,0.00452631818427853
2025-07-19,6.084804965079302e-05,0.01645540868550806,-0.012581041121264375,0.00452631818427853,-0.49951197791891855,0.02903644980677237,-0.237748327574473,0.03247302028755327
2025-07-20,0.0,0.036030653275518285,-0.001615697445830276,0.03247302028755327,0.12936667523169182,0.037646350721348615,-0.08566066070606454,0.011864835511645947
2025-07-21,0.0,0.030190612354029516,-0.01352957812059132,0.011864835511645947,0.16529517349659098,0.04372019047462089,0.06522461821939862,0.024931326429640188
2025-07-22,0.0,0.026338550659991834,-0.02733359246410577,0.024931326429640188,0.08066420958887403,0.05367214312409749,0.10982316843790131,-0.012158895870115026
2025-07-23,0.0,0.02905009192649135,-0.042037338750841154,-0.012158895870115026,0.28138928440768973,0.07108743067733249,0.381486129623639,-0.006977895011570011
2025-07-24,4.3851528476303006e-05,0.011237984858191927,-0.041064414348472786,-0.006977895011570011,-0.3415760070963342,0.0523023992066647,-0.0018140929302141208,0.01845636481599998
2025-07-25,0.0,0.01850429948998279,-0.02312964454940219,0.01845636481599998,-0.11096553065678176,0.04163394403938497,-0.16533846331463867,0.009723555938065892
2025-07-26,0.0,0.014645507974334306,-0.008522172179205378,0.009723555938065892,-0.3650033205884279,0.023167680153539667,-0.5424864242862842,0.061098143225751016
2025-07-27,0.0,0.06460111947915105,-0.0007809380103847016,0.061098143225751016,0.5040818041262584,0.06538205748953577,0.031027032844162684,-0.025514693074820426
2025-07-28,0.0,0.019146304429471354,-0.02592471324255052,-0.025514693074820426,0.16822846453966064,0.04507101767202181,0.20600236920751272,-0.021046255914173733
2025-07-29,7.372786854029713e-05,0.015023550271146768,-0.026348034569652273,-0.021046255914173733,-0.10738061430386314,0.041371584840798996,0.13779258162607352,-0.014710862877965396
2025-07-30,0.0,0.0068630115240255985,-0.042793249600331346,-0.014710862877965396,-0.08794733136475134,0.049656261124357004,0.030494927635777904,-0.01202190702035369
2025-07-31,0.0,0.024736221668895084,-0.013095569829758475,-0.01202190702035369,-0.09435528850652848,0.037831791498653594,-0.08546866515330581,-0.034374239707111745
2025-08-01,-2.725945970420317e-06,0.014231795423294625,-0.04879553039586944,-0.034374239707111745,0.17063327741185388,0.06302732581916405,0.028427382919350878,-0.027501676057402762
2025-08-02,4.578419090426317e-05,0.016210566180929416,-0.0331030332301833,-0.027501676057402762,-0.33891241646524606,0.04931359941111265,-0.3203111188489112,0.020044316619706407
2025-08-03,0.0,0.024775353449840932,-0.005796930296190449,0.020044316619706407,-0.21378157879024384,0.030572283746031576,-0.4459929944403085,0.023015453787274532
2025-08-04,-1.5430136786704087e-06,0.023664673835647337,-0.0009628158840580401,0.023015453787274532,0.09682598596224529,0.02462748971970536,-0.24702959122943663,-0.0186473999993888
2025-08-05,-1.03172494690758e-06,0.00013562288162115876,-0.029510739324276607,-0.0186473999993888,0.005408600458003713,0.02964636220589777,-0.16676156682814042,0.019672487848856786
2025-08-06,0.0,0.026088221968797724,-0.009483288140767316,0.019672487848856786,0.009178988601001246,0.03557151010956484,-0.10137135242211334,0.023554349976320707
2025-08-07,0.0,0.023554349976320707,-0.005868682023393008,0.023554349976320707,0.09353907523885231,0.029423031999713693,0.09779992514012352,0.006630153274857859
2025-08-08,2.323094333513065e-07,0.012228805815553398,-0.008574805825113725,0.006630153274857859,0.11657083060939467,0.02080361164066715,0.21632849839788731,0.007092101913661606
2025-08-09,0.0,0.031110774123577524,-0.00030536102715788784,0.007092101913661606,-0.09237559067563351,0.031416135150735505,0.05791030192794754,0.008457260927101083
2025-08-10,0.0,0.019807589062694773,-0.0035334399620291527,0.008457260927101083,-0.057720302597806826,0.023341029024723826,-0.025737054242519868,0.0010625680315197795
2025-08-11,0.0,0.02528505649103617,-0.01562613670753013,0.0010625680315197795,0.29405393394783413,0.04091119319856631,0.2553700965304108,0.03195617445512816
2025-08-12,1.6568845539475985e-05,0.03905631053813323,-0.010051430212449768,0.03195617445512816,0.029334922635334763,0.04910774075058292,0.21053994141124513,0.019120163776338617
2025-08-13,0.0,0.029381633889929922,-0.004633089619425589,0.019120163776338617,0.15233799232834547,0.03401472350935533,0.30261033876621835,-0.00955608160611981
2025-08-14,0.0,0.02290894242740012,-0.027468222803007064,-0.00955608160611981,0.33157355113993603,0.05037716523040734,0.5616502903763326,-0.016355261896861865
2025-08-15,0.0,0.01483403657705021,-0.03273195609685286,-0.016355261896861865,-0.1986144982447661,0.04756599267390295,0.1933113921661004,0.014530740225828053
2025-08-16,0.0,0.014671793507266676,-0.0008156454090215461,0.014530740225828053,-0.6732245245589551,0.01548743891628809,-0.5848437076775811,0.020055952979748392
2025-08-17,-1.52697427322653e-06,0.028127100759648072,-0.00025794629442314667,0.020055952979748392,0.1541343255061975,0.028385047054071123,-0.38145089213184447,-0.010547035641218982
2025-08-18,4.2761512847272837e-07,0.0022213439385566944,-0.035498701186047,-0.010547035641218982,0.18987777013180535,0.037720045124603696,-0.15493892492788736,-0.028550377988964457
2025-08-19,0.0,0.0053239968749521395,-0.02880446220131026,-0.028550377988964457,-0.01688090651288266,0.03412845907626254,-0.13397002311700626,0.05381906741361189
2025-08-20,0.0,0.06665492803935312,-0.0051567875490510645,0.05381906741361189,0.2842281777936319,0.07181171558840409,0.2856916199953138,-0.03520328657090196
2025-08-21,0.0,0.015397583867132024,-0.04113383066156568,-0.03520328657090196,-0.2374502651521983,0.05653141452869758,0.06537177560849122,0.06877283558602335
2025-08-22,0.0,0.06980215030641575,0.0,0.06877283558602335,0.2154740360357908,0.06980215030641575,0.21636317200913469,-0.021057868103999035
2025-08-23,0.0,0.0006505632305779229,-0.02508164730131128,-0.021057868103999035,-0.3579587432292298,0.02573221053188919,-0.22559467650458348,-0.004516701365397536
2025-08-24,8.183796983717851e-06,0.006241389670301296,-0.023001002104779567,-0.004516701365397536,0.16335096457928455,0.029242391775080763,-0.0430399077974378,-0.04185108283184423
2025-08-25,0.0,0.004396918978016329,-0.04771939700537744,-0.04185108283184423,0.12623393647933187,0.05211631598339362,0.07074155592588754,0.027538450729952743
2025-08-26,-1.0896910540227923e-06,0.03225426178565033,-0.008909800288599959,0.027538450729952743,-0.23476974846892532,0.04116406207425026,-0.14352160113060347,-0.009287916078335495
2025-08-27,0.0,0.0038763697214656036,-0.011371130856654409,-0.009287916078335495,-0.08750746383907781,0.015247500578120078,-0.21502631015263646,0.021641992831551125
2025-08-28,0.0,0.02671002812274313,-0.004389561450072165,0.021641992831551125,0.13774142530926803,0.031099589572815396,0.002943104858661555,-0.012763992130410854
2025-08-29,-1.31234337828873e-05,0.00283425266770113,-0.026717872150985113,-0.012763992130410854,-0.048456006155807425,0.029552124818686187,-0.06531819775492878,-0.0010112632632493124
2025-08-30,6.5045391431548016e-06,0.00042645266783189554,-0.01218808106084558,-0.0010112632632493124,-0.2525631366323178,0.012614533728677439,-0.29654718564370613,-0.005333303965557593
2025-08-31,0.0,0.006003123199247607,-0.005915138675795823,-0.005333303965557593,-0.1539853818708345,0.011918261875043492,-0.3529925566766358,-0.014076512554062743
2025-09-01,-4.83833004755903e-06,0.010618321165883139,-0.019920724812852623,-0.014076512554062743,0.4594761229497562,0.030539045978735618,0.17917458957450502,0.007011003518380832
2025-09-02,0.0,0.012498759445328637,-0.004994187144347863,0.007011003518380832,-0.14462205558645594,0.017492946589676518,0.0033297894364542513,0.004079084668824315
2025-09-03,0.0,0.013637073793339548,-0.003079793745728423,0.004079084668824315,-0.21948165037758693,0.016716867539067974,-0.18549703218835675,-0.013485070837896839
2025-09-04,7.136454461416362e-08,0.001960103239035441,-0.0157656658525679,-0.013485070837896839,-0.0001772680232870885,0.017725769091603383,-0.12311208625925249,0.007292905556411463
2025-09-05,0.0,0.0157809426434683,-6.691065307259284e-05,0.007292905556411463,0.05591623651734495,0.01584785329654087,-0.056430390825021555,0.013778909313836908
2025-09-06,0.0,0.01693838157543962,-0.0004761992067862854,0.013778909313836908,-0.01637366479594605,0.01741458078222592,-0.09896933502786631,0.021627453577225786
2025-09-07,0.0,0.024205019629017468,-0.0005775335370137126,0.021627453577225786,0.0020698570710748583,0.02478255316603116,-0.02486289536566321,-0.0026574713627450872
2025-09-08,0.0,0.005231246619119619,-0.0097845686035829,-0.0026574713627450872,0.13678964028245208,0.01501581522270248,0.1506873873248018,0.0019781427750416884
2025-09-09,0.0,0.006763056583567554,-0.007331702870152339,0.0019781427750416884,-0.24302559087171854,0.014094759453719992,-0.12959446208374836,0.015281888814437055
2025-09-10,0.0,0.029235669211676883,-0.0028483117015278185,0.015281888814437055,0.46874290976256916,0.03208398091320451,0.3509463886052493,0.010483242516006849
2025-09-11,0.0,0.010870339042155286,-0.004706693300478861,0.010483242516006849,-0.24266642328036356,0.015577032342634122,0.028053120075517413,0.024122826132223905
2025-09-12,0.0,0.027992286521961757,-0.0011182716900220537,0.024122826132223905,0.16266711610590007,0.029110558211983953,0.16738706022369584,0.009542073237014004
2025-09-13,0.0,0.01873916957146602,-0.0012586020511151455,0.009542073237014004,0.035644167523125395,0.019997771622581324,0.14647073947143815,-0.007154735839574182
2025-09-14,0.0,0.010818781179595225,-0.010912331134535139,-0.007154735839574182,-0.16005086748642242,0.021731112314130392,-0.05126712830712661,-0.007872969938139022
2025-09-15,1.6456093940974314e-06,0.008565085385754517,-0.017065152130820355,-0.007872969938139022,0.05714649905545915,0.025630237516574936,-0.03730973977075862,0.03811593066457677
2025-09-16,0.0,0.04119037863474405,-0.002973940613825873,0.03811593066457677,0.2252213130469177,0.044164319248569735,0.21895740775963352,0.03556055141782859
2025-09-17,-2.5865054349077085e-05,0.03840336847574902,-0.008344317242265592,0.03556055141782859,0.16062943782244984,0.04674768571801447,0.3135273445521835,-0.008594297762439397
2025-09-18,9.3680792930557e-06,0.01501578420864055,-0.010077706611870772,-0.008594297762439397,0.02698746535491101,0.025093490820511374,0.2685117270795803,0.0023285125392811523
2025-09-19,0.0,0.020412519856131076,-0.006153771944113419,0.0023285125392811523,-0.12738718395785253,0.0265662918002444,0.07372905741057162,0.057768977498560865
2025-09-20,1.0605325628704876e-05,0.05833827776387176,-4.403413861421307e-06,0.057768977498560865,0.13213197324680392,0.05834268117773313,0.145279454442968,0.0057592584737004154
2025-09-21,1.2058854468761016e-05,0.03563753246152205,-0.0015586889619776736,0.0057592584737004154,0.1359442292237709,0.03719622142349961,0.20523725781440375,-0.0545354261901704
2025-09-22,-1.1640469208982983e-06,0.0015683694200101042,-0.06918452927956315,-0.0545354261901704,0.12767625699810503,0.07075289869957312,0.2664493379865957,0.02388715972501654
2025-09-23,0.0,0.03291757764151304,-0.029079788564002538,0.02388715972501654,-0.19190992289158265,0.06199736620551542,0.009911306892768746,0.0017957378592769917
2025-09-24,9.242071517852371e-06,0.01661110026940502,-0.021594887265191806,0.0017957378592769917,-0.11385222565917988,0.038205987534596864,-0.11869925317000081,-0.07448789940501953
2025-09-25,2.360270772292495e-05,0.0009761119810503509,-0.07701701173293889,-0.07448789940501953,0.264210718733509,0.07799312371398917,0.1303415753249665,0.015955470555992838
2025-09-26,0.0,0.019906805096346167,-0.012993213254220145,0.015955470555992838,-0.213946608060032,0.03290001835056654,-0.12797854280533394,0.008152136721309948
2025-09-27,0.0,0.023656315503249148,-0.0036717997372004902,0.008152136721309948,-0.31085027101887236,0.02732811524044968,-0.41454206553505013,0.025000983309086705
2025-09-28,0.0,0.025071582142367505,-0.004657881808317596,0.025000983309086705,-0.09739329050934165,0.029729463950684987,-0.4058430277922095,0.03698505493298378
2025-09-29,2.457835224167311e-07,0.04180900167835667,-0.0006787772595546387,0.03698505493298378,0.2876945353666068,0.04248777893791136,-0.03437554090384284,-0.021830488547222332
2025-09-30,0.0,0.001991541725688865,-0.035809426173406135,-0.021830488547222332,-0.08790744080289589,0.03780096789909496,-0.10811238787668799,0.017382578846286616
2025-10-01,0.0,0.025789206469443004,-0.004571471334305182,0.017382578846286616,0.007630213728828171,0.030360677803748144,-0.0013773853643753815,0.060948763668419746
2025-10-02,0.0,0.06694197136727266,-0.0021305976454978046,0.060948763668419746,0.20699749484696522,0.06907256901277056,0.25105820568529064,0.08710627453343962
2025-10-03,0.0,0.08747193058318001,-0.004650373099422647,0.08710627453343962,0.4693773572440061,0.09212230368260275,0.6529227784689089,-0.03364728480381978
2025-10-04,8.206932046719356e-06,7.509091697856879e-05,-0.04437914288714948,-0.03364728480381978,-0.47930830980338096,0.04445423380412801,-0.02970256102624923,0.012935840243247466
2025-10-05,-2.0158559804921897e-06,0.03106841134808829,-0.004371637447307945,0.012935840243247466,-0.04441833196288109,0.03544004879539645,-0.09529541718465392,0.048608000271008714
2025-10-06,0.0,0.060171366097749514,-0.0012970281892933067,0.048608000271008714,0.44812489768248015,0.06146839428704288,0.32625914251884736,0.06840890403755773
2025-10-07,-7.981186746788894e-07,0.0883214528066342,-0.011755473177972759,0.06840890403755773,0.6803854124596684,0.10007692598460692,0.8887134335404141,-0.0027628963463382965
2025-10-08,1.0155282183987426e-05,0.017114904887701538,-0.03092955046812764,-0.0027628963463382965,-0.3436504062181861,0.048044455355829095,0.2672394396931255,-0.03958287536180981
2025-10-09,-1.4948166299415173e-06,0.008731107907885378,-0.06197422942352307,-0.03958287536180981,0.031764558080883055,0.07070533733140841,0.24069200690731896,-0.1262829681579016
2025-10-10,-2.429958039048051e-06,0.016165848475740402,-0.2660992972798103,-0.1262829681579016,0.2342722250476222,0.28226514575555056,0.34667396983453874,0.02700650705316041
2025-10-11,0.0,0.06439798520077467,-0.023936023906319593,0.02700650705316041,-0.24296908868379924,0.08833400910709438,-0.06517046956612906,0.13619080331580005
2025-10-12,0.0,0.14889045254489966,-0.024030694875564453,0.13619080331580005,0.23045237417673572,0.17292114742046416,0.1102029072114677,-0.00742826951856164
2025-10-13,2.30439352307672e-05,0.0504498910943937,-0.03594370617982942,-0.00742826951856164,0.14733604353561158,0.08639359727422304,0.2788249502882918,-0.06584235553790686
2025-10-14,0.0,0.017575080042104365,-0.11952755079308214,-0.06584235553790686,-0.15663826181954146,0.1371026308351865,0.038497370799922395,-0.040750888970520996
2025-10-15,0.0,0.008760786980168146,-0.05013219850892239,-0.040750888970520996,-0.5460743539958262,0.05889298548909037,-0.5465888396219719,-0.014612631870375365
2025-10-16,1.6798290018572275e-06,0.026381844719372386,-0.03265859468278611,-0.014612631870375365,-0.04339195699476744,0.05904043940215844,-0.4972925875039345,-0.06663361959083897
2025-10-17,-6.392110601442637e-06,0.007880992451363634,-0.11232735451340933,-0.06663361959083897,0.17186173676142522,0.12020834696477313,-0.2697448345220624,0.01957413346928035
2025-10-18,2.3913824142240877e-06,0.05201122085831796,-0.0004564032214248333,0.01957413346928035,-0.5690961308219862,0.052467624079742724,-0.7540211896732618,0.015006041435167556
2025-10-19,0.0,0.035227033610355334,-0.02205445431602028,0.015006041435167556,-0.02074199631961114,0.057281487926375566,-0.5502430335121157,-0.007796887231636112
2025-10-20,1.8700826109842204e-06,0.029361097373872894,-0.017887766151402036,-0.007796887231636112,0.13154032439582933,0.04724886352527499,-0.19485024466490566,-0.04042354755659079
2025-10-21,9.378824704881565e-05,0.01196343345507255,-0.04339312940909213,-0.04042354755659079,0.04402150236512199,0.055356562864164585,-0.08435694880900507,0.013719514083581465
2025-10-22,0.0,0.023818179390040328,-0.003192256849422149,0.013719514083581465,-0.19324332983699394,0.02701043623946262,-0.2258583471306516,0.050496720407328784
2025-10-23,2.7327914132087818e-06,0.07105968023385456,-0.00010123241074156577,0.050496720407328784,0.44556051053588497,0.07116091264459615,0.36285333946631926,-0.016474765989720207
2025-10-24,-3.247780832097708e-07,0.012397769735202057,-0.025729616928631464,-0.016474765989720207,-0.4947400104525978,0.03812738666383354,-0.22368934212553998,0.006822043416165953
2025-10-25,1.1005760304143234e-06,0.009799021719766965,-0.006016868113864142,0.006822043416165953,-0.43674271069258086,0.015815889833631087,-0.6493130038381647,0.018494465886850067
2025-10-26,6.55856189001122e-07,0.022327497792531244,-0.0010819830336736762,0.018494465886850067,0.20825813352298456,0.02340948082620488,-0.3437669284257232,0.0018961288247117168
2025-10-27,6.438379610712047e-07,0.03661778233578952,-0.0029014769734410414,0.0018961288247117168,0.4939792508682662,0.039519259309230476,0.23936760005643795,-0.032640418037213244
2025-10-28,4.284114322012462e-06,0.007702141198937643,-0.04565429880895405,-0.032640418037213244,-0.07453438790690171,0.05335644000789167,0.11659076374402942,0.003636198143881091
2025-10-29,3.9836316999369414e-06,0.015815253595416023,-0.012199985177637252,0.003636198143881091,-0.002115367951482879,0.02801523877305332,0.19761052115734878,-0.026126666163887466
2025-10-30,-1.2128059296105954e-06,0.014822866840599138,-0.05288884254723945,-0.026126666163887466,-0.003711248224832155,0.06771170938783852,0.15281806225445818,0.009544409163189053
2025-10-31,1.018561644989669e-06,0.023489640915457164,-0.004793051833527856,0.009544409163189053,0.05744903429940531,0.028282692748984994,0.10779681469824243,0.005208745458977099
2025-11-01,-1.0201018924963333e-05,0.007486209528172232,-0.005976308259959057,0.005208745458977099,-0.7215088994235859,0.013462517788131385,-0.6940790015108323,-0.009437849158777038
2025-11-02,-7.806134428079766e-07,2.0072889122029993e-06,-0.019360750700487876,-0.009437849158777038,-0.042160629364267205,0.01936275798939995,-0.6192346369100338,-0.08848242427894454
2025-11-03,-2.1614368152024908e-05,0.002058652163045194,-0.10549140981672626,-0.08848242427894454,0.8611101827037329,0.1075500619797714,0.36041128223501107,-0.056626543786065395
2025-11-04,1.660329231022464e-05,0.007691187835402499,-0.11311079333111496,-0.056626543786065395,0.18317112828985826,0.12080198116651757,0.5041334462061919,0.023246157336005224
2025-11-05,-1.164882742037303e-05,0.030359603677758366,-0.0369514070177707,0.023246157336005224,-0.4228029771215837,0.0673110106955292,-0.009404063085226944,-0.011283332702702691
2025-11-06,2.4796765865377886e-06,0.004552549884929679,-0.03444852870595899,-0.011283332702702691,-0.31034419544020614,0.03900107859088886,-0.2890071847817701,0.04266377450181897
2025-11-07,2.8164319127467182e-05,0.04655349355666699,-0.023526887262344073,0.04266377450181897,0.256145266240121,0.07008038081901102,-0.06758081152663022,-0.00033285039212297817
2025-11-08,2.982232548829786e-05,0.015339006316613222,-0.009576362248991391,-0.00033285039212297817,-0.21561686546544773,0.024915368565604577,-0.36101809264933465,0.006399366046516833
2025-11-09,8.44434383830692e-06,0.01574630750897251,-0.012784245242944175,0.006399366046516833,-0.09784297481302452,0.02853055275191668,-0.36167930670524545,-0.004687116847793408
2025-11-10,9.064163128447221e-06,0.020954366634124078,-0.0197324042273279,-0.004687116847793408,0.07362135412035133,0.04068677086145204,-0.10440400558362681,-0.03451699670063661
2025-11-11,6.153233861143455e-07,0.014067914297923471,-0.0360098724510428,-0.03451699670063661,-0.05313628481099355,0.050077786748966124,-0.09397300755138693,-0.005499217897670295
2025-11-12,-3.515934764489865e-05,0.019318283195480537,-0.01832898582331605,-0.005499217897670295,-0.11414757836886232,0.037647269018796406,-0.2012669143083866,-0.02654393908783309
2025-11-13,9.798772598125899e-06,0.01751188864558218,-0.04880040495007096,-0.02654393908783309,0.23207690091682578,0.06631229359565295,0.11655992696390577,-0.013819977441527633
2025-11-14,-7.431736784790496e-06,0.004942676055408258,-0.042531306269734,-0.013819977441527633,0.2192865037754621,0.04747398232514239,0.3269511776685672,0.018287423882051717
2025-11-15,-0.00012610465375894564,0.030950733776208286,-0.00012610465375894564,0.018287423882051717,-0.6544471431373814,0.031076838429967134,-0.4076030759032651,-0.005317719126081264
2025-11-16,-1.7940086528115545e-05,0.017345039339492163,-0.023112458885793014,-0.005317719126081264,0.24026710252898784,0.04045749822528513,-0.10584212158620011,-0.02266006880462733
2025-11-17,0.0,0.010441608326829565,-0.0376405473976508,-0.02266006880462733,0.40860086715313715,0.04808215572448032,0.3172570226065739,0.028278596545150265
2025-11-18,-1.3062468021370922e-05,0.033521543696647345,-0.02002043594707446,0.028278596545150265,-0.03634081116166561,0.05354197964372175,0.18670374756947938,-0.04033436567083507
2025-11-19,2.487267481361405e-06,0.007269918220783389,-0.06597977181228604,-0.04033436567083507,-0.10736980632957087,0.0732496900330694,0.04090407695284115,-0.03323395901950818
2025-11-20,4.947460154873465e-05,0.01884537340936015,-0.03323395901950818,-0.03323395901950818,-0.06855943721310295,0.052079332428868357,0.006466605157054109,-0.042761352498380666
2025-11-21,-1.0638221050011194e-05,0.009097729914208083,-0.08742401281997547,-0.042761352498380666,0.4513633991241373,0.09652174273418353,0.3890385627641405,0.003934452863180063
2025-11-22,9.558811932008723e-07,0.013656534070434687,-0.018075680891911673,0.003934452863180063,-0.86201549648396,0.03173221496234628,-0.6046142395649988,0.011778569177624886
2025-11-23,-4.174724525861445e-06,0.02494877192376253,-7.63196469334056e-05,0.011778569177624886,-0.1383927069253923,0.025025091570696087,-0.6438071018500809,0.024826503384715363
2025-11-24,-1.3752783083533015e-06,0.03728888043978527,-0.013343407071107705,0.024826503384715363,0.34817116312205537,0.05063228751089281,-0.17701834425985674,-0.002679493366539018
2025-11-25,4.6106042847665956e-05,0.0028745577611081043,-0.029874839069924608,-0.002679493366539018,-0.2136444090975806,0.032749396831032576,-0.337461281648455,0.03380899844556337
2025-11-26,-5.380630015126756e-06,0.03926134468868055,-0.011218406828631563,0.03380899844556337,0.01612478546086534,0.05047975151731204,-0.24520597190658305,0.0042594250805282185
2025-11-27,2.3818224241633096e-05,0.012075400575057366,-0.007343422499828819,0.0042594250805282185,-0.1360907772987291,0.01941882307488624,-0.14610939717146407,-0.008875109395981195
2025-11-28,5.111467649342982e-06,0.00979960537714027,-0.020584573751935713,-0.008875109395981195,0.12097532904128191,0.03038417912907585,-0.0020894313293406503,-0.015848419611475855
2025-11-29,-2.7504257490320105e-07,0.0013579939236365696,-0.020269498576326206,-0.015848419611475855,-0.3922853643612029,0.021627492499962684,-0.41935766671192487,0.004438967886404344
2025-11-30,-1.6067597360206099e-06,0.02919668700577499,-0.002998861102687863,0.004438967886404344,0.06794448445795359,0.032195548108462826,-0.23568201750471057,-0.05886967757969035
2025-12-01,-1.73180122946264e-05,0.00014590451681035878,-0.08823922654066264,-0.05886967757969035,0.6482831115021919,0.08838513105747295,0.47481136749463576,0.05825174672667768
2025-12-02,4.6473058185698e-06,0.06623001775148807,-0.007405150118019017,0.05825174672667768,-0.20437761206299532,0.07363516786950715,0.1884564280315493,0.04973155454713965
2025-12-03,-7.028881150737402e-06,0.05013962878206089,-0.002994596620729132,0.04973155454713965,0.1958125837220197,0.05313422540279005,0.3339305435811796,-0.023809870053707667
2025-12-04,-2.344085845039285e-05,0.006166152082630486,-0.035486558094933084,-0.023809870053707667,-0.29433706963958983,0.04165271017756359,-0.03323303644428911,-0.017764478788069502
2025-12-05,-2.6446660289849188e-06,0.007511447751422517,-0.030067269533693323,-0.017764478788069502,-0.04154952010437126,0.03757871728511576,-0.13822425268506067,0.007129956730417688
2025-12-06,-6.005390148355121e-06,0.013968362794379645,-0.0059372307764074626,0.007129956730417688,-0.3279306798010934,0.019905593570787108,-0.5107820741007901,0.003897009930556055
2025-12-07,-2.062980604731426e-05,0.01622777298424161,-0.02001887759937544,0.003897009930556055,0.22708057164544268,0.036246650583617084,-0.16145157719754016,0.003998369297977904
2025-12-08,5.666417651411903e-06,0.01940328553739111,-0.0025123594109218903,0.003998369297977904,0.0684420835257081,0.02191564494831295,-0.04553875963082211,0.0013430753887905922
2025-12-09,-1.495964126812398e-05,0.03170342771406306,-0.017075405863072695,0.0013430753887905922,0.21237211192817582,0.04877883357713574,0.25576196855774774,-0.004638848974587916
2025-12-10,-3.3206876705860246e-05,0.016962352062845836,-0.015543806575336494,-0.004638848974587916,0.03032865628322064,0.03250615863818239,0.25324881589608844,-0.009528291491122979
2025-12-11,9.346416360698499e-06,9.346416360698499e-06,-0.03804421544523214,-0.009528291491122979,0.03829345232461371,0.0380535618615927,0.24383617249774406,-0.004863050277891801
2025-12-12,-6.198795580737217e-07,0.010442462146821443,-0.014273059281178316,-0.004863050277891801,-0.33425624866579495,0.024715521427999904,-0.19642489197475343,0.017492690571547773
2025-12-13,-5.8829731978634174e-06,0.0245199426347606,-0.001233274035153423,0.017492690571547773,-0.20490784129364506,0.025753216669913998,-0.40380541330074077,-0.022108018224260256
2025-12-14,6.937106357437673e-06,0.0019904703729762513,-0.026305945997068148,-0.022108018224260256,0.10817171417187967,0.028296416370044455,-0.25549924745218566,-0.022187402181295793
2025-12-15,-2.009478131297497e-05,0.018508727082877496,-0.039549183443413925,-0.022187402181295793,0.3034347716266447,0.058057910526291424,0.11798488163379169,0.01886928757021284
2025-12-16,9.241875120050462e-07,0.021966615561834373,-0.008395203225260809,0.01886928757021284,0.0684979786656405,0.03036181878709517,0.20771912545365312,-0.037224379500946134
2025-12-17,7.3947990425278655e-06,0.00024204662466271307,-0.04685442001271977,-0.037224379500946134,0.2210443931435427,0.047096466637382435,0.44385362702225195,-0.016300771210469356
2025-12-18,1.3033488752311602e-06,0.009408578515927468,-0.0275995110290035,-0.016300771210469356,0.07376442414353275,0.03700808954493116,0.40255138794726947,0.031620778584375675
2025-12-19,3.311918102972269e-06,0.0376130111712278,-0.007418410768211078,0.031620778584375675,0.5301373647223416,0.04503142193943885,0.7831433523785548,-0.0027576221650954576
2025-12-20,-3.565374438455374e-07,0.003263475077459314,-0.005920251718081121,-0.0027576221650954576,-1.373698306129334,0.00918372679554035,-0.8570896535025838,0.00502846679618242
2025-12-21,1.2656196322013627e-05,0.006239913672540637,-0.008809777957701357,0.00502846679618242,0.08851773577607938,0.01504969163024194,-0.7148264642228862,-3.706761314483759e-05
2025-12-22,-2.9881251905189783e-06,0.01298234429416011,-0.006140692282354773,-3.706761314483759e-05,0.2659283838845576,0.019123036576514887,-0.39000637880604727,-0.0165562782191064
2025-12-23,2.9170788670442012e-06,0.003397745638521256,-0.021527254532745007,-0.0165562782191064,-0.14392072158328983,0.024925000171266167,-0.46165413673834205,0.0029445873054605807
2025-12-24,-2.459431318753364e-06,0.006563532077832038,-0.010126144795288948,0.0029445873054605807,-0.09969856339131639,0.016689676873120902,-0.4433114355441504,-0.02009420716882989
2025-12-25,-1.9545643134300942e-05,0.0009679328247540591,-0.022225506326138483,-0.02009420716882989,-0.08175976104609071,0.023193439150892538,-0.13125976318373175,0.0056830882041246054
2025-12-26,2.354792805558845e-06,0.019453329336926135,-0.007322786020941353,0.0056830882041246054,0.20128683729825003,0.026776115357867607,0.06501473438426854,0.012394173766705449
2025-12-27,-2.1951105744282296e-07,0.012441364346376046,-6.80486518590183e-06,0.012394173766705449,-0.14539886697577017,0.01244816921156217,-0.10821708794802046,0.01676032180359832
2025-12-28,3.613446240497649e-06,0.023854396872207962,-0.0058930934945573875,0.01676032180359832,0.21480777326928946,0.029747490366765213,0.1637059701803338,-0.008937091365399955
2025-12-29,7.4621013199256235e-06,0.012907339074044186,-0.014287732412632028,-0.008937091365399955,0.2022956990171678,0.02719507148667615,0.346089935456344,0.010943526957376883
2025-12-30,3.7286990001708984e-06,0.012645777458730342,-0.003220759730985165,0.010943526957376883,-0.10604336940382363,0.01586653718971566,0.15246293126192087,0.003136859415009956
2025-12-31,2.1277611335674093e-06,0.015317729069181572,-0.0042772148542989065,0.003136859415009956,0.21787479196025333,0.019594943923480428,0.3012329272960292,-0.00023490399026188487
2026-01-01,9.191426336989073e-07,0.010373964656474574,-0.008901168433146442,-0.00023490399026188487,-0.4477343437878519,0.019275133089621022,-0.22910048750349585,0.02040275255333751
2026-01-02,6.364790993769171e-07,0.030934174843260366,-0.004853883425463613,0.02040275255333751,0.3374167285572865,0.03578805826872389,0.09598806164320993,-0.0025060910082932556
2026-01-03,1.3303910442208775e-05,0.0029518292016904404,-0.012925483922586174,-0.0025060910082932556,-0.3147095230481081,0.01587731312427652,-0.25851086588274136,0.017760191858833013
2026-01-04,4.515249264573123e-06,0.02628980770865231,-0.0002376003377599067,0.017760191858833013,0.11875021996559651,0.026527408046412203,-0.0812822195855233,0.018175747474029544
2026-01-05,1.3170754360545304e-05,0.023599562985646284,-0.0029202019696996932,0.018175747474029544,0.15872587040572894,0.026519764955345904,0.09463291262286114,0.00734990787869405
2026-01-06,-6.63436268160736e-06,0.011744049138319688,-0.019810403577847586,0.00734990787869405,0.08923958315385312,0.03155445271616708,0.2194526867315784,-0.019916715091751743
2026-01-07,3.3261396700873037e-07,0.0014052377540426444,-0.02731945303299692,-0.019916715091751743,-0.028565110200596235,0.02872469078703963,0.1136108522315658,-0.008553781752753512
2026-01-08,6.989658799820915e-06,0.004248628920281307,-0.026730934272192093,-0.008553781752753512,-0.07945753918385043,0.030979563192473344,0.02897554720468255,0.004157870136735468
2026-01-09,-1.2388433515295145e-05,0.008469291235779856,-0.006607872486084991,0.004157870136735468,-0.21802130552693044,0.01507716372186461,-0.2349061709941728,0.011815587581791989
2026-01-10,8.247322338156435e-06,0.020376786359780977,8.247322338156435e-06,0.011815587581791989,0.1030181386674203,0.02036853903744293,-0.11896360428893922,-0.0037169179573354983
2026-01-11,-4.782525916698044e-06,0.010417037624909628,-0.00811474627280296,-0.0037169179573354983,-0.08942467851861313,0.018531783897712654,-0.1826410667402147,0.0029498048598265002
2026-01-12,-1.0817636885337965e-06,0.0070018864978202925,-0.00877293082894525,0.0029498048598265002,0.1676833612695197,0.01577481732676561,0.04809802384480679,0.040097222228629895
2026-01-13,-3.4379695082842116e-06,0.04703644395384226,-0.004077299345772395,0.040097222228629895,0.4687203247942992,0.0511137432996148,0.5430174440964731,0.007029964224974596
2026-01-14,1.3599911899138423e-06,0.00996009889592493,-0.01486113325920899,0.007029964224974596,-0.13357076209310503,0.024821232155133825,0.29544835637374156,-0.019394920166526226
2026-01-15,-2.115750796913458e-05,-2.115750796913458e-05,-0.026013696152725214,-0.019394920166526226,-0.21203828504452046,0.025992538644756105,-0.01950645166353214,0.007122131404730442
2026-01-16,2.4259861937606355e-06,0.008228837918383202,-0.006819972419152572,0.007122131404730442,-0.22423368180412712,0.015048810337535707,-0.27888848874257016,0.010095399712858912
2026-01-17,3.3201941533514313e-06,0.018312250036887856,-0.002269684239346226,0.010095399712858912,-0.017986185479985956,0.02058193427623419,-0.30657193391850185,-0.015379011120816065
2026-01-18,-1.4823057961567634e-06,0.005949958104985091,-0.015480393411825269,-0.015379011120816065,0.029875482782810114,0.021430351516810185,-0.2579021531765867,-0.010885113518282172
2026-01-19,-7.264625400895006e-06,-6.675599753570593e-06,-0.02383461277425737,-0.010885113518282172,0.4915372382907819,0.023827937174503745,0.35631295007931246,-0.041861132657964394
2026-01-20,9.79209464362485e-06,0.010038527650762121,-0.042366416619386615,-0.041861132657964394,-0.036886926792007765,0.052404944270148766,0.3010457424992632,-0.002396048055733115
2026-01-21,-1.4626321293465422e-05,0.008849122610137082,-0.023172168444262814,-0.002396048055733115,0.24785876455276784,0.032021291054400054,0.4923782728657138,0.004988974541097021
2026-01-22,2.2821811136060274e-06,0.015662359680302565,-0.004664789087876801,0.004988974541097021,-0.7160350377103791,0.020327148768179502,-0.3781451592325898,0.004268425944605436
2026-01-23,-7.569423918096594e-07,0.016955789043930157,-0.004175257682023232,0.004268425944605436,0.08848168262378793,0.021131046725953444,-0.2918831096635824,-0.005162567757863644
2026-01-24,1.6855734101942114e-05,0.0022996882208650626,-0.005877464785199179,-0.005162567757863644,-0.4600815449140397,0.0081771530060643,-0.7626937944293575,-0.02450611273951516
2026-01-25,5.3721945951483536e-06,5.3721945951483536e-06,-0.03474905011481369,-0.02450611273951516,0.47064455443375675,0.034754422309408936,-0.15179602481939183,0.01608063600353098
2026-01-26,7.764145858614325e-07,0.017539354086219507,7.764145858614325e-07,0.01608063600353098,0.020393153884736715,0.017538577671633634,-0.05158067250049004,0.02130334294377294
2026-01-27,-6.320627586978285e-06,0.023722332790488108,-0.003843638859129452,0.02130334294377294,-0.013123622412980158,0.027565971649617615,0.10369301769976265,0.004094858548549981
2026-01-28,-4.487561601129224e-06,0.010748190770936724,-0.00468118896211189,0.004094858548549981,-0.07545666329475494,0.015429379733048585,0.006107483335006523,-0.03874022296107843
2026-01-29,4.6383940195306103e-05,0.0034225645970810984,-0.05491262849644972,-0.03874022296107843,0.7210543883355494,0.05833519309353077,0.739169704379292,-0.011412397808183447
2026-01-30,-5.490445674298121e-06,0.0009452445916294076,-0.040642483524575064,-0.011412397808183447,-0.2584870033453022,0.041587728116204606,0.23174703750018072,-0.09382481757555376
2026-01-31,-7.048632538620798e-06,0.0018713264738382054,-0.11295935236496164,-0.09382481757555376,0.059256379819580714,0.11483067883879966,0.21202628192954256,-0.02862832475839577
2026-02-01,-2.62760892841799e-05,0.009780240255070717,-0.04927321100742198,-0.02862832475839577,-0.2506567972202279,0.059053451262492715,-0.12198548004152607,0.021033393076244883
2026-02-02,-3.3235800077850145e-05,0.027134340407685434,-0.038149878880054354,0.021033393076244883,0.21269232767148374,0.06528421928773982,0.05972438923654455,-0.027487246960191388
2026-02-03,-1.7414469052401855e-05,0.009707973235900214,-0.049988892838856616,-0.027487246960191388,-0.1577057174249413,0.05969686607475674,-0.1762763553083704,-0.07681175156053924
2026-02-04,-1.4416999229780924e-05,0.013607981171894766,-0.0920014422704699,-0.07681175156053924,0.19959480601947385,0.10560942344236464,0.10800038638427928,-0.1402456532465689
2026-02-05,-5.5276399064593075e-05,0.0027068135543379104,-0.14546220337402677,-0.1402456532465689,0.4055805451614059,0.14816901692836448,0.5000312989169747,0.080550006966097
2026-02-06,7.848948396844277e-06,0.0971092699854084,-0.05042012986908766,0.080550006966097,-0.1529970432154014,0.14752939985449595,0.24194968195059027,-0.015437838444314067
2026-02-07,-2.5995294851465515e-06,0.006942666625001284,-0.03950967365702838,-0.015437838444314067,-0.630219711700494,0.04645234028202963,-0.48479570007067824,-0.011023095338993897
2026-02-08,-1.602839326171798e-06,0.0047158209703773634,-0.02143814226148644,-0.011023095338993897,-0.3207675486127469,0.02615396323186372,-0.7551739108001886,-0.006737475648747813
2026-02-09,-6.720966037002422e-05,0.006730357184670461,-0.03747639868641604,-0.006737475648747813,0.1465271563041601,0.04420675587108656,-0.5459347011456849,-0.026100775808082722
2026-02-10,2.9751926041851887e-06,0.007841641124484317,-0.03399608070133051,-0.026100775808082722,-0.14653533151306153,0.041837721825814654,-0.6032760140751162,-0.020189156973074163
2026-02-11,5.910722671968114e-07,0.005816248204376916,-0.052617447082181606,-0.020189156973074163,0.275002736007246,0.05843369528655835,-0.07907157266315283,0.010686995017111567
2026-02-12,3.819796861101837e-06,0.019454972577039674,-0.008866254124905118,0.010686995017111567,-0.2915449631816129,0.028321226701944882,-0.17398258821579796,0.008716712344252926
2026-02-13,-3.4808475067757966e-06,0.013267191141777516,-0.0350039225432498,0.008716712344252926,0.1556847269328616,0.04827111368502721,0.051506759868231215,0.022774892783722044
2026-02-14,3.7463932338408997e-06,0.02783208255960294,-0.004680726854230164,0.022774892783722044,-0.27149362320511977,0.03251280941383314,-0.246970372063829,-0.029982159178813368
2026-02-15,-2.361080413162944e-05,0.011334204358427753,-0.038834731471153135,-0.029982159178813368,0.10069127454581163,0.05016893582958097,-0.094719025316705,0.0192281057427923
2026-02-16,3.0187537097506353e-05,0.024159266245366986,-0.015195559768036302,0.0192281057427923,-0.12716984229161013,0.039354826013403246,-0.21601979205265695,-0.014481997025577401
2026-02-17,2.1040651123175368e-05,0.006177804599067093,-0.025461152957131097,-0.014481997025577401,-0.08356960768648274,0.03163895755619826,-0.20799267590097506,-0.0213385393287226
2026-02-18,3.162632547609436e-06,0.01148102509951682,-0.025068130169094077,-0.0213385393287226,0.10009654472059414,0.036549155268610724,-0.06586258361774076,0.004351055676297465
2026-02-19,-4.139533580626906e-06,0.015145339506479895,-0.011680327508761868,0.004351055676297465,0.04203451725687599,0.026825667015241795,0.038967979173491485,0.030020605232958422
2026-02-20,2.5231627091971808e-05,0.03531654476149348,-0.008756922834002175,0.030020605232958422,0.15224141313132744,0.044073467595495616,0.18466518432085618,0.00037482471677772577
2026-02-21,6.82866470543736e-06,0.012593438171125595,-0.0024975384355526617,0.00037482471677772577,-0.3676187491301584,0.015090976606678231,-0.20207035537831414,-0.01853048273779703
2026-02-22,-9.361592079267313e-06,0.0010156995693191716,-0.025250314099200487,-0.01853048273779703,-0.083538111497985,0.026266013668519682,-0.2574729917312032,-0.0306427298736581
2026-02-23,-6.953802068311812e-07,0.000734151028261161,-0.047302368608166,-0.0306427298736581,0.6617631015860949,0.04803651963642723,0.4308829975579217,-0.019925337114488205
2026-02-24,1.7105857860468642e-05,0.010617174676503291,-0.02985149807473068,-0.019925337114488205,-0.17188877170329367,0.040468672751233975,0.16145494666607557,0.07415773925147687
2026-02-25,-7.5234960348976625e-06,0.0859113532164092,-0.0032664387919552223,0.07415773925147687,0.4150069926317679,0.08917779200836433,0.5364160949143885,-0.005035005818290849
2026-02-26,7.27677510018062e-06,0.006381819849675658,-0.02221079082678732,-0.005035005818290849,0.027293049549299033,0.028592610676462897,0.44616417141146114,-0.01926639270633914
2026-02-27,3.0229222833576355e-06,0.011554388713293296,-0.02993479532520915,-0.01926639270633914,-0.43931678043684746,0.04148918403850245,-0.15758899714221294,0.005322970720491376
2026-02-28,5.368164636440585e-06,0.00995773544822496,-0.040589951253513494,0.005322970720491376,0.020647013094768556,0.05054768670173832,-0.20130325818368988,0.0013935750284987838
2026-03-01,-3.16425999973612e-06,0.023022447958375,-0.00906721839793352,0.0013935750284987838,0.0529703901918023,0.032089666356308576,-0.12185066294084686,0.03048379574052464
2026-03-02,-2.0242983942918797e-05,0.05199317801768603,-0.0074145531646330354,0.03048379574052464,0.014997614284861361,0.05940773118231884,-0.11982472806322673,-0.005363413837373912
2026-03-03,1.0056907249220298e-05,0.00656751379434052,-0.024461030063592612,-0.005363413837373912,-0.0775351016867811,0.031028543857933123,-0.12721367945590034,0.037144180163390196
2026-03-04,-4.3333132556319315e-06,0.0481600729851746,-0.010586149657954616,0.037144180163390196,0.16593213165858234,0.058746222643129106,0.13758789647854733,-0.015613286683782052
2026-03-05,0.0,0.010324916878250061,-0.016745237732066258,-0.015613286683782052,-0.24065752184536823,0.027070154610316272,-0.1396251930412583,-0.03193059452570487
2026-03-06,-4.712234667022887e-06,0.0055452091646490285,-0.03395984845511218,-0.03193059452570487,-0.18814924624089316,0.03950505761976112,-0.31235899727495975,-0.011556167740804169
2026-03-07,1.5860151219544384e-05,0.004269934651656492,-0.013217032829305319,-0.011556167740804169,-0.24726669860899853,0.017486967480961624,-0.5016957126885053,-0.013030573374993833
2026-03-08,2.952997872093496e-07,0.005999782074249255,-0.017344464772381506,-0.013030573374993833,0.17537231448190393,0.023344246846630654,-0.22444962082072706,0.036042055401955916
2026-03-09,-1.196692461733503e-06,0.047957238095856995,-0.00044167677898175795,0.036042055401955916,0.23201659462275703,0.04839891487483873,0.0732109248804731,0.011562277473145128
2026-03-10,9.330778752085769e-06,0.026492930726767602,6.156399875839809e-06,0.011562277473145128,-0.028643550182608706,0.02648677432689152,0.11320082015640104,0.014843996383343418
2026-03-11,3.137906572298131e-06,0.020302835912952347,-0.008057440179189948,0.014843996383343418,0.022496926669196223,0.028360276092142225,0.14884289453982075,0.0010074725078936292
2026-03-12,-9.93088851108869e-06,0.0069515406838373305,-0.013909430688508615,0.0010074725078936292,-0.032918611586141115,0.020860971372345712,0.0833389588160998,0.005729220008056325
2026-03-13,-1.2915892922134159e-05,0.03852489647122127,-0.0010319251562078762,0.005729220008056325,0.3747455532584429,0.03955682162742919,0.39325520538878905,0.0029681469139380035
2026-03-14,-1.2842106027373401e-05,0.0030254847568744175,-0.008057898101578805,0.0029681469139380035,-0.5594985285582418,0.011083382858453172,-0.28702110374444095,0.02383766982103541
2026-03-15,-1.0298892892339666e-05,0.030678374324095068,-0.004772496096182589,0.02383766982103541,0.1884258340042707,0.03545087042027777,-0.06021672563802535,0.008356872915265646
2026-03-16,1.7213239880960716e-05,0.017220539195213956,-0.004182619179073939,0.008356872915265646,0.42431233127319745,0.021403158374287995,0.3653716031011603,-0.01568695056753468
2026-03-17,4.761658550340441e-06,0.009190604466702779,-0.02178427618227074,-0.01568695056753468,-0.24659177539013466,0.03097488064897367,0.028882851340559706,-0.025321395340454432
2026-03-18,-7.301090682583268e-06,0.011181349988821476,-0.035281501277960044,-0.025321395340454432,0.023745168026680707,0.046462851266781506,0.019047377519006897,-0.01981425856216739
2026-03-19,3.4633316717561757e-06,0.004903836722522399,-0.02801815944899264,-0.01981425856216739,-0.08515981514533402,0.03292199617151511,-0.02770553961824948,0.004552938336997498
2026-03-20,4.7738338907585754e-06,0.011807628276593386,-0.0034317841717275517,0.004552938336997498,-0.07654371281512956,0.015239412448321077,-0.15408669505118425,-0.01894169377749972
2026-03-21,5.512490019388885e-06,0.005297999899305577,-0.019325432354033716,-0.01894169377749972,-0.2785811843813333,0.024623432253339305,-0.43932871219002634,-0.0056216779262260085
2026-03-22,-0.0004078664215556978,0.010321102144382767,-0.01159678875158941,-0.0056216779262260085,0.26789566857841945,0.021917890895972278,-0.04215426624251608,0.018868832965628104
2026-03-23,-6.818491085532943e-06,0.03423038477695003,-0.00893733535791406,0.018868832965628104,0.3831678997647316,0.04316772013486406,0.37222456628426537,-0.0004448604281966292
2026-03-24,2.7528378844949296e-05,0.001274972743893348,-0.017599747663359998,-0.0004448604281966292,-0.3651556767452144,0.01887472040725332,-0.046614071345477306,0.01411885927965234
2026-03-25,-4.972694171258986e-06,0.021254967776950916,-3.0219061421227496e-05,0.01411885927965234,0.03300968355178202,0.021285186838372237,0.00017098605196106648,-0.028730499721481305
2026-03-26,2.545767837696534e-06,0.0008022560109384519,-0.03820501014102075,-0.028730499721481305,-0.08252781121523355,0.03900726615195922,-0.09023381356847321,-0.025280962335615657
2026-03-27,-4.851803364788183e-07,0.003550932298654398,-0.037234267530832435,-0.025280962335615657,0.06681839602494523,0.04078519982948674,-0.06116626144434232,-0.004233993190121895
2026-03-28,2.3984148171008502e-05,0.006914507974585735,-0.005059060978567468,-0.004233993190121895,-0.6486734772348015,0.011973568953153182,-0.7163460545664836,-0.008262325211744203
2026-03-29,-1.7989709886174212e-06,0.006167994190043674,-0.01980132604251507,-0.008262325211744203,0.4261385308945433,0.025969320232558754,-0.10752486132581911,0.0047393415521926165
2026-03-30,1.5115674208768685e-05,0.023745303672797112,-0.0007872377370941886,0.0047393415521926165,0.23263674041415439,0.02453254140989118,0.16689028389694902,0.013863876812729723
2026-03-31,1.1634205728368725e-05,0.016198796817028075,-0.01457207546284487,0.013863876812729723,0.0565940227907644,0.03077087227987284,0.2248141337670972,-0.010469027958364687
2026-04-01,-6.924022356712512e-07,0.006309399371799244,-0.010991432135201205,-0.010469027958364687,-0.046400922267403194,0.017300831507000635,0.14759453822890364,-0.04605784707271775
2026-04-02,-1.2994229912438784e-06,0.003843690967771334,-0.06764415302504706,-0.04605784707271775,0.2767620811997434,0.07148784399281838,0.41971031737269526,0.008475186539462552
2026-04-03,3.4540034804923944e-06,0.010149992666804568,-0.0012783816087261252,0.008475186539462552,-0.5898771680417365,0.011428374275530792,-0.3408490198866782,0.008775621212480577
2026-04-04,-2.9059458453668468e-06,0.012839014334757735,-0.0011871588455771723,0.008775621212480577,-0.5368639778271648,0.014026173180334757,-0.8673024010009285,0.013813006648394568
2026-04-05,0.0,0.01624714347343165,-0.009588265785959272,0.013813006648394568,0.1745262207675748,0.025835409259390835,-0.5756184719991104,-0.0019133393090009112
2026-04-06,2.638101573505629e-06,0.011627767615707472,-0.006122569569967889,-0.0019133393090009112,0.5839844237005398,0.017750337185675365,0.1350889268395629,0.03359556277675521
2026-04-07,-1.1589296085597064e-05,0.038131107588907996,-0.012139399129028505,0.03359556277675521,0.22594915739725407,0.05027050671793657,0.3832092517399068,-0.032286430555703495
2026-04-08,-6.655220410915733e-05,0.00039361928423004364,-0.03367862236677232,-0.032286430555703495,0.03862598106105087,0.03407224165100247,0.46773330061231083,0.0027496259402506576
2026-04-09,-8.122155595865895e-07,0.014712141164413505,-0.006340718854992057,0.0027496259402506576,-0.10094358783283451,0.021052860019405525,0.25084120593166365,0.00523487570898224
2026-04-10,-1.5187230455055938e-06,0.01205405144053075,-0.007986671497915198,0.00523487570898224,-0.031559308664954995,0.020040722938445804,0.07534386645102419,0.002307438031287697
2026-04-11,-8.057591636294946e-06,0.012976640718394725,-0.0036318846271125283,0.002307438031287697,-0.06119343131723483,0.016608525345507105,-0.09045066076319863,-0.025305283215906423
2026-04-12,-1.7082864705685428e-06,3.105011020771744e-05,-0.029714528564549106,-0.025305283215906423,0.0921308601638853,0.02974557867475683,-0.010743854271508223,0.037837488449675
2026-04-13,6.389864602992603e-06,0.04147965192013451,-0.0001950135696250811,0.037837488449675,0.06381816492742455,0.0416746654897597,0.06601126985532678,-0.0016500655814613288
2026-04-14,1.587772878543729e-06,0.01584766079739837,-0.0053423186376570335,-0.0016500655814613288,0.026059818855321704,0.021189979435055316,0.10032381764827147,0.0139536424622556
2026-04-15,1.123211031743652e-05,0.02056082626095449,-0.005048313391684667,0.0139536424622556,-0.19966538688688615,0.025609139652639043,-0.1180454877760386,0.02053407009222978
2026-04-16,5.097152211192716e-06,0.02246471560253407,-0.010571327966597743,0.02053407009222978,0.12116634672218875,0.03303604356913191,0.017809625308025816,0.012301256226738298
2026-04-17,4.801505521755924e-07,0.01575497102171014,-0.013347272295932414,0.012301256226738298,0.07186378705753099,0.029102243317642627,0.06985122145557435,-0.02061302079270413
2026-04-18,1.3469472389579403e-05,0.007823494631095256,-0.023401006921414103,-0.02061302079270413,-0.22971664870588063,0.031224501552509484,-0.1768505339225734,-0.022133489936690474
2026-04-19,-6.390908641999983e-06,0.00022723803785621558,-0.02362393739133754,-0.022133489936690474,-0.050224665891362805,0.023851175429193756,-0.1870649612070872,0.020438856804937868
2026-04-20,-1.2176921160664067e-05,0.024481029866158056,-0.00010840951422418653,0.020438856804937868,0.019706291153656533,0.02458943938038214,-0.11073721988459417,0.004023624807890191
2026-04-21,5.819750682093525e-07,0.01777484816889672,-0.006066054036751756,0.004023624807890191,0.06330493474028809,0.023840902205648398,-0.03490866118394028,0.009670819095171012
2026-04-22,9.660637733875259e-08,0.03145831473300546,-0.0006124787761452084,0.009670819095171012,0.11785679061934039,0.03207079350915067,0.10901558569978552,0.0012446476958016186
2026-04-23,0.0,0.0036417019047175975,-0.010287164501572205,0.0012446476958016186,-0.14587668365818332,0.01392886640628985,-0.018338395584078574,-0.003644031950268771
2026-04-24,4.395640518336706e-06,0.0023550133111239,-0.009831744198583318,-0.003644031950268771,-0.15898712221992795,0.012186757509707147,-0.17825886493001775,-0.012245682918902026
2026-04-25,-5.370776340016011e-06,0.0031959574920670157,-0.013846101384434255,-0.012245682918902026,-0.5831850883135694,0.017042058876501367,-0.7429333607048422,0.011787528715908798
2026-04-26,-3.3980900888773908e-06,0.013808312160227033,-0.0014474659344361253,0.011787528715908798,0.4292328724622432,0.015255778094663176,-0.2108081869298347,-0.01448428915999428
2026-04-27,2.7825581006295453e-06,0.005607041265071557,-0.025927524972069443,-0.01448428915999428,0.3405794039397642,0.03153456623714096,0.1978511487860831,-0.0042407970255660885
2026-04-28,-1.654956470511091e-06,0.0007265533364599206,-0.011667084767259537,-0.0042407970255660885,-0.2842159968967236,0.012393638103719599,-0.05529314774886465,-0.011245338798144882
2026-04-29,9.189775612144864e-06,0.007935513605727588,-0.02084663679441767,-0.011245338798144882,0.2607676177262067,0.028782150400145447,0.2624179767784259,-0.0036726233737942337
2026-04-30,1.977390321326868e-06,0.00445589930546389,-0.005532000047082199,-0.0036726233737942337,-0.22938798543600541,0.009987899352545845,-0.005371047424652998,0.000429687493046921
2026-05-01,-5.259383621100527e-06,0.011997989077639788,-0.0012930528668476157,0.000429687493046921,0.07692167647654613,0.013291041944487578,-0.005691202710418616,0.004049090290860645
2026-05-02,5.4554770335213205e-06,0.008165481543565088,-0.0018643409345227874,0.004049090290860645,-0.6562098147104494,0.010029822478087867,-0.691646281386224,-0.0005590109180367452
2026-05-03,-4.939498307950972e-07,0.006307855721101061,-0.00440514931748201,-0.0005590109180367452,0.15760259029182397,0.010713005038582907,-0.39476484132694567,0.00834860729255201
2026-05-04,0.0,0.031926177621690165,-0.0029002666936334305,0.00834860729255201,1.005433126451505,0.03482644431532359,0.677174077884584,0.01234152518900518
2026-05-05,2.940701489585517e-07,0.0186704968359881,-0.00013841861654462445,0.01234152518900518,-0.27150366203772996,0.018808915452532746,0.2946124401084277,0.026892021406725357
2026-05-06,2.9046317884655666e-07,0.049077957973313484,-0.0011914150173030372,0.026892021406725357,0.3562083306363774,0.05026937299061652,0.5812792475771997,-0.016428507597750323
2026-05-07,4.806843361439799e-06,0.00817808434841754,-0.020860768527980907,-0.016428507597750323,-0.3976082223800105,0.029038852876398326,0.03550559809390387,0.018642956530962762
2026-05-08,0.0,0.021936575104935165,-0.003010476561291864,0.018642956530962762,-0.14769792134079252,0.024947051666226915,-0.22433079932786473,0.0011211230299283004
2026-05-09,9.122184848072292e-06,0.010085084349509922,-0.004109578882049195,0.0011211230299283004,-0.11752325084539324,0.014194663231559117,-0.4068268029203066,0.021206943306925703
2026-05-10,-4.6969109219060577e-07,0.024990840218969187,-0.007237386395493927,0.021206943306925703,0.09907089780792729,0.032228226614463194,-0.19769886766214761,0.009463185788495917
2026-05-11,0.0,0.012919039108698847,-0.021140437275471043,0.009463185788495917,0.24487119451369094,0.03405947638416979,0.08576411263836332,-0.008141573619199538
2026-05-12,9.929941529570484e-06,0.0011226428754099681,-0.02912435020961399,-0.008141573619199538,-0.09373904422122376,0.03024699308502395,0.0774153606967299,0.010242700744437698
2026-05-13,1.5613733857753307e-06,0.030473962365870255,-0.00020373421555134935,0.010242700744437698,0.17714469972724695,0.030677696581421502,0.2578352993619123,0.009718947204406267
2026-05-14,-7.272772231223909e-07,0.020118201437166524,-0.008759851914863795,0.009718947204406267,-0.1684831180610514,0.02887805335203031,0.022668487222884393,-0.008634438274482122
2026-05-15,1.0263407656672758e-05,0.01635060525189367,-0.011486063361743369,-0.008634438274482122,0.027612498325390682,0.027836668613636976,0.004676539861628301,-0.02393389239535667
2026-05-16,-1.561962791540676e-05,0.00303492763625696,-0.03213057615778508,-0.02393389239535667,-0.21059043914314615,0.03516550379404203,-0.2396763200553946,-0.011374648409633719
2026-05-17,-3.906459637966033e-06,0.0012573657630369668,-0.019995933503533705,-0.011374648409633719,-0.5656357512601761,0.0212532992665706,-0.7557219387703836,-0.00888330882681538
2026-05-18,-1.853290076777052e-05,0.0003348501008043686,-0.021696649087925287,-0.00888330882681538,0.5931443633794787,0.0220314991887295,-0.053948959522460586,-0.005623693053564122
2026-05-19,1.708453866247085e-06,0.004699341937218601,-0.009976484798791128,-0.005623693053564122,-0.2422067625178983,0.014675826736009749,-0.22089570572550835,0.014545759933146019
2026-05-20,-2.433990767090709e-05,0.01750321159032317,-0.0029708823687136167,0.014545759933146019,0.012274887691538032,0.020474093959036856,-0.1270704261554245,0.01306216739945967
2026-05-21,2.4458461441400464e-06,0.015339141779106863,-0.004276006988905167,0.01306216739945967,0.08617637659183612,0.019615148768011965,0.0534925237774744,-0.012061375351373773
2026-05-22,-1.9684465447659876e-05,0.008380645887592781,-0.013298972446084958,-0.012061375351373773,0.0776226602448589,0.02167961833367793,0.15746879146992454,0.009563090094055914
2026-05-23,1.0619347106652018e-05,0.01835368885438493,-0.02151320449062276,0.009563090094055914,-0.025182258296348025,0.039866893345007676,0.040711689384897234,0.0005924813299063141
2026-05-24,2.047814990683721e-06,0.008030021859341811,-0.009493831427238753,0.0005924813299063141,-0.15841056538706688,0.017523853286580633,-0.09758042774544065,0.009413838519087251
2026-05-25,-1.004701631526759e-05,0.024294843361641925,-0.0010036185742575007,0.009413838519087251,0.16968016827462662,0.02529846193589954,0.07346979178302016,-0.01017909607005348
2026-05-26,4.792091427290461e-06,0.0072724174175538975,-0.013712467624149256,-0.01017909607005348,0.21210658306630584,0.02098488504170335,0.2560552742752641,-0.011408908804806958
2026-05-27,8.565041763525955e-06,0.0035521015096455365,-0.01445400175556066,-0.011408908804806958,-0.2196780036183339,0.018006103265206203,-0.024038664785990073,-0.01659189665874446
2026-05-28,3.484169792318571e-06,3.484169792318571e-06,-0.031321815385101294,-0.01659189665874446,0.06542309179673199,0.03132529955489359,0.04563358365384668,0.007491188309052363
2026-05-29,1.4169768378033512e-05,0.009679658073001429,-0.009750100017428752,0.007491188309052363,-0.12085210856983471,0.019429758090430273,-0.08910265627876582,0.11134163233374278
2026-05-30,2.1381029183800414e-05,0.12275556828122358,-0.00031059912139530337,0.11134163233374278,1.071879661404323,0.12306616740261889,0.9644341625519605,-0.013108397064818565
2026-05-31,-4.845868028216344e-06,0.03480055254931701,-0.01822602087952331,-0.013108397064818565,-0.17589437260884525,0.05302657342884035,0.5008415089338731,-0.023493982239307022
2026-06-01,-4.970215104094683e-05,0.023163747941926757,-0.04866674640892909,-0.023493982239307022,0.1796546964077348,0.07183049435085577,0.5384375227186934,-0.0621412813280373
2026-06-02,-6.437483721661572e-06,0.003058668046326746,-0.06957152240007031,-0.0621412813280373,-0.487679441632881,0.0726301904463971,-0.14737789079224484,-0.0477538412376196
2026-06-03,-1.135448229229045e-05,0.007226017991277446,-0.05174162026866579,-0.0477538412376196,-0.08971180693352113,0.058967638259943354,-0.29951018897167186,-0.027076245262784914
2026-06-04,0.0,0.004809714265579913,-0.05223362548506963,-0.027076245262784914,0.13125193665914558,0.05704333975064956,-0.2247981377726059,-0.05347777080537007
2026-06-05,-7.584740129928727e-06,0.004399150555195851,-0.07774635288092921,-0.05347777080537007,0.12237635320708568,0.08214550343612512,-0.009343641373992533,0.0041930876123628166
2026-06-06,4.630016848108939e-05,0.019060789746647842,-0.019562043415215353,0.0041930876123628166,-0.608477692363737,0.03862283316186313,-0.5866262800726834,0.04944081492846481
2026-06-07,-1.0623904741887033e-05,0.05469531277696437,-0.001212703642936467,0.04944081492846481,-0.04527843553419053,0.05590801641990071,-0.44396973284444907,-0.003320823720290593
2026-06-08,3.1951417670016106e-05,0.010014844316181729,-0.019348440771642526,-0.003320823720290593,-0.15818942292350716,0.029363285087824185,-0.5175913279685608,-0.014696385689480455
2026-06-09,9.333359710316733e-06,0.005349330164112718,-0.028624847164406126,-0.014696385689480455,0.025169136453094786,0.03397417732851888,-0.3990753708142433,-0.011326126580672074
2026-06-10,2.5737965376970876e-06,0.006155152157671964,-0.019690988267674663,-0.011326126580672074,-0.1540615933402428,0.02584614042534663,-0.41779499037573625,0.031680777438291355
2026-06-11,1.0412461549896405e-06,0.03228233150298674,-0.00013714159349511226,0.031680777438291355,0.0734091644251609,0.032419473096481854,-0.11405232080699847,-0.0025401949626124836
2026-06-12,6.153516207409988e-06,0.01100329726206497,-0.01457344682171559,-0.0025401949626124836,-0.09682464113747323,0.0255767440837804,-0.15669289406423675,0.009953783428603863
2026-06-13,-6.068053830835054e-07,0.011395253172597593,-0.006692652066305052,0.009953783428603863,-0.19106434160876162,0.018087905238902625,-0.2834754853002145,0.010675716212203522
2026-06-14,-2.503316268187491e-06,0.011150838395237984,-0.011393757088315255,0.010675716212203522,0.23293858719787064,0.02254459548355317,0.013162588351903714,0.00216607954777832
2026-06-15,1.3869681856912946e-06,0.024095235243549857,-0.0055883286276013425,0.00216607954777832,0.25925224311377554,0.02968356387115108,0.30228681873492996,-0.02140544495448702
2026-06-16,-1.581679094663079e-06,0.002334893012892617,-0.023934492923706308,-0.02140544495448702,0.003028532970398831,0.0262693859365989,0.2417643915614311,-0.04454778006172734
