date,open_ret,high_ret,low_ret,close_ret,volume_ret,range_ret,vol_ratio,target_return
2023-01-02,-6.218472955805801e-06,0.034044424077838975,-0.009391277982552104,0.026763534745560837,0.3582895011961162,0.04343570206039098,0.3582895011961162,0.007763706684161114
2023-01-03,1.465750975951405e-05,0.011184813016205266,-0.0026649675382082604,0.007763706684161114,-0.20600446094433178,0.013849780554413533,-0.04282102942415884,0.023121073807329338
2023-01-04,-6.429005311211833e-06,0.033350734633774325,-8.484511792316028e-05,0.023121073807329338,0.2919938813484869,0.03343557975169745,0.2632437701502971,-0.0027095811892941836
2023-01-05,-6.457326727682484e-05,0.0029252099925187007,-0.016295759020298277,-0.0027095811892941836,-0.1542308915203391,0.01922096901281695,0.0364262383956176,0.014713497933739227
2023-01-06,-5.886051920826764e-06,0.01747123484714529,-0.012180003477118005,0.014713497933739227,0.08760672808458884,0.02965123832426321,0.11664079538505981,-0.004309460536368587
2023-01-07,3.306999610932212e-05,0.0033883084536486152,-0.008918943939810334,-0.004309460536368587,-0.5892717962425884,0.012307252393459086,-0.5409334698641051,0.028532703774782047
2023-01-08,-8.441661176761527e-05,0.028937153481692256,-0.01111846473772331,0.028532703774782047,0.4311697571637259,0.04005561821941561,-0.016069910266366443,0.01936330731137314
2023-01-09,0.000523082412994245,0.05308303245280134,0.000523082412994245,0.01936330731137314,0.8438821515844471,0.05255995003980715,0.8150899099288827,0.004877278891207947
2023-01-10,-0.00013259143847965763,0.014085986528310857,-0.009845297011072405,0.004877278891207947,-0.630167616502831,0.023931283539383123,-0.004529157524594268,0.04203575806505036
2023-01-11,-1.870991274000174e-05,0.04203575806505036,-0.01656189587952334,0.04203575806505036,0.14373474145898352,0.05859765394457362,0.11298576000419885,0.019209850158266515
2023-01-12,0.006456686308735293,0.022857512625291985,-0.018507510605361176,0.019209850158266515,0.34109682151494136,0.0413650232306532,0.4144093961361396,0.03241075510526409
2023-01-13,0.0002591072520673607,0.034798115481882705,-0.00995417511710489,0.03241075510526409,-0.15888755341193828,0.0447522905989877,0.06913615667860785,0.10913704727572884
2023-01-14,-0.00011476361532812386,0.16609189008544853,-0.0002589430379956347,0.10913704727572884,1.2521897799160928,0.16635083312344418,1.2357160634809532,-0.016155790586295293
2023-01-15,0.00027278493285251554,0.004764325976369188,-0.03864860410063354,-0.016155790586295293,-0.7929913790884049,0.043412930077002705,0.09102360614653837,-0.019989863048615462
2023-01-16,-1.689173903435454e-06,0.02467706855140587,-0.04663315062648451,-0.019989863048615462,0.049819761271502935,0.07131021917789022,0.028268459603292346,0.024720084595652204
2023-01-17,0.00021029993007470985,0.06064480859004505,-0.012167779048250525,0.024720084595652204,0.1265815568198754,0.0728125876382955,0.057115948034591094,-0.053114318716300776
2023-01-18,4.75528457106439e-05,0.0385699011956498,-0.05696353122455833,-0.053114318716300776,0.12455870907680681,0.09553343242020826,0.10444209929071344,0.027497563260833028
2023-01-19,-0.00011769444863054697,0.032085405018082554,-0.00011769444863054697,0.027497563260833028,-0.8230244325385321,0.032203099466713084,-0.8303063411014581,0.07460304434164372
2023-01-20,1.3634233754396736e-05,0.0772990921732771,-0.007128834074660795,0.07460304434164372,0.2815622268629569,0.08442792624793782,-0.2774989106076156,-0.0009330329553810447
2023-01-21,0.00016007018730762894,0.02902143251262421,-0.02259390429003809,-0.0009330329553810447,0.4511620124417625,0.05161533680266239,0.2157364820405112,-0.007088644876833625
2023-01-22,-9.8738572845342e-05,0.030567999387737962,-0.020968486368251348,-0.007088644876833625,-0.3059740524476197,0.0515364857559893,-0.1264430107830338,0.05818349459930621
2023-01-23,0.00014522452236084214,0.09100271242921795,0.00010542434383880354,0.05818349459930621,0.5520573418912648,0.09089728808537915,0.48221225873050605,-0.061169647718112403
2023-01-24,-0.0003220990268436179,0.017243270695385036,-0.0676394476294573,-0.061169647718112403,-0.4724170115231874,0.0848827183248423,-0.03587452399501041,0.03483321165626912
2023-01-25,0.0001739403524616381,0.055406539349112285,-0.023391587107838546,0.03483321165626912,0.09863611566161934,0.07879812645695072,-0.011107924327323142,0.010675484391355468
2023-01-26,-0.00045155176173894244,0.02211606207144838,-0.012137681957034924,0.010675484391355468,-0.07572789648694273,0.03425374402848336,-0.1400560549936157,0.014231453350077432
2023-01-27,-1.1120434191972935e-05,0.02121606823632574,-0.023368230642137527,0.014231453350077432,-0.18036382424789282,0.04458429887846337,-0.28040779020698425,-0.026117019198855458
2023-01-28,0.00043567548426350745,0.012738819912336984,-0.03434145962484183,-0.026117019198855458,-0.2385841333025989,0.04708027953717877,-0.5066894926121599,0.03341925118961678
2023-01-29,7.161632877716791e-05,0.04486019166062962,-0.00690080922159412,0.03341925118961678,0.18437751931416316,0.051761000882223594,-0.1399797209345286,-0.06681804483244329
2023-01-30,0.00012064787490961981,0.004223728103500196,-0.08091252010922735,-0.06681804483244329,0.071177112805373,0.08513624821272747,-0.026951265722482593,0.012241397101129321
2023-01-31,-2.9050712489998733e-05,0.0196628657943196,-0.0037522065136812474,0.012241397101129321,-0.22927869098625067,0.02341507230800103,-0.20220676792952247,0.0316945001572739
2023-02-01,-0.00016237489109343853,0.033986496810005096,-0.03417844248258086,0.0316945001572739,0.3011971640119772,0.06816493929258582,0.18082675035089454,0.010681530232662046
2023-02-02,-0.00021594640365007377,0.05838417622561984,-0.0004377677778640667,0.010681530232662046,0.33758252800322885,0.058821944003483784,0.49823202211855405,0.07032399487765835
2023-02-03,8.609327330589713e-06,0.08364110236846567,-0.0003161887612664373,0.07032399487765835,0.14575359178065556,0.08395729112973205,0.49565870649284743,-0.018507854791345788
2023-02-04,-0.00013520523229474892,0.005289169984598118,-0.02472056688139776,-0.018507854791345788,-0.7058077565275847,0.03000973686599585,-0.35237096865169076,-0.03524689712746508
2023-02-05,-0.00014576827249117774,0.0007193157067543539,-0.051945434831814144,-0.03524689712746508,0.13948918744116173,0.052664750538568554,-0.18977188544227377,-0.022821416219226388
2023-02-06,-2.2389923387176758e-05,0.02060639343314125,-0.027516213881216688,-0.022821416219226388,-0.06326817048818857,0.048122607314357885,-0.2849572414801131,0.06659223355466873
2023-02-07,-6.460831904189453e-06,0.06666641433105676,-0.0006319641806966212,0.06659223355466873,0.15743041310676847,0.06729837851175334,-0.10355437920982309,-0.028159046922759442
2023-02-08,-2.9536470433747455e-05,0.0071696949602135995,-0.042461161836016025,-0.028159046922759442,-0.06268717216480571,0.04963085679622956,-0.09409999913051127,-0.07984880360634476
2023-02-09,0.00020684222568452385,0.030810543321318308,-0.09308578429176523,-0.07984880360634476,0.6982980150687902,0.12389632761308347,0.7420060479089495,-0.006701083964560167
2023-02-10,2.0201819235656186e-05,0.010767504509252271,-0.012467435117252625,-0.006701083964560167,-0.5914648936330967,0.02323493962650495,-0.06773235700652107,0.014293250633846932
2023-02-11,0.00015005744655494907,0.015401874551775942,-0.0036397731479048514,0.014293250633846932,-0.7072723855245916,0.019041647699680853,-0.7988600248324805,-0.016424214842841157
2023-02-12,-0.00013762007221107252,0.015087255641222645,-0.02544168233519479,-0.016424214842841157,0.21648924615019502,0.04052893797641751,-0.5213336784278807,-0.008983659041219177
2023-02-13,-7.820834188981939e-05,0.009628486487404126,-0.04267441316625987,-0.008983659041219177,0.5960209909619372,0.052302899653664005,0.143886690942687,0.01721643056178033
2023-02-14,-1.4722894674057575e-05,0.02174553331788998,-0.012079446403862376,0.01721643056178033,-0.18774988131864234,0.033824979721752406,-0.08705005393329764,0.05952463031905326
2023-02-15,-3.4379931709888444e-05,0.05952463031905326,-0.009303050294528789,0.05952463031905326,0.17172232681206664,0.06882768061358197,0.27869930901713985,-0.04259921910108574
2023-02-16,-3.960781910813935e-05,0.015581266613052636,-0.04289497695827441,-0.04259921910108574,0.22592320748252093,0.05847624357132711,0.48231751204143136,0.13899376412656134
2023-02-17,-5.089303347009702e-05,0.1536373610596209,-0.004157965292164616,0.13899376412656134,0.6254991507575538,0.1577953263517855,0.9193262948404052,-0.00491390184667795
2023-02-18,4.926556960053032e-05,0.010130424581275716,-0.020006873382380237,-0.00491390184667795,-0.5400028081072976,0.03013729796365597,0.05602937514044836,0.027376487909345566
2023-02-19,-2.692772115892439e-05,0.07839239665314324,-0.006025088037644572,0.027376487909345566,0.5270053457268445,0.08441748469078791,0.5303475219344467,0.013140405359352533
2023-02-20,0.0004742453335934132,0.015115748235627686,-0.019260855680592104,0.013140405359352533,-0.42255060320207805,0.03437660391621998,-0.08787109017946708,-0.03967170514561242
2023-02-21,0.00011177178135766664,0.0023929020299047897,-0.05426584860587516,-0.03967170514561242,-0.18477643650193262,0.05665875063577978,-0.3331056811550962,-0.009089686711180732
2023-02-22,-3.6509366449087185e-05,0.0016721468341830295,-0.0490996545352375,-0.009089686711180732,0.03934376424607052,0.05077180136942076,-0.2945014559925387,-0.01312223624843519
2023-02-23,-4.122413372892878e-05,0.026720710274515547,-0.02174728066978427,-0.01312223624843519,-0.15537761900626923,0.048467990944299905,-0.3250349324614156,-0.06937297584262715
2023-02-24,-8.293368951814867e-05,0.006715934402184613,-0.08596943117319722,-0.06937297584262715,0.11686253845912146,0.09268536557538172,-0.17631969860787042,-0.01122621320494818
2023-02-25,3.7342195885492007e-05,0.004183948043803225,-0.03693120910433663,-0.01122621320494818,-0.4789580786321181,0.041115157148139785,-0.5046450393500234,0.02252847063499362
2023-02-26,1.4070448402441292e-05,0.027622708495684007,-0.004550605050649066,0.02252847063499362,-0.08522254158095585,0.03217331354633304,-0.4693366111329661,-0.01529965407210378
2023-02-27,-5.631304523120423e-05,0.012749690701386488,-0.026845184363489465,-0.01529965407210378,0.1429642192743523,0.03959487506487611,-0.22695870172897054,-0.03759799869349
2023-02-28,4.559884144113782e-06,0.0006841843492452121,-0.04446505083664706,-0.03759799869349,-0.019643765229069736,0.045149235185892325,-0.1489585507576137,0.029390034382038105
2023-03-01,4.276080115764131e-05,0.03703711916004372,-0.002038782088033625,0.029390034382038105,0.03532746347887301,0.039075901248077395,-0.04541906639876354,-0.03223431014290118
2023-03-02,2.1892503285476906e-05,0.0010919244813326456,-0.044851919231510454,-0.03223431014290118,-0.18599461209838883,0.04594384371284311,-0.1309532792556254,-0.047413816127619406
2023-03-03,0.00014529597524057944,0.0010913135456111394,-0.07510100651780381,-0.047413816127619406,0.3137696789579905,0.0761923200634149,0.20394303432035307,-0.02031258682631432
2023-03-04,4.504377069909526e-05,0.002902988489566973,-0.04367957504724443,-0.02031258682631432,-0.4848518681049892,0.04658256353681164,-0.3401957892367393,0.011345654700754621
2023-03-05,5.483884678838984e-05,0.023630906101068726,-0.001302095969073763,0.011345654700754621,-0.029534505284938978,0.024933002070142457,-0.3100722070401767,-0.009668785412863397
2023-03-06,-9.688605438085375e-05,0.009007866724088598,-0.015342055465752142,-0.009668785412863397,0.08038776107671435,0.02434992218984086,-0.16596081954614267,-0.012083642141744393
2023-03-07,0.0001109400049184021,0.014064540623669717,-0.027422513175107292,-0.012083642141744393,0.2593065321229521,0.041487053798776964,0.15596535546827675,-0.044716503375844506
2023-03-08,-0.000356180132451707,0.007916826911273748,-0.05520015184774284,-0.044716503375844506,0.2046831863388097,0.06311697875901658,0.3307491083889591,-0.03913975938491165
2023-03-09,8.223193321137857e-05,0.03433731524538837,-0.0548138812994166,-0.03913975938491165,0.011157355475988883,0.08915119654480498,0.3337144872647109,0.03180961127829849
2023-03-10,0.0001784637185074455,0.036316768962025604,-0.03849014581875781,0.03180961127829849,0.18579764205302612,0.07480691478078337,0.41136228193235047,-0.008482497720506053
2023-03-11,1.7254675534524662e-05,0.022127974603081076,-0.04835748361515606,-0.008482497720506053,-0.18579976133443332,0.07048545821823705,0.07888079551658479,0.07159080781765653
2023-03-12,-4.831067191475043e-05,0.07159080781765653,-0.013169645143619456,0.07159080781765653,-0.13039431924460837,0.08476045296127586,-0.1301853945610243,0.03304703786780504
2023-03-13,0.00024570328619393715,0.04050095656460046,-0.03167721590253528,0.03304703786780504,0.39301117687004716,0.07217817246713575,0.24854843678831176,0.02080716993142679
2023-03-14,-0.00010378995947120845,0.06785036523888938,-0.01295937009165801,0.02080716993142679,-0.014560771351229454,0.08080973533054729,0.17438547234037433,-0.05902521717878907
2023-03-15,0.00022159889880745277,0.021641311103690233,-0.07102858881434362,-0.05902521717878907,-0.10792936676931691,0.09266989991803375,0.015471249929816617,0.035900992351614196
2023-03-16,0.00039510145987133825,0.041201356464822134,-0.010925280751563748,0.035900992351614196,-0.4224731941469909,0.05212663721638604,-0.39746445794562923,0.08401363305848676
2023-03-17,0.00010738025939129671,0.08401363305848676,-0.008325323372246247,0.08401363305848676,0.21924875018893505,0.09233895643073292,-0.1333775014337153,-0.0474078235926805
2023-03-18,1.9114012353749436e-05,0.009957403492966288,-0.04969630359548386,-0.0474078235926805,-0.07185475489831063,0.059653707088450185,-0.2165589918638429,0.022123030993654376
2023-03-19,-5.2291868204431814e-05,0.04350350273964945,-5.2291868204431814e-05,0.022123030993654376,-0.27106252437643646,0.043555794607853894,-0.40572954748807366,-0.05964149091914144
2023-03-20,-0.00018234535833809768,0.0037029431676814063,-0.061177094493975355,-0.05964149091914144,0.07223076106698013,0.06488003766165666,-0.20215761455391854,0.04609265130394015
2023-03-21,0.00030488286805408946,0.055332386711314026,-0.009310700125501926,0.04609265130394015,0.008610905297207597,0.06464308683681579,-0.08923072866477473,-0.05136715505799109
2023-03-22,-0.0002925060749487346,0.0006848691061404572,-0.06790391743029797,-0.05136715505799109,0.09668820809622744,0.06858878653643845,0.015494049186498975,0.042300301988534426
2023-03-23,-0.00019890243515784713,0.05664644460456895,-0.007805920359706501,0.042300301988534426,-0.28387065841534087,0.06445236496427544,-0.23116093409763203,-0.04816409148662826
2023-03-24,1.944879843801021e-05,0.00223466253668368,-0.057949270626451374,-0.04816409148662826,0.019844538577916803,0.0601839331631351,-0.1357595366949777,-0.02000150648061393
2023-03-25,6.589089174714408e-05,0.00881498868172383,-0.028865539082507996,-0.02000150648061393,-0.4811251248540476,0.03768052776423177,-0.6009833192005307,0.023978496431293666
2023-03-26,6.552741501540323e-05,0.032698355282632555,-0.002487242073128095,0.023978496431293666,-0.07674629887244303,0.03518559735576051,-0.5742868528062594,-0.02992657659820456
2023-03-27,6.4607056729075815e-06,0.008813112234672755,-0.047373912612775675,-0.02992657659820456,0.31722930173161457,0.05618702484744852,-0.12926958629721602,0.0319726897731527
2023-03-28,-1.753565583398928e-05,0.03717118832200775,-0.011443249127186594,0.0319726897731527,-0.09550734652054638,0.04861443744919439,-0.10219462926731472,0.018997261820773523
2023-03-29,-0.00011095068748712777,0.03445693257903214,-0.0008949545326518516,0.018997261820773523,0.2039061385197221,0.03535188711168396,0.17125570492903497,-0.0100739599927228
2023-03-30,0.00017989453384357335,0.016432614807513523,-0.023424779920392953,-0.0100739599927228,0.07863962340828898,0.03985739472790643,0.2840305840740171,0.03567360830784581
2023-03-31,0.00018397532865591673,0.040883021041534184,-0.0021029632435342832,0.03567360830784581,0.09591321347185178,0.04298598428506862,0.29154017327189763,0.010743630353387667
2023-04-01,2.7071518214427993e-06,0.012412780318684685,-0.01913592829967397,0.010743630353387667,-0.31857436021592483,0.03154870861835883,-0.1410845470255006,-0.022449563668721504
2023-04-02,-0.009217884003840956,0.00498327358738955,-0.03234802545860447,-0.022449563668721504,0.10423175065674188,0.037331299045993985,-0.03053428696961964,0.025986668768372898
2023-04-03,7.41793510209952e-05,0.035526793948992524,-0.02322613625286438,0.025986668768372898,0.3745989393973646,0.05875293020185698,0.3151264286497639,0.0014714848441116854
2023-04-04,-0.00021300536074831788,0.014669302316581334,-0.008808407021660674,0.0014714848441116854,-0.11155890534412204,0.02347770933824207,0.128474362688237,-0.005864351785487363
2023-04-05,4.426507139434964e-05,0.020667349957402614,-0.016460091143068685,-0.005864351785487363,-0.10687113099545964,0.03712744110047125,-0.008557147227240249,-0.019434582283261625
2023-04-06,0.00011600019430758589,0.0010017889179923347,-0.02097634089821535,-0.019434582283261625,-0.171899228365491,0.021978129816207597,-0.16850752910203048,-0.015402088700557115
2023-04-07,-2.9153744246267307e-05,0.005944001323217551,-0.021686043104415336,-0.015402088700557115,-0.04069172802290461,0.02763004442763283,-0.22341051970952777,-0.007925437032468412
2023-04-08,-0.00015559684103479723,0.007450650487232304,-0.01101560418989301,-0.007925437032468412,-0.21789748480597887,0.01846625467712546,-0.43198005064108386,0.012995204337778647
2023-04-09,0.00012518611348782157,0.019424381999598086,-0.0037943257614716746,0.012995204337778647,0.08121062363995052,0.02321870776106991,-0.22451542549752648,0.011871403435920332
2023-04-10,-8.867907310101105e-05,0.014960313947970304,-0.014236023403242757,0.011871403435920332,0.10562000025778302,0.029196337351213113,-0.021998020864840137,0.021281066524520557
2023-04-11,4.6542170663888684e-05,0.030702932533267904,-0.0006852695714155816,0.021281066524520557,0.3528566096585966,0.0313882021046836,0.38635111088324325,-0.0016445961275701098
2023-04-12,-9.090796769329898e-05,0.0066444301792468645,-0.029620912639186578,-0.0016445961275701098,-0.07273698905564988,0.03626534281843338,0.24397434932198067,0.03481146652089786
2023-04-13,-0.001489628591396663,0.03571994083420552,-0.008208563617547314,0.03481146652089786,0.06822421810262753,0.04392850445175289,0.257449596288301,0.01369339151000797
2023-04-14,5.886308254892291e-05,0.029109186843021786,-0.013183948919388342,0.01369339151000797,0.39909593270133614,0.04229313576241027,0.5546892945718287,0.010763273503632112
2023-04-15,7.434779989153827e-05,0.017268672136914607,-0.012401497597627013,0.010763273503632112,-0.4546063304581588,0.029670169734541507,-0.08213416277545947,0.0038359661712792955
2023-04-16,-6.318890001509397e-05,0.009295157821294638,-0.017297044266345013,0.0038359661712792955,-0.05194165000671093,0.026592202087639478,-0.17978252739755088,-0.020331140538171085
2023-04-17,-8.053374476426246e-05,-8.053374476426246e-05,-0.02705149768576487,-0.020331140538171085,0.13372021021914826,0.026970963941000518,-0.026067972412332885,0.03326660872554565
2023-04-18,0.00020074086191786272,0.04132960657079478,-0.012404945552539732,0.03326660872554565,0.135960705887332,0.053734552123334355,0.09247622982288481,-0.09100195113380632
2023-04-19,-0.00017154315440891436,-0.00017154315440891436,-0.09821594225583874,-0.09100195113380632,0.2216375017007327,0.09804439910142981,0.28178932383431254,-0.03357866539812392
2023-04-20,-0.00017973771923647538,0.017797224306291087,-0.037933422817118936,-0.03357866539812392,-0.22634846263183364,0.055730647123409985,0.059517414664861025,-0.04343106019097256
2023-04-21,5.664554891959749e-05,0.008798215881509624,-0.05280454191707208,-0.04343106019097256,-0.11913572632456766,0.061602757798581806,-0.09953740011686046,0.017247340761763916
2023-04-22,-5.2806795268870663e-05,0.02079922713606277,-0.0040761046931538595,0.017247340761763916,-0.571895204935114,0.024875331829216807,-0.6957041291818585,-0.005998995385893963
2023-04-23,5.60674536383583e-07,0.002917016712821184,-0.026211429705880217,-0.005998995385893963,0.10328712293932805,0.029128446418701395,-0.5146312903896937,-0.004445218780247346
2023-04-24,-0.0001695511725051964,0.015138233236040468,-0.016791132523564775,-0.004445218780247346,0.1376287621653931,0.03192936575960528,-0.27536598218478653,0.018468667105207056
2023-04-25,-1.69969800417101e-05,0.019853741870073195,-0.016409012058981085,0.018468667105207056,-0.06488399377692802,0.036262753929054176,-0.1814491306291569,-0.0251115160771535
2023-04-26,-2.812789994665502e-05,0.034548727712881616,-0.05741529609601838,-0.0251115160771535,0.5772620516123728,0.09196402380889986,0.5150141211122179,0.02008649515605265
2023-04-27,7.951815262669556e-05,0.0319774614245176,-0.001762999167480373,0.02008649515605265,-0.36073112506825794,0.03374046059199789,0.1002388443984262,-0.003788692792461373
2023-04-28,4.903068962804368e-05,0.0011295708540944233,-0.02746735143658328,-0.003788692792461373,-0.2076773060481161,0.028596922290677767,-0.17676082286633743,0.015284071108445084
2023-04-29,5.362535238020956e-05,0.017142022589679763,-0.002352082316719577,0.015284071108445084,-0.24797812430162033,0.019494104906399506,-0.4377859495876664,-0.023271407428677823
2023-04-30,1.8867384588297292e-05,0.0070013504090816825,-0.029528243572590172,-0.023271407428677823,0.051820786414184014,0.036529593981671875,-0.33901593656452805,-0.04034499675458684
2023-05-01,-0.0002632082236692594,0.0010526249603162218,-0.050513803570809895,-0.04034499675458684,0.14034837435982345,0.051566428531126,-0.1688752617695107,0.008914927331581331
2023-05-02,3.869930296705062e-06,0.015169850862198868,-0.005950874913106126,0.008914927331581331,-0.27541346300789293,0.021120725775304938,-0.2859730706521333,0.01040772570677709
2023-05-03,-3.218612854848231e-05,0.015180198522664836,-0.026267927137653576,0.01040772570677709,0.18042982566227675,0.041448125660318275,0.007962796055282528,-0.019077278612115906
2023-05-04,0.00017781282923922713,0.003346978201421947,-0.02571751723072455,-0.019077278612115906,-0.25675365682098067,0.029064495432146602,-0.21542916868010162,0.032014577060863816
2023-05-05,4.449237585183108e-05,0.03918468174171517,-0.00016175361477421178,0.032014577060863816,0.329820889407227,0.03934643535648931,0.14268321125968098,-0.03475783240162817
2023-05-06,-2.7370394260818068e-05,0.0070025147051866014,-0.04088731270738623,-0.03475783240162817,-0.13029667169691098,0.047889827412573,-0.013050513194087345,-0.00221442181128728
2023-05-07,-0.00011513003021827153,0.008741673853623386,-0.005205379136125462,-0.00221442181128728,-0.361111910716529,0.01394705298974874,-0.34116874033376754,-0.04818570799325468
2023-05-08,-0.00039887537626450857,0.0016026047123485023,-0.07615147020250486,-0.04818570799325468,0.8047391867425465,0.07775407491485346,0.502510052830791,-0.008841027264897522
2023-05-09,-7.0959573001360445e-06,0.005082385531302314,-0.013701034923745291,-0.008841027264897522,-0.49725004219517066,0.01878342045504781,-0.09544340840047076,0.026292164529202723
2023-05-10,-5.745218874284238e-05,0.03384022149442959,-0.011026914897502738,0.026292164529202723,0.42167111467182433,0.04486713639193236,0.3018475068792294,-0.03442261057354186
2023-05-11,-4.785455354640816e-05,-4.785455354640816e-05,-0.051191927004218964,-0.03442261057354186,-0.24121329283746062,0.051144072450672574,0.0049799628952378475,0.011393087015347293
2023-05-12,7.3075789293050465e-06,0.011984277281333128,-0.023881788150744838,0.011393087015347293,-0.04301959313372971,0.03586606543207798,-0.0617006360421815,0.0011060346064620033
2023-05-13,2.2298584468961827e-05,0.007844651970276595,-0.004264768909037613,0.0011060346064620033,-0.4294250302732888,0.012109420879314037,-0.556471442889452,0.00046800470782952644
2023-05-14,-1.1048056014515653e-05,0.016151641610095014,-0.005314103171829155,0.00046800470782952644,-0.03908465440165258,0.021465744781924197,-0.44732120634161593,-0.0063933511730648535
2023-05-15,-2.6182526228740468e-05,0.01351902181284138,-0.012993470143842098,-0.0063933511730648535,0.293509906333302,0.02651249195668363,-0.1023254947025291,-0.003953779922451089
2023-05-16,3.9165895490459924e-05,0.0024727751458516064,-0.013883310916065516,-0.003953779922451089,-0.1008914287966081,0.016356086061917227,-0.09202442374700598,0.021396634548907414
2023-05-17,-3.131398051611959e-05,0.02472662713558824,-0.011618219558169161,0.021396634548907414,0.1606556806085662,0.036344846693757406,0.13961276690540766,-0.013471079091683845
2023-05-18,3.699203984261022e-06,0.00878986273974869,-0.029019677521914866,-0.013471079091683845,0.022387121758277354,0.037809540261663575,0.19048936789774099,0.005336369787160609
2023-05-19,-6.695344463656485e-06,0.008272972186840609,-0.002182644909677861,0.005336369787160609,-0.1684454404595805,0.010455617096518523,-0.044821735353613903,0.008241892597700792
2023-05-20,1.2253751757040164e-05,0.01401192091056768,-0.005305214707213,0.008241892597700792,-0.16507260578043664,0.01931713561778055,-0.2450592220027213,-0.026394182028168945
2023-05-21,-5.768555429822905e-05,0.003016233048202612,-0.02859005809052365,-0.026394182028168945,0.0060342373561658785,0.03160629113872638,-0.19325970925456526,0.007401645551432967
2023-05-22,-6.08561355266786e-05,0.0114554872146387,-0.006286534659240734,0.007401645551432967,0.07475917771253687,0.017742021873879344,-0.09254951864641162,0.016449629638995995
2023-05-23,7.06351695135489e-05,0.02412220628609123,-0.0021477330488462267,0.016449629638995995,0.005864135068431807,0.026269939334937584,-0.0383082276051721,-0.02639664761812575
2023-05-24,2.586899859793596e-05,0.0002752541991657304,-0.03721921268330522,-0.02639664761812575,0.1453920018313241,0.037494466882470885,0.16248593332828407,-0.002975752108326612
2023-05-25,-8.440137873888687e-05,0.005772940325438944,-0.017782540862415357,-0.002975752108326612,-0.011417792410590414,0.023555481187854246,0.1359405303767091,0.0007685497057157466
2023-05-26,6.18274671809062e-06,0.004723099672947097,-0.00863393759722634,0.0007685497057157466,-0.12288067041427397,0.013357037270173448,-0.03130487391814824,0.016919105240103104
2023-05-27,-6.823306217957519e-05,0.022953611992384413,-0.002020706947116967,0.016919105240103104,-0.07024882936925847,0.024974318939501406,-0.11839815533614007,0.03147455764656112
2023-05-28,-7.745119986459909e-05,0.040233983580138154,-0.002776621891184067,0.03147455764656112,0.0844194195972208,0.043010605471322134,-0.02420615554762879,-0.008727588815992943
2023-05-29,3.098841085618513e-05,0.004297429606684497,-0.014170881756695253,-0.008727588815992943,0.044975340272036174,0.0184683113633798,0.015910800786757457,-0.0031186865585275643
2023-05-30,2.418732656677471e-05,0.0120781183499909,-0.006622568610037859,-0.0031186865585275643,0.03530251663973782,0.018700686960028683,0.06720049863002149,-0.02341288822192058
2023-05-31,7.199858528535932e-05,0.00298333151549408,-0.031085609974531393,-0.02341288822192058,0.08207676832778914,0.03406894149002546,0.15546536612899078,-0.02035635826297174
2023-06-01,-2.8963075712096874e-05,0.002858908348609025,-0.021662258629380773,-0.02035635826297174,-0.03555620761107699,0.02452116697798981,0.08279814704576768,0.01319583691820256
2023-06-02,-4.3743539141127594e-05,0.01649877708982384,-0.006187631694330567,0.01319583691820256,0.08181048751147196,0.02268640878415432,0.124073724145604,0.009511084513199364
2023-06-03,3.865280524564602e-05,0.009511084513199364,-0.005103075343857748,0.009511084513199364,-0.45848162857873137,0.014614159857057283,-0.37615619084352586,-0.002046994531211983
2023-06-04,0.00016065212632516285,0.008982452677831789,-0.002460053383087081,-0.002046994531211983,0.20211569708246999,0.011442506060918733,-0.12581312999067282,-0.04739598148854901
2023-06-05,-7.539046054283059e-05,-5.3784414854310725e-06,-0.07332555170273726,-0.04739598148854901,0.6692680121064407,0.07332017326125176,0.5678386881895949,0.026282419832157986
2023-06-06,-7.002600035355884e-05,0.03632419908688934,-0.014472682053283822,0.026282419832157986,-0.3628017293670172,0.05079688114017304,0.08288282340080197,-0.036386704372617575
2023-06-07,-2.893123001056574e-05,6.958019066703995e-06,-0.04247146053307773,-0.036386704372617575,-0.016137589848258856,0.04247841855214435,0.040247413407825866,0.0007639274402258518
2023-06-08,6.5130745722496e-05,0.006539803136203062,-0.006613533245373878,0.0007639274402258518,-0.1816636702993243,0.013153336381576836,-0.14834497274913194,-0.0087795855837033
2023-06-09,3.415382846730805e-05,0.008128921152367392,-0.016850365426132555,-0.0087795855837033,-0.07929475514554044,0.02497928657849987,-0.2726700380132409,-0.09594889374096559
2023-06-10,2.2970131842963086e-05,0.0002448918552489697,-0.15953693025476476,-0.09594889374096559,1.1901127818780146,0.1597818221100138,0.9130452879375731,-0.0010334734018384018
2023-06-11,-3.5819045137644264e-05,0.004683963029451921,-0.01926312646274479,-0.0010334734018384018,-0.976755760391259,0.023947089492196524,-0.25507562897265873,0.0023916483862656238
2023-06-12,-6.854951444844773e-05,0.005917062238411435,-0.01589005793098883,0.0023916483862656238,0.001235108383859938,0.021807120169400267,-0.24358882393100345,0.019581614065069267
2023-06-13,1.5885868347433622e-05,0.0354480543775965,-0.005619518226212602,0.019581614065069267,0.01860401899595378,0.04106757260380909,-0.21751738027581766,-0.011362968699862011
2023-06-14,-5.15826192349083e-07,0.036247858501410636,-0.019139534081573276,-0.011362968699862011,0.11576674741742904,0.055387392582983856,-0.12444292272812042,-0.0430747989528551
2023-06-15,2.0764272346766643e-05,0.00927013723659437,-0.06471601935006312,-0.0430747989528551,0.38744728366825887,0.07398615658665746,0.2122900654687773,0.009020569321553496
2023-06-16,-2.8541893782779477e-05,0.017266586960711948,-0.018278110250818515,0.009020569321553496,-0.5664404970991437,0.03554469721153053,-0.20101901624624308,0.024441379532468013
2023-06-17,3.163140368181461e-05,0.03182953925703728,-0.0037948148231883574,0.024441379532468013,-0.14435520210576688,0.03562435408022574,-0.33809429312112116,0.0010669628317053897
2023-06-18,-5.067561606862262e-05,0.0294699599302695,-0.008134674291738564,0.0010669628317053897,0.03149902403052475,0.03760463422200798,-0.27647815107943086,-0.001886832365664561
2023-06-19,4.062169719057653e-05,0.011102907965968543,-0.01803439873636629,-0.001886832365664561,-0.02926647653450319,0.029137306702334775,-0.2761037596303331,0.03188095222194638
2023-06-20,7.317160864725516e-05,0.03290173097483895,-0.032116269884894286,0.03188095222194638,0.2449815774935809,0.06501800085973318,0.02805608022942867,0.033798973858972
2023-06-21,-7.598760139294094e-05,0.03858360011019349,-0.005422766147021121,0.033798973858972,0.2632023929561108,0.0440063662572146,0.42057890919690943,0.0002488819453044297
2023-06-22,-0.00023896915535432867,0.028538888028210297,-0.010339164777518502,0.0002488819453044297,-0.07491449505424183,0.03887805280572872,0.25640672597581937,0.05430622451511015
2023-06-23,-1.8656593949107737e-05,0.06100833159357873,-0.0005043440538966113,0.05430622451511015,0.12113899057857283,0.06151267564747546,0.29022152195755796,-0.018356529879365525
2023-06-24,1.5145839003534885e-05,0.00630120398222538,-0.029727644326771573,-0.018356529879365525,-0.32447665806097253,0.03602884830899684,-0.1379103699080815,0.03673295808998449
2023-06-25,5.9323793519829165e-05,0.045102326847025365,5.9323793519829165e-05,0.03673295808998449,0.24781688232605595,0.0450430030535056,0.07474202422006583,-0.032889240644081184
2023-06-26,5.121815216495526e-05,0.006730922366142567,-0.03498167473275111,-0.032889240644081184,0.10037846165975395,0.04171259709889383,0.1313375496759773,0.013659319747152772
2023-06-27,1.2900916126524948e-05,0.024120652051263278,-0.0033978753303162087,0.013659319747152772,-0.42736560428547404,0.027518527381579675,-0.3113174678764868,-0.04266698952446849
2023-06-28,7.064540002891582e-05,7.064540002891582e-05,-0.055817685539116466,-0.04266698952446849,0.15524015774336267,0.055888330939145386,-0.10707188115202433,0.02092410313762101
2023-06-29,-2.0018914456992236e-05,0.06579163345438044,-0.0008311707872020577,0.02092410313762101,0.3690488217053881,0.06662280424158255,0.31397558106514745,0.036515699507941646
2023-06-30,-0.00011026770724773132,0.04090598109096783,-0.025432700790902766,0.036515699507941646,0.20848418407057767,0.06633868188187048,0.42864814579053223,0.03384729595029483
2023-07-01,0.00013958285952524,0.03579686460677162,-0.008467733504483934,0.03384729595029483,-0.26567229110739243,0.0442645981112555,0.06547619839730696,0.028046905569730943
2023-07-02,1.5508961327750664e-05,0.030763358491636344,-0.020621294546369365,0.028046905569730943,-0.08221216126612416,0.051384653038005684,-0.02502000242269652,-0.015127867217266028
2023-07-03,-3.596765494182599e-05,0.02194229468650631,-0.019328010104637982,-0.015127867217266028,-0.045176281095706323,0.04127030479114433,-0.13064763262943024,-0.013391553029939276
2023-07-04,3.695512310732311e-06,0.015685850147761887,-0.025910451086036578,-0.013391553029939276,-0.1672863839538535,0.04159630123379839,-0.32707050782919717,-0.02616717422871073
2023-07-05,7.740071289212612e-05,0.005336578555886272,-0.040401538380915494,-0.02616717422871073,-0.0827319759395181,0.0457381169368018,-0.347060872960562,-0.03577539932736564
2023-07-06,4.576940986955611e-06,0.02743790967989914,-0.03577539932736564,-0.03577539932736564,0.06513653494254588,0.06321330900726467,-0.14547845103902224,0.01753885071694727
2023-07-07,0.0001675319642760526,0.028928971312692217,-0.005348139702110621,0.01753885071694727,-0.2626729400179926,0.03427711101480301,-0.3426738163209137,0.002243892083595591
2023-07-08,7.494904587023317e-05,0.01539324417935558,-0.009747276691414819,0.002243892083595591,-0.20427485757949834,0.025140520870770497,-0.45219151798470175,-0.00922004670407327
2023-07-09,7.431602404330017e-05,0.006346122276316608,-0.010425299746193687,-0.00922004670407327,-0.04414877121788456,0.016771422022510304,-0.371971701590162,0.01093024092427667
2023-07-10,4.5998337121272645e-05,0.027657922580394147,-0.015181334932727903,0.01093024092427667,0.36202339479160617,0.042839257513122085,0.09104280663272588,0.014748653437498585
2023-07-11,-2.8971433333090738e-05,0.015218651291917422,-0.0065155155100577134,0.014748653437498585,-0.2665760071878269,0.021734166801975163,-0.1561656870990319,-0.01226339417670075
2023-07-12,1.646920998887859e-05,0.017479698400393286,-0.018836617935462274,-0.01226339417670075,0.26324737836632167,0.03631631633585548,0.19938185266065633,0.0743662576049548
2023-07-13,-1.1856112367957312e-05,0.07533666606954022,-0.007260144109310317,0.0743662576049548,0.5700776315583101,0.08259681017885062,0.7442896585635247,-0.016889957855031182
2023-07-14,-3.172971442883631e-05,0.02332674740383457,-0.03990329779246851,-0.016889957855031182,0.19892581419722108,0.063230045196303,0.7223340417291385,-0.0038416884521205678
2023-07-15,-3.874184164418765e-05,0.018698262707861017,-0.010506348350437898,-0.0038416884521205678,-0.6538135767385961,0.029204611058298767,-0.17716704789994064,-0.023239697120574727
2023-07-16,-5.2674356081154204e-05,0.0023195711202928433,-0.02710650153181675,-0.023239697120574727,-0.11252698487540708,0.029426072652109652,-0.3072684597277079,-0.0005971572473384898
2023-07-17,4.726121697789861e-05,0.019958324004380922,-0.021806536855124473,-0.0005971572473384898,0.2580082291584467,0.04176486085950545,-0.0830281214478681,-0.023745813391980657
2023-07-18,8.711513646300719e-05,0.01427760615506662,-0.033252250443825154,-0.023745813391980657,-0.028174722593494697,0.04752985659889183,-0.15257184118541223,0.0034333339762656874
2023-07-19,0.00011157832243625284,0.014357680322957804,-0.005973307725647107,0.0034333339762656874,-0.32106981097064996,0.020330988048604903,-0.40220310664147413,0.02899475371128946
2023-07-20,-9.487493673715136e-05,0.029899803588447484,-0.009406641701912693,0.02899475371128946,0.48460247868264417,0.03930644529036014,0.2827833284914036,0.025801375260924412
2023-07-21,6.78247225829494e-05,0.06120106135808214,-0.000804800384119764,0.025801375260924412,0.29790019811645824,0.06200586174220184,0.5177328372328177,-0.033595413076955793
2023-07-22,1.3115558887714165e-05,0.004126809773298132,-0.03792261731717806,-0.033595413076955793,-0.65707857340098,0.042049427090476314,-0.294215514083596,0.01666840507378315
2023-07-23,8.757670546095988e-05,0.03146432709905627,-0.003850527715469966,0.01666840507378315,-0.0332142709674621,0.03531485481452617,-0.2893312394720347,-0.034324558566734296
2023-07-24,-7.094061650550564e-05,0.002411635318323289,-0.04873648940854081,-0.034324558566734296,0.262174042771679,0.05114812472686422,0.012115306658146993,-0.007516169670748768
2023-07-25,0.0001050432605040653,0.006434587812568759,-0.013744792471067814,-0.007516169670748768,-0.4200027134762078,0.020179380283636635,-0.46653955114403584,0.011789978704343212
2023-07-26,2.256817234697724e-05,0.02207832901396822,-0.009004785097364253,0.011789978704343212,0.07436459682390353,0.03108311411133268,-0.29563893796685653,-0.0008397988054871041
2023-07-27,2.3669173415398154e-05,0.013718327807227593,-0.0082396885845058,-0.0008397988054871041,-0.03860722433607331,0.021958016391733427,-0.1433326605553883,-0.0031970614254915645
2023-07-28,6.286766479614003e-06,0.006617992324804354,-0.012469590001582584,-0.0031970614254915645,-0.007792752587823742,0.019087582326386982,-0.12158148807059184,0.006748794222588721
2023-07-29,-7.95251671521396e-05,0.007452802903430388,-0.0010985552890996335,0.006748794222588721,-0.33405598277635085,0.008551358192530075,-0.4307712394776164,-0.012660459595393933
2023-07-30,-1.6523881866913157e-05,0.0035695597653323382,-0.02636320059283687,-0.012660459595393933,0.3663178518314349,0.029932760358169278,0.08487119477647094,-0.015088504977825665
2023-07-31,-2.3354698285955456e-05,0.012655466143398379,-0.021923995699106122,-0.015088504977825665,0.0683437905700409,0.03457946184250445,0.14057008088289635,0.017401868919989613
2023-08-01,3.0149790790221414e-05,0.017401868919989613,-0.020459982371385393,0.017401868919989613,0.16540592732131595,0.03786185129137506,0.29390392771663326,-0.027400523476291766
2023-08-02,7.824612372662317e-05,0.0029114342092989953,-0.03143110020757697,-0.027400523476291766,-0.17994845728261594,0.03434253441687597,0.05468224538233505,-0.015647458925190722
2023-08-03,-3.1207965595548554e-05,0.00200413156528742,-0.01970547776027042,-0.015647458925190722,0.02367353165244011,0.021709609325557974,0.06108604855216229,0.0018426264153829969
2023-08-04,2.1069023077887736e-05,0.011321394719084688,-0.005367692404980473,0.0018426264153829969,-0.17003840919923832,0.01668908712406506,-0.18238447939042038,-0.003814447819219337
2023-08-05,2.0456690844149362e-05,2.0456690844149362e-05,-0.011060928221495714,-0.003814447819219337,-0.3133599423297243,0.011081384912339872,-0.47944957491439555,0.005810157392304483
2023-08-06,2.2549951381844077e-05,0.013067825744412356,-0.0015154660158198123,0.005810157392304483,0.1158772393087291,0.014583291760232117,-0.28545789595547494,-0.007552165850022031
2023-08-07,2.900191069376964e-05,0.007040184774528625,-0.027311708645488233,-0.007552165850022031,0.2694894727312827,0.03435189342001687,0.09328148638240587,0.01996178170662998
2023-08-08,-3.527872766628335e-05,0.026017300177117904,-0.005080724268407327,0.01996178170662998,-0.05092682890647699,0.03109802444552522,0.059447847416386604,-0.0012454983121836702
2023-08-09,-6.219097096528838e-05,0.007481178081758016,-0.01058023183283824,-0.0012454983121836702,0.7323500283565125,0.018061409914596302,0.8264852091951331,-0.010951106661510149
2023-08-10,6.292496464208219e-05,0.0012830937051976875,-0.014950835214813812,-0.010951106661510149,-0.8839638618029,0.01623392892001151,-0.27411828186603177,0.0009377383823343042
2023-08-11,-2.3941190136741394e-05,0.0024789574823980425,-0.00703047014625849,0.0009377383823343042,-0.0883530247184408,0.009509427628656685,-0.38755926694101345,0.006188747350027199
2023-08-12,-6.00345713365759e-06,0.00699994335664981,-0.0014651496097761137,0.006188747350027199,-0.15142235537303425,0.008465092966425823,-0.5360405270860291,-0.009716025574193321
2023-08-13,1.6099680128174536e-05,0.0009596562709945619,-0.011973129691408594,-0.009716025574193321,0.17548674866991312,0.01293278596240312,-0.2932437634140199,0.0004008937124613361
2023-08-14,1.3866167102332098e-05,0.01111421582067323,-0.0052075511087661995,0.0004008937124613361,0.13781121310332578,0.016321766929439426,-0.11882383563380232,-0.03588228678432565
2023-08-15,-1.5294688499080562e-05,0.0003524777463237921,-0.0514043471928106,-0.03588228678432565,0.14141255330116675,0.051756824939134465,0.27335494963686835,-0.03090964798572242
2023-08-16,5.449571032061895e-06,0.004149117273014621,-0.0515441110882507,-0.03090964798572242,0.1453361077130476,0.055693228361265154,0.36909993345799486,-0.05010797852094283
2023-08-17,8.17550353398546e-07,0.027749548067055242,-0.07081134051469032,-0.05010797852094283,0.46129389072281807,0.0985608885817455,0.7309328893306816,0.01650403443668345
2023-08-18,3.6531242486551767e-06,0.024928217019108388,-0.01474509020522169,0.01650403443668345,-0.3035585724388895,0.03967330722432998,0.1870375651290754,0.0012777761971857183
2023-08-19,4.237930972975268e-05,0.00841296894924593,-0.01111410139560217,0.0012777761971857183,-0.5356210628195356,0.019527070344848015,-0.449725018888915,0.0005287779691074665
2023-08-20,1.5515927548533826e-05,0.002830045292339879,-0.009430694115069752,0.0005287779691074665,0.00870584869776405,0.012260739407409514,-0.4287727530805707,-0.019284729759976676
2023-08-21,-4.557511523536626e-05,0.0029619329591865284,-0.029897390549580977,-0.019284729759976676,0.23774030491871778,0.0328593235087674,-0.15780709535189663,-0.0029191773863200972
2023-08-22,-2.570471935021478e-05,0.002848052126601995,-0.03411195223482405,-0.0029191773863200972,0.054107008458457014,0.03696000436142602,-0.07941506366285034,0.015126437968015771
2023-08-23,-2.1033732444677704e-05,0.024257904477914254,-0.008178173016267902,0.015126437968015771,-0.042339913853087316,0.032436077494182175,0.01961708973143276,-0.014930144463298314
2023-08-24,3.25103919070768e-05,0.005747552317938159,-0.024555037645370724,-0.014930144463298314,-0.1352836571397229,0.030302589963308934,-0.04823575086658281,0.014563957713955114
2023-08-25,3.192101533265185e-05,0.014772570954744782,-0.012360580947915228,0.014563957713955114,0.05975611924322349,0.027133151902659868,-0.010285521678723233,0.004000902486597377
2023-08-26,2.827107797695328e-05,0.005104618105812936,-0.0015502867358840552,0.004000902486597377,-0.3882986948839021,0.006654904841696888,-0.42970532052548793,-0.0026780137785484587
2023-08-27,-1.5773170377457466e-05,0.006561502761266759,-0.007791460245088147,-0.0026780137785484587,0.12169233904871087,0.014352963006354769,-0.23072046551984857,0.02497685226941724
2023-08-28,-2.73853313567566e-05,0.02646257340181024,-0.014120537142549986,0.02497685226941724,0.3877747036679234,0.04058311054436026,0.2344195948692874,0.014409161237664744
2023-08-29,5.1036499027529034e-05,0.039884318801920046,-0.01343011041751192,0.014409161237664744,0.34909828874603704,0.053314429219432045,0.5723008154071663,-0.029654120926495556
2023-08-30,0.0001390762188387929,0.0008845337333944935,-0.031412562824367114,-0.029654120926495556,-0.4357227447123042,0.032297096557761674,0.0004478130661604844,-0.060632360958672915
2023-08-31,2.1653512684153568e-05,0.00017857491067864748,-0.0653713457975385,-0.060632360958672915,0.4580757506226713,0.06554992070821729,0.4517526836633744,-0.012638039665956736
2023-09-01,1.7311156364927927e-05,0.0052948326270553505,-0.024624204557140972,-0.012638039665956736,-0.24758054965085083,0.029919037184196397,0.03527169217468253,0.010861215518699613
2023-09-02,3.675886979207283e-05,0.012799859363988371,-0.0013195765349243032,0.010861215518699613,-0.5499514944581878,0.01411943589891288,-0.5943907242931132,-5.5831908599211136e-05
2023-09-03,3.84875166794635e-05,0.008340124316609814,-0.005775788959146407,-5.5831908599211136e-05,-0.025031766952088988,0.014115913275756307,-0.5589943132081928,-0.0019906136508758884
2023-09-04,-5.5611232073333654e-05,0.01209169422370334,-0.014184141074489669,-0.0019906136508758884,0.3093423054913105,0.026275835298192902,-0.09859356804180967,0.0008388189048231204
2023-09-05,1.7601691108059442e-05,0.010088943692371698,-0.009998222474764909,0.0008388189048231204,-0.14947782291161854,0.020087166167136548,-0.23774392272001882,0.002970154911374357
2023-09-06,3.472549329874953e-05,0.003739943468552404,-0.014929867386951666,0.002970154911374357,0.11465077531868988,0.018669810855504048,0.0373379989211433,0.004055735368665948
2023-09-07,2.825652389425838e-05,0.007554190694836856,-0.00781169616846152,0.004055735368665948,0.023666940112103674,0.01536588686329845,0.13655311365494313,-0.008631299867430694
2023-09-08,5.906424550962425e-05,0.00869396427832513,-0.01612654226634417,-0.008631299867430694,-0.0012501521610325875,0.024820506544669465,0.08195285973547224,-0.0024036222370373604
2023-09-09,-3.523130982182989e-05,0.005388653500660663,-0.002406883862412162,-0.0024036222370373604,-0.4924930630618643,0.0077955373630729215,-0.4648098826844653,-0.02091326986021381
2023-09-10,-2.339396231181314e-05,-2.339396231181314e-05,-0.029202701241738255,-0.02091326986021381,0.516035950238739,0.02917930727942643,0.13736222683238689,-0.0405091608274525
2023-09-11,-1.4700464259281404e-05,-1.4700464259281404e-05,-0.05702601806360793,-0.0405091608274525,0.4747087171707485,0.05701131759934866,0.5785928997153208,-4.8137899003902914e-05
2023-09-12,-4.4847995341530724e-06,0.02393480739481012,-0.003919483925562293,-4.8137899003902914e-05,-0.23270484319581258,0.02785429132037232,0.21067696405039174,0.003989903725317045
2023-09-13,0.00010207351257119286,0.020030910875629977,-0.007909197035868051,0.003989903725317045,-0.08003535457401816,0.027940107911497966,0.07488132404055642,0.013858180545265776
2023-09-14,-5.360589907950752e-06,0.0207716836810391,-0.005608505892205211,0.013858180545265776,-0.05084548589852126,0.02638018957324429,-0.011811185881802739,0.020299819944813457
2023-09-15,1.1395926379463159e-05,0.026727763549971487,-0.0016800282294355804,0.020299819944813457,-0.12456662383987442,0.028407791779406857,-0.22446607724747492,0.010483270249260683
2023-09-16,-7.517852168138721e-05,0.01920466825153734,-0.0002112740807778805,0.010483270249260683,-0.16128157084731692,0.01941594233231534,-0.38358267038199334,-0.02688012937722761
2023-09-17,-1.9025323560662826e-05,0.0004156186801205303,-0.030377850974058256,-0.02688012937722761,-0.1212479851499518,0.030793469654178753,-0.3717276977137794,0.008223389253339855
2023-09-18,-6.226019732200863e-05,0.03453260289813603,-0.010678634957174553,0.008223389253339855,0.43396759868134727,0.045211237855310636,0.165674605778922,0.011615834637510486
2023-09-19,4.874860587765508e-06,0.013282589383787834,-0.005062114171066559,0.011615834637510486,-0.0857460058252673,0.018344703554854375,0.0856722265406349,-0.0039389008810020954
2023-09-20,1.6405963854780433e-05,0.0023601497404651334,-0.016820164331833698,-0.0039389008810020954,-0.0417268195103408,0.01918031407229867,0.05724680169372204,-0.03088936592729154
2023-09-21,-1.324587447176058e-05,0.005091252677355078,-0.03234137114161293,-0.03088936592729154,0.02357537485808711,0.037432623818967975,0.07581960852378791,0.0013501338562149248
2023-09-22,1.4255194593259073e-05,0.005263907128871998,-0.004344518740515495,0.0013501338562149248,-0.15331146584405633,0.009608425869387474,-0.11734796478903117,0.003263269718257747
2023-09-23,-1.815114458139019e-05,0.004150676974301428,-0.0034634559219856396,0.003263269718257747,-0.32041732967366626,0.007614132896287112,-0.46617366601251803,-0.010556300921065851
2023-09-24,-4.7298951983310387e-07,0.005994637554268583,-0.011835493719576057,-0.010556300921065851,0.1017261783063438,0.017830131273844696,-0.2611953223472946,0.018355907902759493
2023-09-25,5.562673541853804e-05,0.023767221347592876,-0.0043835541930549,0.018355907902759493,0.3947002351338119,0.02815077554064778,0.20984888803493315,-0.01238259972002273
2023-09-26,-2.393533236491621e-05,0.0057658881062607505,-0.0176143728877858,-0.01238259972002273,-0.07427527230567828,0.023380260994046564,0.12447999496420861,-0.005840012342519718
2023-09-27,-5.7852657849757444e-05,0.013672617167939447,-0.010782869667817581,-0.005840012342519718,-0.1979375362330898,0.024455486835756993,-0.061395599539722207,0.020814091842503126
2023-09-28,-7.766639023409508e-06,0.02555230817738026,-0.001439351587999944,0.020814091842503126,0.10016349957282193,0.02699165976538037,0.05794458173713617,0.0006381676767828176
2023-09-29,-7.255576027226247e-06,0.009295143587721977,-0.0026504978356897135,0.0006381676767828176,-0.1160149412478813,0.011945641423411837,-0.1151212757951793,0.006930613439446031
2023-09-30,-1.2981571723552552e-05,0.009437658236309902,-0.0005876141566848323,0.006930613439446031,-0.3671499203340875,0.010025272392994907,-0.5001402391317866,0.037149757767770394
2023-10-01,-3.43788011983074e-05,0.04158196120935736,-0.0004234294186396053,0.037149757767770394,0.47738984447083405,0.042005390627996825,0.09632568063685,-0.03274015222787819
2023-10-02,-5.147858816412886e-05,0.00856140410781699,-0.037670212038501426,-0.03274015222787819,0.32936367721736254,0.046231616146318474,0.45000913064902603,-0.01207996951136303
2023-10-03,-0.00017565980742369962,0.008515979309043945,-0.01649367649395341,-0.01207996951136303,-0.6537420061868358,0.02500965580299742,-0.30660020674547744,-0.006631951969995899
2023-10-04,9.831049896572793e-06,0.0002954744741791518,-0.01971392312459498,-0.006631951969995899,0.19864961524642616,0.020009397598774323,-0.04864890755162154,-0.006091203431859715
2023-10-05,3.887908762739139e-06,0.006081493068655653,-0.009102860392756783,-0.006091203431859715,-0.25765745764644177,0.015184353461412631,-0.3033283032321772,0.012208060475448732
2023-10-06,-2.133661316649257e-05,0.01719110742526153,-0.0041615375730689455,0.012208060475448732,-0.07723384180230919,0.021352644998330457,-0.3937243001777437,-0.003863346300498149
2023-10-07,-2.962602645471643e-05,0.00950257736627664,-0.004273446336321292,-0.003863346300498149,-0.2595126053875691,0.013776023702598044,-0.5710189738129918,-0.010447965757283295
2023-10-08,-0.00012766793376205288,0.004100791197830462,-0.012473281038920762,-0.010447965757283295,0.22794249606773254,0.016574072236751235,-0.10769179932959928,-0.03474137454323189
2023-10-09,-3.290399949596612e-05,0.0033260268632385056,-0.05635797632073914,-0.03474137454323189,0.7908408891725095,0.05968400318397767,0.7165114103606638,-0.01685081518497279
2023-10-10,-4.6673640663929695e-05,0.003601743050340749,-0.02413616190354182,-0.01685081518497279,-0.4131504639616549,0.02773790495388257,0.1709303473580673,-0.019701069644066947
2023-10-11,1.6259522999718574e-05,0.0024322357648958464,-0.02848903968832251,-0.019701069644066947,0.030540633389001787,0.030921275453218423,0.147035935623704,-0.017394931786965377
2023-10-12,-9.739894126058772e-05,0.00021211443927715605,-0.026119498389609325,-0.017394931786965377,0.007463754690339932,0.026331612828886457,0.08430892468771664,0.012874363901240766
2023-10-13,1.031913883877986e-05,0.023826712603331617,-0.0009264954279382181,0.012874363901240766,-0.2312865184457504,0.02475320803126991,-0.24526010012188418,0.004043688230041284
2023-10-14,0.00010776057455928855,0.010221904178101253,-6.0227971861784914e-05,0.004043688230041284,-0.42111251515261927,0.01028213214996304,-0.6923865283357811,0.004993041059194834
2023-10-15,1.206036192006421e-05,0.009821386644083484,-0.006510490720228092,0.004993041059194834,0.3204899760709985,0.0163318773643116,-0.17398653575488265,0.0082833757520472
2023-10-16,2.0000410803093137e-05,0.030440513405736246,-0.003397806110502292,0.0082833757520472,0.6362275701790959,0.03383831951623852,0.5213747403852119,-0.029797161633529988
2023-10-17,-6.0516222285880804e-05,-6.0516222285880804e-05,-0.033293270581489384,-0.029797161633529988,-0.3612129362516944,0.033232754359203344,0.07377015172086335,-0.005048824772490126
2023-10-18,2.6403694520670092e-05,0.012347754204079424,-0.010497478215589794,-0.005048824772490126,-0.15127666903296025,0.022845232419669303,-0.06482116935451336,-0.002100050306447756
2023-10-19,-3.168924199417776e-05,0.00024337381023519303,-0.013447667433574423,-0.002100050306447756,0.23416402715769763,0.013691041243809664,0.16506878218876544,0.01964662619013285
2023-10-20,7.971191855525072e-05,0.04015199604704525,-0.002024328070094086,0.01964662619013285,0.2746537062939887,0.04217632411713926,0.3297976414061028,0.04803905690149679
2023-10-21,-9.674474127704707e-06,0.0637912208209005,-0.002304333745676226,0.04803905690149679,-0.01626481132948324,0.06609555456657672,0.19097740208039202,0.015328782204287449
2023-10-22,0.00021766945462110173,0.016150190857734118,-0.02170555921379079,0.015328782204287449,0.0067463763530051495,0.03785575007152495,0.20261053196738305,0.09234449377987534
2023-10-23,0.004189004445189584,0.09234449377987534,-0.008506527505490623,0.09234449377987534,1.0002139626045605,0.1008510212853658,1.1333115772456817,-0.0378864074760135
2023-10-24,0.00028420164692741917,0.012042140993051426,-0.05048484624813526,-0.0378864074760135,0.028492542132750123,0.06252698724118678,0.768065896283168,0.023240900935097918
2023-10-25,7.710438747723313e-05,0.03760717087591083,-0.0065298404247792815,0.023240900935097918,-0.40736258017949634,0.044137011300690206,0.08846541644473489,-0.011417969595057217
2023-10-26,7.577822487962133e-05,0.02869322700361616,-0.02700836796145764,-0.011417969595057217,0.02684720023471291,0.05570159496507371,0.0200078547520942,-0.023174058065478807
2023-10-27,1.5645301432120563e-05,1.5645301432120563e-05,-0.04118101263111912,-0.023174058065478807,-0.22112760327114364,0.04119665793255116,-0.2946531837534822,0.009795925676645651
2023-10-28,-4.319938318861234e-05,0.0196109162219427,-0.000899854076463034,0.009795925676645651,-0.4666364979611434,0.020510770298405735,-0.8117684166391805,0.031191296752124238
2023-10-29,2.0532915861853604e-05,0.040023521251469595,-0.007225640826931536,0.031191296752124238,0.14473108941803517,0.04724916207840119,-0.4898139865632607,0.04870758094332706
2023-10-30,5.616786142757158e-05,0.04876192109436183,-0.016015332578416693,0.04870758094332706,0.5060400916621873,0.06477725367277848,0.22208702443172634,-0.017066752704219746
2023-10-31,1.4533120349709771e-05,0.014911413326620031,-0.04643530225075261,-0.017066752704219746,0.04209824121807022,0.061346715577372646,0.2667351624094405,0.06094831053210714
2023-11-01,-2.924582881575382e-05,0.07454023164699337,-0.026650131369104765,0.06094831053210714,0.19461277245740044,0.10119036301609834,0.4600190176534783,-0.020411436111694544
2023-11-02,-7.1562470282077595e-06,0.013478463720427493,-0.037425155017611594,-0.020411436111694544,-0.10692166355058133,0.050903618738039176,0.2497913359359871,-0.00428724416651649
2023-11-03,2.9832341725085657e-06,0.0007952825584724396,-0.03380698996552796,-0.00428724416651649,-0.31356003338928035,0.034602272524000416,-0.19402563142285492,0.016232511188926345
2023-11-04,-4.587170181736901e-05,0.032680499130696934,-0.004298440760214667,0.016232511188926345,-0.19452552623303832,0.03697893989091157,-0.4329334279159823,0.01736977581564433
2023-11-05,-6.871694587999104e-05,0.043445078815404985,-0.004279919895880138,0.01736977581564433,0.45986792267854015,0.047724998711285146,0.08843229071061866,0.04007124385428568
2023-11-06,-9.091169753062823e-05,0.04349311228359211,-0.015045331933759948,0.04007124385428568,-0.08594748419747271,0.0585384442173521,-0.005936272096122517,-0.007451610865561099
2023-11-07,3.7909213771776227e-05,0.007189743494012375,-0.047655650235380834,-0.007451610865561099,0.10042348799917875,0.05484539372939317,0.15021514032425795,0.024457127206359102
2023-11-08,-3.422967707533018e-05,0.030019214665675996,-0.011964252525403217,0.024457127206359102,0.025189934102054695,0.04198346719107917,0.1834129799317041,0.006660173234685867
2023-11-09,-0.00022940627049724706,0.03884608147544453,-0.05225561459357202,0.006660173234685867,0.5515023585745571,0.0911016960690166,0.6736690162646845,0.04109982750685675
2023-11-10,6.523386483438584e-05,0.04270927811187076,-0.014967548348264137,0.04109982750685675,-0.2626278312233156,0.05767682646013507,0.1837850828063549,0.046510124549704324
2023-11-11,-2.977577447706365e-05,0.06514910567156725,-0.03460793771212275,0.046510124549704324,0.3639845297673474,0.09975704338369007,0.482633095579073,0.027481406043700078
2023-11-12,9.848533089563249e-05,0.051486649613899794,-0.029330558621036673,0.027481406043700078,-0.03536655157580676,0.08081720823493643,0.2857552964755993,-0.06132545470385845
2023-11-13,0.00012538568540436542,0.02905578195433724,-0.06201647363148232,-0.06132545470385845,-0.18085695360502416,0.09107225558581938,-0.013940719755377619,-0.031341098798196416
2023-11-14,-0.00010899235336608332,0.027126781994583207,-0.058019023818792,-0.031341098798196416,-0.14092851063180684,0.08514580581337514,-0.22232135130716751,0.06750406002853115
2023-11-15,-4.7293236681886346e-05,0.07919316856821015,-0.0003627303376244489,0.06750406002853115,-0.04789853470318124,0.07955589890583464,-0.22241890897953925,-0.03801744876642955
2023-11-16,7.273012308861419e-05,0.038532843230523015,-0.04618684418544082,-0.03801744876642955,0.24163275028033665,0.08471968741596374,0.02594867431461788,-0.02192761712202043
2023-11-17,-7.270613159286974e-05,0.022270968350081438,-0.051909447534881824,-0.02192761712202043,-0.3095001333254548,0.07418041588496324,-0.24643187757048668,0.009307003879774102
2023-11-18,0.00010623705189084367,0.00947064579954002,-0.04236195151339549,0.009307003879774102,-0.29897903772151263,0.051832597312935595,-0.4557007333714776,0.02851079647182941
2023-11-19,2.7395667791393348e-05,0.03505352834405028,-0.018666276120355343,0.02851079647182941,-0.010240314561663987,0.053719804464405614,-0.366973997410649,-0.025985710909304335
2023-11-20,-2.093315173238982e-05,0.020876405150179172,-0.028231377849963595,-0.025985710909304335,0.14484887492611115,0.04910778300014284,-0.14591355563573546,-0.08150660962458199
2023-11-21,3.0203018218720246e-05,0.004192269707082803,-0.08838818413537142,-0.08150660962458199,0.2744545265875364,0.09258045384245446,0.1747791496843142,0.05635932240750416
2023-11-22,-0.0002792527651173455,0.07658031816454007,-0.003914499003814816,0.05635932240750416,-0.3129495032388328,0.08049481716835488,-0.08417070573549137,-0.007612125843986924
2023-11-23,-4.157425958434966e-05,0.008429672245344579,-0.014798097205012916,-0.007612125843986924,-0.5308782257284526,0.023227769450357396,-0.5728193160653099,0.021144515404422016
2023-11-24,7.059223260746294e-06,0.029763437275674497,-0.0012816100313177774,0.021144515404422016,0.45246608918811176,0.031045047306992424,-0.05696225454828316,0.016408349952155354
2023-11-25,-8.103212191409043e-05,0.026003251144432922,-0.0024506898254254782,0.016408349952155354,-0.4372814211673913,0.02845394096985836,-0.49943602676189974,-0.0009304738255973604
2023-11-26,9.930169882415515e-06,0.014411663598816238,-0.023747362659852587,-0.0009304738255973604,0.31047433460536844,0.03815902625866875,-0.0947814793376691,-0.03121396184724698
2023-11-27,-0.00017050767178070038,0.007819109231127159,-0.05318813441870618,-0.03121396184724698,0.17717504497641715,0.06100724364983328,0.21422443544419098,0.020936034415801087
2023-11-28,-6.393166040261036e-05,0.028063118243441713,-0.008695074804102004,0.020936034415801087,-0.08212096829270604,0.036758193047543734,0.1391755596229945,-0.01965604440414697
2023-11-29,-3.799738578108424e-06,0.01868041542977839,-0.021205369574911523,-0.01965604440414697,-0.01613655591401548,0.0398857850046899,0.047059322547838754,0.05600644423733983
2023-11-30,4.244211564313853e-06,0.07452093389202522,-0.007669114182388253,0.05600644423733983,0.42713295726359735,0.08219004807441348,0.48452921490858636,0.0016901590244752154
2023-12-01,5.28661847069176e-05,0.009193385702637703,-0.015847254895706167,0.0016901590244752154,-0.6061979851127178,0.025040640598343836,-0.28818610730422023,0.017892032380158882
2023-12-02,-5.643779776679914e-05,0.022100108090033987,-0.0029375997071564713,0.017892032380158882,-0.1788549142484725,0.025037707797190265,-0.4511228664953277,-0.004910973831886391
2023-12-03,-8.486771079577979e-05,0.006203261001633917,-0.0236594639755708,-0.004910973831886391,0.1698311813742365,0.02986272497720486,-0.20480908975327589,0.014276205436100059
2023-12-04,-3.266900342029821e-05,0.030120841590111934,-0.010126138781225494,0.014276205436100059,0.592586106861616,0.040246980371337567,0.42539862613582924,0.04945494433339658
2023-12-05,0.00011601746546210032,0.053039247112042935,-0.018890596502958653,0.04945494433339658,0.23549708049723272,0.07192984361500143,0.56393615427255,0.02204272383030024
2023-12-06,-0.00013584344725083754,0.046795737807524905,-0.016468772591221457,0.02204272383030024,0.11323393378025046,0.06326451039874635,0.611947380116237,0.03309336788601096
2023-12-07,0.0001850106579700982,0.039343542565120924,-0.018657685702253898,0.03309336788601096,-0.25731090951952634,0.058001228267374805,0.15281934618855342,0.09069289210522993
2023-12-08,4.434945739632693e-05,0.09966917358604485,-0.01024881951278324,0.09069289210522993,0.3125192063304115,0.10991799309882813,0.3397576503207007,0.03983263240413545
2023-12-09,3.7436957161888837e-05,0.1146554945441649,3.7436957161888837e-05,0.03983263240413545,0.5448977250616536,0.11461805758700287,0.7215026179970001,0.030980018454967312
2023-12-10,-3.6244359475507996e-05,0.030980018454967312,-0.018450874087956405,0.030980018454967312,-0.8015266982543193,0.04943089254292383,-0.3049050393821984,-0.09044683961306324
2023-12-11,0.0001036552303272603,0.0004794776953892425,-0.13437596327508852,-0.09044683961306324,0.5212226670828324,0.13485544097047786,0.2300035293135131,0.06033174028589839
2023-12-12,-4.514866728122961e-05,0.08522343169976004,-4.514866728122961e-05,0.06033174028589839,-0.011880480578998934,0.08526858036704126,0.1514950142122678,0.06604824327169871
2023-12-13,4.685517910636501e-07,0.06810587539059548,-0.06648180603919601,0.06604824327169871,-0.13731858920755102,0.13458768142979133,-0.08156965090142876,-0.011774848713698776
2023-12-14,0.00016321029996587823,0.015616505454816782,-0.06340622550809139,-0.011774848713698776,0.06311285240965406,0.07902273096290807,-0.03834737127506145,-0.07800034128839237
2023-12-15,-0.00017747225346528738,0.004427042624740256,-0.07800034128839237,-0.07800034128839237,-0.23978349702000498,0.08242738391313255,-0.18910949111463118,0.01839650834980249
2023-12-16,-2.673186958054553e-06,0.05321988894165256,-0.007643598066433529,0.01839650834980249,-0.33105327979824695,0.060863487008085956,-0.5491154402493421,-0.04233107589636967
2023-12-17,-3.411850649701515e-05,0.009378221105175222,-0.045325310823767034,-0.04233107589636967,-0.07219889213850543,0.05470353192894234,-0.5078380866183464,0.012220744303020755
2023-12-18,-0.00027980010869712576,0.012780248603752355,-0.057820333934358606,0.012220744303020755,0.16728044070463371,0.07060058253811087,-0.20562024478192314,-0.02362110171324022
2023-12-19,7.052726344552636e-05,0.021471436263379853,-0.035858351254008644,-0.02362110171324022,-0.2940476821648565,0.057329787517388396,-0.41283087645523187,0.03331360185577392
2023-12-20,-9.309638475689208e-05,0.058905898677021395,-0.01101692274307672,0.03331360185577392,0.28388164516438474,0.0699228214200981,0.03763009777256813,0.18594867577868565
2023-12-21,4.951838903481277e-05,0.18613000727928114,-0.0021577000320506475,0.18594867577868565,1.1546781901659062,0.18828770731133165,1.2520110571886047,-0.048063151974280294
2023-12-22,0.0010272246182276288,0.02004652831130464,-0.06037099853738143,-0.048063151974280294,-0.4090409846650646,0.08041752684868608,0.4395237302643926,0.04574125779919297
2023-12-23,-2.2977103855577076e-05,0.057203954282482115,-0.0446334641960741,0.04574125779919297,-0.33029605439593307,0.10183741847855622,-0.06012998889523084,0.036007694563853124
2023-12-24,-5.030112080085606e-06,0.09313477079260324,-0.0005563236675548289,0.036007694563853124,0.8522569838057781,0.09369109446015803,0.7312767733029215,0.06498929497631294
2023-12-25,-5.31550499848396e-05,0.08112510370324805,-0.012751258144769306,0.06498929497631294,-0.20028587066551556,0.09387636184801734,0.24771008336311562,-0.04537621764947299
2023-12-26,-0.0006834031965817402,0.03721353499804215,-0.07996738547595476,-0.04537621764947299,-0.22248119477263298,0.11718092047399702,-0.13014645268902286,-0.01326180044760405
2023-12-27,-1.47065295804455e-05,0.020004648438793033,-0.04366634415438159,-0.01326180044760405,-0.40007358396822496,0.06367099259317456,-0.46431691332378205,-0.02949583899211574
2023-12-28,2.739439324609089e-05,0.022264736230058115,-0.04582212571883172,-0.02949583899211574,-0.08770216587530243,0.06808686194888998,-0.5068845675654798,-0.01881334490081125
2023-12-29,1.9411618057132465e-05,0.026563371496275492,-0.037900097481694574,-0.01881334490081125,0.08767772811881298,0.06446346897797019,-0.4119499792526246,0.009390363728767556
2023-12-30,1.2880219479135709e-05,0.021659553233656238,-0.019273499581736388,0.009390363728767556,-0.6844560567525629,0.04093305281539269,-0.9110783869763635,-0.021356401335613714
2023-12-31,-0.00022252582396899463,0.030204599903880833,-0.029419765260336093,-0.021356401335613714,0.24209401223683708,0.05962436516421685,-0.42468999421874903,0.04823657371146985
2024-01-01,0.0008592657959820955,0.05122092809395776,-0.011608528713845427,0.04823657371146985,-0.21152639289443514,0.06282945680780311,-0.4463627795337125,-0.021895173556008545
2024-01-02,2.894610717479903e-05,0.023256222222365633,-0.02886414173381028,-0.021895173556008545,0.322768194208702,0.05212036395617592,0.0021291487951808096,-0.09610581659333793
2024-01-03,2.153841898560103e-05,0.017887208279693152,-0.1869712082949531,-0.09610581659333793,0.6659086343399812,0.20485841657464623,0.7248664695595294,0.03087902345087185
2024-01-04,-4.679985990853281e-05,0.04423278548910687,-0.013708479570963302,0.03087902345087185,-0.6865185050439098,0.057941265060070114,-0.07272090060701178,-0.05689705165726734
2024-01-05,-2.7649338267456166e-05,0.008146702239508944,-0.08401962183701582,-0.05689705165726734,0.04283478298978304,0.0921663240765249,-0.08118389206405457,-0.042069077984199815
2024-01-06,4.867266753668139e-06,0.0004080636584698921,-0.06352795726939414,-0.042069077984199815,-0.36787414180298317,0.06393602092786399,-0.4718367835087792,-0.03463173850316697
2024-01-07,0.00011681737000085904,0.02423645613604305,-0.04210496102279342,-0.03463173850316697,-0.07421132747242057,0.06634141715883655,-0.5431561301015924,0.08104112967481576
2024-01-08,8.905942329949425e-05,0.08411596559912674,-0.049219496217156634,0.08104112967481576,0.4319852132159861,0.1333354618162834,-0.04863776196573639,-0.049442665804664734
2024-01-09,8.888553926761238e-05,0.005843414987962282,-0.07654449508581342,-0.049442665804664734,-0.1610632727969993,0.08238791007377572,-0.01636046007414825,0.11330185473489883
2024-01-10,0.0001869732819553773,0.12613517446785968,-0.03854938778350983,0.11330185473489883,0.3496208336486662,0.1646845622513695,0.3605708821984769,0.024674393270648992
2024-01-11,0.000289611525428824,0.07206784956816745,-0.011073298937687681,0.024674393270648992,0.2515384821569281,0.08314114850585509,0.5662955375189189,-0.07639487906477285
2024-01-12,-0.0004882677485480398,0.004413465287942526,-0.09640743498459305,-0.07639487906477285,-0.4237024458656237,0.10082090027253557,-0.03445542214707329,0.005758208445054262
2024-01-13,-0.00028516245033489323,0.022304506849302276,-0.020867195716626,0.005758208445054262,-0.5480683996353439,0.04317170256592831,-0.6500141024437782,-0.038275713828801884
2024-01-14,2.0356075360621575e-05,0.009861654148541416,-0.038275713828801884,-0.038275713828801884,-0.1703259337915731,0.04813736797734313,-0.7442456900289288,0.025692164236597075
2024-01-15,-0.00021152774200112096,0.046527644589754884,-0.0009153585109956877,0.025692164236597075,0.13059059039088222,0.04744300310075063,-0.5430321539312672,-0.0036950215353375613
2024-01-16,-0.0003152861736591175,0.019081787238504816,-0.021874856609623655,-0.0036950215353375613,0.008669477239984071,0.040956643848128534,-0.3925041165606164,-0.02119751663279004
2024-01-17,-0.00019081520585764484,0.01338322782938474,-0.03027507394984198,-0.02119751663279004,-0.06582513964259072,0.04365830177922662,-0.19288343486333875,-0.045378714104189526
2024-01-18,0.0002973872529910334,0.006014067852041283,-0.06620064531520713,-0.045378714104189526,0.27750221992645957,0.07221471316724844,0.24643049449446208,-0.019166344391395747
2024-01-19,-4.66802039343369e-05,0.00487037476214585,-0.06058736767779771,-0.019166344391395747,-0.061105080601389354,0.06545774243994354,0.14391161381055514,0.0035270095824683537
2024-01-20,5.743018246194817e-05,0.009896699451455613,-0.013326441062258635,0.0035270095824683537,-0.4874434689733749,0.02322314051371411,-0.400017209661176,-0.013362982025205883
2024-01-21,0.00020208033619071518,0.009470749067492045,-0.013362982025205883,-0.013362982025205883,-0.19242903239396394,0.022833731092698036,-0.5389622662411119,-0.07223605100904253
2024-01-22,0.00016375817339063975,0.0041134166559992765,-0.07418786747047705,-0.07223605100904253,0.8474004534042145,0.07830128412647619,0.39334954307682346,0.0033901988902839348
2024-01-23,1.5811923644007485e-06,0.017260178229644763,-0.053769415592008304,0.0033901988902839348,-0.07253986620366006,0.07102959382165303,0.23051801466560196,0.016452502224283898
2024-01-24,-2.1011250474097285e-06,0.027575031160683182,-0.014246891269986196,0.016452502224283898,-0.3187519124232444,0.04182192243066939,-0.0965893922610445,-0.003936499598875757
2024-01-25,1.2696203399895348e-05,0.015344269844716754,-0.01662578483105005,-0.003936499598875757,-0.15440489410383354,0.03197005467576679,-0.20438760136451528,0.03631994210462669
2024-01-26,-7.677754281393306e-05,0.043895958933087856,-0.01079036941268727,0.03631994210462669,0.1759446769011791,0.054686328345775186,-0.04517823043175372,-0.0003314311275613102
2024-01-27,4.3163017361814e-05,0.010084645601844936,-0.020040456060421128,-0.0003314311275613102,-0.27708980741174577,0.030125101662266094,-0.3923507948341353,0.025003198820301793
2024-01-28,-1.8872793796152807e-05,0.025003198820301793,-0.013747400616162532,0.025003198820301793,0.24992186565942687,0.03875059943646414,-0.011331638719127915,0.02765204220199689
2024-01-29,0.0011208489047382655,0.06390296066780259,-0.01745944500045901,0.02765204220199689,0.6277658425275332,0.08136240566826176,0.695229702190513,-0.027236864567833592
2024-01-30,0.0,0.0062448264728930305,-0.028633511281081023,-0.027236864567833592,-0.4365187759305768,0.03487833775397396,0.0884046219685519,-0.027596244170846742
2024-01-31,-0.00014601747809863452,0.005765565598009631,-0.03560857556498654,-0.027596244170846742,-0.11125453673321586,0.0413741411629961,-0.0839241802034866,0.020130530081462508
2024-02-01,-1.1248020536550404e-05,0.02292203960215723,-0.01486227506800881,0.020130530081462508,-0.2193096902755374,0.037784314670165936,-0.3126517129768688,0.021148104602764083
2024-02-02,-2.022219558761384e-05,0.03293782787527272,-0.002645203704412375,0.021148104602764083,-0.0020009423797272886,0.035583031579685336,-0.32985529956878995,-0.015214858561338572
2024-02-03,4.585247677900952e-05,0.009020318931054972,-0.016206089109099202,-0.015214858561338572,-0.37212201737283795,0.025226408040154125,-0.6799071674288445,-0.024338596195202837
2024-02-04,-5.4584992826235156e-05,-5.4584992826235156e-05,-0.02492193671104258,-0.024338596195202837,-0.08515491336879769,0.0248673517182163,-0.5218513526962231,0.008912269480470096
2024-02-05,-9.541163044984008e-05,0.04318269525677593,-0.009689992103072618,0.008912269480470096,0.502124013334477,0.05287268735984835,0.13433664467030604,0.011645037543853471
2024-02-06,2.977164721225229e-06,0.014386605837219936,-0.011018519692860723,0.011645037543853471,-0.12177524100121712,0.025405125530080577,0.05771333275979223,0.019530160912971835
2024-02-07,8.547809193056477e-06,0.021820637197917644,-0.019776046651813633,0.019530160912971835,0.11944994044691813,0.04159668384973151,0.19471783707099619,0.010711429074102389
2024-02-08,2.260507710821624e-05,0.022943107194351386,-0.009608620661987182,0.010711429074102389,0.2841295292706315,0.0325517278563385,0.4687822656636047,0.02489542761146125
2024-02-09,4.9282234848539656e-05,0.04167469270775062,-0.007102470175120933,0.02489542761146125,0.16948202530791678,0.048777162882871636,0.48923993266680177,0.0024126716673087143
2024-02-10,8.148643731048085e-05,0.013208605243440233,-0.01647657701483095,0.0024126716673087143,-0.5466391078251378,0.029685182258271284,-0.24012391029072794,-0.015778258539479378
2024-02-11,-9.803311966176166e-05,0.01680219704475481,-0.016997030192068836,-0.015778258539479378,0.12513908101680365,0.03379922723682359,-0.09912167994884918,0.034631589740249276
2024-02-12,0.00011241577857667558,0.03787406278424763,-0.014685079325793104,0.034631589740249276,0.36936090847720066,0.052559142110040744,0.2450855367744615,0.0022938382575853674
2024-02-13,-0.00018734945883155447,0.01322390767038908,-0.02665057577373085,0.0022938382575853674,-0.015791110077636672,0.03987448344411998,0.14817493972983165,0.03932734034200276
2024-02-14,-0.0001439759521844526,0.04538087732474544,-0.010572694793437134,0.03932734034200276,0.19739586191247674,0.055953572118182617,0.32342021379257174,0.01552048817262231
2024-02-15,-3.77329190561456e-05,0.036339773806511697,-0.013258475034965864,0.01552048817262231,0.13231937087774198,0.049598248841477455,0.4227295101071053,-0.0156099660728704
2024-02-16,0.00033614261589798067,0.010804502082760327,-0.028593353779761896,-0.0156099660728704,-0.439115536174428,0.03939785586252224,-0.17273028940136156,0.006089356038299854
2024-02-17,-5.41763151495366e-05,0.006089356038299854,-0.03967503570033456,0.006089356038299854,-0.13323217482180452,0.04576439173863451,-0.3417691913043608,0.01873545297108425
2024-02-18,3.094547525111576e-05,0.026751219515114395,-0.0012075591228406565,0.01873545297108425,0.07895949174168077,0.027958778637955053,-0.22000220443437338,0.022558212505231715
2024-02-19,7.501495215518369e-05,0.03606915995243067,-0.02280712041481656,0.022558212505231715,0.4791446954078084,0.05887628036724737,0.28809991325614676,-0.03755576644779731
2024-02-20,-2.0548532992806378e-05,0.009786642364510654,-0.07195713520379675,-0.03755576644779731,0.1339474954498023,0.08174377756830746,0.3927688023488193,-0.03485567265162226
2024-02-21,-3.292751304287044e-05,-3.292751304287044e-05,-0.06445968038758298,-0.03485567265162226,-0.31383642348557683,0.06442675287454004,0.0460605271953935,0.0019514004741957574
2024-02-22,0.00013183768763143974,0.02553056082433382,-0.02478423405858667,0.0019514004741957574,-0.14566891617136093,0.05031479488292045,-0.14410830130278893,0.010703714839642817
2024-02-23,-5.346557450745015e-05,0.020264129935150612,-0.027573553294395217,0.010703714839642817,0.04203397417839533,0.047837683229545756,-0.13737215900308428,0.03200496199060218
2024-02-24,-4.602310996837126e-06,0.04166718700592819,-0.01579908162941031,0.03200496199060218,-0.0503904864953209,0.05746626863533855,-0.21826673909871222,0.014449825514773931
2024-02-25,3.926042278492242e-05,0.015768057016711377,-0.01599573531174891,0.014449825514773931,-0.2561805347694063,0.03176379232846027,-0.40858750926546267,0.022622413903015334
2024-02-26,-0.0001240457738320111,0.022622413903015334,-0.04243755675799476,0.022622413903015334,0.47859473678345216,0.06505997066101,0.222295013067477,0.03243237019100731
2024-02-27,9.695906264184996e-05,0.04077328551734654,-0.007654289787594798,0.03243237019100731,0.31337115241938385,0.04842757530494128,0.5192893494122621,-0.003455323211246955
2024-02-28,-0.000170551634692793,0.0377008225441005,-0.061431588054141756,-0.003455323211246955,0.406777792720703,0.09913241059824228,0.7969812566533282,-0.010555094000521199
2024-02-29,0.0001455105511148328,0.06256097903202891,-0.035947371968788874,-0.010555094000521199,-0.18075246356151575,0.09850835100081783,0.3835890610226436,0.049534422566776405
2024-03-01,-0.0002903603001163217,0.04955509171278847,-0.0002903603001163217,0.049534422566776405,-0.4130596560970331,0.04984545201290471,-0.17486250159069497,0.08418634341739069
2024-03-02,-5.497185221273963e-06,0.08663007555622396,-0.006817689981027694,0.08418634341739069,0.49767356578344774,0.09344776553725177,0.249361360348336,0.03757822278936147
2024-03-03,0.00045307982386338886,0.04632712986897261,-0.07145232355651389,0.03757822278936147,0.1817161000558393,0.11777945342548637,0.3185213751677495,0.011541417040401788
2024-03-04,-0.0004736670657016616,0.04708249090336893,-0.015701165595781233,0.011541417040401788,0.25587489669746727,0.06278365649914999,0.4728046643792947,-0.06038589305637518
2024-03-05,-0.0014954478301352637,0.08115684276825487,-0.169382079659588,-0.06038589305637518,0.4507956140429794,0.250538922427843,0.8348353694234597,0.11945267650634316
2024-03-06,1.6353849886727737e-06,0.12359611155629784,-0.042359135263747336,0.11945267650634316,-0.5403848490758437,0.1659552468200452,0.04237285959596525,-0.008804020408635566
2024-03-07,0.0,0.04422175217154969,-0.023697984147011054,-0.008804020408635566,-0.291021336631727,0.06791973631856081,-0.36116180990339,0.02305442457532949
2024-03-08,-1.180425417079731e-05,0.027268117985167945,-0.040932558105689645,0.02305442457532949,0.03888084801281609,0.06820067609085771,-0.32997084610539074,-0.013459784644320141
2024-03-09,2.3249130348714305e-06,0.0277663666321311,-0.020472826374273796,-0.013459784644320141,-0.3027245560438172,0.048239193006404946,-0.6197211905195451,-0.023435082051637166
2024-03-10,4.5315761778324533e-07,0.004937992333936616,-0.05137264306744882,-0.023435082051637166,-0.14594609977193915,0.056310635401385416,-0.6632032321087654,0.07111199078809068
2024-03-11,1.688592389420301e-05,0.0892448312165889,-0.03162571772933616,0.07111199078809068,0.6342907911381218,0.12087054894592512,0.2633825566926132,-0.028467802710843083
2024-03-12,0.0,0.009581189798305217,-0.08028250064381967,-0.028467802710843083,-0.25760858961690297,0.08986369044212468,0.023837867718691057,0.05393765167820947
2024-03-13,9.939331855669594e-05,0.05393765167820947,-0.006413752609062088,0.05393765167820947,0.004535687242118528,0.060351404287271475,0.03529219905292245,0.0194040405593637
2024-03-14,1.8111176934184202e-05,0.04839442427697149,-0.051595823923652424,0.0194040405593637,0.5170889614361105,0.09999024820062401,0.5669439616371129,-0.06297867239348927
2024-03-15,-9.91440235334888e-07,0.011678530899316402,-0.13600906952782404,-0.06297867239348927,-0.04124658800691776,0.1476876004271406,0.3547547373500235,-0.11129174412915528
2024-03-16,0.0,0.00441493603285326,-0.12956881564278172,-0.11129174412915528,-0.44430524279493294,0.13398375167563512,-0.24153260864273632,0.042279407671032575
2024-03-17,0.0,0.05457134481021935,-0.048143659961456295,0.042279407671032575,-0.23119440368354557,0.1027150047716757,-0.4329922220043085,-0.020797919731722844
2024-03-18,-0.003630231210318481,0.03180689235267196,-0.05080066696561946,-0.020797919731722844,-0.009335382636158742,0.08260755931829145,-0.413981806402127,-0.12258833536722397
2024-03-19,0.0,0.007367586496698866,-0.14097253251553013,-0.12258833536722397,0.2735429804686274,0.14834011901222904,-0.10922816557299642,0.07974109175828271
2024-03-20,0.0,0.08668232741942733,-0.02936069990839684,0.07974109175828271,-0.13443766408616883,0.11604302732782419,-0.1353943037484892,-0.03418175085178082
2024-03-21,0.0,0.008983298545562474,-0.045330139499939866,-0.03418175085178082,-0.4398970509320548,0.05431343804550239,-0.4397117401755044,-0.02804000646589958
2024-03-22,-9.668938156771518e-06,0.01949256313796455,-0.05007742794385618,-0.02804000646589958,-0.1424085414998595,0.0695699910818209,-0.4850080251970038,0.007019715603710376
2024-03-23,0.0,0.03286528695676575,-0.0043987447473498595,0.007019715603710376,-0.44533077208013927,0.03726403170411549,-0.8572611061887042,0.04220690485914026
2024-03-24,1.539527283394496e-05,0.04860832022834347,-0.0008725028957112902,0.04220690485914026,0.01595556476483094,0.049480823124054794,-0.7117795300910629,0.03855728006664825
2024-03-25,-1.526806834685411e-06,0.04702986649243181,-0.008059418161869678,0.03855728006664825,0.4430930623308731,0.05508928465430154,-0.032160775252199465,-0.0048429458617004475
2024-03-26,0.0,0.0318130898921745,-0.020529582872560688,-0.0048429458617004475,0.18220264264718966,0.052342672764735185,0.31057114527716456,-0.025797611151835907
2024-03-27,0.0,0.01064910428937737,-0.03961909570697703,-0.025797611151835907,-0.10317031895883665,0.05026819999635443,0.19328445534534916,0.007700529969518107
2024-03-28,0.0,0.021490475164545296,-0.015026827283459748,0.007700529969518107,-0.22749622137481001,0.03651730244800507,-0.05547730524631202,0.008314216778839811
2024-03-29,0.0,0.02905645590743198,-0.016094442737602667,0.008314216778839811,0.1254521511305334,0.04515089864503464,0.020694570964935634,-0.0170785772271039
2024-03-30,4.4223143230008366e-05,0.010120657683796844,-0.020811378296803396,-0.0170785772271039,-0.5251544003812757,0.030932035980600153,-0.5721519238811039,0.021901172822039856
2024-03-31,0.0,0.021933711028102747,-0.0008065330113243988,0.021901172822039856,-0.13024361506613266,0.02274024403942702,-0.6164040454490552,-0.05123142533533168
2024-04-01,-1.2857259348139782e-06,0.009159560747286952,-0.07544714852344986,-0.05123142533533168,0.6952845106870764,0.08460670927073684,0.23828142600127997,-0.06568975478716547
2024-04-02,-2.3943225408026515e-06,3.2271213104071573e-06,-0.08788055196086592,-0.06568975478716547,0.10468237729375673,0.08788377908217632,0.3593747769448203,-0.017053928478344745
2024-04-03,-1.4451957053486715e-06,0.02288829389100507,-0.03344069828915694,-0.017053928478344745,-0.2782534305409693,0.05632899218016219,0.015527231640878084,0.006775870496254531
2024-04-04,-6.784858909370598e-07,0.03193805916095087,-0.018452931419651698,0.006775870496254531,-0.07521344581528679,0.05039099058060271,-0.030201700941140046,-0.012068697427402044
2024-04-05,-6.289789234842548e-06,0.0020297588134341217,-0.04784809733280475,-0.012068697427402044,-0.04501471944011524,0.04987785614623889,-0.12649137335768282,0.012456453917369732
2024-04-06,0.0,0.018748982446235327,-0.005286590114168404,0.012456453917369732,-0.378758158995364,0.024035572560403902,-0.5618915765497713,0.02471386222904621
2024-04-07,-2.324094011844097e-05,0.028250666126884538,-0.0031016525074656913,0.02471386222904621,0.1653295286403961,0.031352318634350264,-0.28072642887178334,0.038077486907409794
2024-04-08,0.0,0.042109309366323164,-0.014918281057460512,0.038077486907409794,0.3294786883372829,0.05702759042378373,0.18511756327256024,-0.043452564090704575
2024-04-09,1.4761689913005754e-06,0.0063414056817385255,-0.04596896357535277,-0.043452564090704575,0.16247238989309495,0.05231036925709129,0.3485981181291018,-0.028241411912301787
2024-04-10,-4.074573729344594e-06,0.003094080585392826,-0.055446586629479176,-0.028241411912301787,-0.0012325331287481084,0.058540667214871965,0.29002073966304326,-0.004698112839429063
2024-04-11,-8.835704492895357e-06,0.011456958225927032,-0.026222062869356185,-0.004698112839429063,-0.3090808277923671,0.03767902109528337,-0.08178001885477452,-0.14600964589790355
2024-04-12,4.0402161987871234e-05,0.01217260854237264,-0.23869505775698108,-0.14600964589790355,1.0799768546857103,0.25086766629935375,0.9455758998863318,-0.12066850590599186
2024-04-13,1.0667899401870047e-05,0.011488012121914528,-0.2201695275138077,-0.12066850590599186,0.030767003966966206,0.2316575396357223,0.662223756128916,0.06796584063721568
2024-04-14,0.0,0.07567329020619502,-0.030576079061200214,0.06796584063721568,-0.270628898613645,0.10624936926739514,0.17667956976379753,-0.02309283439163144
2024-04-15,0.0,0.04753559656008268,-0.06164135561064718,-0.02309283439163144,-0.39625246905049877,0.10917695217072983,-0.31320115915431185,-0.0018615477420482324
2024-04-16,-1.4491625261546932e-05,0.014589725192744173,-0.04891825894271774,-0.0018615477420482324,-0.36444372729346647,0.06350798413546206,-0.6959144118380753,-0.01813648127605845
2024-04-17,4.34131334331767e-06,0.009932209312964312,-0.052605177819812304,-0.01813648127605845,-0.1659223193551681,0.06253738713277654,-0.8694214911697368,0.0308133005128226
2024-04-18,6.377494633195691e-06,0.03566452707948581,-0.018482793579347536,0.0308133005128226,-0.12125168774690308,0.05414732065883343,-0.7856885985669189,-0.014527649789217697
2024-04-19,0.0,0.01825615842543953,-0.07445985713695792,-0.014527649789217697,0.443457104190354,0.09271601556239759,-0.05510709214625466,0.07856476796836064
2024-04-20,-7.629243575109062e-06,0.08432993680194147,-0.00974066708292269,0.07856476796836064,-0.5065362410858876,0.09407060388486427,-0.39069680812876323,-0.013812188280770318
2024-04-21,1.9114795155264814e-05,0.007390944714038796,-0.03515856818779716,-0.013812188280770318,-0.1191451429317527,0.04254951290183607,-0.3576082679375955,0.046937181459812224
2024-04-22,0.0,0.059000912686586436,-0.0026161554313336986,0.046937181459812224,0.38917603899930003,0.06161706811792025,0.11907331540939052,-0.031698912635091246
2024-04-23,0.0,0.008090853144465652,-0.03575246702924069,-0.031698912635091246,-0.06276511414216612,0.043843320173706186,0.03797407839736828,-0.04437241099249552
2024-04-24,0.0,0.033065888097240106,-0.053917123201577634,-0.04437241099249552,0.1396688927220724,0.0869830112988178,0.15013076134683576,-0.009829424455716166
2024-04-25,3.220075215176627e-05,0.008496997153547441,-0.03212494775768275,-0.009829424455716166,-0.26458433040625984,0.04062194491123037,-0.07340779194346116,-0.015293649375270281
2024-04-26,0.0,0.01158429794072977,-0.02039624965232605,-0.015293649375270281,-0.03554840562952034,0.03198054759305576,-0.12354046412715929,0.0059627807696597335
2024-04-27,0.0,0.01376358351092279,-0.03176512221733148,0.0059627807696597335,-0.09433066652685809,0.045528705728254376,-0.24454008404851585,-0.01109722355381983
2024-04-28,0.0,0.02080306553771921,-0.014389132863294896,-0.01109722355381983,-0.2828339850916185,0.03519219840101418,-0.46705342265250593,-0.019808349126304754
2024-04-29,0.0,0.013673827670094368,-0.036923106115102945,-0.019808349126304754,0.31514015194314215,0.050596933785197425,-0.0584201631665466,-0.02604964960959311
2024-04-30,1.2297565345152232e-06,0.01004596658864071,-0.08232788488399288,-0.02604964960959311,0.48110205082612084,0.09237385147263365,0.5086013275859564,0.06929418808607053
2024-05-01,-1.039470012856679e-06,0.07244934894390472,-0.04529455700634148,0.06929418808607053,0.3959124755461441,0.11774390595024638,0.8038121150805657,0.05677256610060005
2024-05-02,7.821077308551052e-05,0.07211022881494657,-0.026268622489246503,0.05677256610060005,-0.3943863652072657,0.09837885130419315,0.18705740950008107,-0.004128553730531949
2024-05-03,0.0,0.013141704784275923,-0.03685039135658584,-0.004128553730531949,-0.03761571780338387,0.049992096140861864,0.05681787822089885,-0.017806037512279573
2024-05-04,-2.760428521124986e-06,7.689724986220453e-06,-0.01904421486075111,-0.017806037512279573,-0.4708047438683545,0.019051904585737304,-0.5207819198647143,0.024904454346899335
2024-05-05,0.0,0.03700903989927305,-0.013686898396019088,0.024904454346899335,0.09223497625583503,0.05069593829529218,-0.42543784078873,-0.025577880870377163
2024-05-06,0.0,0.02102116640106163,-0.03250593421958225,-0.025577880870377163,0.2400179322028324,0.05352710062064373,-0.11589922359317635,-0.017781201143243268
2024-05-07,0.0,0.022782305542157773,-0.018095360029040934,-0.017781201143243268,-0.24351906690561165,0.04087766557119858,-0.2120628126964123,-0.0009465929822398966
2024-05-08,0.0,0.025724680726485462,-0.01262651948048115,-0.0009465929822398966,0.08763809623259618,0.03835120020696654,-0.03628480528373758,0.008547042871356058
2024-05-09,-1.7053985995820064e-06,0.013453225870187949,-0.029010405507282285,0.008547042871356058,-0.12408909099616403,0.04246363137747024,-0.0920597662465351,-0.04350776702465348
2024-05-10,5.410811464036456e-06,0.013228764532077206,-0.04911086790775216,-0.04350776702465348,0.0806511580693184,0.06233963243982938,-0.020657604762716622,-0.013533314365013167
2024-05-11,6.357862684698014e-07,0.007638198102091613,-0.016062608201224907,-0.013533314365013167,-0.44193398465924216,0.023700806303316512,-0.4703745298625168,-0.005850924399988779
2024-05-12,-1.4321095580150068e-07,0.018852051047966757,-0.008759801860763427,-0.005850924399988779,-0.20993412055413513,0.027611852908730097,-0.5611696005491816,0.006792021790067741
2024-05-13,0.0,0.02943143947985903,-0.027587711228677782,0.006792021790067741,0.5908043345075071,0.0570191507085367,0.12990931018711488,-0.0283936060581817
2024-05-14,-4.292296215383598e-06,0.004044658257500216,-0.02899862113465027,-0.0283936060581817,-0.08509159148521012,0.03304327939215051,0.07022555462218975,0.07212831834242978
2024-05-15,4.489495592312885e-06,0.07983417585179604,-0.0013442957344704395,0.07212831834242978,0.40517497550195364,0.08117847158626648,0.4900314838755776,0.009382913120834127
2024-05-16,9.175855475696895e-06,0.013752524107581942,-0.01970961951948686,0.009382913120834127,-0.2134605717533582,0.03346214362706884,0.20471670022001995,0.023568091210892202
2024-05-17,0.0,0.03650740597486959,-0.0029388217705381527,0.023568091210892202,0.19834639972277554,0.03944622774540784,0.31258475519506285,-0.004847647816185267
2024-05-18,1.305259044402539e-05,0.003875089944570135,-0.016947895654925174,-0.004847647816185267,-0.5734091045565979,0.02082298559949536,-0.4107669846148831,-0.03183620870026579
2024-05-19,1.6644788201976572e-06,0.001966413053725732,-0.03704769345403306,-0.03183620870026579,-0.01875126792185707,0.039014106507758745,-0.387821693378133,0.0879107953928318
2024-05-20,0.0,0.08795699856240284,-0.010052998390599676,0.0879107953928318,0.6918687802280699,0.09800999695300239,0.33491277288940074,0.005086942355418486
2024-05-21,0.0,0.010868777686544795,-0.01859561378634388,0.005086942355418486,0.09049052979352466,0.02946439147288867,0.40297980686898516,-0.02113023279651034
2024-05-22,0.0,0.010064727302123483,-0.030152811938888687,-0.02113023279651034,-0.16467386340162707,0.04021753924101223,0.1463217381843018,-0.03462545452084721
2024-05-23,0.0,0.0185028734766878,-0.07027794509398148,-0.03462545452084721,0.45639311031646823,0.08878081857066931,0.5968971806984631,0.006025139724338649
2024-05-24,0.0,0.024042670818819063,-0.023860601560898118,0.006025139724338649,-0.5890918934224185,0.047903272379717324,-0.2047541916518763,0.025061505205144795
2024-05-25,3.488585135448238e-06,0.025619254167695574,-0.0019713503125694566,0.025061505205144795,-0.4577251143924763,0.027590604480265086,-0.7232246775357363,0.015905954304915752
2024-05-26,0.0,0.026991013283301328,-0.00732846197849658,0.015905954304915752,0.27708551701979445,0.034319475261797856,-0.3500946031305989,0.010682706731006308
2024-05-27,0.0,0.02807886278693522,-0.022149787756998388,0.010682706731006308,0.23045894670185696,0.05022865054393355,-0.0293086855692,-0.03484336826078604
2024-05-28,0.0,0.0031058093530493902,-0.04558063654427834,-0.03484336826078604,0.22658785332056244,0.04868644589732771,0.21420459453539156,-0.026777100230276903
2024-05-29,0.0,0.023615645389840453,-0.03062015594362378,-0.026777100230276903,-0.1359949927883806,0.05423580133346424,0.173571279512892,-0.024639002919737824
2024-05-30,1.130193843110565e-06,0.007678569993502095,-0.034259887521055826,-0.024639002919737824,-0.10849437514553839,0.04193845751455812,0.03438660365199604,-0.0015320839918119187
2024-05-31,0.0,0.006721558289728208,-0.026611677395635757,-0.0015320839918119187,-0.21307019632911753,0.03333323568536391,-0.2557741267810329,0.010176115582915209
2024-06-01,-4.0946950087241187e-07,0.01939620787681234,-0.0039143989810007645,0.010176115582915209,-0.4114068257062059,0.02331060685781322,-0.6671015205722776,-0.0099052200141608
2024-06-02,2.7021578898473574e-07,0.008253031449432192,-0.018326837354280145,-0.0099052200141608,0.13872404121826334,0.026579868803712298,-0.43134084171179826,0.0030300476163682014
2024-06-03,1.296301103810676e-06,0.026412570010938365,-0.00600822457011806,0.0030300476163682014,0.4142536032148189,0.03242079458105632,0.1334425225326497,0.02495696309814228
2024-06-04,0.0,0.030764819541378947,-0.00892530112500846,0.02495696309814228,-0.14389675246182698,0.03969012066638734,0.03566566862561118,0.00849577352798467
2024-06-05,0.0,0.01393901170374402,-0.003974295787132074,0.00849577352798467,-0.028809369510239522,0.01791330749087598,0.05795597002109816,-0.014831164258774681
2024-06-06,3.0917579490135568e-06,0.004253364113828015,-0.02518617806066814,-0.014831164258774681,-0.10502985030278925,0.02943954217449614,-0.040348899722201036,-0.0702106972757842
2024-06-07,-1.936189277042379e-06,0.018886296695462015,-0.14655659566067522,-0.0702106972757842,0.8587474769003326,0.16544289235613716,0.7732156216971146,-0.04129652583099668
2024-06-08,-3.0152974061385274e-05,0.0022329455895877125,-0.04732255967477973,-0.04129652583099668,-0.6109374434851305,0.0495555052643673,-0.07923115563024566,0.020810434719174105
2024-06-09,-3.6276093319525375e-05,0.022341293593712726,-0.0015102277870018643,0.020810434719174105,-0.010159439417523782,0.023851521380714474,-0.08376194381016151,-0.002350847317773896
2024-06-10,0.00011747051563868972,0.006960980213828571,-0.023764673778795455,-0.002350847317773896,0.12091299275406694,0.03072565399262388,0.019177186781512413,-0.01979520596951856
2024-06-11,-0.00010647513561002023,0.0013738529041117942,-0.043123418908274196,-0.01979520596951856,0.27077642296947246,0.04449727181238585,0.24530868355793137,0.055162648284653
2024-06-12,6.64421609461471e-05,0.0808009909130665,-0.013568331610811385,0.055162648284653,-0.030989510306949075,0.09436932252387775,0.10154320057329298,-0.058274900331288376
2024-06-13,-1.867271908021276e-05,-1.867271908021276e-05,-0.06061283218971172,-0.058274900331288376,-0.4550880487331462,0.060594159470631515,-0.28542974277838945,-0.03151479369916563
2024-06-14,-8.539851476999372e-05,0.018110708002459598,-0.049730575799602154,-0.03151479369916563,0.178177448253954,0.06784128380206171,-0.09054499293596018,0.0094078406277357
2024-06-15,-1.477853304365856e-05,0.013812978101398138,-0.008071641300839096,0.0094078406277357,-0.6741303510852741,0.02188461940223742,-0.7792520260554108,0.02649914008902675
2024-06-16,5.5569298858143476e-05,0.031052996853212927,-0.010290834963834804,0.02649914008902675,0.18839767403202826,0.041343831817047844,-0.4909205652712564,-0.050428533200607195
2024-06-17,-2.7917608421216227e-05,0.0032237901064195106,-0.06170238529373456,-0.050428533200607195,0.3498667607927242,0.06492617540015409,0.019458246821911888,-0.050352399697766954
2024-06-18,-0.00022659321981802606,0.0010108782667875823,-0.09101980243812204,-0.050352399697766954,0.6341725191318212,0.09203068070490963,0.7636795833823374,0.00320849132931278
2024-06-19,-0.00012029700742879557,0.0356864109647595,-0.0069584423331369655,0.00320849132931278,-0.7240728929081355,0.042644853297896426,-0.15184781258955715,-0.026839060274834833
2024-06-20,0.0,0.02924001324262045,-0.033042520921525,-0.026839060274834833,-0.04327161448212739,0.06228253416414535,-0.15062402569140418,-0.005280389269446242
2024-06-21,-2.798116842189375e-05,0.015193783885432173,-0.015140736281162857,-0.005280389269446242,-0.049457184024600004,0.03033452016659508,-0.2558015784339359,0.0240893305849557
2024-06-22,-5.048035800993596e-05,0.03265554284393394,-0.011642174862529551,0.0240893305849557,-0.24772611839800945,0.04429771770646362,-0.5270962856140513,-0.018078242243499274
2024-06-23,-1.0618799772064288e-05,0.010213007577642638,-0.022312330004126024,-0.018078242243499274,-0.17006363401463936,0.03252533758176874,-0.6315596074805453,0.014036455990302277
2024-06-24,5.296274393193128e-05,0.015131933503106404,-0.030389549853288494,0.014036455990302277,0.8191527562967648,0.04552148335639479,0.48758797577061297,0.02037036592301515
2024-06-25,1.2910628258402262e-05,0.04078851940011023,-0.0027037397301205406,0.02037036592301515,-0.3462082504706203,0.04349225913023093,0.05843323934485487,-0.008459855072533974
2024-06-26,-2.1056976997536238e-05,0.01709886824353336,-0.011131457568654132,-0.008459855072533974,-0.18854476334388645,0.028230325812187453,-0.13131544717044058,0.08090183143121232
2024-06-27,-1.7943460485700414e-05,0.09391877864310051,-0.014622686179212148,0.08090183143121232,0.6542883015603882,0.10854146482231265,0.5483184810150905,-0.01715562425246072
2024-06-28,-0.00011751872436776017,0.021729095241725737,-0.02063690527442669,-0.01715562425246072,-0.3740637394720114,0.04236600051615235,0.003994354560444468,-0.016700242514228754
2024-06-29,4.255039007411026e-05,0.01777039857865896,-0.018412083788355234,-0.016700242514228754,-0.635175256599604,0.03618248236701412,-0.7142626177606171,0.022187021894466863
2024-06-30,-5.913189897928702e-05,0.027989672488705798,-0.007497833570980166,0.022187021894466863,0.15459744324478691,0.035487506059685876,-0.40832614844708487,0.019404119425419832
2024-07-01,-3.640529508509731e-05,0.03576253035267042,-0.0025694407579921292,0.019404119425419832,0.48434584464110886,0.03833197111066267,0.1413045957945525,0.028744566722988914
2024-07-02,3.201350201733788e-05,0.04032238482277299,-0.0012952592494839571,0.028744566722988914,0.3251418264722146,0.041617644072257126,0.41105885365988565,-0.07083101625275609
2024-07-03,1.2589060282513535e-05,0.0024230331847509465,-0.08256881649658163,-0.07083101625275609,0.08122621683720554,0.08499184968133272,0.5063174441786547,-0.08781899411948046
2024-07-04,2.5061921212756342e-05,0.008707598781062878,-0.08830168930101717,-0.08781899411948046,0.3465856372460978,0.09700928808207997,0.7470646606176726,0.019007950407068794
2024-07-05,-0.0004227960574790568,0.06002262249372768,-0.10845523649021918,0.019007950407068794,0.4598051167795687,0.16847785898394688,0.9313547517012198,0.09677901907548808
2024-07-06,0.0005572462068897991,0.10678205266620815,-0.0038331498042034535,0.09677901907548808,-0.557006435230282,0.11061520247041161,0.02750716295847889,-0.05520341023399165
2024-07-07,-5.1264465557939445e-05,0.009139407294321403,-0.05812135905949041,-0.05520341023399165,-0.5348099224757199,0.06726076635381187,-0.6015872796508729,0.0064960391207275845
2024-07-08,0.00023264877760079234,0.060800003768209446,-0.03115243559655906,0.0064960391207275845,0.23975692102593832,0.09195243936476866,-0.33669057107441114,0.028084969089867743
2024-07-09,-0.00013492468543787066,0.037725179795705964,-0.014405843552425723,0.028084969089867743,-0.24021350468378475,0.05213102334813171,-0.5702077980241657,-0.002489026635393326
2024-07-10,7.556946449757604e-05,0.022308385659499275,-0.008257106974910146,-0.002489026635393326,-0.19296897678394523,0.030565492634409306,-0.6580759802355316,-0.03232395771459375
2024-07-11,-5.605976551048044e-05,0.022478040331148787,-0.032715524369038206,-0.03232395771459375,-0.16312914429306713,0.05519356470018688,-0.5052744238882129,0.032377590754998825
2024-07-12,-1.4374117415329026e-05,0.032377590754998825,-0.016045158901244506,0.032377590754998825,0.0065930718029634785,0.04842274965624323,-0.30803466333335916,0.023463387475261048
2024-07-13,2.2281102533936764e-05,0.03226768000289299,-0.0028604782570199605,0.023463387475261048,-0.20851057446299087,0.035128158259912966,-0.45298150013502647,0.013374229691194917
2024-07-14,-0.00022347527670564933,0.016624475940861024,-0.012084746874999911,0.013374229691194917,0.2324345995690894,0.02870922281586097,-0.051747178195705804,0.02658364235539792
2024-07-15,4.521054211144325e-05,0.03225708142392632,-0.0037084137817663607,0.02658364235539792,0.4781297104734666,0.035965495205692685,0.5022764579137856,-0.02403552764279417
2024-07-16,-0.0003293650549676621,0.0011833656576448256,-0.05517846758912006,-0.02403552764279417,-0.036172634797028216,0.05636183324676493,0.3739321356595237,-0.013386659395604922
2024-07-17,-6.336259903319786e-05,0.028530394338072387,-0.013687819618966073,-0.013386659395604922,-0.2125815067259938,0.04221821395703854,0.057480659656797745,-0.026923354665311972
2024-07-18,-0.00018435749560662763,0.021527326199185393,-0.03484011125794395,-0.026923354665311972,-0.0032451935037745468,0.05636743745712943,0.007923856863871225,0.04061136363584087
2024-07-19,-1.048588623200422e-05,0.04119449141432034,-0.012714664474439264,0.04061136363584087,-0.0846557290879231,0.053909155888759504,-0.14825888798222725,-0.0014199925803446505
2024-07-20,4.8839709388612805e-06,0.007918264117457581,-0.017524231995064178,-0.0014199925803446505,-0.3816393655266045,0.025442496112521817,-0.5523923320884447,0.01295195113296893
2024-07-21,9.029392251910819e-07,0.015862625209448665,-0.034012128974336905,0.01295195113296893,0.2165185515949134,0.049874754183785654,-0.2069292641975509,-0.049921153507132
2024-07-22,7.130536276541716e-06,0.008178642316258661,-0.052437751328339055,-0.049921153507132,0.9356591440427884,0.06061639364459767,0.8301281020539489,-0.03131124559363455
2024-07-23,0.0,0.00840698575247475,-0.04811103141167241,-0.03131124559363455,-0.7734425196527953,0.056518017164147005,-0.14783605840929015,-0.02922661006853272
2024-07-24,-2.602192762449e-05,0.012664644729319314,-0.0400008658880386,-0.02922661006853272,-0.23861038279192262,0.05266551061735782,-0.37053410970296946,0.000976194336034296
2024-07-25,0.0,0.004434858768804812,-0.034545843264829415,0.000976194336034296,0.23181668573640699,0.03898070203363424,-0.10026942353304934,0.019963219177375528
2024-07-26,0.0,0.022528744039802876,-0.0035154086921690914,0.019963219177375528,-0.2503919666380995,0.02604415273197198,-0.40533359086093435,-0.006655471812938158
2024-07-27,5.117640959162807e-06,0.011534054499226341,-0.02207500048036471,-0.006655471812938158,-0.08903818691814745,0.033609054979591074,-0.4809976869672322,-0.01898480244632636
2024-07-28,-1.1448572318127502e-05,0.0014013779170544683,-0.026707714267473332,-0.01898480244632636,-0.3063573138083065,0.028109092184527965,-0.4927714625640229,-0.011842960588427789
2024-07-29,-2.833644325828104e-06,0.025846908653579734,-0.01601452174662247,-0.011842960588427789,0.4406436876981342,0.041861430400202286,0.06718669069312808,-0.023603859720889936
2024-07-30,-3.837327506803035e-05,0.010993674747041523,-0.028124271983907812,-0.023603859720889936,-0.17146856468807575,0.03911794673094927,-0.10989597741644716,-0.02509262924032243
2024-07-31,2.7199743650668454e-05,0.005263206079920008,-0.03149994779696711,-0.02509262924032243,0.2368961311891718,0.036763153876887014,0.21250199479093232,-0.007900895686888057
2024-08-01,4.046366042872179e-05,0.005429609086307753,-0.06319158077734652,-0.007900895686888057,0.24561516925531146,0.06862118986365426,0.4325317774716578,-0.04219369490974158
2024-08-02,0.0,0.002849845948433573,-0.06298983812863936,-0.04219369490974158,-0.11401490300437496,0.06583968407707302,0.21345976108808867,-0.015450860640414675
2024-08-03,0.0,0.01517862572996882,-0.05096109840713158,-0.015450860640414675,-0.09132556718502888,0.06613972413710036,0.011726132476028599,-0.07401442380047768
2024-08-04,-5.672508499742059e-07,0.008764641511834752,-0.10141735706817905,-0.07401442380047768,0.19231593956339205,0.1101819985800139,0.18394720020587133,-0.1070659649027151
2024-08-05,-1.1605803390494154e-05,0.005770204984363023,-0.25007209943210307,-0.1070659649027151,1.2523764505718895,0.25584230441646616,1.350082881506592,0.06856382023027857
2024-08-06,0.0,0.089291111300527,-0.0009324044880208931,0.06856382023027857,-1.123330393693102,0.0902235157885479,-0.2412401414841998,0.014041658036382597
2024-08-07,6.665430564355489e-06,0.02809875052233363,-0.020009432184189622,0.014041658036382597,-0.06275422825720385,0.04810818270652322,-0.3210606138217655,0.06566792498152675
2024-08-08,8.971599157054138e-05,0.06816881187911496,-0.015538166287272502,0.06566792498152675,-0.077343810314147,0.08370697816638743,-0.42050574278832664,-0.019282100039947972
2024-08-09,0.0,0.007124068038924748,-0.028904991004611268,-0.019282100039947972,-0.3931356860864826,0.03602905904353609,-0.8351824158126941,-0.00662196369428499
2024-08-10,0.0,0.008174476764903757,-0.011843908725265008,-0.00662196369428499,-0.5455076133828853,0.020018385490168714,-1.336515132321885,-0.05616236309940162
2024-08-11,8.62220303518008e-06,0.01396886366518249,-0.05957654140883832,-0.05616236309940162,0.234566604675399,0.07354540507402071,-0.5525315366653109,0.02002443328358043
2024-08-12,0.0,0.039695294741967646,-0.008103825908108589,0.02002443328358043,0.2710113558006394,0.04779912065007621,-0.11590606184656108,-0.008270635899999488
2024-08-13,0.0,0.00450864854248291,-0.04029787012060665,-0.008270635899999488,-0.09417796469256133,0.044806518663089635,-0.08382035689961936,-0.03652108025896284
2024-08-14,0.0,0.00039537482189146487,-0.04372770729395993,-0.03652108025896284,0.0034883148277240553,0.04412308211585126,0.05627486799544425,-0.023929635447586306
2024-08-15,0.0,0.020503779625976506,-0.03508131078859033,-0.023929635447586306,0.057605506378354,0.05558509041456696,0.14384718305366165,0.0029313591363710288
2024-08-16,0.0,0.023428357341050355,-0.013515392337297254,0.0029313591363710288,-0.11207141538150113,0.036943749678347605,-0.05161093222995502,0.01606537740907364
2024-08-17,0.0,0.019875434201085777,-0.003083130657165296,0.01606537740907364,-0.5745806062193952,0.02295856485825112,-0.6484048718666268,0.006014954835562436
2024-08-18,0.0,0.03320578581683029,-0.002429991316510677,0.006014954835562436,0.48527457756309794,0.03563577713334098,-0.04635874556733405,0.020900390939544995
2024-08-19,0.0,0.024428682581818423,-0.008295362254555433,0.020900390939544995,0.10321068401588196,0.032724044836373874,0.08602904356643153,0.011060402972911597
2024-08-20,0.0,0.026005235637640758,-0.004674403015621187,0.011060402972911597,-0.04874536903656785,0.030679638653261832,0.04634741620016437,0.029584139241269215
2024-08-21,-0.0023408107425977247,0.04593174834385027,-0.005737608522783428,0.029584139241269215,0.11974110981220136,0.05166935686663375,0.1998023823906428,0.0050997490685847
2024-08-22,0.0,0.008870903515565229,-0.012902858478568459,0.0050997490685847,0.033649184474065695,0.021773761994133674,0.2137669999940406,0.04274495018523624
2024-08-23,0.0,0.05313518072709543,-0.0009537854894915396,0.04274495018523624,0.18765447449871056,0.05408896621658698,0.284677819228972,0.017857542456752393
2024-08-24,6.13240654184108e-06,0.03985898549371892,-0.009226372035972886,0.017857542456752393,-0.09718942829523201,0.04908535752969186,0.10420574389600683,-0.03311291154438781
2024-08-25,0.0,0.00029589163526599704,-0.04624136657781257,-0.03311291154438781,-0.037520275306816946,0.04653725821307866,0.028095028073752,-0.05583609545477475
2024-08-26,0.0,0.007666632295163117,-0.06119927363712604,-0.05583609545477475,-0.0434510243564439,0.06886590593228933,-0.05298927034551769,-0.04062605363107549
2024-08-27,-5.748179068363768e-06,0.01980646964344195,-0.06743569792343325,-0.04062605363107549,0.1803834619775014,0.08724216756687529,0.11941684256106151,-0.028260445180788442
2024-08-28,0.0,0.014233700061632217,-0.04643055909554095,-0.028260445180788442,-0.04010754903387622,0.06066425915717312,0.0410746704858098,-0.0018947910027028517
2024-08-29,-2.5752047973398367e-06,0.03277375025821397,-0.017133768694683884,-0.0018947910027028517,-0.33061926399925184,0.049907518952897786,-0.28146593405433296,0.006507741280772525
2024-08-30,0.0,0.018953823729191105,-0.03212162820564609,0.006507741280772525,0.04407418263231833,0.051075451934837174,-0.18920448243914537,-0.004685954306535973
2024-08-31,3.343498869482743e-07,0.008632549018981384,-0.012092252123773838,-0.004685954306535973,-0.6440794184087519,0.02072480114275533,-0.7980921543708709,-0.04437921149292828
2024-09-01,0.0,5.3521879656477845e-05,-0.050825425529168536,-0.04437921149292828,0.5656421668035827,0.05087894740882504,-0.11769003439927862,0.03259822374068682
2024-09-02,-3.3945910702425454e-06,0.037008672488704646,-0.0029114037060063696,0.03259822374068682,0.06735611878383947,0.03992007619471106,0.04265577435516083,-0.03523272872699793
2024-09-03,0.0,0.016759789724702445,-0.03524352622301176,-0.03523272872699793,0.07194651832990835,0.05200331594771422,0.18970634640602324,0.011511857709131093
2024-09-04,0.0,0.031473843016152483,-0.03807700334915311,0.011511857709131093,0.33761010536199526,0.06955084636530562,0.5035156776296873,-0.023110526446047126
2024-09-05,0.00011195315752364619,0.0033552359928019503,-0.0320576964254277,-0.023110526446047126,-0.6124412624369673,0.03541293241822958,-0.21216291558336903,-0.01419038930101986
2024-09-06,0.0,0.018652391968691517,-0.045148029126321855,-0.01419038930101986,0.46669049449100114,0.0638004210950134,0.19952067589862665,0.029160969577168627
2024-09-07,0.0,0.04249011915782043,-0.0051360577829870375,0.029160969577168627,-0.5766733626522004,0.04762617694080739,-0.4437195346616517,0.021230183969241277
2024-09-08,0.0,0.030166674737941,-0.0033714420855286745,0.021230183969241277,-0.042269871417013,0.03353811682346974,-0.43770164675210355,0.028838801814555684
2024-09-09,1.63749811135289e-05,0.03865157102348311,-0.01165714035927779,0.028838801814555684,0.3292498277243268,0.050308711382760773,-0.0371877834108175,-0.006952810391904125
2024-09-10,0.0,0.00022415589685890723,-0.019588893812786817,-0.006952810391904125,-0.22944500445704397,0.019813049709645647,-0.155537947924922,-0.01529268661677897
2024-09-11,0.0,3.1928703767332744e-05,-0.045470125180656275,-0.01529268661677897,0.3098235104354516,0.0455020538844235,0.16354654585909448,0.023825864148123266
2024-09-12,-3.287682515737801e-05,0.02504955442202951,-0.0001015917424648187,0.023825864148123266,-0.17513905111931594,0.025151146164494285,0.044809181501975895,0.030467238565636042
2024-09-13,0.0,0.04036114460417975,-0.0031561041491014073,0.030467238565636042,0.21802744498871904,0.043517248753281286,0.22691203646518976,0.0030748960166126675
2024-09-14,0.0,0.00391958338677184,-0.016256097950351704,0.0030748960166126675,-0.40965322359955575,0.02017568133712359,-0.2701449176278206,-0.008433701751978731
2024-09-15,0.0,0.02516332063653764,-0.0138576471844646,-0.008433701751978731,0.26955147161179643,0.03902096782100231,0.05135377571379656,-0.04730852756123294
2024-09-16,0.0,5.9360925493331495e-05,-0.058243945775534774,-0.04730852756123294,0.10852731912036497,0.05830330670102803,0.12034862302993174,-0.010065325436171937
2024-09-17,-6.814440845291094e-07,0.019668258029210947,-0.013676431372743724,-0.010065325436171937,0.07191510016496117,0.03334468940195463,0.18972914063015134,0.003029254445145396
2024-09-18,0.0,0.004171560212648488,-0.04268280946923715,0.003029254445145396,0.23795280201200023,0.04685436968188579,0.37409218978016784,0.02047015791009408
2024-09-19,0.0,0.04232383881716493,0.0,0.02047015791009408,0.06082594490764037,0.04232383881716493,0.36667393209916627,0.01911066452897524
2024-09-20,3.473804849947038e-06,0.03348894218344831,-0.014057575224433877,0.01911066452897524,-0.10088479774186031,0.04754651740788222,0.12420282936279106,0.02923353044752001
2024-09-21,0.0,0.03114128928750887,-0.010747515397016618,0.02923353044752001,-0.40414982753061934,0.04188880468452532,-0.34884922383904543,-0.03462529007624785
2024-09-22,0.0,0.0013276562152737838,-0.05093261764350491,-0.03462529007624785,0.0303241256392508,0.052260273858778544,-0.2980287759796429,0.032258927036219714
2024-09-23,2.68588166318936e-05,0.03275303651880474,-0.013774151225190153,0.032258927036219714,0.30949725260587924,0.04652718774399492,0.04044064866261823,0.040753985600537675
2024-09-24,0.0,0.04846507780763612,-0.011326886590707371,0.040753985600537675,0.2508174341196286,0.059791964398343625,0.314438931494923,-0.0011431185162905535
2024-09-25,2.979714667656066e-06,0.02621098820939115,-0.008695009262148879,-0.0011431185162905535,-0.04686304370018611,0.034905997471540065,0.24535335869022806,0.03825927268466611
2024-09-26,0.0,0.04970994517014804,-0.013129696563512224,0.03825927268466611,0.05566251575259684,0.0628396417336604,0.26824785891154723,0.015609754011689155
2024-09-27,0.0,0.02939938155736118,-0.0004966343593308097,0.015609754011689155,-0.05278895465001324,0.02989601591669196,0.1039885874492132,-0.017769010725027998
2024-09-28,2.436790744723446e-06,0.007078434756461177,-0.027626144361545157,-0.017769010725027998,-0.3051511280935934,0.03470457911800636,-0.28687892452333025,-0.007826797832658503
2024-09-29,-5.953154035373361e-07,0.00943396888212748,-0.023348151500907757,-0.007826797832658503,-0.006328806427529511,0.03278212038303532,-0.27757584083264586,-0.0720187807129724
2024-09-30,0.0,0.0,-0.07758909090944441,-0.0720187807129724,0.4030701000627544,0.0775890909094444,0.19235857705290696,-0.06472151714090173
2024-10-01,0.0,0.026646473610248498,-0.08153949827738373,-0.06472151714090173,0.4932573958246397,0.10818597188763214,0.663999646819067,-0.013361056116288999
2024-10-02,0.0,0.025257685700993637,-0.03458344766871403,-0.013361056116288999,-0.42231518853077243,0.05984113336970769,0.09300495666199685,0.005661406844419802
2024-10-03,0.0,0.015348515803203861,-0.02538326896338961,0.005661406844419802,0.003114289481258155,0.04073178476659355,0.06372318791629063,0.015986863671679636
2024-10-04,0.0,0.019768597417024907,-0.0037387379604713385,0.015986863671679636,-0.32106975759066125,0.02350733537749636,-0.3343451654584591,-0.013540225267584385
2024-10-05,0.0,0.008205229175532527,-0.02704046511607884,-0.013540225267584385,-0.3979095992305899,0.03524569429161139,-0.752729029691653,0.01233387887306367
2024-10-06,0.0,0.013494742047018947,-0.0074259877361967834,0.01233387887306367,-0.09614765247317215,0.020920729783215672,-0.7596689182332188,-0.012855430891772011
2024-10-07,0.0,0.018844105706637554,-0.012855430891772011,-0.012855430891772011,0.5990871462803791,0.03169953659840956,0.09809690262936603,-0.009021237644899541
2024-10-08,0.0,0.01083667084348157,-0.014994262787686657,-0.009021237644899541,-0.10286144282553891,0.0258309336311683,0.04900555081054593,-0.018270684495051995
2024-10-09,4.072614720389169e-06,0.011204545532336671,-0.03402064788168101,-0.018270684495051995,-0.030373199414890556,0.0452251934140176,0.10081495931145942,0.010482788729225595
2024-10-10,-7.702931812970842e-06,0.01117456202985186,-0.014541342127242637,0.010482788729225595,0.017656150283884335,0.02571590415709446,0.12481933506889326,0.02468728964414174
2024-10-11,0.0,0.030634602821101142,-0.0032890916094393137,0.02468728964414174,-0.14579321062087164,0.03392369443054058,-0.09121785829911501,0.009544784842697725
2024-10-12,0.0,0.02142171539458858,-0.0028697600164795463,0.009544784842697725,-0.07360046236339018,0.024291475411068082,-0.2158185099522958,-0.012057997882057105
2024-10-13,0.0,0.0010290182324977912,-0.02806126959844606,-0.012057997882057105,-0.028857516572748886,0.029090287830944028,-0.17839487730929424,0.050594013255609985
2024-10-14,0.0,0.05518928610872101,-0.004704172182149154,0.050594013255609985,0.31879645073665136,0.05989345829087019,0.1915825262437931,0.006859240986197086
2024-10-15,-2.6169621233178017e-06,0.03359175028347845,-0.01586964616658671,0.006859240986197086,0.29426669206508005,0.04946139645006528,0.46560534918861307,-0.019825354253693372
2024-10-16,0.0,0.0005254155117578351,-0.025074721767518755,-0.019825354253693372,-0.5068873801210999,0.025600137279276743,-0.13421303747588023,-0.03003882935736907
2024-10-17,0.0,0.006478170906642107,-0.03858781481358898,-0.03003882935736907,-0.10266788113710718,0.04506598572023115,-0.23752966985120105,0.027636912155312634
2024-10-18,1.0244781991028267e-05,0.027691942764026544,-0.003170446747040999,0.027636912155312634,-0.0744509421720022,0.0308623895110674,-0.30792327714372253,0.02918777427476892
2024-10-19,-9.52270645069825e-06,0.03856820654870205,-1.7163083006159754e-05,0.02918777427476892,0.07746230105939256,0.03858536963170815,-0.2195951174401361,0.030609655844945568
2024-10-20,-5.377171765818523e-07,0.03352906307883089,-0.016409849870064486,0.030609655844945568,0.09484535492902288,0.049938912948895395,-0.06409295426148164,-0.04351998398619002
2024-10-21,1.7731224158757473e-06,0.0077911329620384915,-0.05257912507687899,-0.04351998398619002,0.13883356439382755,0.060370258038917504,0.20864777351030117,-0.012782432656163656
2024-10-22,0.0,0.011493623687361032,-0.021690310852588643,-0.012782432656163656,-0.13183762481161332,0.033183934539949694,0.04637201483583748,-0.029790752092661882
2024-10-23,2.206845658067199e-07,0.0005806732177625101,-0.049243216386116305,-0.029790752092661882,0.005708281528023391,0.0498238896038786,0.031441252535407506,0.0024011968010966894
2024-10-24,0.0032135362426646834,0.0138452938536114,-0.011992910206744629,0.0024011968010966894,-0.1362114151681428,0.025838204060356026,-0.13903642240214248,-0.053020153825728555
2024-10-25,0.0,0.0018429674150849025,-0.0807664874973681,-0.053020153825728555,0.5317351586683593,0.08260945491245285,0.39777204383830367,0.010541187750234651
2024-10-26,-1.7578615124619545e-05,0.01663055479602929,-0.010885994572954116,0.010541187750234651,-0.4681488089708678,0.027516549368983522,-0.1654880388055529,0.02333732431709047
2024-10-27,0.0,0.023815554398786618,-0.005722327897898806,0.02333732431709047,-0.28275057968346734,0.029537882296685285,-0.4102571934996505,0.0012322086013080904
2024-10-28,0.0,0.022106106669353334,-0.028002481399398337,0.0012322086013080904,0.5625273697391059,0.050108588068751694,0.20941839433511714,0.014350200919189385
2024-10-29,0.0,0.02690776148270941,-0.001945702630190138,0.014350200919189385,0.11083511101168479,0.02885346411289956,0.27514792782588476,0.0004450144151265759
2024-10-30,0.0,0.0055467423868714085,-0.016253912412973585,0.0004450144151265759,-0.2480839259284267,0.021800654799845023,-0.0647239121224618,-0.05773705088425472
2024-10-31,0.0,0.0042979322556152295,-0.07038504381130407,-0.05773705088425472,0.20453062345873024,0.07468297606691934,0.21469571112847233,-0.01262596214614173
2024-11-01,4.820858698165418e-07,0.00833651736353858,-0.024903871424371452,-0.01262596214614173,-0.08785529915537879,0.033240388787910004,0.05666872968931796,-0.0013583328142047766
2024-11-02,0.0,0.008951267493337236,-0.01920885054153985,-0.0013583328142047766,-0.47695729036560064,0.028160118034877155,-0.5051412530935528,-0.029368964442110443
2024-11-03,0.0,0.006208283676707973,-0.06010232657464953,-0.029368964442110443,0.5815681146117521,0.06631061025135729,0.15741960428549148,-0.010993537165240585
2024-11-04,0.0,0.010976077296391239,-0.02783876947209512,-0.010993537165240585,-0.338054936609992,0.038814846768486316,-0.17425693440315518,0.029100603600574263
2024-11-05,3.435817185167534e-06,0.04301004056627557,3.435817185167534e-06,0.029100603600574263,0.05392423090365712,0.04300660474909034,-0.09930270355146942,0.06519139499880013
2024-11-06,0.0,0.06754866180092745,-9.12849369084936e-05,0.06519139499880013,0.9310675975036161,0.06763994673783585,0.8888758723034084,0.010976750921085913
2024-11-07,0.0,0.01877254792225241,-0.015632201314595362,0.010976750921085913,-0.3920577500540574,0.03440474923684787,0.2680600827513112,0.03962490195069153
2024-11-08,6.872274426231134e-07,0.05181521639571431,-0.00930492427526968,0.03962490195069153,0.4402402448749208,0.06112014067098403,0.5701070197129035,0.06723290053697348
2024-11-09,-2.752207173621243e-06,0.06754884547791154,-0.014391176944337754,0.06723290053697348,-0.3256073222936898,0.0819400224222493,0.08136600387127677,0.12550759007014048
2024-11-10,0.0,0.1654672780160693,-0.00905693396673945,0.12550759007014048,1.5007831746462703,0.17452421198280882,1.477762337217546,0.08370718788687212
2024-11-11,0.0,0.09201793994550173,-0.051146030747558385,0.08370718788687212,-0.259470277388888,0.14316397069305994,0.6445122961192677,-0.06818511323693605
2024-11-12,0.0,0.02084246000092015,-0.1061064019324767,-0.06818511323693605,0.21171299012901637,0.12694886193339686,0.6445949198323586,-0.04952283884196586
2024-11-13,-7.929285793180993e-05,0.016256427625977128,-0.07665113520985715,-0.04952283884196586,-0.32466054050987647,0.09290756283583418,0.05635312999973117,-0.06250714334796496
2024-11-14,0.0,0.026083186112281193,-0.0750402422755495,-0.06250714334796496,-0.3992553815347909,0.1011234283878307,-0.4533524054470774,0.07508411976388588
2024-11-15,0.0,0.08056371629823492,-0.010976293382258123,0.07508411976388588,-0.09781147169752806,0.09154000968049306,-0.6148841462351612,0.11387562950674905
2024-11-16,0.0016114369049595862,0.11855781912464959,0.000550351086410499,0.11387562950674905,0.4288619765881329,0.1180074680382391,-0.023681413676065282,-0.06172224687896445
2024-11-17,0.00023479638680338504,0.06144530943057579,-0.07923226446470216,-0.06172224687896445,0.05811155634675771,0.14067757389527813,0.07399252181330884,0.10346403349093378
2024-11-18,0.0,0.11819186689597042,-0.0011200779684585906,0.10346403349093378,-0.04055986477015965,0.11931194486442902,0.12294852971258963,-0.03404332952172996
2024-11-19,0.0,0.004623173898303859,-0.055920004435350355,-0.03404332952172996,-0.4982046105599124,0.06054317833365413,-0.3634353984191349,-0.0153592981054464
2024-11-20,0.0,0.04484961294158422,-0.044677859450829596,-0.0153592981054464,0.353782787599146,0.08952747239241383,0.013042914033933468,0.037914627212975775
2024-11-21,7.506758899108024e-07,0.040888402133864965,-0.04032326331316488,0.037914627212975775,-0.023802019845023708,0.08121166544702985,-0.06222718331917104,0.11517335285907686
2024-11-22,3.3647339030563794e-05,0.11729298211428778,-0.007963212578201671,0.11517335285907686,0.5080221317367932,0.1252561946924896,0.4768326210142959,0.24452900932290447
2024-11-23,0.0,0.34282430712461426,-0.007110982106264255,0.24452900932290447,1.2460964222516233,0.34993528923087847,1.642894355758,0.03524632869916123
2024-11-24,0.0,0.18992702938584533,-0.04001365657465805,0.03524632869916123,0.03851922205852627,0.2299406859605033,1.0813189029880288,-0.0667517326894032
2024-11-25,1.1145120560784125e-05,0.057907511473590634,-0.08090091223993393,-0.0667517326894032,-0.9798664478134054,0.1388084237135246,-0.3166748470938281,-0.020376700161204485
2024-11-26,0.0,0.024987955209382958,-0.08354171357579421,-0.020376700161204485,-0.26060821969541104,0.1085296687851772,-0.6537940090266839,0.046744737482458616
2024-11-27,-3.0694698955086557e-06,0.05876719783317646,-0.0264134533109926,0.046744737482458616,-0.1712789699369612,0.08518065114416891,-0.868259584225154,0.018313937457507264
2024-11-28,1.464641773083874e-06,0.02960031016776283,-0.054457155166190443,0.018313937457507264,-0.209025697504147,0.08405746533395321,-1.0658404882581842,0.047302036486127075
2024-11-29,2.1017830477555262e-06,0.0484285601286771,-0.01989835824084439,0.047302036486127075,0.20156192010912,0.06832691836952155,-0.5546022823512161,-0.007939798958541676
2024-11-30,-4.790247816069176e-05,0.017675143012835768,-0.047573092896395434,-0.007939798958541676,0.11178842482926689,0.06524823590923122,0.003408114070025752,0.03726691638944594
2024-12-01,-1.0209709561490912e-05,0.044701793934705705,-0.02813514988104418,0.03726691638944594,-0.1511433543541963,0.07283694381574983,-0.06676268212437896,0.07038666283868404
2024-12-02,0.00011259740032784136,0.08921792252481178,-0.09339571103797653,0.07038666283868404,0.7876808380239055,0.18261363356278823,0.7675841003484782,-0.015826465387896706
2024-12-03,2.7884533205591797e-05,0.034001248034764134,-0.07605419168266475,-0.015826465387896706,0.031179301042051757,0.11005543971742882,0.5954189538950869,0.0686907000229288
2024-12-04,0.0,0.1656234317043199,-0.012018257569523115,0.0686907000229288,0.3395597545474743,0.17764168927384316,0.7306052661313042,-0.0003811388414792598
2024-12-05,1.539843286372391e-06,0.0626209303924478,-0.0580735426845194,-0.0003811388414792598,-0.4041389723894314,0.1206944730769671,0.07988181414413217,0.017027836277019506
2024-12-06,-0.012561314577598952,0.03277304747117544,-0.046988653919496755,0.017027836277019506,-0.4260918808857083,0.07976170139067214,-0.4398044048648303,-0.007140101654254621
2024-12-07,-0.00010984626567373265,0.019215122257185233,-0.03535001104575201,-0.007140101654254621,-0.3460267360253827,0.054565133302937274,-0.821240627780863,-0.020559864921145206
2024-12-08,0.010220499912719784,0.016063506535635118,-0.03919540467261623,-0.020559864921145206,-0.1834615786933634,0.05525891120825138,-0.8894001545853176,-0.20139904768445657
2024-12-09,0.0007456885336884125,0.0007456885336884125,-0.2789054109796411,-0.20139904768445657,0.8398119893205954,0.2796510995133296,0.10795287347601717,-0.013816312905420125
2024-12-10,-4.3687818721245205e-06,0.02208765011809244,-0.11205843059883268,-0.013816312905420125,-0.19774405043322144,0.1341460807169252,0.07498951809752308,0.0701519015817441
2024-12-11,1.3629380126844352e-06,0.09756533306506066,-0.04131593103451295,0.0701519015817441,-0.32723991894697035,0.13888126409957352,-0.1695431844049693,0.0063452288905710644
2024-12-12,-1.0588362479177808e-06,0.06874059677201949,-0.00870434322011617,0.0063452288905710644,0.07362124438065656,0.07744493999213563,-0.05466233645216128,0.0028907764921734746
2024-12-13,2.9459831887340517e-06,0.017240582536008024,-0.028960698420558317,0.0028907764921734746,-0.419469373166117,0.04620128095656636,-0.5086265254799817,-0.06112177678800309
2024-12-14,0.0,0.011679055156895416,-0.0831638939469633,-0.06112177678800309,-0.14366602562109929,0.09484294910385871,-0.6484962814615721,0.054381823546466604
2024-12-15,0.0,0.07562803815229677,-0.020277122867424325,0.054381823546466604,0.16047625469602428,0.09590516101972105,-0.2848931675739482,-0.03126788696541573
2024-12-16,-5.249432267715262e-05,0.015950895059218605,-0.04712989327088473,-0.03126788696541573,-0.013229733750243399,0.06308078833010335,-0.14784730079265007,-0.03186019225173441
2024-12-17,0.0,0.022991388122576395,-0.04202358094881444,-0.03186019225173441,-0.15290067332461554,0.06501496907139083,-0.2277376369090559,-0.09753052671645893
2024-12-18,3.959996387013736e-05,0.007201034206582774,-0.09802936535455391,-0.09753052671645893,0.2716554422249993,0.10523039956113678,0.17404769628212888,-0.09887547601755575
2024-12-19,1.1224418132764527e-05,0.011329480949299468,-0.12293860347147348,-0.09887547601755575,0.32098847607320874,0.13426808442077293,0.4679971519182646,0.0459866577924188
2024-12-20,5.339765879928845e-06,0.05324314686478788,-0.13719544549633392,0.0459866577924188,-0.05649858686095598,0.19043859236112176,0.2788963670691195,-0.0451844380856666
2024-12-21,0.0,0.0658354027506157,-0.06339987395325344,-0.0451844380856666,-0.5066107221839705,0.12923527670386908,-0.3062964697105658,-0.02040687029249771
2024-12-22,1.3680763629832418e-07,0.03972015731360351,-0.04029829804843714,-0.02040687029249771,-0.38160889315331764,0.08001845536204051,-0.6683845091060239,0.07576393149147526
2024-12-23,2.4853500484232952e-05,0.09889504577518038,-0.024496487445873353,0.07576393149147526,0.22956880392460563,0.12339153322105376,-0.39459264061480337,0.025215677704458376
2024-12-24,-2.0063247770378375e-06,0.033434513074776524,-0.02832681461232225,0.025215677704458376,-0.19831444097396272,0.06176132768709894,-0.5255670185203487,-0.008371199335828817
2024-12-25,1.5777120529741953e-06,0.013788876861208029,-0.02598672642811242,-0.008371199335828817,-0.29072187172450187,0.039775603289320526,-0.6220588684129483,-0.07837450308052842
2024-12-26,0.0,0.010536190361854377,-0.08460942553040451,-0.07837450308052842,0.060388139216914244,0.09514561589225898,-0.2990888084423969,-0.0043994048696137916
2024-12-27,-3.6685668080292875e-05,0.04844701390555288,-0.015492678448650883,-0.0043994048696137916,-0.014053678229962282,0.06393969235420373,-0.1889945348136346,0.029493786255429175
2024-12-28,4.355234042442644e-06,0.03635540052866082,-0.014904945481666279,0.029493786255429175,-0.334381555790163,0.05126034601032724,-0.48325360668148665,-0.034641568976784415
2024-12-29,-1.0001182354609155e-05,0.003890581339997613,-0.042598414428728554,-0.034641568976784415,-0.06960418513637333,0.046488995768726116,-0.3962549355867768,-0.024416070924129684
2024-12-30,-2.779505896480182e-07,0.031954840372635115,-0.0468307894736286,-0.024416070924129684,0.47993501544027195,0.07878562984626367,0.21468050622854606,-0.009261686114192008
2024-12-31,-9.755151049343393e-06,0.029626345980861724,-0.01957966615371789,-0.009261686114192008,-0.44753509843230493,0.049206012134579716,-0.26098828591211914,0.057603119972057214
2025-01-01,2.3716305553746692e-06,0.06982071747339279,-0.017526929907854705,0.057603119972057214,0.09036143932599708,0.08734764738124752,-0.09537226385615548,0.019809063224305062
2025-01-02,-5.427589577447991e-07,0.043688641658667995,-4.199684481509302e-05,0.019809063224305062,0.21722443474330236,0.04373063850348319,0.18270887953929324,0.07760380938622889
2025-01-03,-1.090837714817714e-05,0.10553836528209176,-0.0044794348060324994,0.07760380938622889,0.535146021295103,0.11001780008812435,0.6625329255247386,-0.008174465444556684
2025-01-04,-4.800723210522868e-06,0.015088887988599524,-0.015943226817948204,-0.008174465444556684,-0.5548825686407647,0.031032114806547804,-0.09630529720657317,-0.0006856698746592831
2025-01-05,-5.336552143057545e-06,0.004463655187347652,-0.027754010055632834,-0.0006856698746592831,-0.19013263321635657,0.03221766524298052,-0.25448370389019737,0.01133798454693387
2025-01-06,0.0,0.03864336805382403,-0.01675353779801919,0.01133798454693387,0.47622203506522,0.055396905851843176,0.20740603358431,-0.10175874167119295
2025-01-07,3.296871591469497e-05,0.014144969402702013,-0.10181781082763156,-0.10175874167119295,0.3087812324216879,0.11596278023033373,0.4260177136076116,-0.036877783596895114
2025-01-08,-5.029918840910396e-06,0.015502040719213102,-0.08295404602979635,-0.036877783596895114,-0.04649768230809058,0.0984560867490095,0.25382543430353466,-0.03061581464991619
2025-01-09,2.129836677585804e-05,0.009934452095595708,-0.04382362253007346,-0.03061581464991619,-0.38201368852628886,0.0537580746256692,-0.1265032517163301,0.02688626931538408
2025-01-10,-2.7632772380391445e-06,0.03646411515745116,-0.00727292281127016,0.02688626931538408,-0.057206283967070955,0.04373703796872127,-0.2103605356697748,5.967306171826398e-05
2025-01-11,-4.601273625426333e-06,0.019400500165212217,-0.021430551930633163,5.967306171826398e-05,-0.6339037961664085,0.04083105209584526,-0.8853264161923153,-0.01612201692254378
2025-01-12,-3.822366962470387e-06,0.010124123784288983,-0.02823234603951275,-0.01612201692254378,-0.12232670968896014,0.038356469823801795,-0.8988108209526351,-0.035664584104924034
2025-01-13,-1.0142868781070871e-05,0.02433908143058411,-0.09269284787629299,-0.035664584104924034,0.9635386817154392,0.11703192930687721,0.2884487983794434,0.041051494491025374
2025-01-14,2.139467407627815e-05,0.04371548228892526,-0.003515607515711235,0.041051494491025374,-0.5962850417986173,0.047231089804636375,-0.2356357480169094,0.07240562919416205
2025-01-15,-4.292905515479403e-07,0.07516820196845458,-0.015315790489682417,0.07240562919416205,0.8478730078049391,0.09048399245813704,0.7052927179322349,-0.002062878154752672
2025-01-16,4.0861482508262695e-05,0.028422262124938705,-0.042504531957998824,-0.002062878154752672,-0.21232601789291303,0.07092679408293764,0.3540690732044544,0.04942387182934596
2025-01-17,-1.933966449482248e-06,0.05994533028902668,-8.022940411961189e-05,0.04942387182934596,-0.1305666039858882,0.06002555969314634,0.06921545025385735,-0.06448317459840412
2025-01-18,-1.4154480669312723e-05,0.00895555431267773,-0.09193867262479287,-0.06448317459840412,0.011224370618730157,0.10089422693747054,-0.03711072545034866,-0.12236955429273554
2025-01-19,-3.493397276399092e-05,0.024931120425995802,-0.13702102303511227,-0.12236955429273554,0.5455729715753423,0.1619521434611082,0.5246600612657573,0.02265656874244368
2025-01-20,-8.05714128089533e-05,0.0974349261052476,-0.02642704109107239,0.02265656874244368,0.20695004319991198,0.12386196719631994,0.5318655560646018,0.03891709265827652
2025-01-21,-1.4585901215665854e-05,0.07035176272927378,-0.03395408770984667,0.03891709265827652,-0.8121690032568447,0.10430585043912037,-0.3908958483335824,-0.028679509934550644
2025-01-22,0.0,0.008750343289661731,-0.030914149226646672,-0.028679509934550644,-0.5249085476250442,0.03966449251630837,-0.8889286936299682,-0.013517954399655628
2025-01-23,-8.137007666940522e-05,0.007777921466663777,-0.036052309584539616,-0.013517954399655628,0.23341879555824493,0.04383023105120331,-0.589742616094227,-0.006115142322574621
2025-01-24,0.0,0.026870511640631055,-0.022889256525384868,-0.006115142322574621,-0.2606664566860505,0.04975976816601605,-0.8026349436490658,0.0011299737227395436
2025-01-25,4.907815185938861e-06,0.013552117553515297,-0.0098705508861328,0.0011299737227395436,-0.31870050674838746,0.023422668439648194,-0.9037604532485078,-0.022101895424389274
2025-01-26,0.0,0.02197999866519376,-0.02225696608691538,-0.022101895424389274,0.09462104286247322,0.04423696475210919,-0.3706882741425099,-0.03977034387797791
2025-01-27,-4.6263155316595586e-07,0.003156635881320146,-0.11367119917565056,-0.03977034387797791,0.9990494498050543,0.11682783505697074,0.8050659826179634,-0.049588156285563144
2025-01-28,3.297544015996222e-05,0.01421820142851,-0.058250053420446785,-0.049588156285563144,-0.7740987906593362,0.07246825484895676,-0.18056106602019836,0.018904805771184998
2025-01-29,2.866619805929467e-06,0.0370764186311981,-0.017215042349540174,0.018904805771184998,0.10666180385013385,0.05429146098073843,-0.023099299146477337,0.06113262263079958
2025-01-30,3.176917050450946e-05,0.08058968124785061,-0.005221684951602332,0.06113262263079958,-0.08579752530491444,0.08581136619945308,-0.12862593121270297,0.03077837301802612
2025-01-31,-7.860588646827499e-06,0.05722954546632941,-0.015010420032635599,0.03077837301802612,0.46035581446847823,0.07223996549896497,0.28223254573937967,-0.06484058120582126
2025-02-01,-2.4904601226910972e-06,0.024713559452214918,-0.07402442632569838,-0.06484058120582126,-0.23920983288361658,0.09873798577791325,-0.08301464862435555,-0.13996132342161072
2025-02-02,-1.1998139080552252e-05,0.018911229562122604,-0.18086238466557875,-0.13996132342161072,0.7289812150040967,0.19977361422770148,0.7844295852478069,0.007278465571575279
2025-02-03,1.0466117819260788e-05,0.024484378911415784,-0.2497255607026165,0.007278465571575279,0.7961995564026598,0.2742099396140321,1.3398265117584016,-0.0877475599892062
2025-02-04,0.0,0.00800315501799234,-0.12180996112346053,-0.0877475599892062,-0.9378166016638072,0.12981311614145272,-0.0795197959666512,-0.012195211509645192
2025-02-05,0.0,0.022009337339501812,-0.02237223916039683,-0.012195211509645192,-0.7736145256447268,0.04438157649989884,-0.9506410278982778,-0.043526142209131403
2025-02-06,-1.5547044875402082e-05,0.02911157650450756,-0.04962194018920715,-0.043526142209131403,-0.05402378971270267,0.07873351669371471,-0.9628099551619946,0.021455469427920027
2025-02-07,1.5920148778791304e-06,0.09369548913686743,-0.005509942549830216,0.021455469427920027,0.4719245548025536,0.0992054316866976,-0.46992709657772574,0.03321543527775356
2025-02-08,-2.1815139031464866e-06,0.03641185961230101,-0.017647198079290237,0.03321543527775356,-0.6462773951356162,0.05405905769159122,-1.0322281821443313,0.005680183816601781
2025-02-09,-0.0001258185240294553,0.026149783888378617,-0.04852680549807071,0.005680183816601781,0.25238881205465347,0.07467658938644937,-0.22746081834478782,0.014318836283215232
2025-02-10,0.0,0.028113538736077377,-0.032992145018812084,0.014318836283215232,-0.029928161803195064,0.061105683754889284,-0.061597919583110096,-0.006765119436285063
2025-02-11,0.0,0.07216436508744,-0.01649613165362418,-0.006765119436285063,0.26573415412886214,0.08866049674106422,0.20525266768940498,0.08379427510111
2025-02-12,1.4874982466995464e-06,0.1013698136208447,-0.005100929602404693,0.08379427510111,0.4333276530236347,0.10647074322324941,0.5745288288139584,-0.01862675819031149
2025-02-13,-2.6446774202363443e-06,0.00806709756313409,-0.02973572833836849,-0.01862675819031149,-0.6557512300151366,0.037802825901502524,-0.16324488046553778,0.010662473468385737
2025-02-14,0.0,0.04454972153345848,-0.004720372432005594,0.010662473468385737,0.01145626848888511,0.04927009396546402,-0.1906695991842341,-0.03197887500101034
2025-02-15,0.0,0.00560455109981711,-0.039457841220416505,-0.03197887500101034,-0.38761916160812054,0.04506239232023345,-0.5823353612682104,-0.028914295389233024
2025-02-16,2.5626213301054873e-06,0.0027805646552595807,-0.03805686951753163,-0.028914295389233024,-0.12117701995454273,0.04083743417279116,-0.6583871484033881,0.0015491435830110717
2025-02-17,-7.131862420975089e-06,0.03684314507680178,-0.015529913075960966,0.0015491435830110717,0.38358111347437196,0.05237305815276255,-0.15925748796329883,-0.026980406065390043
2025-02-18,-3.023904796547957e-06,0.004919373556226544,-0.06629475041848022,-0.026980406065390043,0.2008642219078879,0.07121412397470685,0.2617845603993884,0.025746967397807026
2025-02-19,1.322800235841787e-05,0.029266298620098212,-0.010520570968860705,0.025746967397807026,-0.35100160338433367,0.03978686958895895,-0.1106619583825463,0.033293952459613675
2025-02-20,0.0,0.03706816308643907,-7.706109498236963e-05,0.033293952459613675,0.22484468743346422,0.03714522418142133,0.17261445542440973,0.0017209428155441273
2025-02-21,-3.7786975549113124e-07,0.054952635266590555,-0.017741757692475317,0.0017209428155441273,0.4587597207624126,0.07269439295906589,0.5655700531629467,-0.0023079466879907026
2025-02-22,0.0,0.02903982627465888,-0.005248999016279886,-0.0023079466879907026,-0.45922604398104055,0.03428882529093867,-0.08540031005672512,-0.017082541472618656
2025-02-23,-5.765912915375029e-06,0.015115933295798271,-0.027262584333668297,-0.017082541472618656,-0.3956253831464249,0.04237851762946667,-0.49407915571944183,-0.11654824015807085
2025-02-24,-4.7403789187041e-05,0.003297743430689442,-0.11881244594430711,-0.11654824015807085,0.6655194659330897,0.12211018937499638,0.2588381237953946,0.04870024770553234
2025-02-25,0.0,0.07134631985918426,-0.05516156738965468,0.04870024770553234,0.5007380892641707,0.1265078872488391,0.6633216559376539,0.022700292686478125
2025-02-26,-5.7625025725821606e-06,0.058995102038080796,-0.009181530092226692,0.022700292686478125,-0.3774137324318906,0.06817663213030753,0.09651740186081477,0.038437905902507966
2025-02-27,0.0,0.08689599974596596,-0.004838794175924552,0.038437905902507966,0.11035708271216467,0.09173479392189042,0.22201837486069367,-0.0442224461627248
2025-02-28,0.0,0.0003771537037972893,-0.09958405064420449,-0.0442224461627248,0.12263349881612307,0.09996120434800175,0.25043565022760134,-0.010766471346737732
2025-03-01,8.296358050594136e-06,0.020423743299775598,-0.03884033318355142,-0.010766471346737732,-0.793752093333548,0.05926407648332693,-0.6955599989366276,0.108468575933725
2025-03-02,-1.2272492282474375e-06,0.11077619432219933,-0.017605233170875423,0.108468575933725,0.7004530934950272,0.12838142749307474,0.06118946965807483,-0.14977435972129657
2025-03-03,1.8351598821988795e-07,0.007853751798055572,-0.15622519993820413,-0.14977435972129657,-0.01695292834279875,0.16407895173625972,0.1029870724602293,-0.03305999884504358
2025-03-04,2.2595454605513576e-05,0.007221542310856388,-0.10267133720228978,-0.03305999884504358,0.018686219442798628,0.10989287951314615,0.09638868375469475,0.04549400348274591
2025-03-05,-8.813325395567194e-06,0.04822614365617279,-0.010545088352379068,0.04549400348274591,-0.5928901874503905,0.05877123200855181,-0.5032160049741841,-0.02133281203238691
2025-03-06,6.000171478650811e-06,0.027791933563223622,-0.039558608270397796,-0.02133281203238691,-0.0059052865916324635,0.0673505418336215,-0.38262350146552826,-0.006984510356358441
2025-03-07,0.0,0.05037956105255325,-0.04661335632326225,-0.006984510356358441,0.39192028724636874,0.09699291737581557,-0.004013578262101915,-0.02622255765337289
2025-03-08,6.497395085018381e-07,0.007918026705895437,-0.030686529466763236,-0.02622255765337289,-0.7229837757569534,0.03860455617265855,-0.6805790626115499,-0.06573599668030006
2025-03-09,2.2233427869618494e-07,0.013021458807596711,-0.07113104995047968,-0.06573599668030006,0.41620184834433294,0.08415250875807648,-0.10114656715218642,-0.0345550383423271
2025-03-10,-9.972561210202857e-06,0.06216527685610657,-0.05673708020059962,-0.0345550383423271,0.2338599445999187,0.11890235705670625,0.2620945186263176,0.039844501020545375
2025-03-11,5.462509749316967e-05,0.05966327697092715,-0.05017142528372092,0.039844501020545375,0.04624492521945597,0.1098347022546481,0.2407986937233293,-0.016148198428048075
2025-03-12,0.0,0.011170017577709685,-0.04405067210926546,-0.016148198428048075,-0.28683874366052603,0.05522068968697507,-0.1210134987019721,0.001958551173970323
2025-03-13,0.0,0.02991581454911042,-0.03565212149808684,0.001958551173970323,-0.07897474287365316,0.06556793604719716,-0.13251051545995338,0.04901784330619778
2025-03-14,-1.0301281335736788e-05,0.05976684940732825,-0.0008170054534032906,0.04901784330619778,0.13307896095555047,0.060583854860731534,-0.04755548717382799,0.040117193107467905
2025-03-15,-1.083498562124263e-05,0.056021881380924204,-5.121059743410446e-05,0.040117193107467905,-0.3102963377440981,0.056073091978358275,-0.3666365613985062,-0.010799061503233159
2025-03-16,-0.00010135459604373647,0.0005163654211689172,-0.0371660121681044,-0.010799061503233159,0.010132209738085802,0.037682377589273314,-0.2630862350797247,0.01627259327006375
2025-03-17,-7.75296613247351e-07,0.03540231421744678,-0.0009891025560209092,0.01627259327006375,0.1280951132711581,0.03639141677346773,-0.020468059925295032,0.017859748559477473
2025-03-18,-3.2690724497599627e-06,0.02340805448167112,-0.03166950566340608,0.017859748559477473,-0.0817958951724381,0.055077560145077066,-0.07742442140775511,0.01942886184743569
2025-03-19,0.0,0.028679752506779736,-0.0028607722237357154,0.01942886184743569,0.32162955466825643,0.0315405247305154,0.26825572519421176,-0.032485156544539026
2025-03-20,-1.2072822213901932e-05,0.0034736412170919178,-0.047760568676010764,-0.032485156544539026,-0.37742355373388714,0.05123420989310259,-0.1261584257651552,0.02168141902193768
2025-03-21,-8.892671527797323e-06,0.04050095368034353,-0.0028609007261800627,0.02168141902193768,0.1992186916511467,0.043361854406523695,0.07294793247461684,-0.010869272689427204
2025-03-22,1.5918101157758596e-06,0.010296343386923956,-0.01640198636972202,-0.010869272689427204,-0.4290021809497578,0.026698329756645947,-0.39255781695325825,0.011446721224314272
2025-03-23,0.0,0.014398979622784818,-0.00913793815211715,0.011446721224314272,0.04573447414504,0.023536917774902223,-0.28498990650330747,0.026410670751453327
2025-03-24,0.0,0.058961836847270424,-0.004692991384119316,0.026410670751453327,0.4167644609974328,0.06365482823138982,0.17339587228015405,0.005100386282507775
2025-03-25,6.197701727494087e-07,0.021103996674287136,-0.005297238098763043,0.005100386282507775,-0.3559361689444462,0.026401234773050192,-0.14480055978161133,0.011559863218080701
2025-03-26,2.3533951708711523e-05,0.026307276890525217,-0.008377828875474176,0.011559863218080701,0.30830009629437183,0.03468510576599947,0.18645224847098452,-0.013936147273108296
2025-03-27,0.0,0.013133080240079378,-0.040737789751392306,-0.013936147273108296,-0.06473383465542623,0.05387086999147149,0.1251560018978948,-0.07839095448307717
2025-03-28,-2.8843977670544175e-06,0.002605639403095362,-0.08525721039991352,-0.07839095448307717,0.10355986985690865,0.087862849803009,0.16390473492583701,-0.05448223309989041
2025-03-29,-4.4565762352266834e-07,0.003897025122586896,-0.06572278449827627,-0.05448223309989041,-0.3566056278284249,0.06961980962086316,-0.26867132743079575,-0.0033142381407290596
2025-03-30,-3.164912718974475e-05,0.02766927536745113,-0.01395483908972386,-0.0033142381407290596,-0.1805603560448929,0.041624114457175156,-0.37941327365882355,-0.004185004593681635
2025-03-31,-2.360869532111271e-07,0.012230810698759531,-0.021237915592410853,-0.004185004593681635,0.2517613792091276,0.0334687262911705,-0.09859074327867706,0.0372735241513744
2025-04-01,-4.74154153441302e-07,0.06081584798571246,-0.0010610081829314972,0.0372735241513744,-0.011376510014328578,0.06187685616864402,-0.057961006799610665,-0.05058163360687895
2025-04-02,0.0,0.012605150983776745,-0.06210119826861152,-0.05058163360687895,0.5233185826936037,0.0747063492523882,0.5064187513103114,0.02048869740930936
2025-04-03,-5.0453289775472995e-06,0.032507223872903786,-0.02811551559184149,0.02048869740930936,-0.31051839679238663,0.06062273946474535,0.13079350205847923,-0.004639981598868599
2025-04-04,2.4714949831912406e-06,0.01819307974326117,-0.02379053589316487,-0.004639981598868599,-0.0930783147256225,0.041983615636426184,-0.015249997617527369,-0.01910939623919364
2025-04-05,0.0,0.007653253924358056,-0.033808180843262446,-0.01910939623919364,-0.5120182618438681,0.04146143476762039,-0.5851260556229793,-0.0732660292885059
2025-04-06,-3.8386009901247114e-05,0.0035022858502011217,-0.08982265958915367,-0.0732660292885059,0.5696762198404635,0.09332494543935489,0.041548475191563544,-0.02353908722759118
2025-04-07,0.0,0.0077050897433867315,-0.1052614231538122,-0.02353908722759118,0.843837534547345,0.11296651289719899,0.8520607471969311,-0.06305806447606664
2025-04-08,3.916681821636944e-06,0.02940924789675663,-0.0714215483728348,-0.06305806447606664,-0.8162779068748887,0.10083079626959161,-0.13302908370420224,0.07630185696900489
2025-04-09,0.0,0.10586815798648846,-0.03453653946808427,0.07630185696900489,0.5158895831968626,0.14040469745457274,0.3842431973637288,-0.049907176924508787
2025-04-10,5.1753698645893625e-06,0.0006762397478402323,-0.06699864202881413,-0.049907176924508787,-0.3676945257032134,0.06767488177665439,-0.10804896978697485,0.027650015703730553
2025-04-11,0.0,0.037001357530748645,-0.0028994323896707882,0.027650015703730553,-0.346567764932151,0.03990078992041957,-0.544759673567218,0.04222834356982564
2025-04-12,0.0,0.05264372661510192,-0.008981994175352342,0.04222834356982564,-0.1956045558671808,0.06162572079045442,-0.7185208905577684,-0.012743118309581863
2025-04-13,2.5686325764808523e-07,0.0257997600077745,-0.024896301842295014,-0.012743118309581863,0.315496526431847,0.05069606185006965,-0.14226284128203148,0.001596482074428435
2025-04-14,4.9429798011532035e-06,0.0338463577442838,-0.006514508858173699,0.001596482074428435,-0.10298719260096383,0.04036086660245744,-0.23098554423961842,-0.04129513805624975
2025-04-15,0.0,0.016128335686670027,-0.04256671501259345,-0.04129513805624975,-0.11500433548444652,0.058695050699263694,-0.1715295961804907,0.009675190403282678
2025-04-16,0.0,0.025747955100340576,-0.010134978201329076,0.009675190403282678,-0.013946428913893262,0.03588293330166971,-0.08638340743414076,0.02035600230994499
2025-04-17,4.825549676881987e-06,0.03772257452558403,-0.004203239359326427,0.02035600230994499,-0.10161265409917139,0.041925813884910436,-0.16600559146706753,0.013155094173463357
2025-04-18,1.5957970252729505e-05,0.02919350364733513,-0.0039054638288157327,0.013155094173463357,-0.3719983668205811,0.03309896747615095,-0.5349128978731899,0.05313920860649478
2025-04-19,-4.238855488909154e-05,0.05565633764286623,-0.008006550010582243,0.05313920860649478,0.20884620430570436,0.0636628876534484,-0.1981563339772805,-6.674641000835252e-05
2025-04-20,4.818248477867798e-05,0.016628577055290698,-0.02174433805914499,-6.674641000835252e-05,0.21237968717711128,0.038372915114435704,0.09668130713504594,-0.024527369585710494
2025-04-21,0.0,0.023607827529485332,-0.027418961759983984,-0.024527369585710494,0.061379490098549365,0.05102678928946924,0.17328460525503464,0.05958152488596868
2025-04-22,-4.787175107549327e-06,0.06327383181547588,-0.024062387438416644,0.05958152488596868,0.4439903922559662,0.08733621925389239,0.6151476268257304,0.018666921790968564
2025-04-23,-7.2401932324956224e-06,0.04248011283999232,-0.002613789914322763,0.018666921790968564,0.10093397013722305,0.04509390275431513,0.569817581935836,0.0410204377780511
2025-04-24,3.7278718766652143e-06,0.045638529311860264,-0.03902655611466624,0.0410204377780511,-0.1374297156891424,0.08466508542652658,0.22778066553085372,-0.002114291468498704
2025-04-25,1.565386180800975e-05,0.024307761428081942,-0.008129531414576173,-0.002114291468498704,-0.00016688561153715037,0.032437292842658116,0.11065020108783448,0.002755340239498328
2025-04-26,1.759182582964702e-05,0.022930165175111754,-0.009394181166715504,0.002755340239498328,-0.36782013322881774,0.03232434634182723,-0.33745339564263993,-0.041059615279620945
2025-04-27,-9.38641559949861e-06,0.004369851060054501,-0.04753426325833801,-0.041059615279620945,0.16398047687281644,0.05190411431839245,-0.17898617701130345,0.034233710672636815
2025-04-28,2.246998844988037e-05,0.040643175957171186,-0.018695204030337767,0.034233710672636815,0.11345095934089806,0.05933837998750888,-0.01900316590126935,-0.021939782246847953
2025-04-29,-3.0377171398242242e-06,0.020076211217801575,-0.03142132133911907,-0.021939782246847953,-0.3073309781300925,0.051497532556920515,-0.27477834740787627,-0.01902008142192687
2025-04-30,0.0,0.006003871356775058,-0.025660801478503366,-0.01902008142192687,0.04315333154411136,0.03166467283527834,-0.15447043490964862,0.02633017870546067
2025-05-01,1.0549061664500853e-06,0.03727825023801832,-0.00015508331304746532,0.02633017870546067,-0.08306686316875511,0.03743333355106579,-0.16181086084793994,-0.0032163117587637132
2025-05-02,8.334077787361469e-06,0.024795465230098988,-0.01087269046410652,-0.0032163117587637132,-0.07495777826325106,0.03566815569420544,-0.22439133609466325,-0.03169721858470887
2025-05-03,-4.581349417886665e-07,0.0017634087395313326,-0.03363735336252591,-0.03169721858470887,-0.2904550877249286,0.03540076210205719,-0.4553048673423449,-0.028315246898855385
2025-05-04,-1.0403612891079071e-05,0.003984535087805854,-0.032152642379519536,-0.028315246898855385,0.40010920286689916,0.03613717746732543,0.08619428390765609,-0.0005188944508078486
2025-05-05,3.9524937017641446e-05,0.02382087381952961,-0.007802208971687513,-0.0005188944508078486,-0.030927476061489,0.03162308279121714,0.05640779794843294,0.012362205104088086
2025-05-06,0.0,0.013774651468794195,-0.022611335330763153,0.012362205104088086,0.04454673559798031,0.03638598679955727,0.11857197860726036,-0.00010889420470061389
2025-05-07,-3.545485468690549e-06,0.00930474295837011,-0.02085957862215396,-0.00010889420470061389,-0.18555639555372055,0.030164321580524046,-0.07754935542917667,0.11306476255158099
2025-05-08,4.026652473104992e-06,0.12262235811084424,1.7428814187089655e-06,0.11306476255158099,0.9393578325473757,0.12262061522942552,0.8737734233587172,0.07599862640955482
2025-05-09,0.00024332990927466454,0.08858303242304344,-0.0009796072055091344,0.07599862640955482,0.2705377226592677,0.08956263962855264,0.8590605240762138,0.10282259307514639
2025-05-10,2.686298133392584e-06,0.10288695676358134,2.686298133392584e-06,0.10282259307514639,0.11211664170592396,0.10288427046544793,0.7050123894283985,-0.04215555902365496
2025-05-11,1.3734858609173366e-05,0.00740590092669753,-0.06826292835706606,-0.04215555902365496,-0.3111675475103328,0.07566882928376363,0.14657825972639665,-0.0039656667785967275
2025-05-12,1.3764423208000752e-05,0.05236382538710903,-0.032638090668548815,-0.0039656667785967275,0.14745730071767083,0.08500191605565778,0.17171269634817798,0.02510835213468473
2025-05-13,0.0,0.03793797993037437,-0.04749375691290309,0.02510835213468473,-0.24807264164491005,0.08543173684327736,-0.227275188073442,-0.04240493499434412
2025-05-14,0.0,0.010831194312150204,-0.048483944910962695,-0.04240493499434412,-0.14779486149484145,0.05931513922311295,-0.37034931765289114,-0.04447992707615485
2025-05-15,-2.7738076990529668e-06,0.006743475651789824,-0.06072396957973884,-0.04447992707615485,0.15837382113447113,0.06746744523152873,-0.1308370796146678,-0.002916516284556702
2025-05-16,-1.299986285165864e-06,0.036645556008186024,-0.008755116800537161,-0.002916516284556702,-0.400036306821531,0.04540067280872303,-0.4402735285974304,-0.030783430386776046
2025-05-17,-5.315434693485252e-06,0.001418010856600248,-0.04111971910270953,-0.030783430386776046,-0.1183516429197798,0.04253772995930973,-0.4736771849311271,0.04130725208318933
2025-05-18,7.860365163740384e-06,0.06438554199255028,-0.013662852666033386,0.04130725208318933,0.14677076026727676,0.07804839465858386,-0.1753061260333136,-0.04432107967692953
2025-05-19,0.0,0.0008549929492150363,-0.08346606663410791,-0.04432107967692953,0.14123700168001416,0.084321059583323,0.04171092004137735,0.017062667791871797
2025-05-20,2.9046721859494122e-06,0.027577164133999035,-0.015458886280701559,0.017062667791871797,-0.20635339920297766,0.043036050414700634,-0.14895156293941553,0.014686056457319017
2025-05-21,-5.507118971130563e-06,0.04051989444715101,-0.010111201195139042,0.014686056457319017,0.36356124836457104,0.05063109564229017,0.31373540256653243,0.04161311243904452
2025-05-22,3.3163827650261295e-06,0.04668189800847001,-0.0007299722796956903,0.04161311243904452,-0.13888010259317227,0.0474118702881659,0.1013129957570165,-0.08252133258413345
2025-05-23,0.0,0.033393620449278155,-0.08511238333531405,-0.08252133258413345,0.45760469874437826,0.11850600378459222,0.502160498401956,-0.0014998044369961133
2025-05-24,5.402012879247474e-05,0.01678294092068576,-0.008195145541084704,-0.0014998044369961133,-0.8782578927501608,0.02497808646177055,-0.5177582306970795,-0.005000411948136727
2025-05-25,0.0,0.0026372748731644563,-0.0413235573228739,-0.005000411948136727,0.15065581828340152,0.04396083219603834,-0.306263569549945,-0.012555826564689392
2025-05-26,1.0537568803298448e-06,0.019189193680562138,-0.02019518050702041,-0.012555826564689392,0.005200975580969143,0.03938437418758254,-0.2942134061325366,0.01527556082447386
2025-05-27,3.841450531833632e-06,0.031889835255698946,-0.019161674218010842,0.01527556082447386,0.028798112233314205,0.05105150947370984,-0.18841298173676255,0.00824070224502462
2025-05-28,1.6498921501521997e-05,0.02630841661101086,-0.025555891075496696,0.00824070224502462,0.05252597359610281,0.05186430768650753,-0.090792757645286,-0.05241861986920892
2025-05-29,7.817000882655389e-06,0.022031449384468386,-0.05248144818010583,-0.05241861986920892,0.09955983604207784,0.07451289756457426,0.18802265882340785,-0.06981967608828434
2025-05-30,-2.273636302974862e-05,0.0028042479227407017,-0.07280712383191773,-0.06981967608828434,0.36841468306986386,0.07561137175465847,0.4897045801475166,0.00817872425384232
2025-05-31,7.891164586877152e-06,0.017149023452693878,-0.034180991029020925,0.00817872425384232,-0.4354022705618682,0.05133001448171488,-0.0757736558478521,-0.004308818212369328
2025-06-01,-1.787357181592333e-05,0.003678885713259981,-0.0237803224813691,-0.004308818212369328,-0.4606784261628361,0.02745920819462893,-0.5562143018544429,0.019769969246919327
2025-06-02,0.0,0.02468861783892544,-0.026105766351915027,0.019769969246919327,0.2308988011782878,0.05079438419084042,-0.27162667634777665,-0.0010634185070205198
2025-06-03,6.659865324799232e-05,0.017779867045026945,-0.007328034466379447,-0.0010634185070205198,0.07087258232346028,0.025107901511406357,-0.16696074661086152,-0.030253953260750532
2025-06-04,-8.175669105140259e-06,0.016979077835202114,-0.03609410272504343,-0.030253953260750532,0.048296582079206486,0.053073180560245674,-0.0748225571981954,-0.04881768800991304
2025-06-05,0.0,0.013904011741074371,-0.06764925267989713,-0.04881768800991304,0.2594811344714132,0.08155326442097147,0.3294511917524903,0.016706167345689193
2025-06-06,4.984980253979242e-07,0.0415777610604862,-0.001816743354609549,0.016706167345689193,-0.39350146913675693,0.04339450441509575,-0.10178765866766534,0.03480398137851353
2025-06-07,8.76298971515256e-06,0.042099996247344555,-0.0036455610126228397,0.03480398137851353,-0.3966762643618459,0.04574555725996731,-0.5329617084826168,-0.0009017760505993066
2025-06-08,4.912136380838825e-05,0.02068452980027035,-0.009659135596668127,-0.0009017760505993066,0.1369335443487856,0.030343665396938543,-0.33441123989921373,0.032505252620593075
2025-06-09,8.767069276499506e-06,0.03285394982841958,-0.013852398189192231,0.032505252620593075,0.48613065823755186,0.04670634801761196,0.2126074787292287,0.0305200943527179
2025-06-10,-0.0001107921409821752,0.03596723858168257,-0.013847929756570542,0.0305200943527179,0.45435293555115114,0.049815168338253175,0.6453688578294264,-0.022267766704884732
2025-06-11,0.0,0.011618240003680445,-0.03160514704509559,-0.022267766704884732,-0.07610740886727525,0.043223387048775916,0.47831726144988385,-0.06502844027794784
2025-06-12,0.0,0.0015589938199120673,-0.068614021382334,-0.06502844027794784,-0.11040595590623538,0.07017301520224607,0.23128102046281052,-0.022304580627278827
2025-06-13,0.0,0.0,-0.06425626377859,-0.022304580627278827,0.25883290108455187,0.06425626377858991,0.3515410365187251,-0.014791862095606758
2025-06-14,6.51643349893265e-06,2.631371860908138e-05,-0.03121474385556714,-0.014791862095606758,-0.9863065045038979,0.031241057574176355,-0.8011365967144646,0.009634745883342124
2025-06-15,-1.0707676985711595e-06,0.01205101222452381,-0.012007900219582882,0.009634745883342124,-0.3395100675394385,0.0240589124441066,-1.0868485307618145,0.007668009514832809
2025-06-16,0.0,0.043243356388904614,-0.007443335896329479,0.007668009514832809,0.5966254183543107,0.05068669228523401,-0.30532354342389983,-0.0334068862849773
2025-06-17,0.0,0.010937538811425241,-0.04829527826825491,-0.0334068862849773,0.14275700648824322,0.05923281707968011,-0.03921718121388177,-0.027861964925992577
2025-06-18,0.0,0.01563723042542211,-0.03980426775254227,-0.027861964925992577,0.0837892618894143,0.05544149817796449,0.12204245505419141,-0.02078581208685657
2025-06-19,-7.437387318096663e-06,0.008661524388884923,-0.033943076472018656,-0.02078581208685657,-0.016115499191994592,0.04260460086090343,0.26559345319676464,-0.03155985240031867
2025-06-20,1.67999174518021e-06,0.007311883413039578,-0.060159439126090626,-0.03155985240031867,0.21298679764708767,0.06747132253913,0.3856235426358657,-0.03493375664023833
2025-06-21,0.0,0.019423616852082125,-0.054976492606784604,-0.03493375664023833,-0.3151598788652325,0.07440010945886663,-0.10185599686338108,-0.05170955514638351
2025-06-22,8.223050205419282e-05,0.012170230674868238,-0.0932810199384852,-0.05170955514638351,0.5388052289415735,0.1054512506133533,0.4185853844184092,0.08144935316936472
2025-06-23,-3.8572119139652944e-06,0.08148651085203876,-0.008760306577867352,0.08144935316936472,-0.11583727195782365,0.09024681742990631,0.18906959970560297,0.00510816359261522
2025-06-24,0.0,0.0284711063277273,-0.008349662162002306,0.00510816359261522,-0.43843920196694386,0.036820768489729705,-0.3108977704990486,-0.023837533278918358
2025-06-25,0.0,0.005350748621203621,-0.0266862678032634,-0.023837533278918358,-0.17787589652478894,0.03203701642446704,-0.4703073582954331,-0.017786133962230374
2025-06-26,0.0,0.02099123958694447,-0.023802528650074366,-0.017786133962230374,0.033383576297731817,0.04479376823701883,-0.3504660443067822,0.018981624125607874
2025-06-27,-5.784663167373013e-07,0.026294038870159464,-0.0025675614982775033,0.018981624125607874,0.0004653272543818706,0.028861600368437074,-0.3252603918759616,0.012943047992059677
2025-06-28,-5.604961796024701e-06,0.018790130679438237,-0.008030201156706,0.012943047992059677,-0.5846529244178691,0.026820331836144247,-0.7521342764880301,0.041211578237793735
2025-06-29,4.5872730634165884e-05,0.04948638949172921,-0.006617799011091605,0.041211578237793735,0.3569863900661779,0.05610418850282077,-0.16119908802801966,-0.042581656182942976
2025-06-30,0.0,0.0019426602256410914,-0.055119852124547036,-0.042581656182942976,0.3116336149991279,0.05706251235018822,0.23016316045569127,-0.034645693090539165
2025-07-01,0.0,0.0049290756070088275,-0.04096691887154492,-0.034645693090539165,-0.09777049943835237,0.04589599447855386,0.1047961456629446,0.07572430815266253
2025-07-02,8.204296866286153e-06,0.09713258576414707,-0.010488836729788844,0.07572430815266253,0.5792605778431522,0.10762142249393579,0.6870433712749956,-0.0006692829549828236
2025-07-03,0.0,0.033050351485322364,-0.010146691360431235,-0.0006692829549828236,-0.1371269422144209,0.04319704284575348,0.39145343057047993,-0.05279442668781765
2025-07-04,0.0,0.005105909439899069,-0.06346008751730964,-0.05279442668781765,-0.08207813821313223,0.06856599695720877,0.13676627049998583,-0.0005996861966472533
2025-07-05,0.0,0.009211414954531622,-0.013476586445226084,-0.0005996861966472533,-0.7408548902210187,0.02268800139975768,-0.6995237194052502,0.011873407578959036
2025-07-06,0.0,0.024383122389408103,-0.007283038656900087,0.011873407578959036,0.3773474935094933,0.031666161046308094,-0.2592509468658826,-0.007675071052447179
2025-07-07,0.0,0.011024235325566298,-0.01930653614514966,-0.007675071052447179,-0.1072864317097943,0.030330771470715907,-0.3660035982686658,0.023112293066513082
2025-07-08,0.0,0.028625981098873078,-0.012063036447960532,0.023112293066513082,0.203206958315816,0.0406890175468337,-0.014496027643216057,0.04817487942131402
2025-07-09,0.0,0.05836863464804072,-0.00862347791210997,0.04817487942131402,0.38666346825144393,0.06699211256015052,0.45828498362564246,0.07057021854713455
2025-07-10,0.0,0.07117850994378286,-0.007232326629342632,0.07057021854713455,0.30272944751109593,0.0784108365731255,0.7261254427747582,0.008661183778943185
2025-07-11,0.0,0.0548828962416696,-0.01641027620174251,0.008661183778943185,0.40125192420240324,0.07129317244341227,0.8772749596006946,-0.007238713494027537
2025-07-12,0.0,0.03130932294786213,-0.027812509544611657,-0.007238713494027537,-0.5443462559311624,0.05912183249247368,0.04469109641961755,0.024977440715577354
2025-07-13,0.0,0.042455223955697466,-0.0022171636010227683,0.024977440715577354,-0.21933578556910815,0.044672387556720226,-0.27927575268088445,-0.009199528567634422
2025-07-14,0.0,0.04909006814322124,-0.018748920183414505,-0.009199528567634422,0.4717165876385746,0.06783898832663582,0.15111986545156836,0.03186478050061929
2025-07-15,0.0,0.03543429460186991,-0.03590741809324752,0.03186478050061929,-0.06748401410790128,0.07134171269511742,0.008013654777284041,0.01919825723424306
2025-07-16,0.0,0.04420670674996623,-0.015471070812788059,0.01919825723424306,0.1531367107649601,0.059677777562754344,0.15293020674002916,0.025910922063136055
2025-07-17,0.0,0.03268815049250523,-0.018949272284973537,0.025910922063136055,0.16571503096914383,0.05163742277747888,0.3735241301894336,-0.008873053756807671
2025-07-18,0.0,0.0770758663516782,-0.025939249870924073,-0.008873053756807671,0.36486922905438046,0.10301511622260218,0.6295484231273277,0.043015380533707744
2025-07-19,-1.3980900061277847e-05,0.05013791439426085,-0.02028806610570288,0.043015380533707744,-0.8695624698094031,0.07042598049996361,-0.46227266502962716,0.017107763196220947
2025-07-20,-1.58763202257332e-05,0.037185223152507114,-0.013594201022367858,0.017107763196220947,0.39672418017590727,0.050779424174874896,-0.02855508125597851,0.0027166843640974805
2025-07-21,0.0,0.039067523512881216,-0.019116010916691357,0.0027166843640974805,0.16872925790472731,0.0581835344295726,0.10388496676153647,0.009658920777565506
2025-07-22,2.6470299397170656e-06,0.009658920777565506,-0.04931852454484254,0.009658920777565506,0.10867435286289111,0.058977445322408034,0.16857176139612434,-0.09976146336737489
2025-07-23,0.0,0.0006832672136136888,-0.12523885032023224,-0.09976146336737489,-0.041792974079063405,0.1259221175338459,0.09054800528181131,-0.028426347821856626
2025-07-24,-1.2397580201037756e-05,0.02013455812091904,-0.050852984209906,-0.028426347821856626,-0.044070462018298506,0.07098754233082503,0.1068866856867558,0.02194105051928649
2025-07-25,0.0,0.023951744253207313,-0.029158627008248308,0.02194105051928649,-0.3282643764095326,0.053110371261455715,-0.3157559182645091,0.00875227991955017
2025-07-26,-1.3527823000347792e-05,0.02513663659002268,-0.003382281901771858,0.00875227991955017,-0.6308688154350962,0.028518918491794422,-0.9250247323639266,0.027468289335583665
2025-07-27,-3.236865493472847e-06,0.029304923404255424,-0.0013685094396812952,0.027468289335583665,0.021714026478371402,0.030673432843936664,-0.7720989091639394,-0.0711719838757172
2025-07-28,6.073360116956574e-06,0.015698740662942547,-0.07309183789797846,-0.0711719838757172,0.5086375974564794,0.08879057856092117,-0.0834960305208955,-0.011589220466239782
2025-07-29,1.443148304737669e-05,0.03226289895140405,-0.031178346793264766,-0.011589220466239782,-0.019170083919835185,0.06344124574466879,0.015247346440658791,-0.024960943021354612
2025-07-30,0.0,0.0029506077535089523,-0.06487058451737708,-0.024960943021354612,0.07602017943625959,0.06782119227088595,0.21316070456603056,-0.03152342968110663
2025-07-31,0.0,0.028689397241286343,-0.035435849960126296,-0.03152342968110663,-0.22800088024877033,0.06412524720141252,-0.0037309028516445135,-0.03759415248701335
2025-08-01,-3.089689151675911e-05,0.008470235493752355,-0.059494443061361674,-0.03759415248701335,0.41853276347779167,0.06796467855511396,0.3564118025018207,-0.013017248159050138
2025-08-02,0.0,0.020563246217767457,-0.033492969778814136,-0.013017248159050138,-0.4599073370755024,0.054056215996581614,-0.24458052254363,0.027399481374610752
2025-08-03,1.4550269856828853e-05,0.0315905205864427,-0.00894807645769248,0.027399481374610752,-0.4006038670068437,0.04053859704413522,-0.6073952449076987,0.031671707767997596
2025-08-04,1.984640339094659e-06,0.04060900119574883,-0.0006963887895018591,0.031671707767997596,0.22777321196639294,0.04130538998525089,-0.28709311723725667,-0.02757981996185959
2025-08-05,2.948243394534595e-06,0.00024999297605708334,-0.04784780356776035,-0.02757981996185959,-0.021186320220438558,0.04809779654381732,-0.22111938229314654,0.015151868923707306
2025-08-06,6.061364729556444e-06,0.020912871591201258,-0.01738506642813287,0.015151868923707306,-0.16714040234784538,0.03829793801933421,-0.3447772697044228,0.05026975816120773
2025-08-07,0.0,0.05062608313841312,-0.007266740324288009,0.05026975816120773,0.4003127087334472,0.057892823462701096,0.2544029638671124,0.029300485576248165
2025-08-08,-8.022600777714625e-07,0.03375505860004689,-0.01081671707619945,0.029300485576248165,0.39275544807725654,0.044571775676246345,0.6373026532424252,0.0396159584916086
2025-08-09,-2.9965206200124737e-06,0.044518798903853164,-0.0008811240969200278,0.0396159584916086,-0.350743351524367,0.04539992300077328,0.09285081211073071,-0.018438985597056524
2025-08-10,-5.990681955067905e-06,0.008493610857538534,-0.03957724425260846,-0.018438985597056524,-0.002131458603363314,0.04807085511014715,0.042666354416846755,-0.050386622107262885
2025-08-11,0.0,0.022005243579914346,-0.06046563016411856,-0.050386622107262885,0.20510819248925358,0.082470873744033,0.19910569590543056,0.07114832259431289
2025-08-12,0.0,0.0893798959710504,-0.005311786486540523,0.07114832259431289,0.37102700687980267,0.09469168245759094,0.46033658316612924,0.03158670910163861
2025-08-13,0.0,0.03831634949449764,-0.011370951155255781,0.03158670910163861,0.0396241117634187,0.04968730064975339,0.36389713166943083,-0.07084087431148703
2025-08-14,0.0,0.018915995026424586,-0.08996051036466428,-0.07084087431148703,0.08845184296715375,0.1088765053910889,0.3879412923551256,-0.02484224964532828
2025-08-15,2.7494003469850405e-06,0.027193251722793757,-0.0409135882397933,-0.02484224964532828,-0.35843257754688745,0.06810683996258719,-0.10912656198424571,0.0193362004807336
2025-08-16,0.0,0.026455684356634625,0.0,0.0193362004807336,-0.8595151178001852,0.026455684356634625,-1.019735621977014,0.02234557804729043
2025-08-17,-4.267084769025302e-06,0.054425142398855327,-0.008913926649269674,0.02234557804729043,0.4654171143771238,0.06333906904812496,-0.4753903927298087,-0.03560173017335221
2025-08-18,-1.6456058503450037e-06,0.0008922247451920727,-0.05438250544589754,-0.03560173017335221,0.30034128215960365,0.05527473019108961,-0.06096056708196751,-0.05227610158910672
2025-08-19,1.3763678493080696e-05,0.011234521124192768,-0.052415809518901194,-0.05227610158910672,-0.15126285036936074,0.06365033064309394,-0.12606576654667692,0.04343133190644237
2025-08-20,0.0,0.049164856148320085,-0.0029777477695990557,0.04343133190644237,-0.09242062784493742,0.05214260391791905,-0.06059222500074767,-0.022600244461180155
2025-08-21,0.0,0.007793054320995077,-0.027405625382689414,-0.022600244461180155,-0.46314146260986705,0.03519867970368451,-0.44517545418418963,0.096010422999024
2025-08-22,1.319788905433291e-06,0.10077767535089745,-0.026015130498524667,0.096010422999024,1.0067338995050938,0.12679280584942218,0.5542515542589393,0.01201598052981077
2025-08-23,8.814888489375133e-05,0.015756301890539982,-0.035224189902810316,0.01201598052981077,-0.395326013462016,0.05098049179335043,0.012992330765759313,-0.028119672453029012
2025-08-24,1.8164444521808195e-05,0.012129596625715248,-0.051213792495099136,-0.028119672453029012,0.19941351188884293,0.0633433891208143,0.2328997793131236,-0.09521994439552646
2025-08-25,1.2648416549032561e-05,0.007473490548331412,-0.1033425328160629,-0.09521994439552646,0.17716610202486957,0.11081602336439426,0.35475107272993095,0.03994931554441628
2025-08-26,-6.381713379233729e-06,0.048712963976390876,-0.004371427960249759,0.03994931554441628,-0.5334500754375808,0.053084391936640524,-0.2888513955617321,-0.014005402656707187
2025-08-27,0.0,0.010019481516940513,-0.014673342028318293,-0.014005402656707187,-0.05954692065696977,0.024692823545258855,-0.4016781432068494,0.03745189979071079
2025-08-28,1.0944071009187819e-05,0.04673288910881907,-0.0055188550933947846,0.03745189979071079,0.3407816035936858,0.052251744202213825,0.058915107300835844,-0.052498674011981425
2025-08-29,-2.0844295806331712e-05,0.0026076175325530334,-0.0653731555891713,-0.052498674011981425,0.1747447797275932,0.06798077312172429,0.2091549047531621,0.00876417670049667
2025-08-30,-3.7875887412798016e-05,0.011726065660946954,-0.014736963289956455,0.00876417670049667,-0.8666838166367193,0.026463028950903307,-0.6806517337757808,-0.018044289925640757
2025-08-31,2.3340001086676566e-05,0.0154597933035242,-0.019046947092344193,-0.018044289925640757,0.18877556849293606,0.034506740395868235,-0.3186664375479663,-0.014236535796114672
2025-09-01,0.0,0.03644609556077574,-0.032313456748434555,-0.014236535796114672,0.46730716245005366,0.06875955230921042,0.1854449856409881,0.03407522696265683
2025-09-02,6.785850983658805e-06,0.035000864142538037,-0.0019927010349327957,0.03407522696265683,-0.3701662109018786,0.03699356517747088,-0.2460745219104309,0.012338753034885273
2025-09-03,-3.1855811848562245e-06,0.021478930097841825,-0.00593795679384328,0.012338753034885273,-0.24496089171853355,0.027416886891685123,-0.4094812887498913,-0.025609015811631494
2025-09-04,0.0,0.0025240160502637433,-0.033867797983931795,-0.025609015811631494,-0.05317090813256973,0.03639181403419563,-0.27577654085745185,0.016372320060630663
2025-09-05,-6.899363198454862e-06,0.03244799494045561,-0.0018740077005132791,0.016372320060630663,0.2950819395505166,0.03432200264096881,0.021172749125834143,-0.0009702450657773287
2025-09-06,0.0,0.013896724816447114,-0.009714704774242633,-0.0009702450657773287,-0.5551315729989138,0.02361142959068981,-0.55213694408486,0.043413433373422225
2025-09-07,0.0,0.06380621927682324,-8.41480422610551e-05,0.043413433373422225,0.8748975653774367,0.06389036731908444,0.5165968151777277,0.012492715186309835
2025-09-08,-3.0437473329643385e-06,0.019565937467842857,-0.0021541251894884967,0.012492715186309835,0.016151682265260797,0.02172006265733128,0.4456435073874169,0.02295405429702378
2025-09-09,0.0,0.03191696604270098,-0.008325336119074846,0.02295405429702378,0.15036530377314955,0.04024230216177575,0.46756001428598637,0.01787268372625067
2025-09-10,-2.8801430210035947e-06,0.020114002018353862,-0.019765170063578873,0.01787268372625067,-0.1680086385994352,0.039879172081932736,0.13991290839738474,0.00664924991417289
2025-09-11,-9.958553180757667e-06,0.009860838131038142,-0.015521684798357884,0.00664924991417289,-0.19242623784292626,0.02538252292939602,-0.1133325004624296,0.018339344221061725
2025-09-12,2.810367264882429e-06,0.018662461297200547,-0.018721369784308644,0.018339344221061725,0.023356965471410984,0.03738383108150912,-0.1744934667020205,0.04094414240035431
2025-09-13,0.0,0.06625917464273436,-0.002167072899280085,0.04094414240035431,0.5150119285724597,0.06842624754201446,0.37225535930165304,-0.040533091106897325
2025-09-14,-9.74691396294647e-06,-9.535023518746969e-06,-0.04804780272443252,-0.040533091106897325,-0.5706967249732957,0.048038267700913795,-0.2765253029592707,-0.03993842935909326
2025-09-15,-4.589694547805238e-05,0.017973335564213714,-0.04916375038142075,-0.03993842935909326,0.18001051960312195,0.06713708594563443,-0.020745846274764397,0.024403880119478517
2025-09-16,0.0,0.033129771823249686,-0.0065877540807039465,0.024403880119478517,-0.044010852658421716,0.039717525903953485,-0.05575226105994641,0.033513302861129676
2025-09-17,1.1989697600316146e-05,0.03980128557951697,-0.02586341517283015,0.033513302861129676,0.07191676865995833,0.06566470075234704,-0.0022918667209374404,0.030666756575864013
2025-09-18,1.1377824782195398e-05,0.04283768839555597,-0.004429292216203132,0.030666756575864013,0.2545182902107232,0.04726698061175897,0.22443862425351244,-0.04025155014771764
2025-09-19,2.62720189084503e-06,0.07158867428611974,-0.046373708515462984,-0.04025155014771764,0.42446538561272346,0.11796238280158268,0.6779435650518839,-9.38734346090558e-05
2025-09-20,4.3761775331481967e-07,0.02219637200742396,-0.012788424514867915,-9.38734346090558e-05,-0.8469413750248662,0.034984796522291854,-0.3773756438492138,-0.02017705770693849
2025-09-21,0.0,0.006488968228383033,-0.025756076349171833,-0.02017705770693849,-0.26549950503408004,0.032245044577554886,-0.6220442148789722,-0.05638374128849115
2025-09-22,0.0,0.0012661435530804432,-0.08112842871237676,-0.05638374128849115,0.7982273364388798,0.08239457226545732,0.22407533398070978,-0.015919541529888583
2025-09-23,0.0,0.005301116117725178,-0.022592448055473325,-0.015919541529888583,-0.6688151869522803,0.027893564173198437,-0.5184383285584465,0.0054305980156570495
2025-09-24,0.0,0.03353635201946627,-0.015055979047421848,0.0054305980156570495,0.09604413004933304,0.048592331066887984,-0.32907397745525624,-0.04983446439949226
2025-09-25,0.0,0.0023850128676844717,-0.05298213235109088,-0.04983446439949226,0.3612541101297874,0.055367145218775234,0.2622044831895948,0.03291073984214016
2025-09-26,0.0,0.043506463514681126,-0.004007730660566859,0.03291073984214016,-0.4414546832198107,0.047514194175247916,-0.24823349720656165,-0.008979247994922388
2025-09-27,0.0,3.3385883722088655e-06,-0.018212494970162293,-0.008979247994922388,-0.5427488434833292,0.018215833558534626,-0.8118587345990448,0.02645852711110323
2025-09-28,0.0,0.0307356898804881,-0.024318376403021032,0.02645852711110323,0.2615207914527546,0.055054066283509194,-0.3211988275177037,-0.0033210291964454637
2025-09-29,9.00709511552549e-06,0.005944305577740793,-0.031775779738222515,-0.0033210291964454637,0.33159662436487514,0.03772008531596337,0.05548631272761054,-0.019263281935920158
2025-09-30,-2.9924211547374783e-06,0.0014358672891992717,-0.04332528178401318,-0.019263281935920158,-0.285580398477008,0.04476114907321247,-0.22367168090723782,0.05316621810209264
2025-10-01,0.0,0.05328585158873575,-0.004757513451905382,0.05316621810209264,0.3075760193971729,0.05804336504064113,0.2519534592746225,0.044560540998058194
2025-10-02,3.1240738060439914e-06,0.05114841342174107,-0.004099081540218027,0.044560540998058194,0.2685879950740357,0.055247494961958986,0.5027387798759522,0.0026188585495682654
2025-10-03,0.0,0.01577629747256571,-0.028430844346223075,0.0026188585495682654,-0.11566044143615203,0.044207141818788744,0.20976274632249498,-0.027855249624911618
2025-10-04,-2.9801138657673287e-06,0.001518922408778788,-0.04195871508201585,-0.027855249624911618,-0.36983932234161915,0.043477637490794634,-0.25359621651263853,-0.015760380002594353
2025-10-05,-1.282469532432274e-05,0.03828797518680232,-0.02616457921748244,-0.015760380002594353,0.2577286021572232,0.06445255440428473,0.0381035967020341,0.05908182286721684
2025-10-06,-4.611801068651729e-07,0.06528612424885812,-0.004305840314273169,0.05908182286721684,0.25753162609152325,0.06959196456313112,0.23630951201440165,-0.05659661685869349
2025-10-07,4.444933013469395e-05,0.008990701797136971,-0.0626734784710779,-0.05659661685869349,-0.022676312529301006,0.0716641802682148,0.15033545048770727,0.012357736695258387
2025-10-08,5.060375454483073e-06,0.021992982699695334,-0.015896964887034914,0.012357736695258387,-0.24022513469913642,0.037889947586730185,-0.09152919492843721,-0.029629588886359744
2025-10-09,0.0,3.2942878808600684e-06,-0.05457819760714136,-0.029629588886359744,0.04776687708076895,0.05458149189502223,-0.020748245994585583,-0.31888920747191635
2025-10-10,-1.7551889382103783e-06,0.05030040112551641,-1.0610252718042785,-0.31888920747191635,1.3168138029151646,1.1113256729297947,1.246523144667052,0.012712137587598087
2025-10-11,0.0,0.11225974445083775,-0.02113890607239248,0.012712137587598087,-0.2764153113687542,0.1333986505232303,0.5533996342578712,0.0790111359005917
2025-10-12,-1.2634938059373925e-05,0.09643048573125951,-0.025839979306491404,0.0790111359005917,-0.7041432888918205,0.12227046503775103,-0.3292576067069117,0.039290994987489614
2025-10-13,3.0839103368563865e-05,0.058068917148736986,-0.012896799237346707,0.039290994987489614,0.11032935333744129,0.07096571638608362,-0.23801720968706458,-0.03813671919042959
2025-10-14,0.0,0.0049237504224212015,-0.08930729919875482,-0.03813671919042959,-0.09151968250148451,0.09423104962117612,-0.38920486943007493,-0.03507845607988437
2025-10-15,7.70097086139662e-06,0.025909592252799533,-0.044084062400437836,-0.03507845607988437,-0.34782582725919275,0.06999365465323744,-0.7767348184752216,-0.04017849945167376
2025-10-16,0.0,0.01953404132092964,-0.05187587512528738,-0.04017849945167376,0.1916671347414926,0.07140991644621685,-0.29902192709109127,-0.04172722796385749
2025-10-17,1.225661573585628e-05,0.01285432110961518,-0.07952259255767044,-0.04172722796385749,0.0659176488962918,0.09237691366728575,-0.015269572898751655,0.013953759328346438
2025-10-18,0.0,0.02476266210321234,0.0,0.013953759328346438,-1.001591707941345,0.02476266210321234,-1.002169401619769,0.02536826704949761
2025-10-19,0.0,0.041540894855756516,-0.014987161963350624,0.02536826704949761,0.3410398351245409,0.05652805681910717,-0.4792353615106471,0.02615287169798976
2025-10-20,4.359612031099973e-06,0.038751184504126374,-0.018498449971428594,0.02615287169798976,0.15513988084963132,0.05724963447555511,-0.1749572957180285,-0.026592418135012456
2025-10-21,0.00015187959521432328,0.03209379388309738,-0.04362702091000608,-0.026592418135012456,0.1950173696194309,0.07572081479310346,0.06843085081613555,-0.02852051820388475
2025-10-22,4.623123636111744e-05,0.0072161163417044675,-0.05116220641036522,-0.02852051820388475,-0.11064893393250774,0.05837832275206962,0.018927567559902644,0.027378650222514327
2025-10-23,0.0,0.037638921469219246,-0.0022036949914936606,0.027378650222514327,-0.3195529390419392,0.0398426164607128,-0.18778034921624095,0.02476177938205671
2025-10-24,-4.684097516781368e-06,0.032296735099591,-0.0023266466016647145,0.02476177938205671,0.032047092458385225,0.03462338170125578,-0.19310367591299665,0.004500982851229627
2025-10-25,0.0,0.008155396899228312,-0.015078458240692743,0.004500982851229627,-0.5411048258313413,0.023233855139921225,-0.7260686670349565,0.03300281486744186
2025-10-26,0.0,0.04051829703952391,-0.010466402700680687,0.03300281486744186,0.3904395792743466,0.05098469974020463,-0.22256509856346693,-0.017622323797118346
2025-10-27,-7.161501557998843e-06,0.014669652709381802,-0.022917888682473592,-0.017622323797118346,0.2418338138678351,0.03758754139185544,0.1437680372350647,-0.028136336044310144
2025-10-28,0.0,0.015757707557966637,-0.042862346650545266,-0.028136336044310144,1.2073193569453806,0.05862005420851205,1.4024816016695452,0.008673466855665056
2025-10-29,-4.490364868666052e-05,0.03846877533396861,-0.00470764552030405,0.008673466855665056,-0.864548283623169,0.04317642085427262,0.06909562924275289,-0.06943104349123047
2025-10-30,2.245072240730336e-05,0.011628235341715356,-0.09849372700933419,-0.06943104349123047,0.11289061470379533,0.11012196235104967,0.10925009128388238,0.003211932901182688
2025-10-31,-1.3609354273666623e-05,0.016934264164902135,-0.012038027516757477,0.003211932901182688,-0.5012349832539721,0.028972291681659663,-0.5299428283155116,0.028873416084729073
2025-11-01,-5.211196777223306e-06,0.028873416084729073,-0.004916035467343785,0.028873416084729073,-0.276667045636359,0.03378945155207288,-0.827372141273108,0.00707929460776614
2025-11-02,0.0,0.014700788863298902,-0.02856707852563833,0.00707929460776614,0.08044494510927747,0.043267867388937224,-0.7131161157285836,-0.14548271931977932
2025-11-03,-1.4124011454119641e-05,0.0004402977932944489,-0.1683045312832052,-0.14548271931977932,0.7572672234415067,0.16874482907649951,0.42906419598681705,-0.027350450281349227
2025-11-04,-1.81816898115161e-05,0.02862924524148938,-0.09234367697455337,-0.027350450281349227,0.059624855234000414,0.12097292221604272,0.4411191866059214,0.0611275630604361
2025-11-05,-4.3631585891590216e-06,0.06248030603493815,-0.04698107098868976,0.0611275630604361,-0.44777559216692553,0.1094613770236279,-0.041057232225635294,-0.0030397509680002758
2025-11-06,-4.104436860535378e-06,0.0005974619552190379,-0.04852121751345019,-0.0030397509680002758,0.09337025273189026,0.049118679468669345,0.022290878742958698,0.19638882525703086
2025-11-07,0.0,0.2234861101976746,-4.618221228477359e-05,0.19638882525703086,1.0618517402315986,0.2235322924099593,1.0019358277645345,0.002312294481375764
2025-11-08,1.544330901014418e-05,0.08298152353241924,-0.047721924686719895,0.002312294481375764,-0.17088871334650452,0.13070344821913907,0.4761099496287142,-0.0051394930094293845
2025-11-09,0.00011107644161512405,0.016166647470451084,-0.06540411718417127,-0.0051394930094293845,-0.4761039150879485,0.0815707646546224,-0.1350394023016368,0.008659612728603985
2025-11-10,0.0,0.022048016145817747,-0.031732685536806714,0.008659612728603985,-0.039071912977272985,0.053780701682624464,-0.1843096409331156,-0.06611623557234478
2025-11-11,3.7287288357491245e-06,0.03156243609970113,-0.06731437580834329,-0.06611623557234478,-0.14584900261597958,0.09887681190804438,-0.3905835866059462,-0.043177347799446195
2025-11-12,-1.140409124109105e-05,0.029501402806214595,-0.057810024804813794,-0.043177347799446195,-0.20487622985561563,0.08731142761102832,-0.622880032157091,-0.021431328785794946
2025-11-13,8.155587735648787e-06,0.03889543291087655,-0.05390253659649539,-0.021431328785794946,0.08187835244414696,0.092797969507372,-0.3237598747863375,-0.01820283584565808
2025-11-14,1.4998015262963114e-05,0.017640106146588314,-0.032145560855590734,-0.01820283584565808,0.09523648051195999,0.04978566700217898,-0.03952363908649556,0.0076410677405792824
2025-11-15,0.0,0.047278172189356545,0.0,0.0076410677405792824,-0.588070952559266,0.047278172189356545,-0.5809625156662666,-0.01564089776267767
2025-11-16,-1.759955019304055e-05,0.021456668405940828,-0.04591394447354627,-0.01564089776267767,0.146840046033747,0.06737061287948698,-0.29745047939200586,-0.04605182074592939
2025-11-17,-1.9416649435314505e-05,0.019503778456286442,-0.057424609247864564,-0.04605182074592939,0.20287100782793369,0.07692838770415099,-0.001493441752094622,0.033940568947432914
2025-11-18,4.836564427182703e-06,0.04940523948841157,-0.011973675641815226,0.033940568947432914,-0.07993478043253609,0.06137891513022693,-0.06873496827314499,-0.02416745569419073
2025-11-19,0.0,0.0034709139961875937,-0.06794477805096201,-0.02416745569419073,-0.11698054008513689,0.07141569204714966,-0.13793311324350027,-0.05681961403807222
2025-11-20,-2.6342805672690373e-05,0.041597818602154515,-0.06730965760916009,-0.05681961403807222,0.19346597880029826,0.10890747621131451,0.15537946217878665,-0.0795513394977862
2025-11-21,-9.857521728067896e-06,0.017995140671356782,-0.10675711044692804,-0.0795513394977862,0.20367163018567275,0.12475225111828483,0.2929129907013119,-0.01541769849830516
2025-11-22,-5.184373870574418e-06,0.003648108349291047,-0.0355018543862359,-0.01541769849830516,-0.7191877067261047,0.03914996273552688,-0.5114709286706782,-0.023563916141219207
2025-11-23,0.0,0.02232436746446335,-0.023932859800519273,-0.023563916141219207,-0.04161107105147683,0.04625722726498287,-0.4679794103960293,0.03640471978546284
2025-11-24,5.284736866256699e-06,0.05943495742183205,-0.004770808830056483,0.03640471978546284,0.31487994420522175,0.0642057662518885,-0.07265346008085775,-0.019372512272435437
2025-11-25,1.7325775692993527e-06,0.0027265185335073635,-0.06806090173559971,-0.019372512272435437,-0.06455529010413144,0.07078742026910712,-0.12786777424372106,0.021545046924407247
2025-11-26,-5.715068604509547e-06,0.03169753754647621,-0.022367099915069123,0.021545046924407247,-0.19403922826914613,0.054064637461545384,-0.2566273121710284,-0.002815222217230711
2025-11-27,0.0,0.01800549024333619,-0.014297772987171956,-0.002815222217230711,-0.15258268095618108,0.032303263230508195,-0.23691547427256393,-0.02286921997815117
2025-11-28,6.424841414817352e-06,0.012492547661627672,-0.030379229508771623,-0.02286921997815117,0.148599429540951,0.04287177717039941,-0.0647038065003144,-0.01085613649951947
2025-11-29,0.0,0.005741961962770061,-0.022386659625216025,-0.01085613649951947,-0.5094020521746304,0.028128621587986062,-0.5836135539821309,-0.01864029990649779
2025-11-30,0.0,0.013489052831862402,-0.01864029990649779,-0.01864029990649779,-0.06515563704801995,0.032129352738360206,-0.5096457747560016,-0.08248873398978329
2025-12-01,0.0,0.0,-0.11881974640245352,-0.08248873398978329,1.1828798175385657,0.11881974640245349,0.8240646192272649,0.09562134140944058
2025-12-02,0.0,0.10971610155348527,-0.004043123996995918,0.09562134140944058,-0.2719534336323891,0.11375922555048129,0.36413691809391596,0.05159717567437111
2025-12-03,-7.95472088023767e-06,0.06343887036197081,-2.1318794411132717e-05,0.05159717567437111,-0.06490619871758721,0.06346018915638182,0.19431451035473754,-0.03999604910758526
2025-12-04,-3.29388544591448e-05,0.0007728953763031763,-0.05022704449524531,-0.03999604910758526,-0.15268903707411918,0.050999939871548515,-0.014513875259700002,-0.06675695898423456
2025-12-05,0.0,0.013868697231736608,-0.08390326980132319,-0.06675695898423456,-0.024859360316292066,0.09777196703305979,-0.12733186008805156,0.0008495176392577299
2025-12-06,0.0,0.016408304940287763,-0.017448154339799356,0.0008495176392577299,-0.42927250403573797,0.03385645928008696,-0.6389624763775242,-0.017796435924583402
2025-12-07,0.0,0.011772602336672194,-0.03537212524170636,-0.017796435924583402,0.33859818084053217,0.04714472757837863,-0.11922537189708085,0.018889227504456624
2025-12-08,1.5730823271863713e-05,0.0381585207514412,-0.001923874804365095,0.018889227504456624,0.1822895377603394,0.04008239555580637,0.13582744838379268,0.07254364264078692
2025-12-09,0.0,0.11136394846267932,-0.018486231699344897,0.07254364264078692,0.2937351304044414,0.12985018016202424,0.4503344936293369,-0.043543635125677244
2025-12-10,0.0,0.009078630415993291,-0.04509990757480659,-0.043543635125677244,-0.2174676514022707,0.0541785379907998,0.1421428364928937,-0.05960407297172954
2025-12-11,-2.8252522788939048e-05,-2.8252522788939048e-05,-0.08555853512573985,-0.05960407297172954,0.26590767046780467,0.08553028260295092,0.3730400480907939,-0.02654197813164162
2025-12-12,5.76676459028948e-06,0.012260256665135028,-0.05695260163794083,-0.02654197813164162,-0.2916839052319006,0.069212858303076,-0.07385627255290443,0.013148021954473099
2025-12-13,6.5140603920287935e-06,0.02001034338378097,-0.0012446084776144928,0.013148021954473099,-0.7098185973033484,0.021254951861395418,-0.8215268637870538,-0.04244392969545658
2025-12-14,0.0,0.002555938341275964,-0.04788398139342885,-0.04244392969545658,0.4061644929358549,0.05043991973470468,-0.3296929597496915,-0.027509707157675867
2025-12-15,-5.165093494387668e-05,0.026377608847846682,-0.060053719808815166,-0.027509707157675867,0.3019215575319562,0.08643132865666198,0.08281481950945802,-0.0017824595364451796
2025-12-16,0.0,0.017864934879014648,-0.01442637993515808,-0.0017824595364451796,-0.2500550722955161,0.032291314814172696,-0.16116207062533897,-0.04677313869028874
2025-12-17,0.0,0.025712187020792115,-0.05580076973753135,-0.04677313869028874,0.2777359019345507,0.08151295675832335,0.2477107119935072,-0.029808077377921297
2025-12-18,1.3817663039940819e-05,0.038013122047280315,-0.04904255105586346,-0.029808077377921297,0.05700530028938519,0.08705567310314369,0.29817455716135915,0.05013033669125702
2025-12-19,0.0,0.0638925265500073,-0.009745259532143545,0.05013033669125702,-0.02565117073598879,0.07363778608215096,0.13492365275300486,-0.008768266402427524
2025-12-20,0.0,0.009104360273370388,-0.011553705417845008,-0.008768266402427524,-0.8384684831746431,0.02065806569121537,-0.7705972240466126,-0.018060114957533145
2025-12-21,0.0,0.008333867357259276,-0.04394255835600529,-0.018060114957533145,0.2931626542090519,0.052276425713264484,-0.361768056702827,-0.009657139910590633
2025-12-22,0.0,0.025621581043568945,-0.023553893633779674,-0.009657139910590633,0.3957698187064664,0.04917547467734858,0.0718211408644801,-0.010782833579427758
2025-12-23,0.0,0.008214441193880321,-0.028987208418612097,-0.010782833579427758,-0.2941402959846349,0.037201649612492366,-0.19499110186014462,-0.015376528065643052
2025-12-24,1.6898979758666988e-06,0.0044904429450314635,-0.02778970831523008,-0.015376528065643052,-0.2010572110750456,0.032280151260261555,-0.29228312353321084,-0.03173436080401692
2025-12-25,0.0,0.007949759428840455,-0.033267244074687626,-0.03173436080401692,-0.0027962081344287773,0.04121700350352814,-0.14982418104181744,0.023374234671927986
2025-12-26,1.2470699171403005e-05,0.038715952633317396,-0.015330266208306532,0.023374234671927986,0.34219841316129646,0.05404621884162401,0.1628869225661858,0.10552343857293559
2025-12-27,0.0,0.10580238562964048,-2.145832879142234e-05,0.10552343857293559,0.2551480851576944,0.10582384395843192,0.36903632315123386,-0.034602766596562556
2025-12-28,3.133015018021109e-05,0.00011285868379506316,-0.044756576373825394,-0.034602766596562556,-0.48979944590505525,0.04486943505762045,-0.14775361482442775,-0.014452481829858537
2025-12-29,-7.028410349916235e-06,0.027310774776465555,-0.01562096369488064,-0.014452481829858537,0.29511028207187895,0.042931738471346216,0.16495259637676157,-0.0062740504251229965
2025-12-30,0.0,0.010990076410550418,-0.015237030489932728,-0.0062740504251229965,-0.22998763000064418,0.02622710690048314,-0.13990018474166974,-0.012021682100989103
2025-12-31,6.64890968931366e-06,0.015228855514433577,-0.025478701782348172,-0.012021682100989103,-0.05429842057495035,0.04070755729678186,-0.2214013363881349,0.10939114836011694
2026-01-01,-7.262389361398133e-06,0.11986058436237038,-0.014059905261909124,0.10939114836011694,0.5992905974536532,0.13392048962427955,0.4189266435108333,0.07950347263233917
2026-01-02,-6.509856176135102e-06,0.07958400137750428,-0.013953409863607928,0.07950347263233917,0.16251639951008237,0.09353741124111217,0.5475551165541156,-0.01687244915060166
2026-01-03,-1.5223971091528875e-05,0.0238716162338032,-0.02336025215146338,-0.01687244915060166,-0.36466346145996,0.04723186838526665,0.012210055893158807,0.00694548443583099
2026-01-04,0.0,0.024384932280428113,-0.002294885524132631,0.00694548443583099,-0.2532128828486638,0.026679817804560642,-0.2623793353112235,0.03153302132909377
2026-01-05,1.0027647895884308e-06,0.04141343773555464,-0.020057235073327177,0.03153302132909377,0.4832719719551103,0.06147067280888188,0.20778942205847648,0.011578657949468956
2026-01-06,-8.097019568161486e-06,0.02163836457909297,-0.041516529779423675,0.011578657949468956,0.037073773687178055,0.06315489435851677,0.13627403781925929,-0.04158463150407283
2026-01-07,-1.1098629895620971e-05,0.002743661955696417,-0.05128005033351961,-0.04158463150407283,-0.3752452259040314,0.05402371228921596,-0.25328923005282206,-0.015619809810745773
2026-01-08,0.0,0.004612050997872342,-0.025601682760552316,-0.015619809810745773,-0.1316392222861815,0.030213733758424642,-0.28639042919355545,-0.014172598984755575
2026-01-09,1.0847909929813709e-05,0.011384752109623218,-0.027416288399268466,-0.014172598984755575,-0.05255794270146735,0.03880104050889178,-0.297404726201169,0.004740126788342862
2026-01-10,5.272164609880475e-06,0.022006161716303284,-0.005284051524534974,0.004740126788342862,-0.6431160779932349,0.02729021324083837,-0.9345804143517029,-0.01151577349365121
2026-01-11,-6.730187084965743e-06,0.014427781421088942,-0.023906838185678847,-0.01151577349365121,0.11319878789788461,0.038334619606767636,-0.6309501459712,-0.006718937801990176
2026-01-12,1.0385255474151352e-06,0.03831068793634383,-0.01753077316257998,-0.006718937801990176,0.5279454480803973,0.05584146109892376,0.13258361217247822,0.10595209751508572
2026-01-13,0.0,0.12947073878240992,-0.00043038520139272696,0.10595209751508572,0.7900810128873226,0.12990112398380266,0.9705189036799887,-0.02469595630489376
2026-01-14,0.0,0.005488654641095887,-0.03610823464557497,-0.02469595630489376,-0.4139045783409529,0.04159688928667091,0.3137550882665002,-0.05020920526799043
2026-01-15,0.0,0.003938677165925437,-0.05766807931404769,-0.05020920526799043,-0.20332314683429603,0.06160675647997305,0.028444071017914054,0.0009635492132472767
2026-01-16,0.0,0.016022680656437766,-0.027574965321641772,0.0009635492132472767,-0.07433668698706816,0.04359764597807955,-0.15438554490058337,0.027003301823042614
2026-01-17,0.0,0.05113104188133862,-0.0022553280158529856,0.027003301823042614,0.014327423396259073,0.05338636989719153,-0.21681987129993047,-0.051518794439076254
2026-01-18,0.0,0.010130000804843782,-0.05170744674950803,-0.051518794439076254,-0.17743691733180805,0.061837447554351825,-0.41129276202319315,-0.01914353232043955
2026-01-19,-5.765130209514155e-06,4.542806322854733e-05,-0.0701431293735664,-0.01914353232043955,0.6175053754438343,0.07018855743679481,0.4034869685171597,-0.06711046983974893
2026-01-20,5.406403461933416e-06,0.00935877104639275,-0.06794476472479274,-0.06711046983974893,-0.3066894715307935,0.07730353577118548,0.04943342185087305,0.027331047131555763
2026-01-21,0.0,0.05018720041569823,-0.009803315617725511,0.027331047131555763,-0.1492100078046221,0.059990516033423674,-0.11453272421919343,-0.012960571569821899
2026-01-22,0.0,0.014509126185735917,-0.022335840180121868,-0.012960571569821899,-0.46015975522903335,0.036844966365857816,-0.5744240651898851,-6.548105891454426e-05
2026-01-23,0.0,0.02735035731027635,-0.011921534353600695,-6.548105891454426e-05,0.14876302665607602,0.03927189166387705,-0.35454582261965145,0.0012729832952658366
2026-01-24,0.0,0.005728734726286223,-0.012828358908296865,0.0012729832952658366,-0.5556992957782249,0.01855709363458326,-0.887313187109489,-0.056049850785484336
2026-01-25,0.0,0.004240751123709081,-0.0757568837686375,-0.056049850785484336,0.7245658193922428,0.07999763489234643,0.09453663822165884,0.028537336398466857
2026-01-26,1.1517398241027061e-05,0.037960975060284716,-0.0016014238880572148,0.028537336398466857,-0.09978735301255252,0.0395623989483419,0.0721364111813238,0.00032061499342378637
2026-01-27,0.0,0.00897325818920996,-0.02524575449049,0.00032061499342378637,-0.1518000876651981,0.0342190126797,-0.018913307279039192,-0.0038067608074697458
2026-01-28,6.9300498885499025e-06,0.008658442022632972,-0.02312907572744708,-0.0038067608074697458,0.26707305307949375,0.0317875177500801,0.2356955098180875,-0.07514399697662424
2026-01-29,-9.062644316257197e-06,0.0009402177814304065,-0.09546687300245953,-0.07514399697662424,0.19304708898966064,0.09640709078388991,0.3870049527564396,-0.026942703160261025
2026-01-30,7.499358512543907e-06,0.005738217707112393,-0.04591207196454278,-0.026942703160261025,0.17273788498354656,0.051650289671655275,0.3953551777350722,-0.08831149209667133
2026-01-31,0.0,0.00041551567187303435,-0.1452288147589305,-0.08831149209667133,0.3620188415227006,0.14564433043080358,0.6674003701210779,-0.031015595613116398
2026-02-01,0.0,0.00846963266678419,-0.049706344718385316,-0.031015595613116398,-0.5277553405702249,0.058175977385169504,-0.060888712294627084,0.030217348578280623
2026-02-02,-3.671405102497383e-05,0.049011568990690015,-0.02908175841540498,0.030217348578280623,0.1087686865079473,0.07809332740609513,-0.01999372208491263,-0.032838899567327655
2026-02-03,3.3070196052766374e-05,0.009837977502721792,-0.07345545397713309,-0.032838899567327655,0.2370182407759645,0.0832934314798548,0.16625047590927344,-0.02184018022794945
2026-02-04,6.363652225912627e-05,0.023962468812569547,-0.04523613010744378,-0.02184018022794945,-0.2509739000859239,0.06919859892001345,-0.15257676041753965,-0.1605274337294688
2026-02-05,0.0,0.0066166822815087924,-0.162179803414092,-0.1605274337294688,0.5573709644686382,0.16879648569560077,0.41749419592229375,0.09407326490384697
2026-02-06,9.677929524781778e-06,0.12076912079144525,-0.09589141055376135,0.09407326490384697,-0.010929729172489177,0.21666053134520655,0.3716565132669563,0.003987510230908903
2026-02-07,2.9654182516916603e-06,0.016168808016708232,-0.03511268852631229,0.003987510230908903,-0.6222565470433014,0.051281496543020465,-0.37924795094765984,-0.02594781830189763
2026-02-08,0.0,0.00019535429483047545,-0.03232583545809782,-0.02594781830189763,-0.5726444812286503,0.03252118975292835,-0.9389532555447084,-0.013932457938714162
2026-02-09,-1.4175719996372226e-05,0.007923102277317191,-0.0443681266712429,-0.013932457938714162,0.20799257220711034,0.05229122894855989,-0.6098739988493972,-0.027934620594241462
2026-02-10,0.0,0.0049641293145161235,-0.04049648535255906,-0.027934620594241462,-0.20228276653851857,0.045460614667075405,-0.7501226024059215,-0.021810262760625837
2026-02-11,0.0,0.008752150266818207,-0.042655463670891056,-0.021810262760625837,0.29469116878328994,0.05140761393770926,-0.2079949454325164,0.021228307648481635
2026-02-12,0.0,0.036614969029698664,-0.0025010172313928744,0.021228307648481635,-0.20944543541052182,0.039115986261091557,-0.1496789069805832,0.036653433146925346
2026-02-13,-1.0139324080339986e-05,0.04325573778128521,-0.023038396467838815,0.036653433146925346,-0.05525564141147095,0.06629413424912388,-0.09226237939005447,0.06670735931449749
2026-02-14,7.173841090354475e-07,0.07744973612037237,7.173841090354475e-07,0.06670735931449749,0.048978227938091555,0.07744901873626327,-0.04965964332076871,-0.04629843243020338
2026-02-15,-1.4009118090637928e-05,0.010919876728648477,-0.06452083245962793,-0.04629843243020338,0.16443269464922275,0.07544070918827628,0.14006663860459362,0.013734294336390616
2026-02-16,1.4936437771719304e-06,0.02088178638820253,-0.015265706792772293,0.013734294336390616,-0.22155429331017282,0.036147493180974946,-0.12999684220523222,-0.02134952702741321
2026-02-17,9.446222159095965e-06,0.0021452064871214367,-0.025097330514697657,-0.02134952702741321,-0.027274435103225036,0.027242537001818938,-0.10060445788017053,-0.026799337309121058
2026-02-18,0.0,0.017091996445133102,-0.03366867567294977,-0.026799337309121058,-0.0049796236308571875,0.050760672118082786,-0.08826954801106714,-0.019101340789256075
2026-02-19,1.4550039130990613e-06,0.006526090108324044,-0.03546591408863112,-0.019101340789256075,-0.011125145230404017,0.04199200419695508,-0.0918177375682678,0.04207458101334944
2026-02-20,0.0,0.057046008730436,-0.007386737854490642,0.04207458101334944,0.33307900424824777,0.06443274658492672,0.26073963741631123,0.012987900772765114
2026-02-21,7.998520806530566e-07,0.039040042990578915,-0.009238446382907179,0.012987900772765114,-0.3623003095504144,0.0482784893734861,-0.118515931546833,-0.034882382190951716
2026-02-22,0.0,0.004113320011554845,-0.04069509274790452,-0.034882382190951716,-0.17846921291882228,0.04480841275945953,-0.28351785092359133,-0.03733851613645354
2026-02-23,6.17708485013411e-06,6.17708485013411e-06,-0.053687946351086334,-0.03733851613645354,0.6586339651852515,0.053694123435936505,0.41362748271197,-0.019585286117429643
2026-02-24,3.960411724298893e-06,0.010939724865028031,-0.026991149860327104,-0.019585286117429643,-0.12071661932387313,0.03793087472535517,0.19068926244142237,0.2898411204049871
2026-02-25,0.0,0.3422998849065392,-0.0018901894257335743,0.2898411204049871,1.6756439607670246,0.34419007433227283,1.8004849928464504,-0.031222672766492068
2026-02-26,1.799123215355833e-06,0.020193920353226348,-0.08303181074595224,-0.031222672766492068,-0.271813293322499,0.10322573109917861,0.8439218944192469,-0.0037914932676239715
2026-02-27,-6.236799238961618e-06,0.04219641691710736,-0.03463051948413833,-0.0037914932676239715,-0.4193759800981365,0.07682693640124558,0.0986011905297788,0.043519490026515416
2026-02-28,-1.8632372666889053e-06,0.044867770545857395,-0.09048344937599083,0.043519490026515416,0.013863982074765949,0.13535121992184815,-0.04672793977249503,-0.08329498710971087
2026-03-01,0.0,0.0027162367649473883,-0.10310983382759875,-0.08329498710971087,-0.36708169674604396,0.10582607059254624,-0.5195290542779866,-0.018295037870478377
2026-03-02,0.0,0.036606932135913914,-0.023799018522744554,-0.018295037870478377,0.11762143349345526,0.06040595065865848,-0.4560939216542169,0.01379075455876174
2026-03-03,-5.702916893459914e-05,0.028231005077326492,-0.02052660199470922,0.01379075455876174,-0.33850548774600914,0.04875760707203555,-0.5795860003228281,0.007796515085394049
2026-03-04,0.0,0.026650985108236838,-0.01254324592099548,0.007796515085394049,0.11850535830579997,0.03919423102923234,-0.24972653264627898,-0.007760602113971382
2026-03-05,0.0,0.006174688111737256,-0.03713905349134614,-0.007760602113971382,-0.2910365777416989,0.04331374160308331,-0.4465448359321288,-0.02820755339489577
2026-03-06,3.271833509609187e-06,0.010364571527314898,-0.049044087205822165,-0.02820755339489577,-0.13439888795665458,0.05940865873313708,-0.42335634520102383,-0.028147255038192955
2026-03-07,0.0,0.018661178763506096,-0.037303301089136646,-0.028147255038192955,-0.1540861221174431,0.05596447985264276,-0.4819743437659583,0.0036148647823123804
2026-03-08,1.4010892973813783e-06,0.023298575702187244,-0.013223671071041661,0.0036148647823123804,0.0978998216154417,0.03652224677322885,-0.22009772649134282,0.02759825215169252
2026-03-09,0.0,0.05139353286480089,-4.344225775267524e-05,0.02759825215169252,0.2065063920085191,0.0514369751225535,0.05926132943776717,-0.004093410788478551
2026-03-10,1.9411700071267962e-05,0.03118703376232993,-0.008042172103861614,-0.004093410788478551,-0.06670986387097527,0.03922920586619145,0.062119538904396664,0.023763668846523523
2026-03-11,0.0,0.0429255280109735,-0.006748737097272907,0.023763668846523523,-0.16884659164883578,0.04967426510824626,-0.0955772000448777,-0.0035070268410683286
2026-03-12,0.0,0.0026418114719653535,-0.02341119930051355,-0.0035070268410683286,-0.2577499833834285,0.026053010772478853,-0.33702212534284776,-0.0349183874031144
2026-03-13,0.0,0.019061045819643272,-0.04525397220252914,-0.0349183874031144,0.5010250785696545,0.06431501802217245,0.19413910905134024,-0.03508168307034145
2026-03-14,0.0,2.523265731097727e-05,-0.04037979961621605,-0.03508168307034145,-0.45569956446371823,0.040405032273527174,-0.3073271450672233,0.017836376571796445
2026-03-15,0.0,0.02091251681935047,-0.009858512341109025,0.017836376571796445,0.14391574104255989,0.030771029160459384,-0.07662921648613896,0.13123299192036175
2026-03-16,2.732811413155781e-06,0.13762908178240718,-0.004326780900785013,0.13123299192036175,1.2449303061755077,0.1419558626831923,1.2192007875875481,-0.012465118893231623
2026-03-17,0.0,5.5413433065568716e-05,-0.03490323164486007,-0.012465118893231623,-0.5598543773150287,0.034958645077925524,0.2753399946708692,-0.028401306636254512
2026-03-18,-2.500319710016396e-06,0.017692757327196842,-0.04954090121698628,-0.028401306636254512,0.018991938242772437,0.06723365854418313,0.15151290978730464,-0.032998189495455625
2026-03-19,4.819251404729884e-05,0.0009382393543284131,-0.04937081304921535,-0.032998189495455625,-0.195804841639969,0.05030905240354375,-0.11709095787622852,-0.01627994686411407
2026-03-20,-1.634298498710499e-05,0.01715087033500959,-0.017586956842568793,-0.01627994686411407,-0.2072977380399381,0.03473782717757845,-0.40618118808895426,-0.024102649872599566
2026-03-21,1.2716615626209058e-06,0.009680336854615997,-0.02468332751119671,-0.024102649872599566,-0.31633495641523196,0.03436366436581263,-0.7565581503363332,-0.036627868280204035
2026-03-22,8.467095123026582e-05,0.011044742638818241,-0.04826518553274439,-0.036627868280204035,0.0907070657786839,0.059309928171562526,-0.39519046425158455,0.0058595350171292936
2026-03-23,0.0,0.05168236324890247,-0.0048732694999204795,0.0058595350171292936,0.46667107300833205,0.05655563274882297,0.1915600179406316,-0.013787360858700587
2026-03-24,9.82348828760359e-06,0.00458938659182621,-0.04098338571868073,-0.013787360858700587,0.01036584465811658,0.04557277231050702,0.24547564260661203,-0.028307566990406912
2026-03-25,-8.597912452400323e-06,0.006250912459549263,-0.03782764312208491,-0.028307566990406912,0.02747188631702097,0.04407855558163428,0.2619761693716013,-0.02862787777111235
2026-03-26,0.0,0.004248782960082804,-0.045071782995206984,-0.02862787777111235,-0.019372028140973163,0.04932056595528963,0.18127233709179372,-0.02466876171791993
2026-03-27,0.0,0.011006128522473008,-0.0395539774742305,-0.02466876171791993,-0.3300600442845222,0.05056010599670351,-0.24859192397662208,-0.02623243905959255
2026-03-28,-2.3184022533333798e-05,0.010233197386184454,-0.027937628369795995,-0.02623243905959255,-0.3549936661531108,0.038170825755980464,-0.625744808696247,0.0006369914201642101
2026-03-29,0.0,0.01325641426902546,-0.019256626870150406,0.0006369914201642101,-0.28539690359797193,0.03251304113917587,-0.8042631905539244,-0.01256420483484092
2026-03-30,0.0,0.0196543388761523,-0.01982788879095926,-0.01256420483484092,0.3643498969588013,0.03948222766711178,-0.2835281524450616,0.0074718293510451506
2026-03-31,0.0,0.024878255951142726,-0.012745261856362341,0.0074718293510451506,0.10621620511133659,0.037623517807505,-0.037000966873469765,0.0027127709829844835
2026-04-01,0.0,0.03744925526344844,-0.002563250319048907,0.0027127709829844835,-0.06592177965946248,0.04001250558249736,0.030602502602347627,-0.01498239558591417
2026-04-02,0.0,0.010367362998484293,-0.04046617312071823,-0.01498239558591417,-0.030625945700002228,0.05083353611920245,0.05635953795766465,0.0008262654761756532
2026-04-03,0.0,0.018688615468893787,-0.004109939606823263,0.0008262654761756532,-0.4788754947466529,0.022798555075716844,-0.4403018595554465,0.011539169991988788
2026-04-04,0.0,0.020677358973249606,-0.0024954310027430985,0.011539169991988788,-0.022607133494672065,0.02317278997599293,-0.4485711000255024,-0.006995508593136262
2026-04-05,0.0,0.0010923185287566026,-0.028398007984214622,-0.006995508593136262,0.40470504507537436,0.02949032651297123,0.040744949269874195,-0.0004039308637712938
2026-04-06,1.1316539333234878e-05,0.05537019918843708,-0.004581620143289574,-0.0004039308637712938,-0.0017858176586295867,0.05995181933172689,0.0844057327245416,0.05865624393967806
2026-04-07,-3.060601884403574e-05,0.06540728372251058,-0.02822611376694145,0.05865624393967806,0.5218052660081164,0.093633397489452,0.6366807098456394,-0.037589007172984475
2026-04-08,-2.9586228454298164e-05,0.012481268748066782,-0.038727575395029475,-0.037589007172984475,-0.13233272327615292,0.05120884414309624,0.38172892030652633,0.023963406725757513
2026-04-09,0.0,0.05905076053116298,-0.024306207228221337,0.023963406725757513,-0.010646705541092597,0.08335696775938421,0.22500280808060438,0.0043031091331041625
2026-04-10,6.695164836995761e-05,0.016766618036136657,-0.01157593353249764,0.0043031091331041625,-0.22817291426285552,0.02834255156863426,-0.1305519534001411,-0.013789840417227682
2026-04-11,2.228276722098022e-05,0.006336840506460869,-0.029123446717474726,-0.013789840417227682,0.006544391606729058,0.0354602872239357,-0.14799513797536742,-0.05116532595283866
2026-04-12,0.0,9.008785887010652e-05,-0.05523650181500554,-0.05116532595283866,0.1458872089732318,0.05532658967387567,-0.02688908036858026,0.005941836277765358
2026-04-13,1.0622286170403998e-05,0.013471823445539426,-0.06102425766577501,0.005941836277765358,0.9577660625674981,0.07449608111131457,0.9796465904402746,-0.054540504768507525
2026-04-14,-1.792210095877013e-05,1.782490614166608e-05,-0.0669043592696195,-0.054540504768507525,-0.28533934851576453,0.06692218417576112,0.42440716558539243,0.01309758061217358
2026-04-15,-1.1151386258058546e-05,0.02525452733323487,-0.014491339048550813,0.01309758061217358,-0.21329000021187727,0.039745866381785795,0.08238294337294419,0.11991636926084681
2026-04-16,0.0,0.13433046319462247,-0.006543507347956555,0.11991636926084681,0.6321018867982939,0.14087397054257914,0.6197590214692488,0.0039509066957573325
2026-04-17,-3.072086968780107e-05,0.01720362241970192,-0.03350702357789896,0.0039509066957573325,-0.44598419702427955,0.05071064599760078,-0.06036679509549242,-0.04778745724775472
2026-04-18,-6.690823513314746e-06,0.002125325443593315,-0.04939556603462552,-0.04778745724775472,-0.33865849117243046,0.05152089147821885,-0.4847657185474808,-0.02671662014857248
2026-04-19,0.0,0.011333532713305245,-0.028877223533180077,-0.02671662014857248,-0.03397548545031489,0.04021075624648523,-0.3987837361488166,0.032030954811029994
2026-04-20,0.0,0.04173777915340345,-0.000960611172533003,0.032030954811029994,-0.05446361148474209,0.04269839032593627,-0.38499265095360674,-0.0007021729705725441
2026-04-21,4.747137882986563e-06,0.008343350097822177,-0.017150142497679037,-0.0007021729705725441,-0.16259927606099708,0.025493492595501044,-0.5098026065973597,-0.006668577970824297
2026-04-22,-7.824356607528177e-06,0.03474405666225446,-0.006938390570871377,-0.006668577970824297,0.019748830718161386,0.0416824472331259,-0.24381293202969534,-0.023814015380239053
2026-04-23,1.0220874504764615e-05,0.003370407791689796,-0.042592707611895,-0.023814015380239053,-0.16233982060265462,0.045963115403584894,-0.2778719311026899,0.01011001948065889
2026-04-24,0.0,0.020177293665484847,-0.009283426505816325,0.01011001948065889,-0.047281733493519315,0.029460720171301066,-0.24928081851788,-0.005941040875137226
2026-04-25,-1.0362012103210324e-05,0.015570432137082564,-0.012255897666278682,-0.005941040875137226,-0.1909091419896098,0.027826329803361173,-0.35867597920688726,0.012542868798999324
2026-04-26,0.0,0.02122250313632451,-0.006719322669727274,0.012542868798999324,0.0600139550299373,0.02794182580605177,-0.1923537123153606,-0.02251415629522906
2026-04-27,6.32734679768307e-06,0.008421203764149605,-0.037610556371221536,-0.02251415629522906,0.18962066267468197,0.046031760135371094,0.06170070030285563,-0.004109003890980506
2026-04-28,0.0,0.0037573772789832476,-0.012842631112788334,-0.004109003890980506,-0.08663081498314795,0.016600008391771615,0.010332748646013874,-0.014635517976726202
2026-04-29,0.0,0.022930991877909108,-0.03677220925883364,-0.014635517976726202,0.15790137889011335,0.05970320113674293,0.1841393143602671,-0.006505166213233469
2026-04-30,0.0,0.010425316912576003,-0.009667850299732059,-0.006505166213233469,-0.23063437872287373,0.0200931672123081,-0.07538324480855944,-0.0005801558240259666
2026-05-01,-1.1688972296725841e-05,0.019545539365159344,-0.00626343028656694,-0.0005801558240259666,0.17048449190189952,0.025808969651726344,0.07921831548336754,0.01987066713981837
2026-05-02,4.95578743821889e-06,0.029313515888160568,-0.005062156337308907,0.01987066713981837,-0.23206888898339273,0.03437567222546952,-0.191469172020991,-0.013748417635128593
2026-05-03,0.0,0.00038703416613343743,-0.018372759265508527,-0.013748417635128593,0.11349595696820092,0.018759793431642052,-0.0362815159336576,0.014784641065735831
2026-05-04,0.0,0.0413055628249166,-0.0071546788938063035,0.014784641065735831,0.34859975765222023,0.048460241718722874,0.31638450726340495,0.040824110541526654
2026-05-05,0.0,0.04954697318016484,-0.0014585957581849255,0.040824110541526654,-0.0688442336518172,0.05100556893834975,0.2055591306030074,0.030048758760209942
2026-05-06,0.0,0.039998018847957846,-0.006706511615447908,0.030048758760209942,0.18708428603496413,0.04670453046340586,0.3256032911848274,-0.0075760561415903725
2026-05-07,0.0,0.013912095213828066,-0.020933110026044543,-0.0075760561415903725,-0.07762487944140055,0.03484520523987258,0.1696711349039678,0.04706549801867242
2026-05-08,0.0,0.05993952136530094,-0.010238808670031027,0.04706549801867242,0.05907353476439634,0.07017833003533198,0.13923795035393918,-0.01866465099003988
2026-05-09,0.0,0.014138678650963316,-0.022811938361013615,-0.01866465099003988,-0.3546715530845127,0.03695061701197687,-0.2952154548223346,0.026610781299727597
2026-05-10,0.0,0.05039716521453384,-0.01161405899442015,0.026610781299727597,0.33917218491497697,0.06201122420895407,0.08815834255624902,-0.014190395502888241
2026-05-11,0.0,0.001321539266996693,-0.03270019711194073,-0.014190395502888241,-0.15975202367569244,0.03402173637893759,-0.10211835770993849,-0.020945681246523233
2026-05-12,-7.872067015862401e-07,0.0031997674350158745,-0.04356043001870462,-0.020945681246523233,-0.11117321486096662,0.046760197453720696,-0.17390684401558576,-0.005090707323258604
2026-05-13,0.0,0.07108703617876086,-0.011373077447796358,-0.005090707323258604,0.4479601283460961,0.08246011362655728,0.317905485350982,0.02610312395146721
2026-05-14,0.0,0.06569229514184809,-0.010214840059518414,0.02610312395146721,-0.17192679638865857,0.07590713520136665,0.10579926968654009,-0.03402905158535952
2026-05-15,0.0,0.007663241953375493,-0.052433443688012935,-0.03402905158535952,-0.16888876379943527,0.06009668564138833,-0.12583423349801182,-0.03809495456748197
2026-05-16,0.0,0.0004887925433557696,-0.053897106381995304,-0.03809495456748197,-0.2080306818626221,0.05438589892535115,-0.3019790008034423,-0.015580234647908791
2026-05-17,0.0,0.0185402671350581,-0.03309699864506922,-0.015580234647908791,-0.05618633003266605,0.051637265780127305,-0.32261047975683604,0.000963870397609618
2026-05-18,6.167735090280921e-05,0.004034895240738152,-0.026577505127433506,0.000963870397609618,0.30040648004614917,0.030612400368171585,0.0027408968225389823,-0.020586589959419428
2026-05-19,0.0,0.005848860065522097,-0.023364342979967607,-0.020586589959419428,-0.6653041176718029,0.029213203045489727,-0.5884654990216307,0.018725294423797643
2026-05-20,0.0,0.025061456301255555,-0.0036783165270058574,0.018725294423797643,0.08808865323422173,0.02873977282826137,-0.35467348626362566,0.031821276875349726
2026-05-21,0.0,0.045738266664715206,-0.0005966912396514355,0.031821276875349726,0.4051200861785768,0.04633495790436651,0.1565728492916003,-0.023902800454460655
2026-05-22,8.331416720894585e-07,0.041407436789379394,-0.02784663363682436,-0.023902800454460655,0.2641466570239751,0.06925407042620386,0.4045746170447788,0.026956966375893253
2026-05-23,0.0,0.05862796872191189,-0.04272957911471632,0.026956966375893253,-0.06489014306916042,0.1013575478366282,0.24683654243585074,-0.037108982783552465
2026-05-24,0.0,0.0021846774892126533,-0.0487037992022537,-0.037108982783552465,-0.49883191352343964,0.050888476691466324,-0.25883146105013,0.013232407521455988
2026-05-25,2.3944503536682627e-06,0.0377598700775157,-0.0037333039949432856,0.013232407521455988,0.053083902599405576,0.041493174072458956,-0.23256370124803558,-0.010201604589807027
2026-05-26,-8.695795186147495e-06,0.03386453100883458,-0.02071464576988549,-0.010201604589807027,0.49387923355106517,0.05457917677872014,0.23833186059326297,-0.015791850553636796
2026-05-27,0.0,0.020515934308008483,-0.020588263938476896,-0.015791850553636796,0.06011042962343604,0.04110419824648534,0.24430543703619984,-0.013193133415526428
2026-05-28,0.0,0.003244892030522435,-0.04300095565578094,-0.013193133415526428,-0.01908588038573723,0.046245847686303306,0.214444657196708,-0.017173146541400452
2026-05-29,0.0,0.014420309793221646,-0.027127745367398697,-0.017173146541400452,-0.08435927448504595,0.04154805516062026,0.1091661850088453,-0.004210716922978881
2026-05-30,-1.2599972280239232e-05,0.021447661451726604,-0.006447183872922579,-0.004210716922978881,-0.18455418530270637,0.027894845324649132,-0.15996905830084734,-0.0006463182137640777
2026-05-31,0.0,0.011309798154272839,-0.024756055636469362,-0.0006463182137640777,-0.0444239244331353,0.036065853790742355,-0.2434266177653719,-0.026311536416419742
2026-06-01,0.0,0.014173422952534626,-0.051902679231084436,-0.026311536416419742,0.4581638528813088,0.066076102183619,0.26505636612815003,-0.0705252060372425
2026-06-02,0.0,0.002624888271090251,-0.08527914240002651,-0.0705252060372425,0.014930628766013023,0.08790403067111661,0.24964841482396558,0.024497058687478666
2026-06-03,-3.62007000058867e-05,0.04708821601564819,-0.0159836770373373,0.024497058687478666,-0.07002932682795349,0.06307189305298537,0.14241604757636014,-0.06314649243695838
2026-06-04,9.074020022061339e-06,0.009284040325178615,-0.08776331399957633,-0.06314649243695838,-0.0625424009900218,0.09704735432475502,0.04369004088542598,-0.09331957216188794
2026-06-05,3.7740898838409255e-05,0.0035189597156704395,-0.12707118579042218,-0.09331957216188794,0.04914295457584075,0.13059014550609277,0.040671106902222295,-0.0009488663762712589
2026-06-06,0.0,0.017829881781072428,-0.05568415993929002,-0.0009488663762712589,-0.4424455169189377,0.07351404172036255,-0.46683390147171555,0.02907239123194311
2026-06-07,0.0,0.04958247377266891,-0.002324466630777244,0.02907239123194311,-0.14008623795285916,0.0519069404034462,-0.5195931849119835,0.0029299406201649396
2026-06-08,1.3387037049547569e-05,0.023219541834814117,-0.019451920290958463,0.0029299406201649396,-0.17080279429265846,0.04267146212577247,-0.5709683400617213,-0.01623434022068604
2026-06-09,1.6409284789996786e-05,0.003529565031859507,-0.0424394127961152,-0.01623434022068604,-0.07898612009751416,0.04596897782797482,-0.5104018288805451,-0.04467430667658013
2026-06-10,0.0,0.00558271577108484,-0.058013672865998546,-0.04467430667658013,0.026803961328206945,0.06359638863708326,-0.3296651511982432,0.03697191052707538
2026-06-11,0.0,0.05776749898096177,-7.861306257713393e-05,0.03697191052707538,0.034404504160719405,0.05784611204353871,-0.0991923330940599,0.006209348810586699
2026-06-12,-5.2678626636790966e-06,0.02201492757640703,-0.010446397379407136,0.006209348810586699,0.00845768870089479,0.03246132495581424,-0.017654125934031303,0.024346654473498115
2026-06-13,0.0,0.03838735634940462,-0.00010458562474525164,0.024346654473498115,-0.04856911932096629,0.038491941974149825,-0.026669066774456927,0.014777969187396734
2026-06-14,0.0,0.014966021129838778,-0.032444301989634744,0.014777969187396734,-0.15822510836667383,0.04741032311947353,-0.17322048958125041,0.015745395901000072
2026-06-15,0.0,0.04878631132893189,-0.007874891465564596,0.015745395901000072,0.5685227869226719,0.05666120279449666,0.42033275709942747,0.0014578068158309695
2026-06-16,0.0,0.020017877233962734,-0.020736100079286182,0.0014578068158309695,-0.4531395899804702,0.04075397731324893,-0.12931656934745314,-0.03955827680932342
