date,open_ret,high_ret,low_ret,close_ret,volume_ret,range_ret,vol_ratio,target_return
2023-01-02,2.510343693344602e-05,0.026360809511738085,-0.016075682635331125,0.0202124996062798,0.24393812874569365,0.04243649214706906,0.24393812874569365,0.00491918373654357
2023-01-03,0.0002086314596179898,0.014379117142759931,-0.011683351420838825,0.00491918373654357,0.004068508808150775,0.026062468563598857,0.11861771641946608,0.03876662773338956
2023-01-04,4.905157143452706e-05,0.04654910059242322,-0.00045756517835614355,0.03876662773338956,0.3193751249544121,0.04700666577077952,0.3968702815137471,0.0
2023-01-05,-1.915639624663573e-05,0.01687197493168282,-0.008248513894800562,0.0,-0.09503226784886035,0.025120488826483208,0.1869117201680182,0.010334703665912806
2023-01-06,3.0930654178766655e-05,0.011242596431422384,-0.029755424066631585,0.010334703665912806,-0.22690099188147098,0.040998020498053955,-0.0802711249609941,0.0007431354641115831
2023-01-07,-3.7136484804600183e-05,0.01621274144517089,-0.005605444582721211,0.0007431354641115831,-0.2528845354596259,0.021818186027891935,-0.3725414581143617,0.029040730925843906
2023-01-08,-5.388222285969904e-05,0.034617356392034566,-0.006838814514517305,0.029040730925843906,0.32937274376134285,0.04145617090655189,-0.002991375677448388,0.009129347083302356
2023-01-09,-0.00023301805083509068,0.046588172360786585,-0.00023301805083509068,0.009129347083302356,0.5559922248344098,0.04682119041162175,0.5388907646266282,0.012628507657259112
2023-01-10,-0.0002708948363998586,0.021578694959533185,-0.013139078519729775,0.012628507657259112,-0.40454397387332947,0.03471777347926291,0.04677786409884406,0.00470965301888917
2023-01-11,5.195411271874678e-05,0.00590126334667381,-0.043197681044710425,0.00470965301888917,0.0028593527125431186,0.04909894439138438,0.049420341626538924,0.05018016591808731
2023-01-12,0.0168439020272461,0.07510246577897034,-0.01969450628013651,0.05018016591808731,0.7809528618067388,0.0947969720591069,0.7879768105751124,0.019994976743910292
2023-01-13,0.0008143131034681716,0.026719671081444445,-0.013821597405521824,0.019994976743910292,-0.12004940363301882,0.04054126848696637,0.393621311601667,0.03546668753696799
2023-01-14,-0.00043533633063221804,0.10595225837020213,-0.00043533633063221804,0.03546668753696799,0.6450374002129582,0.10638759470083446,0.8857082968552921,0.023218193819760376
2023-01-15,-2.9810348120874816e-05,0.037336197620583315,-0.02422327778562031,0.023218193819760376,-0.422928905832411,0.06155947540620362,0.20921089965562012,-0.005282943679496712
2023-01-16,-4.849590248513342e-05,0.04390082662666223,-0.033862934081093796,-0.005282943679496712,0.10056903481018709,0.07776376070775598,0.174481288706764,-0.02463617930221797
2023-01-17,0.00011515176779593132,0.015459900570440418,-0.02463617930221797,-0.02463617930221797,-0.6134366040050984,0.040096079872658355,-0.5779116656363648,-0.07571722188580271
2023-01-18,4.989297770185155e-06,0.045308365462001295,-0.07892563326086259,-0.07571722188580271,0.7679245283512287,0.1242339987228638,0.2487110755578397,0.0364804653651244
2023-01-19,-0.0003025486979060335,0.05257582382869492,-0.012034322679167899,0.0364804653651244,-0.4044620084056773,0.06461014650786286,-0.24862339299080113,0.06616613422348736
2023-01-20,-0.00016830704108050575,0.06690589786257156,-0.014552227372968277,0.06616613422348736,-0.13585756972709262,0.08145812523553976,-0.2561080023550604,0.054233549970886204
2023-01-21,-0.00013860803626929957,0.11144317298386783,-0.006834997900673346,0.054233549970886204,0.9479307096873822,0.11827817088454123,0.7442799227673828,0.11381208451930114
2023-01-22,-1.3251873449506777e-05,0.18445250178258615,-0.007486304725768455,0.11381208451930114,1.0735220598671789,0.19193880650835454,1.6514245274301265,0.026786454052732868
2023-01-23,-0.00022362046901314598,0.05757127316239441,-0.01655034224667695,0.026786454052732868,-1.1059849890601918,0.0741216154090713,-0.1135602491705658,-0.08480144168259524
2023-01-24,-7.910731161504226e-05,0.008184540277363874,-0.09586856900016033,-0.08480144168259524,-0.37048614552915965,0.10405310927752405,-0.5383891662485695,0.19986523120237024
2023-01-25,0.0004291340672869703,0.2838641613232959,-0.023750241374407843,0.19986523120237024,1.8100943283803321,0.3076144026977037,1.2332571005249002,0.14336897264993784
2023-01-26,0.00025189799529768553,0.18968678672153672,-0.012136950473670588,0.14336897264993784,-0.06679586129082736,0.2018237371952074,0.6832077636625136,-0.010704555707746817
2023-01-27,-0.00016540566006116594,0.06924587538909564,-0.022468437311800885,-0.010704555707746817,-0.5033748940584823,0.09171431270089657,-0.07665088168454051,-0.023038320583166235
2023-01-28,-0.00023518595236998602,0.06384975912437682,-0.03479158945975362,-0.023038320583166235,-0.4292291268637272,0.09864134858413053,-0.45518096391314494,0.012176794055060568
2023-01-29,8.872270144815207e-05,0.03016983863552206,-0.008250351397877442,0.012176794055060568,-0.5594552240049675,0.038420190033399464,-1.0588223591025154,0.10538275342054033
2023-01-30,-0.0004376064569654408,0.1580465552185904,-0.017674920434837517,0.10538275342054033,1.5111182200663011,0.17572147565342786,0.4370012993201333,0.1159939428902554
2023-01-31,0.0003784274702342839,0.12164465291308084,-0.04174881953076932,0.1159939428902554,-0.35207564935459973,0.16339347244385014,0.10017975315586135,0.20646055097041988
2023-02-01,-0.0008250355335152295,0.23850591526112855,-0.030455131504961097,0.20646055097041988,0.5819078246851527,0.26896104676608956,0.7735034454468739,-0.06853470629309594
2023-02-02,-0.001299836266338644,0.011563113116870893,-0.09320682239810249,-0.06853470629309594,-0.5785421283631376,0.10476993551497353,-0.011382973946526143,0.03141556331428748
2023-02-03,-0.0004466789129465099,0.08607809795077678,-0.010824321828369045,0.03141556331428748,-0.06711324959913255,0.09690241977914595,-0.1642484303964223,0.034381464264968756
2023-02-04,0.0003093358402080308,0.11740665523780186,-0.03534309258627255,0.034381464264968756,0.23989029948219454,0.15274974782407433,-0.03137185372016283,-0.06962161763293152
2023-02-05,-6.216133802824122e-06,0.03354267592673926,-0.0926176943104897,-0.06962161763293152,-0.29230234777160924,0.126160370237229,-0.28567798145798423,-0.03710750241438246
2023-02-06,-0.00023275012056889197,0.026535044010273123,-0.050552146218745535,-0.03710750241438246,-0.48859150175776717,0.07708719022901882,-0.7555826335470638,0.17391470736831577
2023-02-07,0.0006580600664380793,0.22017171114295908,-0.016024546315953098,0.17391470736831577,0.9348955997464068,0.23619625745891218,0.4199018323516378,-0.10508039270876994
2023-02-08,-2.8773316962865997e-06,0.0231923074022851,-0.12169442459700518,-0.10508039270876994,-0.6430794167973883,0.14488673199929022,-0.30461293218621216,-0.12371801744985883
2023-02-09,0.0003608424732970012,0.016244906082988026,-0.14706912154635987,-0.12371801744985883,0.0007589089567435215,0.16331402762934788,-0.26122337402424833,-0.04907154919502027
2023-02-10,-0.0001623466355996133,0.02741324288211026,-0.08776620591821206,-0.04907154919502027,-0.2471250885524303,0.11517944880032245,-0.4063510219357809,0.07882755353117533
2023-02-11,-0.00036849270071509206,0.0824879577459029,-0.016638358806546617,0.07882755353117533,-0.18110557536477745,0.0991263165524494,-0.510273281902508,-0.014757137947773774
2023-02-12,0.00048377064879736426,0.052843317304700474,-0.0461514540443628,-0.014757137947773774,0.34078324421516326,0.0989947713490632,-0.15189198098298387,-0.02413673373780263
2023-02-13,-0.00032943727607691493,0.03244271525048948,-0.08988475235887027,-0.02413673373780263,-0.21757323580549376,0.12232746760935972,-0.16534758362383326,0.06718482195740183
2023-02-14,-0.00014083692126332575,0.09017179123304195,-0.01393344005431098,0.06718482195740183,0.05133806150919394,0.104105231287353,-0.051830577555459154,0.11776175301660838
2023-02-15,-0.0002267220826746596,0.16107494893917362,-0.01784239397536379,0.11776175301660838,0.41834282799657324,0.17891734291453748,0.42290847826324535,-0.07692769539993692
2023-02-16,0.0005804002146045032,0.02548124643353295,-0.08155729391972312,-0.07692769539993692,-0.0065517292787356405,0.10703854035325586,0.31828505054448786,0.09520275211100648
2023-02-17,-0.00039942099562400603,0.13585934547484374,-0.00039942099562400603,0.09520275211100648,0.2539014300136821,0.13625876647046772,0.4570911964457753,0.10217317792491774
2023-02-18,9.472666211714751e-05,0.1297291181934562,-0.00970811893803861,0.10217317792491774,0.03753914613201657,0.1394372371314948,0.3775668238475007,-0.06354658307129751
2023-02-19,-0.0006336622282349029,0.013864554244630949,-0.08286429550090721,-0.06354658307129751,-0.5723127699563514,0.09672884974553832,-0.338468182660755,0.004592841610685734
2023-02-20,0.0006320604526669104,0.0301893421204988,-0.0277740983604428,0.004592841610685734,0.052821212050302886,0.057963440480941555,-0.30299089208309166,-0.059245923872752584
2023-02-21,0.00029073144264505317,0.0507804288775975,-0.07277889348299893,-0.059245923872752584,0.15813638726708995,0.12355932236059639,-0.10501285080261603,-0.027863724270890695
2023-02-22,6.732030324750377e-05,0.00027930122091629624,-0.06936312334009777,-0.027863724270890695,-0.3340573317384839,0.06964242456101413,-0.42594490342163854,0.021428285868079613
2023-02-23,-3.760123073504295e-05,0.05274938480141396,-0.01333971394284933,0.021428285868079613,0.010808729947793468,0.06608909874426337,-0.28551093049508314,-0.07332041254436991
2023-02-24,7.817366103016814e-05,0.006040990819592373,-0.09508547898071126,-0.07332041254436991,-0.4621493897426484,0.10112646980030353,-0.5877633938029354,-0.05897192327494401
2023-02-25,-7.888168462843827e-05,0.007360287177004558,-0.09451971984743869,-0.05897192327494401,-0.0988426347935389,0.10188000702444312,-0.5964193890277939,0.09740206298683504
2023-02-26,-0.000508339770994581,0.1157257138941924,-0.004513471234467848,0.09740206298683504,0.48427586868166633,0.1202391851286603,0.012895871323584442,-0.03641489969121192
2023-02-27,-1.577407038756317e-06,0.02473304414611988,-0.06033996030800588,-0.03641489969121192,-0.13262994429601535,0.08507300445412572,-0.014783468571432257,-0.034952702783999326
2023-02-28,0.00011496483230576709,0.013166587400955776,-0.048986691724409115,-0.034952702783999326,-0.44780016909652576,0.06215327912536489,-0.41834021862657333,0.07686580833465695
2023-03-01,-0.00036978784928178265,0.07686580833465695,-0.0014198466919484575,0.07686580833465695,-0.07883899138660425,0.07828565502660541,-0.3667073677327825,-0.01600561137071147
2023-03-02,0.00010604232968742238,0.0031468013177960337,-0.06781884454032111,-0.01600561137071147,-0.18113223640600806,0.07096564585811724,-0.5031982029007669,-0.03758365076755552
2023-03-03,1.3071269054508259e-05,0.012053077562980932,-0.10718899488478928,-0.03758365076755552,0.6135989073588238,0.11924207244777027,0.16351402076379923,-0.0995672888810102
2023-03-04,4.720286763921041e-05,0.020298575134391195,-0.1377898646894194,-0.0995672888810102,-0.19681547155177714,0.1580884398238105,0.02853276200976461,0.02569393918093682
2023-03-05,0.00010340881991384001,0.06752711481310278,-0.00871256701122653,0.02569393918093682,-0.21979343998316161,0.07623968182432939,-0.11922227862919041,-0.0070103075764563726
2023-03-06,0.0001034229320637365,0.025496604954709283,-0.022999078171234155,-0.0070103075764563726,-0.034863022382654096,0.048495683125943406,-0.1424780442271138,-0.0447651668407586
2023-03-07,3.222966356066389e-05,0.018221832109761773,-0.06801044644529163,-0.0447651668407586,0.04681617839767058,0.08623227855505354,-0.09232849555734077,-0.09975929028611916
2023-03-08,-6.643782279922719e-05,0.009161899060636242,-0.09975929028611916,-0.09975929028611916,0.41804140897215053,0.10892118934675528,0.29190512829536275,-0.08054981483803678
2023-03-09,0.00011686062931849531,0.0455816121404199,-0.09863843910875504,-0.08054981483803678,-0.20090154612432595,0.14422005124917509,0.08744917737666168,0.13823860875243466
2023-03-10,0.00021493040036830964,0.14766666342047724,-0.07196037146891403,0.13823860875243466,0.7775034826435405,0.2196270348893914,0.8629342202808767,0.029589363053211234
2023-03-11,0.00021505059075582254,0.06260254098859662,-0.0690635063865104,0.029589363053211234,0.05487523509270335,0.13166604737510695,0.6548415751654594,0.17109335402996423
2023-03-12,-1.5962501196574112e-05,0.18062959683462332,-0.042161678590065255,0.17109335402996423,0.10855592824214393,0.2227912754246886,0.5351848891748334,0.10919684450514046
2023-03-13,0.00025677549748356947,0.15464409740790772,-0.034723806612552414,0.10919684450514046,0.35416067430828,0.18936790402046036,0.6788623395933532,0.030917165422862027
2023-03-14,0.0007154545895951828,0.08149880634380918,-0.01601189624812689,0.030917165422862027,-0.17090345258080059,0.09751070259193595,0.27502153999584683,-0.05953599962949716
2023-03-15,0.00021970093924513227,0.004854224224254487,-0.10132296192379539,-0.05953599962949716,-0.48309552115846766,0.10617718614804998,-0.3716865002421091,0.010835826257867992
2023-03-16,0.0008669581408125514,0.061100024729906166,-0.009465240250270106,0.010835826257867992,-0.15890336930738874,0.0705652649801763,-0.5102280404842277,0.17074528334315683
2023-03-17,0.00013468709472473384,0.1707988059460951,-0.01443123420899999,0.17074528334315683,0.40216995343735035,0.18523004015509498,-0.05639649601815194,-0.08759495294901411
2023-03-18,0.0006837501323816501,0.029865641035211755,-0.08936300540569983,-0.08759495294901411,-0.25526823286948624,0.11922864644091155,-0.3006015718325852,-0.032526379538144544
2023-03-19,0.00030681311460094583,0.04282067689794447,-0.032526379538144544,-0.032526379538144544,-0.19887744115852132,0.07534705643608906,-0.3484895369217968,-0.07394566929119768
2023-03-20,8.18044824421606e-05,0.005518776335782785,-0.07694552222255543,-0.07394566929119768,-0.04304886098437954,0.08246429855833833,-0.23910451208273953,0.06288625423147096
2023-03-21,0.0002948546097360958,0.1093309466092957,-0.023358256121100013,0.06288625423147096,0.1026195205361779,0.13268920273039583,-0.08989613841712463,-0.031536126244815936
2023-03-22,-3.461611515370764e-05,0.025932979767154175,-0.06606534627945436,-0.031536126244815936,0.11866073028293764,0.09199832604660868,0.027382412073074902,0.03097121681737368
2023-03-23,2.5749182319899534e-05,0.04858555003889011,-0.001383543163107673,0.03097121681737368,-0.3469181507823098,0.049969093201997744,-0.2519942128687498,-0.01609172691300497
2023-03-24,2.5975969755322388e-05,0.057550112055261296,-0.04488743341372539,-0.01609172691300497,0.19748948952781276,0.10243754546898667,0.017047958710247026,-0.0841580909100103
2023-03-25,0.00019459262244560455,0.015376279208541278,-0.09307677975260294,-0.0841580909100103,-0.22503092788337115,0.10845305896114404,-0.21374236336476887,0.05605994616364622
2023-03-26,-0.0001314034882741852,0.061931391027579,-0.010243655389850736,0.05605994616364622,-0.24751550522230548,0.0721750464174297,-0.43415836530772406,-0.06442379279006741
2023-03-27,8.379694418725099e-05,0.0018633812335736382,-0.087355688057918,-0.06442379279006741,0.23635465881589265,0.08921906929149163,-0.10923612838430621,0.09686536774891227
2023-03-28,-0.00016955470180854429,0.12405919626885945,-0.03803603431470102,0.09686536774891227,0.3102640963870328,0.1620952305835604,0.2891677750453731,0.03608550199845676
2023-03-29,-0.00011003174944794244,0.06255648679369537,-0.0011591841471323677,0.03608550199845676,-0.021760159717189947,0.0637156709408278,0.20583212705936008,0.07645791999246923
2023-03-30,-0.00015091464455513053,0.12462784349569797,-0.03228087610358376,0.07645791999246923,0.4911453072345435,0.15690871959928177,0.6845320241741023,0.007467833009759351
2023-03-31,0.00015117111129541474,0.028609196695483095,-0.02229827222133945,0.007467833009759351,-0.5152019962599643,0.05090746891682257,-0.02349819451523408,0.055627102683431
2023-04-01,0.0003269049126294964,0.12365746732891218,-0.006588067303804055,0.055627102683431,0.49360238136282597,0.1302455346327162,0.39596077819585623,0.03502142942836442
2023-04-02,0.0350589410234376,0.05406270483331255,-0.026417204073733155,0.03502142942836442,-0.3551379184221092,0.08047990890704572,-0.10580079751227846,0.12750817641323886
2023-04-03,-0.0005098179239973917,0.13923755039552807,-0.05793051965567503,0.12750817641323886,0.7570120074936236,0.19716807005120307,0.6354162573239268,-0.07157815099833657
2023-04-04,0.00012388402475362585,0.00012388402475362585,-0.08321825357550769,-0.07157815099833657,-0.32925064502178053,0.08334213760026135,0.10763777276025603,0.008115305143493453
2023-04-05,5.94375137167065e-05,0.029318818006089525,-0.03564584691562647,0.008115305143493453,-0.45962035133584517,0.06496466492171607,-0.36300106975045315,0.020638152520491934
2023-04-06,0.000158277327535333,0.054256505990046895,-0.06269046032563332,0.020638152520491934,0.22804097339186954,0.11694696631568013,-0.14892955981123215,-0.008121232567690059
2023-04-07,-0.0006389760066037386,0.056816335216473335,-0.009086089425457747,-0.008121232567690059,-0.02576798689388185,0.06590242464193112,-0.14455849405716173,-0.03158250980174264
2023-04-08,-8.07676375273609e-05,0.005508621933355847,-0.037705134563233954,-0.03158250980174264,-0.7568469573719332,0.043213756496589824,-0.9281633133595703,0.0511449963761644
2023-04-09,7.374868118104659e-05,0.05701688787963057,7.374868118104659e-05,0.0511449963761644,0.23599887742946654,0.056943139198449504,-0.438685823718009,0.10441917770708735
2023-04-10,0.00038127507130946716,0.11259688112052686,-0.017873581781770984,0.10441917770708735,0.6338563188852032,0.1304704629022978,0.35989784917983103,0.04857553649818424
2023-04-11,-0.00025321561142780833,0.090322020880927,-0.01809847677449822,0.04857553649818424,0.16523006718608646,0.10842049765542529,0.4504739619639916,0.0368268399683939
2023-04-12,0.0003612361930998131,0.04988690504315097,-0.040392821139296466,0.0368268399683939,0.06873396609687096,0.09027972618244734,0.45153267265673513,-0.0210723650877056
2023-04-13,-0.045733466839803276,0.0008319209189398163,-0.05008121197110819,-0.0210723650877056,-0.36688744002880164,0.05091313289004806,-0.0034563526557096764,0.17436432331974172
2023-04-14,4.922033157114315e-05,0.2662599543413822,-0.00254514694050547,0.17436432331974172,1.3825506058643908,0.2688051012818878,1.280222994260678,0.019269828251796857
2023-04-15,0.0017282506258121807,0.033762214277360536,-0.041673214611572626,0.019269828251796857,-0.5590251570123883,0.07543542888893338,0.2449118945919268,0.13221948085515126
2023-04-16,0.00024435830460022733,0.1611225242087626,0.00024435830460022733,0.13221948085515126,0.2854596156391482,0.16087816590416248,0.41043495728304374,-0.0316707402888789
2023-04-17,-0.0005626709501437517,0.05587977249518564,-0.052439080428178506,-0.0316707402888789,0.2216027417428759,0.10831885292336403,0.4771868469730649,-0.04565872925427245
2023-04-18,5.3327706886386183e-05,0.03596342344567823,-0.05315845698985729,-0.04565872925427245,-0.61938336196839,0.08912188043553544,-0.3239793424026665,-0.040770316834845395
2023-04-19,-0.0008154663362420684,0.05898331280074128,-0.07773442112725898,-0.040770316834845395,0.35442736166754957,0.13671773392800035,-0.04058885714449075,-0.0497342615312699
2023-04-20,0.00010490534772384202,0.013767275493211642,-0.0775366559998779,-0.0497342615312699,-0.3956566965657657,0.0913039314930895,-0.36194025792515544,-0.08209946366760129
2023-04-21,0.0005072746448555197,0.012442923480963541,-0.08376280707141355,-0.08209946366760129,-0.18395647332431544,0.09620573055237708,-0.5225121431329249,0.04443372754184796
2023-04-22,-1.2061317114308078e-05,0.04676356471151693,-0.022312607291531675,0.04443372754184796,-0.3101468243392361,0.06907617200304854,-0.7244846761034737,-0.09888900504870506
2023-04-23,0.00028869809241930484,0.00028869809241930484,-0.11007395080165945,-0.09888900504870506,-0.052749263723649575,0.11036264889407878,-0.5407419574498397,0.014038175858942691
2023-04-24,-0.0003121561803141865,0.02031282002254684,-0.0649206679506081,0.014038175858942691,0.507372516077907,0.0852334879731549,0.06449972215253424,0.17141728285672753
2023-04-25,-7.726635463641182e-05,0.17573347207460366,-0.011530895118533153,0.17141728285672753,0.45139493184206264,0.18726436719313688,0.6395315539884724,0.010124556456418167
2023-04-26,-0.0005458412754361761,0.07820963969637866,-0.036256360902608246,0.010124556456418167,0.34029609021767326,0.11446600059898686,0.8593834824215919,0.06134951254655684
2023-04-27,2.4134883947738966e-05,0.09835606934084373,-0.0033672830016339924,0.06134951254655684,-0.23903985305896785,0.10172335234247773,0.3679342406205462,-0.05621554628737377
2023-04-28,0.00016091438805796373,0.01036928300781662,-0.06897460079536694,-0.05621554628737377,-0.572320470263971,0.07934388380318366,-0.37279589217183406,-0.04129050474580234
2023-04-29,-0.0001631108504953929,0.021133744255588355,-0.05047937788713335,-0.04129050474580234,-0.27595876688621934,0.07161312214272154,-0.7005602488851924,-0.035844515446626535
2023-04-30,-0.00022358656552741698,0.036713086446907656,-0.04044851981599504,-0.035844515446626535,0.21304161454898252,0.0771616062629026,-0.4527791711753211,0.009877594435385027
2023-05-01,8.930745682227248e-05,0.037943482952784026,-0.028718408115907867,0.009877594435385027,-0.03899373166346086,0.06666189106869176,-0.3977409405687971,-0.0009720911367745766
2023-05-02,-3.979591420052576e-05,0.02522372171083316,-0.04995499502070574,-0.0009720911367745766,-0.10319728057155589,0.07517871673153888,-0.2771219032168224,0.011896923009367767
2023-05-03,-0.00014206588006197013,0.015069482221756412,-0.06951971059839573,0.011896923009367767,-0.12855260059236268,0.08458919282015202,-0.2093517939813028,-0.07539722381990467
2023-05-04,-0.000672448067041201,-0.000672448067041201,-0.08093877597074281,-0.07539722381990467,-0.38403806756224074,0.08026632790370167,-0.5269816804143702,0.059398900181144416
2023-05-05,0.00023016025049347555,0.07527924848619907,-0.006091816626969931,0.059398900181144416,0.31544393830896206,0.08137106511316898,-0.1437071662198808,-0.07537526511509758
2023-05-06,-5.704529656841273e-05,0.010039408004381536,-0.09217042495164997,-0.07537526511509758,-0.4101054335893695,0.10220983295603153,-0.48125562138346384,0.007662217295646396
2023-05-07,-0.00029741694588468015,0.044047894594172944,-0.009608152130800135,0.007662217295646396,-0.2316512257735563,0.053656046724973,-0.5760375832364406,-0.09503704824115008
2023-05-08,-0.0005952687357893024,0.007411017708067164,-0.11453234000851825,-0.09503704824115008,0.41787757490484523,0.12194335771658554,0.001663932154824292,-0.05623491260285976
2023-05-09,9.749588524580102e-05,0.0052558547573432245,-0.07026743451756992,-0.05623491260285976,-0.23229322232356348,0.07552328927491331,-0.16014188403304946,0.05730312365515498
2023-05-10,-8.745741666820383e-05,0.08797323216780713,-0.01796602370146106,0.05730312365515498,0.535632604389363,0.10593925586926833,0.40157822370888097,-0.13734091807567836
2023-05-11,3.148699780472116e-05,3.148699780472116e-05,-0.1629573837131697,-0.13734091807567836,-0.253812252788873,0.16298887071097443,0.12519590599401575,0.05540081069516559
2023-05-12,-0.00025773838284692916,0.057681181225481985,-0.032508116345881334,0.05540081069516559,0.08243479430439145,0.09018929757136336,0.16112205428640933,-0.016746846996967962
2023-05-13,-2.4389702078468838e-05,0.02040975192780276,-0.03370928062347471,-0.016746846996967962,-0.6241178067252887,0.05411903255127751,-0.557742602344471,0.010292776190677193
2023-05-14,-0.00044020128622020626,0.04978243039585366,-0.020251337468024933,0.010292776190677193,-0.16387732441241226,0.0700337678638784,-0.6460300867259092,0.04907030095850415
2023-05-15,1.7276789450656812e-05,0.06159889382200379,-0.0181027431880437,0.04907030095850415,0.43247458123383736,0.07970163701004761,-0.15665479704066315,-0.04130216324332316
2023-05-16,0.00013575596219508933,0.005569294226281209,-0.061160731844349614,-0.04130216324332316,-0.30580427861791537,0.06673002607063074,-0.3361954698642524,0.07313379006203226
2023-05-17,0.00036040870131463977,0.09076014815518997,-0.023739123071063586,0.07313379006203226,0.4858095602364132,0.11449927122625371,0.26844172643194547,0.006155213811632122
2023-05-18,-0.00016014839538826384,0.014119541207330645,-0.049169197077573945,0.006155213811632122,-0.21035206496987022,0.06328873828490439,0.10958059378920329,0.05378476875321151
2023-05-19,-2.106774181981468e-05,0.07632742945727897,-0.026194901575747453,0.05378476875321151,0.548144472903471,0.10252233103302648,0.6115008939499236,0.028539055453789996
2023-05-20,1.249461169885091e-05,0.0670396931167296,-0.011580173407432847,0.028539055453789996,-0.23027631149352465,0.07861986652416247,0.17737795983417434,-0.06996041161040503
2023-05-21,-5.345765781891256e-05,0.0077133433007375626,-0.07414688985795652,-0.06996041161040503,-0.35368076718446595,0.08186023315869406,-0.23426537750796436,-0.009274130251404531
2023-05-22,-8.890079901198985e-05,0.02986584461626609,-0.02246200600435956,-0.009274130251404531,-0.11156635544179382,0.052327850620625435,-0.3789934968421869,0.019332069021348746
2023-05-23,-3.921979189799305e-05,0.05301578613533346,-0.00979304422388653,0.019332069021348746,0.09961620423470083,0.06280883035921997,-0.21869013633237952,-0.06397824409891054
2023-05-24,4.344210583341671e-05,0.0006163509718038792,-0.07162963914221392,-0.06397824409891054,0.06681438369582096,0.07224599011401774,-0.14398225982962498,-0.012637593691896582
2023-05-25,1.3296309833459086e-05,0.011271787033591484,-0.03850269059694627,-0.012637593691896582,-0.23643119950551716,0.04977447763053771,-0.2516993044735653,0.01604700720531729
2023-05-26,-0.0001289896432182037,0.04169284813034173,-0.020441851183191792,0.01604700720531729,-0.06839132408949893,0.06213469931353362,-0.20347710168541433,-0.002951315609426131
2023-05-27,-3.558516188455866e-05,0.015221903088966995,-0.00973809017498624,-0.002951315609426131,-0.5412173267182918,0.02495999326395325,-0.6972485680378755,0.11072629471844582
2023-05-28,9.258374348900252e-06,0.13523275593758852,-0.004805446518152939,0.11072629471844582,1.2369462850675443,0.14003820245574147,0.6416334041854661,0.04210104951875613
2023-05-29,-0.000273407182605649,0.07382837591682549,-0.024488226048893277,0.04210104951875613,0.4122410939444351,0.09831660196571865,0.9232550252237839,0.023393608194705928
2023-05-30,-0.0008553614086667253,0.043367868585302394,-0.010383586197963876,0.023393608194705928,-0.5316672702442128,0.05375145478326613,0.1463143349680179,-0.04756016706636128
2023-05-31,-0.0001523205360419081,0.013748454010235967,-0.07358003595642847,-0.04756016706636128,-0.22029599463791463,0.08732848996666431,-0.16217513056672944,0.0034120713826116924
2023-06-01,0.00017153018456349947,0.029107501374707273,-0.03978309735111116,0.0034120713826116924,-0.10009368668286907,0.06889059872581861,-0.31195188952928216,0.07822727526013142
2023-06-02,-9.343402230059186e-05,0.11404175280259535,-0.007237747460105645,0.07822727526013142,0.5674054430392341,0.12127950026270098,0.17809347820187435,0.006942137614013628
2023-06-03,0.00010073380501600064,0.03128411762803435,-0.010356275962166242,0.006942137614013628,-0.7164716876490272,0.04164039359020048,-0.5666033185983677,-0.01615122584713022
2023-06-04,-7.811114278354199e-06,0.01888175968940941,-0.021831710001505928,-0.01615122584713022,-0.11447769284540234,0.040713469690915174,-0.4637277015078081,-0.0930484404953197
2023-06-05,0.00011009159198038646,0.003929831543484851,-0.1315871088547785,-0.0930484404953197,0.6346075463424833,0.13551694039826329,0.2759724535848157,0.03850846852669123
2023-06-06,-0.0007050789134718288,0.05002706546845451,-0.027921225128393384,0.03850846852669123,-0.24642523802978944,0.07794829059684782,-0.031133216019076846,-0.06935150831208113
2023-06-07,-0.00015645646392201264,-0.00015645646392201264,-0.07704469908991649,-0.06935150831208113,-0.31606176501098826,0.07688824262599457,-0.36965912185747213,0.008762430011290226
2023-06-08,5.245876985515467e-05,0.03581240286137784,-0.03540685619592598,0.008762430011290226,0.07742240679150447,0.07121925905730395,-0.12149936281639435,-0.007876184172760953
2023-06-09,-0.0003430422218152025,0.028193183884345586,-0.016012528154103912,-0.007876184172760953,-0.36121492521796866,0.04420571203844967,-0.4887988110835582,-0.1921224884857337
2023-06-10,6.332255229301123e-05,0.00032319994879252933,-0.2372975011506641,-0.1921224884857337,1.0264138325865653,0.23762070109945677,0.5669605479745733,0.004947835958116476
2023-06-11,-7.665715234648926e-05,0.03942509921159128,-0.0440186109749204,0.004947835958116476,-0.6053117462380404,0.08344371018651174,-0.09484494884052905,-0.010167393424905368
2023-06-12,-0.00011125572330985612,0.038548592794523086,-0.025788250245042527,-0.010167393424905368,-0.3470511116203336,0.0643368430395655,-0.4056440090186593,0.05962445567572024
2023-06-13,-2.7171637388516124e-05,0.07467924679412351,-0.011283811260647184,0.05962445567572024,0.2209849480192968,0.08596305805477064,-0.1530558998145581,-0.01763393839400999
2023-06-14,3.17009836315845e-07,0.04288018881002096,-0.029817297771858257,-0.01763393839400999,0.22181235879282596,0.07269748658187918,0.0805675752283611,-0.006267061244083153
2023-06-15,-1.7100574934604786e-05,0.030633344862579272,-0.07795279944785596,-0.006267061244083153,-0.08684794003563143,0.10858614431043506,-0.09015556782430345,0.031898949532532424
2023-06-16,3.506461060712873e-05,0.04527896107834947,-0.015193535690557146,0.031898949532532424,-0.09040413352231469,0.06047249676890667,-0.019150232740389257,0.040197330593317586
2023-06-17,0.0002954146139620605,0.07960583552605682,-0.013846654896100163,0.040197330593317586,-0.18957295048988723,0.0934524904221569,-0.19192104709948324,-0.05402588981375362
2023-06-18,-4.6296951905322766e-05,0.004076065718811382,-0.05633809028170663,-0.05402588981375362,-0.1981521305135343,0.06041415600051799,-0.40207736877377664,0.027899070773370286
2023-06-19,-0.00015769050568418047,0.04683716582015434,-0.01600197809544985,0.027899070773370286,0.047674499651404044,0.06283914391560423,-0.2980737157799378,0.09161507327436938
2023-06-20,-8.388302431907624e-05,0.093241103683728,-0.0162085388386828,0.09161507327436938,0.5314555271947852,0.10944964252241071,0.3393802365959028,0.06007431470799297
2023-06-21,-0.00017119584655606927,0.09126828736097511,-0.006274263362301218,0.06007431470799297,0.40734512457937105,0.09754255072327632,0.7201055410857067,-0.025900181167388663
2023-06-22,-0.0002242402372459326,0.0309273444108871,-0.029386297392631034,-0.025900181167388663,-0.4462832520942944,0.06031364180351835,0.10397422501588777,0.02400401346851675
2023-06-23,-0.0001274302763618804,0.06125663106368679,-0.0013447837487079316,0.02400401346851675,-0.1316377637046306,0.06260141481239478,-0.08996596619967458,-0.03139873512696888
2023-06-24,-9.543602567899135e-06,0.0005475034420782813,-0.05536800765749828,-0.03139873512696888,-0.2602634151186688,0.05591551109957665,-0.4097302401877794,0.007597592153609921
2023-06-25,-0.00032772240456393174,0.04093286959148296,-0.003713509700217799,0.007597592153609921,-0.11939790816128493,0.04464637929170079,-0.541756421782253,0.05322147467834157
2023-06-26,-6.855304650063275e-05,0.0977551621744853,-0.020372251006194997,0.05322147467834157,1.0603903509598969,0.11812741318068026,0.6078567512466675,0.03168747149386212
2023-06-27,2.008882240485409e-05,0.06155449033658653,-0.0002344858429061083,0.03168747149386212,-0.5087473399019599,0.06178897617949279,0.06385330887787177,-0.02510945608565538
2023-06-28,-0.00023188097232326667,0.01767319397400488,-0.04796082775157065,-0.02510945608565538,-0.006444823692270926,0.06563402172557568,0.049014193008180426,0.060731067771169274
2023-06-29,-0.00010313955660296897,0.07305349557607294,-0.0004949350397385023,0.060731067771169274,-0.007535504739569692,0.07354843061581148,0.009936352130234605,0.02097659455239726
2023-06-30,-0.00013723446402442088,0.039747412349692736,-0.034762055547466725,0.02097659455239726,0.188790279965635,0.0745094678971595,0.13196083801884645,0.09519947957412435
2023-07-01,-0.00030214065577433946,0.11129641329150261,-0.0016267740203188238,0.09519947957412435,0.10654483347283748,0.11292318731182133,0.12710368572308284,-0.012486519102629243
2023-07-02,0.0005258841116212581,0.0029120732463196702,-0.061926932619498505,-0.012486519102629243,-0.2509378510696166,0.0648390058658183,-0.0640995253852243,-0.012173805553673986
2023-07-03,-0.0001502099473599381,0.027123042945665105,-0.01345351518580881,-0.012173805553673986,-0.08520802235898156,0.04057655813147393,-0.15491159355867398,-0.006500903534449719
2023-07-04,-0.00033332356748067633,0.029177180586531504,-0.015156343601923345,-0.006500903534449719,-0.1566669689156397,0.04433352418845484,-0.30305727366995305,-0.03440161925683542
2023-07-05,0.00018228377583537185,0.031133502671023328,-0.05400253034330591,-0.03440161925683542,0.21185211148062333,0.08513603301432918,-0.05842447863933037,-0.04941466496675921
2023-07-06,9.180208007837992e-05,0.04302990068346392,-0.05011388854596364,-0.04941466496675921,-0.0369145056424564,0.09314378922942752,-0.0587296120549419,0.010284155204216362
2023-07-07,-0.00010275540005918134,0.02800696223140291,-0.009780433015136236,0.010284155204216362,-0.29983516614381117,0.03778739524653921,-0.2853786714417315,0.012389603277558083
2023-07-08,-1.7069738597082985e-05,0.016314216679228725,-0.015355591048546717,0.012389603277558083,-0.3659237902939343,0.031669807727775535,-0.5823663277222986,0.017474161748119523
2023-07-09,-3.206297499843742e-05,0.04665968355601864,-0.0017427103994474514,0.017474161748119523,0.49565612259072933,0.048402393955466104,0.020588673958842584,-0.010295284559346344
2023-07-10,0.00013915620096722749,0.00734249148593749,-0.048540899961814425,-0.010295284559346344,-0.08202314487847347,0.055883391447751986,-0.062418673211187936,-0.013485091590031344
2023-07-11,0.0001720719481104025,0.031904393870511166,-0.013840311012015187,-0.013485091590031344,-0.3685185390806016,0.04574470488252642,-0.3658938320773776,-0.0035783172184723957
2023-07-12,-2.095480073375552e-05,0.03830562437102939,-0.005604716350477477,-0.0035783172184723957,0.27435766115992855,0.04391034072150693,0.035516482161224945,0.09452204860775544
2023-07-13,-3.130606264865489e-05,0.09452204860775544,-0.01501620249140503,0.09452204860775544,0.6623028927057903,0.10953825109916043,0.7077215473852276,0.07305878865050566
2023-07-14,-0.00021439932935565922,0.1137974731963076,-0.011164657570575286,0.07305878865050566,0.684169858664755,0.12496213076688292,1.1657011819680938,-0.01497742921505982
2023-07-15,0.00037644543213401,0.0006312688607245142,-0.048734097553547094,-0.01497742921505982,-1.0790386782986148,0.04936536641427158,-0.279749689548045,-0.04420856592082779
2023-07-16,0.0007114188141885059,0.027740438345541792,-0.04849153324525121,-0.04420856592082779,0.05652415531392959,0.07623197159079294,-0.24699466886799498,0.03178754865879109
2023-07-17,-3.463020967219423e-05,0.05158369600984372,-0.009773811543160371,0.03178754865879109,0.1620813279911713,0.061357507553004,-0.1528935977478366,-0.02993684615880385
2023-07-18,-0.000322011615560044,0.02187462108384235,-0.034403196978374004,-0.02993684615880385,-0.36102275391967337,0.05627781806221639,-0.5778982997536459,0.006995072487037473
2023-07-19,0.0001428537265343178,0.03281672789719943,-0.003399727255330379,0.006995072487037473,-0.20959096160265436,0.036216455152529727,-0.7042978360273612,0.034294815528120276
2023-07-20,-9.85154927568105e-05,0.04379570153706231,-0.0035569522392609955,0.034294815528120276,0.5184754960173346,0.04735265377632341,0.19219006190142293,-0.03199675113139704
2023-07-21,8.399325717732881e-05,0.020176819953807247,-0.0329609766392512,-0.03199675113139704,-0.6268406235620801,0.053137796593058464,-0.4711453218183376,-0.04022699538272829
2023-07-22,3.9864338269512685e-05,0.005749675898703956,-0.04455193644524397,-0.04022699538272829,-0.010399023795896233,0.05030161234394809,-0.3932532872682875,0.007838365733714485
2023-07-23,-0.0004850005695264289,0.02030034802588882,-0.004477932222918319,0.007838365733714485,-0.0537524717001385,0.02477828024880717,-0.30318622611029195,-0.06535168279008952
2023-07-24,-5.289689634993626e-05,0.004055846544647004,-0.07962981379458964,-0.06535168279008952,0.3724111921513747,0.08368566033923658,0.14043264337384995,-0.01933722145893398
2023-07-25,0.00024945585088140764,0.0099584879304269,-0.028406572889461124,-0.01933722145893398,-0.29634603527776393,0.038365060819888025,-0.19676741579914997,0.0026943052934487355
2023-07-26,2.5268640212305945e-05,0.02308232479071024,-0.019161063552217993,0.0026943052934487355,0.08537115078017046,0.042243388342928255,0.03891079976354731,-0.005029282675507211
2023-07-27,5.361005792546065e-05,0.03567603839390203,-0.009702334147347197,-0.005029282675507211,-0.2587505100162951,0.045378372541249205,-0.23893241176021587,0.009870869457049751
2023-07-28,-2.2281747077486146e-05,0.030916936736341986,-0.0035632565943872615,0.009870869457049751,-0.29471989455948316,0.03448019333072919,-0.5076335895799853,-0.0063031217697505975
2023-07-29,-0.0003393372473290246,0.0060803487913459525,-0.011417313411156536,-0.0063031217697505975,-0.21029704645032354,0.01749766220250247,-0.6584112512931724,-0.014937762585614443
2023-07-30,-3.452403968746463e-05,0.0013014009174879108,-0.04011657625976779,-0.014937762585614443,0.33362407135479183,0.0414179771772556,-0.13739406725372058,-0.003572423499025604
2023-07-31,-5.921079144454212e-06,0.02029262849148123,-0.009716874937705447,-0.003572423499025604,0.08692429498937378,0.03000950342918681,0.023999735738272188,0.020372716459524733
2023-08-01,-1.4855740302253179e-05,0.020372716459524733,-0.03753021635586539,0.020372716459524733,0.4106836118297239,0.05790293281539009,0.5222964513196577,-0.01049819091477854
2023-08-02,-0.0006812171143967326,0.018198373153195842,-0.010511159515035527,-0.01049819091477854,0.2022744460070072,0.028709532668231445,0.6348638711681275,0.02234175050284405
2023-08-03,-5.163404025687288e-06,0.03238007244765863,-0.006754380074603844,0.02234175050284405,-0.48440154685292164,0.03913445252226252,-0.04155157889451973,-0.01584770415387129
2023-08-04,-0.0001295290774332434,0.014894719775091167,-0.020093641445801697,-0.01584770415387129,-0.050369853141190794,0.034988361220892765,-0.1698701966728809,-0.0074719662233074
2023-08-05,6.084362187055558e-06,0.013579402138781383,-0.013162656761849089,-0.0074719662233074,-0.32406378422465115,0.026742058900630673,-0.5192942268145839,-0.005586978913336495
2023-08-06,-5.198626758367233e-05,0.013345852908231417,-0.008192272464789041,-0.005586978913336495,-0.13328680326832248,0.021538125373020512,-0.6188515100315224,0.004256000875117865
2023-08-07,3.0519146702728596e-05,0.020749481350831253,-0.02194043998851059,0.004256000875117865,0.45258168834636764,0.04268992133934177,-0.02748501422008029,0.02358044407859619
2023-08-08,-3.267730288091011e-05,0.036595096240574124,-0.003809970106464453,0.02358044407859619,0.18318456200202435,0.040405066347038485,0.3055526986903511,-0.029601370332680593
2023-08-09,8.980536339185456e-05,0.0037992110904951585,-0.03686239305005923,-0.029601370332680593,-0.1762343326226187,0.04066160414055448,0.09721160289450852,-0.02423795748313242
2023-08-10,6.52617511037578e-05,0.0001035813698420158,-0.041126681386217216,-0.02423795748313242,0.31167179794196614,0.04123026275605926,0.408403234153954,-0.006782586644794666
2023-08-11,2.611301209381119e-05,0.008201103006346928,-0.007370030493306152,-0.006782586644794666,-0.6681796729355409,0.015571133499653039,-0.39246885508413265,0.003640890942743979
2023-08-12,8.942311294924206e-05,0.007463410927286051,-0.0015001528651775637,0.003640890942743979,-0.2644485475785145,0.008963563792463583,-0.6700541082111745,0.005052037171166534
2023-08-13,-7.964466036992899e-06,0.00982979190466626,-0.009357616629915156,0.005052037171166534,0.17813448693928338,0.019187408534581497,-0.4011602240101313,-0.01805533616228855
2023-08-14,-6.556334314355446e-05,0.0061608221003924026,-0.02104969995829159,-0.01805533616228855,0.40030632804006844,0.02721052205868398,0.12106857499496507,-0.049911162378437166
2023-08-15,4.65829029672582e-05,0.00025142106766813823,-0.0563649802531871,-0.049911162378437166,0.41249422117006335,0.05661640132085501,0.5434156130299709,-0.021971422019777535
2023-08-16,-0.00011927976506490655,0.018043403358728168,-0.03551528905798313,-0.021971422019777535,0.21779728592367195,0.05355869241671126,0.7418954139582968,0.013997280768684794
2023-08-17,2.8380385904026493e-05,0.03732506392458636,-0.04253210866801614,0.013997280768684794,0.3618845564502138,0.07985717259260254,0.875348936882692,0.09831408477208044
2023-08-18,-9.244590084488424e-05,0.10902822254928292,-0.015041480149485148,0.09831408477208044,0.31560603337576154,0.12406970269876814,0.8687596290802846,-0.016378332460763895
2023-08-19,0.00024448656143317884,0.02192254345284997,-0.020709365514207656,-0.016378332460763895,-0.6865764737832004,0.042631908967057465,-0.14740136501938203,-0.0025810547833794565
2023-08-20,-0.000104128645496774,0.0252259990246526,-0.006376913745392236,-0.0025810547833794565,-0.6295416371130701,0.03160291277004499,-0.8537723772855202,-0.03441249779383618
2023-08-21,-5.022309792173393e-05,0.017402690782582782,-0.04766327592291728,-0.03441249779383618,0.35378046082472686,0.0650659667055001,-0.45441019191130183,-0.016957210352487994
2023-08-22,0.0003218549188696168,0.0038993301780846142,-0.04785929670792578,-0.016957210352487994,-0.03291300927324015,0.05175862688601037,-0.44458036580251287,0.05039675759881262
2023-08-23,-2.9422688850725143e-05,0.06223220409422418,-0.0015398455384426357,0.05039675759881262,0.033075340759493824,0.06377204963266697,-0.2782257582665313,-0.033121841751535534
2023-08-24,4.403223221861741e-05,0.007105113097347808,-0.04583762361018919,-0.033121841751535534,-0.3314845456446705,0.052942736707537075,-0.32878847021987645,-0.027354375874268522
2023-08-25,-6.128411674053495e-06,-6.128411674053495e-06,-0.04892849028694791,-0.027354375874268522,0.14089362953064555,0.048922361875273886,-0.059815885855153704,-0.007186057881142317
2023-08-26,3.936464931945207e-07,0.0006351438183927104,-0.01365491391337247,-0.007186057881142317,-0.6457403212355771,0.014290057731765336,-0.7335521012633771,-0.03882233249360987
2023-08-27,-3.6741667030414606e-05,0.009089167182166312,-0.046638619040890644,-0.03882233249360987,0.6119541507208884,0.05572778622305705,0.01258885326397393,-0.006567359821752079
2023-08-28,3.791990629291051e-05,0.018174641104945394,-0.018267790989904328,-0.006567359821752079,-0.03067150231403311,0.03644243209484978,0.025554883771525472,0.05015149400486871
2023-08-29,-4.9028144965680883e-05,0.07636522588357036,-0.03659285079244642,0.05015149400486871,0.7257514272776651,0.11295807667601687,0.8127656985339113,-0.01879267348044918
2023-08-30,-2.49917740903581e-05,0.003101099183151658,-0.03558841641222497,-0.01879267348044918,-0.7545576937844071,0.03868951559537655,-0.16389487163768116,-0.017459536773349927
2023-08-31,3.672334235901826e-05,0.026269913926485765,-0.02598302910455035,-0.017459536773349927,0.1253592046761371,0.05225294303103599,-0.021801534190495384,-0.028082993128993535
2023-09-01,5.5237754718590295e-06,0.012760101246952175,-0.033668227546102304,-0.028082993128993535,-0.20349655972691558,0.04642832879305449,-0.317269773412041,-0.004255499193396444
2023-09-02,-6.0318182621285245e-06,0.01057465777791308,-0.01258374775610281,-0.004255499193396444,-0.3998871736244366,0.02315840553401599,-0.6954379019198901,0.006559165595787356
2023-09-03,2.260980149087515e-05,0.014695998853377931,-0.004643430927842783,0.006559165595787356,-0.014577595867904414,0.0193394297812208,-0.641895990771748,0.0024364566054478533
2023-09-04,-3.4498675985527246e-05,0.021543372114397538,-0.00592670665936165,0.0024364566054478533,0.21813857873902945,0.02747007877375931,-0.12118048587839321,0.004231024944534156
2023-09-05,0.00016514626510317408,0.010603448288375941,-0.014162420124905968,0.004231024944534156,-0.07324984654142627,0.02476586841328193,-0.13684765388055073,0.0047144232085270625
2023-09-06,3.6005952802886324e-05,0.007298489583921461,-0.015781957735525473,0.0047144232085270625,-0.061073643289184604,0.02308044731944681,-0.08641957296680881,0.00970176269381914
2023-09-07,-0.0001304201193667401,0.02065412985708613,-0.012547050954205288,0.00970176269381914,0.06311194533705625,0.03320118081129135,0.0512928111858469,-0.034992759622856764
2023-09-08,-4.6249315818153575e-05,0.004606115299580993,-0.03513283642689932,-0.034992759622856764,-0.11960350840805084,0.03973895172648043,-0.094073877746257,-0.004162268104461078
2023-09-09,-2.554416522322319e-06,0.0017434982592697801,-0.014711478558987192,-0.004162268104461078,-0.1972371239675401,0.016454976818257003,-0.29620572271965373,-0.007362058040600059
2023-09-10,-0.0001279052986637237,0.007031437280910341,-0.03195348798312421,-0.007362058040600059,0.5658389138803502,0.038984925264034714,0.3427550171209411,0.0005659558452212045
2023-09-11,1.141269619404233e-05,0.0065189355120749025,-0.036139199704799035,0.0005659558452212045,0.016606699805289123,0.042658135216873935,0.29868675925031873,0.02171042329944493
2023-09-12,0.000109967941192122,0.0635022256056632,-0.0027555819120176285,0.02171042329944493,0.400660569274696,0.06625780751768087,0.6265298558120705,0.017403684617732375
2023-09-13,6.050805994478043e-05,0.03679027921015858,-0.0005062491331264672,0.017403684617732375,-0.3514747411801771,0.037296528343285076,0.10783655655487198,0.016914371951270237
2023-09-14,1.0416827273806938e-05,0.020097396068400136,-0.00836021428653477,0.016914371951270237,-0.15241099738137542,0.028457610354935096,-0.12013876102908827,0.031434444146568694
2023-09-15,9.835146329674697e-06,0.034723282493329385,-0.0013608277022627002,0.031434444146568694,0.21064767633875014,0.036084110195592066,0.02516435330694101,-0.00800532615292179
2023-09-16,-0.00010004595417449827,0.02433618064685513,-0.011125518297997662,-0.00800532615292179,-0.2177651230050611,0.03546169894485271,-0.21624278652734819,-0.020890656988877897
2023-09-17,2.3720164605912407e-05,4.319943210641974e-05,-0.03720479910765386,-0.020890656988877897,-0.09838910232390759,0.037247998539760435,-0.2956580715142996,0.04131576844703878
2023-09-18,-0.00015778849310765344,0.05836594393011246,-0.009273031234653681,0.04131576844703878,0.48824070862647745,0.06763897516476618,0.3259961309363007,0.024666486461176997
2023-09-19,-3.414777951798478e-05,0.029057416548662836,-0.006033133037376053,0.024666486461176997,-0.17361472964056,0.03509054958603883,0.09694463793660185,-0.011269203665323885
2023-09-20,1.8367683594217634e-06,0.005982291404933442,-0.02693556280619026,-0.011269203665323885,-0.2359520310376098,0.032917854211123726,-0.17974836828654114,-0.04880957933487846
2023-09-21,-5.079666043478884e-05,0.005462052187632497,-0.051742658085507875,-0.04880957933487846,0.1002380051300326,0.057204710273140516,-0.033686187834412136,0.013210483471555751
2023-09-22,-2.7509199693530992e-05,0.015333390648811611,-0.0065387696085071716,0.013210483471555751,-0.42809698796653833,0.021872160257318893,-0.4766330516037514,-0.023784652010154377
2023-09-23,-3.790144542695171e-05,0.007153058823325046,-0.02544234062048534,-0.023784652010154377,-0.18649119882601922,0.03259539944381033,-0.6273533290754904,-0.015709461656903602
2023-09-24,-1.4886353398032188e-05,0.00019452183881624822,-0.01853767019623423,-0.015709461656903602,0.1563329464564858,0.018732192035050322,-0.2939908300276348,0.027469774030576457
2023-09-25,0.000155074213609476,0.037033648534328854,-0.0066487800942920195,0.027469774030576457,0.23847397252696884,0.043682428628620956,0.0733503150580278,0.004203277177959103
2023-09-26,-2.1027248257794778e-05,0.009128477854659478,-0.016490215733239482,0.004203277177959103,-0.2197456090263121,0.025618693587899068,-0.11868564830753339,-0.0005329783750000649
2023-09-27,9.833843171364098e-06,0.02563854209894218,-0.007979813044525082,-0.0005329783750000649,0.33845252914190627,0.0336183551434673,0.3229519428174768,0.020443417192600323
2023-09-28,-1.1311721631060516e-05,0.023992773813252842,-0.009921725485689615,0.020443417192600323,0.11848895294616173,0.033914499298942365,0.36721295723042907,0.03764669215905032
2023-09-29,-1.0295868166587184e-05,0.042286494836467785,-0.0036386738809274333,0.03764669215905032,-0.03902688984611494,0.04592516871739506,0.2013176509472743,0.016176844452464603
2023-09-30,1.1746858236550516e-05,0.041997693458894286,-0.007951484604507099,0.016176844452464603,0.07748632607798069,0.04994917806340126,0.19580573605305274,0.036189495797686086
2023-10-01,-5.81045374120689e-05,0.041536934630389745,-0.001978509253491998,0.036189495797686086,-0.06397318549333705,0.04351544388388177,0.0748785853230765,-0.04915587272429396
2023-10-02,-0.00014480958074937665,0.011230965521873996,-0.05902382404020249,-0.04915587272429396,0.43530998229721074,0.07025478956207658,0.4373721731542539,-0.026675345493511998
2023-10-03,3.3805237454333464e-05,0.019358778656603657,-0.02868911155318957,-0.026675345493511998,-0.48960595475600044,0.048047890209793394,-0.17188798890412582,0.030826218146964655
2023-10-04,2.075403414696505e-05,0.03827279000268668,-0.02118289262281696,0.030826218146964655,0.07294758302048238,0.059455682625503645,-0.08484953928573206,-0.024434273669790774
2023-10-05,2.1565925687873815e-05,0.015223527648144473,-0.024477959884310854,-0.024434273669790774,-0.18494865881682285,0.039701487532455275,-0.2755969555865807,0.05474622548680305
2023-10-06,-0.0004060341262594982,0.06492787453102257,-0.000829207268337909,0.05474622548680305,0.22499151891233318,0.06575708179936057,-0.010498528110044715,-0.007775398416622663
2023-10-07,8.028274610199643e-06,0.007918957890835781,-0.0145595933236132,-0.007775398416622663,-0.15223154075068665,0.022478551214448812,-0.17394886665637319,-0.004734602782314492
2023-10-08,5.3509324472261483e-05,0.0077261325929471585,-0.011677359307831271,-0.004734602782314492,-0.24748793878182612,0.01940349190077847,-0.29684916307551207,-0.03235153224721644
2023-10-09,0.00020986357651431209,0.0005458122377061183,-0.05502518379509257,-0.03235153224721644,0.4117041886213895,0.05557099603279865,0.1654695630199339,-0.021149964735369245
2023-10-10,-7.55092685441473e-05,0.0027150508410951455,-0.034894294642610936,-0.021149964735369245,-0.24062797616490045,0.03760934548370605,-0.08705143701602912,0.00640770630125469
2023-10-11,2.1245237973339857e-05,0.010296211145312302,-0.017151389761105515,0.00640770630125469,0.1116814414455542,0.027447600906417895,0.025300913622537478,-0.008242996374268124
2023-10-12,-9.367493120760648e-05,0.006973611413132349,-0.02419096353865571,-0.008242996374268124,-0.16001346512368003,0.031164574951788034,-0.10893190468736819,0.031168332283231525
2023-10-13,8.181501772263966e-05,0.03752969565403317,-0.0011332110895271362,0.031168332283231525,0.034134761340880025,0.03866290674356041,-0.0506794290529998,0.0071441507132500165
2023-10-14,5.741273124482592e-05,0.020015031754926707,-0.0008841305217196405,0.0071441507132500165,-0.28370916112145395,0.02089916227664634,-0.361617991686831,0.02505147149965098
2023-10-15,-4.760923939996388e-06,0.02547036480287888,-0.005133704378891335,0.02505147149965098,0.19300867688053736,0.030604069181770104,-0.06391903784252365,0.0024942776921560834
2023-10-16,3.622794734841924e-05,0.024202726240265416,-0.016674934638952026,0.0024942776921560834,0.5870534300312703,0.04087766087921745,0.5441024898773457,0.0086913305089199
2023-10-17,-0.00019533681415961706,0.01507685919993514,-0.02031923687924776,0.0086913305089199,-0.2370153554881115,0.035396096079182836,0.20571392089591337,0.027882283666822518
2023-10-18,1.419723701859081e-05,0.03877325982650811,-0.005038651118694941,0.027882283666822518,0.3001052835423471,0.04381191094520315,0.4452097148699667,0.040866335589529866
2023-10-19,-0.00010376315358579382,0.05454487407575794,-0.015812047231364788,0.040866335589529866,0.41535846667802656,0.07035692130712283,0.7350343638966454,-0.0010947661008529571
2023-10-20,3.0681327380358696e-05,0.04393586044769268,-0.0012440631514407116,-0.0010947661008529571,-0.1795832627703078,0.04517992359913328,0.29414953056787185,0.04261628198411013
2023-10-21,9.03393881537139e-07,0.0847672007036318,-0.0013560104009104786,0.04261628198411013,-0.015013209933875664,0.08612321110454227,0.13267737037488544,0.045579458470803746
2023-10-22,0.00014445388800040504,0.049788543526451165,-0.002081910844637793,0.045579458470803746,-0.1014276040513322,0.05187045437108907,-0.02365195279283601,0.1702606409999807
2023-10-23,0.012697804476661688,0.1985878981401166,0.0012620259120431363,0.1702606409999807,1.4207228549102608,0.19732587222807338,1.3322991857015705,0.07414366326001978
2023-10-24,0.0006505117626191051,0.15911869355909364,0.0006505117626191051,0.07414366326001978,0.1753419744485528,0.15846818179647443,1.040473655989689,0.025355318088667103
2023-10-25,3.368425962405865e-05,0.08120521710667579,-0.016269170433634923,0.025355318088667103,-0.5889788059604901,0.09747438754031088,0.1066050041755531,0.0030960374941021696
2023-10-26,0.00012527921908446759,0.047987112869976464,-0.04156029558266413,0.0030960374941021696,-0.25390060999374253,0.08954740845264074,-0.2705634910220787,0.11263189222935788
2023-10-27,3.517909049666429e-05,0.12241628700580492,-0.02995996994832114,0.11263189222935788,0.5657492571236735,0.1523762569541261,0.22466124192008932,-0.010459958675268994
2023-10-28,-7.650940471663222e-05,0.01611775287761849,-0.026253629015425644,-0.010459958675268994,-0.6282611192818891,0.042371381893044076,-0.5720110977092718,0.03426002397201932
2023-10-29,6.622371624352699e-05,0.05332404666218165,-0.011567787746393316,0.03426002397201932,0.15237035592770312,0.06489183440857499,-0.2902557839047312,-0.04707168534521844
2023-10-30,-2.471929693263648e-06,0.03648136840015873,-0.04707168534521844,-0.04707168534521844,-0.05776458702880927,0.08355305374537712,-0.16400425154128284,0.06818072708053526
2023-10-31,6.621395039661755e-05,0.07013441455042635,-0.027112396522999346,0.06818072708053526,0.11549090417850424,0.09724681107342552,-0.00544565438215253,0.04687652976378889
2023-11-01,-0.0001272751998460712,0.0872380409203298,-0.05144280822695454,0.04687652976378889,0.4471896479756767,0.1386808491472843,0.41481669591218545,-0.03428276874146457
2023-11-02,0.000274274514843623,0.05757547247053453,-0.039489046431370245,-0.03428276874146457,-0.304237098316709,0.09706451890190472,0.10195386586067176,0.025780450544803983
2023-11-03,-4.7004517620768824e-05,0.039552000670191434,-0.03318863689357146,0.025780450544803983,-0.337313416956534,0.07274063756376291,-0.2991573353448666,0.02988135053218606
2023-11-04,4.62589557665024e-05,0.03454782934862906,-0.02339906010322148,0.02988135053218606,-0.30676747316742287,0.05794688945185061,-0.5839748659629185,0.060560436254653495
2023-11-05,-0.0001366504563840147,0.0774666287144793,-0.011649370403890968,0.060560436254653495,0.5292917662218204,0.0891159991183703,-0.0007725264490782941,0.05011685801318208
2023-11-06,5.555819227183136e-06,0.104747128921043,-0.024683755801679075,0.05011685801318208,0.3028971656466757,0.12943088472272213,0.2965901650263965,0.0005616598257239507
2023-11-07,-1.911328415364121e-06,0.03749667286909393,-0.024544276541670493,0.0005616598257239507,0.03209003895436236,0.0620409494107646,0.36237285654970985,0.001195216424717407
2023-11-08,-2.0226232660109494e-06,0.04653339753423766,-0.006017048354311365,0.001195216424717407,-0.4904573295561804,0.05255044588854914,-0.1833217014150569,-0.03453875398270384
2023-11-09,1.2121157705477158e-05,0.06253988203991308,-0.1075577685611179,-0.03453875398270384,0.7419819630641932,0.1700976506010311,0.5479197113145923,0.08630772160150968
2023-11-10,3.7524709822402525e-05,0.12629537150260903,-0.03833561672970728,0.08630772160150968,0.004550390011815625,0.1646309882323163,0.3433560762430948,-0.010417271953945866
2023-11-11,0.0010309713564695237,0.0604447447381807,-0.018857346149837792,-0.010417271953945866,-0.08480112603705549,0.07930209088801843,0.14004660635786,-0.02455105699057689
2023-11-12,3.768981668983493e-05,0.03646425417007648,-0.046406883790144626,-0.02455105699057689,-0.4537765434370002,0.08287113796022112,-0.35519463911017624,-0.10951723899633867
2023-11-13,0.0001479868739115385,0.021801471610256386,-0.12561272623344555,-0.10951723899633867,0.06422926619855274,0.1474141978437019,-0.24411478102119386,0.0012275398692067976
2023-11-14,-5.750672750251551e-05,0.046438573849939546,-0.04856064737100133,0.0012275398692067976,-0.08661313548324699,0.09499922122094083,-0.36738237889123265,0.09348079369438607
2023-11-15,0.0002761887276850605,0.1095794610308822,0.0002761887276850605,0.09348079369438607,0.06057815150527245,0.1093032723031971,-0.1979864248056794,-0.06841592485826536
2023-11-16,-9.879796932285746e-05,0.081895243721344,-0.08208246402914232,-0.06841592485826536,0.23028166393365285,0.16397770775048637,0.1449528157873022,0.016161060941633613
2023-11-17,0.00031425815771595844,0.03955170702107674,-0.04524035015370324,0.016161060941633613,-0.5356079942292171,0.08479205717478003,-0.34244436245971094,-0.01168102924584245
2023-11-18,0.00016934294447124715,0.005234111544440626,-0.061513231293594726,-0.01168102924584245,-0.19756891058772055,0.0667473428380354,-0.495555267665213,0.04821474188276991
2023-11-19,3.9821001320669645e-05,0.05677198884338684,-0.028181238021780828,0.04821474188276991,0.1729075801410175,0.08495322686516771,-0.2338808164730268,-0.053708135564030306
2023-11-20,-0.00014190015021192965,0.029958098448595455,-0.055083266578396864,-0.053708135564030306,0.00012259008446593363,0.08504136502699242,-0.18357773588947418,-0.10491983325091088
2023-11-21,7.323600871337223e-05,0.013583391399634773,-0.10518742585760311,-0.10491983325091088,0.14031467599426561,0.11877081725723808,0.023997362552390718,0.1156643701509498
2023-11-22,-0.0014539839927779432,0.14874185282542754,-0.005296263908626171,0.1156643701509498,-0.1858683102140879,0.1540381167340536,-0.04884177591394717,-0.059346342294553295
2023-11-23,-0.00032206526917349286,0.0006326613022319563,-0.07398194505301395,-0.059346342294553295,-0.2181196663717142,0.07461460635524601,-0.2530356872957733,0.031164584992563766
2023-11-24,-8.457833231689804e-05,0.07144569245071357,-0.006091639297138481,0.031164584992563766,0.21303803478047312,0.07753733174785205,-0.025154586992462785,0.09317503678241264
2023-11-25,-6.915364433603355e-05,0.1104912555832894,-0.004582100483030433,0.09317503678241264,0.31221553253612744,0.11507335606631994,0.297216981247324,0.0006027624103050466
2023-11-26,-8.192450461130658e-05,0.00917447131806839,-0.051648897970806885,0.0006027624103050466,-0.3742468230324476,0.06082336928887542,-0.13715137894648452,-0.02894624521474654
2023-11-27,-0.0008954284671226778,0.017856091556374045,-0.06422364614955532,-0.02894624521474654,0.3083286916417374,0.0820797377059293,0.2226741175200815,-0.004998168854548548
2023-11-28,0.00016773698742363286,0.02638659236018995,-0.06087766163909746,-0.004998168854548548,-0.1357663700240886,0.08726425399928746,0.03473584906423188,0.009993242087048824
2023-11-29,-5.8807400888052844e-05,0.052113515686445046,-0.0116644515909008,0.009993242087048824,-0.13176984426569,0.06377796727734578,-0.15269744538026528,0.0944754003988626
2023-11-30,-7.4058220129419e-06,0.09635948075120318,-0.0065282215415266446,0.0944754003988626,0.6684737255427393,0.1028877022927296,0.51946831817134,-0.026146011931572444
2023-12-01,3.825130183174083e-05,0.023429576573290464,-0.030990024906371063,-0.026146011931572444,-0.18343423882804433,0.054419601479661545,0.24462641195978257,-0.007857364470168823
2023-12-02,0.00045416196489650185,0.02570451297220906,-0.009570212258587283,-0.007857364470168823,-0.42234730283783933,0.03527472523079639,-0.277072157127083,-0.01816836000696585
2023-12-03,-2.4131448829263875e-05,0.020817313810888038,-0.02441598445155827,-0.01816836000696585,0.12634695737254992,0.04523329826244634,-0.11565354839617345,-0.038338497767925285
2023-12-04,-8.661199703895285e-05,0.04725438698875624,-0.07421297619808723,-0.038338497767925285,0.8627512558787287,0.12146736318684359,0.737230297232983,0.022395648157397648
2023-12-05,0.0001842817227930846,0.02260613820774875,-0.0581182983999854,0.022395648157397648,-0.5857169273955317,0.08072443660773401,-0.08908156815482343,-0.014076082598193996
2023-12-06,-6.436345376576777e-06,0.0355291159838738,-0.031741274016583325,-0.014076082598193996,-0.07254233543550051,0.06727039000045723,-0.1197142660646111,0.07680369196730631
2023-12-07,0.0003139490278344509,0.09670303853583265,-0.011767371496465305,0.07680369196730631,-0.03205351587640133,0.10847041003229803,-0.13461872113101372,0.052240075358418916
2023-12-08,-0.00013737665437738126,0.10617091434601948,-0.0036952016331472984,0.052240075358418916,0.5459205668849713,0.1098661159791669,0.36714129998596967,-0.03624081595683912
2023-12-09,2.3839216848208657e-05,0.024950946235208677,-0.043967630362904284,-0.03624081595683912,-0.4044778373291997,0.06891857659811301,-0.1753180092516652,0.1364127937617302
2023-12-10,0.00014102346443552977,0.13816884056939524,-0.002578746006950908,0.1364127937617302,0.1655521666710409,0.14074758657634606,0.12118512483838735,0.11981297060503888
2023-12-11,-0.0010191873197578911,0.1320617885911353,-0.06623988367754298,0.11981297060503888,1.2167918020293362,0.1983016722686783,1.297442186769577,0.06582050128928589
2023-12-12,-1.651234635300662e-05,0.15595696439832218,-0.0006306794712050777,0.06582050128928589,-0.06119976761232157,0.15658764386952734,0.7868873840523744,0.13276499336692657
2023-12-13,-0.00030323263390145917,0.14150845225336373,-0.06741384870516146,0.13276499336692657,-0.29939576242952903,0.20892230095852515,0.1966522792749776,0.036482558766373296
2023-12-14,-0.00012855598482741233,0.12025359384633881,-0.0005170582120774632,0.036482558766373296,0.20101636062132577,0.12077065205841638,0.2913861492757829,-0.01907277015958238
2023-12-15,-6.187902501976857e-05,0.1246017649647799,-0.02266382253517202,-0.01907277015958238,-0.16263316567398772,0.14726558749995186,-0.04423702387256196,-0.010061468899787923
2023-12-16,9.466239081150094e-05,0.09232897321182437,-0.026083227954674174,-0.010061468899787923,-0.14775141150874785,0.11841220116649863,-0.2991619203105636,0.04024840810336772
2023-12-17,4.496819179581524e-05,0.04292398325129583,-0.03647001465063482,0.04024840810336772,-0.45413366753264717,0.07939399790193061,-0.6601235356212016,0.1836038676718432
2023-12-18,-0.00019632161142857003,0.18690713729358735,-0.04689806285138404,0.1836038676718432,0.991358933965526,0.23380520014497144,0.48392241520597973,-0.009456413763074495
2023-12-19,8.873440316592704e-05,0.07701445182672292,-0.022958832532066004,-0.009456413763074495,0.017191029453075924,0.09997328435878894,0.3940976888513371,0.14956335523054523
2023-12-20,-9.772053051987165e-05,0.16649462762768757,-0.0029146504272569524,0.14956335523054523,0.04748594948091863,0.16940927805494446,0.3793350131998927,-0.04930802864921073
2023-12-21,8.629291006738291e-05,0.011814266450229548,-0.10523253064518737,-0.04930802864921073,-0.20376429657300063,0.11704679709541697,0.07420651048105702,-0.04622458952601777
2023-12-22,-0.0003322177508901994,0.044240436398311295,-0.06794949669283429,-0.04622458952601777,-0.5052957019480027,0.11218993309114551,-0.4994446754148204,0.08890555793007014
2023-12-23,1.3436796668062992e-05,0.10052891257242172,-0.03454681896895129,0.08890555793007014,0.28341373950693355,0.13507573154137298,-0.2509964562467919,-0.038772663389976356
2023-12-24,0.0017017900083889867,0.05555624037678157,-0.0408915716242271,-0.038772663389976356,0.0149461686970175,0.09644781200100866,-0.1660091655482449,0.06432104012123654
2023-12-25,0.00014366917664558542,0.07007567293632369,-0.018993166449328438,0.06432104012123654,-0.21540741391665022,0.08906883938565212,-0.3043292064703889,-0.10771997939860779
2023-12-26,0.00011057902492822521,0.0013213020034100042,-0.1555325679541741,-0.10771997939860779,0.05698254228240829,0.1568538699575842,-0.10993096288788384,0.009847058577813457
2023-12-27,0.00010146908400758897,0.020019989901777877,-0.06371720509953603,0.009847058577813457,-0.2959713913289384,0.08373719500131377,-0.3235809935881561,-0.0970840078738061
2023-12-28,0.00023892706993667366,0.016901887891886864,-0.1235446795995442,-0.0970840078738061,-0.08815226268965937,0.14044656749143095,-0.38699261272015817,0.00506408236637856
2023-12-29,-0.00032708589573587205,0.06116480564244648,-0.02299946955051301,0.00506408236637856,-0.10617635357879343,0.08416427519295963,-0.39403805652009427,0.040882172116287335
2023-12-30,9.662928406446219e-05,0.05420500474019664,-0.047683795603330505,0.040882172116287335,-0.006969608009781775,0.10188880034352711,-0.2695930818314269,-0.04168443845768998
2023-12-31,-0.0002888650324826251,0.03844291178607064,-0.04479908680067242,-0.04168443845768998,-0.12359979013284045,0.08324199858674299,-0.30492160249268696,0.1028050289659202
2024-01-01,-0.00011441828789935463,0.10934420717168762,-0.015183341331321262,0.1028050289659202,0.04891422137990941,0.12452754850300878,-0.120330260045557,-0.06804692907155743
2024-01-02,0.00043545086227914786,0.033270239334522764,-0.0723660788558379,-0.06804692907155743,0.20205362304528163,0.10563631819036082,0.1397325783230404,-0.07979272471847713
2024-01-03,0.00023663243123894705,0.01958438551473363,-0.15064883562024606,-0.07979272471847713,0.24473773944648314,0.1702332211349796,0.38122774557209954,0.11708291668492647
2024-01-04,-0.00014278090829343408,0.1696817374904463,-0.008426529415046468,0.11708291668492647,-0.026112486489161202,0.17810826690549278,0.2693304328197053,0.0031573146312502964
2024-01-05,-0.00019051242243268705,0.025989312915454074,-0.0728791616918803,0.0031573146312502964,-0.1141115945683384,0.09886847460733429,0.08143216570119403,0.03577489469300315
2024-01-06,0.00014478352119821135,0.04089812320137212,-0.08799506443930194,0.03577489469300315,0.0941469172745156,0.12889318764067412,0.11268972180095761,-0.08758263784681299
2024-01-07,0.00015085918916838282,0.01787448340054197,-0.10669600029122721,-0.08758263784681299,-0.4158443399660984,0.12457048369176914,-0.3744592007047257,0.1439008696301317
2024-01-08,-0.00016563129781842215,0.162616003770919,-0.07714071589612902,0.1439008696301317,0.9096026623517157,0.23975671966704798,0.5690741743867463,-0.05679958751482573
2024-01-09,0.0002538851086573416,0.06629627189731163,-0.06422973677750297,-0.05679958751482573,-0.2604374118358969,0.13052600867481465,0.18862294845862637,0.022459171259200942
2024-01-10,-0.0009698100250693862,0.06364808737637065,-0.07549566147910758,0.022459171259200942,0.15442248344468806,0.13914374885547817,0.29768677377660485,-0.0541210665981789
2024-01-11,0.000634318439502434,0.030924157388240236,-0.06869005386065176,-0.0541210665981789,-0.1635094831091123,0.09961421124889194,0.0361483742285652,-0.05274906709997849
2024-01-12,-0.0005350425381961802,0.023152831163036836,-0.07593117479786125,-0.05274906709997849,-0.5517462138641084,0.09908400596089814,-0.5564068748875398,0.055799976977893066
2024-01-13,-0.000122900133719142,0.07033827175051827,-0.048777085492448115,0.055799976977893066,-0.20424503688363235,0.11911535724296642,-0.7702983624102904,-0.05062261945141237
2024-01-14,0.0001479449506022454,0.01756997414631776,-0.05465989724194282,-0.05062261945141237,0.1746723223249457,0.07222987138826067,-0.41461551346275044,0.10564600874491241
2024-01-15,-0.0003273494158621106,0.11040163045496451,-0.0018356566409798822,0.10564600874491241,0.21190762897792276,0.11223728709594433,-0.09030172965831797,-0.006176942088601863
2024-01-16,0.00018734638406801065,0.019900764972906493,-0.035183890248035025,-0.006176942088601863,0.0037616314333278043,0.05508465522094168,0.051142459518289815,-0.04120402522905533
2024-01-17,-8.860592800037116e-05,0.011325981077800034,-0.053216850896761134,-0.04120402522905533,-0.2990322398049193,0.0645428319745611,-0.15036199694671515,-0.08531913010274632
2024-01-18,0.00013482832587101832,0.0009365010163479301,-0.09557821361664737,-0.08531913010274632,-0.05270981402368845,0.09651471463299528,-0.18228343305319986,0.004056535890917766
2024-01-19,-5.256037794990807e-05,0.03732263170826287,-0.0587506663019824,0.004056535890917766,-0.0012187003607228486,0.09607329801024522,-0.1897932202823721,-0.01853288628057724
2024-01-20,4.536569589619351e-05,0.007107410223843883,-0.03558263763636482,-0.01853288628057724,-0.8158559121372368,0.04269004786020855,-0.9810033994949149,0.012650834875071704
2024-01-21,-9.200400126939984e-05,0.05151345016078026,-0.0165418649181788,0.012650834875071704,0.324765408810223,0.06805531507895904,-0.4754009657055568,-0.058111357533976477
2024-01-22,0.00031598663419310274,0.013233139253983435,-0.07402956137127696,-0.058111357533976477,0.5475154437101191,0.08726270062526038,0.25223354085727917,-0.027430366080315283
2024-01-23,2.592981351832861e-06,0.035906300546388256,-0.1050503826551003,-0.027430366080315283,0.18948400716905758,0.14095668320148863,0.44107602679185043,0.004303546575291092
2024-01-24,-0.0001396375902721827,0.04242612380354149,-0.02663165670754898,0.004303546575291092,-0.49727231993335225,0.0690577805110905,-0.12149375717549958,-0.03890934299678613
2024-01-25,0.00011017813508173164,0.000845349630071416,-0.06943449695939964,-0.03890934299678613,-0.27313368267178784,0.07027984658947109,-0.34268481360644437,0.06041073186639287
2024-01-26,2.0392128639321217e-06,0.08001565772123959,-0.02078473469970942,0.06041073186639287,0.18875619328270934,0.10080039242094901,-0.18918367130672853,0.036737886741887604
2024-01-27,-2.7440389284899592e-05,0.05355902103553608,-0.0037862017039604866,0.036737886741887604,-0.18051023127563642,0.057345222739496694,-0.39323141553991275,0.037100964467459197
2024-01-28,0.00019209938290692675,0.09447258523455665,0.0001052510878867211,0.037100964467459197,0.6587254427085649,0.09436733414666985,0.37568398161632627,0.028850467753214988
2024-01-29,0.00023019440727134886,0.07689474044559738,-0.004593977406711109,0.028850467753214988,0.1873641144176546,0.08148871785230836,0.5952952197043369,-0.05417042452203805
2024-01-30,7.133080455472293e-06,0.01996236613828764,-0.05740566346787661,-0.05417042452203805,0.01210781458877089,0.07736802960616417,0.4590911206593441,-0.04531434345843398
2024-01-31,-0.0005510372708299799,0.01507807865514867,-0.06028713904986601,-0.04531434345843398,-0.25929130147658835,0.07536521770501464,0.031370121672429266,-0.0011509186065044572
2024-02-01,4.108376727468268e-05,0.02068174718462824,-0.02082737239065303,-0.0011509186065044572,-0.41840894754674834,0.041509119575281285,-0.4552195285061644,0.022266982218637005
2024-02-02,0.00020879314427555695,0.04422155408972466,-0.00880379649081468,0.022266982218637005,0.037809851740166774,0.05302535058053945,-0.43814380309265977,-0.04722295831411113
2024-02-03,-3.581845641680179e-05,0.010164945191333097,-0.06093089036550275,-0.04722295831411113,-0.27132356311049644,0.07109583555683596,-0.6353806291599462,-0.021985890366179723
2024-02-04,0.00011541568230037504,0.012949504868989912,-0.022806947423070257,-0.021985890366179723,-0.22636136768887163,0.03575645229206016,-0.6940243976466435,-0.012208572811460355
2024-02-05,0.00013616719368351812,0.037555710929530146,-0.02738736703921416,-0.012208572811460355,0.23738778612258604,0.06494307796874423,-0.21871718495146855,-0.023288644425710638
2024-02-06,0.00023579830131857503,0.020956824926839333,-0.028097123289883914,-0.023288644425710638,0.12375750773928386,0.0490539482167234,0.06093013670342295,0.054952053892998745
2024-02-07,4.650199453771997e-06,0.06999741181715409,-0.0001620362427465006,0.054952053892998745,0.03703634112671325,0.0701594480599005,0.12027081945080664,-0.003997652046591231
2024-02-08,1.0308877721853273e-05,0.035900038083548275,-0.01082331761845607,-0.003997652046591231,0.06494842084536649,0.046723355702004386,0.20910075750164459,0.06069248770969355
2024-02-09,-0.00030950798654967576,0.08136945595356411,-0.001215785389580398,0.06069248770969355,0.5015163239454459,0.0825852413431445,0.6599509899175536,0.004676199800126296
2024-02-10,7.048097908447955e-05,0.034782954296365895,-0.017549820726723887,0.004676199800126296,-0.4664409423536009,0.05233277502308973,-0.02117375170966951,0.003452960318735237
2024-02-11,3.0501969827467988e-06,0.044250841140987915,-0.008509563998891289,0.003452960318735237,0.12098343358332664,0.05276040513987926,0.05583707124783029,0.04930474700833034
2024-02-12,7.012747571299583e-05,0.05449666775286052,-0.028544093066428567,0.04930474700833034,0.3578571202113119,0.08304076081928921,0.36671534783373,-0.06153164560763729
2024-02-13,0.00036864040197593463,0.006528999878799339,-0.0676838145826514,-0.06153164560763729,0.03323137969556454,0.07421281446145077,0.2805395985859824,0.019815166109871368
2024-02-14,-9.374548897908341e-05,0.03918623910018499,-0.011770260951539923,0.019815166109871368,-0.16203421072738214,0.05095650005172488,0.012728273908972272,-0.03717599388326006
2024-02-15,8.457201260746698e-05,0.019426338262312208,-0.05983006842996968,-0.03717599388326006,0.2597268774251613,0.07925640669228201,0.297779135684519,0.012231607936072772
2024-02-16,0.00018236230117519848,0.050302220831281025,-0.015999762405956887,0.012231607936072772,0.1530393109109473,0.0663019832372378,0.33483754710060576,0.09024492151040732
2024-02-17,-4.307984434955725e-06,0.09138759144522686,-0.026998403532709218,0.09024492151040732,0.06489379815406372,0.118385994977936,0.2753832144621068,0.028231457727801855
2024-02-18,-0.00040510988162547414,0.04709658029035384,-0.03419881069883386,0.028231457727801855,0.060072856894033945,0.08129539098918763,0.2607429388238183,-0.03403401150654846
2024-02-19,5.759443735468419e-05,0.024849344874316726,-0.05539200731013461,-0.03403401150654846,-0.15575001387055118,0.08024135218445133,0.0268310594298391,-0.029616655001958578
2024-02-20,3.197711940943413e-05,0.04478853689918665,-0.07349223901086857,-0.029616655001958578,0.23381667946340384,0.11828077591005531,0.1974612777789116,-0.038605671252691445
2024-02-21,-2.8861136421937695e-05,0.001250685307118843,-0.08011061806831948,-0.038605671252691445,-0.5379321953977437,0.08136130337543826,-0.4109252715350797,-0.02917930522519066
2024-02-22,2.532297525964606e-05,0.01027674395996792,-0.03909365696908145,-0.02917930522519066,-0.02153506872715208,0.04937040092904937,-0.3782669996505539,-0.034285316971336244
2024-02-23,-8.65037624919867e-05,0.017552818036839578,-0.06029825779346499,-0.034285316971336244,-0.18328044379818853,0.07785107583030444,-0.48704935915011394,0.0501747877738276
2024-02-24,-0.00017488057207123322,0.05823546182103686,-0.010601298620063681,0.0501747877738276,-0.49285772062532507,0.06883676044110068,-0.8566204869192803,0.03203167086622464
2024-02-25,2.5000945796915285e-05,0.03572985760565123,-0.02935409372865097,0.03203167086622464,0.18537976806150858,0.06508395133430216,-0.5130325971609165,0.026315932744336825
2024-02-26,0.0001049535517500569,0.047221843005857495,-0.023927187130697927,0.026315932744336825,0.5533653440408255,0.0711490301365553,0.2920094280668917,0.08732764491888902
2024-02-27,1.0077794862185134e-05,0.09718389432206852,-0.02111013986001192,0.08732764491888902,0.4727247409468385,0.11829403418208038,0.7540146638003176,0.08663370576501876
2024-02-28,-0.00010587607462903669,0.08803399079692246,-0.09654048091625236,0.08663370576501876,0.648259867362403,0.18457447171317465,1.2399721192185125,-0.06554120086797967
2024-02-29,-0.0013792550706917693,0.03988937658370608,-0.08834709446835791,-0.06554120086797967,-0.28706499829227783,0.12823647105206382,0.5375319117727816,0.10141592012245924
2024-03-01,-0.0006130169783385291,0.10905887009204437,-0.007115672617152331,0.10141592012245924,-0.38985893005975003,0.1161745427091967,-0.09238237492281708,-0.05737310869543523
2024-03-02,-0.0005886019668786077,0.023616903568416593,-0.06836889394637659,-0.05737310869543523,-0.28198169174190385,0.09198579751479324,-0.48330376493627586,-0.04857077426167315
2024-03-03,-8.394406511241659e-05,0.004039708137866645,-0.07019723270184246,-0.04857077426167315,0.03198878761705751,0.07423694083970918,-0.4696028669780932,-0.0006459719807599722
2024-03-04,-0.0001981686080439562,0.029870774475191837,-0.0512143710850852,-0.0006459719807599722,0.2970691794606387,0.08108514556027699,-0.13151860040210983,-0.07539529443602712
2024-03-05,-0.0004182870508267251,0.04523893035915879,-0.21929207231355172,-0.07539529443602712,0.3852475462796364,0.26453100267271057,0.42077709984407313,0.02760234763437521
2024-03-06,-2.7786842184273032e-05,0.047252148023409386,-0.05026167019758148,0.02760234763437521,-0.6340034041674907,0.0975138182209908,-0.22581198970701805,0.10005963445274861
2024-03-07,0.0,0.145947176646155,-1.1794904307021872e-06,0.10005963445274861,0.4241243289596233,0.1459483561365857,0.23462127382425269,-0.03143015769310381
2024-03-08,-1.0671833730112938e-06,0.03715498809461974,-0.043250803834714156,-0.03143015769310381,-0.49307355265335223,0.08040579192933398,-0.3539263657435477,-0.014913572340925628
2024-03-09,0.0,0.027531887595369432,-0.022204508388318472,-0.014913572340925628,-0.3455147475320085,0.049736395983687856,-0.6965097455276776,-0.020567799683225692
2024-03-10,1.1178033375381779e-06,0.009920785160977694,-0.050799057934868795,-0.020567799683225692,-0.07882423914536482,0.060719843095846424,-0.6768527405017596,0.059745752338025315
2024-03-11,5.895318727196522e-06,0.09036918097514544,-0.03608817245257391,0.059745752338025315,0.6219341725101205,0.12645735342771927,0.18353830320623943,0.2004981578127635
2024-03-12,0.0,0.2009192416459589,-0.025898512128664054,0.2004981578127635,0.9933280655840346,0.22681775377462282,1.1482722823053184,-0.07447750937482185
2024-03-13,0.0,0.011658200036168288,-0.08483123593761242,-0.07447750937482185,-0.6998635625453559,0.0964894359737808,0.17323969703863826,-0.007359551224298925
2024-03-14,-1.4134994966533834e-05,0.08796221376790471,-0.04936723967558244,-0.007359551224298925,0.43533489037498524,0.13732945344348718,0.5203041591111538,-0.07944519337006042
2024-03-15,0.0,0.010372058983898372,-0.1590655669280994,-0.07944519337006042,-0.25346019928402685,0.16943762591199799,0.049971164976601146,-0.08228691118464421
2024-03-16,0.0,0.09600806451665307,-0.0992850010770212,-0.08228691118464421,-0.20244401347766258,0.19529306559367413,-0.2835638630100928,0.046233516703669326
2024-03-17,0.0,0.06300013138812038,-0.03510530354342729,0.046233516703669326,-0.3381736567275154,0.0981054349315475,-0.6570775879649298,-0.10491145499730604
2024-03-18,0.002208613613324542,0.002288525626409949,-0.11943873418369891,-0.10491145499730604,-0.004232011138795271,0.12172725981010875,-0.4442118905831278,-0.0695400013851974
2024-03-19,0.0,0.014044819257825837,-0.11533121301601505,-0.0695400013851974,0.13878909946468654,0.12937603227384106,-0.24765686074774665,0.08682904486557991
2024-03-20,2.2217794019450163e-05,0.0939396278266516,-0.04539421668150334,0.08682904486557991,-0.1910099282515492,0.13933384450815503,-0.28107658012842385,-0.05355879817423069
2024-03-21,0.0,0.009925665068755625,-0.06042882098171824,-0.05355879817423069,-0.34439437719954097,0.07035448605047379,-0.49384599491987435,-0.0532588020566113
2024-03-22,0.0,0.016889774711729658,-0.07224302449063512,-0.0532588020566113,-0.018093087167840756,0.08913279920236489,-0.36862975505582996,-0.005194143566778928
2024-03-23,0.0,0.031285891321002644,-0.009720640303217376,-0.005194143566778928,-0.6617393187005235,0.04100653162422016,-0.9556635955218286,0.041808456232877336
2024-03-24,0.0,0.04746363202687028,-0.0011681503306190078,0.041808456232877336,0.0034691552199335755,0.04863178235748922,-0.7911275608932706,0.037117288764593324
2024-03-25,-1.2651065881628628e-05,0.050264219010188356,-0.014642346944616505,0.037117288764593324,0.6122563761871253,0.06490656595480485,0.061826179590610944,0.030632127659058008
2024-03-26,0.0,0.08847529891340458,-0.001255150846623297,0.030632127659058008,0.3525691589694484,0.08973044976002778,0.5279539771096017,-0.027628126287876108
2024-03-27,3.771333314306418e-05,0.013849445929417392,-0.0436116324320801,-0.027628126287876108,-0.2591679550117984,0.05746107836149745,0.18723245413273437,0.011273384740577616
2024-03-28,0.0,0.020836617619144373,-0.019051849514121543,0.011273384740577616,-0.31829639315961256,0.03988846713326608,-0.14216450065401773,-0.045836190278514634
2024-03-29,0.0,0.00471530688196526,-0.054377747387066154,-0.045836190278514634,-0.20337437799777436,0.05909305426903135,-0.4001470788325854,-0.023379946885525603
2024-03-30,0.0,0.011175666582704934,-0.026086487603250046,-0.023379946885525603,-0.35751680983312684,0.03726215418595485,-0.7799404877555256,0.026573603524681143
2024-03-31,0.0,0.048847895129989743,-0.0028638614079502258,0.026573603524681143,0.21466134388229963,0.05171175653794,-0.449322752572965,-0.07221988207375764
2024-04-01,0.0,0.011333310705890618,-0.09695838601110511,-0.07221988207375764,0.6242560368833769,0.10829169671699564,0.39034273380175954,-0.05018327243549954
2024-04-02,6.907054442003754e-06,1.827016923676869e-05,-0.09147030225799266,-0.05018327243549954,0.03593654102597687,0.09148857242722949,0.4384961899458154,0.011848879271491152
2024-04-03,0.0,0.06176605664581247,-0.029094861514839716,0.011848879271491152,-0.08369791911094641,0.09086091816065218,0.2745548293691537,-0.0057407969345595064
2024-04-04,0.0,0.03420368463352094,-0.02924421216016511,-0.0057407969345595064,-0.36476090374046777,0.06344789679368608,-0.17876997168903114,0.04550304420088175
2024-04-05,0.0,0.05832200725984099,-0.06352434968319219,0.04550304420088175,0.1577815548652054,0.12184635694303321,-0.07742809751910276,0.015945612344106914
2024-04-06,0.0,0.042035111802046214,-0.0178521182778432,0.015945612344106914,-0.07278575229502984,0.05988723007988959,-0.20582138274393005,0.011726095688532332
2024-04-07,0.0,0.03656031266042206,-0.0018808711861985658,0.011726095688532332,-0.15911930511543732,0.03844118384662054,-0.2997742301807603,0.011659709691169272
2024-04-08,0.0,0.03241896938751189,-0.020169818831777254,0.011659709691169272,0.07543860013744254,0.05258878821928925,-0.11706323095798647,-0.07312980407967776
2024-04-09,0.0,0.004852202329231367,-0.07798404563672358,-0.07312980407967776,0.1013990771578007,0.08283624796595493,0.06551553262357915,-0.0005910576206912131
2024-04-10,0.0,0.0064542145417480715,-0.03998612754939155,-0.0005910576206912131,-0.12216308689038068,0.04644034209113947,-0.07727819039998693,-0.03602376979539844
2024-04-11,0.0,0.00807039577754091,-0.04623978769577107,-0.03602376979539844,-0.18775869214199017,0.05431018347331183,-0.22847956031064562,-0.17792057785712062
2024-04-12,0.0,0.014497392738349543,-0.31751240066111025,-0.17792057785712062,1.2519099778528744,0.3320097933994598,1.0789548553502806,-0.1354122774164751
2024-04-13,0.0,0.015562744722594446,-0.3121485711092807,-0.1354122774164751,0.1586866396262455,0.32771131583187507,0.9039316167747161,0.10959146904819919
2024-04-14,0.0,0.12297625537479838,-0.030755111076530693,0.10959146904819919,-0.28642365743093795,0.1537313664513291,0.3208022262420842,-0.06465107325295234
2024-04-15,0.0,0.05081565462799664,-0.10528843230798114,-0.06465107325295234,-0.24507477079929496,0.15610408693597772,-0.06711076991222086,0.02303185441606742
2024-04-16,0.0,0.042904581951220336,-0.048505171840609755,0.02303185441606742,-0.42005063462279346,0.09140975379183015,-0.576398611770137,0.04082848106255776
2024-04-17,0.0,0.11659911529679767,-0.02983202197101055,0.04082848106255776,0.4116169009386852,0.14643113726780824,-0.2053189583294088,0.060870093826842664
2024-04-18,0.0,0.10234332782262708,-0.04823806772885166,0.060870093826842664,-0.22194666418865605,0.15058139555147865,-0.3486632325841567,0.016720151386668488
2024-04-19,0.0,0.037288979471889645,-0.09844328264545657,0.016720151386668488,-0.05318018190272615,0.13573226211734613,-0.22605085567005712,0.054736831101461596
2024-04-20,-0.00016297210743034332,0.05889479040992605,-0.025831497797704914,0.054736831101461596,-0.32450893833880273,0.08472628820763105,-0.4327499980297563,-0.051540228200415344
2024-04-21,0.0,0.0021127000152673004,-0.06461318070572443,-0.051540228200415344,-0.2995970881736842,0.0667258807209917,-0.617406550329033,0.014345085971348833
2024-04-22,-6.0788072785663056e-06,0.04096299897046296,-0.00904120613312768,0.014345085971348833,0.05895952365350449,0.05000420510359049,-0.48825244156075326,-0.02181681206762328
2024-04-23,0.0,0.017341359809000156,-0.036017871220720886,-0.02181681206762328,-0.08869535926910509,0.05335923102972113,-0.40063050509710224,-0.058534142470473685
2024-04-24,0.0,0.04581269063957107,-0.06800060713895707,-0.058534142470473685,0.2384644484997637,0.11381329777852814,-0.013986977156998837,0.0031450763313958545
2024-04-25,1.6017326418757346e-05,0.02404903249415698,-0.03239051477977293,0.0031450763313958545,-0.4076176820663707,0.05643954727392986,-0.3145115230627465,-0.038409338278926015
2024-04-26,0.0,0.007690829979339698,-0.042993120072228594,-0.038409338278926015,-0.1315059880732818,0.05068395005156824,-0.3468952995966184,0.015591177165559134
2024-04-27,0.0,0.02916991892653529,-0.026629194958935093,0.015591177165559134,-0.0356571916550753,0.055799113885470326,-0.3256104715327496,-0.005885180431898301
2024-04-28,0.0002589092020485755,0.0315565561670494,-0.009925489879100073,-0.005885180431898301,-0.2104550028438399,0.04148204604614951,-0.4564976607208673,0.0038348643786765197
2024-04-29,0.0,0.015490642195502868,-0.031375929399336866,0.0038348643786765197,0.480462690011724,0.04686657159483973,0.12069079185546132,-0.0861063518658985
2024-04-30,2.6544638017441634e-06,0.011822223600702885,-0.1227721166214023,-0.0861063518658985,0.3641871175855059,0.13459434022210534,0.5686996753888822,-0.002810071535121069
2024-05-01,0.0,0.017414369539802996,-0.07307288552047266,-0.002810071535121069,0.11230089557381182,0.0904872550602756,0.5571995398455509,-0.009613923173979426
2024-05-02,-6.366953995764253e-05,0.0002481113353315788,-0.04337989862641859,-0.009613923173979426,-0.43174751160352093,0.04362800996175013,-0.03805957392978691,0.06292628293178881
2024-05-03,0.0,0.06558235414810462,-0.019691131751022512,0.06292628293178881,0.16736134905954814,0.08527348589912714,0.07861943614397385,-0.01267009462943483
2024-05-04,-2.1394198809742847e-06,0.00998219919455377,-0.020935907452178798,-0.01267009462943483,-0.4858203937562222,0.03091810664673267,-0.5098624207071218,-0.017419255793743326
2024-05-05,0.0,0.002739745736939757,-0.032321704099530106,-0.017419255793743326,0.11092517341533602,0.03506144983646976,-0.36038582928287566,0.05445236011986905
2024-05-06,-6.299343543576338e-07,0.07632038832138748,-0.014349287462547869,0.05445236011986905,0.6686848174300348,0.09066967578393537,0.4100810593560209,-0.03359482549179847
2024-05-07,0.0,0.02706855791492102,-0.03528865615902026,-0.03359482549179847,-0.1974934396839177,0.06235721407394126,0.20389270500104986,-0.060157232045022456
2024-05-08,0.0,0.014721973580190147,-0.07473465634045719,-0.060157232045022456,-0.12785625575355486,0.08945662992064743,0.020756811414894282,0.030186776296448486
2024-05-09,0.0,0.04155326540424468,-0.019611923269554722,0.030186776296448486,-0.299144632950733,0.061165188673799366,-0.27181911712009654,0.034203196595115004
2024-05-10,5.244518941168798e-06,0.11578524065599331,-0.003728733667509964,0.034203196595115004,0.8749644090960387,0.11951397432350341,0.5814843977429428,-0.04723240795420625
2024-05-11,0.0,0.010957445961017255,-0.0482348720731691,-0.04723240795420625,-0.751589444381263,0.05919231803418646,-0.3648921293647806,-0.008205852352859143
2024-05-12,-6.440380152544792e-07,0.017908529999892377,-0.016764204760281006,-0.008205852352859143,-0.5192042637974241,0.03467273476017333,-0.7894184543785654,-0.038631613130015625
2024-05-13,0.0,0.003991740576786403,-0.06229600484803042,-0.038631613130015625,0.6842474131026621,0.06628774542481672,0.018097168878681246,-0.057596056577939626
2024-05-14,0.0,0.00900378481668112,-0.0618981215127747,-0.057596056577939626,-0.15245228121337026,0.07090190632945588,-0.13215645798106446,0.1006569269092493
2024-05-15,9.830344780319984e-07,0.11406040196599264,-0.01192596600475225,0.1006569269092493,0.18761351864213807,0.12598636797074478,0.03342365876341249,-0.007997676481689453
2024-05-16,9.293030295962129e-06,0.021873307937273153,-0.034301085952330855,-0.007997676481689453,-0.2958932325761915,0.05617439388960404,-0.09743945594123052,0.05643380231698961
2024-05-17,0.0,0.07689137383565607,-0.004520298038274522,0.05643380231698961,0.07343894647148266,0.08141167187393057,-0.005613773003259076,0.008827460312207193
2024-05-18,0.0,0.020215337974850537,-0.0075714648966125645,0.008827460312207193,-0.3995132162263017,0.027786802871463016,-0.48012813894540374,-0.03388198444318294
2024-05-19,1.3736132707435794e-06,0.008183309120569825,-0.036892615628710976,-0.03388198444318294,0.08070538205921485,0.045075924749280676,-0.295423096879303,0.1545239823048948
2024-05-20,0.0,0.1562748436529341,-0.014580870505791039,0.1545239823048948,1.0786607155573442,0.1708557141587251,0.8484670127210635,-0.020507698701715156
2024-05-21,1.9818073468111683e-05,0.02307433565423342,-0.024168987667924604,-0.020507698701715156,-0.48116482416211726,0.04724332332215802,0.1897954793884338,-0.012994236789345484
2024-05-22,0.0,0.00762538300216836,-0.02871755760189583,-0.012994236789345484,-0.2880197919379208,0.03634294060406424,-0.16753449315528812,-0.0428341258847707
2024-05-23,0.0,0.014752810407450082,-0.08439500251931957,-0.0428341258847707,0.4212672162030662,0.09914781292676954,0.255319827827806,-0.016173069927484
2024-05-24,0.0,0.00583528529946152,-0.05905328693282446,-0.016173069927484,-0.579154418911577,0.06488857223228604,-0.4579195521926026,-0.014102980428267912
2024-05-25,2.1516511159568142e-06,0.03296544119840265,-0.0160756137552453,-0.014102980428267912,-0.32645103872331166,0.04904105495364782,-0.8020101640037882,-0.020352584838743495
2024-05-26,0.0,0.009697685977636948,-0.034579925860230586,-0.020352584838743495,0.008796498038197218,0.04427761183786768,-0.539028338018553,0.037033925773925835
2024-05-27,0.0,0.06347827628556228,-0.0014812612132389207,0.037033925773925835,0.4251612830850892,0.06495953749880111,0.02963929471205076,0.017574948079436558
2024-05-28,0.0,0.020092574582892164,-0.042746008979827145,0.017574948079436558,0.21289670683098827,0.06283858356271932,0.2532381776089765,0.007236274883844383
2024-05-29,0.0,0.029467116174343836,-0.008885311691910782,0.007236274883844383,0.08254649986283347,0.03835242786625464,0.4149181362453837,-0.057832788686416614
2024-05-30,1.4438069940935437e-07,0.027363842232291408,-0.057832788686416614,-0.057832788686416614,-0.10779147922879044,0.0851966309187081,0.21141534291089933,-0.0202670595564966
2024-05-31,0.0,0.021230027649843917,-0.026004564499297278,-0.0202670595564966,-0.24339602901973528,0.047234592149141184,-0.1402795949033204,0.002718760993156596
2024-06-01,0.0,0.008918805205423975,-0.012653980095163683,0.002718760993156596,-0.6313664109170274,0.021572785300587607,-0.8239419015876507,-0.010801953257556713
2024-06-02,0.0,0.014112049161379675,-0.025426767470735856,-0.010801953257556713,0.30689229690297526,0.03953881663211549,-0.4263765859500497,0.030368425846606192
2024-06-03,0.0,0.06726371089954454,-0.013002040393604876,0.030368425846606192,0.37670482518188414,0.08026575129314935,0.06205897641236849,0.011267408604607992
2024-06-04,0.0,0.036673449462220266,-0.03327481270343853,0.011267408604607992,0.1619142620411123,0.06994826216565883,0.3010186585074873,0.05810456842727678
2024-06-05,0.0,0.06934935534821787,-0.0024414003778618315,0.05810456842727678,0.10227540585279063,0.07179075572607974,0.4113481697173494,0.047556293201206176
2024-06-06,0.0,0.06545143383384652,-0.02768639892863068,0.047556293201206176,0.3322075670537706,0.09313783276247724,0.6648792883701046,-0.006049541821005723
2024-06-07,-9.371712897213486e-06,0.09579931313905242,-0.05263613853458288,-0.006049541821005723,0.836716242803946,0.14843545167363517,1.25416106748061,-0.03825168344215051
2024-06-08,-0.0004840469452607787,0.09583873371130588,-0.043506778067549254,-0.03825168344215051,-0.2039064503562196,0.1393455117788552,0.5888879689205941,0.03494493675302846
2024-06-09,-0.0002360589874446406,0.0841170712260133,-0.005961388040066251,0.03494493675302846,-0.6695262572241593,0.09007845926607963,-0.3077514264452609,0.051872201474097865
2024-06-10,-0.0001898988098708952,0.06311030688308555,-0.04382659157023951,0.051872201474097865,0.3505189144620174,0.1069368984533251,-0.004353721674958465,-0.0741184256805856
2024-06-11,0.00013172109508961628,0.014725804903207493,-0.13760115726620617,-0.0741184256805856,0.3168827931079398,0.1523269621694137,0.22199394336492245,0.13864704995186272
2024-06-12,-0.0002800530107124936,0.18813847183413,-0.011943130567384212,0.13864704995186272,0.29878089886468384,0.20008160240151432,0.41029942405195075,-0.08191890088421422
2024-06-13,-4.789928824699588e-05,0.010351181835826782,-0.09535306328885433,-0.08191890088421422,-0.35616519018855414,0.10570424512468124,0.02778216938932157,-0.09543146610807847
2024-06-14,-0.00010212509617871126,0.015636355956228497,-0.11501141474818427,-0.09543146610807847,-0.12610055797440634,0.1306477707044129,-0.08562972785567637,-0.03240988260866892
2024-06-15,-0.0003370204126723025,0.013715411010739111,-0.0331597230768551,-0.03240988260866892,-0.6444053629603651,0.04687513408759418,-0.7980959275217347,-0.011086068892459238
2024-06-16,0.0005260583320767298,0.004133213762998631,-0.033267969381910255,-0.011086068892459238,-0.24253098225569464,0.037401183144908964,-0.9786961915214162,-0.14833760881306438
2024-06-17,-0.00011331323614598721,0.00876335164150776,-0.16759462932566227,-0.14833760881306438,0.9743232899541133,0.17635798096716995,0.15117336173178045,-0.053175882659282935
2024-06-18,-6.231631693857612e-05,0.004459816817410968,-0.12898288001763208,-0.053175882659282935,-0.06552966440950155,0.13344269683504306,0.20515398731174259,0.03477888251567227
2024-06-19,-0.00013907796729524099,0.04864865236498536,-0.020462479204678294,0.03477888251567227,-0.42005184860984723,0.0691111315696636,-0.187549382672461,-0.02265818927630642
2024-06-20,0.0,0.08814372081004405,-0.026286915636350782,-0.02265818927630642,0.2189474459022509,0.11443063644639465,0.11597301187041337,0.026181111251397358
2024-06-21,0.0001089703320842135,0.04947559292073179,-0.025072775218840996,0.026181111251397358,-0.38302468746210944,0.07454836813957277,-0.34728570311765766,-0.014779024467788355
2024-06-22,0.00015810792945973912,0.0024869657450732998,-0.02103021224401474,-0.014779024467788355,-0.5831456001806062,0.023517177989087888,-0.9688616703840669,-0.03503521370713432
2024-06-23,-4.918918986259783e-05,0.022694576220592826,-0.040331818406962164,-0.03503521370713432,0.05414485910718462,0.06302639462755502,-0.7107534482660917,0.11380992410195133
2024-06-24,4.981064657906569e-05,0.11496529953281538,-0.020832919290290096,0.11380992410195133,0.9228297992204244,0.1357982188231055,0.43624546587973456,0.031370866721012414
2024-06-25,0.00012797419761860615,0.032023540637262295,-0.011269749736242285,0.031370866721012414,-0.5244802687672772,0.04329329037350449,-0.14980552375917816,-0.019434731246073454
2024-06-26,-4.64206313567531e-05,0.013481708127878222,-0.03930803133197773,-0.019434731246073454,-0.05856154467952748,0.052789739459855864,-0.08551845568506734,0.01079162745525843
2024-06-27,0.0001060313708548345,0.05216723596756934,-0.010683902533064093,0.01079162745525843,0.09878234686329979,0.0628511385006334,0.05225945080505764,-0.009480932918678507
2024-06-28,5.667970998053033e-06,0.00833913167441352,-0.022835415104864924,-0.009480932918678507,-0.17456251614364862,0.031174546779278407,-0.20109688941298573,-0.01049400124208441
2024-06-29,6.169597254959444e-05,0.029445687902799493,-0.013860796094385968,-0.01049400124208441,-0.4615691191054953,0.04330648399718541,-0.6999162911017609,0.03122934939977385
2024-06-30,0.00012661691641536741,0.040316054000230854,-0.03400128400567488,0.03122934939977385,0.32526880633419697,0.07431733800590572,-0.14496824812894843,-0.04076068812045278
2024-07-01,-0.0001235515140103116,0.023688846130018974,-0.042053182037392764,-0.04076068812045278,0.007899598339946908,0.06574202816741169,-0.08179640948602857,0.031232614357666628
2024-07-02,-3.4688503167665544e-05,0.042618374138606537,-0.011025659293498443,0.031232614357666628,-0.11046655356610198,0.05364403343210504,-0.14962076993280876,-0.0798488507481746
2024-07-03,0.00035353466155712995,0.010554642246688723,-0.10283693340420444,-0.0798488507481746,0.3691310418821759,0.11339157565089318,0.3118109042152357,-0.07966189291213618
2024-07-04,-7.505522669268515e-05,0.008094747639532017,-0.09767067509332637,-0.07966189291213618,0.25345579324260264,0.10576542273285823,0.5324461650354969,-0.047685423458665666
2024-07-05,-0.00027329723177453146,0.0005517538613940714,-0.14875265841275526,-0.047685423458665666,0.3979784252434896,0.14930441227414942,0.7528261387153352,0.06645354104363727
2024-07-06,2.7237799611038922e-05,0.07642343785437894,-0.014552501537200465,0.06645354104363727,-0.8405516052058377,0.09097593939157946,-0.3148998712714861,-0.07942397577419574
2024-07-07,0.00013667612188421641,0.00013667612188421641,-0.08519954274825704,-0.07942397577419574,-0.0051463920374634,0.08533621887014123,-0.3298054675456603,0.05686295228170104
2024-07-08,5.528819586689738e-05,0.09084760745211311,-0.04529277357026567,0.05686295228170104,0.3908059743955791,0.1361403810223787,0.03819054642641596,0.05497996859779383
2024-07-09,7.714040614910265e-05,0.0666406938529487,-0.0161950859125628,0.05497996859779383,-0.12074769169249648,0.0828357797655115,-0.11896228284805557,-0.015568910551323522
2024-07-10,0.0001613726953409085,0.02194433283307736,-0.02266028928850826,-0.015568910551323522,-0.23754513748479159,0.044604622121585634,-0.3213744800565872,-0.047480050198604594
2024-07-11,3.842623944597095e-05,0.02994447282641824,-0.04822861969473014,-0.047480050198604594,-0.00632657529560576,0.07817309252114839,-0.12677819792767525,0.009520531619853225
2024-07-12,1.946640633577141e-06,0.02376030610568637,-0.024602148904134473,0.009520531619853225,-0.1822523118798737,0.04836245500982074,-0.3126920532281093,0.023824589463744536
2024-07-13,-3.9528124814913515e-06,0.04109743428932418,-0.003720330818587729,0.023824589463744536,-0.1545117910038545,0.044817765107911765,-0.44218376044028734,0.06315825783155914
2024-07-14,9.978799757622783e-06,0.06757385809100043,9.978799757622783e-06,0.06315825783155914,0.09547133828837492,0.0675638792912429,-0.2067003966164524,0.06637475353992722
2024-07-15,0.0006258755194458424,0.06835814381836368,-0.00010703177090575354,0.06637475353992722,0.44112858098517616,0.06846517558926932,0.3415315249188096,0.07553873090044674
2024-07-16,7.409877982708476e-05,0.07674602803191663,-0.016154234704728224,0.07553873090044674,0.4072714274393813,0.0929002627366448,0.7004772357769393,0.03097644831952674
2024-07-17,0.0006300026986172365,0.07265017646608883,0.0006300026986172365,0.03097644831952674,0.09690193160873392,0.07202017376747144,0.6290135246999335,0.04941241663481446
2024-07-18,-3.263862018191148e-05,0.05288180057529199,-0.02030513919990875,0.04941241663481446,-0.39481955017817283,0.07318693977520078,0.03491979474118809,-0.018933029499267454
2024-07-19,-0.00010813031723503686,0.015682163477469747,-0.050310850765349496,-0.018933029499267454,0.14314052393785143,0.06599301424281928,0.0840696856035034,0.04313235873918231
2024-07-20,-3.3893915865260637e-06,0.05712461556315762,-0.007287854553713761,0.04313235873918231,-0.19014445848156242,0.06441247011687141,-0.2093731458258317,-0.004990531911845067
2024-07-21,0.0,0.013596933299185758,-0.04784394208331087,-0.004990531911845067,-0.0348442359467213,0.06144087538249669,-0.25397506333453795,-0.06307580182958712
2024-07-22,0.0,0.001164812718280948,-0.06541763287078219,-0.06307580182958712,0.031075866254239606,0.06658244558906291,-0.1485347089181149,-0.06816435255788592
2024-07-23,0.0,0.013293610396531975,-0.08658337648505351,-0.06816435255788592,0.12784111699295458,0.09987698688158544,0.08110042909269428,-0.006539004405898845
2024-07-24,4.471919531814962e-05,0.06862405051286721,-0.015000366590824548,-0.006539004405898845,-0.21811922868649566,0.08362441710369167,-0.15297876905100852,-0.003002486985254508
2024-07-25,0.0,0.026938788845749274,-0.03721234993912969,-0.003002486985254508,0.2563269113672568,0.06415113878487892,0.16141415862248157,0.07818689915747859
2024-07-26,0.0,0.08881984010586076,-0.0027364097983968516,0.07818689915747859,-0.22797437797094286,0.09155624990425754,-0.10116210360291893,-0.017213565564981676
2024-07-27,3.177683850504656e-06,0.011614727836850507,-0.05926317493389858,-0.017213565564981676,0.019973872033308183,0.07087790277074896,-0.07550891886528587,-0.047046466227329664
2024-07-28,-6.315377787188723e-06,0.0023973359876602036,-0.05505265186194901,-0.047046466227329664,-0.49771484692491724,0.05744998784960916,-0.5652464061393042,0.0016903443246353747
2024-07-29,0.0,0.073433127813558,-9.062551900233057e-06,0.0016903443246353747,0.45196060974339475,0.07344219036545811,0.0008806473163667441,-0.04527096305271634
2024-07-30,0.0,0.02236778736978132,-0.055237910917064904,-0.04527096305271634,-0.06684293994153447,0.07760569828684627,-0.06647638571997903,-0.05253686798870619
2024-07-31,0.0,0.016829644858500144,-0.053398541728591216,-0.05253686798870619,0.1012186565037962,0.07022818658709137,0.1080967493522801,-0.013953565238505704
2024-08-01,0.0,0.014598312839227225,-0.08252045091928542,-0.013953565238505704,0.08823675999523174,0.09711876375851265,0.1944282217474234,-0.09354932307111319
2024-08-02,0.0,0.0029862979889078807,-0.10666039282473322,-0.09354932307111319,-0.050653600346170426,0.10964669081364117,0.1259630030573956,-0.06503274480118482
2024-08-03,9.080458659858856e-06,0.013163458233949224,-0.09699492967571392,-0.06503274480118482,-0.2563042589581172,0.11015838790966315,-0.21881886439804385,-0.0485803010440223
2024-08-04,0.0,0.009626235462312907,-0.09545746798393527,-0.0485803010440223,0.10634585726375709,0.10508370344624818,-0.0794028233769717,-0.13985514378176922
2024-08-05,0.0,0.012496138975844553,-0.262941432452938,-0.13985514378176922,0.969514758969841,0.2754375714287826,0.8921866216862832,0.04475516692632412
2024-08-06,0.0,0.10160241058772111,-0.00023546112474780336,0.04475516692632412,-0.8960525851978434,0.10183787171246884,-0.25147446315439437,-0.07243538241041203
2024-08-07,-2.5351865746927312e-05,0.037592779132614315,-0.08863102099945347,-0.07243538241041203,-0.14072786258330053,0.12622380013206788,-0.37088883941848305,0.20476485995443464
2024-08-08,0.0,0.20476485995443464,-0.013424498820197788,0.20476485995443464,0.21492979486346528,0.2181893587746325,-0.1218977244491194,-0.008864810385610385
2024-08-09,5.9640041090008076e-05,0.008259140200880446,-0.06468705281090967,-0.008864810385610385,-0.14772176544181098,0.0729461930117901,-0.3085657777787152,0.06006175043998218
2024-08-10,0.0,0.06679201614908475,-0.0309844330770125,0.06006175043998218,-0.03224198749197911,0.09777644922609721,-0.3407992948304716,-0.08653161215909903
2024-08-11,0.0,0.006543287243162962,-0.08712211078885577,-0.08653161215909903,-0.23365014081965452,0.09366539803201886,-0.29326468318956583,0.04890711114133499
2024-08-12,0.0,0.08663522879586286,-0.0008679859112533967,0.04890711114133499,0.23566994103763567,0.08750321470711621,0.004579413917625693,0.048635950407411296
2024-08-13,0.0,0.0534631284537438,-0.02587088802635974,0.048635950407411296,-0.05024880292301518,0.07933401648010364,-0.05293828283218327,-0.039910382360236904
2024-08-14,0.0,0.02226379879654995,-0.044426296963624726,-0.039910382360236904,-0.21607174250679864,0.06669009576017472,-0.21916602772126142,-0.030739803216276125
2024-08-15,0.0,0.028104809777133626,-0.047919829226059626,-0.030739803216276125,0.22586857501265145,0.0760246390031933,0.06375145871381506,-0.01415965999785625
2024-08-16,0.0,0.05875181016959931,-0.046458092533315856,-0.01415965999785625,0.09187505546396121,0.10520990270291533,0.1640134613633202,0.03839994889794516
2024-08-17,0.0,0.040663658663564875,-0.004338417364602006,0.03839994889794516,-0.7709293755659296,0.04500207602816673,-0.6640590693577203,-0.0375895060172574
2024-08-18,6.671224652674486e-06,0.009675205947367599,-0.037800209151017825,-0.0375895060172574,0.10216596211156116,0.04747541509838543,-0.4470980982725779,0.015454578023243164
2024-08-19,0.0,0.015891942648739204,-0.01852112331609239,0.015454578023243164,0.2018928170151313,0.03441306596483174,-0.142506050657803,0.021101479880343665
2024-08-20,0.0,0.04905421742518971,-0.008661953435861085,0.021101479880343665,0.22402408068744348,0.05771617086105081,0.10980651786382438,0.0589050660590582
2024-08-21,-0.0070611703908641,0.06677661581036994,-0.01587111516521998,0.0589050660590582,-0.11520324516837925,0.08264773097558993,0.03165682485503949,0.017526400685579115
2024-08-22,0.0,0.04709166410215556,-0.013069986258252356,0.017526400685579115,-0.044019982292005634,0.06016165036040803,0.08071405417342685,0.10041209962862291
2024-08-23,0.0,0.10920624341113945,-9.803656088056426e-06,0.10041209962862291,0.4669184305036664,0.10921604706722743,0.4828924054212043,0.00012361406568183137
2024-08-24,0.0,0.03514724843085892,-0.020810629682824003,0.00012361406568183137,-0.3051468070900583,0.05595787811368292,0.02202215154669736,0.01044211040646275
2024-08-25,3.6065569964653214e-05,0.030157770684395936,-0.0536295251870193,0.01044211040646275,0.09541601502822222,0.08378729587141527,0.0768236744600626,-0.08126333320408492
2024-08-26,-3.6628649677605693e-06,0.01500333071275214,-0.08236481438918117,-0.08126333320408492,-0.0823199365562111,0.09736814510193338,-0.025449954801595606,-0.08303269357721126
2024-08-27,-1.025578908114137e-05,0.031069305106137615,-0.0918286686174949,-0.08303269357721126,0.3859080347877561,0.12289797372363248,0.3368262024285081,-0.055925642147634604
2024-08-28,0.0,0.014624643801776175,-0.07506462897870093,-0.055925642147634604,-0.04073353720841714,0.08968927278047707,0.1825603994913194,-0.028965042048419397
2024-08-29,0.0,0.03680061636001972,-0.03888209529049064,-0.028965042048419397,-0.4677043421067813,0.07568271165051044,-0.29748738049362206,-0.002772429943226715
2024-08-30,0.0,0.030771340738273922,-0.04569502424000238,-0.002772429943226715,0.016474533039983422,0.07646636497827625,-0.2636859342835336,-0.00841266644968007
2024-08-31,-1.8630540222609233e-06,0.01193877926544466,-0.020852501873420623,-0.00841266644968007,-0.7110880363699329,0.032791281138865376,-0.9424076835244736,-0.04856985591285161
2024-09-01,0.0,0.0034599360126637015,-0.05623776829067741,-0.04856985591285161,0.5163364009459366,0.05969770430334109,-0.32235936289796724,0.04323935678443147
2024-09-02,-1.8446944760104593e-05,0.056621792302807776,-0.004626090086018183,0.04323935678443147,0.11799903410566544,0.06124788238882582,-0.050008368151253646,-0.08129234489161431
2024-09-03,0.0,0.0200142217712307,-0.08129234489161431,-0.08129234489161431,0.03959483368416622,0.10130656666284509,0.1315146478310038,0.08946054155383384
2024-09-04,4.784423749004796e-05,0.10523774916477241,-0.039770536612957236,0.08946054155383384,0.47743145446065516,0.14500828577772953,0.6137247040091683,-0.01818232211632761
2024-09-05,0.0,0.008292644123423907,-0.030674246532274713,-0.01818232211632761,-0.5026264936004113,0.03896689065569857,-0.012516113450017527,-0.047743659480279046
2024-09-06,0.0,0.01942266985020939,-0.08139501063596734,-0.047743659480279046,0.3581435441391642,0.10081768048617673,0.2555386940738213,-0.011608518291953479
2024-09-07,0.0,0.02565947666585499,-0.022857843110344757,-0.011608518291953479,-0.6794734746312375,0.04851731977619984,-0.5193520511410706,0.012931455909465537
2024-09-08,0.0,0.035576217151698265,-0.004503456453847102,0.012931455909465537,0.09122247127426301,0.040079673605545256,-0.38444566826721094,0.06261707089070118
2024-09-09,0.0,0.07883974977451627,-0.01044060766943899,0.06261707089070118,0.4878726152050604,0.08928035744395513,0.14383656728363342,0.0520170929827578
2024-09-10,0.0,0.06525012397956297,-0.01729193880241849,0.0520170929827578,-0.11287982760625669,0.08254206278198147,0.09717421568008616,0.02897470908221511
2024-09-11,-1.5723914066079477e-06,0.043590692923396845,-0.030324616701828067,0.02897470908221511,0.34567220061759396,0.07391530962522502,0.41355110962268293,0.0319920987765118
2024-09-12,0.0,0.03767669209236444,-0.0001770001814339418,0.0319920987765118,-0.24278789798217063,0.03785369227379835,0.13394096086479254,0.025787118251375838
2024-09-13,0.0,0.038458491202652774,-0.045049390653191745,0.025787118251375838,0.11104207068548351,0.0835078818558444,0.15037067733531373,-0.00922808665558144
2024-09-14,-9.419339075820975e-06,0.013109738065193268,-0.03126885729418299,-0.00922808665558144,-0.5581092990297414,0.044378595359376424,-0.506188061383853,-0.05093358308349892
2024-09-15,0.0,0.026054299686424674,-0.05723726025907169,-0.05093358308349892,0.34919403396416104,0.08329155994549624,-0.08457970479172408,-0.03517492288535993
2024-09-16,0.0,0.012372539712782663,-0.04713887994919909,-0.03517492288535993,-0.04946647237061367,0.059511419661981875,-0.13496439174252847,0.07718888589630842
2024-09-17,0.0,0.09964029809551331,-0.016173493623222086,0.07718888589630842,0.16591973987381012,0.11581379171873545,0.11802313022987952,0.013458608516421106
2024-09-18,0.0,0.013458608516421106,-0.0666447531225232,0.013458608516421106,-0.015752987318099012,0.08010336163894413,0.09813578785501227,0.03675734369717323
2024-09-19,0.0,0.06176069485148903,-0.00021073140583393525,0.03675734369717323,0.2432497053619341,0.061971426257322944,0.36692316711201994,0.026888687267712704
2024-09-20,0.0,0.042728210313888564,-0.01752482112653506,0.026888687267712704,-0.1951908807703468,0.060253031440423585,0.036914506162782676,0.0070245523237932005
2024-09-21,0.0,0.028403882261627694,-0.025935424601732787,0.0070245523237932005,-0.5960479370470286,0.054339306863360366,-0.5874139610002937,0.025301265370096047
2024-09-22,0.0,0.03232347360382901,-0.03001809754029067,0.025301265370096047,0.6248286982286921,0.062341571144119666,0.09325187192410431,0.03121596882378918
2024-09-23,0.0,0.036318395029607674,-0.023844052229903545,0.03121596882378918,0.17740293616900385,0.06016244725951118,0.2577287067206286,-0.024652445536876726
2024-09-24,0.0,0.015528435276723516,-0.041671102469644776,-0.024652445536876726,-0.0194275320899428,0.05719953774636824,0.1818271873116825,0.029686850172047616
2024-09-25,-7.844087431978937e-06,0.057629067515419075,-0.02937208493284817,0.029686850172047616,0.4014544427429344,0.08700115244826714,0.5853155854957783,0.02313368746938551
2024-09-26,0.0,0.051774993046599736,-0.019707572666231583,0.02313368746938551,-0.06437965511495647,0.07148256571283132,0.3727834810306754,0.02442183313565946
2024-09-27,0.0,0.032367170159493995,-0.01306707339599473,0.02442183313565946,-0.41451463539873634,0.04543424355548868,-0.22038422232980542,-0.032609532995533576
2024-09-28,0.0,0.013529644447877133,-0.0470378608688156,-0.032609532995533576,-0.39742333795435414,0.06056750531669277,-0.6301458034227391,0.01643173881960563
2024-09-29,0.0,0.03644041648016164,-0.026316395894606392,0.01643173881960563,0.04802462499120386,0.06275681237476806,-0.5116010750007269,-0.01570809127460568
2024-09-30,0.0,0.025289339515895962,-0.0368008112397479,-0.01570809127460568,0.5108121065301547,0.062090150755643926,0.06517895441695104,-0.10035612161693505
2024-10-01,0.0,0.08126545916084124,-0.1157404651099375,-0.10035612161693505,0.44122417499661604,0.1970059242707789,0.5895302516243016,-0.023273442841309624
2024-10-02,0.0,0.07541053980310918,-0.04301975599693489,-0.023273442841309624,-0.2570110873272054,0.11843029580004405,0.27251298389860973,-0.06188497939262554
2024-10-03,0.0,0.013864092747382211,-0.08541552932484776,-0.06188497939262554,-0.1558301702841511,0.09927962207222989,0.042732748838244246,0.06902617371703879
2024-10-04,0.0,0.07758454047996621,-0.005611243212962677,0.06902617371703879,-0.27340867384149564,0.08319578369292893,-0.31933120308972346,-0.024312088691297924
2024-10-05,0.0,0.005931356056026096,-0.04017195809338995,-0.024312088691297924,-0.6657399250340605,0.04610331414941616,-1.0184274619917142,0.04203980061644691
2024-10-06,0.0,0.04604592810553348,-0.011547158934417023,0.04203980061644691,0.06284718600638733,0.057593087039950475,-0.842015349912794,-0.008664077853522958
2024-10-07,-7.152971258129853e-05,0.04424529823765346,-0.016774850432281597,-0.008664077853522958,0.6589390090980062,0.0610201486699348,0.07387532871792576,-0.05433649945655127
2024-10-08,0.0,0.013159525337203687,-0.06733143419024533,-0.05433649945655127,0.03250551502667539,0.0804909595274489,0.20886725131289752,-0.009762494365203794
2024-10-09,0.0,0.028365408300163368,-0.019054214918884,-0.009762494365203794,-0.3829734931838472,0.04741962321904733,-0.122768708968214,-0.004011038120198824
2024-10-10,0.0,0.02386389620365489,-0.03584997063255084,-0.004011038120198824,0.059429827179069084,0.05971386683620571,-0.0008680729834683868,0.061275831644732444
2024-10-11,0.0,0.06955300174229806,-0.005707015913669804,0.061275831644732444,-0.1176808626448485,0.07526001765596788,-0.18614658388352615,-0.0004446485694208911
2024-10-12,0.0,0.029119725889471496,-0.003501361004333747,-0.0004446485694208911,-0.13751423714286523,0.032621086893805086,-0.3597557244048948,-0.006221019743973839
2024-10-13,0.0,0.011348213688220882,-0.03716148601376122,-0.006221019743973839,0.06381754776395228,0.048509699701982205,-0.1889873373299387,0.0676699448200706
2024-10-14,6.015831977828853e-06,0.07939470206145395,-0.011386219508509198,0.0676699448200706,0.5020043622126855,0.09078092156996302,0.4312436845283521,-0.015346360753364567
2024-10-15,0.0,0.024151689140735382,-0.0436736226513462,-0.015346360753364567,0.2504031281223122,0.06782531179208143,0.5906965176536442,-0.022263424547958332
2024-10-16,4.290707857281538e-05,0.0047716352402833815,-0.03788815638253927,-0.022263424547958332,-0.480911902586496,0.042659791622822525,-0.0343389920943896,0.019219375452079277
2024-10-17,8.66530378174445e-06,0.10305820436252237,-0.026623876095439317,0.019219375452079277,1.4937036437588553,0.12968208045796165,1.4252710773658024,0.03488910735401501
2024-10-18,0.0,0.045189242641811,-0.014877445729163056,0.03488910735401501,-1.0346279100992726,0.06006668837097405,-0.1389458584822566,0.008232500725699284
2024-10-19,0.0,0.009812784352933791,-0.01713069485089155,0.008232500725699284,-0.662377012146266,0.026943479203825317,-0.8877062831176231,-0.005830085349334509
2024-10-20,-2.2454008920003034e-05,0.0069846364236165245,-0.026213225430701124,-0.005830085349334509,0.22175157809553753,0.03319786185431776,-0.6202144110495391,-0.03932984453558773
2024-10-21,0.0,0.009250996312964051,-0.04849067268731604,-0.03932984453558773,0.07477714995328681,0.05774166900028005,-0.48010231321961744,-0.016914105553739463
2024-10-22,0.0,0.01435448020714293,-0.028422198328618288,-0.016914105553739463,-0.17348042893539506,0.042776678535761274,-0.6645374359080618,-0.039889189781135474
2024-10-23,6.228067549855732e-05,0.0026956718810796174,-0.06484342110540152,-0.039889189781135474,-0.026106081676185354,0.067539092986481,-0.19030650918587608,0.014374163297277738
2024-10-24,0.0027295089129434117,0.022259915897023277,-0.013143011178873827,0.014374163297277738,-0.31471023179523194,0.0354029270758971,-0.37069134665790315,-0.1145741218470556
2024-10-25,0.0,0.0035433338633274344,-0.15008227641308122,-0.1145741218470556,0.8125916695692406,0.15362561027640861,0.47606505880981514,0.010275106282513782
2024-10-26,0.0,0.031909350233527874,-0.013855615794344446,0.010275106282513782,-0.43468828348274147,0.045764966027872306,-0.0541595807431353,0.032743801543466275
2024-10-27,2.6995813465668716e-06,0.03837250013565042,-0.006119227268587916,0.032743801543466275,-0.5309848239286497,0.04449172740423829,-0.5570681976659926,0.01113983949820476
2024-10-28,0.0,0.01930719207629614,-0.03774616388593272,0.01113983949820476,0.5667575792994953,0.05705335596222884,0.08568469623096753,0.05478583773329782
2024-10-29,0.0,0.06506000263690472,-0.0001836568285900997,0.05478583773329782,0.1203203881187605,0.06524365946549487,0.18568177504392355,-0.019330364285350742
2024-10-30,0.0,0.0012215639255851497,-0.0416649242735126,-0.019330364285350742,-0.23292191447472024,0.042886488199097794,-0.1422161508195174,-0.04364880229552433
2024-10-31,0.0,0.0005048424469048972,-0.05662272112361161,-0.04364880229552433,0.024618962482647472,0.05712756357051645,0.005540208963779927,-0.01700470704587145
2024-11-01,0.0,0.037186700275970964,-0.03392996798231434,-0.01700470704587145,0.17290926873241882,0.0711166682582853,0.18928689782064131,-0.042194172379056344
2024-11-02,0.0,0.00780143090176325,-0.0497554242096212,-0.042194172379056344,-0.5339190960880922,0.05755685511138443,-0.4541349237566046,-0.06081870460170377
2024-11-03,0.0,0.0037069242443893086,-0.10549449807670559,-0.06081870460170377,0.5747615351932795,0.10920142232109499,0.19532292015386282,-0.032962562268224097
2024-11-04,0.0,0.015307812046538586,-0.051451423169627114,-0.032962562268224097,-0.31932488860702085,0.06675923521616581,-0.12532230798131655,0.058670892600657484
2024-11-05,0.0,0.07447755536494019,-9.340153201962244e-06,0.058670892600657484,0.10255341411775344,0.07448689551814222,-0.0077792555162077785,0.20075806984576705
2024-11-06,-4.8444528766938335e-05,0.21329652454382172,-0.00026625369972441875,0.20075806984576705,1.3168221498112445,0.21356277824354625,1.3096432534691436,0.020313814888081722
2024-11-07,0.0,0.033701852462160474,-0.02779751792380311,0.020313814888081722,-0.9561096436025677,0.0614993703859635,-0.054731238364364,0.03699712551962693
2024-11-08,0.0,0.060424227395888465,0.0,0.03699712551962693,0.29455887726762015,0.060424227395888465,0.14719127367243126,0.06005341953519315
2024-11-09,0.0,0.06005341953519315,-0.020947748414055233,0.06005341953519315,-0.3412592590882768,0.08100116794924851,-0.27311768507361694,0.07579321904683167
2024-11-10,1.105348967887144e-05,0.10299536884724786,-0.01945876400256435,0.07579321904683167,1.1073011934920902,0.12245413284981235,0.7836295212841088,0.046387065956599194
2024-11-11,0.0,0.050298551550976324,-0.030452211778363325,0.046387065956599194,0.1662581947012422,0.08075076332933961,0.6630726399271522,-0.09121696244553079
2024-11-12,0.0,5.259603242845906e-05,-0.13532933019581336,-0.09121696244553079,0.06865872837672468,0.13538192622824166,0.6436600205675341,-0.017312708283506575
2024-11-13,-0.0001456157714939047,0.07784763873623825,-0.0920176683865603,-0.017312708283506575,0.09114910729684038,0.1698653071227985,0.49070943581735615,-0.035869288969668324
2024-11-14,0.0,0.05298147805214398,-0.05009507259682478,-0.035869288969668324,-0.6045498062536754,0.1030765506489686,-0.31029984929634835,0.060465717848197285
2024-11-15,2.9564664413357794e-05,0.06858114661821633,-0.032552216432088804,0.060465717848197285,-0.24137796646714385,0.10113336305030518,-0.6310665750775721,0.043265064037622196
2024-11-16,-0.004541951594997092,0.048569042046438284,-0.017917910430200693,0.043265064037622196,0.044527035159661874,0.06648695247663886,-0.5112271565417782,-0.04990390346789881
2024-11-17,1.8826021829928106e-05,0.04787218459982734,-0.06176904645478595,-0.04990390346789881,0.22778963234960448,0.10964123105461333,-0.16926365096904256,0.04312235520578076
2024-11-18,0.0,0.05421620149211292,-0.013255424234077893,0.04312235520578076,-0.08787478805139906,0.06747162572619085,-0.14654056017618222,-0.048097070850844456
2024-11-19,0.0,0.02036059386559023,-0.06299442523467542,-0.048097070850844456,-0.11587726042187738,0.08335501910026558,-0.0857149347152118,-0.05208234529379517
2024-11-20,2.1058103404421385e-06,0.029717379085191627,-0.061692116917465525,-0.05208234529379517,0.04528800506947634,0.09140949600265708,-0.005183471048908332,0.0779072817647255
2024-11-21,-4.929766845287093e-07,0.08466220889285168,-0.030861892854265514,0.0779072817647255,0.12413057365176393,0.11552410174711718,0.0977622576422167,0.0542846390146676
2024-11-22,0.0,0.05431955296240821,-0.0419471481379328,0.0542846390146676,0.028623348806092293,0.09626670110034084,0.08832740329840594,0.04930878079750075
2024-11-23,0.0,0.10099026700008942,-0.008574815881609714,0.04930878079750075,0.6694865038542823,0.10956508288169924,0.7590657440217443,0.02127943256147914
2024-11-24,0.0,0.03643808803564005,-0.07592209222296814,0.02127943256147914,-0.38332150950419686,0.11236018025860807,0.17217708432869852,-0.054037567553001264
2024-11-25,0.0,0.04012402136465632,-0.08317317932984854,-0.054037567553001264,0.1053509177395315,0.12329720069450471,0.19026310201091984,0.1385467112782876
2024-11-26,-2.1242139039037412e-07,0.13958029329420765,-0.014176468941002121,0.1385467112782876,0.5572727597092934,0.15375676223520962,0.6508271051907641,-0.03694924499781735
2024-11-27,-5.45584460263197e-05,0.016664410352731605,-0.07590098634409047,-0.03694924499781735,-0.5501826832821544,0.09256539669682193,-0.11378006415247469,-0.012542749379497923
2024-11-28,0.0,0.008520672754967673,-0.05721755089145991,-0.012542749379497923,-0.40663170107218766,0.0657382236464276,-0.5774326768520412,0.029369523393589027
2024-11-29,0.0,0.034923616932556724,-0.009245640107871557,0.029369523393589027,-0.06273680537312067,0.04416925704042834,-0.5250007623384224,0.02839169384551185
2024-11-30,0.0,0.03471400237140503,-0.026599157115588346,0.02839169384551185,0.033385969216622804,0.061313159486993396,-0.43953445197166435,-0.04028819311327857
2024-12-01,0.0,0.01884364000529811,-0.058079502737009944,-0.04028819311327857,-0.1370030887591052,0.07692314274230805,-0.505024758281785,0.05429914921858676
2024-12-02,0.0,0.060069631459090424,-0.06181199201468921,0.05429914921858676,0.7142804411039227,0.12188162347377958,0.4974684571900065,0.055558974818626726
2024-12-03,-0.0001223920840982184,0.06795560154994534,-0.045227544927446864,0.055558974818626726,0.16732607249072706,0.11318314647739208,0.6223679457633329,-0.04777571975063075
2024-12-04,-5.702980452049018e-07,0.010996028700521862,-0.06161420742740674,-0.04777571975063075,-0.3507968173739043,0.07261023612792845,0.09727561437687034,0.009534544824008999
2024-12-05,0.0,0.09219859011744767,-0.04890760181967114,0.009534544824008999,0.376658361522296,0.14110619193711862,0.40009248618323046,0.05717534686177628
2024-12-06,0.002719444234596477,0.08847826182787447,-0.005777343254323264,0.05717534686177628,-0.22185497149839178,0.09425560508219762,0.029561406966516518,-0.031007771855876838
2024-12-07,0.0,0.003567690113855719,-0.036428381415083526,-0.031007771855876838,-0.4825576840521917,0.03999607152893924,-0.5503238060500112,0.004521442186464422
2024-12-08,0.006414061114976861,0.009565480798607489,-0.024713499701119104,0.004521442186464422,-0.2884402689878006,0.034278980499726636,-0.7586612797602396,-0.16532359626860993
2024-12-09,0.0047963344771106585,0.0047963344771106585,-0.26484053186691664,-0.16532359626860993,0.9265177226178595,0.2696368663440274,0.33351600252877606,-0.03645202913124711
2024-12-10,0.0,0.014122975463321676,-0.11469872803646068,-0.03645202913124711,-0.18803521036814777,0.1288217034997824,0.07364331790539956,0.06136954651466928
2024-12-11,0.0,0.06555469210862068,-0.036109205620840426,0.06136954651466928,-0.630624567140552,0.10166389772946112,-0.4925951994073785,0.007273574379085703
2024-12-12,3.570632972420804e-05,0.06461652789970114,-0.007659440915165849,0.007273574379085703,0.04551588993462642,0.07227596881486686,-0.324931511762009,0.0070820939071643135
2024-12-13,0.0,0.010962114294364656,-0.025563216674928124,0.0070820939071643135,-0.36344672781231036,0.03652533096929281,-0.6672579937655524,-0.06442954788586014
2024-12-14,0.0,0.010058186287369174,-0.0849243871752529,-0.06442954788586014,-0.10690132600376184,0.0949825734626221,-0.7498769678691631,0.03893390717771696
2024-12-15,0.0,0.044073342224103494,-0.03067551361384766,0.03893390717771696,-0.08837940262166658,0.07474885583795135,-0.5727784822330139,-0.0005028824889557087
2024-12-16,0.0,0.030618475999379998,-0.036704751337396854,-0.0005028824889557087,0.40272477591919714,0.06732322733677687,0.10601128876876602,-0.05892252891591061
2024-12-17,0.0,0.027666951289325736,-0.06742156930292575,-0.05892252891591061,0.14148003973109533,0.0950885205922515,0.27381195149746124,-0.09353563886619642
2024-12-18,-3.675725769967781e-05,0.025453079732287213,-0.09388983039540129,-0.09353563886619642,0.2122979642337727,0.11934291012768848,0.4899645638260688,-0.11240732155883848
2024-12-19,5.3137388835222886e-05,0.011442727711857722,-0.14767073583679324,-0.11240732155883848,0.19434898792242136,0.15911346354865089,0.5531034997848632,0.011034927320949276
2024-12-20,0.0,0.03733044860559254,-0.16628940978004772,0.011034927320949276,0.05686169380982743,0.20361985838564012,0.426855527791982,-0.07713296874776294
2024-12-21,0.0,0.06040774783487024,-0.09542833762317476,-0.07713296874776294,-0.5509819196760111,0.15583608545804503,-0.3019399755495783,-0.005053472321442036
2024-12-22,0.0,0.032063240081160536,-0.033604648733025544,-0.005053472321442036,-0.4432717547990651,0.06566788881418612,-0.7529561680832572,0.12291538682853091
2024-12-23,0.0,0.15250868753118677,-0.018073634408757196,0.12291538682853091,0.4369591351144447,0.17058232193994388,-0.2477665727398413,0.011005415640964022
2024-12-24,0.0,0.030442004933194374,-0.03504351120364594,0.011005415640964022,-0.25206859505428175,0.06548551613684021,-0.4423100413330464,-0.030408739468978322
2024-12-25,0.0,0.015038977262420839,-0.04442273233825626,-0.030408739468978322,-0.2116683499332313,0.05946170960067713,-0.49822810034189025,-0.06535034084316885
2024-12-26,0.0,0.013457688394428778,-0.07400625740569114,-0.06535034084316885,-0.028388589645825187,0.08746394580011992,-0.2834889506161315,-0.021040051931377982
2024-12-27,-5.676940201166724e-06,0.04075682851726493,-0.02658375434923422,-0.021040051931377982,0.12122661906234505,0.06734058286649916,-0.05986465031569532,0.02547756600416387
2024-12-28,-1.104317005264702e-05,0.03382325910260307,-0.019281079491016973,0.02547756600416387,-0.23697274587555095,0.053104338593620085,-0.3088076508960457,-0.04661617328498149
2024-12-29,0.0,0.0008397901188752488,-0.05950156723502994,-0.04661617328498149,-0.030849355122713973,0.06034135735390527,-0.20857428324924038,-0.012656247632363551
2024-12-30,0.0,0.029889417525747457,-0.036345430995099015,-0.012656247632363551,0.27753457478951693,0.06623484852084646,0.1486916041287011,-0.022702971590021482
2024-12-31,0.0,0.021294472212790887,-0.026833758535022015,-0.022702971590021482,-0.42764738633135563,0.04812823074781301,-0.3013223615463033,0.04541078354945616
2025-01-01,1.4995614756753873e-05,0.059547511402160025,-0.02867755485008239,0.04541078354945616,0.16705715665677584,0.08822506625224247,-0.0818012630753168,0.05672432049173993
2025-01-02,0.0,0.07744742563768826,-0.0004325987010019633,0.05672432049173993,0.21057781905153158,0.07788002433869032,0.18275886281739492,0.0574095906691749
2025-01-03,0.0,0.06891545743012184,-0.01114113308287707,0.0574095906691749,0.08898662718126657,0.08005659051299895,0.22977040502450574,0.02686178912932958
2025-01-04,0.0,0.03829956465073238,-0.013157752516910691,0.02686178912932958,-0.1773329016122849,0.05145731716764308,-0.013611276570853877,0.07458785715858675
2025-01-05,0.0,0.08597713207244516,-0.03857188297019988,0.07458785715858675,0.3363078592355376,0.12454901504264507,0.35240995032246725,0.020040423772082993
2025-01-06,0.0,0.045587076966908315,-0.021031882588448354,0.020040423772082993,0.4928469645233993,0.06661895955535674,0.7209987491664468,-0.08571832614809305
2025-01-07,6.690135318381372e-06,0.01867230059587886,-0.09010191451696761,-0.08571832614809305,-0.23203105375136523,0.10877421511284639,0.2638643995120675,-0.08371391086837071
2025-01-08,0.0,0.029494648642286486,-0.1477302367850706,-0.08371391086837071,-0.08623365339921507,0.177224885427357,0.07883952711631614,-0.039279366134696264
2025-01-09,0.0,0.010933551028792577,-0.04908741427455644,-0.039279366134696264,-0.1862760120059668,0.060020965303349036,-0.16700556146432585,0.02425012799898755
2025-01-10,-3.623247808875497e-06,0.034380127695690266,-0.01624699469092432,0.02425012799898755,-0.031966779425606974,0.050627122386614654,-0.24481721157877953,-0.011878154611537196
2025-01-11,0.0,0.01490660502855291,-0.03314742022854343,-0.011878154611537196,-0.5270946626740352,0.048054025257096254,-0.7649000140269041,-0.022454846659657694
2025-01-12,0.0,0.010131134058505723,-0.03979617471093298,-0.022454846659657694,0.02248928585864631,0.04992730876943871,-0.5481637293249749,-0.03578202911638938
2025-01-13,0.0,0.026024296392334847,-0.11279190247588168,-0.03578202911638938,0.4909132814110435,0.13881619886821656,0.09826041677613571,0.05116747250325066
2025-01-14,2.750131970844241e-06,0.053197121145784364,-0.004874194451766166,0.05116747250325066,-0.46712697354747834,0.05807131559755057,-0.3095432631015624,0.08560691003101346
2025-01-15,0.0,0.0982502718542799,-0.014365932767865018,0.08560691003101346,0.4834725617941471,0.11261620462214507,0.2774221514776335,-0.01601431936183549
2025-01-16,0.0001253798510761668,0.010059322208143756,-0.035316403794557936,-0.01601431936183549,-0.22463467308466897,0.04537572600270179,0.05208827598428674,0.08636097415360726
2025-01-17,0.0,0.13492022362417705,-5.64796819535823e-05,0.08636097415360726,0.6084055342149349,0.1349767033061307,0.6065700977748537,-0.035162108526025665
2025-01-18,0.0,0.013248695846442487,-0.06267350906500589,-0.035162108526025665,-0.3141123195539239,0.07592220491144837,0.09660995119882675,-0.14618140854341474
2025-01-19,-2.5312793666012804e-05,0.014405851457836419,-0.1544221670014365,-0.14618140854341474,0.3546003367249279,0.16882801845927273,0.4332194154426049,0.044846008440756625
2025-01-20,0.0001102497472094447,0.13744875471762216,-0.03941575097455946,0.044846008440756625,0.3017711543328927,0.17686450569218143,0.5660876457933912,0.05374947211385534
2025-01-21,0.0,0.069557393805819,-0.06827501737418233,0.05374947211385534,-0.6821610622863052,0.13783241118000136,-0.2831408170922967,-0.06133878498904976
2025-01-22,0.0,0.011056033051088751,-0.06652153482328176,-0.06133878498904976,-0.46339976446769593,0.07757756787437055,-0.7814079611520244,-0.02707679856528089
2025-01-23,-5.698518118224821e-06,0.016892366645164678,-0.05144335057407413,-0.02707679856528089,0.24461093020692734,0.06833571721923884,-0.4170278580004798,-0.003265869964558311
2025-01-24,-2.049238442668342e-05,0.04585709782699431,-0.02923426984239437,-0.003265869964558311,-0.1514495295084456,0.0750913676693887,-0.5312741981762142,-0.005292280918342122
2025-01-25,-2.20277478051594e-06,0.017195838194349798,-0.02139150402526347,-0.005292280918342122,-0.3517015113451327,0.0385873422196133,-0.7420072057582766,-0.02509891260568371
2025-01-26,2.8510778252616726e-05,0.034237930149064504,-0.025215673554899353,-0.02509891260568371,0.10339075133594439,0.05945360370396373,-0.2925450073590781,-0.05183683232484868
2025-01-27,0.0,0.005373070640145566,-0.10728957520551004,-0.05183683232484868,0.8156164308457428,0.11266264584565552,0.6598215723128039,-0.08420998968242555
2025-01-28,0.0,0.013788585417969488,-0.09990857024292044,-0.08420998968242555,-0.5326862532843607,0.11369715566088995,-0.04430937113823313,0.04295693201232815
2025-01-29,0.0,0.07811620710523934,-0.0014828601354947655,0.04295693201232815,0.01967072589429415,0.07959906724073416,-0.0006415734478800715,0.08224382609133017
2025-01-30,-2.8869322597711945e-05,0.10156125218598915,-0.009295240000595756,0.08224382609133017,0.03275838537321718,0.11085649218658492,0.02161042714218976,0.015355232316596811
2025-01-31,0.0,0.057467935321941374,-0.012736763380694497,0.015355232316596811,0.0034258531960627094,0.07020469870263589,-0.04503379571407999,-0.0996544962659286
2025-02-01,-1.1491087249173919e-05,0.014981333024960186,-0.10919227493156722,-0.0996544962659286,-0.15855397429161766,0.12417360795652739,-0.25707363651110454,-0.1665392876862762
2025-02-02,0.0,0.0273297727904269,-0.2039860074780087,-0.1665392876862762,0.6663943102322374,0.2313157802684357,0.5570104586961213,0.03324329262009997
2025-02-03,0.0,0.047905509943087246,-0.2675599072768845,0.03324329262009997,0.6951491973401127,0.3154654172199719,1.1120309712135863,-0.10894419844841122
2025-02-04,3.9235663124935295e-06,0.005457278711265408,-0.15132786146070845,-0.10894419844841122,-0.799536356925643,0.1567851401719739,-0.04656620266559262,-0.027890092473902207
2025-02-05,0.0,0.035793293988975065,-0.040699361716464856,-0.027890092473902207,-0.6352284124445313,0.07649265570544007,-0.7436544668472367,-0.06325653767069439
2025-02-06,0.0,0.025113106644801875,-0.07589372284057355,-0.06325653767069439,0.2265966037754287,0.10100682948537563,-0.4919462557551816,0.025684621839826352
2025-02-07,0.0,0.11483632788178139,-0.015012040471436883,0.025684621839826352,0.1398742839424354,0.12984836835321836,-0.3693108030617899,0.026118514820129543
2025-02-08,0.0,0.03413395067268437,-0.047026436460512355,0.026118514820129543,-0.3295537103560226,0.08116038713319657,-0.6342981106613326,-0.005584779807475927
2025-02-09,0.0,0.03494466764368307,-0.057684629594094726,-0.005584779807475927,0.028451086869107294,0.09262929723777799,-0.2155940513271859,0.05734203553097369
2025-02-10,0.0,0.09109316753958242,-0.024795264077540683,0.05734203553097369,0.42954750194379143,0.11588843161712305,0.34613076713516383,-0.022925559488751565
2025-02-11,0.0,0.06810167414468941,-0.03358735218476892,-0.022925559488751565,-0.2864100429657595,0.10168902632945824,-0.044969521580062025,0.0475280855088482
2025-02-12,-7.837987328132113e-06,0.05350325121832195,-0.05051107404526026,0.0475280855088482,0.08768414617203202,0.10401432526358209,0.04621128182999088,0.011718881632374351
2025-02-13,0.0,0.029625114729007893,-0.01920501080358687,0.011718881632374351,-0.23825893578339583,0.04883012553259485,-0.17667952748606564,0.017293628985571366
2025-02-14,0.0,0.04664719774218,-0.010179944827668829,0.017293628985571366,0.04321483915307456,0.0568271425698488,-0.13694398862670049,-0.006183547009990382
2025-02-15,0.0,0.03096969561962499,-0.03597866800533568,-0.006183547009990382,-0.11633755481275677,0.06694836362496062,-0.2593922670905335,-0.02445991258443493
2025-02-16,0.0,0.004068778695784901,-0.0450686874962114,-0.02445991258443493,-0.2795947392472987,0.049137466191996396,-0.4306389518125489,0.003197248472221172
2025-02-17,-1.554868875134979e-05,0.08314678647810035,-0.009795814981210791,0.003197248472221172,0.6722220987799103,0.09294260145931119,0.33047207915276505,-0.07381096561660734
2025-02-18,0.0,0.0004696413617361728,-0.11756605816756432,-0.07381096561660734,-0.25438777211510005,0.1180356995293004,0.0545982956784212,0.0708544030427749
2025-02-19,-3.2273779431491883e-06,0.09295198742387262,-0.01892836546954118,0.0708544030427749,-0.018271679370416734,0.11188035289341382,0.023098547805710558,0.05112111581992887
2025-02-20,0.0,0.06015650801880439,-0.007787302573040758,0.05112111581992887,0.10760176564639516,0.06794381059184514,0.12995889846155606,-0.02868532230612544
2025-02-21,3.3612112276683525e-05,0.07018305259598241,-0.043567805110932105,-0.02868532230612544,0.26100291655379504,0.11375085770691455,0.3456482177667443,0.003430673052230945
2025-02-22,-4.3161279759934154e-05,0.027407771895309012,-0.011790206609883674,0.003430673052230945,-0.5857099016604945,0.03919797850519274,-0.38112916756287896,0.052739874901732306
2025-02-23,0.0,0.052917144567377526,-0.004636010756831254,0.052739874901732306,0.07047990170024156,0.057553155324208856,-0.2203598746439991,-0.15330367996431365
2025-02-24,1.632100242205748e-05,0.008580640386296138,-0.1561047177468643,-0.15330367996431365,0.38568541067796946,0.16468535813316035,0.19451073044577946,-0.022852888507462442
2025-02-25,0.00016948917182940085,0.024498252828253752,-0.08152922545286119,-0.022852888507462442,0.12019042540928483,0.106027478281115,0.2643335450792612,-0.042837734460315496
2025-02-26,0.0,0.021656411388321757,-0.08107256083484132,-0.042837734460315496,-0.3538258244140592,0.10272897222316305,-0.14583423803885967,0.04403179087888111
2025-02-27,-8.907105842551203e-06,0.0615387954167744,-0.007072501766491009,0.04403179087888111,-0.21250075068854501,0.06861129718326545,-0.2796222986969392,-0.016753388670056508
2025-02-28,-1.7187792554078447e-05,0.003502042145613139,-0.11114128329818267,-0.016753388670056508,0.5023502343317171,0.11464332544379574,0.22122010416562718,-0.02177267777799314
2025-03-01,3.88233766343026e-05,0.01281559210452416,-0.056832014073459294,-0.02177267777799314,-0.48329377791534534,0.06964760617798338,-0.3474481562903359,0.09373163615631629
2025-03-02,0.0,0.09842690444784465,-0.03176386900463365,0.09373163615631629,0.39135898794127383,0.13019077345247823,0.12217498106673862,-0.1789563132403697
2025-03-03,0.0,0.0010232736499388106,-0.19054950552861435,-0.1789563132403697,0.04089558984820599,0.1915727791785532,0.20194614987096493,-0.07496533653112766
2025-03-04,2.9894795433842043e-05,0.002666684275966701,-0.1630414425516977,-0.07496533653112766,0.2523926539559708,0.16570812682766434,0.40365043665082095,0.0853447234042564
2025-03-05,0.0,0.0896090211347954,-0.019623336807994923,0.0853447234042564,-0.541104149490542,0.10923235794279033,-0.27834574495375725,-0.01735626577700789
2025-03-06,0.0,0.0513748947155876,-0.04188150105917842,-0.01735626577700789,0.09480998060476696,0.09325639577476612,-0.12032023161281467,-0.03541750559733983
2025-03-07,0.0,0.021046976838920654,-0.047687132009634876,-0.03541750559733983,-0.0619376509252303,0.06873410884855556,-0.2191747729359688,-0.01741608789630451
2025-03-08,9.331577140623331e-05,0.0004957546227628386,-0.04635038875192675,-0.01741608789630451,-0.4483807634436176,0.04684614337468942,-0.6282747680502491,-0.17298350083354103
2025-03-09,0.0,0.007333683709710851,-0.18501097035403283,-0.17298350083354103,0.6033268916953688,0.1923446540637437,0.09055096294533241,-0.07418375520754902
2025-03-10,3.66239665466733e-05,0.0837973610478848,-0.07634048636617889,-0.07418375520754902,0.23974081542435058,0.16013784741406356,0.4276617619410181,0.03216848442132873
2025-03-11,-2.037285135571756e-05,0.08015212545788143,-0.06435731494275627,0.03216848442132873,-0.04984222718395317,0.14450944040063773,0.27642521822243205,0.06203860996240176
2025-03-12,0.0,0.09507538479545938,-0.027740317837479,0.06203860996240176,-0.20884502416430345,0.12281570263293842,0.004629950766736189,-0.04299435103904779
2025-03-13,7.504889152804901e-05,0.003056074131380117,-0.07781295775069273,-0.04299435103904779,0.006624942681510097,0.08086903188207269,-0.013973613588173235,0.07206678981050697
2025-03-14,-4.9418600463637754e-06,0.10597573056702435,-0.0009150722210630168,0.07206678981050697,-0.18789180719382154,0.10689080278808735,-0.28621349500692267,0.023147300131358295
2025-03-15,-2.9793174539224413e-05,0.04216272235934977,-0.005688743671217507,0.023147300131358295,-0.4137634704492617,0.04785146603056732,-0.6661115902777911,-0.059251729994268865
2025-03-16,-3.931400800255496e-06,0.006159270507419461,-0.07003987868549402,-0.059251729994268865,0.1277010781013668,0.07619914919291355,-0.3892940893299541,0.03810170821918112
2025-03-17,0.0,0.07031067355807898,-0.0014259377841175222,0.03810170821918112,0.18942539202194664,0.07173661134219665,-0.05951877349634362,-0.031131456706458855
2025-03-18,0.0,0.0,-0.07016463535722069,-0.031131456706458855,-0.10465048933018802,0.0701646353572208,-0.10190054565367342,0.05745991975508031
2025-03-19,0.0,0.05985064506257937,-0.010741522592693628,0.05745991975508031,0.2744417219246658,0.07059216765527299,0.26239505780420364,-0.03232663079307224
2025-03-20,0.0,0.00491679382505095,-0.054883217549564954,-0.03232663079307224,-0.3556511558821134,0.059800011374615845,-0.11143154288287954,-0.024266029612154356
2025-03-21,-7.96407088713594e-05,0.018810613369030036,-0.050158465808613134,-0.024266029612154356,-0.17224818687458124,0.06896907917764329,-0.3054498905130445,0.022014313045559352
2025-03-22,0.0,0.03677187060009464,-0.005902376962658945,0.022014313045559352,0.004626691300201679,0.04267424756275346,-0.273373593512987,0.003258605099112281
2025-03-23,0.0,0.01888714739078375,-0.02735272056415923,0.003258605099112281,0.11040499052286226,0.0462398679549429,-0.0962740786278806,0.05362464730537729
2025-03-24,2.3636337083711284e-05,0.07131573915560138,-0.013486540237800278,0.05362464730537729,0.24834414768640323,0.08480227939340167,0.17940792735872518,0.018193161747414026
2025-03-25,0.0,0.030125770878784902,-0.0216982187513946,0.018193161747414026,-0.23606801209357062,0.05182398963017945,-0.012922762036621136,-0.011822592904081896
2025-03-26,0.0,0.03943023861842043,-0.01762843226927307,-0.011822592904081896,0.5560589033863342,0.05705867088769356,0.5522526319792374,-0.019343438969618886
2025-03-27,-4.207815597312428e-05,0.014753052489398793,-0.02443610082531386,-0.019343438969618886,-0.577499022575975,0.039189153314712837,-0.18396560741571685,-0.1149004185280631
2025-03-28,0.0,0.0001448316772472478,-0.1200017764242879,-0.1149004185280631,0.15635830118634353,0.12014660810153516,-0.04350142747332507,-0.06272025843953553
2025-03-29,0.0,0.008008149443308705,-0.07391689320610545,-0.06272025843953553,-0.3095347915902117,0.0819250426494141,-0.37890807871665133,0.002615859051028797
2025-03-30,-1.0908690022319444e-05,0.04168722764325495,-0.014263956317234337,0.002615859051028797,-0.008614086502712757,0.055951183960489315,-0.31545064499925013,0.004418000521913417
2025-03-31,-2.5277107156186927e-06,0.01859427826487167,-0.033176798126126415,0.004418000521913417,0.027893798934630162,0.05177107639099805,-0.2577802522718239,0.027332178011600677
2025-04-01,0.0,0.04964083358297188,-0.0057036713655216455,0.027332178011600677,-0.054955401270053356,0.05534450494849348,-0.13808990697341766,-0.07020477551637076
2025-04-02,-7.559099247095376e-06,0.015807746476844322,-0.0869210109794021,-0.07020477551637076,0.3070028519730208,0.10272875745624639,0.20579528915664205,0.004877251766553895
2025-04-03,0.0,0.040374031206385386,-0.04541441682286926,0.004877251766553895,-0.3056908059298643,0.08578844802925464,-0.09028016433362501,-0.009739386734657546
2025-04-04,0.0,0.025761763606224033,-0.043702031118122424,-0.009739386734657546,-0.052149962339976694,0.06946379472434645,-0.1360210521374162,-0.005437077851128881
2025-04-05,0.0,0.00901811115532264,-0.027373742044863772,-0.005437077851128881,-0.38352013316776035,0.036391853200186404,-0.5052980290560584,-0.15779656248643767
2025-04-06,2.5386020404168045e-06,0.0009346929042703506,-0.172805369112813,-0.15779656248643767,0.7064803020990243,0.1737400620170832,0.2804022832497938,0.026868694570649915
2025-04-07,0.0,0.06849654402465619,-0.09570836784287576,0.026868694570649915,0.6280725431613833,0.164204911867532,0.8473142941031189,-0.04247225764430653
2025-04-08,0.0,0.033395678307156326,-0.04559748258422759,-0.04247225764430653,-0.7362050242300026,0.07899316089138374,-0.07852583337886788,0.1396446165813646
2025-04-09,-4.103546054504834e-05,0.15808164924106632,-0.024561902199280786,0.1396446165813646,0.4179968952119916,0.1826435514403471,0.31209006625935376,-0.020291733795913387
2025-04-10,3.204569226658872e-05,0.006304703589957631,-0.05270631659165947,-0.020291733795913387,-0.3574155752238374,0.05901102018161703,-0.16588900954881344,0.05300032801780689
2025-04-11,6.638041685076425e-06,0.07097209544141637,-0.0014854712529017416,0.05300032801780689,-0.1599274919636813,0.07245756669431799,-0.40441057167032646,0.015551804786621711
2025-04-12,0.0,0.034993121809843195,-0.015339102808928745,0.015551804786621711,-0.23571532895764885,0.05033222461877187,-0.6088670990724819,-0.04624810914097981
2025-04-13,6.596288814201059e-06,0.01467783664671998,-0.05832770117614884,-0.04624810914097981,0.1690898048939408,0.07300553782286884,-0.20559487907075005,-0.0018857839849026243
2025-04-14,2.5013654776054455e-06,0.04621899396703623,-0.004790738902490578,-0.0018857839849026243,0.10293898340731152,0.051009732869526876,-0.07281738102493296,-0.03680312240815238
2025-04-15,0.0,0.015938960144874316,-0.03810336843629846,-0.03680312240815238,-0.17570659914960512,0.05404232858117271,-0.12650193221909758,-0.004985603554334825
2025-04-16,0.0,0.021752520136489123,-0.025745976105518542,-0.004985603554334825,0.025656786502937796,0.0474984962420077,-0.03737738215538022,0.007306786367984617
2025-04-17,0.0,0.027047243846120828,-0.020807696248425926,0.007306786367984617,-0.12258212472482974,0.047854940094546654,-0.13647848679717814,0.021978604621047882
2025-04-18,0.0,0.0434800855358916,-0.0064874999706941855,0.021978604621047882,0.025205235511921505,0.04996758550658585,-0.11116797352329458,0.058828545511033635
2025-04-19,0.0,0.06188326789639091,-0.0032383485812656635,0.058828545511033635,0.1814661101057434,0.06512161647765669,0.09851092669644927,0.017682848447387916
2025-04-20,0.0,0.025293052368341094,-0.01658992120813872,0.017682848447387916,0.1312722213392847,0.041882973576479826,0.24494623552526196,0.011114714062260498
2025-04-21,-0.00010186911931533105,0.062298884410792184,-0.00025928291179803183,0.011114714062260498,0.12794007782717653,0.06255816732259019,0.31960778120441913,0.08439036200641296
2025-04-22,-7.749107800933629e-06,0.09222872100231372,-0.02887925751353171,0.08439036200641296,0.36692283579446927,0.12110797851584541,0.6095690238394248,0.015448464618429468
2025-04-23,0.0,0.03078236930274558,-0.008532701038768731,0.015448464618429468,-0.0835787685943838,0.03931507034151426,0.3370715892359939,0.05689365726583901
2025-04-24,0.0,0.07184026590989954,-0.04501918502841314,0.05689365726583901,0.099664475282662,0.11685945093831268,0.30190540925976606,-0.006122165095025342
2025-04-25,0.0,0.02946158363864225,-0.013398486612017393,-0.006122165095025342,-0.18428467930389844,0.04286007025065966,-0.002982760074807075,0.02980299773083804
2025-04-26,1.371204608040436e-05,0.050006544286353885,5.427707389280683e-06,0.02980299773083804,-0.14184907548023762,0.050001116578964624,-0.1989115871859869,-0.06206764702952948
2025-04-27,0.0,0.007266589464176859,-0.06329555749263067,-0.06206764702952948,-0.21992767222114118,0.07056214695680747,-0.4278614354248143,0.028636738271825602
2025-04-28,-3.422486820585978e-05,0.05212572885843019,-0.02074020228094851,0.028636738271825602,0.23783852749153003,0.07286593113937881,-0.09447887541841299,-0.042413441495094704
2025-04-29,2.1120588670813366e-05,0.012482817679200203,-0.05343627549904187,-0.042413441495094704,0.06885284886367408,0.06591909317824207,0.017489080216375373,0.007986097485694399
2025-04-30,0.0,0.02001855410679329,-0.03985405155503554,0.007986097485694399,0.1095154695953647,0.05987260566182884,0.18362148011867999,0.052808890565391634
2025-05-01,2.373999717725994e-06,0.0939024220195437,-1.7409503472481146e-05,0.052808890565391634,0.24598539476643422,0.09391983152301624,0.4169566190337668,0.010124011124656567
2025-05-02,1.69828359361224e-05,0.039538763243146605,-0.006114041331060424,0.010124011124656567,-0.31833327955543567,0.045652804574207194,-0.004353210446422212,-0.06127159040625366
2025-05-03,0.0,3.631678509702969e-05,-0.06278829582485135,-0.06127159040625366,-0.32850042954295694,0.06282461260994855,-0.3891786170856906,-0.0379473158142716
2025-05-04,0.0,0.004195478878917347,-0.04329584968900735,-0.0379473158142716,-0.10101137365218026,0.0474913285679248,-0.45583838253040426,0.004152097984279394
2025-05-05,-2.0001736561657048e-05,0.04400183863179143,-0.007103250660538075,0.004152097984279394,0.21074850193968486,0.05110508929232942,-0.18224308706597028,-0.009892056679737606
2025-05-06,-2.614996781961447e-05,0.004109497635173821,-0.04889048774701914,-0.009892056679737606,0.009365938240332274,0.05299998538219306,-0.1149054896890947,0.03362249274559424
2025-05-07,-3.2290363202033625e-05,0.04466148774679212,-0.003559551410725236,0.03362249274559424,0.18626377345398099,0.048221039157517354,0.20366309261552396,0.15360808388856415
2025-05-08,-4.788084373235437e-06,0.15998165067661052,-0.0036860200583374862,0.15360808388856415,0.5091063592763424,0.16366767073494795,0.718523915193891,0.05551240999995233
2025-05-09,-1.2318945717445104e-05,0.08217780329572305,-0.004622028746940158,0.05551240999995233,0.06221535623358458,0.08679983204266306,0.5748814062104892,0.13199634324734294
2025-05-10,0.0,0.13757965044859727,-0.005708506221407127,0.13199634324734294,-0.023982349125039715,0.14328815667000439,0.35065795384725523,-0.022253392584783822
2025-05-11,0.0,0.002914004157918384,-0.05946505915424607,-0.022253392584783822,-0.0834532092960119,0.062379063312164355,0.1283984555306328,0.04635983287958191
2025-05-12,4.90201837078363e-05,0.08296603590375218,-0.01586570300969775,0.04635983287958191,0.38532009723371297,0.09883173891344989,0.4105257431681545,-0.005277171388118726
2025-05-13,0.0,0.018324934969199874,-0.06899748035146148,-0.005277171388118726,-0.37012086052993404,0.0873224153206612,-0.1187714465792569,-0.03287417918607915
2025-05-14,3.994846787362227e-05,0.019043756445345873,-0.04367894111437875,-0.03287417918607915,-0.13414821370978708,0.06272269755972466,-0.24749233137594964,-0.0813060357003753
2025-05-15,-2.5821058412188063e-05,0.005833611185674456,-0.10108642706879027,-0.0813060357003753,0.08561098928107759,0.10692003825446454,-0.12140153770688636,-0.021721112040043115
2025-05-16,1.5603226186101202e-06,0.031168989473150055,-0.026206282876982463,-0.021721112040043115,-0.5060679036174515,0.057375272350132706,-0.6052806782758893,-0.03156953427323019
2025-05-17,0.0,0.00011249175507483206,-0.04888620275716448,-0.03156953427323019,0.08137593117429878,0.04899869451223936,-0.4426237758150509,0.0657291046038498
2025-05-18,0.0,0.08764829104366967,-0.010259347114417268,0.0657291046038498,0.35196029156855424,0.09790763815808698,0.09580098188656264,-0.04683116985710066
2025-05-19,0.0,0.006953731856804562,-0.09968669211733011,-0.04683116985710066,-0.03386962102962409,0.10664042397413463,0.09071998810727964,0.0257880593171501
2025-05-20,0.0,0.041092715542927524,-0.017987191204819314,0.0257880593171501,-0.21494415846787118,0.059079906747746845,-0.11956804433554222,0.022402843435195954
2025-05-21,-7.160851170371616e-06,0.055635929758648665,-0.01922624782956943,0.022402843435195954,0.48783220431983704,0.07486217758821809,0.43793942266984226,0.12591865002942224
2025-05-22,0.0,0.14494068917414316,-0.00010334529816357594,0.12591865002942224,0.2530527555229771,0.14504403447230674,0.5497569306465532,-0.08534463136103693
2025-05-23,1.2686602883011693e-05,0.05618767538365123,-0.09091669102312301,-0.08534463136103693,0.19284667949102155,0.14710436640677432,0.5623241606928245,0.03253487355265753
2025-05-24,0.0,0.06985120427889367,-0.0017116650209727904,0.03253487355265753,-0.6613678331139409,0.07156286929986633,-0.25948135848886056,-0.016062263119203054
2025-05-25,0.0,0.001339716196885991,-0.07367630720772456,-0.016062263119203054,-0.14236966233248372,0.0750160234046104,-0.4104239143321215,0.04384298333952356
2025-05-26,0.0,0.08254995366170027,-0.0007544161986671915,0.04384298333952356,0.2682849872914146,0.0833043698603676,-0.15818239918808125,0.06766213765503995
2025-05-27,0.0,0.09471879153151404,-0.02074271790011304,0.06766213765503995,0.33937798527280305,0.11546150943162688,0.197320628477468,0.023041065222694494
2025-05-28,0.0,0.05136323472296657,-0.014043407160204888,0.023041065222694494,-0.05644124955458458,0.06540664188317147,0.1416673493370431,-0.07682590493302655
2025-05-29,-0.0001646854854052425,0.01589184496248601,-0.08093514223542542,-0.07682590493302655,-0.3585051404327606,0.0968269871979115,-0.14834933137070416,-0.1311889486999912
2025-05-30,-5.488323968139719e-07,0.036909180239881,-0.13151369747337097,-0.1311889486999912,0.5965107803176233,0.16842287771325196,0.4397308812173637,-0.004759253684178753
2025-05-31,-5.1470849949207e-05,0.022255203509162796,-0.048988904782002664,-0.004759253684178753,-0.6387924561824835,0.0712441082911655,-0.3555945137523136,0.00018397239035758655
2025-06-01,0.0,0.009404095096241282,-0.046462475016884594,0.00018397239035758655,-0.3475769459260145,0.05586657011312593,-0.6854865096473132,0.022666063332844526
2025-06-02,-0.00010718868298962315,0.0343774569133561,-0.04671124492756997,0.022666063332844526,0.0792284472246369,0.08108870184092609,-0.4732102826254101,0.006597816462139212
2025-06-03,-2.0664471854964702e-05,0.05322109645890394,-0.021729672709919535,0.006597816462139212,0.12244366444666957,0.07495076916882357,-0.2244238040787779,-0.036431314381838435
2025-06-04,-1.862070060272475e-05,0.04855698792535162,-0.03657956415424421,-0.036431314381838435,-0.01497164427054645,0.08513655207959583,-0.20574869920230004,-0.06270397516614536
2025-06-05,0.0,0.0366899078568275,-0.07175596638413254,-0.06270397516614536,0.22019208069871507,0.10844587424096011,0.23684639111745803,0.05114132046215262
2025-06-06,0.0,0.08033159705570303,-0.008159798381078212,0.05114132046215262,-0.3938891292150651,0.08849139543678138,-0.17153356015801208,0.09328671917695759
2025-06-07,-1.929598247693126e-05,0.1013527971588089,-0.0008579499848279572,0.09328671917695759,-0.020132852275761823,0.10221074714363682,-0.19384060830634792,0.01475009385852777
2025-06-08,0.0,0.04432394815941755,-0.022458887375597706,0.01475009385852777,-0.0014702085876724257,0.0667828355350152,-0.18033872531349665,0.037095539790776025
2025-06-09,0.0,0.05353545390952918,-0.02651786921342002,0.037095539790776025,0.16862783743734158,0.08005332312294916,0.028152856090236905,0.018725592695590376
2025-06-10,0.0,0.03727784594129214,-0.02205057771175549,0.018725592695590376,0.06861119323319717,0.05932842365304759,0.10234016269012954,-0.053606938477605434
2025-06-11,0.0,0.002901411396066591,-0.06311595504269138,-0.053606938477605434,0.019260751214670583,0.06601736643875816,0.16579418084311673,-0.07609768626419144
2025-06-12,0.0,6.310235410030817e-06,-0.0767034237293537,-0.07609768626419144,-0.14993191341526663,0.07670973396476358,-0.03237520320918416,-0.04570105906710681
2025-06-13,-4.87477609399428e-06,4.866908055426058e-05,-0.0910869405478617,-0.04570105906710681,0.3719656223084902,0.09113560962841598,0.32045757244848805,-0.026694665091932048
2025-06-14,1.7008906106479223e-05,0.014289583655539556,-0.04193328591636472,-0.026694665091932048,-0.7160805688808404,0.05622286957190427,-0.4952824467361336,-0.0019977273145870295
2025-06-15,0.0,0.013938177367320333,-0.04056953382512177,-0.0019977273145870295,-0.1330650736423867,0.0545077111924423,-0.5653335018485931,0.016245130007678344
2025-06-16,0.0,0.07558033226664496,-0.020412549485872074,0.016245130007678344,0.5511965954049515,0.09599288175251698,0.08574174557145943,-0.056389745434597745
2025-06-17,-2.3701157113909375e-05,0.01762886475512008,-0.07024564324264915,-0.056389745434597745,0.06224657592140139,0.08787450799776922,0.16532415682696758,0.03725292058879386
2025-06-18,0.0,0.044051069921451136,-0.05205260049931371,0.03725292058879386,-0.06268160035803863,0.09610367042076479,0.07302781562914931,-0.0008296848848555695
2025-06-19,0.0,0.025281610921288656,-0.021455510091129948,-0.0008296848848555695,-0.09091448877204406,0.04673712101241868,0.0598629203707751,-0.04146949396816909
2025-06-20,-8.366386489417738e-08,0.01991074140800381,-0.0661466057582597,-0.04146949396816909,0.06097028281113946,0.08605734716626344,0.06332761000867167,-0.08336910818318076
2025-06-21,-0.00023182122274472452,0.02690931820699159,-0.10426327769086657,-0.08336910818318076,-0.3060905616115061,0.1311725958978581,-0.3257254842066525,-0.03481370656479306
2025-06-22,-8.806218504083862e-05,0.02036594215310571,-0.11030309062211055,-0.03481370656479306,0.502643928657202,0.1306690327752163,0.236413465146537,0.11582284583134386
2025-06-23,0.0,0.12304467540114572,-0.02620708429704927,0.11582284583134386,0.13327928593338317,0.14925175969819485,0.34499330655533295,0.0583545965940703
2025-06-24,0.0,0.09235213783737412,-0.0004214163130018363,0.0583545965940703,0.13368208943189733,0.09277355415037584,0.4080598306134506,-0.041879994775484645
2025-06-25,0.0,0.0021526235442774423,-0.05216828118580259,-0.041879994775484645,-0.3889355598338506,0.05432090473007998,-0.09666575064044869,-0.04196646293917595
2025-06-26,0.0,0.04146894254528074,-0.042225371718593877,-0.04196646293917595,-0.024635816838218652,0.0836943142638747,-0.1342660133197764,-0.010142555468962894
2025-06-27,0.0,0.022352243371874605,-0.024951176053655103,-0.010142555468962894,-0.2524078225400755,0.04730341942552973,-0.43773090917583657,0.042379518398503783
2025-06-28,0.0,0.0485955634605896,-0.012729471596768729,0.042379518398503783,-0.1756416067966447,0.06132503505735848,-0.5479744828073964,0.04250702980953711
2025-06-29,-8.856161609557804e-06,0.05797592512463115,-0.025320443897495996,0.04250702980953711,-0.051643124821403034,0.083296369022127,-0.47284065899631167,-0.06323612919130932
2025-06-30,0.0,0.002353608735312973,-0.0656476506321654,-0.06323612919130932,0.12424866186189937,0.06800125936747838,-0.15029311363650485,-0.056237203346796986
2025-07-01,3.545669598746876e-05,0.005105211009237027,-0.059816471595443246,-0.056237203346796986,-0.10462074185683273,0.0649216826046802,-0.17199394006012036,0.10708604778942077
2025-07-02,0.0,0.12291352552600564,-0.0067295780592122436,0.10708604778942077,0.5586864899402871,0.1296431035852178,0.49024743460267417,0.018559293818869664
2025-07-03,0.0,0.06428953031704505,-0.0028330767530706405,0.018559293818869664,0.14506934329699747,0.06712260707011575,0.543039227286852,-0.067726128505434
2025-07-04,0.0,0.012697263798070051,-0.06930983766074791,-0.067726128505434,-0.6456500854437065,0.08200710145881811,-0.2582450653039298,-0.017332105516608687
2025-07-05,0.0,0.022380632633407973,-0.034371573155603366,-0.017332105516608687,-0.13814863739960087,0.05675220578901121,-0.4078809934573142,0.004189217821473454
2025-07-06,0.0,0.037533644708186105,-0.010442602631266321,0.004189217821473454,0.372874737362322,0.047976247339452605,-0.007659122058447991,-0.012099594022954055
2025-07-07,0.0,0.005259973396492179,-0.028962238453061128,-0.012099594022954055,-0.2840787788374914,0.034222211849553305,-0.34089286398605534,-0.007488889353266126
2025-07-08,1.3250373892179099e-05,0.015194164248560203,-0.024317835435304285,-0.007488889353266126,0.36876634077244447,0.03951199968386434,0.13799193609544758,0.052407221325079786
2025-07-09,0.0,0.060554114634059186,-0.011527307451237867,0.052407221325079786,0.282429816520929,0.07208142208529704,0.5131556335112425,0.09962681520913341
2025-07-10,0.0,0.1005136344229554,-0.013550310869386822,0.09962681520913341,0.25423091440185536,0.11406394529234222,0.626681858407425,0.020119423996911447
2025-07-11,-4.38275012456923e-05,0.07435813699936616,-0.021363784227918396,0.020119423996911447,0.28757108934527376,0.09572192122728439,0.7025415497598203,-0.009707597879174426
2025-07-12,0.0,0.033947057323004654,-0.03420057266889163,-0.009707597879174426,-0.41447732299909856,0.06814762999189627,0.0720900536893073,0.011823784987425418
2025-07-13,0.0,0.03892614690100103,-0.002159767383059363,0.011823784987425418,-0.3354614428472197,0.04108591428406037,-0.3733641607986568,-0.004019270389205804
2025-07-14,0.0,0.0505426950898182,-0.023689304971043868,-0.004019270389205804,0.4217467781891751,0.07423200006086207,0.03857273892574743,0.08094390338442568
2025-07-15,0.0,0.0818683483345455,-0.033331480397293715,0.08094390338442568,0.039942098130075016,0.11519982873183933,0.039313240178773114,0.009522109387062988
2025-07-16,0.0,0.045040893661369305,-0.025986563654798223,0.009522109387062988,-0.049059525831661996,0.07102745731616737,-0.009605024238288993,0.03649913203474184
2025-07-17,0.0,0.048371817464317256,-0.03155412455483744,0.03649913203474184,0.1446142282885648,0.07992594201915461,0.2178122228563108,-0.026572762649442007
2025-07-18,-4.619142842090319e-06,0.046769420755887615,-0.05051256547820459,-0.026572762649442007,0.014910157836699486,0.09728198623409218,0.18444365858302056,0.036053752724974436
2025-07-19,8.23136956793103e-06,0.039440575846379874,-0.025203655201067977,0.036053752724974436,-0.5616535950433139,0.06464423104744779,-0.4768634281653575,0.05692943467237172
2025-07-20,-3.142372310344688e-05,0.0757077529406913,-0.00863210944084367,0.05692943467237172,0.4307328077860055,0.08433986238153483,0.019104115096747445,0.008740611714396915
2025-07-21,0.0,0.04486346339854886,-0.017782978542049823,0.008740611714396915,0.046873028343262076,0.06264644194059865,0.07019908241661928,0.005282632530824146
2025-07-22,0.0,0.017334275369466468,-0.06096140730925568,0.005282632530824146,0.07132874161730877,0.07829568267872229,0.1260511356135731,-0.09629599261341171
2025-07-23,0.0,0.001400450666712353,-0.12799693625498718,-0.09629599261341171,-0.16945592550429098,0.12939738692169947,-0.04390122218504868,-0.020233191067800044
2025-07-24,-2.491454776102384e-05,0.01650689234994679,-0.06599468732124218,-0.020233191067800044,-0.026844534369695725,0.08250157967118885,-0.031746822188555145,0.03188877065840821
2025-07-25,0.0,0.03502826549014553,-0.03410323068324172,0.03188877065840821,-0.03354338365180892,0.06913149617338735,-0.12126966709518142,0.06867347074720746
2025-07-26,0.0,0.07764740744164038,-0.001385787880890642,0.06867347074720746,-0.18510153650612698,0.0790331953225311,-0.28522447006131113,0.031065369117125905
2025-07-27,-4.076005789544623e-06,0.03949685079791088,-0.007192105434428259,0.031065369117125905,-0.09961373006831448,0.046688956232339034,-0.32119843332356773,-0.062474473709153
2025-07-28,5.136586275297762e-05,0.054347491871125475,-0.06324724007882294,-0.062474473709153,0.5674516402531402,0.11759473194994827,0.34895969518065517,-0.028237915055999083
2025-07-29,4.297967719107501e-05,0.0482119558394397,-0.04995203802125253,-0.028237915055999083,-0.24430069650884478,0.09816399386069234,0.04967541432096432,-0.02956418944405269
2025-07-30,0.0,0.014414917357761655,-0.06182763483322926,-0.02956418944405269,-0.209728403700201,0.07624255219099103,-0.16107824390231726,-0.03391125913815452
2025-07-31,0.0,0.06532472033598076,-0.03828457743842769,-0.03391125913815452,0.3098546883963454,0.1036092977744084,0.18110159036431356,-0.05132421933129469
2025-08-01,-9.004037806889118e-06,0.008687745687228668,-0.07411999048445243,-0.05132421933129469,-0.04684882831789338,0.08280773617168107,0.07007623214249643,-0.03195249149494707
2025-08-02,-1.8425761337901045e-05,0.01821270277939226,-0.051010150254572374,-0.03195249149494707,-0.5041789000914432,0.06922285303396462,-0.4992277565173039,0.06373063572715254
2025-08-03,0.0,0.07908894712623152,-0.01022286377796495,0.06373063572715254,-0.00969536203239917,0.08931181090419651,-0.3789291161804348,0.04991601369082823
2025-08-04,-3.158517123169645e-06,0.0694883511006184,-0.0009085950670129091,0.04991601369082823,0.3218440541416601,0.07039694616763127,0.026405471065024316,-0.05488322744473727
2025-08-05,0.0,0.003862612467114309,-0.07224506073987247,-0.05488322744473727,-0.08827297738186199,0.07610767320698675,-0.07583918789896496,0.0015921266392524436
2025-08-06,0.0,0.02111698271690894,-0.03195608842811555,0.0015921266392524436,-0.2840019910607643,0.05307307114502439,-0.28538764726435567,0.08205955447240872
2025-08-07,0.0,0.08777061956537104,-0.007530865119452625,0.08205955447240872,0.3040372725077987,0.0953014846848236,0.13968243292620378,0.004566740884107582
2025-08-08,0.0,0.02223255035849143,-0.01388480625715631,0.004566740884107582,0.054838597760406435,0.03611735661564773,0.14594246341840625,0.03085390983688395
2025-08-09,3.649652549524798e-06,0.04962035188122495,-0.003074897084973781,0.03085390983688395,-0.24835373624483104,0.052695248966198795,-0.1620218535864973,-0.010142464020311931
2025-08-10,0.0,0.010277468444333384,-0.04629904777075794,-0.010142464020311931,-0.03495776115236238,0.05657651621509135,-0.14474882285878474,-0.04967601952036971
2025-08-11,0.0,0.03839498244886735,-0.06553648949546259,-0.04967601952036971,0.3605314637766085,0.10393147194432993,0.25671320033559086,0.07422733655831132
2025-08-12,0.0,0.08510364254000578,-0.016672260498531502,0.07422733655831132,-0.10058445088852512,0.10177590303853713,0.06868794320924458,0.09452014280236484
2025-08-13,0.0,0.10863103680118041,-0.014375693959391124,0.09452014280236484,0.5270453760454132,0.12300673076057166,0.5891178541876704,-0.06818480751432986
2025-08-14,0.0,0.01724976388652349,-0.09578669021425867,-0.06818480751432986,0.19500031460901893,0.11303645410078218,0.6507759476006943,-0.054341347164218276
2025-08-15,0.0,0.01910357174422707,-0.07351993477753073,-0.054341347164218276,-0.39663277601038005,0.0926235065217577,0.043326007117724774,0.0161486326178263
2025-08-16,0.0,0.030041276330272905,-0.016401001806321293,0.0161486326178263,-0.87059002169531,0.04644227813659429,-0.9157718541376795,0.05738714266446911
2025-08-17,0.0,0.08629132018529348,-0.012175983943727419,0.05738714266446911,0.7742981144979166,0.09846730412902101,-0.06606805792844077,-0.08337500220783424
2025-08-18,0.0,0.017507048694348652,-0.08624647844786174,-0.08337500220783424,0.3196955122178997,0.10375352714221044,0.21600873138682772,-0.07439053528462526
2025-08-19,0.0,0.015027609024174623,-0.07465188963649906,-0.07439053528462526,-0.27177686866740586,0.0896794986606737,-0.061099588591495224,0.05572103558826213
2025-08-20,0.0,0.06935225707749797,-0.002841626997468994,0.05572103558826213,-0.1740635536017718,0.0721938840749669,-0.1237222774027179,-0.04876738302216111
2025-08-21,0.0,0.009732902135596662,-0.05112447433678377,-0.04876738302216111,-0.1294969968569844,0.06085737647238029,-0.20819555482161595,0.11451909550505693
2025-08-22,0.0,0.12216782774501651,-0.025839771046430312,0.11451909550505693,0.7395643929448565,0.1480075987914468,0.46771451844275097,-0.014102874690042741
2025-08-23,0.0,0.0019109833872794331,-0.04077165333605544,-0.014102874690042741,-0.6875612534067762,0.04268263672333487,-0.3353906321614248,-0.02481554912300907
2025-08-24,0.0,0.03149891210875651,-0.044472023678565176,-0.02481554912300907,0.6995619167970432,0.07597093578732154,0.46769056357304434,-0.11165523228435423
2025-08-25,1.6235960136988035e-05,0.014091719255039332,-0.11791725026904402,-0.11165523228435423,-0.12458011433480477,0.1320089695240834,0.23400096190184538,0.05243722833749429
2025-08-26,0.0,0.08012546756824639,-0.003060207155452511,0.05243722833749429,-0.6875476509803178,0.08318567472369882,-0.547997969894712,-0.015184088439038313
2025-08-27,0.0,0.012292273056221815,-0.02270598285394872,-0.015184088439038313,0.17160428539819805,0.03499825591017054,-0.3691487835916427,0.05387069414025064
2025-08-28,0.00010328699583955267,0.06266222752243344,-0.0027134351200059597,0.05387069414025064,-0.05894348522085273,0.06537566264243957,-0.29916831195845667,-0.07876413585860682
2025-08-29,-1.738809841759118e-05,5.460753079929189e-05,-0.09599074193885622,-0.07876413585860682,0.06922896755433788,0.09604534946965558,-0.22995342372578906,-0.00570840562296647
2025-08-30,-1.6167326537100492e-06,0.01697793099061428,-0.011384469823239454,-0.00570840562296647,-0.6916170501478718,0.02836240081385364,-0.7712872797372671,-0.014590285851914785
2025-08-31,6.873465595921054e-06,0.017584151315433012,-0.014590285851914785,-0.014590285851914785,0.03963207029079071,0.0321744371673478,-0.4911914131689886,-0.0227417157405693
2025-09-01,0.0,0.03430755824656203,-0.04138963452452927,-0.0227417157405693,0.5202445217950018,0.07569719277109138,0.10533559121897781,0.044325397097549124
2025-09-02,0.0,0.055074016822144606,-0.003832737592918503,0.044325397097549124,-0.13264188198167723,0.05890675441506309,0.0018102463370016251,0.017735835365800295
2025-09-03,-1.6146565013251516e-06,0.030960773397780254,-0.006670024259498135,0.017735835365800295,-0.20417299318594717,0.037630797657278434,-0.15822529294300475,-0.05983454324022493
2025-09-04,0.0,0.005560325249044812,-0.06565440696091407,-0.05983454324022493,-0.09083939351882006,0.07121473220995886,-0.14143098099655685,0.04318815325853318
2025-09-05,0.0,0.05318098181264864,-0.0005074964950549229,0.04318815325853318,0.2777276031908143,0.053688478307703465,0.11502069540242252,-0.005801377548945432
2025-09-06,0.0,0.012522463936886196,-0.015407993536360841,-0.005801377548945432,-0.743511931119647,0.027930457473247086,-0.6956283272962218,0.007679005364205632
2025-09-07,0.0,0.021336111663385712,-0.0023423657873869663,0.007679005364205632,0.6394000704635964,0.023678477450772735,0.09924967799771985,0.04121112425981891
2025-09-08,0.0,0.046693158290101205,-0.00640455723939054,0.04121112425981891,0.2963693998567521,0.05309771552949169,0.4245413974478484,0.032056460783858085
2025-09-09,-1.0463074248679458e-05,0.06106096215784184,-0.006312086505313369,0.032056460783858085,0.5031014083766286,0.06737304866315513,0.835529128450551,-0.00755067396010825
2025-09-10,0.0,0.016176888334998713,-0.017685578839611322,-0.00755067396010825,-0.34178958651363267,0.03386246717461018,0.24149560679561352,0.021382657363571107
2025-09-11,0.0,0.033483529998940297,-0.0023642555065344416,0.021382657363571107,-0.2414230835394055,0.03584778550547471,-0.07302430983120854,0.017155320434463037
2025-09-12,0.0,0.02019710812597186,-0.012076447796862084,0.017155320434463037,-0.1429701151380368,0.03227355592283403,-0.31755852846951393,0.004859174671237381
2025-09-13,0.0,0.026767392333621888,-0.010573515160908462,0.004859174671237381,0.021783175954667895,0.037340907494530375,-0.3060108153338749,-0.031023157152884822
2025-09-14,0.0,0.0006343289436089031,-0.04694532573371499,-0.031023157152884822,-0.15436408076156088,0.047579654677323814,-0.4269825985678499,-0.04094191483941998
2025-09-15,0.0,0.014998266169131518,-0.05778290000486419,-0.04094191483941998,0.11972760185084075,0.07278116617399563,-0.1118425946732201,0.01979681940199587
2025-09-16,0.0,0.027376920361973072,-0.014423367421790076,0.01979681940199587,-0.38607640388446396,0.041800287783763185,-0.40665548695147496,0.0438865392748152
2025-09-17,-9.055460513463245e-06,0.05172882051112783,-0.01464207383673692,0.0438865392748152,0.4258804767935995,0.06637089434786461,0.11991706763931013,0.022073786129515504
2025-09-18,0.0,0.025010413898979462,-0.009810931317137454,0.022073786129515504,0.002691148441692926,0.03482134521611691,0.11663039876848154,-0.06149637343773683
2025-09-19,5.6300091916393586e-06,0.006613166311596194,-0.0690759524750632,-0.06149637343773683,-0.17745845277949507,0.07568911878665942,-0.06258576660659078,-6.916393434606687e-05
2025-09-20,0.0,0.013369681711540151,-0.011326847221497863,-6.916393434606687e-05,-0.4533858053041522,0.024696528933037948,-0.5130832249011138,-0.019371649482977732
2025-09-21,0.0,0.012352954462897027,-0.022606235943183842,-0.019371649482977732,-0.08544480614267518,0.03495919040608085,-0.4977074750157916,-0.09297802643257377
2025-09-22,0.0,0.0011302653041575838,-0.11411003507418271,-0.09297802643257377,0.9776663473318045,0.11524030037834036,0.5213371842951837,-0.01822516329284718
2025-09-23,0.0,0.014540897454861772,-0.02352331026022288,-0.01822516329284718,-0.6157079417802295,0.03806420771508467,-0.16964253042919977,0.019229426028878085
2025-09-24,0.0,0.038982062347022894,-0.01717060542186067,0.019229426028878085,0.21449834876821008,0.056152667768883634,0.11933732352412327,-0.08941721769417615
2025-09-25,0.0,0.002853114788631955,-0.09952138911395124,-0.08941721769417615,0.23088115206984103,0.10237450390258314,0.34193139271739276,0.04278098616253367
2025-09-26,0.0,0.05268237359256242,-0.00016287689083836114,0.04278098616253367,-0.271988357544695,0.052845250483400934,-0.06524780112160423,-0.0005168651033889336
2025-09-27,0.0,0.008182791590557743,-0.02011383822302288,-0.0005168651033889336,-0.5394002603911325,0.028296629813580408,-0.6794496216100764,0.02386535503053553
2025-09-28,0.0,0.027424313030345083,-0.029330057891501986,0.02386535503053553,0.1227404824535254,0.056754370921846924,-0.3713364282728426,-0.0023493869742526484
2025-09-29,-7.55938963958479e-05,0.009209490401053433,-0.031658282717543285,-0.0023493869742526484,0.3855906456377195,0.04086777311859681,0.052991283193450735,-0.00692003670525423
2025-09-30,-1.657457124591924e-05,0.000123590283688163,-0.04419422114226187,-0.00692003670525423,-0.16611985473056745,0.04431781142595006,-0.09721909336824183,0.049987909812461616
2025-10-01,0.0,0.049987909812461616,-0.012253996795655801,0.049987909812461616,0.057470614265752014,0.06224190660811755,0.07526183130493894,0.026696311771867737
2025-10-02,0.0,0.02934568174884068,-0.01795222261551658,0.026696311771867737,0.23789488872943246,0.04729790436435737,0.346025207161597,0.033761231492353744
2025-10-03,0.0,0.047839901037098086,-0.01944393969207246,0.033761231492353744,0.303438266946548,0.06728384072917064,0.5243589048018805,-0.06472762587372795
2025-10-04,-5.906609599364387e-06,0.006923764468945815,-0.0987306594877987,-0.06472762587372795,0.024516379305046833,0.1056544239567445,0.37592481629966423,0.011414673381673561
2025-10-05,-4.479429718473632e-06,0.04400201287723046,-0.00943099426380602,0.011414673381673561,-0.3409876050314729,0.05343300714103663,-0.06660766592675985,0.02762841237816991
2025-10-06,0.0,0.0614983479530463,-0.00871813331378524,0.02762841237816991,0.6129015980670518,0.07021648126683144,0.5012963076372415,-0.05000931973003736
2025-10-07,0.0,0.01040547369699012,-0.052122668685041756,-0.05000931973003736,-0.3872844291576212,0.06252814238203183,-0.05768183722094142,0.019085047556692058
2025-10-08,0.0,0.0330071821930256,-0.013731171231114118,0.019085047556692058,-0.38818176052888675,0.04673835342413961,-0.4813801132943682,-0.04384495365484667
2025-10-09,0.0,0.0016829321687946471,-0.06754847675472093,-0.04384495365484667,0.026105714348323563,0.06923140892351565,-0.3762899647452585,-0.34339888129959606
2025-10-10,2.6830820935616387e-05,0.025553054753663807,-1.1744588314739386,-0.34339888129959606,1.2291922176609462,1.2000118862276024,0.9406513278864417,-0.012934835436850438
2025-10-11,0.0,0.0868545472866334,-0.040671857631496944,-0.012934835436850438,-0.49173798104300614,0.1275264049181304,0.15583612747178527,0.12065607661547748
2025-10-12,-1.404598622198769e-05,0.14141732178093003,-0.023698032062516028,0.12065607661547748,-0.0392287464280609,0.16511535384344617,0.11941074783944115,0.03576392859417911
2025-10-13,-0.00021514902190690333,0.05190551852809436,-0.021142733231691146,0.03576392859417911,0.1208240700892294,0.07304825175978547,0.1778813687121817,-0.03769644987999436
2025-10-14,0.0,0.004504732602786561,-0.09941794992835082,-0.03769644987999436,-0.46293524685054926,0.10392268253113722,-0.4128450012777171,-0.054511808968095835
2025-10-15,0.0,0.013149441467052879,-0.06299547344683236,-0.054511808968095835,-0.5600248652636478,0.07614491491388513,-1.0117577700057947,-0.050548190482042656
2025-10-16,0.0,0.025963354282170677,-0.06293023449648824,-0.050548190482042656,0.3696483713842213,0.08889358877865892,-0.3780317002308549,-0.030923250339333075
2025-10-17,0.00012147568140523147,0.013891572090228213,-0.0999195801137854,-0.030923250339333075,0.1423562821830173,0.11381115220401364,-0.12396035939515544,0.01168516037440558
2025-10-18,0.0,0.024663504324925447,-0.0004236577645080059,0.01168516037440558,-0.612931821435341,0.025087162089433398,-0.6488162302351203,0.013132700944647984
2025-10-19,0.0,0.03511281984761011,-0.01878037126672025,0.013132700944647984,0.21368050821584622,0.05389319111433043,-0.19039453024177141,0.022405941005636608
2025-10-20,0.0,0.04906213224347975,-0.023427398893442957,0.022405941005636608,-0.001996006430578549,0.07248953113692261,-0.09450134168232652,-0.03426170735889775
2025-10-21,0.0002087000448200712,0.0472766507715053,-0.05166757832991506,-0.03426170735889775,0.22536388826032291,0.0989442291014204,0.11196426932902612,-0.028875180051765932
2025-10-22,8.012392349731848e-06,0.0052899826200411915,-0.05052514512328229,-0.028875180051765932,-0.05384933315859384,0.05581512774332371,0.0657711529441831,0.024151607440914682
2025-10-23,0.0,0.049730334976373615,-0.007250849957476443,0.024151607440914682,-0.37833870850939905,0.05698118493385006,-0.2558234176504952,0.008395541156577516
2025-10-24,0.0,0.02589079266766372,-0.016943266899206746,0.008395541156577516,0.16552904655931053,0.04283405956687044,-0.09104491606995374,-0.008684488819824244
2025-10-25,0.0,0.00011456717091930451,-0.01987465955233203,-0.008684488819824244,-0.4911173042473191,0.019989226723251426,-0.5740510591715214,0.07039746798780068
2025-10-26,5.67089076191703e-06,0.07742851282564428,-0.013815413709004439,0.07039746798780068,0.35822944939088813,0.09124392653464876,-0.13331413242583848,-0.0449786123845311
2025-10-27,0.0,0.011518721647334276,-0.051215234602711567,-0.0449786123845311,-0.0815806833240334,0.06273395625004578,-0.12500323558864254,-0.027433715745706407
2025-10-28,0.0,0.017006202772697245,-0.04234687342751523,-0.027433715745706407,0.09460971396818584,0.05935307620021245,0.06841939575950474,0.013365842190056437
2025-10-29,-8.409905140834428e-06,0.04653218610947866,-0.012126390112795253,0.013365842190056437,0.20331790266645894,0.05865857622227399,0.26222183438712043,-0.10754188413934163
2025-10-30,0.0,0.015205891176399722,-0.13498301493991233,-0.10754188413934163,0.17794806718101294,0.150188906116312,0.4195680202149903,-0.006972196678057887
2025-10-31,-1.529667702197793e-05,0.028676310928191246,-0.027967479270935437,-0.006972196678057887,-0.27880485275977535,0.05664379019912669,-0.008432884086097927,0.04533887232564274
2025-11-01,-1.2008579910399695e-05,0.06583739387398373,-0.008011946459452777,0.04533887232564274,0.07815281035957829,0.07384934033343644,0.04831960786715703,-0.010219789593937274
2025-11-02,8.171511371516324e-06,0.02143981305109567,-0.055150076375986706,-0.010219789593937274,-0.3006528690928771,0.07658988942708217,-0.3016011719212315,-0.15274627141843283
2025-11-03,2.6708884509496382e-06,0.00014992292654326616,-0.15770731071296729,-0.15274627141843283,0.6788134395429538,0.15785723363951046,0.3962591846028594,-0.03845670597856452
2025-11-04,0.0,0.03483880390905563,-0.10737516399465295,-0.03845670597856452,0.16875914523289592,0.14221396790370855,0.47983047585064076,0.01698525889462835
2025-11-05,3.086673346661089e-06,0.04432882789916406,-0.058724217411081255,0.01698525889462835,-0.4868394799810912,0.10305304531024512,-0.09738108817988139,-0.04345680620288208
2025-11-06,3.179196953556569e-06,0.005192007929133868,-0.07979792101802548,-0.04345680620288208,-0.001782069801459598,0.08498992894715934,-0.12231795089962857,0.19213626133840145
2025-11-07,-8.59569283869444e-05,0.22828815325970933,-0.00012474939293296653,0.19213626133840145,0.6260684374078516,0.22841290265264239,0.4937781294390729,-0.028515488874539023
2025-11-08,2.5593580359235957e-05,0.14578507975285798,-0.04964467134389196,-0.028515488874539023,0.2892486635454932,0.19542975109675,0.5962769554934674,0.01970995503595889
2025-11-09,5.3821651194537565e-06,0.02240914476324571,-0.048761212947406436,0.01970995503595889,-0.7986342054539523,0.07117035771065199,-0.35327843251724966,0.07511314705830698
2025-11-10,-1.9663806086106618e-05,0.11544038670104,-0.005831620549177294,0.07511314705830698,0.5949867220432237,0.12127200725021724,0.3070906463645238,-0.08096277705486177
2025-11-11,0.00011072031384096309,0.012867078132336346,-0.08347723352299775,-0.08096277705486177,-0.39566399944530667,0.09634431165533418,-0.21802429262310818,-0.04460831481026724
2025-11-12,-1.0995401015677746e-05,0.053659795172052244,-0.054354169909851834,-0.04460831481026724,-0.17786502119344272,0.10801396508190406,-0.4385403271943809,-0.03447727694560043
2025-11-13,0.0,0.06205578879228089,-0.06721496811725687,-0.03447727694560043,0.032629918189926735,0.12927075690953782,-0.32129973768736964,-0.04453280426340927
2025-11-14,2.9271385963866588e-05,0.04769661527521681,-0.059681375661820184,-0.04453280426340927,0.2703855529771349,0.10737799093703693,0.12384531293236768,0.012172833632646537
2025-11-15,-0.00014202222364172572,0.04084624927018306,-0.0020216034136842894,0.012172833632646537,-0.8121243919397364,0.042867852683867384,-0.7491152379592789,-0.03840994239239638
2025-11-16,-6.4990348933782716e-06,0.025522539513952364,-0.06660559996487123,-0.03840994239239638,0.00746551989832095,0.09212813947882367,-0.5375506469851573,-0.04294358738391061
2025-11-17,-1.5709343668364398e-05,0.05775739109312787,-0.055143494404618576,-0.04294358738391061,0.38108439225724455,0.1129008854977464,-0.03580017668007455,0.05848566844891463
2025-11-18,1.8314073097571075e-05,0.08762423729033245,-0.012038343407243517,0.05848566844891463,-0.09902879074423136,0.09966258069757593,-0.1097938960402784,-0.015048977188543202
2025-11-19,0.0,0.05378166190360112,-0.07568396276649558,-0.015048977188543202,0.40993672728483793,0.1294656246700967,0.35292069011739674,-0.09095330975106786
2025-11-20,5.018476652729453e-05,0.0362159006388718,-0.09125823315729831,-0.09095330975106786,-0.22079837425637192,0.1274741337961702,0.16665808590662992,-0.08613289865851645
2025-11-21,-2.3143270829842096e-05,0.030916627968191137,-0.12252544024639817,-0.08613289865851645,0.3282508166596327,0.15344206821458936,0.4088468526284027,-0.008920266128105602
2025-11-22,4.99238464285751e-06,0.016937023145264345,-0.04481663242240029,-0.008920266128105602,-0.7927966189613836,0.06175365556766464,-0.5372593553397521,-0.008521916586206161
2025-11-23,2.059016084660746e-05,0.021301608004836697,-0.008650356847867902,-0.008521916586206161,-0.17794310001115435,0.02995196485270456,-0.6606630701996112,0.07299615702076208
2025-11-24,-4.1889779878144644e-06,0.10083789288611307,-0.007818222211135244,0.07299615702076208,0.47619411461995537,0.10865611509724825,-0.12338964666572115,0.03378174755523317
2025-11-25,2.3115679602465247e-05,0.04997059382835824,-0.029507476214571008,0.03378174755523317,-0.12916965356242596,0.0794780700429293,-0.16529559763413762,0.01119588428758891
2025-11-26,0.0,0.0204326531623074,-0.03536175627941021,0.01119588428758891,-0.07750981877177411,0.05579440944171763,-0.18276288987539166,0.024151672419708684
2025-11-27,-2.3604528775464793e-05,0.04341850683950796,-0.01599556327300481,0.024151672419708684,0.13177696482288914,0.05941407011251279,0.13449518339718922,-0.02881923941684629
2025-11-28,1.3144184395515209e-06,0.026378798958278778,-0.03303795927034739,-0.02881923941684629,0.03480775569457468,0.05941675822862611,0.1245247398325523,-0.006355154592691641
2025-11-29,-2.7057385931912176e-05,0.014610961166238298,-0.016674870028434072,-0.006355154592691641,-0.5762114797819518,0.03128583119467253,-0.5287064975295089,-0.03636261057856477
2025-11-30,-6.887490283337987e-06,0.0052719690457389895,-0.03636261057856477,-0.03636261057856477,-0.029810712411592694,0.04163457962430381,-0.45267117653533884,-0.09533230525667041
2025-12-01,-4.1942432978743665e-05,-1.478346869367003e-05,-0.13067527483620472,-0.09533230525667041,0.5657724358285902,0.13066049136751096,0.2031265397799565,0.11084811780866195
2025-12-02,0.0,0.12041918794668775,-0.008171449188372959,0.11084811780866195,-0.00840635728739828,0.12859063713506078,0.1660529415156451,0.029604592194440435
2025-12-03,3.5980450513065304e-06,0.038049194808308415,-0.014646878818906963,0.029604592194440435,-0.1123781912279964,0.05269607362721557,0.05697290287073501,-0.03675456152734546
2025-12-04,9.84412541894695e-06,0.014288815229355382,-0.041922600390808966,-0.03675456152734546,-0.18806095901693481,0.05621141562016432,-0.0933926464976036,-0.050313955162577126
2025-12-05,7.494793280604823e-06,0.012088103135936371,-0.07389339493686163,-0.050313955162577126,0.006083503604186544,0.08598149807279812,-0.12365190572660593,0.005353680828065254
2025-12-06,-1.2298778558181832e-05,0.01998146555612627,-0.013453764050805471,0.005353680828065254,-0.36143668282728775,0.03343522960693168,-0.5251487486416543,-0.01934034609687557
2025-12-07,0.0,0.021842657903314265,-0.04306539441582336,-0.01934034609687557,0.2899793483899687,0.06490805231913765,-0.11690057216594617,0.03613134596681411
2025-12-08,1.2032704539788957e-05,0.07410920177980579,-0.00036052130505656214,0.03613134596681411,0.16776450967515666,0.0744697230848622,0.13271542075973733,0.035528317797885026
2025-12-09,-3.7274097789486373e-06,0.09049753792140977,-0.022224798697568462,0.035528317797885026,0.20923813747841993,0.11272233661897826,0.36259346905069834,-0.03061009472664789
2025-12-10,4.087831808284463e-06,0.04207655351368012,-0.04500869632479012,-0.03061009472664789,0.05726001780044427,0.08708524983847031,0.3457175738652076,-0.018052295810511845
2025-12-11,-1.3234886571127375e-05,0.002641949408793694,-0.060375041072672865,-0.018052295810511845,-0.04852433352072169,0.06301699048146658,0.21470194902540432,-0.041832162516125336
2025-12-12,-8.15423241366063e-06,0.0404971230939077,-0.07063026858507804,-0.041832162516125336,-0.06814680392670364,0.11112739167898568,0.031647411933736255,0.011544180323823055
2025-12-13,0.0,0.01933399321248702,-0.001186763802002523,0.011544180323823055,-0.6613115594060629,0.020520757014489476,-0.6843130992127913,-0.04330865105060838
2025-12-14,0.0,0.0032927643895343,-0.04841061550756568,-0.04330865105060838,0.05006796666673371,0.051703379897099985,-0.5644994294684665,-0.03927203102267614
2025-12-15,1.2195275180882732e-05,0.04011684736768375,-0.06711400653290858,-0.03927203102267614,0.4670362214081602,0.10723085390059238,0.017577300036488913,-0.010137437501832285
2025-12-16,0.0,0.01144671899460104,-0.01862237446605384,-0.010137437501832285,-0.23708895712490333,0.030069093460654825,-0.15692205503656018,-0.0609350224348644
2025-12-17,0.0,0.03292462317751573,-0.06695766900828326,-0.0609350224348644,0.17977910776358555,0.09988229218579903,0.12489648804328139,-0.04147619066504086
2025-12-18,1.3927496856186103e-05,0.05128630993276485,-0.057242601950903804,-0.04147619066504086,0.050440647096390887,0.10852891188366856,0.22725325105430264,0.08571197819899314
2025-12-19,0.0,0.09988560286463977,-0.014373958329350005,0.08571197819899314,-0.336311991367448,0.11425956119398964,-0.20466235778082728,-0.014272975383572655
2025-12-20,-5.0338727818856005e-06,0.007290617285464601,-0.016511604634905492,-0.014272975383572655,-0.6831670193945462,0.023802221920370195,-0.9066377871654463,-0.04385575449687032
2025-12-21,4.805845830846661e-06,0.0006849004447245615,-0.05499076715005725,-0.04385575449687032,0.19832677190613704,0.05567566759478181,-0.5520570010610669,0.021631322874747984
2025-12-22,-1.537788564875187e-05,0.04126053085763348,-0.0010364963690536646,0.021631322874747984,0.35737402172015764,0.04229702722668728,-0.09731779813987385,-0.0134023911844718
2025-12-23,0.0,0.007385017382424724,-0.03439437586418008,-0.0134023911844718,-0.04975917883663065,0.04177939324660481,-0.0495987050359886,-0.0042807790933027355
2025-12-24,0.0,0.005191392472751099,-0.033359061617476385,-0.0042807790933027355,-0.13005629549672787,0.03855045409022757,-0.04298400074570165,-0.029317636901486196
2025-12-25,0.0,0.018208098951368212,-0.030135049212982098,-0.029317636901486196,-0.2673203734299261,0.04834314816435025,-0.23889662192234484,0.04070253407545268
2025-12-26,0.0,0.05683296020432769,-0.0035824548092039535,0.04070253407545268,0.32285740355838743,0.0604154150135315,0.06788723144837966,0.04655836134262733
2025-12-27,0.0,0.04678597505570908,-0.009380669868688622,0.04655836134262733,-0.2508246680709678,0.0561666449243975,-0.22648101283432268,-0.020030674445904232
2025-12-28,4.523282416161758e-06,0.0005265299547208364,-0.028868350587580065,-0.020030674445904232,-0.08036420287682905,0.02939488054230092,-0.2314964801996961,-0.04332594038903587
2025-12-29,0.0,0.02671426740845413,-0.045945221299882974,-0.04332594038903587,0.425912645211781,0.07265948870833713,0.27713755435752185,-0.014675438801776915
2025-12-30,-1.540043407248957e-05,0.018079914058844522,-0.014860546598357924,-0.014675438801776915,-0.10290146887178106,0.03294046065720237,0.1380833903556758,-0.06884217678874074
2025-12-31,0.0,0.005832080479958939,-0.06939287002791217,-0.06884217678874074,0.28868390530385857,0.07522495050787116,0.3666221797635537,0.0782834437598032
2026-01-01,-5.694489067162241e-06,0.0847890615948465,-0.0063020727519580285,0.0782834437598032,-0.27150676251371064,0.09109113434680467,0.02691113117303503,0.08080770637087395
2026-01-02,0.0,0.08901130416806395,-0.007975331016045892,0.08080770637087395,0.5347083732744979,0.09698663518410998,0.5156802573982288,0.0019504820303462849
2026-01-03,0.0,0.014830060705980438,-0.02357764073032847,0.0019504820303462849,-0.36372849310471334,0.03840770143630891,-0.02645450091410735,0.05118367281665936
2026-01-04,0.0,0.060645716589597116,-0.0012154142860540998,0.05118367281665936,0.06769025617718709,0.0618611308756511,0.0254433473165266,0.041247515731442856
2026-01-05,-5.250386076072734e-06,0.05717918995113059,-0.01837169266602398,0.041247515731442856,0.25503146706341845,0.07555088261715451,0.23520377562665015,0.036837097944534054
2026-01-06,0.0,0.0842788285015762,-0.013355822526476088,0.036837097944534054,0.42884251051834693,0.09763465102805241,0.6148614125437616,-0.06218116254816066
2026-01-07,0.0,1.2352897753644156e-05,-0.07056266292032658,-0.06218116254816066,-0.5153598336328861,0.07057501581808004,-0.10168290489341991,-0.014539469201692993
2026-01-08,0.0,0.003521766282415694,-0.047810412999903046,-0.014539469201692993,-0.09066881231452276,0.051332179282318556,-0.16747237248577526,0.00021182187818406917
2026-01-09,1.4533720531550928e-05,0.03527383240529234,-0.014741198850254498,0.00021182187818406917,-0.07657724238448887,0.05001503125554688,-0.2667022735721111,0.0011914550297916502
2026-01-10,0.0,0.032344474023883074,-0.01806340301007908,0.0011914550297916502,-0.37316909937082865,0.05040787703396228,-0.6400654771765709,-0.0037623769581556616
2026-01-11,1.3411068540974328e-05,0.021435978864889405,-0.018087622956109838,-0.0037623769581556616,0.0587266034964959,0.03952360182099927,-0.4848951600259137,-0.030134718067095913
2026-01-12,8.85149705092475e-06,0.03169936822411411,-0.03566003463824259,-0.030134718067095913,0.386972428213363,0.06735940286235666,0.13858954746058064,0.11673741173640866
2026-01-13,0.0,0.1410270062264827,-3.687011495149335e-05,0.11673741173640866,0.44848936349860574,0.14106387634143427,0.6101663617521801,-0.019970378745031412
2026-01-14,-8.540033499856263e-06,0.013264137836132287,-0.02538375827517858,-0.019970378745031412,0.1009938522490086,0.03864789611131085,0.5870876780253864,-0.06674600830552652
2026-01-15,0.0,0.0005190641043414453,-0.07986661623364642,-0.06674600830552652,-0.2755463574638349,0.08038568033798782,0.1574366627432585,0.021847428997228278
2026-01-16,0.0,0.03419889449556725,-0.024030898832468523,0.021847428997228278,-0.37772354444293804,0.058229793328035635,-0.33371420380311395,0.004694001253338939
2026-01-17,0.0,0.04029058042296999,-5.413273183833306e-07,0.004694001253338939,0.04589597531174339,0.0402911217502882,-0.32253724242620246,-0.07627373192663936
2026-01-18,0.0,0.007366109168670279,-0.0765045154328173,-0.07627373192663936,-0.15277207888209696,0.08387062460148768,-0.4666381905397226,-0.017165707554918006
2026-01-19,-1.5894342166961564e-05,-1.5894342166961564e-05,-0.06782586088136372,-0.017165707554918006,0.5452345811554725,0.06780996653919664,0.20306870949396727,-0.07489705768776549
2026-01-20,0.0,0.0027771793850659278,-0.07822124232040219,-0.07489705768776549,-0.29786720772350916,0.08099842170546828,-0.034255429049895036,0.03132847701531993
2026-01-21,2.072085737663746e-05,0.05871304440444037,1.3495171252523915e-05,0.03132847701531993,0.014366905701430772,0.05869954923318787,0.033242133102541156,-0.010760348639728416
2026-01-22,0.0,0.019084001842669635,-0.02789944669017462,-0.010760348639728416,-0.4805507985734902,0.04698344853284432,-0.4765397505615689,-0.0008781450459587368
2026-01-23,2.186047189568328e-05,0.022028522059871523,-0.02025332389839081,-0.0008781450459587368,0.12603068507946205,0.04228184595826226,-0.29299853521536634,-0.009456162746839842
2026-01-24,5.4178693207578725e-06,0.0055473970953966965,-0.013821707095711427,-0.009456162746839842,-0.2972022614792324,0.019369104191108218,-0.5755878673352876,-0.05712621690776896
2026-01-25,0.0,0.005112539852758266,-0.07667412604918372,-0.05712621690776896,0.331136779821048,0.08178666590194192,-0.05318599986260405,0.035442621336570515
2026-01-26,0.0,0.0487256455232424,-0.0017189237945027744,0.035442621336570515,-0.054656333478118144,0.0504445693177453,-0.03747957808507867,0.010089654378671797
2026-01-27,0.0,0.014370364927559508,-0.020563454483816856,0.010089654378671797,0.00710383469979266,0.03493381941137636,0.061431092413648684,0.0022729187198903336
2026-01-28,5.107500652009043e-06,0.011090423024988133,-0.016491737602907373,0.0022729187198903336,-0.01790301115635072,0.027582160627895477,0.021167732344066357,-0.09730921369021864
2026-01-29,0.0,0.0009829227657360566,-0.11650978747852139,-0.09730921369021864,0.38233006494298843,0.11749271024425742,0.4100609113837149,-0.022053669183507194
2026-01-30,0.0,0.004706722229088046,-0.03891432085858565,-0.022053669183507194,0.15455220688455615,0.04362104308767384,0.43031515421472627,-0.0985085312593351
2026-01-31,0.0,0.0024302052632909983,-0.16469950750565004,-0.0985085312593351,0.21559493597679225,0.1671297127689412,0.5365141168938142,-0.02434089518828506
2026-02-01,0.0,0.021624427194857857,-0.04147770812217766,-0.02434089518828506,-0.48042171839562087,0.0631021353170355,-0.10866271478051301,0.03639359945748239
2026-02-02,-5.7893392040006574e-05,0.07059047006831991,-0.024373046940653214,0.03639359945748239,0.17779220105872598,0.0949635170089729,0.029655357577958934,-0.025195110568995212
2026-02-03,1.2586115030685728e-05,0.03103047510623496,-0.05258493560252468,-0.025195110568995212,-0.010125841571374274,0.08361541070875968,-0.05245229682970512,-0.01646662309586843
2026-02-04,-6.75463768571938e-06,0.032050209209153115,-0.035430591345650055,-0.01646662309586843,-0.09198726782340469,0.06748080055480321,-0.1549690864658237,-0.1644255824113837
2026-02-05,0.0,0.009246218105923406,-0.1719219313170437,-0.1644255824113837,0.7586705314515169,0.18116814942296722,0.6400185500592154,0.0990015914114186
2026-02-06,-6.731633339490912e-06,0.1267459394866123,-0.09420865374804292,0.0990015914114186,-0.10226051048723156,0.2209545932346552,0.43064453184816265,0.0008085546445945188
2026-02-07,-1.400890567202154e-05,0.016572105658742054,-0.0455210021232116,0.0008085546445945188,-0.6231767763839284,0.062093107781953726,-0.3406935666869518,-0.029116308376227397
2026-02-08,0.0,3.626290856237042e-07,-0.04401682086878744,-0.029116308376227397,-0.3761633697822755,0.04401718349787322,-0.7066612622561939,-0.013825713254916822
2026-02-09,2.1653858221033013e-06,0.0130696979890019,-0.043781711223121696,-0.013825713254916822,0.12459927152623036,0.056851409212123574,-0.5268111897063105,-0.03480280281991412
2026-02-10,0.0,0.0058655838836855,-0.047532936474827654,-0.03480280281991412,-0.23928728305258187,0.05339852035851299,-0.7368596581467326,-0.013117490639230133
2026-02-11,8.544398595978033e-06,0.02337932039724581,-0.030935537603667414,-0.013117490639230133,0.1494924859702678,0.05431485800091318,-0.3294931053602197,0.01297253829470532
2026-02-12,0.0,0.04895907416576555,-0.007696214424834018,0.01297253829470532,-0.04954252080041337,0.056655288590599664,-0.11303305323393885,0.021217385467760922
2026-02-13,3.582846725773607e-05,0.032191821194890315,-0.025053548193091833,0.021217385467760922,-0.09572784771077189,0.05724536938798199,-0.11945061193239012,0.05279920092204206
2026-02-14,-3.8377378345227945e-07,0.06675656933684368,-6.923517395224715e-05,0.05279920092204206,0.041430705067630115,0.066825804510796,-0.057072495792291775,-0.04065746360044751
2026-02-15,0.0,0.009039399755144279,-0.06498916382612412,-0.04065746360044751,0.16016738071752895,0.07402856358126826,0.14429201534210004,0.005730661709823494
2026-02-16,2.2217486368386362e-05,0.021822730795286596,-0.013810087730522166,0.005730661709823494,-0.18477804765235467,0.03563281852580866,-0.0825670666326137,-0.019730053063468866
2026-02-17,0.0,0.0011927180443960929,-0.025204190101944284,-0.019730053063468866,-0.02248467841924808,0.02639690814634046,-0.07948723949330963,-0.03951061244910838
2026-02-18,0.0,0.01240405399521955,-0.045269072550688176,-0.03951061244910838,-0.008349373428241838,0.05767312654590761,-0.06792832663263931,0.09999230786422435
2026-02-19,3.1198165550517056e-05,0.1953567942525628,-0.0030717805935960465,0.09999230786422435,2.1876180795980344,0.1984285748461588,2.122330407446882,0.04324171048810598
2026-02-20,0.0,0.045658164424719934,-0.03855846734950112,0.04324171048810598,-1.0447355093704391,0.08421663177422088,0.1725374444843029,0.09476112567997594
2026-02-21,0.0,0.15175890757897936,-0.01121068718192423,0.09476112567997594,0.4334007627901983,0.16296959476090367,0.47172551114381056,-0.07495356572354908
2026-02-22,-2.408684075460881e-05,-1.0593094097070468e-05,-0.0768858106969083,-0.07495356572354908,-1.0535395951404434,0.07687521760281113,-0.8067198858763378,-0.05420267777981883
2026-02-23,0.0,0.010851521199767915,-0.05468277971704822,-0.05420267777981883,0.05861524709111755,0.06553430091681603,-0.783371745780426,-0.061330645167786246
2026-02-24,0.0,0.017901729336863844,-0.06324394541376042,-0.061330645167786246,0.05074057388743046,0.0811456747506242,-0.7721236815999749,0.04074560904571781
2026-02-25,-3.0056707244051397e-05,0.07836622731935299,-0.002765410344212058,0.04074560904571781,0.21756831354118372,0.08113163766356513,-0.13086729211673237,-0.019256865106760154
2026-02-26,0.00010685015316128755,0.007429902190526144,-0.046175715079506574,-0.019256865106760154,-0.26617627667513544,0.0536056172700328,-0.3353948166154264,-0.035586621683817383
2026-02-27,0.0,0.02959506539524286,-0.05209671334899693,-0.035586621683817383,0.08113609514830984,0.08169177874423973,0.024055830504253934,0.012370822521219259
2026-02-28,9.284153830277948e-07,0.019077467376084588,-0.07000686178798993,0.012370822521219259,0.19722281995480595,0.08908432916407442,0.19453960767043119,-0.04010908278480022
2026-03-01,7.030318554352991e-06,0.02623948522472986,-0.055988600126159624,-0.04010908278480022,-0.22644339083742346,0.08222808535088957,-0.08962787187310614,0.03013024577589022
2026-03-02,0.0,0.04852844505599195,-0.006461274577236059,0.03013024577589022,0.09233263125404292,0.054989719633228025,0.0021011390288379938,-0.017773765255701523
2026-03-03,2.39264879508004e-05,0.0006517535676417915,-0.037810531483789794,-0.017773765255701523,-0.15513067031262176,0.0384622850514315,-0.12669671676312247,0.027712559072980248
2026-03-04,0.0,0.04374244170773543,-0.015579864384382386,0.027712559072980248,0.18299088500259186,0.059322306092117846,0.05822400163963931,-0.03074789238058975
2026-03-05,0.0,0.0011096878466451891,-0.04074587052578316,-0.03074789238058975,-0.252329656297776,0.04185555837242835,-0.212371858098294,-0.04147317427774564
2026-03-06,0.0,0.00749748902007993,-0.062464563832056265,-0.04147317427774564,-0.03836946424158367,0.06996205285213625,-0.1784343853455464,-0.025988424031632176
2026-03-07,0.0,0.0042799321085184435,-0.02991118939652812,-0.025988424031632176,-0.2843522253731656,0.03419112150504669,-0.4311877258183216,-0.01053008587587078
2026-03-08,1.0959760104388609e-06,0.015085320324193964,-0.020229948815221364,-0.01053008587587078,0.09298934215922673,0.035315269139415295,-0.2387618930492311,0.035501964891723664
2026-03-09,1.5079991045739969e-05,0.06076770969483378,-0.0001790177180771199,0.035501964891723664,0.16052172330683406,0.0609467274129109,-0.02176239580646581,0.012042964717032612
2026-03-10,0.0,0.04072306105665854,0.0,0.012042964717032612,0.20357620730742587,0.04072306105665854,0.2589295096828611,0.02270180314101614
2026-03-11,0.0,0.029172752326469566,-0.009944851070235104,0.02270180314101614,-0.1627242155178074,0.039117603396704656,0.06414708336887098,0.016327431534539263
2026-03-12,-7.703653322607525e-06,0.021424449517620636,-0.013721419817817807,0.016327431534539263,-0.15931183699341303,0.03514586933543842,-0.09728665908133054,0.011889502863638152
2026-03-13,1.3751247281291768e-05,0.036878799448184674,-0.00025404142652844536,0.011889502863638152,0.2937494676562757,0.037132840874713156,0.17379807790912882,-0.014927063783995253
2026-03-14,0.0,0.004396801441678167,-0.02607500177955341,-0.014927063783995253,-0.36531265114901473,0.030471803221231532,-0.25718720799295225,0.021140660943491905
2026-03-15,0.0,0.025491034484978237,-0.006594299725406696,0.021140660943491905,-0.029769687294704722,0.032085334210384765,-0.2540579661329457,0.06843999014306426
2026-03-16,0.0,0.07221103030149743,-0.004751552760758715,0.06843999014306426,0.4153076581953765,0.0769625830622561,0.24655523042072675,-0.03006199863641209
2026-03-17,0.0,0.0004561241043235483,-0.03757037648238307,-0.03006199863641209,-0.06492232163161325,0.03802650058670665,0.14561672338029033,-0.04908388769626209
2026-03-18,0.0,0.01305349336932129,-0.06136480095554739,-0.04908388769626209,-0.02671294136230064,0.07441829432486889,0.069158115886165,-0.0038847551194191193
2026-03-19,0.0,0.0014360957039932034,-0.03965987719322887,-0.0038847551194191193,-0.14330052968704338,0.041095972897221986,-0.05815087310468767,0.007802143884261598
2026-03-20,0.0,0.05537130236179234,-0.0019517960118534215,0.007802143884261598,0.18348808317850065,0.05732309837364576,0.09929683229028506,-0.016757957449333286
2026-03-21,0.0,0.02017846948946012,-0.017158689080640138,-0.016757957449333286,-0.2588437787296731,0.037337158570100386,-0.2247451626488479,-0.02980048705575073
2026-03-22,9.62302525952992e-05,0.005316156848442217,-0.0408601389582939,-0.02980048705575073,0.07388367958387107,0.04617629580673608,-0.09098571985130124,0.0460314363290508
2026-03-23,0.0,0.05277713936158,-0.013842408420587213,0.0460314363290508,0.3370105180832608,0.06661954778216725,0.2807814420019438,-0.00812719458322745
2026-03-24,0.0,0.0024501621290193175,-0.03026822276338441,-0.00812719458322745,-0.054362232694093016,0.03271838489240374,0.18114332346385761,0.006329801961915856
2026-03-25,0.0,0.02092359064755079,-0.002319320973168778,0.006329801961915856,-0.2033890569524064,0.02324291162071948,-0.07934024375377827,-0.04241206764917907
2026-03-26,0.0,0.00033677833367293984,-0.052380752109300634,-0.04241206764917907,0.03676661221144878,0.052717530442973726,-0.021761440094654173,-0.024833813885848353
2026-03-27,-8.805940697716854e-06,0.01100133374672585,-0.02791829143305764,-0.024833813885848353,0.21980603493403467,0.038919625179783646,0.16475630744256542,-0.02105644532958244
2026-03-28,0.0,0.015214224057371599,-0.022510618486484318,-0.02105644532958244,-0.21529767894391397,0.03772484254385588,-0.11564495651962424,-0.0073317238848506485
2026-03-29,-6.766551110567781e-07,0.009674634707749746,-0.025707598116935397,-0.0073317238848506485,-0.1523922371495123,0.03538223282468519,-0.22402288755725155,0.019608558247094475
2026-03-30,0.0,0.050302649299300034,-5.103866017741505e-05,0.019608558247094475,0.26618777235335367,0.050353687959477283,0.10306343327818428,0.008757415098568757
2026-03-31,0.0,0.01910177891565096,-0.006358091448198114,0.008757415098568757,-0.08294384285328613,0.025459870363849082,-0.01123169592163709,-0.00304766052620102
2026-04-01,0.0,0.0243567763317805,-0.007348588452016644,-0.00304766052620102,0.018641976819570732,0.03170536478379707,0.0005629464271470377,-0.04509986761761336
2026-04-02,-1.0799641602830067e-06,0.0090299701297931,-0.0495447452007403,-0.04509986761761336,0.02421384275115529,0.058574715330533385,0.06153274768150866,0.017436627425812597
2026-04-03,0.0,0.033289029444515894,-2.2595951536439797e-05,0.017436627425812597,-0.057408439807432946,0.03331162539605226,-0.010875879406564731,0.00724111344000825
2026-04-04,0.0,0.014947326858897847,-0.005074767875001608,0.00724111344000825,-0.25098768789060616,0.02002209473389948,-0.29211169405057996,0.003165382033932611
2026-04-05,0.0,0.0046825505478606646,-0.021184211535410672,0.003165382033932611,0.03521280848085124,0.025866762083271357,-0.19261493775134958,0.009779603985051602
2026-04-06,0.0,0.05069312267112246,-2.113006012675309e-06,0.009779603985051602,0.2689263596366052,0.05069523567713507,0.11997770604279366,0.059207587731608766
2026-04-07,-8.118700761818782e-06,0.06505052523148434,-0.018268648059784582,0.059207587731608766,0.05867113741004519,0.08331917329126895,0.17420318319164443,-0.03963847612030219
2026-04-08,2.0510129519918467e-05,0.005881757785134325,-0.04434928783675392,-0.03963847612030219,-0.20057321700041736,0.050231045621888334,-0.03889890050585252,0.01885366762386571
2026-04-09,2.511483058803747e-05,0.04004402528769426,-0.010414948320362775,0.01885366762386571,0.0585440549777089,0.05045897360805713,0.03765990133773114,0.03011640970583796
2026-04-10,0.0,0.04059867620000966,-0.006791253971621217,0.03011640970583796,0.1447017362028359,0.047389930171630776,0.14204329112238218,-0.011734273966107692
2026-04-11,0.0,0.010339799252114982,-0.02164674646903055,-0.011734273966107692,-0.23561761353209842,0.03198654572114542,-0.15639882497104052,-0.04185772370631996
2026-04-12,0.0,0.002148233289618395,-0.04302977831932668,-0.04185772370631996,0.0816567344691445,0.045178011608945114,-0.04163654903737128,0.055083689098129655
2026-04-13,0.0,0.05710077552891005,-3.298235163781704e-07,0.055083689098129655,0.08632486208361395,0.05710110535242636,0.07652394257545704,-0.02378010671578756
2026-04-14,0.0,0.0017119859974447946,-0.03264675533097737,-0.02378010671578756,-0.017942807063863392,0.034358741328422295,0.0315688392476119,0.08446487926380489
2026-04-15,0.0,0.13502048244323828,-0.00013442553165484187,0.08446487926380489,0.5187152129359854,0.13515490797489313,0.5385036459640079,0.04884449571635154
2026-04-16,0.0,0.06064136643124215,-0.007513501931417923,0.04884449571635154,0.060743650368330036,0.06815486836266013,0.4855039778954528,-0.011976630073262797
2026-04-17,-5.399581253990117e-05,0.02467959497368834,-0.016570472328546804,-0.011976630073262797,-0.4801146885347957,0.04125006730223514,-0.15016061227541577,-0.0485329237693552
2026-04-18,-1.4156723277854426e-06,0.004235060525710204,-0.0485329237693552,-0.0485329237693552,-0.22213590050613566,0.05276798429506536,-0.39852640562058217,-0.00952224932140418
2026-04-19,-1.3746265706435726e-05,0.03966966919261748,-0.013163851736678315,-0.00952224932140418,0.18113382029701725,0.0528335209292957,-0.19689442765688034,0.032285360716066754
2026-04-20,0.0,0.0544226954415922,-0.0012889050390391284,0.032285360716066754,0.0025630639278452372,0.05571160048063117,-0.20359712333496033,-0.005350879026668403
2026-04-21,3.0505121228098956e-06,0.015414397862795656,-0.023882304277162907,-0.005350879026668403,-0.1257134277449314,0.03929670213995852,-0.22978732742435892,0.006984548222597372
2026-04-22,0.0,0.03300155198628864,-0.0020839265548853753,0.006984548222597372,0.0649935394001706,0.035085478541174046,-0.009570397320185543,0.02969416671993613
2026-04-23,0.0,0.034353122222011014,-0.01120962283434322,0.02969416671993613,-0.07282797850273823,0.04556274505635417,-0.06153241218734499,0.011858959295576945
2026-04-24,0.0,0.03255220599099087,-0.01309044088293891,0.011858959295576945,0.37319009572984213,0.045642646873929674,0.30250106395180815,0.034464898308156904
2026-04-25,0.0,0.06476962089265081,-0.001602726327827803,0.034464898308156904,-0.10029832669511131,0.06637234722047858,0.1456166664606303,0.05364862803272459
2026-04-26,0.0,0.1409154611690205,-0.00968811656776649,0.05364862803272459,0.8843318366566498,0.15060357773678706,1.000300345316384,-0.04217715572841866
2026-04-27,0.0,0.041221416090267374,-0.060559265555384434,-0.04217715572841866,-0.6379415873868398,0.10178068164565193,0.046438300964450376,-0.005867402978020079
2026-04-28,-5.846586370741243e-06,0.01804103257391794,-0.029573035417117106,-0.005867402978020079,-0.3706581583054041,0.04761406799103515,-0.39695419133906545,-0.026488472682934437
2026-04-29,0.0,0.01571375447936164,-0.04709354642469632,-0.026488472682934437,0.045371345901536804,0.06280730090405796,-0.369984123298554,-0.014499962805058227
2026-04-30,0.0,0.010564522878270071,-0.01900147428054025,-0.014499962805058227,-0.22592347912992441,0.029565997158810524,-0.5684209970626106,0.06149251469656316
2026-05-01,6.7536403253069195e-06,0.07662477905537707,-0.00036100319166791216,0.06149251469656316,0.3502177013456845,0.07698578224704478,-0.17699352882107677,0.04394915998852277
2026-05-02,0.0,0.0662062925102532,-9.886461842629707e-06,0.04394915998852277,0.12798321787033554,0.06621617897209564,0.19964735645007042,-0.01639880791031643
2026-05-03,0.0,0.0,-0.02391443497144132,-0.01639880791031643,-0.4905455341688335,0.023914434971441252,-0.27222956169761175,-0.0164453740927391
2026-05-04,-1.9235698195130683e-05,0.01692580882601948,-0.019533656730849856,-0.0164453740927391,0.20170616912626363,0.036459465556869484,-0.03757592615637552,0.020157236327803436
2026-05-05,0.0,0.04490229770966823,-0.002517468768087541,0.020157236327803436,0.14938146077975006,0.04741976647775599,0.11900442937428407,0.03616210600198521
2026-05-06,-5.838131706338111e-06,0.04224371670804896,-0.001402320685017791,0.03616210600198521,-0.03359613666717467,0.043646037393066765,0.022687743321650335,-0.014332828719617453
2026-05-07,1.670855178297424e-05,0.012944293763073008,-0.025666508714878786,-0.014332828719617453,0.29025751931256644,0.03861080247795187,0.3224219953294055,0.09612758934566135
2026-05-08,0.0,0.11034414935287677,-0.008437492197601947,0.09612758934566135,0.2180994010337267,0.11878164155047873,0.5104435299328,-0.004442779443343954
2026-05-09,0.0,0.029911674125314872,-0.009920341580658408,-0.004442779443343954,-0.6899120602129687,0.03983201570597316,-0.35115650216822786,0.018317668543048667
2026-05-10,0.0,0.04254792593486886,-0.027053961092927802,0.018317668543048667,0.21418149461712832,0.06960188702779675,-0.12735893509924504,0.0742976501486043
2026-05-11,-1.4016338378705961e-05,0.1021830638021243,-0.02423642130055126,0.0742976501486043,0.6085378529693563,0.12641948510267567,0.48134977790800615,0.03498528312752825
2026-05-12,-0.00010297017318471807,0.06817788113033778,-0.019561947731319404,0.03498528312752825,0.4153315161235665,0.08773982886165718,0.7541483630163038,0.07261235369317977
2026-05-13,0.0,0.2378342253387221,-0.006882050505814629,0.07261235369317977,0.9376068755384913,0.2447162758445366,1.486723945144488,0.003243215156261745
2026-05-14,1.2241542323233559e-05,0.030991396282873986,-0.04207741662016096,0.003243215156261745,-0.7775825533746952,0.07306881290303478,0.18777894890168123,-0.053383548463858316
2026-05-15,4.067318183198794e-06,0.02087594670661765,-0.08142097086934331,-0.053383548463858316,-0.7232064963524683,0.10229691757596099,-0.7023744877980791,-0.03286070069651485
2026-05-16,0.0,0.008029642724908014,-0.07148722727458617,-0.03286070069651485,-0.2573941888728326,0.07951686999949413,-0.9956915952646289,-0.03604837308506854
2026-05-17,0.0,0.04795954057322017,-0.052157631001557646,-0.03604837308506854,0.1059599188069702,0.10011717157477772,-0.8521104163474452,0.11973182982661001
2026-05-18,-6.529223894366378e-05,0.12015425165717275,-0.012187422289629476,0.11973182982661001,0.13799347419186125,0.1323416739468021,-0.6208989086285032,-0.04332148582757012
2026-05-19,-9.174991697389977e-06,0.05066166379781746,-0.05925098562605217,-0.04332148582757012,0.38459361324106933,0.10991264942386963,0.24360107552040802,-0.023192755289584855
2026-05-20,0.0,0.061213248515000394,-0.03584429437969663,-0.023192755289584855,-0.41937027033091795,0.09705754289469701,-0.06184250360719822,0.08735103664718748
2026-05-21,-9.112657907837401e-06,0.10234072467778059,-0.0034728787530932804,0.08735103664718748,0.1908291477255341,0.10581360343087394,0.1383173245646315,-0.01535392759028889
2026-05-22,0.0,0.07015141041495622,-0.03575044668204962,-0.01535392759028889,0.38275481115609133,0.10590185709700585,0.4480839443078486,0.030285494333362903
2026-05-23,1.3917500284349792e-05,0.06274315336529318,-0.08546049582837145,0.030285494333362903,-0.017136884658953026,0.1482036491936648,0.2877551261172441,-0.0371091741073801
2026-05-24,-1.4486139090255955e-05,0.000893889421651888,-0.0501368454668382,-0.0371091741073801,-0.6999926755145837,0.05103073488849027,-0.5151554240008546,0.100204701823712
2026-05-25,-7.377920134251669e-05,0.12369289810868359,-0.016301542622518112,0.100204701823712,0.6680484317974967,0.13999444073120168,0.24753596624629862,0.0001917286068983341
2026-05-26,-6.716204269975781e-06,0.06911850096787854,-0.038509406887271384,0.0001917286068983341,0.08348456923804982,0.10762790785515008,0.23157603862178142,-0.03501697910360015
2026-05-27,-3.4498363786370765e-05,0.049530231314598404,-0.048124763320891085,-0.03501697910360015,-0.1811778221466391,0.09765499463548957,-0.032096491471215585,-0.005722345196981189
2026-05-28,-3.824814457376151e-06,0.020939285073566148,-0.040952763664361146,-0.005722345196981189,-0.09694518950784926,0.06189204873792726,-0.09794330123829349,0.16595678729797725
2026-05-29,-4.4587507201365844e-06,0.2003578591125839,-0.00010657832653695623,0.16595678729797725,0.8323589424500758,0.20046443743912085,0.7816287695056194,0.022341301668555053
2026-05-30,3.1104021697617063e-06,0.08681024179594521,-0.01677398637801825,0.022341301668555053,-0.3309945401596309,0.10358422817396364,0.17406911419171436,-0.007717202873171941
2026-05-31,2.5636747280424867e-05,0.014944628124777324,-0.03946915713949222,-0.007717202873171941,-0.6341889281963623,0.05441378526426962,-0.5210967982245293,0.06498896140981049
2026-06-01,-3.0579996342262207e-05,0.11382430427606588,-0.017226894702006487,0.06498896140981049,0.6810569565825425,0.13105119897807246,0.22222533933256655,-0.05800239236334857
2026-06-02,0.0,0.04588397319216338,-0.07270131223731818,-0.05800239236334857,-0.10973325255515394,0.11858528542948157,0.025658924836679874,-0.008902652871886572
2026-06-03,9.131688735604753e-06,0.056205884825177035,-0.03855931341551701,-0.008902652871886572,-0.1548643218323841,0.09476519824069406,-0.19951901494704344,-0.18578763802540096
2026-06-04,-6.7272597779673235e-06,0.006141714663970073,-0.2078851078699876,-0.18578763802540096,0.024037058596810063,0.21402682253395763,-0.047917799930441374,-0.05371204653255574
2026-06-05,-7.572434963379659e-06,0.0159981917758624,-0.1217965186323973,-0.05371204653255574,-0.05793711567208943,0.13779471040825966,-0.06425692243482017,0.007214018307431207
2026-06-06,1.700237926516134e-05,0.054554078098859,-0.05269110864602543,0.007214018307431207,-0.40816761544683355,0.10724518674488445,-0.5303353817438392,0.04713197224151416
2026-06-07,0.0,0.06637105259626207,-0.013204363094226977,0.04713197224151416,-0.11708056369470865,0.07957541569048918,-0.5185766427190069,0.03897657725148372
2026-06-08,0.0,0.08452901980034119,-0.010804513500410015,0.03897657725148372,0.10461400312576281,0.09533353330075109,-0.28146533862027107,-0.01602165783008502
2026-06-09,-5.678945193736036e-05,0.03174842061692886,-0.03803863394869283,-0.01602165783008502,-0.08086831852130995,0.06978705456562168,-0.2714739522817742,-0.11404692756871987
2026-06-10,4.2999164182112265e-06,0.004441062917480992,-0.12488163491517505,-0.11404692756871987,0.017524660573032928,0.12932269783265604,-0.13258215923567204,0.08767512222852955
2026-06-11,0.0,0.1002836124951757,-0.00027975576790710224,0.08767512222852955,0.010747550352429091,0.10056336826308296,-0.006374706895868289,-0.05807182830131664
2026-06-12,0.0,0.03912065449447982,-0.061540804245891305,-0.05807182830131664,0.030066812204907485,0.10066145874037125,0.03714189376473424,0.03460857071022854
2026-06-13,-8.04756598097016e-06,0.05074815468567314,-0.009574909029571303,0.03460857071022854,-0.2306791411083942,0.06032306371524443,-0.2097625267615876,-0.008378988245760163
2026-06-14,0.0,0.0010713945527644525,-0.06214225398368945,-0.008378988245760163,-0.050113305574825635,0.06321364853645399,-0.21202361279481816,0.06389211994892595
2026-06-15,-8.741995416617666e-05,0.09247257055980677,-0.028367832030389308,0.06389211994892595,0.5896283654149043,0.1208404025901961,0.41874738081863,-0.00840794436423817
2026-06-16,8.29458997336612e-06,0.08221412545004698,-0.022425561286594127,-0.00840794436423817,0.0911069457863572,0.10463968673664109,0.4239489498704306,-0.024198706603697873
