date,open_ret,high_ret,low_ret,close_ret,volume_ret,range_ret,vol_ratio,target_return
2023-01-02,0.0,0.009950334454896901,-0.010050339528227637,0.0,0.0,0.02000067398312461,0.0,0.0
2023-01-03,0.0,0.009950334454896901,0.0,0.0,0.0,0.009950334454896901,0.0,0.009950334454896901
2023-01-04,0.0,0.01980263442889286,0.0,0.009950334454896901,0.0,0.01980263442889286,0.0,0.0
2023-01-05,0.0,0.0,0.0,0.0,0.0,0.0,0.0,0.009852299973995822
2023-01-06,0.0,0.009852299973995822,-0.009950334454896998,0.009852299973995822,0.0,0.01980263442889286,0.0,0.0
2023-01-07,0.0,0.0,-0.009852299973995846,0.0,0.0,0.009852299973995822,0.0,0.009756178407786312
2023-01-08,0.0,0.009756178407786312,0.0,0.009756178407786312,0.0,0.009756178407786312,0.0,0.0
2023-01-09,0.0,0.009661914308534946,0.0,0.0,0.0,0.009661914308534946,0.0,1.5918077179145433
2023-01-10,0.0,1.5937820671932315,0.0,1.5918077179145433,1.5686159179138452,1.5937820671932315,1.5686159179138452,0.027292122820592013
2023-01-11,0.0,0.027292122820592013,-0.0059465444698951165,0.027292122820592013,0.0408219945202552,0.0332386672904872,1.0441241033840398,0.050619940914327304
2023-01-12,0.009569412637461418,0.05971925416898819,0.003838805470872859,0.050619940914327304,0.03922071315328133,0.055880448698115384,0.7086513670959106,0.053393559802229464
2023-01-13,0.0,0.05685369647038592,-0.0054994908186655825,0.053393559802229464,0.07410797215372183,0.062353187289051405,0.4989911661189878,-1.0107347922354404
2023-01-14,0.0,0.05725463735283863,-1.0446363200163928,-1.0107347922354404,-2.639057329615259,1.1018909573692317,-2.379546134130174,-0.0047732455973401805
2023-01-15,0.0,0.0,-0.019231368655821056,-0.0047732455973401805,0.0,0.019231368655821125,-2.3513752571634776,0.014251992820644092
2023-01-16,0.0,0.02364173637767757,-0.009615461726816266,0.014251992820644092,0.4054651081081644,0.03325719810449384,-1.710790406694388,0.0
2023-01-17,0.0,0.009389743557033555,-0.009478747223303843,0.0,0.0,0.01886849078033741,-1.402823663071101,-0.023867454547460327
2023-01-18,0.0,0.01869213936761199,-0.03357627176037864,-0.023867454547460327,-0.40546510810816444,0.0522684111279905,-1.3350010667323402,0.019139346208055096
2023-01-19,0.0,0.023867454547460407,0.0,0.019139346208055096,0.0,0.023867454547460407,-0.1823215567939546,0.07309184177455383
2023-01-20,0.0,0.07309184177455383,-0.009523884481238873,0.07309184177455383,0.4054651081081644,0.08261572625579251,0.22314355131420976,0.004395644931564556
2023-01-21,0.0,0.026088445163544038,-0.008849618410707449,0.004395644931564556,0.0,0.034938063574251346,0.14310084364067324,-0.004395644931564592
2023-01-22,0.0,0.013072054214351158,-0.01769958279780312,-0.004395644931564592,0.0,0.03077163701215421,0.14310084364067324,0.008771989152261005
2023-01-23,0.0,0.01746769914591556,0.0,0.008771989152261005,0.0,0.01746769914591556,0.14310084364067324,-0.013186976726617014
2023-01-24,0.0,0.008695709993654642,-0.017621607562968447,-0.013186976726617014,0.0,0.026317317556623157,0.06899287148695142,0.021882686720271615
2023-01-25,0.0,0.04752512610504887,-0.008888950291882516,0.021882686720271615,0.0,0.05641407639693142,0.0,0.1027597393712971
2023-01-26,0.0,0.11054182605462956,0.0,0.1027597393712971,0.9808292530117262,0.11054182605462956,0.9808292530117262,0.0
2023-01-27,0.0,0.015504191783272841,-0.01972454112955234,0.0,0.0,0.035228732912825314,0.6931471805599453,0.0
2023-01-28,0.0,0.003898670053886477,-0.007843122855318635,0.0,0.0,0.011741792909205047,0.47000362924573563,0.030771669001980775
2023-01-29,0.0,0.038318822417737174,-0.003913929191823071,0.030771669001980775,0.11778303565638346,0.042232751609560255,0.4054651081081644,-0.03861479185729947
2023-01-30,0.0,0.0,-0.05049621013153315,-0.03861479185729947,-0.11778303565638351,0.05049621013153322,0.10536051565782635,0.011741792909205047
2023-01-31,0.0,0.01562520953865095,-0.003944808182000538,0.011741792909205047,0.0,0.019570017720651582,-0.02469261259037141,0.023077899056767905
2023-02-01,0.0,0.02687299894809437,-0.011741792909205101,0.023077899056767905,0.11778303565638346,0.03861479185729948,0.09309042306601203,-0.007633571856700081
2023-02-02,0.0,0.01883298219190848,-0.007633571856700081,-0.007633571856700081,-0.11778303565638351,0.026466554048608485,-0.048790164169432056,-0.0038388054706812833
2023-02-03,0.0,0.007633571856700078,-0.011560910570621875,-0.0038388054706812833,0.0,0.01919448242732202,-0.048790164169432056,-0.0038535987050933125
2023-02-04,0.0,0.0038388054706813054,-0.0038535987050933125,-0.0038535987050933125,0.0,0.00769240417577455,-0.02469261259037141,-0.015564522270002696
2023-02-05,0.0,0.003853598705093369,-0.019493715933498204,-0.015564522270002696,0.0,0.023347314638591597,-0.02469261259037141,-0.00787400184549607
2023-02-06,0.0,0.007812599245709467,-0.011834433189808296,-0.00787400184549607,-0.4700036292457356,0.019647032435517894,-0.4946962418361069,0.019570017720651582
2023-02-07,0.0,0.02343852411549877,0.0,0.019570017720651582,0.0,0.02343852411549877,-0.39204208777602373,-0.011696015875155426
2023-02-08,0.0,0.003868506394847352,-0.02353044906496378,-0.011696015875155426,0.0,0.02739895545981094,-0.30748469974796055,-0.05232580886183849
2023-02-09,0.0,0.0,-0.05232580886183849,-0.05232580886183849,-0.2231435513142097,0.05232580886183853,-0.4382549309311553,-0.008298805821410042
2023-02-10,0.0,0.00823050209394,-0.012474148310394548,-0.008298805821410042,0.0,0.020704650404334526,-0.30010459245033816,0.01242255443225093
2023-02-11,0.0,0.01242255443225093,0.0,0.01242255443225093,0.0,0.01242255443225093,-0.1397619423751586,-0.004123748610840802
2023-02-12,0.0,0.008196769892984979,-0.008264512583327525,-0.004123748610840802,0.0,0.016461282476312445,-0.0953101798043249,0.0
2023-02-13,0.0,0.004123748610840807,-0.016667058548754464,0.0,0.0,0.020790807159595404,-0.048790164169432056,0.020450588317358583
2023-02-14,0.0,0.020450588317358583,-0.008298805821410042,0.020450588317358583,0.0,0.02874939413876857,0.0,0.08903362804381812
2023-02-15,0.0,0.08903362804381812,-0.008130069813532714,0.08903362804381812,0.22314355131420976,0.09716369785735086,0.22314355131420976,-0.030077466757088885
2023-02-16,0.0,0.03278986107183283,-0.030077466757088885,-0.030077466757088885,0.0,0.06286732782892161,0.17435338714477774,0.04112738704517131
2023-02-17,0.0,0.055673102280904475,-0.007662819767153323,0.04112738704517131,0.0,0.0633359220480578,0.1278333715098848,0.003656232609077282
2023-02-18,0.0,0.007299251697502124,-0.0036697567166629943,0.003656232609077282,0.0,0.010969008414165118,0.08338160893905121,0.9148298851527858
2023-02-19,0.0,0.9206607648931469,-0.01100926277510871,0.9148298851527858,1.7227665977411035,0.9316700276682556,1.7635885922613588,0.37075655479394815
2023-02-20,0.0,0.3777953503325062,-0.01769962572741546,0.37075655479394815,2.8743714165497236,0.39549497605992157,3.944812828251137,-0.1131268830834659
2023-02-21,0.0,0.008040305465404024,-0.21911531778935245,-0.1131268830834659,0.40814967347883346,0.22715562325475658,1.934447941728864,-0.11482129340210673
2023-02-22,0.0,0.06771145595681435,-0.1378992670939363,-0.11482129340210673,0.10670010058688283,0.20561072305075062,1.1762482563110812,-0.014039829287251561
2023-02-23,0.0,0.11595060761041567,-0.020487278939057163,-0.014039829287251561,-1.9339339580085977,0.13643788654947284,-1.2551410909003353,-0.031334167482353306
2023-02-24,0.0,0.0064062205437345685,-0.039323541002787656,-0.031334167482353306,-0.03390155167568134,0.04572976154652213,-1.3422343713258602,-0.0013271503576739016
2023-02-25,0.0,0.0,-0.014696279755645933,-0.0013271503576739016,-4.060443010546419,0.01469627975564597,-5.441551534633945,0.017116995829455525
2023-02-26,0.0,0.021025749546463683,-0.003991974270497158,0.017116995829455525,0.0,0.025017723816960834,-5.200704537681037,-0.007863719862593967
2023-02-27,0.0,0.006506177605993841,-0.02110897009995265,-0.007863719862593967,3.044522437723423,0.027615147705946627,-1.6283063967384832,-0.015915499129621962
2023-02-28,0.0,0.0026280659193154794,-0.019934211302704483,-0.015915499129621962,-0.02409755157906053,0.02256227722201985,-0.31889709179970543,0.02116481852568963
2023-03-01,0.0,0.030285396598209637,-0.002677398216143498,0.02116481852568963,0.024097551579060524,0.03296279481435323,0.033901551675681416,-0.007884387040194781
2023-03-02,0.0,0.003919042000515577,-0.01716211427207448,-0.007884387040194781,0.0,0.021081156272590114,0.4872951263557966,-0.048658222712502516
2023-03-03,0.0,0.0,-0.055607573852775476,-0.048658222712502516,-0.048790164169432056,0.05560757385277538,0.16841865162496325,0.0
2023-03-04,0.0,0.002766194030154302,-0.006949351140272919,0.0,0.0,0.009715545170427062,-0.034401426717332324,0.004146467033943413
2023-03-05,0.0,0.011019398562782683,-0.0013860121186805234,0.004146467033943413,0.0,0.012405410681463096,-0.02469261259037152,-0.0013802730037891678
2023-03-06,0.0,0.0055021190041469725,-0.005532479152623931,-0.0013802730037891678,0.0,0.011034598156770867,-0.019802627296179643,-0.3175908272156734
2023-03-07,0.0,0.00550969777650373,-0.4406057399724526,-0.3175908272156734,-0.25489224962879004,0.44611543774895634,-0.26484258048195813,-0.023033599407883854
2023-03-08,0.0,0.0018957495986559527,-0.02497724934924408,-0.023033599407883854,-0.03278982282299084,0.026872998947899827,-0.2416381339503742,-0.0641502666677284
2023-03-09,0.0,0.0038758905518641966,-0.07246632555101719,-0.0641502666677284,-0.06899287148695143,0.0763422161028814,-0.25685460865652154,-0.010405939691768685
2023-03-10,0.0,0.0,-0.03797929160518698,-0.010405939691768685,0.0,0.03797929160518693,-0.18825629231376903,0.022751749637099177
2023-03-11,0.0,0.030898496015766167,-0.004192910238359974,0.022751749637099177,0.03509131981127019,0.035091406254126135,-0.07951206292773363,0.07103574114769114
2023-03-12,0.0,0.07103574114769114,-0.008213601359758422,0.07103574114769114,0.06669137449867214,0.07924934250744974,0.059818495210910205,0.08748748546902617
2023-03-13,0.0,0.09962986388780887,-0.009569412637461359,0.08748748546902617,0.09237332013101507,0.10919927652527024,0.15219181534192533,0.02413908649997784
2023-03-14,0.0,0.08686591498029293,-0.001746738654540462,0.02413908649997784,0.028987536873252187,0.08861265363483332,0.15415067982725836,-0.015450969341039024
2023-03-15,0.0,0.015215864873184338,-0.02763562024455857,-0.015450969341039024,-0.028987536873252298,0.04285148511774271,0.07955263170195369,0.027305460862568725
2023-03-16,0.0,0.030666834214223265,-0.005203766576117879,0.027305460862568725,0.028987536873252187,0.035870600790341135,0.07103577311675174,0.08855341727215067
2023-03-17,0.0,0.10232564770455642,-0.005063242265701872,0.08855341727215067,0.08223809823697201,0.1073888899702584,0.11712535723741284,-0.015528290538389408
2023-03-18,0.0015396579140637909,0.012251306012406902,-0.020234126147270014,-0.015528290538389408,0.0,0.032485432159677065,0.0765400771223342,0.03837772020394467
2023-03-19,0.0,0.051840915872709246,-0.001566091791394032,0.03837772020394467,0.025975486403260736,0.05340700766410332,0.08004270767353636,-0.009077199233149744
2023-03-20,0.0,0.01494798822879536,-0.027482677990323973,-0.009077199233149744,0.0,0.04243066621911922,0.05806380095476133,0.015083268961702
2023-03-21,0.0,0.022540394901914156,-0.010695281507016647,0.015083268961702,0.0,0.03323567640893073,0.03125254350410453,-0.030397531510593132
2023-03-22,0.0,0.022206682079194625,-0.05066320195146863,-0.030397531510593132,-0.025975486403260677,0.07286988403066316,-0.015666116744399463,0.0363676570031668
2023-03-23,0.0,0.048202118726358205,-0.0046403248248940415,0.0363676570031668,0.05129329438755048,0.052842443551252366,0.035627177643151035,-0.0317486759612923
2023-03-24,0.0,0.0014870004476384318,-0.04411359796487338,-0.0317486759612923,-0.05129329438755058,0.04560059841251198,-0.025975486403260677,0.0015349313745026635
2023-03-25,0.0,0.010695281507016707,-0.0092593058667685,0.0015349313745026635,0.0,0.01995458737378513,-0.020834086902841914,0.018237549365663727
2023-03-26,0.0,0.022745480107460275,-0.0015349313745026214,0.018237549365663727,0.025975486403260736,0.02428041148196286,0.010309369658861287,-0.03058338906937707
2023-03-27,0.0,0.0,-0.049392773083871896,-0.03058338906937707,-0.025975486403260677,0.04939277308387203,-0.015666116744399463,0.004647513634924914
2023-03-28,0.0,0.010810908329210642,-0.017228343940766187,0.004647513634924914,0.0,0.028039252269976753,-0.015666116744399463,0.03791207065557805
2023-03-29,0.0,0.045324973361531025,-0.0015468025558718482,0.03791207065557805,0.05129329438755048,0.046871775917402755,0.0460439385014068,-0.01047129257311464
2023-03-30,0.0,0.026433287196407022,-0.019534779732783693,-0.01047129257311464,-0.025317807984289897,0.04596806692919059,0.010309369658861287,0.014925676799999317
2023-03-31,0.0,0.019360221593503868,-0.0151518324154784,0.014925676799999317,0.025317807984289786,0.03451205400898212,0.030459207484708654,-0.0014825912192151913
2023-04-01,0.0,0.0088495966626895,-0.005943599138171587,-0.0014825912192151913,0.0,0.014793195800860965,0.025317807984289786,-1.7174396022517349
2023-04-02,0.001482591219215139,0.0029629876153310017,-1.7257384080727316,-1.7174396022517349,-1.0498221244986778,1.7287013956880628,-1.0347084866886296,-0.008298805820996845
2023-04-03,0.0,0.008230502094353142,-0.025105868642674764,-0.008298805820996845,0.0,0.03333637073702801,-0.90479635244842,0.008298805820996824
2023-04-04,0.0,0.016529307915350053,-0.008368252727344427,0.008298805820996824,0.0,0.02489756064269442,-0.7419373447293772,0.0
2023-04-05,0.0,0.016393874796914797,-0.008298805820996845,0.0,0.0,0.024692680617911723,-0.5555258026838974,-0.025105868642674764
2023-04-06,0.0,0.4720675992088675,-0.03361656094620555,-0.025105868642674764,-0.2411620568168881,0.505684160155073,-0.5570150062353652,-0.00851069230353088
2023-04-07,0.0,0.0,-0.00851069230353088,-0.00851069230353088,0.0,0.008510692303530736,-0.19735943415849522,0.0
2023-04-08,0.0,0.008510692303530736,0.0,0.0,0.0,0.008510692303530736,-0.15154989812720093,0.016949502397864243
2023-04-09,0.0,0.02531775512520869,0.0,0.016949502397864243,0.0870113769896297,0.02531775512520869,-0.01652930195121047,0.049190320006898686
2023-04-10,0.0,0.049190320006898686,-0.008438810094333416,0.049190320006898686,0.0,0.05762913010123227,0.01680711831638119,0.01587335373980482
2023-04-11,0.0,0.023716476595517344,-0.008032232721482499,0.01587335373980482,0.0,0.03174870931699964,0.05129329438755048,0.0
2023-04-12,0.0,0.00784312285571247,-0.015873353739804884,0.0,0.0,0.023716476595517344,0.033901551675681416,0.00784312285571247
2023-04-13,-0.007905239526315727,0.00784312285571247,-0.007905239526315727,0.00784312285571247,0.0,0.01574836238202806,0.01680711831638119,0.0
2023-04-14,0.0,0.015504191783272841,-0.01574836238202809,0.0,0.0,0.03125255416530098,0.0,-0.007843122855712398
2023-04-15,0.0,0.0,-0.007843122855712398,-0.007843122855712398,0.0,0.00784312285571247,0.0,0.0
2023-04-16,0.0,0.00784312285571247,0.0,0.0,0.0,0.00784312285571247,0.0,-0.07350248384103707
2023-04-17,0.0,0.0,-0.07350248384103707,-0.07350248384103707,-1.3862943611198906,0.0735024838410371,-1.3862943611198906,0.03333637073702801
2023-04-18,0.0,0.03333637073702801,-0.00851069230353088,0.03333637073702801,0.0,0.04184706304055874,-1.2237754316221157,-0.05908887488208068
2023-04-19,0.0,0.0,-0.05908887488208068,-0.05908887488208068,0.0,0.05908887488208066,-1.0296194171811581,-0.017544315250209122
2023-04-20,0.0,0.008658065469928684,-0.02643326554164924,-0.017544315250209122,0.0,0.035091331011577846,-0.78845736036427,-0.036039948297315536
2023-04-21,0.0,0.0,-0.036039948297315536,-0.036039948297315536,0.0,0.0360399482973156,-0.4700036292457356,0.01818232509623284
2023-04-22,0.0,0.01818232509623284,0.0,0.01818232509623284,0.0,0.01818232509623284,0.0,-0.00904983849910706
2023-04-23,0.0,0.0,-0.00904983849910706,-0.00904983849910706,0.0,0.009049838499107099,0.0,0.0
2023-04-24,0.0,0.018018511408749698,-0.018349144793011342,0.0,0.0,0.03636765620176108,0.0,0.026907461700189768
2023-04-25,0.0,0.026907461700189768,-0.00913248659712575,0.026907461700189768,0.0,0.0360399482973156,0.0,0.008810632505924353
2023-04-26,0.0,0.060103882216939776,-0.026907461700189792,0.008810632505924353,0.0,0.08701134391712942,0.0,0.034486186889337446
2023-04-27,0.0,0.042924996983670846,0.0,0.034486186889337446,0.0,0.042924996983670846,0.0,-0.00851069230353088
2023-04-28,0.0,0.0,-0.017094438675124092,-0.00851069230353088,0.0,0.01709443867512413,0.0,0.0
2023-04-29,0.0,0.008510692303530736,0.0,0.0,0.0,0.008510692303530736,0.0,0.0
2023-04-30,0.0,0.02531775512520869,-0.008583746371593204,0.0,0.0,0.03390150149680202,0.0,-0.04367507738317103
2023-05-01,0.0,0.0,-0.05264375029281362,-0.04367507738317103,0.0,0.0526437502928137,0.0,0.02643326554164916
2023-05-02,0.0,0.02643326554164916,0.0,0.02643326554164916,0.0,0.02643326554164916,0.0,0.008658065469928684
2023-05-03,0.0,0.01724181184152183,-0.017544315250209122,0.008658065469928684,0.0,0.034786127091731,0.0,-0.008658065469928698
2023-05-04,0.0,0.008583746371593155,-0.008658065469928698,-0.008658065469928698,0.0,0.01724181184152183,0.0,0.025752504145052625
2023-05-05,0.0,0.03419131423938623,0.0,0.025752504145052625,0.0,0.03419131423938623,0.0,-0.017094438675124092
2023-05-06,0.0,0.008438810094333364,-0.034486186889337425,-0.017094438675124092,0.0,0.042924996983670846,0.0,-0.01739174821421337
2023-05-07,0.0,0.0,-0.01739174821421337,-0.01739174821421337,0.0,0.017391748214213344,0.0,-0.026668255707007017
2023-05-08,0.0,0.008733682744284647,-0.04485058080323987,-0.026668255707007017,0.0,0.0535842635475246,0.0,0.0
2023-05-09,0.0,0.0,-0.00904983849910706,0.0,0.0,0.009049838499107099,0.0,-0.00904983849910706
2023-05-10,0.0,0.017857623201082567,-0.027398983292118408,-0.00904983849910706,0.0,0.04525660649320103,0.0,-0.018349144793011342
2023-05-11,0.0,0.0,-0.027651540603126898,-0.018349144793011342,0.0,0.027651540603126926,0.0,-0.009302395810115547
2023-05-12,0.0,0.0,-0.03774034093822456,-0.009302395810115547,0.0,0.03774034093822457,0.0,0.0
2023-05-13,0.0,0.009302395810115624,0.0,0.0,0.0,0.009302395810115624,0.0,0.009302395810115624
2023-05-14,0.0,0.01851905400600111,0.0,0.009302395810115624,0.0,0.01851905400600111,0.0,0.009216658195885512
2023-05-15,0.0,0.02739898329211834,-0.009302395810115547,0.009216658195885512,0.0,0.03670137910223409,0.0,-0.009216658195885572
2023-05-16,0.0,0.0,-0.009216658195885572,-0.009216658195885572,0.0,0.009216658195885512,0.0,0.018349144793011363
2023-05-17,0.0,0.018349144793011363,-0.018692139367148995,0.018349144793011363,0.0,0.03704128416016031,0.0,-0.027651540603126898
2023-05-18,0.0,0.0,-0.03704128416016035,-0.027651540603126898,0.0,0.03704128416016031,0.0,0.009302395810115624
2023-05-19,0.0,0.009302395810115624,0.0,0.009302395810115624,0.0,0.009302395810115624,0.0,0.0
2023-05-20,0.0,0.009216658195885512,-0.009302395810115547,0.0,0.0,0.01851905400600111,0.0,-0.009302395810115547
2023-05-21,0.0,0.009216658195885512,-0.009302395810115547,-0.009302395810115547,0.0,0.01851905400600111,0.0,0.0
2023-05-22,0.0,0.009302395810115624,-0.009389743557033413,0.0,0.0,0.0186921393671491,0.0,0.01851905400600111
2023-05-23,0.0,0.027651540603126926,0.0,0.01851905400600111,0.0,0.027651540603126926,0.0,-0.037387544786814754
2023-05-24,0.0,0.0,-0.037387544786814754,-0.037387544786814754,0.0,0.03738754478681473,0.0,0.009478747223780124
2023-05-25,0.0,0.009478747223780124,-0.009569454347295381,0.009478747223780124,0.0,0.01904820157107558,0.0,0.009389743557033555
2023-05-26,0.0,0.009389743557033555,-0.009478747223780181,0.009389743557033555,0.0,0.018868490780813728,0.0,0.0
2023-05-27,0.0,0.0,0.0,0.0,0.0,0.0,0.0,0.045670052011876586
2023-05-28,0.0,0.054559002303316714,0.0,0.045670052011876586,0.0,0.054559002303316714,0.0,-0.008968672909642563
2023-05-29,0.0,0.017699582797364423,-0.018018511408749712,-0.008968672909642563,0.0,0.03571809420611403,0.0,0.0
2023-05-30,0.0,0.008968672909642535,-0.00904983849910706,0.0,0.0,0.018018511408749698,0.0,-0.018182325096232882
2023-05-31,0.0,0.0,-0.027398983292118408,-0.018182325096232882,0.0,0.02739898329211834,0.0,-0.018519054006001127
2023-06-01,0.0,0.0,-0.018519054006001127,-0.018519054006001127,0.0,0.01851905400600111,0.0,0.01851905400600111
2023-06-02,0.0,0.01851905400600111,-0.009389743557033413,0.01851905400600111,0.0,0.02790879756303457,0.0,-0.009216658195885572
2023-06-03,0.0,0.0,-0.009216658195885572,-0.009216658195885572,0.0,0.009216658195885512,0.0,0.0
2023-06-04,0.0,0.018349144793011363,0.0,0.0,0.0,0.018349144793011363,0.0,-0.0474022552467595
2023-06-05,0.0,0.009216658195885512,-0.05715843365454574,-0.0474022552467595,0.0,0.06637509185043133,0.0,0.0566189134426451
2023-06-06,0.0,0.0566189134426451,-0.00975617840778623,0.0566189134426451,0.0,0.06637509185043133,0.0,-0.037387544786814754
2023-06-07,0.0,0.0,-0.037387544786814754,-0.037387544786814754,0.0,0.03738754478681473,0.0,0.009478747223780124
2023-06-08,0.0,0.018868490780813728,0.0,0.009478747223780124,0.0,0.018868490780813728,0.0,0.0
2023-06-09,0.0,0.009389743557033555,-0.009478747223780181,0.0,0.0,0.018868490780813728,0.0,-0.028710115879610528
2023-06-10,0.0,0.0,-0.038466294287396764,-0.028710115879610528,0.0,0.03846629428739668,0.0,0.009661914308534946
2023-06-11,0.0,0.019231368655830274,0.0,0.009661914308534946,0.0,0.019231368655830274,0.0,0.0
2023-06-12,0.0,0.0,-0.009661914308535021,0.0,0.0,0.009661914308534946,0.0,0.0
2023-06-13,0.0,0.009569454347295281,-0.009661914308535021,0.0,0.0,0.019231368655830274,0.0,-0.039220727145214164
2023-06-14,0.0,0.0,-0.039220727145214164,-0.039220727145214164,0.0,0.03922072714521406,0.0,0.01980263442889286
2023-06-15,0.0,0.029558812836679067,-0.010050339528227637,0.01980263442889286,0.0,0.039609152364906725,0.0,0.028987547063616562
2023-06-16,0.0,0.03846629428739668,-0.009852299973995846,0.028987547063616562,0.0,0.04831859426139274,0.0,0.009478747223780124
2023-06-17,0.0,0.018868490780813728,0.0,0.009478747223780124,0.0,0.018868490780813728,0.0,-0.009478747223780181
2023-06-18,0.0,0.009389743557033555,-0.009478747223780181,-0.009478747223780181,0.0,0.018868490780813728,0.0,0.018868490780813728
2023-06-19,0.0,0.0281708865909291,0.0,0.018868490780813728,0.0,0.0281708865909291,0.0,0.054559002303316714
2023-06-20,0.0,0.054559002303316714,0.0,0.054559002303316714,0.0,0.054559002303316714,0.0,0.060103882216939776
2023-06-21,0.0,0.08479656283485132,0.0,0.060103882216939776,0.0,0.08479656283485132,0.0,0.0
2023-06-22,0.0,0.016529307915350053,-0.008368252727344427,0.0,0.0,0.02489756064269442,0.0,0.024692680617911723
2023-06-23,0.0,0.040822067279554286,-0.008368252727344427,0.024692680617911723,0.0,0.049190320006898686,0.0,-0.00816337270256165
2023-06-24,0.0,0.0,-0.016393874796914818,-0.00816337270256165,0.0,0.016393874796914797,0.0,0.0
2023-06-25,0.0,0.016260526642721866,-0.008230502094353201,0.0,0.0,0.024491028737074896,0.0,0.8378860228209482
2023-06-26,0.0,0.84846811042428,-0.008230502094353201,0.8378860228209482,0.6931471805599453,0.8566986125186332,0.6931471805599453,0.010582087603331885
2023-06-27,0.0,0.02105346725093466,-0.0035524287829535803,0.010582087603331885,0.0,0.024605896033888252,0.5108256237659906,-0.017699505980997964
2023-06-28,0.0,0.0,-0.021277354525265236,-0.017699505980997964,0.0,0.021277354525265225,0.3566749439387324,0.01065727206930009
2023-06-29,0.0,0.021202163311604617,0.0,0.01065727206930009,0.0,0.021202163311604617,0.22314355131420976,0.0035273673144317922
2023-06-30,0.0,0.024434008315455537,-0.021429346161584664,0.0035273673144317922,0.0,0.045863354477040146,0.10536051565782614,0.0035148665972661005
2023-07-01,0.0,0.0035148665972661005,-0.007067221006065816,0.0035148665972661005,0.0,0.010582087603331885,0.0,0.0
2023-07-02,0.0,0.0035026573306068663,-0.010582087603331913,0.0,0.0,0.014084744933938605,0.0,0.017391774403757713
2023-07-03,0.0,0.020834144805099996,0.0,0.017391774403757713,0.0,0.020834144805099996,0.0,-0.013889117073150844
2023-07-04,0.0,0.003442370401342457,-0.013889117073150844,-0.013889117073150844,0.0,0.017331487474493344,0.0,-0.007017523927872843
2023-07-05,0.0,0.0034904315325562534,-0.017637173716892173,-0.007017523927872843,0.0,0.021127605249448563,0.0,-0.021353183450769468
2023-07-06,0.0,0.027779572530001354,-0.021353183450769468,-0.021353183450769468,0.0,0.04913275598077089,0.0,0.014285962444703669
2023-07-07,0.0,0.017825816136337706,-0.003603530025247045,0.014285962444703669,0.0,0.021429346161584727,0.0,0.0
2023-07-08,0.0,0.0,-0.007117418377666015,0.0,0.0,0.007117418377666071,0.0,-0.0035524287829535803
2023-07-09,0.0,0.003539853691633921,-0.007117418377666015,-0.0035524287829535803,0.0,0.01065727206930009,0.0,0.007092282474587468
2023-07-10,0.0,0.024605896033888252,-0.007142838138979865,0.007092282474587468,0.0,0.03174873417286815,0.0,0.007042233911697949
2023-07-11,0.0,0.010544891242304726,-0.003539853691633979,0.007042233911697949,0.0,0.014084744933938605,0.0,-0.007042233911697845
2023-07-12,0.0,0.006993088863162976,-0.010582087603331913,-0.007042233911697845,0.0,0.01757517646649501,0.0,0.03472567311600534
2023-07-13,0.0,0.0415284722923418,-0.003539853691633979,0.03472567311600534,0.0,0.04506832598397592,0.0,-0.03826552680763926
2023-07-14,0.0,0.0,-0.04896079372957264,-0.03826552680763926,0.0,0.04896079372957274,0.0,0.0
2023-07-15,0.0,0.003539853691633921,0.0,0.0,0.0,0.003539853691633921,0.0,-0.0035524287829535803
2023-07-16,0.0,0.003539853691633921,-0.007117418377666015,-0.0035524287829535803,0.0,0.01065727206930009,0.0,-0.0035649895947124748
2023-07-17,0.0,0.003552428782953508,-0.014337063686997114,-0.0035649895947124748,0.0,0.017889492469950596,0.0,-0.007168544067037667
2023-07-18,0.0,0.0035649895947125034,-0.014388741971535293,-0.007168544067037667,0.0,0.01795373156624776,0.0,0.6949441399572569
2023-07-19,0.0,0.6985284004790214,0.0,0.6949441399572569,11.034704162952,0.6985284004790214,11.034704162952,0.01602885673920276
2023-07-20,-0.0017969593973115733,0.03700860379480994,-0.003597153671513084,0.01602885673920276,0.1642751050199773,0.04060575746632299,1.773648491437972,-0.6896198132456901
2023-07-21,0.0,0.005286396047201071,-0.6931471805601219,-0.6896198132456901,-9.855244521270883,0.6984335766073231,-8.860207954117445,-0.0035273673144318144
2023-07-22,0.0,0.0035148665972661005,-0.007067221006065816,-0.0035273673144318144,0.0,0.010582087603331885,-8.860228934195629,0.010544891242304726
2023-07-23,0.0,0.01751361355930068,0.0,0.010544891242304726,0.0,0.01751361355930068,-8.860249913833655,-0.03197423740388933
2023-07-24,0.0,0.0,-0.03922070094212031,-0.03197423740388933,-0.04445176257083381,0.03922070094212033,-8.904722655602383,0.0036035300252470815
2023-07-25,0.0,0.0071942255480172985,-0.003616667879250668,0.0036035300252470815,0.0,0.01081089342726794,-8.290465953634305,0.0035906955227703445
2023-07-26,0.0,0.014285962444703669,-0.003603530025247045,0.0035906955227703445,0.0,0.017889492469950596,-0.02690745291992438,-0.003590695522770279
2023-07-27,0.0,0.007142838138979908,-0.007194225548017293,-0.003590695522770279,0.0,0.014337063686997137,-0.01801850550267825,1.439698735409172
2023-07-28,0.0,1.4456486495488243,-0.003603530025247045,1.439698735409172,2.145399509471633,1.4492521795740712,2.1363496739517154,-0.04981367876642148
2023-07-29,0.0,0.0008521582438791707,-0.05250549095770556,-0.04981367876642148,0.4471378045087324,0.05335764920158487,1.6726168140556321,-0.002691812191284051
2023-07-30,0.0,0.0026845857860949354,-0.009000924452623925,-0.002691812191284051,-0.003407158321614309,0.011685510238718921,0.9833352345031522,-0.001798575381213055
2023-07-31,0.0,0.006269660735461763,-0.004502413356642198,-0.001798575381213055,-0.003418806748785609,0.010772074092103965,0.5781076308493126,0.013411017571083384
2023-08-01,0.0,0.013411017571083384,-0.0163342144144629,0.013411017571083384,0.01697833653441783,0.029745231985546197,0.31015492830383945,-0.016114855546512503
2023-08-02,0.0,0.01147924206941838,-0.02063773789253757,-0.016114855546512503,-0.016978336534417906,0.032116979961956,0.06801487629897465,0.000902021891290459
2023-08-03,0.0,0.0071942255479262515,-0.005429918782487703,0.000902021891290459,0.0,0.012624144330413959,-0.0054644944720788485,-0.0036132957847687533
2023-08-04,0.0,0.004498467531177193,-0.009968336026048838,-0.0036132957847687533,-3.884994333040227,0.014466803557226052,-3.889095500784441,-0.00090539398568142
2023-08-05,0.0,0.0009045749887804898,-0.00362650478753554,-0.00090539398568142,0.0,0.004531079776315985,-3.6712245188752157,0.0
2023-08-06,0.0,0.0036166678791597034,-0.0027211108018540837,0.0,0.0,0.006337778681013758,-3.3933891992143437,0.0045186897704502784
2023-08-07,0.0,0.006320505854588795,-0.010013708559874145,0.0045186897704502784,0.0,0.01633421441446285,-2.9990600636466658,0.01964353489455077
2023-08-08,0.0,0.03107221551241824,-0.002708720795988306,0.01964353489455077,0.0,0.03378093630840639,-2.354544831924757,-0.006208493098757711
2023-08-09,0.0,0.009678885527827146,-0.011560806841698718,-0.006208493098757711,0.0,0.021239692369525952,0.0,-0.004458252353062228
2023-08-10,0.0,0.0035524287829524015,-0.0071428381391573205,-0.004458252353062228,0.0,0.010695266922109611,0.0,-0.0008940613898786638
2023-08-11,0.0,0.0017857283098721862,-0.005376397977379101,-0.0008940613898786638,0.0,0.00716212628725144,0.0,-2.0288640880101463
2023-08-12,0.0,0.0008940613898786348,-2.0288640880101463,-2.0288640880101463,-0.1823215567939546,2.029758149400025,-0.1823215567939546,-0.00682591760833749
2023-08-13,0.0,0.0,-0.00682591760833749,-0.00682591760833749,-0.2231435513142097,0.006825917608337577,-0.37156355643248296,0.006825917608337577
2023-08-14,0.0,0.013605656096679861,0.0,0.006825917608337577,0.22314355131420976,0.013605656096679861,-0.07696104113612844,-0.00682591760833749
2023-08-15,0.0,0.0,-0.013698849137317648,-0.00682591760833749,-0.2231435513142097,0.013698849137317755,-0.2623642644674911,-0.013793326284790032
2023-08-16,0.0,0.0,-0.013793326284790032,-0.013793326284790032,0.0,0.013793326284790141,-0.1823215567939546,-0.07946425113485496
2023-08-17,0.0,0.0,-0.11778307355221608,-0.07946425113485496,0.0,0.11778307355221597,-0.0953101798043249,-0.02281463063408825
2023-08-18,0.0,0.00749072888520168,-0.03053673573402884,-0.02281463063408825,0.0,0.038027464619230386,-0.048790164169432056,0.007662819766771535
2023-08-19,0.0,0.007662819766771535,-0.007722105099940575,0.007662819766771535,0.0,0.015384924866712156,-0.048790164169432056,0.0
2023-08-20,0.0,0.0,-0.007662819766771601,0.0,0.0,0.007662819766771535,0.0,0.0
2023-08-21,0.0,0.0,-0.007662819766771601,0.0,0.0,0.007662819766771535,0.0,-0.007662819766771601
2023-08-22,0.0,0.0,-0.0231670115500445,-0.007662819766771601,0.0,0.02316701155004456,0.0,0.015267477218329177
2023-08-23,0.0,0.03030535951928994,-0.007722105099940575,0.015267477218329177,0.0,0.038027464619230386,0.0,-0.007604657451557654
2023-08-24,0.0,0.00754715341575901,-0.015267477218329212,-0.007604657451557654,0.0,0.022814630634088274,0.0,0.17465869971449005
2023-08-25,0.0,0.18104854653358246,0.0,0.17465869971449005,1.0986122886681098,0.18104854653358246,1.0986122886681098,0.0
2023-08-26,0.0,0.00638984681909222,0.0,0.0,0.0,0.00638984681909222,0.7621400520468967,0.00638984681909222
2023-08-27,0.0,0.00638984681909222,0.0,0.00638984681909222,0.0,0.00638984681909222,0.5108256237659906,0.0
2023-08-28,0.0,0.0,-0.01282069261512671,0.0,0.0,0.01282069261512667,0.31015492830383945,0.055741956765045876
2023-08-29,0.0,0.06771815198632423,-0.006389846819092271,0.055741956765045876,0.0,0.07410799880541645,0.14310084364067324,-0.012121364808116345
2023-08-30,0.0,0.0,-0.018237549365362465,-0.012121364808116345,0.0,0.01823754936536241,0.0,-0.05001043877602191
2023-08-31,0.0,0.006079092323588227,-0.05644128457205632,-0.05001043877602191,0.0,0.06252037689564463,0.0,-0.006430845796034416
2023-09-01,0.0,0.00638984681909222,-0.019418045618350515,-0.006430845796034416,0.0,0.025807892437442807,0.0,0.0
2023-09-02,0.0,0.006430845796034438,0.0,0.0,0.0,0.006430845796034438,0.0,0.006430845796034438
2023-09-03,0.0,0.006430845796034438,0.0,0.006430845796034438,0.0,0.006430845796034438,0.0,-0.006430845796034416
2023-09-04,0.0,0.0,-0.012903409681887107,-0.006430845796034416,0.0,0.012903409681887138,0.0,0.0
2023-09-05,0.0,0.0,-0.006472563885852705,0.0,0.0,0.0064725638858525985,0.0,0.0
2023-09-06,0.0,0.006430845796034438,-0.012987199822316024,0.0,-0.08701137698962981,0.019418045618350387,-0.08701137698962981,0.01282069261512667
2023-09-07,0.0,0.01916987629612729,-0.006472563885852705,0.01282069261512667,0.0870113769896297,0.025642440181980065,0.01680711831638119,-0.006389846819092271
2023-09-08,0.0,0.0063491836810005055,-0.019293256500979454,-0.006389846819092271,0.0,0.025642440181980065,0.01680711831638119,-0.006430845796034416
2023-09-09,0.0,0.0,-0.006430845796034416,-0.006430845796034416,0.0,0.006430845796034438,0.01680711831638119,0.0
2023-09-10,0.0,0.006430845796034438,-0.006472563885852705,0.0,0.0,0.012903409681887138,0.01680711831638119,-0.026145288809120364
2023-09-11,0.0,0.0,-0.03278978526952952,-0.026145288809120364,-0.08701137698962981,0.0327897852695295,-0.07020425867324857,0.026145288809120364
2023-09-12,0.0,0.04531516510524764,0.0,0.026145288809120364,0.0870113769896297,0.04531516510524764,0.01680711831638119,0.01282069261512667
2023-09-13,0.0,0.01916987629612729,0.0,0.01282069261512667,0.0,0.01916987629612729,0.01680711831638119,0.012658400952049982
2023-09-14,0.0,0.018927970493082365,0.0,0.012658400952049982,0.0,0.018927970493082365,0.01680711831638119,0.0062695695410321705
2023-09-15,0.0,0.012500166743609402,-0.006309217271049504,0.0062695695410321705,0.0,0.018809384014659022,0.01680711831638119,-0.006269569541032238
2023-09-16,0.0,0.006230597202577315,-0.006269569541032238,-0.006269569541032238,0.0,0.012500166743609402,0.01680711831638119,0.0
2023-09-17,0.0,0.0062695695410321705,0.0,0.0,0.0,0.0062695695410321705,0.0,0.012500166743609402
2023-09-18,0.0,0.03096219100487951,0.0,0.012500166743609402,0.0,0.03096219100487951,0.0,0.012345839704023986
2023-09-19,0.0,0.02454111658485826,-0.006230597202577231,0.012345839704023986,0.0,0.030771713787435404,0.0,0.0
2023-09-20,0.0,0.006116184557246117,-0.012345839704023837,0.0,0.0,0.018462024261270138,0.0,-0.024846006447633382
2023-09-21,0.0,0.0,-0.024846006447633382,-0.024846006447633382,0.0,0.024846006447633424,0.0,0.0062695695410321705
2023-09-22,0.0,0.0062695695410321705,0.0,0.0062695695410321705,0.0,0.0062695695410321705,0.0,0.0
2023-09-23,0.0,0.0,-0.006269569541032238,0.0,0.0,0.0062695695410321705,0.0,-0.012578786812081716
2023-09-24,0.0,0.0,-0.012578786812081716,-0.012578786812081716,0.0,0.012578786812081803,0.0,0.0
2023-09-25,0.0,0.0,-0.012739030500092906,0.0,0.0,0.012739030500092789,0.0,-0.006349183681000506
2023-09-26,0.0,0.0,-0.006349183681000506,-0.006349183681000506,0.0,0.0063491836810005055,0.0,0.0063491836810005055
2023-09-27,0.0,0.025158567695659568,0.0,0.0063491836810005055,0.0,0.025158567695659568,0.0,0.025001311302151445
2023-09-28,0.0,0.031155223718682956,0.0,0.025001311302151445,0.0,0.031155223718682956,0.0,0.0
2023-09-29,0.0,0.006153912416531394,-0.006191927287492406,0.0,0.0,0.012345839704023986,0.0,0.0
2023-09-30,0.0,0.006153912416531394,-0.006191927287492406,0.0,0.0,0.012345839704023986,0.0,0.03636765700317215
2023-10-01,0.0,0.03636765700317215,0.0,0.03636765700317215,0.0,0.03636765700317215,0.0,-0.018018467705806392
2023-10-02,0.0,0.01769962572756425,-0.018018467705806392,-0.018018467705806392,0.0,0.035718093433370623,0.0,0.0
2023-10-03,0.0,0.006042272484528143,-0.012195276880834452,0.0,0.0,0.01823754936536241,0.0,0.012048342213082278
2023-10-04,0.0,0.012048342213082278,-0.006079092323588213,0.012048342213082278,0.0,0.01812743453667051,0.0,-0.012048342213082363
2023-10-05,0.0,0.005970125492724084,-0.018127434536670567,-0.012048342213082363,0.0,0.024097560029394567,0.0,0.01801846770580631
2023-10-06,0.0,0.02395324832880785,-0.006079092323588213,0.01801846770580631,0.0,0.03003234065239609,0.0,0.0
2023-10-07,0.0,0.0,-0.0059701254927239985,0.0,0.0,0.005970125492724084,0.0,0.0
2023-10-08,0.0,0.0059347806230014705,-0.0059701254927239985,0.0,0.0,0.011904906115725549,0.0,-0.01197619522127828
2023-10-09,0.0,0.0,-0.02409756002939459,-0.01197619522127828,0.0,0.024097560029394567,0.0,-0.012121364808116345
2023-10-10,0.0,0.0,-0.012121364808116345,-0.012121364808116345,0.0,0.012121364808116394,0.0,-0.018462024261270058
2023-10-11,0.0,0.006079092323588227,-0.024692621463847323,-0.018462024261270058,0.0,0.030771713787435404,0.0,0.0
2023-10-12,0.0,0.006191927287492354,-0.006230597202577231,0.0,0.0,0.012422524490069666,0.0,0.0
2023-10-13,0.0,0.012345839704023986,-0.006230597202577231,0.0,0.0,0.018576436906601053,0.0,0.0
2023-10-14,0.0,0.006191927287492354,0.0,0.0,0.0,0.006191927287492354,0.0,0.012345839704023986
2023-10-15,0.0,0.018462024261270138,0.0,0.012345839704023986,0.0,0.018462024261270138,0.0,0.04791337031420504
2023-10-16,0.0,0.07673377597045132,0.0,0.04791337031420504,0.08004270767353636,0.07673377597045132,0.08004270767353636,0.0
2023-10-17,0.0,0.005830879739925085,-0.011764845104562906,0.0,0.0,0.017595724844487806,0.06351340572232593,-0.005865164004223974
2023-10-18,0.0,0.0116279573229863,-0.011764845104562906,-0.005865164004223974,0.0,0.023392802427549365,0.04725288485054551,0.011696043744148977
2023-10-19,0.0,0.017493121327210325,-0.005899681100338958,0.011696043744148977,0.0,0.023392802427549365,0.03125254350410453,0.034289084886431974
2023-10-20,0.0,0.045462389117597,0.0,0.034289084886431974,0.0,0.045462389117597,0.015504186535965254,0.011173304231165125
2023-10-21,0.0,0.016713446194849664,-0.005633860672909529,0.011173304231165125,0.0,0.02234730686775919,0.0,0.0
2023-10-22,0.0,0.005540141963684623,-0.0055710875038722215,0.0,0.0,0.011111229467556728,0.0,0.0953101357080113
2023-10-23,0.005540141963684623,0.12516310966563984,0.005540141963684623,0.0953101357080113,0.14310084364067324,0.11962296770195537,0.14310084364067324,0.024938993240278623
2023-10-24,0.0,0.05884052102123105,-0.0050632668882055224,0.024938993240278623,0.0,0.06390378790943665,0.11279549414534429,0.019512820456796105
2023-10-25,0.0,0.033901527780952415,0.0,0.019512820456796105,0.0,0.033901527780952415,0.083381608939051,-0.009708817212918185
2023-10-26,0.0,0.009615461726816262,-0.01951282045679606,-0.009708817212918185,0.0,0.029128282183612294,0.05480823649499516,-0.009804003243877823
2023-10-27,0.0,0.0,-0.019705077436478258,-0.009804003243877823,0.0,0.01970507743647823,0.02702867238791942,0.009804003243877691
2023-10-28,0.0,0.014670159125131291,0.0,0.009804003243877691,0.0,0.014670159125131291,0.0,0.009708817212918292
2023-10-29,0.0,0.014528070189303072,-0.004890022526527908,0.009708817212918292,0.0,0.01941809271583105,0.0,0.0
2023-10-30,0.0,0.009615461726816262,-0.009708817212918185,0.0,0.0,0.019324278939734506,0.0,0.004819252976384944
2023-10-31,0.0,0.004819252976384944,-0.009708817212918185,0.004819252976384944,0.0,0.014528070189303072,0.0,0.023754128378768422
2023-11-01,0.0,0.023754128378768422,-0.014528070189303051,0.023754128378768422,0.06453852113757116,0.03828219856807155,0.06453852113757116,-0.01418467403099686
2023-11-02,0.0,0.00934579759497738,-0.028573381355153294,-0.01418467403099686,0.0,0.03791917895013086,0.05129329438755048,-0.009569454347771652
2023-11-03,0.0,0.0,-0.02409752453707473,-0.009569454347771652,-0.06453852113757118,0.024097524537074613,-0.026317308317373417,0.01432009323167019
2023-11-04,0.0,0.01904820157107558,0.0,0.01432009323167019,0.06453852113757116,0.01904820157107558,0.03822121282019767,-0.00475063888389862
2023-11-05,0.0,0.004728108339405295,-0.014320093231670251,-0.00475063888389862,0.0,0.01904820157107558,0.02531780798429,0.0
2023-11-06,0.0,0.009478747223303934,-0.0047732455973401805,0.0,0.0,0.014251992820644092,0.012578782206859965,0.014184674030996916
2023-11-07,0.0,0.02353047162597423,-0.009569454347771652,0.014184674030996916,0.0,0.03309992597374585,0.012578782206859965,0.004683816749340527
2023-11-08,0.0,0.01398621255991906,-0.00943403514709817,0.004683816749340527,0.0,0.02342024770701722,0.012578782206859965,0.027651540603126926
2023-11-09,0.0,0.05897398987811505,0.0,0.027651540603126926,0.0,0.05897398987811505,0.0,0.018018511408749698
2023-11-10,0.0,0.022472830864280726,-0.00913248659712575,0.018018511408749698,0.06062462181643484,0.03160531746140654,0.06062462181643484,-0.004474314479154008
2023-11-11,0.0,0.0,-0.013483387669648251,-0.004474314479154008,0.0,0.013483387669648194,0.048202101817877686,-0.00449435843003818
2023-11-12,0.0,0.0,-0.009009073190494238,-0.00449435843003818,0.0,0.00900907319049422,0.03593200922606337,-0.013605689769162935
2023-11-13,0.0,0.00896867290919207,-0.013605689769162935,-0.013605689769162935,-0.060624621816434854,0.02257436267835509,-0.036813973122716434,-0.02777950608286202
2023-11-14,0.0,0.00909097500870674,-0.037213541229960234,-0.02777950608286202,0.0,0.04630451623866704,-0.036813973122716434,0.06365780662745554
2023-11-15,0.0,0.06365780662745554,-0.004705926807692914,0.06365780662745554,0.06062462181643484,0.06836373343514844,0.023810648693718392,-0.045052680188595644
2023-11-16,0.0,0.0,-0.058973989878115016,-0.045052680188595644,-0.060624621816434854,0.05897398987811505,-0.036813973122716434,0.009174379644002079
2023-11-17,0.0,0.01373023091360738,-0.0046189138789409865,0.009174379644002079,0.0,0.018349144792548313,-0.02469261259037141,0.004555851269605493
2023-11-18,0.0,0.00909097500870674,-0.009174379644002088,0.004555851269605493,0.0,0.01826535465270893,-0.012422519998557096,0.018018511408749698
2023-11-19,0.0,0.022472830864280726,-0.004555851269605343,0.018018511408749698,0.06062462181643484,0.02702868213388614,0.048202101817877686,0.004454319455531043
2023-11-20,0.0,0.00888895029188248,-0.008968672909192121,0.004454319455531043,0.0,0.017857623201074715,0.03593200922606337,-0.04546239062177069
2023-11-21,0.0,0.004434630836351441,-0.04546239062177069,-0.04546239062177069,-0.060624621816434854,0.04989702145812204,-0.02469261259037141,0.045462390621770675
2023-11-22,0.0,0.05431200903247805,0.0,0.045462390621770675,0.06062462181643484,0.05431200903247805,0.03593200922606337,-0.004454319455531142
2023-11-23,0.0,0.004434630836351441,-0.013422992364723257,-0.004454319455531142,0.0,0.017857623201074715,0.023810648693718392,0.01330393786623841
2023-11-24,0.0,0.02643326554164916,0.0,0.01330393786623841,0.0,0.02643326554164916,0.011834457647002798,0.0
2023-11-25,0.0,0.0,-0.004414987574355947,0.0,0.0,0.0044149875743559625,0.011834457647002798,0.22753913242182608
2023-11-26,0.0,0.23453222128498907,-0.017778252345392487,0.22753913242182608,-0.7537718023763802,0.2523104736303817,-0.7419373447293773,1.5434481128061233
2023-11-27,0.0,1.575173368518281,-0.024868050048035616,1.5434481128061233,2.339399066116762,1.6000414185663163,1.6975451799443673,0.015619452674184702
2023-11-28,0.0,0.02735840324668692,-0.00979290854267143,0.015619452674184702,0.01197619104671562,0.037151311789358384,1.0844276536761532,0.0
2023-11-29,0.0,0.012468084866099067,-0.005179395187186709,0.0,0.0,0.01764748005328587,0.6979204593126032,-0.0029563318232524783
2023-11-30,0.0,0.007353030323385788,-0.007407411574770791,-0.0029563318232524783,0.0,0.014760441898156701,0.4198538455602639,0.025576781296748428
2023-12-01,0.0,0.029896475387041987,-0.002965184067856688,0.025576781296748428,0.023530497410194036,0.03286165945489883,0.22605476152166828,-1.9509734159435188
2023-12-02,0.0,0.02353051108356766,-1.9509734159435188,-1.9509734159435188,-1.563975538357343,1.9745039270270865,-1.5428231633521163,0.015113606416075849
2023-12-03,0.0,0.015113606416075849,0.0,0.015113606416075849,0.0,0.015113606416075849,-1.3751210605217654,0.048790181493360854
2023-12-04,0.0,0.05354082037725947,0.0,0.048790181493360854,0.05406722127027579,0.05354082037725947,-1.1160040313799788,0.05105515512256565
2023-12-05,0.0,0.05556986988302181,-0.014388707324156504,0.05105515512256565,0.05129329438755048,0.06995857720717824,-0.8109302162163288,-0.009090975008706828
2023-12-06,0.0,0.0,-0.013667610336227093,-0.009090975008706828,0.0,0.013667610336227175,-0.4762341789963717,-0.009174379644002088
2023-12-07,0.0,0.004555851269605493,-0.01843370848788454,-0.009174379644002088,-0.05129329438755058,0.02298955975748984,0.0,0.01826535465270893
2023-12-08,0.0,0.027274427843203167,-0.0046189138789409865,0.01826535465270893,0.05129329438755048,0.03189334172214415,0.0408219945202552,-0.009090975008706828
2023-12-09,0.0,0.004514714760456206,-0.013667610336227093,-0.009090975008706828,0.0,0.018182325096683317,0.02020270731751947,0.0
2023-12-10,0.0,0.004555851269605493,-0.004576635327520394,0.0,0.0,0.009132486597125856,0.010050335853501506,-0.06119554876967991
2023-12-11,0.0,0.0,-0.08080402715194755,-0.06119554876967991,-0.05129329438755058,0.08080402715194754,-0.041242958534049134,0.004842661331664522
2023-12-12,0.0,0.019231368655821125,-0.009756178407781521,0.004842661331664522,0.0,0.028987547063602542,-0.03109058707003112,0.03791917895013086
2023-12-13,0.0,0.04717850779401332,-0.01459883973944609,0.03791917895013086,0.0,0.06177734753345943,-0.03109058707003112,0.0
2023-12-14,0.0,0.009259328843882416,-0.02353047162597427,0.0,0.0,0.03278980046985675,-0.020834086902841914,-0.02353047162597427
2023-12-15,0.0,0.0,-0.028303717223314463,-0.02353047162597427,0.0,0.028303717223314533,-0.010471299867295366,0.004750638883898601
2023-12-16,0.0,0.014184674030996916,-0.0047732455973401805,0.004750638883898601,0.0,0.01895791962833715,0.0,-0.01913934620805518
2023-12-17,0.0,0.004728108339405295,-0.01913934620805518,-0.01913934620805518,0.0,0.023867454547460407,0.0,0.028573381355153363
2023-12-18,0.0,0.028573381355153363,-0.01951282045679606,0.028573381355153363,0.0,0.04808620181194944,0.0,-0.004705926807692914
2023-12-19,0.0,0.01398621255991906,-0.018957919628337074,-0.004705926807692914,0.0,0.03294413218825604,0.0,0.02790879756303457
2023-12-20,0.0,0.041576407899261765,-0.004728108339405294,0.02790879756303457,0.05129329438755048,0.04630451623866704,0.05129329438755048,0.004576635327520452
2023-12-21,0.0,0.013667610336227175,-0.004597744316481716,0.004576635327520452,0.0,0.01826535465270893,0.0408219945202552,0.004555851269605493
2023-12-22,0.0,0.013605689769162972,-0.009174379644002088,0.004555851269605493,0.0,0.02278006941316497,0.030459207484708654,-0.004555851269605343
2023-12-23,0.0,0.0,-0.013730230913607405,-0.004555851269605343,0.0,0.01373023091360738,0.02020270731751947,-0.01843370848788454
2023-12-24,0.0,0.004555851269605493,-0.02309568933352144,-0.01843370848788454,-0.05129329438755058,0.027651540603126926,-0.041242958534049134,0.01385707316036426
2023-12-25,0.0,0.01843370848788464,-0.004661980845636939,0.01385707316036426,0.05129329438755048,0.02309568933352144,0.010050335853501506,-0.023202870755341665
2023-12-26,0.0,0.0,-0.04216079038367865,-0.023202870755341665,-0.05129329438755058,0.042160790383678655,-0.041242958534049134,0.018605126438859913
2023-12-27,0.0,0.023202870755341522,-0.00943403514709817,0.018605126438859913,0.0,0.03263690590243976,-0.03109058707003112,-0.01860512643885987
2023-12-28,0.0,0.009174379644002079,-0.02331105324655291,-0.01860512643885987,0.0,0.03248543289055504,-0.020834086902841914,-0.00943403514709817
2023-12-29,0.0,0.00934579759497738,-0.02375412837876852,-0.00943403514709817,0.0,0.03309992597374585,-0.010471299867295366,0.0
2023-12-30,0.0,0.00943403514709815,-0.014320093231670251,0.0,0.0,0.023754128378768422,-0.010471299867295366,0.0
2023-12-31,0.0,0.014117851896438606,-0.00475063888389862,0.0,0.0,0.01886849078033741,0.0,0.04630451623866704
2024-01-01,0.004728108339405295,0.04630451623866704,0.0,0.04630451623866704,0.05129329438755048,0.04630451623866704,0.05129329438755048,0.01793770712517936
2024-01-02,0.0,0.03555931468814776,0.0,0.01793770712517936,0.0,0.03555931468814776,0.0408219945202552,-0.05012437146740769
2024-01-03,0.0,0.008849618410707373,-0.0737661078450852,-0.05012437146740769,-0.05129329438755058,0.08261572625579251,-0.020834086902841914,0.03218666434222821
2024-01-04,0.0,0.045670052011876586,0.0,0.03218666434222821,0.05129329438755048,0.045670052011876586,0.030459207484708654,0.0
2024-01-05,0.0,0.004514714760456206,-0.022884268531649783,0.0,0.0,0.027398983292105814,0.02020270731751947,-0.004535123739101362
2024-01-06,0.0,0.0,-0.01826535465270887,-0.004535123739101362,0.0,0.01826535465270893,0.010050335853501506,0.0
2024-01-07,0.0,0.00904983849955753,-0.00913248659712575,0.0,0.0,0.018182325096683317,0.010050335853501506,0.06595795794052096
2024-01-08,0.0,0.07020428109545161,-0.0183491447925484,0.06595795794052096,0.04879016416943205,0.08855342588799985,0.058840500022933395,-0.21783850498186436
2024-01-09,0.0,0.03347594040885955,-0.23383881279882132,-0.21783850498186436,1.0498221244986776,0.2673147532076808,1.0886619578149417,0.010526416615140621
2024-01-10,0.0,0.03125255416478017,-0.026811227322358685,0.010526416615140621,0.016529301951210506,0.058063781487138734,0.7715518862292433,-0.005249319396199403
2024-01-11,0.0,0.046043917549377686,-0.021164818525957117,-0.005249319396199403,0.0,0.06720873607533479,0.5163050895306163,-0.07654010149158026
2024-01-12,0.0,0.005249319396199529,-0.09952962740790154,-0.07654010149158026,-0.085522173438162,0.10477894680410099,0.22761783170913072,0.0
2024-01-13,0.0,0.005665698297200951,-0.0114286996252293,0.0,0.0,0.017094397922430317,0.07796154146971192,-0.02882040565624629
2024-01-14,0.0,0.005665698297200951,-0.02882040565624629,-0.02882040565624629,-0.018018505502678365,0.034486103953447235,-0.06680866967211027,0.01739170603101691
2024-01-15,0.0,0.040119964626356835,0.0,0.01739170603101691,0.018018505502678212,0.040119964626356835,-0.03163708494318247,0.017094397922430317
2024-01-16,0.0,0.028330475322632744,-0.005763748708030622,0.017094397922430317,0.0,0.034094224030663346,-0.014184634991956413,-0.011363762878638118
2024-01-17,0.0,0.0,-0.022858146630460856,-0.011363762878638118,0.0,0.022858146630460825,0.0035778213478841235,-0.03488718617937208
2024-01-18,0.0,0.005698064581437054,-0.046792092295097475,-0.03488718617937208,-0.03636764417087483,0.05249015687653456,-0.03278982282299084,0.01176484510456278
2024-01-19,0.0,0.023392802427549365,-0.02395324832880787,0.01176484510456278,0.018349138668196617,0.047346050756357165,-0.007246408520767198,0.0
2024-01-20,0.0,0.005830879739925085,-0.005865164004223974,0.0,0.0,0.011696043744148977,-0.007246408520767198,-0.005865164004223974
2024-01-21,0.0,0.005830879739925085,-0.005865164004223974,-0.005865164004223974,-0.01834913866819654,0.011696043744148977,-0.02197890671877534,-0.04820211872651267
2024-01-22,0.0,0.005865164004223868,-0.04820211872651267,-0.04820211872651267,-0.037740327982847086,0.054067282730736514,-0.05244647537254243,0.006153912416531394
2024-01-23,0.0,0.018349189297365863,-0.0250013113021514,0.006153912416531394,0.0,0.0433505005995172,-0.037740327982847086,0.006116184557246117
2024-01-24,0.0,0.01823754936536241,-0.006153912416531521,0.006116184557246117,0.01904819497069441,0.024391461781893973,-0.011257154524634447,0.0
2024-01-25,0.0,0.006079092323588227,-0.012270096973777707,0.0,-1.667706820558076,0.018349189297365863,-1.6714733033535532,0.04179718575695887
2024-01-26,0.0,0.047628065496883885,-0.0061161845572461505,0.04179718575695887,0.09531017980432493,0.0537442500541301,-1.390829516285282,0.0116279573229863
2024-01-27,0.0,0.0116279573229863,-0.005865164004223974,0.0116279573229863,0.0,0.017493121327210325,-1.1744503650596143,-0.005797077583061479
2024-01-28,0.0,0.011494383751822778,-0.011627957322986398,-0.005797077583061479,0.0,0.023122341074809132,-0.912647740595654,0.02865522421352223
2024-01-29,0.0,0.034289084886431974,0.0,0.02865522421352223,0.0,0.034289084886431974,-0.5570150062353652,-0.005665698297200968
2024-01-30,0.0,0.016807164904074676,-0.011363762878638118,-0.005665698297200968,0.0,0.028170927782712716,0.0183491386681964,-0.005698064581437107
2024-01-31,0.0,0.016901775697403514,-0.0114286996252293,-0.005698064581437107,0.0,0.028330475322632744,0.0,0.011363762878638117
2024-02-01,0.0,0.011363762878638117,-0.017291461334884257,0.011363762878638117,0.0,0.02865522421352223,0.0,0.0
2024-02-02,0.0,0.005633860672909631,-0.011363762878638118,0.0,0.0,0.01699762355154765,0.0,-0.005665698297200968
2024-02-03,0.0,0.005633860672909631,-0.005665698297200968,-0.005665698297200968,0.0,0.011299558970110648,0.0,-0.005698064581437107
2024-02-04,0.0,0.005665698297200951,-0.0114286996252293,-0.005698064581437107,0.0,0.017094397922430317,0.0,0.0
2024-02-05,0.0,0.01699762355154765,-0.01149438375182285,0.0,0.0,0.02849200730337044,0.0,0.011363762878638117
2024-02-06,0.0,0.01699762355154765,-0.005730635043792195,0.011363762878638117,0.0,0.022728258595339824,0.0,0.027857004644402005
2024-02-07,0.0,0.027857004644402005,-0.011363762878638118,0.027857004644402005,0.0870113769896297,0.039220767523040045,0.0870113769896297,0.021739993514078994
2024-02-08,0.0,0.02710189942021949,0.0,0.021739993514078994,0.0,0.02710189942021949,0.06899287148695142,0.03694348884279343
2024-02-09,0.0,0.05745703556539948,0.0,0.03694348884279343,0.0,0.05745703556539948,0.05129329438755048,0.015424438396927413
2024-02-10,0.0,0.020513546722606125,-0.005194780748240178,0.015424438396927413,0.08004270767353636,0.025708327470846216,0.1139442593492179,0.010152375213884214
2024-02-11,0.0,0.015190207652569503,-0.005115065257983846,0.010152375213884214,0.0,0.020305272910553413,0.08004270767353636,0.03474299648415651
2024-02-12,0.0,0.03960915236540997,-0.01015237521388412,0.03474299648415651,0.5260930958967791,0.0497615275792942,0.5733459807473247,-0.004890022526527908
2024-02-13,0.0,0.004866155881253668,-0.02970516404547097,-0.004890022526527908,0.0,0.034571319926724506,0.42381424677636087,0.04317222109459943
2024-02-14,0.0,0.04317222109459943,-0.009852299974486153,0.04317222109459943,0.044451762570833796,0.0530245210690857,0.33821288109899705,0.0
2024-02-15,0.0,0.01398621255991906,-0.00943403514709817,0.0,0.0,0.02342024770701722,0.21233263520999412,0.004683816749340527
2024-02-16,0.0,0.00934579759497738,-0.004705926807692914,0.004683816749340527,-1.1895840668738362,0.014051724402670444,-1.0793809267402221,-0.009389743557033413
2024-02-17,0.0,0.0,-0.028437945128108908,-0.009389743557033413,0.0,0.028437945128108974,-1.019362917013969,0.009389743557033555
2024-02-18,0.0,0.014051724402670444,-0.009478747223303843,0.009389743557033555,0.0,0.02353047162597423,-0.8513711857748393,-0.009389743557033413
2024-02-19,0.0,0.004661980845636937,-0.009389743557033413,-0.009389743557033413,0.0,0.014051724402670444,-0.6493445579015524,0.009389743557033555
2024-02-20,0.0,0.02331105324655288,-0.014251992820644094,0.009389743557033555,0.0,0.037563046067197,-0.3764775712349121,-0.0046838167493405
2024-02-21,0.0,0.004661980845636937,-0.028437945128108908,-0.0046838167493405,0.0,0.03309992597374585,0.0,-0.01418467403099686
2024-02-22,0.0,0.0,-0.018957919628337074,-0.01418467403099686,0.0,0.01895791962833715,0.0,-0.009569454347771652
2024-02-25,0.0,0.00943403514709815,-0.00475063888389862,0.004728108339405295,0.0,0.014184674030996916,0.22314355131420976,0.05058548108975609
2024-02-26,0.0,0.05951411502444113,-0.014251992820644094,0.05058548108975609,0.13353139262452257,0.07376610784508526,0.3566749439387324,0.04814939186275237
2024-02-27,0.0,0.056660084165855835,0.0,0.04814939186275237,0.0,0.056660084165855835,0.32158362412746233,0.5510320326031805
2024-02-28,0.0,0.5534920771136833,-0.004282694353815987,0.5510320326031805,-0.13353139262452263,0.5577747714674993,0.15415067982725836,-0.4079312552958124
2024-02-29,0.0,0.0,-0.46901885645864616,-0.4079312552958124,1.717651497074333,0.46901885645864616,1.6620816459195222,0.018349171985584473
2024-03-01,0.0,0.02919916554906257,-0.007434927004952363,0.018349171985584473,0.0,0.0366340925540148,1.0388930539664873,-0.007299251697502108
2024-03-02,0.0,0.0,-0.014652281863533474,-0.007299251697502108,0.0,0.014652281863533479,0.6578790417224875,0.01814924526097994
2024-03-03,0.0,0.01814924526097994,-0.011049920288082426,0.01814924526097994,0.025317807984289786,0.02919916554906257,0.4155154439616658,0.07948915488391464
2024-03-04,0.0,0.07948915488391464,-0.0072201979044977296,0.07948915488391464,0.07232066157962608,0.08670935278841232,0.2707716003034644,-0.44961483329644064
2024-03-05,0.0,0.006622591179990391,-0.49762410715199484,-0.44961483329644064,0.8237673629770095,0.5042466983319852,0.8960880245566357,0.030771594359051822
2024-03-06,0.0,0.055710587599330424,-0.015748400277596247,0.030771594359051822,0.040005334613699206,0.07145898787692678,0.6775826640188337,0.07770901180156858
2024-03-07,0.0,0.0962280658075697,-0.0050632668882055224,0.07770901180156858,-2.4277482359480516,0.10129133269577517,-1.9678890557740887,0.02309568933352144
2024-03-08,0.0,0.041195737532722584,-0.009389743557033413,0.02309568933352144,0.0,0.05058548108975609,-1.870091312497962,0.0
2024-03-09,0.0,0.004555851269605493,-0.004576635327520394,0.0,0.0,0.009132486597125856,-1.7578579175523736,0.004555851269605493
2024-03-10,0.0,0.02257436267835509,0.0,0.004555851269605493,0.0,0.02257436267835509,-1.6182875277110829,0.048790148420903935
2024-03-11,0.0,0.05741089443853228,-0.013730230913607405,0.048790148420903935,0.0,0.07114112535213961,-1.120591195386885,-0.008695709993654604
2024-03-12,0.0,0.004319693999854723,-0.039740309921346265,-0.008695709993654604,0.0,0.04406000392120109,0.0,0.021599150365098872
2024-03-13,0.0,0.030109842668202318,-0.004376344220696495,0.021599150365098872,0.0,0.03448618688889876,0.0,-0.021599150365098914
2024-03-14,0.0,0.008510692303103399,-0.061693588792348195,-0.021599150365098914,0.0,0.07020428109545161,0.0,-0.031044599927691777
2024-03-15,0.0,0.008695709993654642,-0.07713572258740961,-0.031044599927691777,0.0,0.0858314325810642,0.0,-0.06034311548036197
2024-03-16,0.0,0.00896867290919207,-0.0651393242307934,-0.06034311548036197,-0.11778303565638351,0.07410799713998548,-0.11778303565638351,0.046737425711199085
2024-03-17,0.0,0.05129327698080453,-0.009615461726816266,0.046737425711199085,0.11778303565638346,0.06090873870762075,0.022472855852058576,-0.009174379644002088
2024-03-18,0.0,0.004555851269605493,-0.02777950608286202,-0.009174379644002088,0.0,0.03233535735246736,0.022472855852058576,-0.09163032149108791
2024-03-19,0.0,0.004597744316481724,-0.09669358837929347,-0.09163032149108791,-0.11778303565638351,0.10129133269577517,-0.0953101798043249,0.09163032149108791
2024-03-20,0.0,0.0962280658075697,-0.015267440471868001,0.09163032149108791,0.11778303565638346,0.11149550627943762,0.04546237407675741,-0.03278980046985677
2024-03-21,0.0,0.004597744316481724,-0.042359254817628346,-0.03278980046985677,-0.11778303565638351,0.04695699913411016,-0.07232066157962613,-0.03390152778095244
2024-03-22,0.0,0.014184674030996916,-0.04879018149336093,-0.03390152778095244,0.0,0.06297485552435785,-0.07232066157962613,0.009804003243877691
2024-03-23,0.0,0.03865216666485106,-0.004938319257136257,0.009804003243877691,0.0,0.043590485921987485,-0.048790164169432056,0.04762799616304895
2024-03-24,0.0,0.0522684111279905,-0.004890022526527908,0.04762799616304895,0.11778303565638346,0.05715843365451845,0.09309042306601203,0.04100807116623959
2024-03-25,0.0,0.05431200903247805,-0.009345797594977442,0.04100807116623959,0.0,0.06365780662745554,0.06899287148695142,0.0
2024-03-26,0.0,0.022075927018499645,-0.008968672909192121,0.0,0.0,0.031044599927691794,0.06899287148695142,-0.004474314479154008
2024-03-27,0.0,0.022075927018499645,-0.022574362678355105,-0.004474314479154008,0.0,0.044650289696854716,0.04546237407675741,0.013363264771036411
2024-03-28,0.0,0.026550241497653528,-0.009009073190494238,0.013363264771036411,0.0,0.03555931468814776,0.022472855852058576,-0.008888950291882516
2024-03-29,0.0,0.0044149875743559625,-0.022372337961530854,-0.008888950291882516,0.0,0.026787325535886877,0.0,-0.004474314479154008
2024-03-30,0.0,0.004454319455531043,-0.004474314479154008,-0.004474314479154008,0.0,0.008928633934685156,0.0,0.022173897276957157
2024-03-31,0.0,0.022173897276957157,0.0,0.022173897276957157,0.0,0.022173897276957157,0.0,-0.02217389727695712
2024-04-01,0.0,0.0,-0.044850580803678555,-0.02217389727695712,0.0,0.044850580803678576,0.0,-0.06483747391040007
2024-04-02,0.0,0.0,-0.07445293563721643,-0.06483747391040007,-0.11778303565638351,0.07445293563721647,-0.11778303565638351,0.009523884481238835
2024-04-03,0.0,0.02364173637767757,-0.009615461726816266,0.009523884481238835,0.11778303565638346,0.03325719810449384,0.022472855852058576,0.037213541229960144
2024-04-04,0.0,0.04630451623866704,-0.014320093231670251,0.037213541229960144,0.0,0.06062460947033718,0.022472855852058576,-0.009174379644002088
2024-04-05,0.0,0.004555851269605493,-0.03248543289055492,-0.009174379644002088,0.0,0.03704128416016031,0.022472855852058576,0.01826535465270893
2024-04-06,0.0,0.027274427843203167,-0.0046189138789409865,0.01826535465270893,0.0,0.03189334172214415,0.022472855852058576,0.004514714760456206
2024-04-07,0.0,0.01793770712517936,-0.004535123739101362,0.004514714760456206,0.0,0.022472830864280726,0.022472855852058576,0.1770524698390197
2024-04-08,0.0,0.18457125001361116,-0.004514714760456137,0.1770524698390197,-0.11778303565638351,0.18908596477406736,-0.11778303565638351,-0.24219179406981292
2024-04-09,0.0,1.9169225669597973,-0.24701104704619778,-0.24219179406981292,3.7316994512968646,2.163933614005995,3.6363892714925394,0.01904820157107558
2024-04-10,0.0,2.1646483872880236,-0.019418092715830938,0.01904820157107558,-2.920769235080536,2.1840664800038545,-1.410986973710262,-0.009478747223303843
2024-04-11,0.0,0.009389743557033555,-0.014251992820644094,-0.009478747223303843,0.0,0.02364173637767757,-1.4350845252893225,-0.03883984703808877
2024-04-12,0.0,0.01886849078033741,-0.05884052102123121,-0.03883984703808877,-0.05715841383994864,0.07770901180156858,-1.5157734365394653,-0.05077226834219425
2024-04-13,0.0,0.009852299974486127,-0.08791186609275402,-0.05077226834219425,0.0,0.09776416606724016,-1.5362345084108053,0.025708327470846216
2024-04-14,0.0,0.025708327470846216,-0.026386802188412807,0.025708327470846216,0.0,0.05209512965925907,-1.5587636214708336,-0.036179630529501405
2024-04-15,0.0,0.015113606416075849,-0.04676174311929914,-0.036179630529501405,-0.060624621816434854,0.06187534953537486,-0.083881483980702,0.005249319396199529
2024-04-16,0.0,0.015666083806895378,-0.02666829469190474,0.005249319396199529,0.0,0.04233437849879997,-0.060624621816434854,-0.03733764393749933
2024-04-17,0.0,0.010416764410695833,-0.0593165576865039,-0.03733764393749933,0.0,0.0697333220971998,-0.036813973122716434,0.03208832454129982
2024-04-18,0.0,0.042559627599955005,-0.005449646255599269,0.03208832454129982,0.0,0.04800927385555426,-0.02469261259037141,0.010471303058655143
2024-04-19,0.0,0.03109052220382285,-0.054067238290304444,0.010471303058655143,0.06062462181643484,0.08515776049412717,0.048202101817877686,0.015504153887183866
2024-04-20,0.0,0.020619219145167615,-0.010471303058655138,0.015504153887183866,0.0,0.03109052220382285,0.048202101817877686,0.0
2024-04-21,0.0,0.010204173583662463,-0.01030937313894359,0.0,0.0,0.020513546722606125,0.03593200922606337,0.025317779999738187
2024-04-22,0.0,0.03526811445501029,-0.005141438736388166,0.025317779999738187,0.0,0.04040955319139867,0.023810648693718392,0.0
2024-04-23,0.0,0.00995033445527218,-0.010050339527870236,0.0,-0.2682639865946794,0.020000673983142456,-0.2564295289476766,-0.035627153138681845
2024-04-24,0.0,0.00995033445527218,-0.040821933886922075,-0.035627153138681845,0.0,0.05077226834219425,-0.22006188477680164,0.005167934402555341
2024-04-25,0.0,0.015424438396927413,-0.020943181025836467,0.005167934402555341,0.0,0.036367619422763925,-0.1694181519580468,-0.010362715150795577
2024-04-26,0.0,0.005141438736388193,-0.015584698813251228,-0.010362715150795577,0.0,0.0207261375496395,-0.11607217125275401,-0.010471303058655138
2024-04-27,0.0,0.0,-0.021053415648452863,-0.010471303058655138,-0.3677247801253174,0.021053415648452804,-0.4274440148269396,-0.005277097218941209
2024-04-28,0.0,0.015666083806895378,-0.005277097218941209,-0.005277097218941209,1.3581234841531944,0.02094318102583658,1.0539121097502029,0.010526416615140621
2024-04-29,0.0,0.01574840027759635,-0.0160003078169569,0.010526416615140621,0.0,0.031748708094553255,0.7459453661269161,-0.04826671794617668
2024-04-30,0.0,0.015584698813251361,-0.06488764519037617,-0.04826671794617668,-0.058840500022933465,0.08047234400362734,0.4519851237430572,-0.03922076752304015
2024-05-01,0.0,0.0,-0.06820827260207327,-0.03922076752304015,-0.03077165866675366,0.06820827260207317,0.2468600779315258,0.011363762878638117
2024-05-02,0.0,0.022599840278840544,-0.02312234107480916,0.011363762878638117,0.0,0.0457221813536499,0.10536051565782635,0.06559730597543798
2024-05-03,0.0,0.07087440319437917,0.0,0.06559730597543798,0.06062462181643484,0.07087440319437917,0.017804624633506686,0.01574840027759635
2024-05-04,0.0,0.02094318102583658,-0.005305015370856511,0.01574840027759635,0.028987536873252187,0.026248196396693128,0.05279818556697083,0.0
2024-05-05,0.0,0.010362715150795693,-0.015748400277596247,0.0,0.0,0.026111115428391896,0.05279818556697083,-0.010471303058655138
2024-05-06,0.0,0.020619219145167615,-0.015748400277596247,-0.010471303058655138,0.0,0.036367619422763925,0.040821994520254985,-0.015915499129757663
2024-05-07,0.0,0.015666083806895378,-0.015915499129757663,-0.015915499129757663,-0.028987536873252298,0.031581582936653065,-0.005865119452398134,-0.01617282541154228
2024-05-08,0.0,0.010638401910816426,-0.021622471667141513,-0.01617282541154228,-0.02985296314968116,0.03226087357795803,-0.04734612059719843,0.02681122732235865
2024-05-09,0.0,0.03208832454129982,-0.010929074008677328,0.02681122732235865,0.058840500022933395,0.04301739854997713,0.017291497110061043,-0.03774030133103595
2024-05-10,0.0,0.005277097218941216,-0.043249999107678794,-0.03774030133103595,-0.058840500022933465,0.04852709632661993,-0.04154900291287239,0.0
2024-05-11,0.0,0.010929074008677386,0.0,0.0,0.0,0.010929074008677386,-0.02985296314968116,0.01634910385807252
2024-05-12,0.0,0.01634910385807252,0.0,0.01634910385807252,0.02985296314968113,0.01634910385807252,0.011834457647002798,0.02139119747296351
2024-05-13,0.0,0.026668294691904695,-0.01634910385807246,0.02139119747296351,0.0,0.04301739854997713,0.011834457647002798,-0.021391197472963516
2024-05-14,0.0,0.0,-0.0322608735779579,-0.021391197472963516,0.0,0.03226087357795803,0.005899722127188322,0.07294902454829724
2024-05-15,0.0,0.07294902454829724,-0.005420029849395087,0.07294902454829724,0.05715841383994862,0.07836905439769228,0.06899287148695142,-0.015190207652569593
2024-05-16,0.0,0.005012507089184783,-0.02544671164694171,-0.015190207652569593,0.0,0.03045921873612648,0.05129329438755048,0.025190294261562267
2024-05-17,0.0,0.030153049197026462,-0.005115065257983846,0.025190294261562267,0.027398974188114347,0.03526811445501029,0.06130052586379588,0.0
2024-05-18,0.0,0.004962754935464239,-0.004987579519807851,0.0,0.0,0.00995033445527218,0.044206092504495705,-0.010000086608992641
2024-05-19,0.0,0.009901074192600477,-0.015037919047678174,-0.010000086608992641,-0.027398974188114388,0.024938993240278623,0.0,0.07267117936288306
2024-05-20,0.0,0.07267117936288306,-0.005037832438685523,0.07267117936288306,0.08004270767353636,0.07770901180156858,0.06899287148695142,-0.014117851896438643
2024-05-21,0.0,0.004661980845636937,-0.028437945128108908,-0.014117851896438643,-0.025975486403260677,0.03309992597374585,0.026668247082161273,-0.014320093231670251
2024-05-22,0.0,0.004728108339405295,-0.01913934620805518,-0.014320093231670251,0.0,0.023867454547460407,0.015915455305899582,-0.019418092715830938
2024-05-23,0.0,0.009569454347771648,-0.0392207271455893,-0.019418092715830938,-0.026668247082161294,0.048790181493360854,-0.01608613775162438,-0.39813908311636725
2024-05-24,0.0,2.053369319405209,-0.39813908311636725,-0.39813908311636725,0.28090238546640217,2.451508402521576,0.2648162477147777,0.014493012651908072
2024-05-25,0.0,0.014493012651908072,0.0,0.014493012651908072,0.02020270731751947,0.014493012651908072,0.2181560098031706,-0.014493012651907907
2024-05-26,0.0,0.0,-0.014493012651907907,-0.014493012651907907,-0.020202707317519466,0.014493012651908072,0.14467193587271454,0.014493012651908072
2024-05-27,0.0,0.02877897509697122,0.0,0.014493012651908072,0.02020270731751947,0.02877897509697122,0.11428914640212759,-0.014493012651907907
2024-05-28,0.0,0.0,-0.029199165548702954,-0.014493012651907907,-0.020202707317519466,0.029199165548702857,0.04167269640056808,-0.01470615289679494
2024-05-29,0.0,0.007272814747407561,-0.022141079901747313,-0.01470615289679494,-0.020619287202735703,0.029413894649154806,-0.028749413285985823,0.014706152896794993
2024-05-30,0.0,0.029199165548702857,-0.007434927004952363,0.014706152896794993,0.02061928720273561,0.036634092553655184,-0.004073325387635898,-0.01470615289679494
2024-05-31,0.0,0.007272814747407561,-0.029631808786948995,-0.01470615289679494,-0.020619287202735703,0.03690462353435649,-0.020619287202735703,0.0
2024-06-01,0.0,0.007380163571419439,0.0,0.0,0.02061928720273561,0.007380163571419439,0.004089985251525066,0.0
2024-06-02,0.0,0.014706152896794993,0.0,0.0,-1.4069136483226263,0.014706152896794993,-1.3987168811184478,0.02197896764420236
2024-06-03,0.0,0.03636770961574296,0.0,0.02197896764420236,0.08004270767353636,0.03636770961574296,-1.153488898893944,0.021506160349563784
2024-06-04,0.0,0.028573381355629614,-0.007272814747407467,0.021506160349563784,0.0,0.03584619610303714,-0.9672762866070228,0.007067221006065876
2024-06-05,0.0,0.014084744933938605,0.0,0.007067221006065876,0.0,0.014084744933938605,-0.7308875085427924,0.0
2024-06-06,0.0,0.0070175239278729,-0.014184639384089143,0.0,0.0,0.021202163311962,-0.4307829160924542,-0.02135318345112912
2024-06-07,0.0,0.013986246244868897,-0.03584619610303701,-0.02135318345112912,0.0,0.04983244234790588,0.015504186535965254,0.0
2024-06-08,0.0,0.0,-0.007220197904500525,0.0,0.0,0.007220197904500512,0.0,0.0
2024-06-09,0.0,0.007168544067039906,-0.007220197904500525,0.0,0.0,0.0143887419715405,0.0,0.0
2024-06-10,0.0,0.007168544067039906,0.0,0.0,0.0,0.007168544067039906,0.0,-0.029199165548702954
2024-06-11,0.0,0.0,-0.05167197485461591,-0.029199165548702954,-0.08004270767353637,0.05167197485461593,-0.08004270767353637,0.007380163571419439
2024-06-12,0.0,0.03636770961574296,-0.007434927004952363,0.007380163571419439,0.08004270767353636,0.04380263662069535,0.015504186535965254,-0.014815090576371877
2024-06-13,0.0,0.007325989325375429,-0.02230581946157355,-0.014815090576371877,-0.08004270767353637,0.029631808786949033,-0.06453852113757118,-0.015037882300960578
2024-06-14,0.0,0.0074349270049524655,-0.030305359519289924,-0.015037882300960578,0.0,0.037740286524242245,-0.048790164169431945,0.0
2024-06-15,0.0,0.00754715341575901,0.0,0.0,0.0,0.00754715341575901,-0.032789822822990956,0.00754715341575901
2024-06-16,0.0,0.015037882300960578,0.0,0.00754715341575901,0.0,0.015037882300960578,-0.01652930195121047,0.0
2024-06-17,0.0,0.00749072888520168,-0.02281463063408825,0.0,0.0,0.03030535951928994,-0.01652930195121047,-0.02281463063408825
2024-06-18,0.0,0.0,-0.03831882241736111,-0.02281463063408825,0.0,0.03831882241736107,0.0,0.0
2024-06-19,0.0,0.007662819766771535,-0.007722105099940575,0.0,0.0,0.015384924866712156,0.0,0.0
2024-06-20,0.0,0.022814630634088274,-0.007722105099940575,0.0,0.0,0.030536735734028757,0.0,-0.015504191783272966
2024-06-21,0.0,0.0,-0.023347314638985317,-0.015504191783272966,0.0,0.023347314638985307,0.0,0.007782086683332439
2024-06-22,0.0,0.007782086683332439,0.0,0.007782086683332439,0.0,0.007782086683332439,0.0,-0.023530449065360472
2024-06-23,0.0,0.0,-0.023530449065360472,-0.023530449065360472,0.0,0.02353044906536048,0.0,-0.040491375672046546
2024-06-24,0.0,0.007905239526315572,-0.0741079366182522,-0.040491375672046546,-0.08701137698962981,0.08201317614456781,-0.08701137698962981,0.024491028737074896
2024-06-25,0.0,0.024491028737074896,-0.008298805820996845,0.024491028737074896,0.0,0.032789834558071766,-0.07020425867324857,-0.016260526642721745
2024-06-26,0.0,0.008032232721482485,-0.024491028737075007,-0.016260526642721745,0.0,0.0325232614585574,-0.05310982531394841,0.008163372702561537
2024-06-27,0.0,0.024292759364204247,-0.008230502094353201,0.008163372702561537,0.0,0.0325232614585574,-0.03571808260207923,-0.016393874796914818
2024-06-28,0.0,0.00809715394016026,-0.02469268061791169,-0.016393874796914818,0.0,0.032789834558071766,-0.01801850550267825,0.008230502094353142
2024-06-29,0.0,0.008230502094353142,0.0,0.008230502094353142,0.0,0.008230502094353142,0.0,0.024292759364204247
2024-06-30,0.0,0.03226087357769337,-0.008230502094353201,0.024292759364204247,0.0870113769896297,0.04049137567204661,0.0870113769896297,0.0079681142134891
2024-07-01,0.0,0.023716476595517344,0.0,0.0079681142134891,0.0,0.023716476595517344,0.06899287148695142,-0.016000346934971633
2024-07-02,0.0,0.0,-0.024097500875131867,-0.016000346934971633,-0.08701137698962981,0.024097500875131912,-0.03571808260207923,-0.03278983455807185
2024-07-03,0.0,0.0,-0.04115808728541629,-0.03278983455807185,0.0,0.04115808728541632,-0.03571808260207923,-0.05129324971101531
2024-07-04,0.0,0.008298805820996824,-0.05129324971101531,-0.05129324971101531,0.0,0.05959205553201225,-0.03571808260207923,-0.008810632505924306
2024-07-05,0.0,0.008733682744284647,-0.054067238999125446,-0.008810632505924306,-0.0953101798043249,0.06280092174341019,-0.13102826240640414,0.034786127091731
2024-07-06,0.0,0.034786127091731,-0.008888950291440063,0.034786127091731,0.09531017980432493,0.043675077383171,0.0,-0.04367507738317103
2024-07-07,0.0,0.0,-0.04367507738317103,-0.04367507738317103,-0.0953101798043249,0.043675077383171,-0.07696104113612844,0.00888895029144012
2024-07-08,0.0,0.035091331011577846,-0.0271509980058754,0.00888895029144012,0.0,0.06224232901745334,-0.05826890812397576,0.026202380720137794
2024-07-09,0.0,0.026202380720137794,0.0,0.026202380720137794,0.09531017980432493,0.026202380720137794,0.05608946665104358,-0.008658065469928698
2024-07-10,0.0,0.025533248769457506,-0.01739174821421337,-0.008658065469928698,0.0,0.042924996983670846,0.05608946665104358,0.0
2024-07-11,0.0,0.025752504145052625,-0.008733682744284715,0.0,0.0,0.034486186889337446,0.037041271680349076,0.008658065469928684
2024-07-12,0.0,0.01724181184152183,-0.017544315250209122,0.008658065469928684,0.0,0.034786127091731,0.037041271680349076,0.01709443867512413
2024-07-13,0.0,0.025533248769457506,0.0,0.01709443867512413,0.0,0.025533248769457506,0.0183491386681964,0.03333637073702801
2024-07-14,0.0,0.041499743439589655,0.0,0.03333637073702801,0.0,0.041499743439589655,0.0,0.06351342774299452
2024-07-15,0.0,0.06351342774299452,-0.008230502094353201,0.06351342774299452,0.0870113769896297,0.07174392983734754,0.0870113769896297,0.0
2024-07-16,0.0,0.007662819766771535,-0.03922066837879022,0.0,0.0,0.04688348814556184,0.06899287148695142,-0.015504191783272966
2024-07-17,0.0,0.015267477218329177,-0.015504191783272966,-0.015504191783272966,0.0,0.030771669001602248,0.05129329438755048,0.0
2024-07-18,0.0,0.015504191783272841,-0.007843122855712398,0.0,0.0,0.023347314638985307,0.033901551675681416,0.03831882241736107
2024-07-19,0.0,0.05324447830751524,-0.007843122855712398,0.03831882241736107,0.0,0.061087601163227596,0.01680711831638119,0.00749072888520168
2024-07-20,0.0,0.014925655890153978,0.0,0.00749072888520168,0.0,0.014925655890153978,0.0,0.014815090576371965
2024-07-21,0.0,0.022141079901747376,-0.015037882300960578,0.014815090576371965,0.08004270767353636,0.03717896220270801,0.08004270767353636,-0.007380163571419525
2024-07-22,0.0,0.007325989325375429,-0.02230581946157355,-0.007380163571419525,-0.08004270767353637,0.029631808786949033,-0.01652930195121047,-0.022472809305913
2024-07-23,0.0,0.0,-0.030077466757470677,-0.022472809305913,0.0,0.030077466757470587,-0.01652930195121047,-0.007604657451557654
2024-07-24,0.0,0.015037882300960578,-0.015267477218329212,-0.007604657451557654,0.0,0.03030535951928994,-0.01652930195121047,0.007604657451557746
2024-07-25,0.0,0.007604657451557746,-0.03101013440575691,0.007604657451557746,0.0,0.038614791857314645,-0.01652930195121047,0.02985297287733243
2024-07-26,0.0,0.02985297287733243,0.0,0.02985297287733243,0.08004270767353636,0.02985297287733243,0.06351340572232593,0.0
2024-07-27,0.0,0.021819001977283366,-0.014815090576371877,0.0,0.0,0.036634092553655184,0.06351340572232593,0.007325989325375429
2024-07-28,0.0,0.007325989325375429,-0.014815090576371877,0.007325989325375429,0.0,0.022141079901747376,0.04725288485054551,-0.022141079901747313
2024-07-29,0.0,0.021661556718947934,-0.029631808786948995,-0.022141079901747313,-0.08004270767353637,0.0512933655058969,-0.048790164169431945,-0.015037882300960578
2024-07-30,0.0,0.0,-0.022642539752518318,-0.015037882300960578,0.0,0.022642539752518228,-0.048790164169431945,-0.022989582318269912
2024-07-31,0.0,0.015037882300960578,-0.022989582318269912,-0.022989582318269912,0.0,0.038027464619230386,-0.048790164169431945,0.015384924866712156
2024-08-01,0.0,0.015384924866712156,-0.03149856327884963,0.015384924866712156,0.0,0.04688348814556184,-0.032789822822990956,-0.06301287480720444
2024-08-02,0.0,0.0,-0.06301287480720444,-0.06301287480720444,-0.08701137698962981,0.06301287480720441,-0.10354067894084033,-0.016393874796914818
2024-08-03,0.0,0.00809715394016026,-0.02469268061791169,-0.016393874796914818,0.0,0.032789834558071766,-0.07020425867324857,-0.04220030731779887
2024-08-04,0.0,0.008230502094353142,-0.0508583727877275,-0.04220030731779887,0.0,0.05908887488208066,-0.05310982531394841,-0.07145898721333888
2024-08-05,0.0,0.0,-0.15847039482500513,-0.07145898721333888,-0.0953101798043249,0.15847039482500502,-0.13102826240640414,0.03636765620176108
2024-08-06,0.0,0.05406723899912539,0.0,0.03636765620176108,0.0,0.05406723899912539,-0.0953101798043249,-0.018018511408749712
2024-08-07,0.0,0.02643326554164916,-0.0271509980058754,-0.018018511408749712,0.0,0.0535842635475246,-0.05826890812397576,0.11980117847520125
2024-08-08,0.0,0.12783341119668362,0.0,0.11980117847520125,0.09531017980432493,0.12783341119668362,0.05608946665104358,-0.016260526642721745
2024-08-09,0.0,0.0,-0.04115808728541629,-0.016260526642721745,0.0,0.04115808728541632,0.05608946665104358,0.0
2024-08-10,0.0,0.008163372702561537,-0.008230502094353201,0.0,0.0,0.016393874796914797,0.05608946665104358,-0.033336370737027984
2024-08-11,0.0,0.008163372702561537,-0.04184706304055884,-0.033336370737027984,0.0,0.05001043574312031,0.037041271680349076,0.008438810094333364
2024-08-12,0.0,0.025105868642674674,-0.025752504145052736,0.008438810094333364,0.0,0.050858372787727396,0.0183491386681964,0.016667058548341218
2024-08-13,0.0,0.03306093334525615,-0.016949502397864268,0.016667058548341218,0.0,0.05001043574312031,0.0,-0.025105868642674764
2024-08-14,0.0,0.016393874796914797,-0.03361656094620555,-0.025105868642674764,0.0,0.05001043574312031,0.0,-0.025752504145052736
2024-08-15,0.0,0.01680706282167782,-0.04329681939526179,-0.025752504145052736,0.0,0.060103882216939776,0.0,0.025752504145052625
2024-08-16,0.0,0.04255956696673051,-0.008733682744284715,0.025752504145052625,0.0,0.05129324971101535,0.0,0.008438810094333364
2024-08-17,0.0,0.008438810094333364,0.0,0.008438810094333364,0.0,0.008438810094333364,0.0,-0.016949502397864268
2024-08-18,0.0,0.008368252727344521,-0.016949502397864268,-0.016949502397864268,0.0,0.02531775512520869,0.0,0.016949502397864243
2024-08-19,0.0,0.016949502397864243,-0.008583746371593204,0.016949502397864243,0.0,0.025533248769457506,0.0,-0.008438810094333416
2024-08-20,0.0,0.03306093334525615,-0.016949502397864268,-0.008438810094333416,0.0,0.05001043574312031,0.0,0.03333637073702801
2024-08-21,0.0,0.041499743439589655,0.0,0.03333637073702801,0.0,0.041499743439589655,0.0,-0.008230502094353201
2024-08-22,0.0,0.008163372702561537,-0.01652930791534999,-0.008230502094353201,0.0,0.024692680617911723,0.0,0.0640218247374071
2024-08-23,0.0,0.07174392983734754,0.0,0.0640218247374071,-0.0953101798043249,0.07174392983734754,-0.0953101798043249,0.0
2024-08-24,0.0,0.007722105099940536,-0.007782086683332399,0.0,0.0,0.015504191783272841,-0.07696104113612844,0.0
2024-08-25,0.0,0.007722105099940536,-0.007782086683332399,0.0,0.09531017980432493,0.015504191783272841,0.037041271680349076,-0.023530449065360472
2024-08-26,0.0,0.007722105099940536,-0.023530449065360472,-0.023530449065360472,-0.0953101798043249,0.03125255416530098,-0.05826890812397576,-0.048790181493043504
2024-08-27,0.0,0.007905239526315572,-0.06559724431472137,-0.048790181493043504,0.0,0.0735024838410371,-0.039220713153281385,-0.008368252727344427
2024-08-28,0.0,0.008298805820996824,-0.025317755125208716,-0.008368252727344427,0.0,0.03361656094620554,-0.019802627296179643,0.0
2024-08-29,0.0,0.03306093334525615,-0.008438810094333416,0.0,0.0,0.041499743439589655,-0.019802627296179643,0.0
2024-08-30,0.0,0.008368252727344521,-0.016949502397864268,0.0,0.0,0.02531775512520869,-0.019802627296179643,-0.008438810094333416
2024-08-31,0.0,0.0,-0.008438810094333416,-0.008438810094333416,0.0,0.008438810094333364,0.0,-0.025752504145052736
2024-09-01,0.0,0.008438810094333364,-0.025752504145052736,-0.025752504145052736,-0.10536051565782628,0.03419131423938623,-0.10536051565782628,0.03419131423938623
2024-09-02,0.0,0.03419131423938623,0.0,0.03419131423938623,0.10536051565782635,0.03419131423938623,0.02020270731751947,-0.025533248769457544
2024-09-03,0.0,0.008368252727344521,-0.025533248769457544,-0.025533248769457544,-0.10536051565782628,0.03390150149680202,-0.08515780834030695,0.008583746371593155
2024-09-04,0.0,0.01709443867512413,-0.02620238072013779,0.008583746371593155,0.0,0.04329681939526178,-0.06453852113757118,-0.03478612709173096
2024-09-05,0.0,0.0,-0.04367507738317103,-0.03478612709173096,0.0,0.043675077383171,-0.04348511193973889,-0.04525660649320105
2024-09-06,0.0,0.008810632505924353,-0.06394874586035004,-0.04525660649320105,0.0,0.0727593783662744,-0.021978906718775115,0.009216658195885512
2024-09-07,0.0,0.018349144793011363,0.0,0.009216658195885512,0.0,0.018349144793011363,-0.021978906718775115,0.009132486597125856
2024-09-08,0.0,0.01818232509623284,-0.009216658195885572,0.009132486597125856,0.0,0.02739898329211834,0.0,0.044451776950398904
2024-09-09,0.0,0.05310984242032754,0.0,0.044451776950398904,0.0,0.05310984242032754,0.0,0.008658065469928684
2024-09-10,0.0,0.01724181184152183,-0.008733682744284715,0.008658065469928684,0.0,0.025975494585806502,0.0,-0.008658065469928698
2024-09-11,0.0,0.008583746371593155,-0.035091331011577805,-0.008658065469928698,0.0,0.043675077383171,0.0,0.01724181184152183
2024-09-12,0.0,0.01724181184152183,0.0,0.01724181184152183,0.10536051565782635,0.01724181184152183,0.10536051565782635,0.04184706304055874
2024-09-13,0.0,0.04184706304055874,-0.008583746371593204,0.04184706304055874,0.0,0.050430809412151924,0.08338160893905121,-0.008230502094353201
2024-09-14,0.0,0.0,-0.01652930791534999,-0.008230502094353201,0.0,0.016529307915350053,0.06187540371808745,-0.01666705854834129
2024-09-15,0.0,0.0,-0.025105868642674764,-0.01666705854834129,0.0,0.025105868642674674,0.0408219945202552,-0.016949502397864268
2024-09-16,0.0,0.0,-0.025533248769457544,-0.016949502397864268,0.0,0.025533248769457506,0.02020270731751947,0.03361656094620554
2024-09-17,0.0,0.05001043574312031,-0.008583746371593204,0.03361656094620554,0.0,0.0585941821147137,0.0,0.024491028737074896
2024-09-18,0.0,0.024491028737074896,-0.01666705854834129,0.024491028737074896,0.0,0.04115808728541632,0.0,0.023905586461287424
2024-09-19,0.0,0.03174870931699964,0.0,0.023905586461287424,0.0,0.03174870931699964,0.0,0.0
2024-09-20,0.0,0.015625209539044654,-0.007905239526315727,0.0,0.0,0.02353044906536048,0.0,0.0
2024-09-21,0.0,0.00784312285571247,-0.007905239526315727,0.0,0.0,0.01574836238202806,0.0,0.00784312285571247
2024-09-22,0.0,0.015625209539044654,-0.015873353739804884,0.00784312285571247,0.0,0.03149856327884958,0.0,-0.007843122855712398
2024-09-23,0.0,0.015504191783272841,-0.01574836238202809,-0.007843122855712398,0.0,0.03125255416530098,0.0,0.015625209539044654
2024-09-24,0.0,0.023347314638985307,-0.007905239526315727,0.015625209539044654,0.9932517730102834,0.03125255416530098,0.9932517730102834,-0.015625209539044758
2024-09-25,0.0,0.007722105099940536,-0.015625209539044758,-0.015625209539044758,0.0,0.023347314638985307,0.7005821590474633,0.031010134405756926
2024-09-26,0.0,0.038614791857314645,-0.007905239526315727,0.031010134405756926,0.0,0.04652003138363022,0.4744579795951157,0.007604657451557746
2024-09-27,0.0,0.022642539752518228,-0.007662819766771601,0.007604657451557746,0.03636764417087479,0.03030535951928994,0.32652190576804496,0.0
2024-09-28,0.0,0.00754715341575901,0.0,0.0,0.0,0.00754715341575901,0.16251892949777494,0.0
2024-09-29,0.0,0.00754715341575901,0.0,0.0,0.0,0.00754715341575901,0.021661496781179467,-0.03861479185731459
2024-09-30,0.0,0.0,-0.03861479185731459,-0.03861479185731459,-0.03636764417087483,0.038614791857314645,-0.02197890671877534,-0.040166113104009124
2024-10-01,0.0,0.015625209539044654,-0.040166113104009124,-0.040166113104009124,-0.037740327982847086,0.05579132264305378,-0.05971923470162231,0.0
2024-10-02,0.0,0.024292759364204247,-0.008230502094353201,0.0,-0.03922071315328127,0.0325232614585574,-0.0916671885258238,0.0
2024-10-03,0.0,0.008163372702561537,-0.008230502094353201,0.0,0.0,0.016393874796914797,-0.06952606264861022,0.024292759364204247
2024-10-04,0.0,0.03226087357769337,0.0,0.024292759364204247,0.03922071315328133,0.03226087357769337,-0.007662872745569137,0.0
2024-10-05,0.0,0.0,-0.008032232721482499,0.0,0.0,0.008032232721482485,0.0077220460939103185,0.0079681142134891
2024-10-06,0.0,0.0079681142134891,-0.008032232721482499,0.0079681142134891,0.0,0.016000346934971713,0.015504186535965254,-0.007968114213489174
2024-10-07,0.0,0.02353044906536048,-0.007968114213489174,-0.007968114213489174,0.0,0.03149856327884958,0.015504186535965254,0.0
2024-10-08,0.0,0.01587335373980482,-0.008032232721482499,0.0,0.0,0.023905586461287424,0.0077220460939103185,-0.024292759364204223
2024-10-09,0.0,0.0079681142134891,-0.024292759364204223,-0.024292759364204223,-0.03922071315328127,0.03226087357769337,-0.03922071315328127,-0.008230502094353201
2024-10-10,0.0,0.008163372702561537,-0.033336370737027984,-0.008230502094353201,0.0,0.041499743439589655,-0.03149866705937105,0.04049137567204661
2024-10-11,0.0,0.04049137567204661,0.0,0.04049137567204661,0.03922071315328133,0.04049137567204661,0.015504186535965254,0.007905239526315572
2024-10-12,0.0,0.01574836238202806,0.0,0.007905239526315572,0.03774032798284711,0.01574836238202806,0.053244514518812285,-0.007905239526315727
2024-10-13,0.0,0.0,-0.015873353739804884,-0.007905239526315727,-0.037740327982847086,0.01587335373980482,0.0077220460939103185,0.05406718479938923
2024-10-14,0.0,0.061557913684590834,0.0,0.05406718479938923,0.07410797215372183,0.061557913684590834,0.08183001824763211,0.014925655890153978
2024-10-15,0.0,0.02230581946157351,-0.01515181086731664,0.014925655890153978,0.0,0.037457630328890205,0.058840500022933395,0.007380163571419439
2024-10-16,0.0,0.014706152896794993,-0.007434927004952363,0.007380163571419439,0.0,0.022141079901747376,0.03636764417087479,-0.007380163571419525
2024-10-17,0.0,0.0,-0.014815090576371877,-0.007380163571419525,0.0,0.014815090576371965,0.021661496781179467,0.02197896764420236
2024-10-18,0.0,0.029199165548702857,0.0,0.02197896764420236,0.03509131981127019,0.029199165548702857,0.049480057263369716,-0.007272814747407467
2024-10-19,0.0,0.0,-0.007272814747407467,-0.007272814747407467,0.0,0.007272814747407561,0.027973852042406162,0.014493012651908072
2024-10-20,0.0,0.014493012651908072,0.0,0.014493012651908072,0.0,0.014493012651908072,0.020906684819313643,-0.029199165548702954
2024-10-21,0.0,0.007168544067039906,-0.036634092553655226,-0.029199165548702954,-0.03509131981127006,0.04380263662069535,-0.02120220765060305,0.0
2024-10-22,0.0,0.007380163571419439,-0.007434927004952363,0.0,0.0,0.014815090576371965,-0.02120220765060305,-0.007434927004952363
2024-10-23,0.0,0.0,-0.030077466757470677,-0.007434927004952363,0.0,0.030077466757470587,-0.02120220765060305,0.022141079901747376
2024-10-24,0.0,0.029413894649154806,0.0,0.022141079901747376,0.03509131981127019,0.029413894649154806,0.020906684819313643,-0.022141079901747313
2024-10-25,0.0,0.007272814747407561,-0.037178962202707944,-0.022141079901747313,-0.03509131981127006,0.04445177695011537,-0.014184634991956413,0.0074349270049524655
2024-10-26,0.0,0.0074349270049524655,-0.007490728885201649,0.0074349270049524655,0.0,0.014925655890153978,-0.0071174677688639896,0.014706152896794993
2024-10-27,0.0,0.014706152896794993,-0.007434927004952363,0.014706152896794993,0.03509131981127019,0.022141079901747376,0.027973852042406162,0.021661556718947934
2024-10-28,0.0,0.02877897509697122,-0.007325989325375413,0.021661556718947934,0.0,0.0361049644223466,0.020906684819313643,0.04196421191374799
2024-10-29,0.0,0.055569868010428056,0.0,0.04196421191374799,0.06669137449867214,0.055569868010428056,0.08058048665933938,-0.006872931528980113
2024-10-30,0.0,0.0,-0.013793326284790032,-0.006872931528980113,-0.03278982282299084,0.013793326284790141,0.033901551675681416,-0.027973862006744656
2024-10-31,0.0,0.006872931528980012,-0.0350912803847679,-0.027973862006744656,-0.03390155167568134,0.04196421191374799,-0.013698844358161802,-0.007117418378023265
2024-11-01,0.0,0.02105346725093466,-0.021506160349563794,-0.007117418378023265,0.0,0.04255962760049848,-0.020478531343540676,0.0
2024-11-02,0.0,0.0,-0.007168544067040016,0.0,0.0,0.007168544067039906,-0.020478531343540676,-0.014388741971540475
2024-11-03,0.0,0.0,-0.028987546044323336,-0.014388741971540475,0.0,0.028987546044323336,-0.020478531343540676,-0.014598804072782919
2024-11-04,0.0,0.0143887419715405,-0.029413894649154837,-0.014598804072782919,-0.03509131981127006,0.04380263662069535,-0.04196419909903208,0.028987546044323336
2024-11-05,0.0,0.04317218542841241,0.0,0.028987546044323336,0.03509131981127019,0.04317218542841241,0.006920442844573757,0.08223802711853173
2024-11-06,0.0,0.09531011365938959,-0.007168544067040016,0.08223802711853173,0.09844007281325251,0.10247865772642945,0.10536051565782635,0.006557450604394292
2024-11-07,0.0,0.01307208654085776,-0.013245134842819152,0.006557450604394292,0.0,0.02631722138367687,0.08474122845509072,0.006514635936463407
2024-11-08,0.0,0.01298719982231597,-0.006557450604394356,0.006514635936463407,0.0,0.01954465042671037,0.06453852113757116,0.0
2024-11-09,0.0,0.0064725638858525985,-0.013072086540857702,0.0,0.0,0.01954465042671037,0.04473589384139152,0.05064375148413132
2024-11-10,0.0,0.05679766390066277,0.0,0.05064375148413132,0.06062462181643484,0.05679766390066277,0.07955263170195369,0.09418724735709348
2024-11-11,0.0,0.10536055158825854,-0.006191927287492406,0.09418724735709348,0.08455738802806297,0.11155247887575097,0.13275948984594071,-0.005633860672909529
2024-11-12,0.0,0.016713446194849664,-0.04011996462635688,-0.005633860672909529,0.0,0.05683341082120645,0.10236201266156968,0.027857004644402005
2024-11-13,0.0,0.05495890406462145,-0.022858146630460856,0.027857004644402005,0.026668247082161273,0.07781705069508249,0.09952959534703307,-0.03922076752304015
2024-11-14,0.0,0.010929074008677386,-0.044951402566832305,-0.03922076752304015,-0.026668247082161294,0.05588047657550963,0.03857227478623965,0.044700195276118175
2024-11-15,0.0,0.050149841531717386,0.0,0.044700195276118175,0.026668247082161273,0.050149841531717386,0.03753791931906524,-0.005479427753078099
2024-11-16,0.0,0.00544964625559935,-0.010989125529720851,-0.005479427753078099,0.0,0.01643877178532013,0.015915455305899582,-0.005509697776642798
2024-11-17,0.0,0.010929074008677386,-0.01662092724419951,-0.005509697776642798,0.0,0.02755000125287673,0.010582109330537008,0.005509697776642849
2024-11-18,0.0,0.027249691290721783,-0.005540141963684528,0.005509697776642849,0.0,0.032789833254406216,0.005277057100843819,0.021739993514078994
2024-11-19,0.0,0.03774030133103606,0.0,0.021739993514078994,0.025975486403260736,0.03774030133103606,0.03125254350410453,0.016000307816956973
2024-11-20,0.0,0.026526724432097592,-0.010810919505401771,0.016000307816956973,0.025317807984289786,0.03733764393749933,0.0460439385014068,0.04651999463664803
2024-11-21,0.0,0.05155782707533364,0.0,0.04651999463664803,0.024692612590371414,0.05155782707533364,0.06031979023352262,0.0050378324386854455
2024-11-22,0.0,0.010050339527870229,-0.01015237521388412,0.0050378324386854455,0.024097551579060524,0.02020271474175447,0.06899287148695142,-0.010101099326890933
2024-11-23,0.0,0.0,-0.015190207652569593,-0.010101099326890933,-0.02409755157906053,0.015190207652569503,0.024692612590371414,0.0
2024-11-24,0.0,0.015113606416075849,-0.036179630529501405,0.0,0.0,0.05129323694557723,0.009804000096620835,-0.05209512965925909
2024-11-25,0.0,0.010101099326891082,-0.05209512965925909,-0.05209512965925909,-0.05001042057466142,0.06219622898614995,-0.05001042057466142,-0.010752795562147045
2024-11-26,0.0,0.021164818525957023,-0.021622471667141513,-0.010752795562147045,0.0,0.04278729019309851,-0.045120435280469544,0.04233437849879997
2024-11-27,0.0,0.05775881689572756,-0.005420029849395087,0.04233437849879997,0.025317807984289786,0.0631788467451226,-0.009950330853168092,-0.005194780748240178
2024-11-28,0.0,0.005167934402555341,-0.015666083806895246,-0.005194780748240178,0.0,0.020834018209450595,0.0,0.020619219145167615
2024-11-29,0.0,0.030771594359051822,0.0,0.020619219145167615,0.024692612590371414,0.030771594359051822,0.02970515441391591,-0.010256503994372035
2024-11-30,0.0,0.0,-0.015424438396927436,-0.010256503994372035,-0.02469261259037152,0.015424438396927413,0.005012541823544414,0.010256503994372123
2024-12-01,0.0,0.015345612320050743,-0.0051679344025553735,0.010256503994372123,0.024692612590371414,0.020513546722606125,0.024692612590371414,-0.020619219145167626
2024-12-02,0.0,0.005089108325678615,-0.03109052220382277,-0.020619219145167626,-0.02469261259037152,0.03617963052950143,-0.009950330853168092,0.005194780748240171
2024-12-03,0.0,0.005194780748240171,-0.021053415648452863,0.005194780748240171,0.0,0.026248196396693128,-0.009950330853168092,0.030614646049497096
2024-12-04,0.0,0.030614646049497096,-0.015666083806895246,0.030614646049497096,0.024692612590371414,0.046280729856392346,0.014742281737203431,-0.02544671164694171
2024-12-05,0.0,0.049029442985205514,-0.05155782707533362,-0.02544671164694171,-2.327277705584417,0.10058727006053914,-2.312535423847214,0.03544679825593428
2024-12-06,0.005141438736388193,0.05515187569241271,0.0,0.03544679825593428,0.0,0.05515187569241271,-2.1162555148025524,0.0
2024-12-07,0.0,0.004962754935464239,-0.010000086608992641,0.0,0.0,0.014962841544456961,-1.864080130807681,0.004962754935464239
2024-12-08,0.0,0.004962754935464239,-0.010000086608992641,0.004962754935464239,0.0,0.014962841544456961,-1.536867219599265,-0.030153049197026577
2024-12-09,0.009852299974486127,0.009852299974486127,-0.05077226834219425,-0.030153049197026577,0.0,0.06062456831668029,-1.0473189942805592,-0.010256503994372035
2024-12-10,0.0,0.005089108325678615,-0.03109052220382277,-0.010256503994372035,0.0,0.03617963052950143,0.0,0.04534787244853486
2024-12-11,0.0,0.05515187569241271,0.0,0.04534787244853486,0.0,0.05515187569241271,0.0,-0.009901074192600525
2024-12-12,0.0,0.014670159125131291,-0.014888653712408394,-0.009901074192600525,0.0,0.029558812837539868,0.0,0.014815054909950373
2024-12-13,0.0,0.01970507743647823,-0.004987579519807851,0.014815054909950373,0.0,0.02469265695628625,0.0,0.0
2024-12-14,0.0,0.009756178407781474,-0.009852299974486153,0.0,0.0,0.019608478382267654,0.0,0.028987547063602542
2024-12-15,0.0,0.033738185947501255,0.0,0.028987547063602542,0.0,0.033738185947501255,0.0,0.014184674030996916
2024-12-16,0.0,0.03278980046985675,-0.009569454347771652,0.014184674030996916,0.0,0.042359254817628374,0.0,0.0
2024-12-17,0.0,0.023202870755341522,-0.004705926807692914,0.0,0.0,0.02790879756303457,0.0,-0.057987276004549886
2024-12-18,0.0,0.004683816749340527,-0.057987276004549886,-0.057987276004549886,0.0,0.06267109275389045,0.0,-0.025190294261562267
2024-12-19,0.0,0.024571233317731925,-0.045809513406729924,-0.025190294261562267,0.0,0.07038074672446196,0.0,0.005089108325678615
2024-12-20,0.0,0.005089108325678615,-0.05775881689572753,0.005089108325678615,0.0,0.06284792522140623,0.0,-0.005089108325678606
2024-12-21,0.0,0.015113606416075849,-0.015345612320050652,-0.005089108325678606,0.0,0.03045921873612648,0.0,-0.02584120280762327
2024-12-22,0.0,0.0,-0.03636761942276401,-0.02584120280762327,0.0,0.036367619422763925,0.0,-0.005249319396199403
2024-12-23,0.0,0.015584698813251361,-0.026526724432097568,-0.005249319396199403,0.0,0.04211142324534881,0.0,0.04124289741770695
2024-12-24,0.0,0.05129323694557723,-0.010582112589797734,0.04124289741770695,0.0,0.06187534953537486,0.0,0.010050339527870229
2024-12-25,0.0,0.010050339527870229,-0.01015237521388412,0.010050339527870229,0.0,0.02020271474175447,0.0,-0.040821933886922075
2024-12-26,0.0,0.004987579519807843,-0.046043917549377776,-0.040821933886922075,0.0,0.05103149706918565,0.0,-0.015748400277596247
2024-12-27,0.0,0.015504153887183866,-0.021053415648452863,-0.015748400277596247,0.0,0.03655756953563658,0.0,0.010526416615140621
2024-12-28,0.0,0.01574840027759635,0.0,0.010526416615140621,0.0,0.01574840027759635,0.0,-0.01583143198599721
2024-12-29,0.0,0.0,-0.021164818525957117,-0.01583143198599721,0.0,0.021164818525957023,0.0,-0.010695292446100358
2024-12-30,0.0,0.01583143198599716,-0.021506211951502152,-0.010695292446100358,0.0,0.03733764393749933,0.0,0.01069529244610039
2024-12-31,0.0,0.03694348884279343,-0.005390889656006658,0.01069529244610039,0.0,0.04233437849879997,0.0,0.010582112589797809
2025-01-01,0.0,0.01583143198599716,-0.00533338653995996,0.010582112589797809,0.0,0.021164818525957023,0.0,0.02597545694583897
2025-01-02,0.0,0.03109052220382285,-0.005277097218941209,0.02597545694583897,0.0,0.036367619422763925,0.0,0.010204173583662463
2025-01-03,0.0,0.020305272910553413,-0.01030937313894359,0.010204173583662463,0.0,0.030614646049497096,0.0,0.0050632668882053975
2025-01-04,0.0,0.0050632668882053975,-0.005089108325678606,0.0050632668882053975,0.0,0.010152375213884214,0.0,0.0
2025-01-05,0.0,0.0050378324386854455,-0.01015237521388412,0.0,0.0,0.015190207652569503,0.0,0.03474299648415651
2025-01-06,0.0,0.03960915236540997,-0.0050632668882055224,0.03474299648415651,0.0,0.04467241925361558,0.0,-0.05001043695602446
2025-01-07,0.0,0.004866155881253668,-0.06031981009496811,-0.05001043695602446,0.0,0.06518596597622157,0.0,-0.02072613754963949
2025-01-08,0.0,0.0,-0.041890956075596564,-0.02072613754963949,0.0,0.041890956075596626,0.0,-0.026526724432097568
2025-01-09,0.0,0.0,-0.04278729019309863,-0.026526724432097568,0.0,0.04278729019309851,0.0,0.02127740503589812
2025-01-10,0.0,0.031748708094553255,0.0,0.02127740503589812,0.0,0.031748708094553255,0.0,0.0
2025-01-11,0.0,0.005249319396199529,-0.005277097218941209,0.0,0.0,0.010526416615140621,0.0,0.0
2025-01-12,0.0,0.005249319396199529,-0.010582112589797734,0.0,0.0,0.01583143198599716,0.0,0.0
2025-01-13,0.0,0.010471303058655143,-0.04852709632662002,0.0,0.0,0.05899839938527507,0.0,0.020834018209450595
2025-01-14,0.0,0.02597545694583897,0.0,0.020834018209450595,0.0,0.02597545694583897,0.0,0.04040955319139867
2025-01-15,0.0,0.04040955319139867,0.0,0.04040955319139867,0.0,0.04040955319139867,0.0,-0.004962754935464257
2025-01-16,0.0,0.0,-0.030153049197026577,-0.004962754935464257,0.0,0.030153049197026462,0.0,0.03902935637621276
2025-01-17,0.0,0.05798727600454982,0.0,0.03902935637621276,0.0,0.05798727600454982,0.0,0.004773245597340214
2025-01-18,0.0,0.009523884481238835,-0.01445812305848095,0.004773245597340214,0.0,0.023982007539719696,0.0,-0.03390152778095244
2025-01-19,0.0,0.014184674030996916,-0.04380260197355299,-0.03390152778095244,0.0,0.05798727600454982,0.0,0.009804003243877691
2025-01-20,0.0,0.07586570789481141,-0.009901074192600525,0.009804003243877691,0.0,0.08576678208741187,0.0,0.03828219856807155
2025-01-21,0.0,0.04762799616304895,-0.009804003243877823,0.03828219856807155,0.0,0.05743199940692685,0.0,-0.02375412837876852
2025-01-22,0.0,0.004683816749340527,-0.02375412837876852,-0.02375412837876852,0.0,0.028437945128108974,0.0,0.004796208750431521
2025-01-23,0.0,0.028437945128108974,-0.019418092715830938,0.004796208750431521,0.0,0.04785603784393987,0.0,0.009523884481238835
2025-01-24,0.0,0.028303717223314533,-0.009615461726816266,0.009523884481238835,0.0,0.03791917895013086,0.0,-0.00475063888389862
2025-01-25,0.0,0.004728108339405295,-0.009523884481238873,-0.00475063888389862,0.0,0.014251992820644092,0.0,-0.019231368655821056
2025-01-26,0.0,0.009478747223303934,-0.019231368655821056,-0.019231368655821056,0.0,0.02871011587912493,0.0,-0.004866155881253605
2025-01-27,0.0,0.004842661331664522,-0.044672419253615536,-0.004866155881253605,0.0,0.0495150805852802,0.0,-0.009804003243877823
2025-01-28,0.0,0.03828219856807155,-0.019705077436478258,-0.009804003243877823,0.0,0.05798727600454982,0.0,0.029128282183612294
2025-01-29,0.0,0.03865216666485106,0.0,0.029128282183612294,0.0,0.03865216666485106,0.0,0.009523884481238835
2025-01-30,0.0,0.01895791962833715,-0.004796208750431379,0.009523884481238835,0.0,0.023754128378768422,0.0,-0.023982007539719748
2025-01-31,0.0,0.00943403514709815,-0.0337381859475012,-0.023982007539719748,0.0,0.04317222109459943,0.0,-0.019608478382267706
2025-02-01,0.0,0.004842661331664522,-0.019608478382267706,-0.019608478382267706,0.0,0.024451139713932205,0.0,-0.030153049197026577
2025-02-02,0.0,0.009852299974486127,-0.04040955319139859,-0.030153049197026577,0.0,0.05026185316588468,0.0,0.040005349171512716
2025-02-03,0.0,0.04489537169804052,-0.05236792723972089,0.040005349171512716,0.0,0.09726329893776149,0.0,-0.034916240845834064
2025-02-04,0.0,0.0,-0.05026185316588477,-0.034916240845834064,0.0,0.05026185316588468,0.0,-0.015345612320050652
2025-02-05,0.0,0.010101099326891082,-0.020513546722606073,-0.015345612320050652,0.0,0.030614646049497096,0.0,0.0
2025-02-06,0.0,0.02544671164694176,-0.0051679344025553735,0.0,0.0,0.030614646049497096,0.0,0.0
2025-02-07,0.0,0.03544679825593428,-0.010362715150795577,0.0,0.0,0.04580951340673005,0.0,0.0
2025-02-08,0.0,0.005141438736388193,-0.010362715150795577,0.0,0.0,0.015504153887183866,0.0,0.0
2025-02-09,0.0,0.010256503994372123,-0.0208340182094507,0.0,0.0,0.03109052220382285,0.0,0.010256503994372123
2025-02-10,0.0,0.020408879208256094,-0.010362715150795577,0.010256503994372123,0.0,0.030771594359051822,0.0,-0.015424438396927436
2025-02-11,0.0,0.010152375213884214,-0.02584120280762327,-0.015424438396927436,0.0,0.03599357802150743,0.0,0.020513546722606125
2025-02-12,0.0,0.020513546722606125,-0.020943181025836467,0.020513546722606125,0.0,0.041456727748442626,0.0,-0.015345612320050652
2025-02-13,0.0,0.0,-0.025708327470846244,-0.015345612320050652,0.0,0.025708327470846216,0.0,0.010256503994372123
2025-02-14,0.0,0.020408879208256094,0.0,0.010256503994372123,0.0,0.020408879208256094,0.0,0.0
2025-02-15,0.0,0.005089108325678615,0.0,0.0,0.0,0.005089108325678615,0.0,-0.015424438396927436
2025-02-16,0.0,0.0,-0.015424438396927436,-0.015424438396927436,0.0,0.015424438396927413,0.0,-0.005194780748240178
2025-02-17,0.0,0.010309373138943626,-0.010416764410695807,-0.005194780748240178,0.0,0.0207261375496395,0.0,0.0
2025-02-18,0.0,0.010362715150795693,-0.021053415648452863,0.0,0.0,0.03141613079924839,0.0,0.010362715150795693
2025-02-19,0.0,0.015504153887183866,-0.00522198366245563,0.010362715150795693,0.0,0.0207261375496395,0.0,0.020408879208256094
2025-02-20,0.0,0.020408879208256094,0.0,0.020408879208256094,0.0,0.020408879208256094,0.0,-0.025576813610811606
2025-02-21,0.0,0.010050339527870229,-0.03599357802150741,-0.025576813610811606,0.0,0.046043917549377686,0.0,0.005167934402555341
2025-02-22,0.0,0.010309373138943626,0.0,0.005167934402555341,0.0,0.010309373138943626,0.0,0.0
2025-02-23,0.0,0.0,-0.010362715150795577,0.0,0.0,0.010362715150795693,0.0,-0.052922342750750556
2025-02-24,0.0,0.0,-0.052922342750750556,-0.052922342750750556,-0.2876820724517809,0.052922342750750515,-0.2876820724517809,-0.033152217980169714
2025-02-25,0.0,0.010810919505401794,-0.06164422528354014,-0.033152217980169714,0.0,0.07245514478894201,-0.2363887780642304,-0.051884809730919725
2025-02-26,0.0,0.005602216727292962,-0.0697957855751995,-0.051884809730919725,0.0,0.0753980023024925,-0.1823215567939547,0.005899681100338837
2025-02-27,0.0,0.03488718617937207,-0.01791097584427975,0.005899681100338837,0.0,0.05279816202365175,-0.12516314295400605,0.0
2025-02-28,0.0,0.0,-0.07320343002866404,0.0,0.0,0.07320343002866407,-0.06453852113757118,0.017493121327210325
2025-03-01,0.0,0.023256870035240833,-0.011834461723340347,0.017493121327210325,0.0,0.035091331758581375,0.0,0.08845545260589895
2025-03-02,0.0,0.09898186922103958,-0.011627957322986398,0.08845545260589895,0.28768207245178085,0.1106098265440259,0.28768207245178085,-0.08845545260589885
2025-03-03,0.0,0.0,-0.1000834099288853,-0.08845545260589885,-0.2876820724517809,0.10008340992888522,-0.06453852113757118,0.011494383751822778
2025-03-04,0.0,0.02849200730337044,-0.05342514307994528,0.011494383751822778,0.0,0.08191715038331569,-0.06453852113757118,0.039220767523040045
2025-03-05,0.0,0.044700195276118175,-0.005730635043792195,0.039220767523040045,0.0,0.050430830319910455,-0.06453852113757118,-0.005509697776642798
2025-03-06,0.0,0.021739993514078994,-0.027857004644401984,-0.005509697776642798,0.0,0.04959699815848111,-0.06453852113757118,-0.03944170479018951
2025-03-07,0.0,0.010989125529720794,-0.05100253108128151,-0.03944170479018951,0.0,0.06199165661100244,-0.06453852113757118,-0.005763748708030622
2025-03-08,0.0,0.005730635043792159,-0.011560826291091994,-0.005763748708030622,0.0,0.01729146133488413,0.0,-0.06569524005372294
2025-03-09,0.0,0.005763748708030624,-0.07188716734121539,-0.06569524005372294,0.0,0.07765091604924608,0.0,-0.0250013113021514
2025-03-10,0.0,0.03636765700317215,-0.03774034180224419,-0.0250013113021514,0.0,0.07410799880541645,0.0,0.04939277308404533
2025-03-11,0.0,0.06136896830532364,-0.01916987629612727,0.04939277308404533,0.0,0.08053884460145093,0.0,0.01197619522127836
2025-03-12,0.0,0.017910975844279663,-0.024391461781894018,0.01197619522127836,0.0,0.04230243762617373,0.0,-0.030213744586640796
2025-03-13,0.0,0.0059347806230014705,-0.042559584290664705,-0.030213744586640796,0.0,0.048494364913666065,0.0,0.036148525209642325
2025-03-14,0.0,0.04791337031420504,0.0,0.036148525209642325,0.0,0.04791337031420504,0.0,0.005899681100338837
2025-03-15,0.0,0.005899681100338837,-0.005934780623001466,0.005899681100338837,0.0,0.0118344617233403,0.0,-0.023810656944618678
2025-03-16,0.0,0.005865164004223868,-0.029852929429146805,-0.023810656944618678,0.0,0.035718093433370623,0.0,0.017910975844279663
2025-03-17,0.0,0.02381065694461863,0.0,0.017910975844279663,0.0,0.02381065694461863,0.0,-0.01791097584427975
2025-03-18,0.0,0.0,-0.03614852520964219,-0.01791097584427975,0.0,0.036148525209642325,0.0,0.047067526979859706
2025-03-19,0.0,0.05279816202365175,0.0,0.047067526979859706,0.0,0.05279816202365175,0.0,-0.029156551135579894
2025-03-20,0.0,0.011428699625229402,-0.035091331758581285,-0.029156551135579894,0.0,0.04652003138381059,0.0,0.0
2025-03-21,0.0,0.005899681100338837,-0.011904906115725472,0.0,0.0,0.017804587216064354,0.0,-0.005934780623001466
2025-03-22,0.0,0.005899681100338837,-0.005934780623001466,-0.005934780623001466,0.0,0.0118344617233403,0.0,0.029327583050550787
2025-03-23,0.0,0.029327583050550787,0.0,0.029327583050550787,0.0,0.029327583050550787,0.0,0.017192448333259912
2025-03-24,0.0,0.02849200730337044,-0.005797077583061479,0.017192448333259912,0.0,0.034289084886431974,0.0,0.0
2025-03-25,0.0,0.011299558970110648,-0.0114286996252293,0.0,0.0,0.022728258595339824,0.0,-0.005698064581437107
2025-03-26,0.0,0.005665698297200951,-0.017192448333259894,-0.005698064581437107,0.0,0.022858146630460825,0.0,0.0
2025-03-27,0.0,0.005698064581437054,-0.01149438375182285,0.0,0.0,0.017192448333259912,0.0,-0.02898750507903318
2025-03-28,0.0,0.005698064581437054,-0.04082196680237351,-0.02898750507903318,0.0,0.04652003138381059,0.0,-0.023810656944618678
2025-03-29,0.0,0.0,-0.03593202175273492,-0.023810656944618678,0.0,0.03593202175273487,0.0,0.0
2025-03-30,0.0,0.01197619522127836,-0.012121364808116345,0.0,0.0,0.024097560029394567,0.0,0.0
2025-03-31,0.0,0.01197619522127836,-0.018237549365362465,0.0,0.0,0.03021374458664073,0.0,0.029675820948842628
2025-04-01,0.0,0.0355067006887676,0.0,0.029675820948842628,0.0,0.0355067006887676,0.0,-0.02967582094884259
2025-04-02,0.0,0.034486103953447235,-0.02967582094884259,-0.02967582094884259,0.0,0.0641619249022899,0.0,0.006006069728554333
2025-04-03,0.0,0.017910975844279663,-0.018237549365362465,0.006006069728554333,0.0,0.036148525209642325,0.0,0.011904906115725549
2025-04-04,0.0,0.017804587216064354,-0.012048342213082363,0.011904906115725549,0.0,0.029852929429146823,0.0,-0.005934780623001466
2025-04-05,0.0,0.0,-0.01791097584427975,-0.005934780623001466,0.0,0.017910975844279663,0.0,-0.06771815198632414
2025-04-06,0.0,0.0,-0.08053884460145087,-0.06771815198632414,0.0,0.08053884460145093,0.0,0.012658400952049982
2025-04-07,0.0,0.03750440739968334,-0.0456104778846563,0.012658400952049982,0.0,0.08311488528433979,0.0,-0.038466293389492846
2025-04-08,0.0,0.018692094031101905,-0.038466293389492846,-0.038466293389492846,0.0,0.057158387420594765,0.0,0.08154984920248862
2025-04-09,0.0,0.09352604442376698,-0.019802585447213524,0.08154984920248862,0.0,0.11332862987098048,0.0,-0.036813986271963604
2025-04-10,0.0,0.0,-0.04939277308404535,-0.036813986271963604,0.0,0.04939277308404533,0.0,0.018576436906601053
