date,open_ret,high_ret,low_ret,close_ret,volume_ret,range_ret,vol_ratio,target_return
2022-01-04,-0.0008330820143589649,-0.0001240527795875758,-0.041717932956439704,-0.01854536937523195,0.4172144923032318,0.04159388017685207,0.4172144923032318,-0.07410520938873276
2022-01-05,-0.03489793985127731,-0.027913045329326213,-0.07494142129211873,-0.07410520938873276,0.5317973227576549,0.04702837596279248,0.7188020805256784,-0.0006027856140378891
2022-01-06,-0.008648751640179623,0.022830910751967894,-0.012184382452355173,-0.0006027856140378891,-0.6363193839854373,0.03501529320432303,-0.21810909537482373,-0.006674334188367148
2022-01-07,-0.0008951760446426732,0.012179453292189972,-0.019880423673144486,-0.006674334188367148,-0.08202494492491591,0.03205987696533454,-0.2499027397142493,0.02919564152750535
2022-01-10,-0.021174259133954244,0.03062094174815949,-0.02717219128884101,0.02919564152750535,0.4094511622149981,0.05779313303700046,0.2047808509640933,0.007691466396108994
2022-01-11,-0.0005326890414430572,0.017625126138824172,-0.009266383272486186,0.007691466396108994,-0.4616002646850655,0.026891509411310514,-0.3666079156497657,0.004669261671646093
2022-01-12,0.006020850343289453,0.021839841723260298,-0.001151817732171712,0.004669261671646093,-0.16495238501628523,0.02299165945543203,-0.4934742181796337,-0.02948924771772003
2022-01-13,-0.00028184450327792374,0.005432601825853541,-0.030611984662329405,-0.02948924771772003,0.16035413713213817,0.03604458648818301,-0.12356630311261482,0.007132466230768181
2022-01-14,-0.0046733796756128895,0.010909480739559439,-0.010951674525743315,0.007132466230768181,-0.24743443923465996,0.021861155265302773,-0.3443365620652507,-0.014043499681065365
2022-01-18,-0.019806777601819803,-0.0023268714022038946,-0.03046309937778165,-0.014043499681065365,0.26330663265628146,0.028136227975577712,-0.029325944955355683,0.006291752338723428
2022-01-19,0.006098081842057651,0.029898713394403382,0.0038107856616153464,0.006291752338723428,-0.14765635571521665,0.02608792773278799,-0.05991239451527526,-0.01115418133691522
2022-01-20,0.01116510341526441,0.029469735473271207,-0.013525575466217464,-0.01115418133691522,0.07177765265026406,0.042995310939488676,0.039775712684241356,-0.02164792743941257
2022-01-21,-0.004610801496582761,0.005874809322031394,-0.022929007406305033,-0.02164792743941257,0.287362517643464,0.02880381672833649,0.30746281088296573,0.038746610346299934
2022-01-24,-0.017841390806595768,0.040227289320692264,-0.03376982487808958,0.038746610346299934,0.5669155156132251,0.07399711419878165,0.8205404550002241,-0.03314134239663157
2022-01-25,-0.027606859915196586,-0.010445706763573844,-0.03854658213903116,-0.03314134239663157,-0.6208697119263008,0.028100875375457298,-0.05808959670263868,-0.0038065747327202196
2022-01-26,0.022189907959711905,0.034737299316774245,-0.017052592844281792,-0.0038065747327202196,0.09370454739613698,0.05178989216105594,0.008481761454191022,-0.015616218742596583
2022-01-27,0.01610335344411666,0.024497266956679798,-0.030800367758922458,-0.015616218742596583,0.2762789506585841,0.05529763471560215,0.22052142520983295,0.04967345902599842
2022-01-28,0.002107115396880752,0.05129331914575227,-0.025533637094680595,0.04967345902599842,-0.30142677415715036,0.0768269562404328,-0.18793303959757526,0.030673433070816724
2022-01-31,0.0015812860978474139,0.031870572591820426,-0.0073022619588057345,0.030673433070816724,-0.0825752966221417,0.03917283455062615,-0.27290800622456957,0.0031393543845915665
2022-02-01,0.00317670495385035,0.008331343833356939,-0.012391671617323217,0.0031393543845915665,-0.5489472606830196,0.020723015450680178,-0.6768276887313441,-0.0054064946784934
2022-02-02,0.0005036597406837412,0.008323858944228706,-0.012503632759660691,-0.0054064946784934,0.07780659317391433,0.020827491703889357,-0.5190782338568799,-0.042653488273675814
2022-02-03,-0.01935745795983257,-0.014949268796759433,-0.04673357906624496,-0.042653488273675814,0.20406204640937953,0.03178431026948547,-0.2170637078319483,0.005291052785548626
2022-02-04,-0.013917034651565812,0.017734233710745225,-0.013917034651565812,0.005291052785548626,-0.168767508985217,0.031651268362311163,-0.22599893592887063,-0.012619645497830696
2022-02-07,0.004778885146640382,0.004778885146640382,-0.024821560261886866,-0.012619645497830696,0.18877076528283152,0.029600445408527125,0.07749827883697895,0.0082678202722392
2022-02-08,-0.010845428960511811,0.012561287555990598,-0.011962408336196075,0.0082678202722392,0.026874839053214427,0.024523695892186524,0.16685728322468954,0.020212490847979287
2022-02-09,0.017525560055996005,0.021610613103256435,0.007307338882568272,0.020212490847979287,-0.23183823656674343,0.014303274220688156,-0.1290913322072631,-0.052590402358142885
2022-02-10,-0.026549656890977144,-0.014031902093792062,-0.058140888132866934,-0.052590402358142885,0.6221208190818431,0.04410898603907492,0.4897091625606422,-0.04345411247081396
2022-02-11,0.005841304918458708,0.009869930371621202,-0.04571420685590443,-0.04345411247081396,0.059672717750163584,0.05558413722752559,0.4400096025487519,8.440799274659456e-05
2022-02-14,-0.0016258732273525451,0.009658474860746556,-0.010093619914469174,8.440799274659456e-05,-0.39928768902004924,0.019752094775215914,-0.09985325191372751,0.011515455202393006
2022-02-15,0.017814653361088797,0.017814653361088797,-0.003423492514016053,0.011515455202393006,0.1043784494125594,0.021238145875104756,-0.008888805563304417,-0.0037609483738167727
2022-02-16,-0.006297178303240994,0.0014795961090872266,-0.025836668777295693,-0.0037609483738167727,0.001975019324605641,0.02731626488638278,-0.03498668460966772,-0.04274716882531147
2022-02-17,-0.009591587205366485,-0.0026201345346768753,-0.04638052009037939,-0.04274716882531147,0.06966633261380763,0.04376038555570257,-0.0256802053180777,-0.033659734164525563
2022-02-18,0.0021388288224594943,0.003467787629914419,-0.03544641734179043,-0.033659734164525563,0.25598712142628455,0.03891420497170484,0.2655675721719854,-0.009444321248286208
2022-02-22,-0.0050061638477697885,0.019090825056744736,-0.017115104006721556,-0.009444321248286208,-0.19181548263241863,0.03620592906346643,0.065390953889005,-0.020626373074517354
2022-02-23,0.021170315933675785,0.02520432648224674,-0.023868354742556348,-0.020626373074517354,-0.0057539980521541375,0.04907268122480328,0.015055293050849674,0.07699121308110762
2022-02-24,-0.025613436813489127,0.08153004389342482,-0.029874872020592812,0.07699121308110762,0.4139209292041809,0.11140491591401763,0.4045165443670286,0.00370147877063025
2022-02-25,0.003379233501823129,0.01008220503452474,-0.016959917608209005,0.00370147877063025,-0.8096865722960502,0.027042122642733757,-0.5233144796380703,0.004586245213414163
2022-02-28,-0.006767736330250348,0.006295394295126128,-0.014452919770302409,0.004586245213414163,0.1404117007076171,0.020748314065428597,-0.3341855017130813,-0.0021405034408373664
2022-03-01,0.000684010215459238,0.0243546111635705,-0.010230003715712886,-0.0021405034408373664,0.01517662222990375,0.03458461487928343,-0.23341748421527223,0.009596388809070345
2022-03-02,0.011208081773006383,0.022899414579763317,-0.001372296574441536,0.009596388809070345,-0.1284992511703029,0.02427171115420484,-0.31675836722609507,-0.026015713507178725
2022-03-03,0.009820448293552794,0.010282694018949608,-0.033954203077469367,-0.026015713507178725,-0.014415771951809384,0.044236897096418974,-0.2640118441811845,-0.01525469766397072
2022-03-04,-0.007850716440859128,0.009625052755847694,-0.026665862949672957,-0.01525469766397072,-0.05469823383689033,0.03629091570552066,-0.11142148283312603,-0.031819342232088446
2022-03-07,0.00900539208661118,0.012200474058077138,-0.03362476705074008,-0.031819342232088446,0.2896698469357563,0.04582524110881724,0.185957002814809,-0.01481338747613012
2022-03-08,-0.012544947596303044,0.013223565325607227,-0.03866287725671014,-0.01481338747613012,0.015841862022155415,0.051886442582317255,0.1776010036161521,0.04384200859330313
2022-03-09,0.02803695280173724,0.0487978590930228,0.0170029001805979,0.04384200859330313,-0.25101994449546444,0.03179495891242501,-0.09755715054375254,-0.026793499602521517
2022-03-10,-0.013824132889704127,-0.007167375338761538,-0.04041819380743692,-0.026793499602521517,-0.06519721389729148,0.03325081846867533,-0.16007867720026103,-0.05278722260738866
2022-03-11,0.0016161700795490354,0.0037745580062333414,-0.05507142843055629,-0.05278722260738866,0.4879377585994921,0.05884598643678956,0.3394442888911183,-0.01178929645732098
2022-03-14,-0.007279468032998831,0.01430707777201877,-0.020478205823303175,-0.01178929645732098,-0.1726313714786085,0.03478528359532205,0.06554168623233235,0.024390290659704487
2022-03-15,0.010804125093678148,0.02746857160739881,0.004050142926024663,0.024390290659704487,-0.15310157961340426,0.023418428681374122,-0.09071970642151918,0.047924686316039355
2022-03-16,0.02362422181067508,0.04828632556314288,0.006359290022067859,0.047924686316039355,0.25730368216746363,0.04192703554107486,0.19746902631770738,0.00451101465540499
2022-03-17,-0.0024897040814164948,0.0100318482496185,-0.013312690196131448,0.00451101465540499,-0.15215245223695853,0.023344538445749876,-0.0248578658619566,0.019985295725284735
2022-03-18,-0.011680093759165644,0.020889313497928115,-0.019474516198780493,0.019985295725284735,0.5057971164764555,0.04036382969670867,0.43618775854907627,0.0005733907679804079
2022-03-21,-0.004222107724401996,0.013692692235828181,-0.016413441988247908,0.0005733907679804079,-0.4651629541427537,0.030106134224076174,-0.10293816834381592,0.027957161335505985
2022-03-22,-0.00019842868634705154,0.03974293684201025,-0.006413951082055113,0.027957161335505985,0.3726632868209768,0.04615688792406523,0.2710509454852468,-0.09801512953112837
2022-03-23,-0.06405127457682046,-0.06297758725951429,-0.11333642644479995,-0.09801512953112837,0.955482832724144,0.05035883918528566,1.1256913285377743,0.021613913669042476
2022-03-24,0.00749136050512063,0.021775831425274082,-0.0033397008471436765,0.021613913669042476,-0.9248430575740018,0.02511553227241765,-0.15951783963556715,-0.0012040835143985454
2022-03-25,0.007607376017743278,0.014883779732184719,-0.014310297445587967,-0.0012040835143985454,-0.5238299914857092,0.029194077177772695,-0.7426795759800736,0.04172426624002446
2022-03-28,0.0041617055645075535,0.042412897219687225,0.0035385140445918202,0.04172426624002446,0.30902951351850577,0.038874383175095305,-0.35485017941081665,0.03562368277391979
2022-03-29,0.020128914732383405,0.038771001614942645,0.0053853366186846045,0.03562368277391979,-0.03383524977225278,0.03338566499625802,-0.41249585652000514,-0.013536598761343967
2022-03-30,-0.010368143070533421,0.0009430982435567767,-0.020560297048272728,-0.013536598761343967,-0.10593116428486204,0.021503395291829534,-0.48564546562445143,-0.009697792404204294
2022-03-31,0.0033201327942193482,0.011604783280060689,-0.010114898922412264,-0.009697792404204294,0.06280626725497829,0.021719682202473056,-0.03823298441681425,0.005624832529879362
2022-04-01,-0.0013616990980052787,0.012931245939297972,-0.010280493223928646,0.005624832529879362,-0.4209662762728126,0.02321173916322669,-0.39176068235795763,0.022913613306817723
2022-04-04,0.006200875083589894,0.03284682187532432,0.005267715581800687,0.022913613306817723,0.09003248571029274,0.02757910629352384,-0.27322097824136415,-0.022062834683921888
2022-04-05,0.0010872902757934311,0.006272838507004768,-0.029746294519254188,-0.022062834683921888,-0.1810515617637134,0.036019133026258955,-0.37452823977586647,-0.03156722981492443
2022-04-06,-0.022805947731300662,-0.018864902761146742,-0.04233773619680012,-0.03156722981492443,0.43250792726378484,0.023472833435653363,0.16563188635315435,0.018706336143837418
2022-04-07,-0.0005402630396185728,0.025749885591890197,-0.00806696761089819,0.018706336143837418,-0.3270990627203909,0.03381685320278825,-0.1574914459315385,-0.01643580837750898
2022-04-08,-0.006137342920936036,0.0037260467354420313,-0.020869210649004905,-0.01643580837750898,-0.1987587605858667,0.024595257384446956,-0.26663901585897,-0.024780176121636886
2022-04-11,-0.014771515149726125,-0.012063300240828077,-0.03565767522804913,-0.024780176121636886,0.26004439001516305,0.023594374987221004,0.02491125113483008,-0.01781265035157551
2022-04-12,0.01881190530591159,0.022757217177529036,-0.021592273752631962,-0.01781265035157551,-0.287716178282176,0.044349490930160856,-0.2598354461648768,0.011416237869993219
2022-04-13,0.0012411134022321316,0.015692705235787602,-0.0025807709476519886,0.011416237869993219,0.33656967876501714,0.018273476183439614,0.09677606254594602,-0.02635965078797323
2022-04-14,0.009659618709623393,0.009866147324897146,-0.027335304158200558,-0.02635965078797323,-0.17021545765702992,0.0372014514830979,-0.018578747899496328,0.011892655347044995
2022-04-18,-0.0024766838470929873,0.021762236379726213,-0.0040754407200380965,0.011892655347044995,-0.0008860296821725667,0.025837677099764162,-0.007234721201633575,0.025364796863870477
2022-04-19,-0.008141762863796184,0.027859382962657074,-0.011417047303250185,0.025364796863870477,-0.2791498266885425,0.039276430265907325,-0.31162257583774206,-0.01917910228303877
2022-04-20,0.009555489502793378,0.01374562757924626,-0.021306923752361675,-0.01917910228303877,0.06494603986360224,0.03505255133160796,-0.17159289600066963,-0.025143472422149496
2022-04-21,0.010641404216100771,0.02498259734694365,-0.027829902224696158,-0.025143472422149496,0.13206808989879448,0.05281249957163984,-0.03107564436782246,-0.02132864800887945
2022-04-22,0.007707074642885599,0.016274757486672075,-0.022920499383041776,-0.02132864800887945,0.2914405334033048,0.03919525686971403,0.3178607157901882,0.01283720581516868
2022-04-25,-0.007294016957576312,0.013151142185815552,-0.017277127851626103,0.01283720581516868,0.05178085838998327,0.030428270037441828,0.31922804530827725,-0.03648311175512289
2022-04-26,-0.009173482429250174,-0.005668959564883232,-0.04062576045463431,-0.03648311175512289,-0.17778425255137714,0.034956800889751075,0.08012308630421143,-0.0030614092252735704
2022-04-27,0.005795977380898064,0.032877099340093835,-0.005804540765352784,-0.0030614092252735704,0.08838449857601809,0.03868164010544646,0.10470791885834939,0.031248302762904495
2022-04-28,0.020472615323154048,0.04031720655207785,0.001481677212384113,0.031248302762904495,-0.17199430924021597,0.03883552933969356,-0.13597164498399333,-0.03616103337031651
2022-04-29,-0.007481691521698274,0.005998588104565917,-0.03947501081250324,-0.03616103337031651,0.15645563319463748,0.04547359891706918,0.006861147124322377,0.02823751191943177
2022-05-02,0.0029757238136967155,0.02993020903726245,-0.004835522813254761,0.02823751191943177,-0.007678089083859064,0.034765731850517304,0.010238279283082574,0.0007117160806553803
2022-05-03,-0.0017201857164328212,0.016171376303793,-0.009348995695578581,0.0007117160806553803,-0.3152570188096741,0.025520371999371388,-0.28063806012833165,0.037962075019234494
2022-05-04,-0.0007117160806553437,0.04003858739866033,-0.03122489121746062,0.037962075019234494,0.41640935694751835,0.07126347861612098,0.1796419888629993,-0.055460515136785384
2022-05-05,-0.018596359882038515,-0.012741789075160312,-0.06751767635685868,-0.055460515136785384,0.05186813514022663,0.05477588728169835,0.21372317123206908,-0.024005599287412697
2022-05-06,-0.013852994467564692,0.0018708612207677864,-0.04517383541844469,-0.024005599287412697,0.0041252423399924885,0.047044696639212485,0.1553267728912082,-0.03672671820735276
2022-05-09,-0.023443418134143162,-0.0035355766920904482,-0.04218057622752443,-0.03672671820735276,0.20530322435040824,0.03864499953543404,0.32871218592433027,0.04187949985388999
2022-05-10,0.023105278933001454,0.061530921895166804,-0.005667257983520606,0.04187949985388999,0.20978739484508183,0.06719817987868736,0.4574078255880603,-0.03547943849303202
2022-05-11,-0.007764868999203369,0.042246803610014205,-0.03949452444146201,-0.03547943849303202,-0.3334025677562566,0.08174132805147631,-0.04650003541530963,0.023860901078511437
2022-05-12,-0.015756288472940777,0.02807352619489333,-0.024174063661188343,0.023860901078511437,0.057498492061216384,0.052247589856081654,-0.013260828104218527,0.0427301871846405
2022-05-13,0.020332974935149305,0.05137440239086639,0.013931215321664412,0.0427301871846405,-0.18060375042437515,0.03744318706920215,-0.21987481707345846,-0.0064085208087657575
2022-05-16,-0.01418328016147788,0.004233230132195925,-0.022069360022635095,-0.0064085208087657575,-0.24492191063655236,0.026302590154831176,-0.45798553373208856,0.01671405099931571
2022-05-17,0.025052175607659797,0.03382546567708315,0.0016865658722730018,0.01671405099931571,-0.011597308635988526,0.03213889980481028,-0.3858374760168896,-0.029152657132194826
2022-05-18,-0.012948079674514456,0.0048946531383294726,-0.033611208210058856,-0.029152657132194826,0.10902915182318063,0.03850586134838841,-0.12431348322085681,-0.00883554067176246
2022-05-19,0.0028360391507925888,0.012885369249189297,-0.015986146914258315,-0.00883554067176246,-0.04155960315798764,0.028871516163447502,-0.10942560106424928,0.011872022303250957
2022-05-20,0.017618635856478413,0.029629170032790964,-0.022462507935512802,0.011872022303250957,0.20464080810325408,0.052091677968303815,0.1787874292769203,0.01903640874348351
2022-05-23,0.012252708114025807,0.02178607927944866,-0.0005012198072294173,0.01903640874348351,-0.3841777427701238,0.02228729908667806,-0.20908324167222272,-0.02074171994240769
2022-05-24,-0.012741922939627682,-0.005992011922223172,-0.03941347653629802,-0.02074171994240769,0.11820600026435393,0.033421464614074796,-0.06928576863198069,0.010213461869767473
2022-05-25,-0.007786052953551071,0.019117814732989222,-0.009330338591601818,0.010213461869767473,0.035804104365638356,0.02844815332459116,-0.03462304290610617,0.015041600462533585
2022-05-26,0.006414158742206116,0.022235392898921156,-9.940505212562821e-05,0.015041600462533585,-0.1195311795594611,0.022334797951046797,-0.1406582404012483,0.04690038774052414
2022-05-27,0.015059749605504668,0.047670691539242735,0.014649870739205881,0.04690038774052414,0.3863119908514031,0.03302082080003675,0.27315307167351266,-0.02779861743641564
2022-05-31,-0.0023379791748297427,-0.002174125449126646,-0.03669807529354084,-0.02779861743641564,0.8025692045569514,0.034523949844414224,1.0663179794266433,0.004025675537081147
2022-06-01,0.027284727956536664,0.04935248945798231,-0.006479848219339523,0.004025675537081147,-0.8457591373073632,0.055832337677321875,-0.12303039550466228,0.053815448676317656
2022-06-02,-0.0001196223977031888,0.05521945516236914,-0.005563581075695893,0.053815448676317656,0.0016994847034653231,0.06078303623806491,-0.1609423147492266,-0.02645265578034786
2022-06-03,-0.02424460187010066,-0.007437828377170866,-0.03228684176017205,-0.02645265578034786,-0.3717143421655105,0.024849013383001044,-0.5664257684165837,-0.0006983504162233261
2022-06-06,0.01805545449997579,0.023547790853995672,-0.006349230392445137,-0.0006983504162233261,-0.4095493511819059,0.029897021246440916,-0.9728763025842476,0.00917868012297946
2022-06-07,-0.01284227542160818,0.013277137948889376,-0.014872770424381638,0.00917868012297946,0.029860486273884285,0.02814990837327102,-0.8415126093165115,-0.010623385316598838
2022-06-08,-0.006667011151779645,0.0007610654960014949,-0.016282458208751828,-0.010623385316598838,0.10529224123184805,0.017043523704753358,-0.3224242851414193,-0.005659072892152975
2022-06-09,-0.010949530520117753,0.01665012140833594,-0.012577567030321792,-0.005659072892152975,0.36256783106456214,0.029227688438657563,0.18066533307068888,-0.07948008140484039
2022-06-10,-0.03221938944633856,-0.029655477398245794,-0.0887910013218735,-0.07948008140484039,0.5381506291672183,0.059135523923627774,0.8006206370577225,-0.05799219140292451
2022-06-13,-0.04274512599367383,-0.021014519598034305,-0.05950011523109705,-0.05799219140292451,0.06983528756173175,0.038485595633062815,0.6820675743837404,-0.002235745327431173
2022-06-14,-0.000565184464069814,0.014000871802496883,-0.01174636323919881,-0.002235745327431173,-0.39054980523779426,0.025747235041695758,0.05671400601341129,0.016316209542327507
2022-06-15,0.013952134773693602,0.03166524511667349,-0.006276077791728376,0.016316209542327507,0.13641647361404097,0.03794132290840194,0.093284126119837,-0.03191652809502312
2022-06-16,-0.02023416049301977,-0.0021247705366312835,-0.04343210422663454,-0.03191652809502312,0.45489830272678417,0.04130733369000329,0.44175002791560897,-0.011820375566387995
2022-06-17,-0.04435713388832175,0.006116951816510638,-0.07707057538540514,-0.011820375566387995,0.4950771018919538,0.08318752720191593,0.7776688098655147,0.006079163470699694
2022-06-21,-0.01612200033103854,0.032745954765217175,-0.02038429419763327,0.006079163470699694,-0.5727864360196914,0.05313024896285043,-0.004459024761170283,0.006425759182815874
2022-06-22,-0.006079163470699742,0.02599596546084476,-0.013227932567932199,0.006425759182815874,-0.522717265710201,0.039223898028777,-0.5499686387281438,0.030488845008769992
2022-06-23,0.017312939414356993,0.03456923543050428,0.005840668034064339,0.030488845008769992,-0.22324613848380132,0.028728567396440006,-0.7721579681664243,0.02899356980849976
2022-06-24,0.010564222074030197,0.02987009758749351,0.0041861771623000026,0.02899356980849976,0.26560977595359414,0.025683920425193314,-0.46446689450872114,-0.017300328267604182
2022-06-27,0.0027816084167769355,0.004298016920307641,-0.021745078603738772,-0.017300328267604182,-0.38699990914238763,0.02604309552404643,-0.7528289655845666,-0.04136119804440769
2022-06-28,-0.0001837293785161897,0.004999692677231196,-0.04459370318260328,-0.04136119804440769,0.16772898144157078,0.04959339585983449,-0.2234614514284534,0.00781880516858191
2022-06-29,0.006297981572165915,0.012880586326937137,-0.00821125943433402,0.00781880516858191,-0.26925553819310816,0.021091845761271346,-0.3159464325646128,-0.006643463906990762
2022-06-30,-0.015313414229092713,0.005196821615288893,-0.03013753823770202,-0.006643463906990762,0.24677840143666574,0.03533435985299094,0.016384703146505714,0.006589218165237144
2022-07-01,-0.0051490169302381775,0.009434676865043753,-0.0192798717712657,0.006589218165237144,-0.04891346208045922,0.02871454863630959,-0.03731106417566407,0.021504994636005238
2022-07-05,-0.013607168914063624,0.026882416727961427,-0.023782539123934743,0.021504994636005238,0.23312753118727314,0.05066495585189636,0.2630162956124153,0.016699530815424066
2022-07-06,0.0054303096604957244,0.023364386061396746,-0.0063950601368339965,0.016699530815424066,-0.311802291074251,0.02975944619823068,-0.11927015485622522,0.020835236616915324
2022-07-07,-0.0008623380724763583,0.023849422618882937,-0.001176100015280188,0.020835236616915324,0.03606588906395968,0.02502552263416324,-0.0540418884604858,-0.00371641188780201
2022-07-08,-0.01687261628074334,0.0024783678048243612,-0.018200438405316235,-0.00371641188780201,-0.38527760039950854,0.02067880621014052,-0.46620265849350534,-0.013650674062465952
2022-07-11,-0.007396832944407123,-0.003575650225399638,-0.023328791587633898,-0.013650674062465952,0.12853818761681035,0.019753141362234314,-0.2579124631431724,-0.022694129087356414
2022-07-12,-0.0006770558976746068,0.018977429627939527,-0.029722028519170995,-0.022694129087356414,0.3651099599281583,0.04869945814711049,0.1626348182981436,-0.009632455412495985
2022-07-13,-0.01973871096611823,-0.0030135494888874617,-0.02928988163229177,-0.009632455412495985,-0.2804847189874829,0.026276332143404347,-0.07403131066823547,0.002738594870490069
2022-07-14,-0.00839676063565141,0.006031138824375345,-0.028581195738390304,0.002738594870490069,0.051032478030880325,0.0346123345627656,0.004441798347660357,0.018331572845010295
2022-07-15,0.012867355927691504,0.030394613293368473,0.010402574448285407,0.018331572845010295,0.1704245968155047,0.01999203884508301,0.2010646162248592,-0.012263524650718201
2022-07-18,0.010396986025218631,0.014920052654332147,-0.015520164085770784,-0.012263524650718201,-0.28758830466094837,0.030440216740102933,-0.16920729255907765,0.03302786408672611
2022-07-19,0.020208579349625132,0.03429056026894378,0.007354995048943595,0.03302786408672611,0.05787254655615148,0.026935565220000287,-0.11442429099136912,0.034615537495564556
2022-07-20,0.011179357809568137,0.03869203802877671,0.005759164316590336,0.034615537495564556,0.3285526094831497,0.03293287371218653,0.2756965199061019,0.018312489731583247
2022-07-21,0.006529249324015862,0.02012051953554627,-0.005619886795087065,0.018312489731583247,-0.3123516281748151,0.02574040633063329,-0.10637994710232918,-0.017291805616015257
2022-07-22,0.0027352328915883893,0.013867334443851524,-0.02546141126701218,-0.017291805616015257,0.1828686979949005,0.03932874571086364,0.08443795404749119,-0.02504351430137994
2022-07-25,-0.004463813577116409,-0.0028156170117230586,-0.03372993366195798,-0.02504351430137994,-0.03058908582648144,0.030914316650235044,0.060644382746566396,-0.032937760505704614
2022-07-26,0.004124544794907937,0.004124544794907937,-0.03584237579812099,-0.032937760505704614,0.011892261623681311,0.03996692059302874,0.030391743509901446,0.035027644117804166
2022-07-27,0.015229058578360505,0.04043588865039144,0.01088291078185258,0.035027644117804166,0.12281340388731127,0.029552977868538954,0.11974444264813365,0.026926832130781182
2022-07-28,-5.089241403049247e-05,0.033472878890002666,-0.006949088393843133,0.026926832130781182,-0.1006004743846619,0.04042196728384583,0.02495258774448848,0.0162733001860727
2022-07-29,0.0029448602378313693,0.01934088570936182,-0.006489375709132223,0.0162733001860727,0.09753379035517594,0.02583026141849402,0.08821205120128882,0.0023623718218519067
2022-08-01,-0.008841234941703113,0.017020062135604384,-0.012389878137025327,0.0023623718218519067,-0.33490032118095636,0.02940994027262965,-0.2674660089172762,-0.002752586597872617
2022-08-02,-0.014085947661421733,0.0032301204125890813,-0.02173837384543563,-0.002752586597872617,0.12554803961400574,0.024968494258024783,-0.10680947695089313,0.034946676823725605
2022-08-03,0.00692785964596702,0.03847368551152797,0.005012292076033564,0.034946676823725605,0.10427472667933409,0.033461393435494514,0.014458083175229917,0.01415010280275334
2022-08-04,0.0021412110438315097,0.015449793298189731,-0.011632867677919953,0.01415010280275334,0.13307362195962777,0.02708266097610978,0.17097878726201715,0.006573937181829871
2022-08-05,-0.01778417370025664,0.009131667224853231,-0.022523519064153272,0.006573937181829871,-0.10117671328487195,0.03165518628900652,0.042193128339938615,0.002097339173305706
2022-08-08,0.0036157411603195107,0.0157259951089934,-0.0021941819971380027,0.002097339173305706,-0.11945687872614583,0.017920177106131346,-0.061297580134440505,-0.018051131855249772
2022-08-09,0.0,0.0005754203652891451,-0.02263298928517429,-0.018051131855249772,-0.10763376055584134,0.02320840965046345,-0.19356977905215408,0.02735522446513235
2022-08-10,0.03422033634521357,0.038289766276450574,0.02232438450604886,0.02735522446513235,0.2869231743353707,0.015965381770401684,0.10916366924925834,-0.008038562480911692
2022-08-11,0.015526681430954235,0.016312375428640804,-0.009165967142277687,-0.008038562480911692,-0.4052753295791375,0.02547834257091851,-0.31547454279054116,0.024485638736105014
2022-08-12,0.010794777671339793,0.025225792789423003,0.0038784445589336463,0.024485638736105014,0.20227374884581342,0.0213473482304892,-0.027492478503708385,0.011932862091837033
2022-08-15,-0.0013472083442675003,0.012221066944968996,-0.0079521908290164,0.011932862091837033,0.1519959365650927,0.02017325777398527,0.1549112683276226,-0.007701058573987752
2022-08-16,-0.010923696877312204,-0.0020641054279449556,-0.024509672373062973,-0.007701058573987752,-0.1570776510370516,0.022445566945118015,-0.029892278874615215,-0.022002717750176166
2022-08-17,-0.015060565151165453,-0.010263427102471133,-0.02591612996711221,-0.022002717750176166,-0.12166999116718492,0.015652702864640936,-0.1661709310243814,0.0027598613552623987
2022-08-18,0.001802718409648832,0.008120987830608009,-0.0018517832589968078,0.0027598613552623987,-0.30078841995708144,0.009972771089604881,-0.39850471686634964,-0.0323374154028112
2022-08-19,-0.01711488309532954,-0.014985418717747728,-0.033373105273185724,-0.0323374154028112,0.35887604252692756,0.018387686555437967,-0.005117133654021521,-0.03278588123416389
2022-08-22,-0.013381359185655611,-0.012475723095909356,-0.035878099815292656,-0.03278588123416389,0.0327785757381949,0.023402376719383305,0.04190511888702308,-0.002287779498218555
2022-08-23,-0.0023852685818051065,0.010519427170886731,-0.00524038454378079,-0.002287779498218555,-0.3988831342631616,0.015759811714667487,-0.31291413117717687,-0.011665965159674751
2022-08-24,0.0006576356419068222,0.006871845394907995,-0.012455151942417725,-0.011665965159674751,0.30245886643676256,0.019326997337325718,0.07130838149696232,-0.004249126305309377
2022-08-25,0.00034510166963880345,0.0025113749708456047,-0.03188464081392534,-0.004249126305309377,0.48585482608730646,0.03439601578477105,0.5583610242790275,-0.05838973913620878
2022-08-26,0.00014852351711328328,0.003977955921292242,-0.05975540018776331,-0.05838973913620878,0.16176270057754877,0.06373335610905558,0.5465957264781471,-0.015232693270443297
2022-08-29,-0.0024437812051123,0.004817510494455965,-0.016405908079132184,-0.015232693270443297,-0.40121040177083994,0.02122341857358815,0.0031830882860060332,-0.0005064503382239952
2022-08-30,0.012341594501597736,0.01428745279720682,-0.0112553770636659,-0.0005064503382239952,-0.27270673957667324,0.025542829860872893,-0.2970845963405778,-0.004355339108823436
2022-08-31,0.00918263200487788,0.01608028767623327,-0.0068756569250136915,-0.004355339108823436,0.5541982590923398,0.022955944601246833,0.22188412993392523,-0.007822945812250306
2022-09-01,-0.006555293028369308,-0.0048316724470291415,-0.03188692038880671,-0.007822945812250306,-0.21562624334289165,0.02705524794177757,-0.09124094780226517,-0.00647106942857998
2022-09-02,0.010737493475126283,0.030486198783020977,-0.013859687486317706,-0.00647106942857998,-0.049324411888516544,0.044345886269338664,-0.10534664084212643,0.00043444991178415583
2022-09-06,-0.0024749557226938783,0.016594241902447862,-0.007552814991866875,0.00043444991178415583,0.045432447763500035,0.024147056894314744,0.028309933362311166,0.030536351921584635
2022-09-07,-0.0002714883545188813,0.035265454887005006,-0.0030183583978284716,0.030536351921584635,-0.0723157871569406,0.03828381328483359,-0.0562935577873606,0.010244416915963096
2022-09-08,-0.006658559106816163,0.0181116211471487,-0.011974892561542412,0.010244416915963096,-0.04663779762057381,0.030086513708691007,-0.14563394090801854,0.0286500854784254
2022-09-09,0.016955247090135846,0.03196288976926366,0.015621702402241495,0.0286500854784254,0.27547460640933336,0.016341187367022062,0.20202692649028717,0.0039942076105602764
2022-09-12,-0.009390941460214186,0.004069967426112136,-0.014029768723316226,0.0039942076105602764,-0.049243766648008884,0.018099736149428367,0.11872136982736793,-0.0731806528654127
2022-09-13,-0.035463520465067296,-0.03277468323294842,-0.07595335094954744,-0.0731806528654127,0.38013652199700515,0.04317866771659913,0.4674612959446632,0.008460469570350413
2022-09-14,0.0031979880923309963,0.01575507737343786,-0.007575047930105553,0.008460469570350413,-0.3290604292820607,0.023330125303543326,0.02227392501012557,-0.183840752745506
2022-09-15,-0.13948607611688715,-0.12154491817285776,-0.19729089233081792,-0.183840752745506,2.2264031385187413,0.07574597415796018,2.2074127221129687,-0.031647498637219634
2022-09-16,-0.0355951557706074,-0.0293129563303674,-0.0565287266282192,-0.031647498637219634,-0.6218968178894253,0.02721577029785171,0.6035426291727412,-0.011552289316480753
2022-09-19,-0.015545907075348534,-0.0007348315944128882,-0.0203731028940255,-0.011552289316480753,-0.8185150527602392,0.019638271299612677,-0.4714320683035106,-0.01703270514182612
2022-09-20,-0.01100401746098768,-0.0067103347318435095,-0.028261596520464723,-0.01703270514182612,-0.006787321942794853,0.021551261788621327,-0.5466034985805056,-0.01648925363033186
2022-09-21,0.006096949175748823,0.023362709048537923,-0.016768672949555422,-0.01648925363033186,-0.2873767196142072,0.040131381998093234,-0.8750904253166054,0.002651075171504718
2022-09-22,-0.015133098528751748,0.011287782046302885,-0.022036312256674587,0.002651075171504718,0.14109466687933822,0.03332409430297737,-0.7658689507829224,-0.008747125577753978
2022-09-23,-0.005204036059329074,0.005177094213869518,-0.02240471778271363,-0.008747125577753978,-0.17711032854470718,0.027581811996583216,-0.4895039820638381,-0.02707105848526609
2022-09-26,0.005152577095279579,0.01513646728483167,-0.027829547471869824,-0.02707105848526609,0.35308993792190335,0.04296601475670152,0.17019180960304622,0.0022001194400659203
2022-09-27,0.01696965764042035,0.026860192991035512,-0.008084223400234744,0.0022001194400659203,-0.05410427985619845,0.034944416391270335,0.11073148825573864,0.013703942975051401
2022-09-28,0.010072663339955077,0.018454532884228922,-0.007957549848131287,0.013703942975051401,-0.24842164014898974,0.026412082732360162,-0.13215484633338692,-0.011257132834813239
2022-09-29,-0.012875736612022202,-0.006452891747663296,-0.02296962683860181,-0.011257132834813239,0.033571848308750644,0.01651673509093851,-0.10111081410993318,-0.011021839739521649
2022-09-30,0.005161865550030074,0.021474883827883293,-0.012294473642270017,-0.011021839739521649,-0.11858835663970696,0.03376935747015326,-0.201929462750887,0.03583274650744962
2022-10-03,0.011093675483340707,0.04163555129716883,0.0065193557712058545,0.03583274650744962,-0.20285949411270557,0.035116195525962804,-0.3990437792568636,0.03354276346810258
2022-10-04,0.01982057613486589,0.039693949870796434,0.017170497923696258,0.03354276346810258,0.18754229323876043,0.02252345194710022,-0.09722764868913945,0.00813713829683058
2022-10-05,-0.012142437562624982,0.012934251338674737,-0.01982435411924727,0.00813713829683058,-0.2620804406492198,0.032758605457921926,-0.28055940645800265,0.0034575934159903443
2022-10-06,-0.0007737574160295755,0.02693897992313479,-0.0009419956763127806,0.0034575934159903443,0.3419252427094388,0.02788097559944758,0.12963120434859327,-0.03283790664313807
2022-10-07,-0.02390882640128489,-0.015875535223965575,-0.039578733153302764,-0.03283790664313807,-0.334373702983268,0.023703197929337172,-0.192014410067706,-0.010618170902220099
2022-10-10,0.003387996758493857,0.0052154847433080985,-0.02000696810546582,-0.010618170902220099,-0.1847100587585779,0.025222452848773804,-0.32424189146991905,-0.003119850633214267
2022-10-11,-0.00010499913943465524,0.008919911262657306,-0.015093024895203847,-0.003119850633214267,0.09932783539830635,0.024012936157861157,-0.18264343573910172,0.004623663599401237
2022-10-12,-0.0004915863758209275,0.0172640882956382,-0.006127608575507401,0.004623663599401237,-0.05300333893390897,0.023391696871145503,-0.16581561487708438,0.029577451126766473
2022-10-13,-0.022762805913684844,0.04114771115650944,-0.03394368622845966,0.029577451126766473,0.4422409528941932,0.07509139738496919,0.3003944681172426,-0.02334144507502015
2022-10-14,0.0012884580911428122,0.009623109285844774,-0.025044604116177153,-0.02334144507502015,-0.2847591620770631,0.03466771340202207,0.024039919626685467,0.01912550569107062
2022-10-17,0.032494051095768445,0.03420708705291056,0.011944739238534108,0.01912550569107062,0.25549964798364155,0.022262347814376384,0.27567200096004413,-0.0017732544679679037
2022-10-18,0.030798478360274825,0.03347098958166467,-0.023057672159333867,-0.0017732544679679037,0.17345745054846798,0.05652866174099859,0.35651831460173733,0.02311121778862198
2022-10-19,0.008225964635228544,0.03596888580511487,-0.0009561493974199701,0.02311121778862198,0.010380873325235209,0.036925035202534776,0.2552686285586977,0.008468918111184451
2022-10-20,0.003994320912566366,0.03074037997107894,-0.0016355637217502336,0.008468918111184451,-0.42310913650587273,0.03237594369282935,-0.2776166753365974,0.013108985208042698
2022-10-21,-0.0046075115393739065,0.016562874531702954,-0.013819482969386355,0.013108985208042698,0.010355955151142031,0.030382357501089474,-0.21946285916260988,0.03164467183426385
2022-10-24,0.006701383567926236,0.03514869364363869,-0.000554982818247123,0.03164467183426385,0.27496249114580246,0.035703676461885755,0.051295479451545535,0.023657006153388768
2022-10-25,0.009129014553988587,0.025014996634433736,0.0016430394896075036,0.023657006153388768,-0.2333985534763671,0.023371957144826223,-0.19153292077015335,-0.010275277697323143
2022-10-26,-0.017540771485973737,0.02075346297480802,-0.02264554099578638,-0.010275277697323143,0.09808037015810332,0.04339900397059433,-0.018997522881655005,-0.005726603592352243
2022-10-27,0.007708543888180438,0.01046055827730077,-0.011328326479620914,-0.005726603592352243,-0.3825344663635981,0.02178888475692156,-0.3379245396716629,0.021821979099709884
2022-10-28,6.282411042020944e-05,0.026019724476548038,6.282411042020944e-05,0.021821979099709884,0.04702666221541651,0.02595690036612765,-0.25283788718088585,-0.02229280669350135
2022-10-31,-0.006747110331965674,-0.00030711576786012233,-0.025689421323572086,-0.02229280669350135,0.0782307513403722,0.025382305555711887,-0.14042461521539434,-0.00781700705352651
2022-11-01,0.007849830702098817,0.013534358100534492,-0.018090408843156006,-0.00781700705352651,-0.27635258457158207,0.031624766943690534,-0.3295127569223662,-0.047964569122458854
2022-11-02,0.008883930115303395,0.008883930115303395,-0.048396256742981106,-0.047964569122458854,0.34374575104748184,0.05728018685828438,0.09600467378301278,-0.0520938988340148
2022-11-03,-0.013873072913565042,-0.0053593188047651105,-0.05405433205618322,-0.0520938988340148,0.3416108993910121,0.04869501325141826,0.484744900080048,-0.0006296973272977751
2022-11-04,0.0154434268685744,0.017610664397700374,-0.02729885075112743,-0.0006296973272977751,0.1585198060405127,0.04490951514882782,0.5171482491587197,0.04713069041614305
2022-11-07,0.011205578045223827,0.049864403787160484,0.006349031656675151,0.04713069041614305,-0.3657053159895443,0.04351537213048522,0.0033820031330042796,0.008741824252170969
2022-11-08,0.005360466131306089,0.03400165200752593,-0.005926653561832702,0.008741824252170969,0.060886143742549415,0.039928305569358606,0.028249490993343108,-0.010981137444187189
2022-11-09,-0.008374710807855734,0.003699654325737918,-0.01607990066426322,-0.010981137444187189,-0.420540590989761,0.019779554990001016,-0.4745421232645621,0.09893248492699244
2022-11-10,0.06377073034283656,0.10020454381398729,0.06163379890509017,0.09893248492699244,0.6834719900251258,0.03857074490889708,0.24086770991058362,0.03338108054439038
2022-11-11,0.0011812511810254868,0.03677558729086913,-0.0013951899962836901,0.03338108054439038,-0.2918278668938826,0.038170777287152756,-0.07858894491269977,-0.002288998510501804
2022-11-14,-0.009069249073262778,0.011540918976077728,-0.01989467716578949,-0.002288998510501804,-0.17087903702709611,0.031435596141867375,-0.17340619313600233,0.01628988987922161
2022-11-15,0.02334671085806918,0.030667506345775884,0.006413570854499808,0.01628988987922161,-0.16123784065171667,0.024253935491276305,-0.30926959676808946,-0.022064947794758736
2022-11-16,-0.00277871970778968,-0.0027207822161351056,-0.027071408651557625,-0.022064947794758736,-0.32840609683777633,0.02435062643542254,-0.5717232700570424,-0.0017154183143634687
2022-11-17,-0.019906688804081186,0.004304988242409681,-0.027137155325684524,-0.0017154183143634687,0.25517951055080085,0.03144214356809422,-0.2810901848932947,-0.020847489724982553
2022-11-18,0.018970564259813985,0.020131738306285403,-0.026059533957603662,-0.020847489724982553,0.22203360844993675,0.04619127226388925,0.10606541702518993,-0.028728872286322843
2022-11-21,-0.0040278877704182075,-0.0018453375026099266,-0.03150102169180184,-0.028728872286322843,-0.06078720042309246,0.02965568418919191,0.09104957128416377,0.028789378018337038
2022-11-22,0.003105689102469799,0.030782083151424364,-0.004020569932962664,0.028789378018337038,-0.22396689709602388,0.0348026530843869,-0.116136037253391,0.014700393335767881
2022-11-23,-0.0028752980888519858,0.022768305715270713,-0.009992971333509158,0.014700393335767881,-0.13855046111366565,0.032761277048779944,-0.22841346808252813,-0.004417423061974062
2022-11-25,-0.008644030889958151,-0.0008043886391663572,-0.01129106161437626,-0.004417423061974062,-0.6263464041155368,0.010486672975209855,-0.8630780460356475,-0.01607219200277511
2022-11-28,0.004566282650578666,0.011569118032734456,-0.018811734337055613,-0.01607219200277511,0.6588367498693216,0.030380852369789952,-0.08921216757304554,-0.006679407040950335
2022-11-29,-0.0069548484178811295,0.0022166221942698803,-0.016242045190841107,-0.006679407040950335,0.033057350037120035,0.01845866738511095,0.03538422999847241,0.054054318792884214
2022-11-30,0.001039903262588943,0.054344208367510284,-0.0012247962038248789,0.054054318792884214,0.7330090888328643,0.05556900457133522,0.8427351432694321,-0.002380145528520552
2022-12-01,0.008947202787948551,0.016504171919430842,-0.00999379764916656,-0.002380145528520552,-0.39190233289300963,0.02649796956859738,0.24834555012750292,-0.007525811822650988
2022-12-02,-0.02028506880263073,-0.0016868905915436167,-0.02916186870386024,-0.007525811822650988,-0.20487275767485857,0.027474978112316674,-0.038718390250124676,-0.022025112513856582
2022-12-05,-0.01098155107200058,-0.0029909968954898386,-0.03183091162113349,-0.022025112513856582,-0.07554545590668992,0.02883991472564358,-0.2171356884847366,-0.008838980295266642
2022-12-06,0.0,0.00038905563264737255,-0.020227760500330132,-0.008838980295266642,-0.1527356408741116,0.020616816132977573,-0.38417259869051185,-0.013590350429804552
2022-12-07,-0.0109917762932747,-0.00045305112265370143,-0.017239717292070036,-0.013590350429804552,-0.05961983396111065,0.01678666616941645,-0.4305732535680839,0.017899316215406087
2022-12-08,-0.0029736873927963736,0.02872518121344028,-0.007157877593164308,0.017899316215406087,0.004803852312645457,0.03588305880660465,-0.22129461683163917,-0.005850177778559141
2022-12-09,-0.003252582659400881,0.006324345277910527,-0.012343554360652936,-0.005850177778559141,-0.0478901916884875,0.018667899638563457,-0.16290479857109508,0.02251855282192266
2022-12-12,0.012383671829932674,0.02281414618217516,0.0060606533329767434,0.02251855282192266,0.39213952965236476,0.01675349284919843,0.2982337665992508,0.012606070280552132
2022-12-13,0.04470241527260592,0.0504546050856225,0.001831704296890147,0.012606070280552132,0.16221010218126009,0.048622900788732513,0.4265910142857347,-0.007444502300047285
2022-12-14,0.004167043782081462,0.01013945362112195,-0.02202430578416729,-0.007444502300047285,-0.05748450173210549,0.03216375940528927,0.26352792596468755,-0.03353445821909598
2022-12-15,-0.021288796546147508,-0.016073455740903356,-0.04614749913276563,-0.03353445821909598,0.530019201660347,0.030074043391862374,0.7028362474205114,0.029466401911369126
2022-12-16,0.04836853994126929,0.07544784251069889,0.025618937006890767,0.029466401911369126,0.7754410320478788,0.04982890550380829,1.2534105438593681,-0.0293142480167413
2022-12-19,-0.0015963835184409716,0.006477415455887223,-0.0368251128126398,-0.0293142480167413,-1.072312817572385,0.043302528268527145,-0.2794476901448169,0.028368543946018718
2022-12-20,-0.005367860087465088,0.04094362671756162,-0.0099041610413709,0.028368543946018718,-0.05345560793761159,0.05084778775893249,-0.3753521801795342,0.00929966570860876
2022-12-21,0.006101645419028667,0.020688093468582903,-0.005276740579913302,0.00929966570860876,-0.40523279308795357,0.025964834048496085,-0.7962682567460725,-0.01433869060361385
2022-12-22,-0.015855290150761845,-0.004403612137721841,-0.031059143198460863,-0.01433869060361385,-0.10768609810130177,0.026655531060739094,-0.8808688389850208,0.005718856986342168
2022-12-23,-0.004527018210665711,0.007106580913716044,-0.009644542534338883,0.005718856986342168,-0.3528081081084194,0.016751123448054937,-1.1130653614803039,-0.009977265491077041
2022-12-27,-0.0013305115390554506,-0.0008572399340230702,-0.017856880616866435,-0.009977265491077041,-0.10707999532490799,0.01699964068284331,-0.6827815480196558,-0.020379982259885698
2022-12-28,-8.952855208593194e-05,0.010124950821332539,-0.02385809215489299,-0.020379982259885698,0.13270300890741196,0.033983042976225515,-0.35049597470099,0.02778332021321838
2022-12-29,0.007343643723953646,0.033454787727639386,0.004345987485377689,0.02778332021321838,0.06986564402969482,0.029108800242261514,-0.07548930055822796,-0.0031151849547049163
2022-12-30,-0.013659989503885923,-0.002788325861383428,-0.017752392066618324,-0.0031151849547049163,-0.02954374463364589,0.014964066205234971,-0.019803753600510565,0.0011582587719073572
2023-01-03,0.010728811389801843,0.027231135126298562,-0.013793278050282146,0.0011582587719073572,0.24719569568221444,0.04102441317658068,0.29475621810106883,0.013238558510328718
2023-01-04,0.017564185441318582,0.025523299543821553,-0.0005640983880609848,0.013238558510328718,-0.01915862852604249,0.026087397931882517,0.2058821050881369,-0.03872993153793277
2023-01-05,-0.01142972017734749,-0.011370500487606029,-0.039582806328266655,-0.03872993153793277,-0.049302459262603425,0.028212305840660635,0.0785225979329421,0.013037277001292789
2023-01-06,0.011623803023224374,0.019418093004544088,-0.01843710028686745,0.013037277001292789,0.06283766158331192,0.037855193291411404,0.09968226065539754,0.027360830670870515
2023-01-09,0.018313603328001027,0.04899762418388288,0.01689631004297994,0.027360830670870515,0.34627183532875533,0.032101314140903114,0.4046039052416745,-0.009637492081529813
2023-01-10,-0.012742450001697556,0.007719103984653975,-0.015263041822075097,-0.009637492081529813,-0.629302945951179,0.022982145806729085,-0.34976934451570724,0.012411527483468791
2023-01-11,-0.0038752211863737787,0.013169440909463776,-0.015561885916959183,0.012411527483468791,0.33908612588314513,0.02873132682642302,0.03763861777482765,0.004683895471149906
2023-01-12,0.003609437017000641,0.010183327161939388,-0.016346086896667177,0.004683895471149906,-0.09976472057710299,0.02652941405860652,-0.07599004519530214,-0.00046450578258047236
2023-01-13,-0.012529577287604806,0.00031917280316488855,-0.026588262407443698,-0.00046450578258047236,0.1962607769644789,0.02690743521060858,0.11676492441625153,0.0
2023-01-17,0.0,0.018442065142817262,-0.007022695550182285,0.0,-0.02716768980033942,0.025464760692999605,0.05829071757101731,-0.008954564969911458
2023-01-18,0.0018277173872732811,0.014013623943502454,-0.017517103340925374,-0.008954564969911458,-0.1890861369631783,0.03153072728442781,-0.07696816430280333,0.0035680934767942023
2023-01-19,-0.002199833715590754,0.01575526270764713,-0.0038160904027115285,0.0035680934767942023,0.17073110230322427,0.019571353110358625,0.05794176261474532,0.03963834945692665
2023-01-20,0.002158035971804661,0.042552356893670866,0.0006712807485805291,0.03963834945692665,0.24420912095695246,0.04188107614509035,0.291673856639151,0.02384499666143777
2023-01-23,0.0053172091994648394,0.026280474703012743,0.0013179515205360474,0.02384499666143777,0.01189945390974064,0.024962523182476822,0.21982316234705876,-0.010078575109478159
2023-01-24,-0.002414015717164584,-0.001453186339233182,-0.019309601261146746,-0.010078575109478159,-0.2563518148241092,0.017856414921913505,-0.08275864490805424,-0.008756241037127382
2023-01-25,-0.01576064013806457,-0.004410231952434221,-0.03020359043243875,-0.008756241037127382,-0.09668559817464775,0.025793358480004455,-0.17598200083439283,0.021133657653911512
2023-01-26,0.012733713984471944,0.02552503287063645,0.007094265981661251,0.021133657653911512,0.04855407206689227,0.018430766888975252,-0.1392901460713957,0.01327863356490341
2023-01-27,-0.006389669756645936,0.020562398326834146,-0.008151886623963645,0.01327863356490341,0.10686544522293573,0.028714284950797857,-0.023763419633894178,-0.019860835564892536
2023-01-30,-0.013060007389725223,-0.005436724385655166,-0.021485694732625026,-0.019860835564892536,0.018185074549346352,0.01604897034696983,0.03509587863572626,0.01886226555199969
2023-01-31,0.0035432666372881305,0.019833915917199366,0.001622139445589153,0.01886226555199969,-0.03483927597575924,0.018211776471610236,0.04182026383766564,0.03601273980417062
2023-02-01,-0.000891434028222592,0.043279427390564666,-0.009604785618655935,0.03601273980417062,0.2676967197078528,0.052884213009220575,0.30096040173924093,0.021414197907417477
2023-02-02,0.024087590748432273,0.04723599504112621,0.012836592767956262,0.021414197907417477,0.17874586764450576,0.034399402273169885,0.39329321837231174,-0.03344192719797255
2023-02-03,-0.020450932302403118,-0.014147510321023394,-0.037165861893128344,-0.03344192719797255,-0.39973528627800786,0.023018351572105036,-0.12251898576226765,-0.010867302664135024
2023-02-06,-0.008259027828775562,-0.00010539671413377267,-0.015783014186818236,-0.010867302664135024,-0.12882545182152447,0.015677617472684546,-0.2565691851224396,0.022634511201888276
2023-02-07,-0.004808649507766836,0.025548283758637023,-0.006604393455032777,0.022634511201888276,0.0440039624730569,0.03215267721366981,-0.1931796593618589,-0.014327627143171607
2023-02-08,-0.003471228170260012,0.00897423070691524,-0.021382726701176892,-0.014327627143171607,0.07464148160588863,0.030356957408092192,-0.11211252794601885,-0.006762394601535157
2023-02-09,0.017319327715323046,0.021311681550789427,-0.011536842082425417,-0.006762394601535157,-0.1637035533528299,0.03284852363321483,-0.22820225135198113,-0.012908608284707733
2023-02-10,-0.011184941238024047,-0.0034385132915609185,-0.023503918656872316,-0.012908608284707733,-0.20447941883795256,0.020065405365311418,-0.30106501182036993,0.010750944227292848
2023-02-13,0.0065019397450853875,0.014238183557013144,0.00010783683877247433,0.010750944227292848,0.01665093792861911,0.014130346718240523,-0.21391987270132837,0.007703568233892894
2023-02-14,0.0,0.014717819738315936,-0.013531157381232136,0.007703568233892894,0.27830301076958847,0.02824897711954823,0.10765284454077939,-0.005200031521716174
2023-02-15,-0.0061048306201543084,0.009926801883771786,-0.008130335718474196,-0.005200031521716174,-0.17183513424389496,0.01805713760224608,-0.06449661814299741,-0.029093938956927294
2023-02-16,-0.026686922291180522,-0.0065383583768046875,-0.03351275716383257,-0.029093938956927294,0.33425324001171147,0.026974398787028012,0.3232328738798693,-0.023020081204715007
2023-02-17,-0.01615010489284248,-0.015315553572775725,-0.036363610999853906,-0.023020081204715007,0.023278534329425664,0.021048057427078225,0.28659971861729694,-0.028855654620763414
2023-02-21,-0.017156299670921277,-0.010139520956308372,-0.03177311576449737,-0.028855654620763414,0.005677658695935667,0.02163359480818906,0.19546378821541235,0.005809423530480543
2023-02-22,-2.8871963582449663e-05,0.01848967753046384,-0.006510910421780989,0.005809423530480543,-0.14426970590185006,0.025000587952244687,-0.03602985883834785,-0.004886927916200297
2023-02-23,0.00492020333418913,0.014462435792389816,-0.013831184431592067,-0.004886927916200297,0.19358782681963152,0.028293620223981936,0.148720319664505,-0.07937528329113734
2023-02-24,-0.05600300326109199,-0.05101723675797276,-0.08544596688121447,-0.07937528329113734,0.9846853370471118,0.03442873012324173,1.0578851295996532,0.005537763383205655
2023-02-27,0.0046065210765547935,0.01412574586080614,0.0004990445394921018,0.005537763383205655,-0.8805809595012408,0.013626701321313965,-0.14265167690597558,0.0050443569712728025
2023-02-28,0.0032522997553467315,0.010523987465222793,-0.004197198984736411,0.0050443569712728025,-0.2544371317094648,0.014721186449959149,-0.42227582887099974,-0.0017611031668318866
2023-03-01,-0.0004632170335624713,0.004035671946556006,-0.009148097447787112,-0.0017611031668318866,-0.13236361678891354,0.013183769394343174,-0.5406053053081028,0.030814747944707243
2023-03-02,0.0,0.033689147993593446,-0.005643973543592861,0.030814747944707243,0.4808480098581301,0.0393331215371862,-0.04884216760167027,0.031115089164601158
2023-03-03,0.003561872207550196,0.033205685749384144,0.002934254538624712,0.031115089164601158,-0.03178057272270464,0.03027143121075932,-0.11428687019500088,0.00862442899418228
2023-03-06,0.0008425063455795159,0.022248022213823763,0.0006973217153244826,0.00862442899418228,-0.19668812063719926,0.021550700498499102,-0.05482331115617598,-0.00641788012814737
2023-03-07,0.002417674355392221,0.014731668172636016,-0.008566329841442524,-0.00641788012814737,-0.30633906339285966,0.02329799801407867,-0.33354460911379513,0.0030117263840339485
2023-03-08,0.005610688007312444,0.011218778939064365,-0.0038647282284525893,0.0030117263840339485,0.11164841130791547,0.015083507167517012,-0.19211242034357665,-0.02183627288080771
2023-03-09,-0.0032437329216219945,0.01232829826773655,-0.025923002427736944,-0.02183627288080771,0.41073129992267854,0.03825130069547331,0.2094097384683156,-0.027170804576859234
2023-03-10,-8.866066615045e-05,0.000443185458363706,-0.02975530038549019,-0.027170804576859234,0.08812090700046103,0.03019848584385388,0.3006191648180647,-0.015392684096647508
2023-03-13,0.00036442080359336856,0.011173337667762193,-0.018419372652349643,-0.015392684096647508,0.013243006380573324,0.029592710320111983,0.28670717016201347,0.02755648176438617
2023-03-14,0.024190805136629696,0.033061437642412456,0.013569049591441161,0.02755648176438617,-0.08761062437882404,0.019492388050971088,0.12914797770422987,0.0008396521652151576
2023-03-15,-0.010040295519894363,0.002846011501076797,-0.01560114226360441,0.0008396521652151576,0.18362343475270274,0.018447153764681208,0.2225278043775405,0.05731667144855621
2023-03-16,0.032324681956663735,0.06352448983591777,0.02053062170500689,0.05731667144855621,0.4063220092749297,0.04299386813091072,0.5210408674874107,0.013634738715849432
2023-03-17,0.0042086020258694816,0.02056324192975462,-0.006959004949128814,0.013634738715849432,-0.03236092796905528,0.027522246878883556,0.3466400294855084,0.013148202245013788
2023-03-20,-0.0014810461579038824,0.01880895088823247,-0.007820775861069254,0.013148202245013788,-0.5329862792720931,0.026629726749301662,-0.28925805705610663,0.03077164847302484
2023-03-21,0.004810939648501657,0.03658017694066593,0.00011024674553064087,0.03077164847302484,0.12653933505167192,0.036469930195135274,-0.15293032996136421,-0.03400110085443228
2023-03-22,0.002082162942331277,0.008276237519474811,-0.03452652831432359,-0.03400110085443228,-0.14402176159974284,0.04280276583379838,-0.32074258883198453,0.01995388186688004
2023-03-23,0.01992675476283226,0.03674970833992417,0.010396130141510892,0.01995388186688004,-0.21164585683032022,0.02635357819841316,-0.5039736804550893,0.016022686785034084
2023-03-24,0.0033278197670068427,0.01674255653011707,-0.0034748617253194565,0.016022686785034084,-0.047366975509573736,0.020217418255436458,-0.3928200738783027,-0.004838863604899857
2023-03-27,0.004125302423857652,0.014272566664851813,-0.014181584075871211,-0.004838863604899857,-0.05535607030608832,0.028454150740722894,-0.2638352640623785,0.0006697475411769866
2023-03-28,0.0007233602753256701,0.002275330193870556,-0.014386759237318284,0.0006697475411769866,-0.463991093267678,0.016662089431188833,-0.6654652098581004,0.015308074481482543
2023-03-29,0.008745786435883819,0.017836764735825884,0.005768024127799303,0.015308074481482543,0.33826756923988716,0.012068740608026613,-0.15785480221058407,0.007200489006175933
2023-03-30,0.0065456530087157246,0.008979457383338673,-0.002852511320314287,0.007200489006175933,-0.15499184067876196,0.011831968703652988,-0.21366256331787742,0.009045120826588201
2023-03-31,0.0010207269947368383,0.009978893080381602,-0.00430352328661574,0.009045120826588201,0.35918698014804806,0.014282416366997204,0.22400897759063856,-0.013822177526125409
2023-04-03,-0.011719521370003372,-0.004264690166313864,-0.018912972914508542,-0.013822177526125409,-0.12161782570183917,0.014648282748194724,0.09668988216984338,0.013251131401901813
2023-04-04,0.0056669364791272206,0.014678175313252986,0.002548846526918277,0.013251131401901813,-0.05407950967923419,0.012129328786334702,0.05237116555311806,-0.008159918453388575
2023-04-05,-0.0027559623601728016,0.002204516512969304,-0.020698222148620975,-0.008159918453388575,-0.12088145677245346,0.02290273866159029,-0.1312100635011009,-0.0037239635998616064
2023-04-06,-0.007119128232202195,0.0011511157943535472,-0.01591041318003044,-0.0037239635998616064,-0.2154117936107669,0.017061528974383858,-0.3294992685280318,-0.011495154835525849
2023-04-10,-0.013543734170397703,-0.010379462693433478,-0.022156409795079653,-0.011495154835525849,-0.08298382609955592,0.01177694710164614,-0.38844631613959724,-0.013755340916973391
2023-04-11,-0.0059712549274938765,-0.0009306817300259714,-0.02122022636438213,-0.013755340916973391,0.2460663529423772,0.02028954463435603,-0.025555621544207263,-0.003292771404597197
2023-04-12,0.014207101788518223,0.01900403008848513,-0.006379567492082511,-0.003292771404597197,-0.08843001100324077,0.02538359758056774,-0.06295438868777686,0.023802625344876576
2023-04-13,0.008908797940760422,0.024383241411005244,0.0076486226742131635,0.023802625344876576,0.207677277314029,0.016734618736791898,0.2025242641114741,0.0015300250826910436
2023-04-14,-0.006435639969220962,0.0046618190031674925,-0.009709000406274934,0.0015300250826910436,-0.46754239246304496,0.014370819409442593,-0.2807455828270871,-0.0038557856294592087
2023-04-17,0.0006060171510759528,0.0036309268617394086,-0.012626188335377616,-0.0038557856294592087,0.05657920100675928,0.01625711519711688,-0.1929506138384399,-0.0009795906224134212
2023-04-18,0.007854288921003044,0.007854288921003044,-0.009117494285686036,-0.0009795906224134212,-0.017245038423439704,0.01697178320668897,-0.20246354925813384,0.006757668060643865
2023-04-19,0.0009266162870936894,0.013914159844856232,-0.0051782143330607105,0.006757668060643865,0.11225670487834027,0.019092374177917044,-0.029254674304174243,0.0003946089850275617
2023-04-20,-0.010765102544065297,0.007574343202792125,-0.011749511787660498,0.0003946089850275617,0.09283877656416661,0.01932385499045261,0.08604576798621796,-0.006834420962458283
2023-04-21,-0.0007629495147481463,0.0004732290686263499,-0.012756576973932239,-0.006834420962458283,-0.05611711021493257,0.013229806042558474,0.08595356844904983,-0.0008742059220215109
2023-04-24,-0.0028637812265899895,0.003383468470390041,-0.01091541104978891,-0.0008742059220215109,-0.18464832765656877,0.01429887952017901,-0.1354220345131407,-0.020752354862529163
2023-04-25,-0.00988061209312484,-0.005607427507757407,-0.022675226943092656,-0.020752354862529163,0.45492579664342603,0.01706779943533532,0.3290406347703469,-0.01782617007811287
2023-04-26,-0.0026822114215071156,-0.00037882694012469085,-0.03395845640589562,-0.01782617007811287,0.14984939378759682,0.03357962946577092,0.38797133204495443,0.02276543077957351
2023-04-27,0.007901289070263127,0.029206314593174514,0.001211193835814649,0.02276543077957351,-0.1811236444405568,0.02799512075735997,0.10419250754839934,0.01639595607313704
2023-04-28,0.0,0.016740225875445113,-0.0077300199138473635,0.01639595607313704,-0.12610709212499305,0.024470245789292463,-0.05834120342193029,-0.009072719777120519
2023-05-01,-0.0027848567410510188,0.003067658998437543,-0.010249417289473598,-0.009072719777120519,-0.09866254538773452,0.013317076287911254,-0.17694488711984457,-0.014781950211753539
2023-05-02,0.0005610919464246894,0.004533373649360987,-0.01700871915419091,-0.014781950211753539,0.20263489325237313,0.021542092803551932,-0.0040832764780265865,-0.06560602771219451
2023-05-03,-0.014123060589089128,-0.00735080553959473,-0.06853575983990494,-0.06560602771219451,1.0747236891950018,0.06118495430031021,1.0816280430120038,-0.027663752727970278
2023-05-04,0.00784748038056312,0.00793368748507273,-0.036606909259784444,-0.027663752727970278,-0.012902241959346682,0.044540596744857254,0.7737307329876811,0.03674618789821482
2023-05-05,0.009336101438436236,0.0400415384744304,0.006529605768105447,0.03674618789821482,-0.4398442747216243,0.033511932706324854,0.0868129750843207,-0.012535173786626533
2023-05-08,-0.001148747685171626,0.005952447392515997,-0.0221727816266401,-0.012535173786626533,-0.3065641913484209,0.028125229019155998,-0.3264409050067847,-0.0041065534538692935
2023-05-09,-0.004544395970739486,0.0027283633583404005,-0.008259284753722774,-0.0041065534538692935,-0.5119636372578066,0.010987648112063186,-0.895108074344857,0.003990263063950404
2023-05-10,0.016211112440764848,0.02692167537894697,-0.0023960020450866037,0.003990263063950404,0.5887853029374909,0.029317677424033486,-0.2884156426170075,-0.007117890402713405
2023-05-11,-0.006239950703042696,0.00185867119561135,-0.01360882005631436,-0.007117890402713405,-0.4388545850402864,0.015467491251925706,-0.5686122180187605,-0.018108922481473777
2023-05-12,-0.0031373504670373226,-0.002315396004874458,-0.028778240029035885,-0.018108922481473777,0.6727659302740907,0.026462844024161356,0.3653634047206502,0.03001165116308099
2023-05-15,0.005648034767052519,0.030647897386671053,-0.007300401514011893,0.03001165116308099,-0.25052678226702574,0.037948298900682985,0.113638356429859,-0.0016214372154870682
2023-05-16,-0.0042616823196192965,0.004041908249914045,-0.01310367542289076,-0.0016214372154870682,-0.26377946746678904,0.017145583672804936,-0.1631484463555997,0.03283567910988653
2023-05-17,0.0007241444857336252,0.03859534815961192,2.9004146180010417e-05,0.03283567910988653,0.3305860945843173,0.038566344013431966,0.12333964598216934,0.010598899336189255
2023-05-18,0.0010369383232452462,0.013507901969991286,-0.0005048316466319746,0.010598899336189255,-0.2064604834560966,0.014012733616623481,-0.09413561926579422,0.02957794732432613
2023-05-19,0.007105091472267638,0.03181110603495841,0.002576908016800212,0.02957794732432613,0.2863951654712735,0.02923419801815841,0.14842415353622232,0.0021525309161702774
2023-05-22,0.0,0.008449038184402475,-0.004292015955678725,0.0021525309161702774,-0.3839831757896509,0.012741054140081217,-0.2098594063694074,-0.0043906877883994775
2023-05-23,-0.0006452564929633286,0.01186323949056306,-0.005741418690099943,-0.0043906877883994775,0.12190666581512459,0.01760465818066315,-0.043569707151700235,-0.012660125938691353
2023-05-24,-0.0054410748833700765,-0.003678307411549795,-0.023767097997682552,-0.012660125938691353,-0.10698298933005491,0.020088790586132783,-0.17662396426136823,0.06943747576916531
2023-05-25,0.026254406377446003,0.08359479874819094,0.02251899308082,0.06943747576916531,0.9693824531233526,0.06107580566737092,0.8505948970409637,0.057802990158918426
2023-05-26,0.01181586218271337,0.06013535238996876,0.011437705653181536,0.057802990158918426,0.10823546863318705,0.048697646736787135,0.7156461480497012,0.00437179844345109
2023-05-30,0.034427796512398405,0.041496737259581376,0.0016596439587424042,0.00437179844345109,-0.3846395096560449,0.039837093300839066,0.14230629383532695,0.0013892627140893758
2023-05-31,-0.00796528766919045,0.009897868732948564,-0.01572662099250999,0.0013892627140893758,-0.033136825241422,0.025624489725458607,-0.0014605980199510558,0.02121942728293686
2023-06-01,-0.013251928431229966,0.030200664713093503,-0.013251928431229966,0.02121942728293686,-0.14929350854293055,0.043452593144323474,-0.2321639856162865,0.022292134460443754
2023-06-02,0.01222722656956034,0.027229860065170957,0.008423672013520721,0.022292134460443754,-0.024676857948659904,0.018806188051650307,-0.31831111187392325,-0.0050313183434681965
2023-06-05,-0.007729651158075087,0.00914750550937086,-0.021800184122706026,-0.0050313183434681965,-0.22905514932854917,0.03094768963207697,-0.4525603589607826,-0.0029754897947948957
2023-06-06,-0.0037612793862297697,0.006748567980428167,-0.006794420766061323,-0.0029754897947948957,-0.3866150585626284,0.013542988746489674,-0.6626307465793536,-0.03423698060820497
2023-06-07,0.0038503313154348985,0.009014624355627705,-0.03562448194684011,-0.03423698060820497,0.7119697728482339,0.04463910630246787,0.19048552688042777,0.04832103770115578
2023-06-08,0.013840444475224659,0.051958824712789675,0.012495659170342715,0.04832103770115578,0.23919670155160536,0.03946316554244693,0.44941865021217414,0.03352945295166621
2023-06-09,0.039918697882253,0.060883174786230045,0.03152302807415732,0.03352945295166621,0.26826689730147174,0.029360146712072738,0.6372606898580955,0.04443836537535293
2023-06-12,0.02116214036369182,0.051597230832241776,0.011867655539317715,0.04443836537535293,-0.13693368654152316,0.03972957529292417,0.34208845249903186,0.009144136561616046
2023-06-13,0.03127779829984229,0.03494674171212389,-0.00903723560452049,0.009144136561616046,0.06966281398853037,0.04398397731664446,0.27969427363330096,0.0011267550144873047
2023-06-14,-0.005946782156734454,0.010095253963113497,-0.012161542077316163,0.0011267550144873047,-0.36415163236098763,0.0222567960404296,-0.2507861436786036,0.023454364071166647
2023-06-15,-0.008502663912999427,0.0321552910282912,-0.011071846177680679,0.023454364071166647,0.6312730162303682,0.04322713720597177,0.3691552299272802,0.008660498977654014
2023-06-16,0.054158302405457485,0.0551419563610333,0.00752896205049538,0.008660498977654014,0.3207627093012528,0.047612994310537816,0.5872286587735472,-0.0190008316331909
2023-06-20,-0.01947429090782657,-0.005041140068787218,-0.031135214139688328,-0.0190008316331909,-0.9174755039441456,0.02609407407090106,-0.4665439261286908,-0.01739818917261601
2023-06-21,0.012558230083874068,0.019747745810984336,-0.02195326880267216,-0.01739818917261601,-0.013692505635858157,0.04170101461365656,-0.44229229313737467,0.00020935980264746008
2023-06-22,-0.0070618533232033355,0.007344972869943061,-0.009384649565628888,0.00020935980264746008,-0.3785611891612057,0.01672962243557198,-0.766783002616715,0.014839750116635646
2023-06-23,-0.00974195656888076,0.020209827080796307,-0.011074919559513039,0.014839750116635646,0.2186351530620113,0.03128474664030926,-0.5073779826891753,-0.010806637625878482
2023-06-26,-0.0035340295648380884,0.005021211581070578,-0.011766456539966745,-0.010806637625878482,-0.34638396507319535,0.016787668121037415,-0.7032427591192749,0.02014969235318267
2023-06-27,0.00102133437271395,0.023271918435831686,0.0009171877142875369,0.02014969235318267,-0.16340088247722453,0.02235473072154406,-0.4842375799882043,-0.014078644530293007
2023-06-28,-0.014970347831805099,0.000980594942244838,-0.01831615738710805,-0.014078644530293007,0.182061464273864,0.019296752329352906,-0.1733837607615986,0.0027737470966867606
2023-06-29,0.004219695076639897,0.007022923478671862,-0.0058833814724905,0.0027737470966867606,-0.5275424682481815,0.012906304951162606,-0.5892259794076736,0.010732454948208554
2023-06-30,-0.0021313782399207237,0.018514134818367372,-0.00217278650924646,0.010732454948208554,0.48561277511005746,0.020686921327613704,0.00036821349046364793,-0.007760250092559159
2023-07-03,-0.005331218050270391,-0.004879068601405979,-0.01888931202824722,-0.007760250092559159,-0.730857699617998,0.014010243426841281,-0.6367506967586795,0.004216112259843907
2023-07-05,-0.00873530973876972,0.008618822161560614,-0.011358300763922854,0.004216112259843907,0.38445450804580816,0.019977122925483374,-0.1254773562752075,-0.01232786477899227
2023-07-06,-0.01503263155818215,-0.009816960785251749,-0.02548307752965121,-0.01232786477899227,-0.04153571948096472,0.015666116744399456,-0.12575934825102236,0.008235397642958482
2023-07-07,0.0014326254226335558,0.018792177419424565,-0.0029756526195070026,0.008235397642958482,0.10135421469187485,0.021767830038931502,0.07510367034349599,0.02257592090427011
2023-07-10,0.0,0.028301427080146668,-0.00032977527934680944,0.02257592090427011,0.36601612517572085,0.02863120235949359,0.40294784716604676,0.01676209052831557
2023-07-11,0.0018719099519390698,0.01931461832267668,-0.009290522875256432,0.01676209052831557,-0.1650170378922661,0.02860514119793314,0.21533795843955017,0.005177356057311554
2023-07-12,0.009209774619110114,0.011915137700833267,-0.009415308107790638,0.005177356057311554,0.06298503902355344,0.021330445808623803,0.16683009514469896,0.019363588695361623
2023-07-13,0.004444558456211989,0.023472718405570955,0.004209070744623586,0.019363588695361623,0.007240684609341902,0.01926364766094722,0.11075313690705177,-0.0047475883360763825
2023-07-14,0.00011597988711755346,0.012506428072286352,-0.00895204062157003,-0.0047475883360763825,-0.28042832393319905,0.021458468693856293,-0.23686158969187004,0.013830805605197533
2023-07-17,-0.003560937106671565,0.015151776496331839,-0.004770235493205282,0.013830805605197533,0.1383813566629754,0.019922011989537237,-0.09701996340798279,0.019408102161016887
2023-07-18,-0.00453129556551906,0.02484212927466099,-0.008889964252775785,0.019408102161016887,0.4364047464833643,0.03373209352743679,0.38910603913822245,-0.009552645293170986
2023-07-19,0.004218585031038323,0.012639880865341551,-0.011660420011118357,-0.009552645293170986,-0.1904806219926686,0.024300300876460033,0.11229446031155149,-0.019712296053870374
2023-07-20,-0.009797931133833204,0.0021601832585097973,-0.025124645107948294,-0.019712296053870374,-0.03571539553159064,0.027284828366458028,0.05331870550799177,0.006460235238462223
2023-07-21,0.009377797260695942,0.024481185674251983,0.00463254444685915,0.006460235238462223,0.9086957197335045,0.019848641227392858,0.9482103036012284,0.006953461153189967
2023-07-24,-0.0004421723596035378,0.008822521471305281,-0.010375993339294683,0.006953461153189967,-1.2762163036255327,0.019198514810599844,-0.6423729658534685,0.002821278056422248
2023-07-25,-0.008511673534312045,0.005748382807196613,-0.011403687907405384,0.002821278056422248,0.08948196409915157,0.017152070714602022,-0.5348050501694455,-0.020753014586291273
2023-07-26,-0.009275066332461532,-0.008103808080533364,-0.0287726194959686,-0.020753014586291273,0.16607031981568013,0.02066881141543516,-0.2888018071197769,-0.0011278675664744017
2023-07-27,0.016594584729368193,0.025614209518685458,-0.006453580396724869,-0.0011278675664744017,-0.1640094215855858,0.032067789915410476,-0.42867711575804146,0.02857780474130013
2023-07-28,0.0028366485401426157,0.03131577075215469,0.0012833643514379642,0.02857780474130013,0.12605559326388563,0.030032406400716707,-0.2603364776218814,0.032187605571692444
2023-07-31,0.02428346552767139,0.044506855222136384,0.02428346552767139,0.032187605571692444,0.36794922797087604,0.020223389694465053,0.4503642610261329,0.005350278517949409
2023-08-01,-0.0007142334823007886,0.010654061581295168,-0.00827332293225597,0.005350278517949409,-0.579593315988186,0.018927384513551092,-0.25943731412795595,-0.03483766869888622
2023-08-02,-0.017971429476522388,-0.0167299270393596,-0.04202919824883522,-0.03483766869888622,0.2673582011521262,0.02529927120947556,0.021453669759332057,-0.012409278345914801
2023-08-03,-0.013861397059056401,0.0011496036433785383,-0.015353962190890748,-0.012409278345914801,-0.3078779106702858,0.016503565834269252,-0.2900148350876903,0.0059392451173987774
2023-08-04,0.005673466848363267,0.022410050535575737,-0.0031361456093725675,0.0059392451173987774,0.12031883161075775,0.025546196144948147,-0.14937720680404715,0.005394578012673801
2023-08-07,0.005904178650704277,0.010760325234574299,-0.006397556613583575,0.005394578012673801,-0.3260753775177141,0.017157881848157863,-0.45087780931741517,-0.017385460243682434
2023-08-08,-0.010894824375706484,-0.009769430909136968,-0.02771518613756855,-0.017385460243682434,0.39023571598347334,0.017945755228431476,0.11798487621445335,-0.013186730376082794
2023-08-09,-9.602419394982383e-05,0.0007104566218880731,-0.02149321587471807,-0.013186730376082794,-0.353671196504345,0.02220367249660611,-0.26541350452068474,0.003982071676616434
2023-08-10,0.014012462609902724,0.018206754430287735,-0.0015583953064629268,0.003982071676616434,0.03091956359373648,0.019765149736750566,-0.13603522287394684,-0.014410380719520012
2023-08-11,-0.009740459415614253,-0.0018045324977401674,-0.018509669238818072,-0.014410380719520012,0.015082612456284296,0.01670513674107793,-0.09472611165899993,0.02677949419120707
2023-08-14,-0.0032899242850560795,0.027353743434540407,-0.006749075211067569,0.02677949419120707,0.061227726912068466,0.03410281864560808,0.01796305360200591,-0.006820695545426112
2023-08-15,-0.007495757767125959,-0.0004022292273350673,-0.011923367376089374,-0.006820695545426112,-0.11786221053240956,0.011521138148754285,-0.12680625867038092,-0.008149605133175692
2023-08-16,-0.0017173299993047217,0.008542571603229372,-0.008771788056389314,-0.008149605133175692,-0.1685701356414996,0.017314359659618788,-0.2147806447126069,-0.005496187525167631
2023-08-17,0.020222162833550328,0.021155042298305067,-0.007667942009960532,-0.005496187525167631,0.46582635757373814,0.028822984308265645,0.28322369234576067,-0.006942582271466682
2023-08-18,-0.013814804642589272,-0.003171176037387017,-0.015302088658906785,-0.006942582271466682,-0.137600016830317,0.012130912621519744,0.08744900539062418,0.023994863255638134
2023-08-21,0.0042418783458106875,0.02880585510842417,0.0042418783458106875,0.023994863255638134,0.126338867134922,0.024563976762613522,0.1926452225752277,-0.0019039195728823841
2023-08-22,0.017616316535343624,0.018144813329090285,-0.004081550547528095,-0.0019039195728823841,-0.48473082496101455,0.022226363876618315,-0.3289260441257483,0.021387500452001797
2023-08-23,0.006236767362588162,0.029905653825597154,-0.0004620884269374544,0.021387500452001797,0.4463646656517581,0.030367742252534583,0.1495966138638105,-0.03505167207122854
2023-08-24,0.015499796812800516,0.01674203587929635,-0.03774836520728957,-0.03505167207122854,0.2330476999241879,0.05449040108658579,0.3065376871169359,0.024348435101060367
2023-08-25,0.00484741357714656,0.030746230321539836,0.003973085565455286,0.024348435101060367,-0.24536164179599623,0.02677314475608445,0.01664338952871339,0.009213482380955098
2023-08-28,0.0012181939199009339,0.01596529588704922,-0.002059058747133201,0.009213482380955098,-0.31528002638794383,0.01802435463418231,-0.31334599949795167,0.019898132448915168
2023-08-29,-0.00419805596284076,0.02248457579099035,-0.0071396299188282875,0.019898132448915168,0.2521124260743505,0.029624205709818476,0.005552998998510789,0.008821948238506181
2023-08-30,-0.0008698895599102882,0.009994823789006292,-0.008322044437643174,0.008821948238506181,-0.11566829130252948,0.018316868226649647,-0.17057066272986768,0.02531146505751851
2023-08-31,0.003002702227576171,0.030233626379959348,0.0025638669509457966,0.02531146505751851,0.7082376351763314,0.027669759429013528,0.5738349960252132,0.006895034129352877
2023-09-01,0.009714099314092974,0.01884367297523196,-0.0014671022082782103,0.006895034129352877,-0.5620746040254514,0.02031077518351018,-0.07237999384187338,0.002960728470796883
2023-09-05,-0.009508705138340498,0.007746775023444951,-0.01392804584332848,0.002960728470796883,0.05044919802984998,0.02167482086677335,-0.015732929347750915,-0.005218240879037046
2023-09-06,-0.007873273604201482,-0.0014527033618327591,-0.016114898094484083,-0.005218240879037046,-0.021422016703395056,0.01466219473265131,-0.09142500332215585,-0.002637172655542318
2023-09-07,-0.014230400225752378,-0.00019574352403445896,-0.019515066785090577,-0.002637172655542318,-0.09598870030775693,0.01931932326105618,-0.19790575328457535,-0.00017850613070011836
2023-09-08,0.014946800353613055,0.01729939339943107,-0.004345137439988538,-0.00017850613070011836,0.07937243427265807,0.02164453083941945,-0.1309507003373195,0.007360975402922945
2023-09-11,0.0029224417068972604,0.009007082492401348,-0.0065528910698462155,0.007360975402922945,-0.08229620274172965,0.015559973562247576,-0.07565171896794588,-0.0402869627921475
2023-09-12,-0.015837769699011864,-0.009629873570857171,-0.04368630251446289,-0.0402869627921475,0.6426190792694554,0.03405642894360577,0.5804804739801611,0.020716722149786846
2023-09-13,0.026947760191636812,0.03201542630041481,0.0077527773796570625,0.020716722149786846,-0.13380190318780616,0.024262648920757822,0.31092915677139477,-0.002532332234777806
2023-09-14,-0.004471959018379362,0.0029402589530763785,-0.016796041986737044,-0.002532332234777806,0.32311266924815313,0.019736300939813413,0.5462273626156039,-0.04305731228863567
2023-09-15,-0.03698760335593883,-0.02655562026041657,-0.05307158963441037,-0.04305731228863567,0.7138939333860357,0.0265159693739939,1.0823032226419587,0.006652121033058163
2023-09-18,-0.00885001636437889,0.00957785007459852,-0.0127681564206992,0.006652121033058163,-1.3049531976082278,0.022346006495297603,-0.5967544366491491,0.017261267141037675
2023-09-19,-0.0020117275855311228,0.018571162180361072,-0.0055561685768734945,0.017261267141037675,-0.10528925819410082,0.02412733075723471,-0.725341908569478,-0.010970202864378005
2023-09-20,0.0,0.013131249053073314,-0.011063620243040336,-0.010970202864378005,0.09592727801489613,0.024194869296113572,-0.5633342494077866,-0.04173389906839814
2023-09-21,-0.030895410089465527,-0.017871333874550987,-0.04266836774293537,-0.04173389906839814,0.3812077904560185,0.024797033868384537,-0.14506080759111242,-0.0019088426699968755
2023-09-22,-0.001538463944894872,0.008275038082713617,-0.009875838502836803,-0.0019088426699968755,-0.3526403178609531,0.018150876585550417,-0.4543756887071246,-0.002537860360328453
2023-09-25,-0.002831089224752494,0.0026285865378009744,-0.011136105066366845,-0.002537860360328453,-0.19674730318371692,0.01376469160416792,-0.2471697844167211,-0.010413726769346756
2023-09-26,-0.0028578550690227388,-0.0028578550690227388,-0.01892302236984107,-0.010413726769346756,0.06788389906604991,0.016065167300818365,-0.1484693603789008,-0.007334717612215481
2023-09-27,0.0023870795319513236,0.005809700241324984,-0.015124617835808986,-0.007334717612215481,0.3321146161068082,0.02093431807713399,0.18440036728795084,0.004110139680870925
2023-09-28,-0.005186538831183012,0.012024483500691378,-0.006687664957450208,0.004110139680870925,-0.1966485801569051,0.01871214845814155,-0.06081145557299421,0.010309839156839395
2023-09-29,0.0015245649497887233,0.027189563013432217,0.0015245649497887233,0.010309839156839395,0.02766523444517812,0.025664998063643772,0.04786043878964445,0.021784924060519566
2023-10-02,-0.003260858347401085,0.02423805270064178,-0.003260858347401085,0.021784924060519566,-0.14804815422619447,0.027498911048042873,-0.10723062988870279,-0.02742936912091436
2023-10-03,-0.006951330675788076,-0.0012288833393773785,-0.03233262143496512,-0.02742936912091436,-0.1850538783496439,0.031103738095587852,-0.30648771631088995,0.022215520544841234
2023-10-04,0.009617711604886378,0.024797014330304876,0.005840554687681052,0.022215520544841234,0.01146044840749193,0.018956459642623713,-0.2673756679259894,-0.003826571541637381
2023-10-05,0.002735432006285056,0.008049768392282426,-0.017866292558948747,-0.003826571541637381,-0.10847858761601906,0.025916060951231112,-0.27387763945206034,0.01963401954785613
2023-10-06,-0.006254573974867354,0.028386530408759273,-0.013490035532897664,0.01963401954785613,0.32857883875320065,0.0418765659416569,0.13304858950779166,0.0049433047128783865
2023-10-09,-0.008925551699111764,0.006283866964416981,-0.015171068036842417,0.0049433047128783865,-0.38821771938939265,0.021454935001259466,-0.2304491609091251,0.006459458512851797
2023-10-10,0.003056020472729059,0.014461650214235849,0.0020950406065524422,0.006459458512851797,0.19905653296271394,0.01236660960768331,0.035497584215710476,0.031758676829391444
2023-10-11,0.01095876060591139,0.034355824642817855,0.006343433764811094,0.031758676829391444,0.4585980217117333,0.02801239087800674,0.48552973590100756,0.017521280163806364
2023-10-12,0.006868466238339945,0.04357148060073204,0.004210011157476024,0.017521280163806364,0.3350675143631026,0.03936146944325586,0.7020971468926879,-0.019614654546911334
2023-10-13,0.0006609239285163275,0.0058083933903377,-0.02284535693484444,-0.019614654546911334,-0.4900651135719173,0.02865375032518209,-0.00697975055416981,0.0036016054734626613
2023-10-16,0.008022227353131612,0.01233342167150748,-0.005610151842551401,0.0036016054734626613,-0.2620077651458292,0.017943573514059043,-0.2902364985511051,0.016834722323009026
2023-10-17,-0.009725054556027336,0.01810150322597594,-0.013527486304521079,0.016834722323009026,0.07748085523785266,0.03162898953049695,-0.24425484247516827,-0.003971581474791807
2023-10-18,-0.010066830664954866,0.014340723986051268,-0.010499744736072278,-0.003971581474791807,0.10440476675586584,0.024840468722123518,-0.15728321605865775,-0.0038254101675252567
2023-10-19,0.0038108321537477386,0.016409660393815726,-0.007918454370750663,-0.0038254101675252567,0.07186246734619177,0.024328114764566398,-0.039065995249578274,-0.026955161830452327
2023-10-20,0.0,0.00043174584324717655,-0.03625964549395702,-0.026955161830452327,-0.02892681603310851,0.03669139133720414,0.0646733682768175,-0.001017318546006453
2023-10-23,-0.009565763517125354,0.012984703856189326,-0.018583358335530775,-0.001017318546006453,-0.22808391894161797,0.03156806219172001,-0.1552941454408783,-0.0015740729547937373
2023-10-24,0.00779699180912406,0.010290914713441908,-0.015459042391907417,-0.0015740729547937373,0.08193160301947185,0.025749957105349195,-0.07280280193716203,-0.03473524030048041
2023-10-25,-0.011182463379518073,-0.009497055595667341,-0.04149327732203832,-0.03473524030048041,0.06878081389131395,0.031996221726370906,-0.004242768189147959,-0.013250826593363744
2023-10-26,0.016858258769978474,0.018724422505350252,-0.018319332444660563,-0.013250826593363744,0.1300067799173088,0.03704375495001097,0.13276592728402076,-0.01205029063713099
2023-10-27,0.006241603956698914,0.010791595196648185,-0.014414694480099325,-0.01205029063713099,0.03715692782527946,0.025206289676747606,0.16458587722672055,0.036369064154805106
2023-10-30,0.015602262128783663,0.04357347003767113,0.00807561560030257,0.036369064154805106,-0.06172006014839321,0.03549785443736873,0.08281948797843067,0.009669565648033805
2023-10-31,0.006997158122027479,0.01075910662778746,-0.007868590029616023,0.009669565648033805,-0.31311955606956954,0.018627696657403558,-0.27823103222246415,0.02311168202448201
2023-11-01,0.00551048654747355,0.02452486030172995,0.0036395786116618,0.02311168202448201,0.2535208960709725,0.020885281690068216,-0.0018889314267821493,0.02576265195278262
2023-11-02,0.010850020459437986,0.026925304466247416,0.010050335853501506,0.02576265195278262,-0.0036747337394967524,0.01687496861274593,-0.014468978870377172,0.008820590868815176
2023-11-03,0.002306189403397148,0.014781669722415338,-0.0018811848085886372,0.008820590868815176,-0.24304770949697893,0.016662854531003985,-0.23925275397646587,0.0031707107108937486
2023-11-06,0.004142893008569885,0.007458952199077674,-0.009787640332008008,0.0031707107108937486,0.2272101878452249,0.0172465925310857,0.06057835158283893,0.03433179410005103
2023-11-07,0.005924559008864266,0.04080428774608008,0.005924559008864266,0.03433179410005103,0.43172332362026994,0.034879728737215655,0.509949605338612,0.0001879272299572471
2023-11-08,0.006472493646029023,0.01773310375088382,-0.007082445878590308,0.0001879272299572471,-0.26002325676551746,0.024815549629474184,0.09987631752293627,-0.013017693658415864
2023-11-09,0.003751666536592022,0.008048676737067337,-0.015443806310675493,-0.013017693658415864,-0.27597294168648834,0.023492483047742707,-0.20681999726161315,0.033161582089973614
2023-11-10,0.004748634060542444,0.034700941175549886,-0.002998884966883357,0.033161582089973614,0.2705999985600315,0.03769982614243313,0.08475388909951087,-0.011586818069816401
2023-11-13,-0.012196900751889091,-0.004968555200733361,-0.023481039287233975,-0.011586818069816401,-0.20096822596122205,0.018512484086500653,-0.18464079520979826,0.02342174703346456
2023-11-14,0.018827589407697645,0.03882385207451925,0.014629649572134107,0.02342174703346456,0.14116158341453927,0.024194202502385184,-0.037600894981911236,-0.015038160460550851
2023-11-15,0.0011080234001207329,0.0023138753555195,-0.020968629537063202,-0.015038160460550851,0.06832480316194493,0.023282504892582562,0.10763287151191066,0.011274829891146854
2023-11-16,0.0002351685443489867,0.016592397567319915,-0.005339156020067371,0.011274829891146854,-0.41466917340957005,0.021931553587387215,-0.3077354841712386,0.0009960416530495207
2023-11-17,1.6625722446339583e-05,0.004953975007500563,-0.008406457677769198,0.0009960416530495207,-0.03587403566497928,0.013360432685269884,-0.32203564285584413,0.016522293940583663
2023-11-20,0.004387573747014337,0.018967482167040056,0.0030485243404810426,0.016522293940583663,0.19565200376728717,0.01591895782655893,-0.04239042010708104,-0.002794863212681843
2023-11-21,-0.0033842205634474942,0.004673240077086844,-0.009297178160361332,-0.002794863212681843,-0.2278121036475538,0.013970418237448138,-0.26125794907094774,0.014187139411447818
2023-11-22,0.009188599653294443,0.02167858875675144,0.004930654121866945,0.014187139411447818,0.07972789577104668,0.016747934634884595,-0.09915158817875562,-0.0004680273432705971
2023-11-24,-0.005598747601349341,-0.00045186783393598326,-0.00992450558890782,-0.0004680273432705971,-0.7838468078724674,0.009472637754971938,-0.7888141055025804,-0.00025829198973784047
2023-11-27,-0.0010175895384758572,0.010279107521344491,-0.007876840323386154,-0.00025829198973784047,0.6765683741833827,0.018155947844730545,-0.0003989713063161212,0.006518645807040971
2023-11-28,-0.00857907400487861,0.010169753685357056,-0.011384351674465033,0.006518645807040971,0.2166080046684833,0.021554105359822162,0.22858627478427485,-0.009559103619441905
2023-11-29,0.004194481433783121,0.008435043196929382,-0.010563827726806457,-0.009559103619441905,0.11964850549304289,0.01899887092373566,0.3582172021099436,-0.01038759707577362
2023-11-30,0.004218539330830523,0.006602760088496402,-0.020156772786395865,-0.01038759707577362,0.42250207620781016,0.02675953287489225,0.7074652919817856,0.0023865721609962038
2023-12-01,-0.002901078914422001,0.006834096401279459,-0.012897694129824479,0.0023865721609962038,-0.46383628644148545,0.019731790531103993,0.06610891638167765,-0.012998997119384006
2023-12-04,-0.01242027155499166,-0.0068482079809499335,-0.0269069229413332,-0.012998997119384006,0.0202709643736192,0.02005871496038319,-0.03830472300615282,-0.0038781382685094067
2023-12-05,-0.01296910441632196,-0.0030150065788393555,-0.022397321485181504,-0.0038781382685094067,0.01414307056223529,0.0193823149063422,-0.0748913095989144,-0.010885573279083504
2023-12-06,0.00965077888701645,0.010423482511561343,-0.012918899701030696,-0.010885573279083504,-0.21433734555027495,0.02334238221259195,-0.3088183949589893,0.02171979749404217
2023-12-07,0.0053907996085305505,0.02245862753441178,0.0012916926515270215,0.02171979749404217,0.22494926477332913,0.021166934882884757,-0.0468214651067083,0.0020183638639730698
2023-12-08,-0.006228544589752943,0.0023789006555358354,-0.012363044876138056,0.0020183638639730698,-0.041338723016530445,0.014741945531673926,0.01639156157453494,0.0245962515877557
2023-12-11,0.011199156955473683,0.028778146361354062,0.007073198044553546,0.0245962515877557,0.26880272964257407,0.021704948316800296,0.28444631762147626,0.013440872532602092
2023-12-12,0.0010550624383167666,0.013803842843275824,-0.0035250992848701724,0.013440872532602092,-0.09678194047596064,0.017328942128146122,0.1300987878023364,-0.01494552670675969
2023-12-13,-0.005142131842914011,-0.0019113052101949084,-0.02497544323247671,-0.01494552670675969,0.7345012171577475,0.023064138022281726,0.8350269007272253,-0.06557066565304123
2023-12-14,-0.05137256490044027,-0.051102832066550925,-0.07647421984246856,-0.06557066565304123,0.6034630612137692,0.02537138777591757,1.1715145887045688,6.837824908305842e-05
2023-12-15,-0.0069342887043072916,0.011935801937131221,-0.011076447550753,6.837824908305842e-05,-0.2666907738124812,0.023012249487884173,0.5015036440242401,0.02441393460446207
2023-12-18,0.011630851712862097,0.031068093815907815,0.0033125659277893175,0.02441393460446207,-0.4634825045649417,0.027755527888118622,-0.17304041993113256,0.009154652729218228
2023-12-19,0.0014510441174766244,0.022413165562418694,-0.0017540582569607723,0.009154652729218228,-0.27270551911686153,0.024167223819379472,-0.5108844073033406,-0.014291934784504575
2023-12-20,-0.006520938287645631,0.009939814567307682,-0.01595420583514374,-0.014291934784504575,-0.47266213379931565,0.0258940204024514,-1.0171406455659995,0.006821656696475058
2023-12-21,0.011575867683802251,0.018846263762637976,-0.0020824779615317124,0.006821656696475058,0.21028341383427818,0.02092874172416962,-0.700754105250161,-0.002318837014733262
2023-12-22,0.0010990943921051254,0.002861850044977482,-0.006922318674508427,-0.002318837014733262,-0.653719291906594,0.009784168719485925,-1.063488994819182,-0.0008186903329890646
2023-12-26,0.00028385600995794216,0.004898217842793271,-0.003764907187154157,-0.0008186903329890646,-0.04024255264952778,0.008663125029947333,-0.7593886893836699,-0.0036505434762781706
2023-12-27,0.0005680962411921514,0.0025540989257988055,-0.0076344367246201,-0.0036505434762781706,-0.134113702080213,0.01018853565041886,-0.6369329384270531,-0.000939908665005022
2023-12-28,0.0022789495239458686,0.004953422253532663,-0.004118677030839032,-0.000939908665005022,0.19933376635176708,0.009072099284371764,-0.2031589739526708,0.0018118249077989862
2023-12-29,0.0009567011782476492,0.008743868365725624,-0.0043417886932025996,0.0018118249077989862,0.10648170059173301,0.013085657058928096,-0.00804611109005191,-0.028098032618985528
2024-01-02,-0.011955131231026732,-0.010378805354962736,-0.03382057878833636,-0.028098032618985528,0.4052362771692231,0.0234417734333736,0.5434507612637344,-0.01437704586461535
2024-01-03,-0.00950942967919338,-0.004786757617818071,-0.017179155639208514,-0.01437704586461535,-0.13642268902182486,0.012392398021390428,0.2733436072191481,-0.008324290940969054
2024-01-04,-0.0014000734102190533,0.001956836764834913,-0.00901232346650265,-0.008324290940969054,-0.16928343699948517,0.010969160231337398,0.014530758649521485,-0.004329989156037355
2024-01-05,-0.006280128254250915,0.0043464733557655654,-0.0065640605637064045,-0.004329989156037355,-0.0841778808487142,0.010910533919471863,-0.13508488582802977,0.027858436468303802
2024-01-08,0.005775038109724369,0.029510712930929814,0.005775038109724369,0.027858436468303802,0.3862862462963948,0.023735674821205456,0.23135740485144887,0.009685140054447514
2024-01-09,-0.0038312394885374143,0.013091137826744434,-0.005648440862292831,0.009685140054447514,-0.3843642177054267,0.01873957868903717,-0.23308925768676486,0.008205778007487704
2024-01-10,-0.0013144416563387845,0.012628912136351821,-0.0013144416563387845,0.008205778007487704,0.10288196784608082,0.013943353792690573,-0.05215353204028351,0.010870703811237246
2024-01-11,0.0016398077757218937,0.011456377434579586,-0.011075796087663767,0.010870703811237246,0.08784603972125377,0.022532173522243217,0.06659111659325981,-0.0015912706259427133
2024-01-12,0.0015052088509152188,0.0031582648527664755,-0.007509372742486297,-0.0015912706259427133,-0.45662749796781116,0.010667637595252714,-0.41177331211713125,0.0019092211195523956
2024-01-16,-0.006238551477195528,0.002043091643877913,-0.013841202567561169,0.0019092211195523956,0.36427631195294025,0.015884294211439182,-0.0066473460941195075,-0.002647084143571006
2024-01-17,-0.009565755059953529,-0.0015572161941912526,-0.025829301378739854,-0.002647084143571006,0.19671197404736734,0.024272085184548584,0.2581041402448142,-0.004034235431988292
2024-01-18,-0.015553908106937384,0.0013244690809794464,-0.020147852425995268,-0.004034235431988292,0.07632979711359578,0.021472321506974645,0.2703737751773833,0.029622536134993854
2024-01-19,0.00018523692595857986,0.030472505185241954,-0.007727281178351723,0.029622536134993854,0.29711446612967746,0.03819978636359387,0.5075951179273354,-0.013101493986300552
2024-01-22,0.005625569833952635,0.015270005033008724,-0.013830735483576715,-0.013101493986300552,0.1769616154275717,0.029100740516585465,0.5656981966429965,-0.010676640764912983
2024-01-23,-0.0022889458109943547,0.0012086670976506377,-0.02050401047664374,-0.010676640764912983,-0.49948935037880315,0.02171267757429448,-0.14587186160135118,0.015453156322418843
2024-01-24,0.007557074961732907,0.03256943990928561,0.0004688095134435267,0.015453156322418843,0.09636108192528002,0.03210063039584198,-0.08672512951144694,0.026200442044129045
2024-01-25,0.014633214234204089,0.03337050639727926,0.00945262700724627,0.026200442044129045,0.23835241633391793,0.023917879390033047,0.12682356821634008,-0.01399125838470726
2024-01-26,-0.003024268501737144,-0.00012853324903722632,-0.015507225651688451,-0.01399125838470726,-0.5768540532430816,0.015378692402651387,-0.5086790610932433,0.02620389793153844
2024-01-29,0.002895205944914649,0.03571066466153993,0.002895205944914649,0.02620389793153844,0.4071787977889515,0.03281545871662531,-0.005804675546509031,-0.003608295972079938
2024-01-30,-0.0003649817491526086,0.00038072538521303774,-0.014930844954020571,-0.003608295972079938,-0.4701157082490969,0.015311570339233483,-0.39365239516528916,-0.01634405071558236
2024-01-31,-0.012757027123513764,-0.0032379731025966216,-0.025466511362478027,-0.01634405071558236,0.28403889936420507,0.022228538259881348,-0.060287523033593186,0.01626434687944307
2024-02-01,0.0019728182375275353,0.01768076725471043,0.0016173904551522928,0.01626434687944307,-0.4575718504937214,0.016063376799558233,-0.4941237541882281,0.010850188752881464
2024-02-02,-0.004981243218824861,0.01633325479508151,-0.01751155426969722,0.010850188752881464,0.4099584348120701,0.03384480906477883,0.0821068679437986,-0.006733834674418924
2024-02-05,-0.002729129412929568,-0.00026782669282434963,-0.01623164650610579,-0.006733834674418924,-0.17658063471618368,0.01596381981328148,-0.1284698055793878,-0.03775372430829917
2024-02-06,-0.007833908675966955,-0.0064281948005844615,-0.04183032899712701,-0.03775372430829917,0.47768100828179666,0.035402134196542444,0.44265958839716,0.014243956647945756
2024-02-07,0.010013252041923545,0.0216372094067745,0.004945437494386548,0.014243956647945756,-0.395475015033078,0.01669177191238774,-0.07456351956229458,1.6253445929076832e-05
2024-02-08,0.0,0.008875091610834156,-0.005438102984785805,1.6253445929076832e-05,-0.24242012631816723,0.014313194595620119,-0.28825469032209244,0.01826180662847183
2024-02-09,0.0002273223429698281,0.019631995695512328,-9.742552319536953e-05,0.01826180662847183,0.14136262988786705,0.019729421218707688,-0.15741315636343656,-0.024810593503080756
2024-02-12,-0.001931076718923253,-0.0013721665071284325,-0.02523564746688733,-0.024810593503080756,0.10252586205798075,0.023863480959758796,-0.017310041486952706,-0.016396125618322304
2024-02-13,-0.02505635933033625,-0.0056547065434027245,-0.0363483174161759,-0.016396125618322304,0.2533071860347633,0.030693610872773096,0.2203419722356061,0.004591543476084117
2024-02-14,0.0065576616827056665,0.013925093798407236,0.0010129366671915354,0.004591543476084117,-0.614269872012765,0.012912157131215797,-0.3555362858832931,-0.023798246370013702
2024-02-15,0.002213713895611603,0.004389574900184478,-0.024933608669354963,-0.023798246370013702,0.8228091064752736,0.029323183569539425,0.529822571467029,-0.07704103797632475
2024-02-16,-0.0009149534078787165,-0.0005082040947377365,-0.07757163282288333,-0.07704103797632475,1.0326914017236881,0.07706342872814557,1.403812623847266,-0.008727101393403637
2024-02-20,-0.02812379004536174,-0.0014278075126054322,-0.03471174641136004,-0.008727101393403637,-0.4527489135055564,0.03328393889875465,0.4507230108475059,-0.0062752140545435505
2024-02-21,-0.003975272022258963,0.0012172364138948154,-0.023412275396419192,-0.0062752140545435505,-0.3810532923586677,0.02462951181031398,-0.11526670970985481,-0.0017656746743041193
2024-02-22,0.028231709660896543,0.031133919677724296,-0.007380698338103067,-0.0017656746743041193,0.1130118186852948,0.038514618015827506,-0.06018563829281809,0.029094351895075077
2024-02-23,0.010952291454491144,0.03582933665669728,0.007247097542349261,0.029094351895075077,-0.0997492890985324,0.028582239114348033,-0.28017790599097625,0.012640175001624947
2024-02-26,0.005621627628597341,0.030535046392560487,0.005621627628597341,0.012640175001624947,-0.06715641016041843,0.02491341876396305,-0.3758145628551971,-0.014358208596874733
2024-02-27,0.009641482901765624,0.009641482901765624,-0.021533361439867765,-0.014358208596874733,-0.2692850340172576,0.031174844341633253,-0.42652116883318447,-0.0012133965894368397
2024-02-28,-0.000887269727842998,0.008488947808521144,-0.004953478885669469,-0.0012133965894368397,-0.3392844147042282,0.01344242669419063,-0.6225519662507002,0.015214791645046495
2024-02-29,0.005548002887689178,0.018173167557534745,0.0025518735356027606,0.015214791645046495,0.5079856966650661,0.015621294021932155,-0.008284184471684063,0.018829886307921997
2024-03-01,0.0014802275664795347,0.0222570407177766,0.0006957556086628627,0.018829886307921997,-0.2586955265070732,0.02156128510911383,-0.20422099215469647,-0.0052508137310739965
2024-03-04,0.0033572623525684187,0.009274996942388352,-0.012035099902211579,-0.0052508137310739965,-0.1493219986659293,0.021310096844599946,-0.2628395796735903,-0.04152356076769609
2024-03-05,-0.009446930976703452,-0.006624705110571561,-0.05165111808167215,-0.04152356076769609,0.5169405150627153,0.04502641297110062,0.3616259287125198,-0.003217121364349611
2024-03-06,0.005783064078315809,0.01058904182297577,-0.012354845792743898,-0.003217121364349611,-0.28933190395178626,0.022943887615719572,0.005003461632778843,0.023565093087217905
2024-03-07,0.01264317672116662,0.02776464142707583,-0.0027657943023296047,0.023565093087217905,-0.18769455485063188,0.0305304357294055,-0.23731812778409658,-0.007853895846137972
2024-03-08,-0.005482193070233313,0.007881999266693867,-0.009995055551319196,-0.007853895846137972,0.06289273984304349,0.017877054818013004,-0.10164332320134753,0.015700173378603202
2024-03-11,0.001376654908927468,0.01974256041466435,-0.001215157165978172,0.015700173378603202,0.008645283155402094,0.0209577175806426,-0.08435838696732847,0.032857797713748006
2024-03-12,0.014490684154716863,0.033979458989508236,0.003882380535659235,0.032857797713748006,0.19387192177543097,0.03009707845384918,0.09031231294144938,-0.009699174394795226
2024-03-13,-0.00013817490783576844,0.010665647378412845,-0.009943323543678472,-0.009699174394795226,-0.0009228285347493232,0.02060897092209148,0.14235763371622537,-0.005419551002657435
2024-03-14,0.007728773228391486,0.010389552061312948,-0.008386525745784627,-0.005419551002657435,0.5333230994342328,0.018776077807097794,0.6587790338529778,-0.14701232275318382
2024-03-15,-0.13253767602563649,-0.12557694872480996,-0.16227665350384538,-0.14701232275318382,1.198225203558437,0.03669970477903532,1.664364337218572,0.04253760461908416
2024-03-18,0.006255010531273669,0.046170113162290534,0.006255010531273669,0.04253760461908416,-1.0211389720561352,0.03991510263101675,-0.0005216498997028789,0.014163836950981291
2024-03-19,-0.007755781398374363,0.017018581800900268,-0.009522475501401579,0.014163836950981291,0.004117590450992306,0.026541057302301888,-0.10874713246713572,-0.0039410387331389
2024-03-20,0.0040210984504981265,0.005128889359309065,-0.016813952245646798,-0.0039410387331389,-0.5130591875099785,0.021942841604955958,-0.7093701895813435,-0.015314917168059588
2024-03-21,-0.002970928506199183,0.0011357838545862785,-0.025241752299011485,-0.015314917168059588,0.20545812639318306,0.02637753615359766,-0.5217061761051643,-0.023211092023714745
2024-03-22,-0.004273161316717942,0.0006648084776314612,-0.02893285866321686,-0.023211092023714745,0.03898725437173275,0.029597667140848247,-0.4665966758182589,0.015316955964974175
2024-03-25,-0.00548019654082257,0.021997651717024443,-0.005681521384296835,0.015316955964974175,-0.23566247669110713,0.027679173101321355,-0.30440951726464255,0.0007291765662240621
2024-03-26,0.0016349747366164635,0.01090179048878536,-0.0072021336266264325,0.0007291765662240621,-0.41889365771644,0.018103924115411812,-0.6226729985921384,-0.006324155874277041
2024-03-27,0.015385301137517416,0.018078268594919063,-0.015685805085616088,-0.006324155874277041,0.4074654993840392,0.033764073680535335,-0.03751011197298747,0.00039645631248956255
2024-03-28,0.007348038555476275,0.009078424560304743,-0.008241609200076331,0.00039645631248956255,-0.08161664455579877,0.017320033760381066,-0.11861637806296915,-0.004986669105436409
2024-04-01,0.00077255945813799,0.0045871784000183526,-0.010538907847007712,-0.004986669105436409,-0.6394446787636534,0.015126086247025943,-0.6965121353122646,-0.00575254740829875
2024-04-02,-0.015434485399088843,-0.002672404651343553,-0.021643034140429514,-0.00575254740829875,0.4052381043940574,0.01897062948908596,-0.11363095948819897,-0.004416665521667399
2024-04-03,-0.0037127512802744202,-0.0007013658881578876,-0.009055116760927592,-0.004416665521667399,-0.16879812960640614,0.008353750872769766,-0.21081164309109876,-0.020120226072307384
2024-04-04,0.013092699782460804,0.014184302900366687,-0.020962224346673646,-0.020120226072307384,0.2675432267606351,0.03514652724704024,0.06980963942015167,-0.004093667246209796
2024-04-05,0.0035452898833746175,0.006099100040835828,-0.012040721409945198,-0.004093667246209796,0.37921740301262563,0.018139821450781038,0.502421623979841,-0.0017330236299039053
2024-04-08,-0.0007010956881263092,0.0038268040888129523,-0.016397694957474236,-0.0017330236299039053,-0.3687240659538959,0.02022449904628715,0.06463467215056523,0.016932704199469805
2024-04-09,0.003545374581609877,0.018474525406286964,-0.0020049846511886126,0.016932704199469805,-0.3001264000851919,0.020479510057475583,-0.31781618293724384,-0.010880184556666483
2024-04-10,-0.0064362059700005195,-0.0015848483439105682,-0.025226688897485455,-0.010880184556666483,-0.02367350497161213,0.02364184055357483,-0.3103992812600382,-0.0060525196428034295
2024-04-11,0.0002872706884006858,0.0029716735540586247,-0.015471498836881785,-0.0060525196428034295,0.17998083694347447,0.01844317239094057,-0.12352853395230984,-0.021266079954264275
2024-04-12,-0.013157099268718674,-0.011422050151516691,-0.032913710220187374,-0.021266079954264275,0.6352498669752211,0.02149166006867072,0.5372543280708757,-0.008451718351093797
2024-04-15,0.006161226334742424,0.009300814979109754,-0.01218127667752611,-0.008451718351093797,-0.5167545712802608,0.021482091656635997,-0.018262379241188145,0.012934483880630985
2024-04-16,-0.0002127563094215168,0.01871341480916113,-0.003430715124928596,0.012934483880630985,-0.2315513977096313,0.022144129934089627,-0.24476444729374328,-0.0037236707455851263
2024-04-17,0.002286234967035111,0.010028891549108876,-0.007440147220455621,-0.0037236707455851263,-0.26796618210546114,0.017469038769564398,-0.5193365799823607,-0.002680413843144958
2024-04-18,0.004856975949250355,0.006638205063782791,-0.005537541389991432,-0.002680413843144958,0.16077030108572143,0.012175746453774243,-0.3317143747917122,-0.017395458515814394
2024-04-19,0.007075832632250399,0.007159721392473705,-0.021554438568144065,-0.017395458515814394,0.317315626377609,0.0287141599606177,0.021608345469947353,0.004013323469909481
2024-04-22,0.011120281099241491,0.013838710283899807,-0.00590962632298597,0.004013323469909481,-0.23131953634606844,0.01974833660688572,-0.05224549612360402,0.01279022148374099
2024-04-23,0.006043059836147499,0.01682100361192027,0.0020112381022242528,0.01279022148374099,-0.1660736701938254,0.014809765509695967,-0.1621879290345261,0.008884084599181106
2024-04-24,8.459897044038198e-05,0.011918569245837079,-0.0024771254403828757,0.008884084599181106,0.05820560815996716,0.014395694686220128,-0.0683299771703565,-0.00774282753380583
2024-04-25,-0.01842403275447878,-0.00550640329246142,-0.024054604317571882,-0.00774282753380583,-0.03796572681222093,0.018548201025110365,-0.13023060247833282,0.008664607556299216
2024-04-26,-0.002389649316513733,0.019556600388919772,-0.003703198482473417,0.008664607556299216,0.0889531574906825,0.02325979887139331,-0.030391489872652843,-0.009446416797017096
2024-04-29,0.0010046275086525464,0.008590176585685685,-0.01368308288578654,-0.009446416797017096,0.18311382913329108,0.02227325947147223,0.21972266539044083,-0.02188359754391391
2024-04-30,-0.0022643989823647984,0.0049552675531306725,-0.022683336319203568,-0.02188359754391391,0.08679136429570228,0.027638603872334227,0.2773956817952367,0.01407422358130398
2024-05-01,-0.0037014848018768975,0.03174874776725983,-0.005351026743243622,0.01407422358130398,-0.2578254586211566,0.03709977451050347,-0.060421451892444376,0.015180621580213266
2024-05-02,0.010405996541284292,0.01641786148323858,-0.002324920482504991,0.015180621580213266,0.010466280177562352,0.01874278196574376,-0.06139666889170243,0.019964278450336215
2024-05-03,0.011889468225335553,0.022655125189012554,0.0020961291860604916,0.019964278450336215,0.118577506183593,0.020558996002951864,0.03753020442453557,0.015126295011474165
2024-05-06,0.00803055373325499,0.018867350921699715,0.003736495217287635,0.015126295011474165,-0.297566520021867,0.015130855704412121,-0.28699980554010146,-0.002677881509853049
2024-05-07,-0.002190420844519774,0.006401826091135787,-0.009056428632238487,-0.002677881509853049,0.17974377582615703,0.01545825472337439,-0.04464614673359058,-0.008507008739737315
2024-05-08,-0.004683156905516481,0.007165459759287654,-0.010927458019205612,-0.008507008739737315,-0.15116370924716724,0.01809291777849311,-0.14083376459543964,-0.011228574748961368
2024-05-09,0.0026802760682656168,0.004782636944434703,-0.013302618866208166,-0.011228574748961368,0.06118417180074787,0.018085255810642655,-0.05320795313262703,-0.0007461300544123681
2024-05-10,0.0017595742445668848,0.014051884913582035,-0.004880857393434024,-0.0007461300544123681,0.17475476643534638,0.01893274230701589,0.13940339150770412,0.0016987300787394868
2024-05-13,0.008156698490152495,0.016186265294282392,-0.0012033551033933047,0.0016987300787394868,-0.10892992489180424,0.01738962039767553,0.0382286092425484,-0.014931508328077447
2024-05-14,-0.005604427074369357,-0.002715275828642376,-0.03502917020765665,-0.014931508328077447,0.5563444060909506,0.03231389437901427,0.5650716628952047,0.019557460388696685
2024-05-15,0.010055373052446066,0.028296293562518213,0.0013856833203680214,0.019557460388696685,-0.20541369701063628,0.02691061024215004,0.22405329023892018,-0.005102107042389475
2024-05-16,-0.001340124697683588,0.0018114928425422543,-0.00819250991721133,-0.005102107042389475,-0.30922065403551197,0.010004002759753569,-0.175987074775847,0.0011383259073117734
2024-05-17,0.0009107896217425183,0.006193504190151803,-0.002820441267756957,0.0011383259073117734,-0.12537646574341205,0.00901394545790879,-0.31831942320820006,0.0026030047585566887
2024-05-20,-0.0008898579460780087,0.004004965026724127,-0.010626531713619308,0.0026030047585566887,-0.18390625198329563,0.01463149674034363,-0.47084055498754185,-0.00587664139307365
2024-05-21,-0.007247308778818573,0.005780774080694462,-0.015741495014763553,-0.00587664139307365,0.018278577849816423,0.021522269095457933,-0.41349210179849527,0.004307378058799979
2024-05-22,0.004390048882638957,0.007896533605246276,-0.0056400141109375765,0.004307378058799979,-0.021100054873953222,0.01353654771618387,-0.25574831768585576,-0.0012819883552384846
2024-05-23,0.009153548332167883,0.015887830462928507,-0.01088704165265874,-0.0012819883552384846,0.16842691473188337,0.026774872115587177,0.05585819399644495,-0.01643862238419339
2024-05-24,-0.004271379065701332,0.004273834704268014,-0.019661948573485133,-0.01643862238419339,0.3292839780872964,0.02393578327775319,0.4183655667113464,0.006290252108029657
2024-05-28,-0.005103091720296876,0.006791810472785746,-0.012338360772350362,0.006290252108029657,-0.18078009572797601,0.019130171245136045,0.15949245640156698,-0.001736319533583892
2024-05-29,-0.011879732960765152,0.009071899806026414,-0.012260516723964016,-0.001736319533583892,-0.15080392621722982,0.021332416529990506,-0.052627062280482445,-0.068746156098213
2024-05-30,-0.026951259290072003,-0.022829814772307153,-0.07105891613972566,-0.068746156098213,0.9283898975482642,0.04822910136741848,0.8504694441540085,-0.002492585967619584
2024-05-31,0.004140620987820037,0.005279099281838682,-0.02705200865962148,-0.002492585967619584,0.2896829599266284,0.03233110794146005,0.8690121635214056,-0.012989887692786023
2024-06-03,0.006320429894146326,0.011357123050915855,-0.018563229002540108,-0.012989887692786023,-0.6350483817158409,0.029920352053456046,-0.05535389499102885,0.021073828420816263
2024-06-04,0.008618438373432845,0.02496925793466547,0.0058368963866121705,0.021073828420816263,-0.2201739497761696,0.019132361548053388,-0.3167366470865679,0.0164353165098867
2024-06-05,0.0018271927327225604,0.02255961021267676,0.0,0.0164353165098867,0.0343935360049134,0.02255961021267676,-0.30980281776177593,0.0050989072613052576
2024-06-06,0.004159884299940497,0.026093654737771366,0.0023447858141456266,0.0050989072613052576,-0.018377240001606635,0.023748868923625533,-0.3751577929310399,0.01580869644188365
2024-06-07,0.0,0.02330049066514997,0.0,0.01580869644188365,-0.18664619597129542,0.02330049066514997,-0.4557077551377333,-0.011865642231947526
2024-06-10,-0.02521698878407301,-0.006899067264527254,-0.03036415109839937,-0.011865642231947526,0.17879474284896502,0.02346508383387208,-0.01956007323124767,0.005961237178908027
2024-06-11,-0.006609608529338675,0.006069268674348857,-0.009700334801260334,0.005961237178908027,-0.1641862247668494,0.015769603475609115,-0.1363224054559776,-0.006113458451866166
2024-06-12,0.015675406023923,0.018055539591868883,-0.007658547507213813,-0.006113458451866166,0.2920233349369106,0.02571408709908275,0.18561039387001596,-0.0024602507501758405
2024-06-13,-0.004358539864070187,0.005464892278254297,-0.013948560673123852,-0.0024602507501758405,0.8528519329940303,0.01941345295137825,1.0154644065035245,0.13550498039393652
2024-06-14,0.14486501396665244,0.1527546240821767,0.1289541062756057,0.13550498039393652,0.5509043648106486,0.023800517806571036,1.2711506502138177,-0.012585784447071861
2024-06-17,0.0003806783427278081,0.0011985825602560975,-0.0386779286550832,-0.012585784447071861,-0.7287303163611059,0.03987651121533934,0.08241343955269331,0.006743625011670914
2024-06-18,-0.0077990974721702236,0.02217209155461056,-0.010873541535671796,0.006743625011670914,-0.527808310568611,0.03304563309028221,-0.5586112709069188,0.0013394801062373096
2024-06-20,0.010324655488296955,0.02080641372294056,-0.0035486068842935574,0.0013394801062373096,0.30838490315453077,0.024355020607234178,-0.2900877364258866,0.019860723596238108
2024-06-21,0.013975856069254874,0.022780866353094124,0.003378850609216803,0.019860723596238108,0.13263788808179477,0.019402015743877184,-0.2107614366927277,-0.017530577556036576
2024-06-24,-0.002515208419298343,0.0021348196860609073,-0.018847816262274872,-0.017530577556036576,-0.7612943547800108,0.020982635948335812,-0.9217390611198559,0.005156801312349348
2024-06-25,0.0038653652215412996,0.010457010205847158,-0.003688792946923028,0.005156801312349348,0.01962492781366126,0.014145803152770258,-0.5375645910853493,0.003372624412097656
2024-06-26,0.0032213700978861873,0.00714863634009602,-0.0016525853661498934,0.003372624412097656,-0.06500316059211433,0.008801221706245926,-0.43923703375475753,0.03366451483778991
2024-06-27,0.008569931718057045,0.0380443368190293,0.006485943412291442,0.03366451483778991,0.4792091751006519,0.03155839340673796,0.09856084733501602,0.015930606990770497
2024-06-28,0.005362729927978694,0.02120880554463791,0.002283585631509569,0.015930606990770497,0.07140506159498453,0.018925219913128528,0.21860572634008352,0.00801408401479849
2024-07-01,-0.007534492846410828,0.010154632045090045,-0.010513361064636682,0.00801408401479849,-0.504453990192091,0.02066799310972685,-0.21044915539259756,0.013656105512100608
2024-07-02,-1.7874421724825426e-05,0.01792731224727721,-1.7874421724825426e-05,0.013656105512100608,-0.005126792949279503,0.017945186669001904,-0.21570261145510908,0.004288763260766255
2024-07-03,-0.006042498853888211,0.007231010632301809,-0.00655651216496153,0.004288763260766255,-0.6071512149810354,0.013787522797263356,-0.8189356845743389,0.014262450535577856
2024-07-05,0.001332005055747324,0.018076382122561897,-0.002159730260857983,0.014262450535577856,0.5232214404252936,0.020236112383419828,-0.22621225538284212,-0.005096483912195021
2024-07-08,-0.008962186727610127,-0.0027530804055013545,-0.02524961029918478,-0.005096483912195021,0.0683897795541399,0.022496529893683337,-0.042012480662544247,-0.01643604577294237
2024-07-09,-0.004092541906322082,-0.000678044613297961,-0.02274543404294304,-0.01643604577294237,-0.32745535339626053,0.02206738942964515,-0.22738624530315707,-0.0026005157702826947
2024-07-10,-0.0023170838248052425,0.0016063786228963982,-0.013894172743861842,-0.0026005157702826947,0.08859405696566194,0.015500551366758217,-0.0701462903761655,-0.012333263239931934
2024-07-11,-0.000974680505885434,0.014193379919731816,-0.013302077030309384,-0.012333263239931934,0.2975554799707193,0.027495456950041266,0.2829356306645202,0.002543223994052176
2024-07-12,-0.004547435049275041,0.008677670017338364,-0.009568067048179332,0.002543223994052176,-0.4596473073498328,0.01824573706551778,-0.2961761831190469,0.011842725489723724
2024-07-15,0.002108486073905014,0.016287339206609346,0.002108486073905014,0.011842725489723724,-0.06471066438766354,0.014178853132704389,-0.3004145270330834,0.001466029946276266
2024-07-16,-0.001964145669743863,0.007730122965571147,-0.006437399325625376,0.001466029946276266,-0.20369465065647685,0.014167522291196728,-0.4121745880001406,-0.00610812723317259
2024-07-17,-0.004617530861713371,-0.002721917047623818,-0.01795231838302898,-0.00610812723317259,0.4082536057485126,0.01523040133540527,0.05157736302498819,-0.011143660964941848
2024-07-18,0.001933815574087956,0.0020756345273415895,-0.012545322182986617,-0.011143660964941848,-0.05849256565083277,0.014620956710328132,-0.0021672840171380833,-0.010561050843035751
2024-07-19,0.00035912059566661184,0.007585508330099155,-0.014270240859841942,-0.010561050843035751,0.17476342802647268,0.02185574918994119,0.2688412462480176,0.006908940865759703
2024-07-22,0.013788393542324464,0.01654120710435925,0.003098682275038786,0.006908940865759703,-0.08423753721370064,0.013442524829320367,0.12715701801721993,-0.01600644153773965
2024-07-23,0.003005433534932837,0.00437022224730412,-0.018886002070549194,-0.01600644153773965,-0.011691612697983769,0.023256224317853312,0.06872398159272108,-0.027800001885920956
2024-07-24,-0.004055798730212911,-0.0023837251919851545,-0.02910018856332542,-0.027800001885920956,0.10670907081581417,0.026716463371340197,0.10341487069180087,0.002088143770198063
2024-07-25,0.010788256322086997,0.02094522064153872,-0.006517788782166481,0.002088143770198063,-0.2078528921785699,0.02746300942370531,-0.13055598992515646,0.01915203435531863
2024-07-26,0.005995242635138991,0.024777354907914,0.0022149512186768585,0.01915203435531863,-0.02200491012522292,0.022562403689237044,-0.14859322885365767,-0.010805938345374088
2024-07-29,0.0034230582925958136,0.0034230582925958136,-0.013455656123201319,-0.010805938345374088,-0.2730527624358219,0.016878714415797153,-0.37850705360089404,0.003905887134300284
2024-07-30,0.009717618936981571,0.013070867332577065,-0.010603668534377617,0.003905887134300284,-0.015012158412672155,0.023674535866954696,-0.3220363265436566,0.023736397953292878
2024-07-31,0.015362750099054235,0.030781158547685133,0.009348965744424554,0.023736397953292878,0.5719118975163324,0.021432192803260693,0.3264548552011927,-0.009544270912034459
2024-08-01,-0.0030137529757106323,0.018552395854739397,-0.020900364272619824,-0.009544270912034459,-0.2908571364555171,0.03945276012735919,0.021133376472805464,-0.03774523859225931
2024-08-02,-0.019645876817054393,-0.017669411996022018,-0.05015633711116563,-0.03774523859225931,0.27381797832494775,0.032486925115143554,0.3009832899231863,-0.03254780487283376
2024-08-05,-0.04259178698804196,-0.019711326384606705,-0.05101622353626386,-0.03254780487283376,0.2292295704720768,0.031304897151657074,0.4688505154197883,0.00953580148601764
2024-08-06,0.00854345833605165,0.01913555200524093,-0.0006088351771374991,0.00953580148601764,-0.5026139914522754,0.019744387182378375,-0.19205107829649956,-0.0011286356507564776
2024-08-07,0.013041772718803992,0.032168553275346685,-0.0026094436917599786,-0.0011286356507564776,-0.22154342585023024,0.034777996967106775,-0.45329023269192187,0.03184603289994723
2024-08-08,0.013479152436239065,0.033410170166108,0.011498611919212053,0.03184603289994723,0.258793088507829,0.021911558246895994,-0.10568805701749033,0.011363967406476615
2024-08-09,-0.004195517054471258,0.013189712596476673,-0.004195517054471258,0.011363967406476615,-0.5267750743748344,0.017385229650947957,-0.6390956750234769,-0.010063511212347245
2024-08-12,-0.00048493906598274204,0.0033135965254381295,-0.019829791326176533,-0.010063511212347245,0.13070837976751265,0.02314338785161466,-0.3796362230930896,0.008047650570613967
2024-08-13,0.0,0.012707752087577179,-0.005723253937876363,0.008047650570613967,0.7479181826859586,0.018431006025453646,0.57527348751048,0.008502311741028393
2024-08-14,0.0026123773229491695,0.014284125366544002,-0.003781211387113235,0.008502311741028393,-0.46965772478370865,0.01806533675365715,-0.002877459813953617,0.026273270926167283
2024-08-15,0.00995422791276099,0.03177994811251399,0.009624026710410455,0.026273270926167283,0.13039429918068873,0.02215592140210352,0.10163051433146103,-0.0012638834043008727
2024-08-16,-0.003271546134834547,0.0010822001386979255,-0.01154317070752888,-0.0012638834043008727,-0.34760435054898625,0.012625370846226811,-0.2487394731900056,0.01730321878040963
2024-08-19,-0.005199042534177184,0.018456879701542646,-0.005199042534177184,0.01730321878040963,-0.07984271902357697,0.023655922235719978,-0.35543198813141513,-0.0015461497894528398
2024-08-20,0.002412178149064458,0.008945516407412256,-0.006252654266294476,-0.0015461497894528398,-0.15445518296247987,0.015198170673706903,-0.5072245264037212,0.006276354946711828
2024-08-21,-0.00021344228307502313,0.00770695346828114,-0.007748979925222893,0.006276354946711828,0.13916284955491232,0.015455933393504123,-0.1670211570709386,-0.0148680671823781
2024-08-22,0.0022598200274750336,0.010916045593661135,-0.01808430221663915,-0.0148680671823781,0.1494821897284405,0.029000347810300243,0.04651591988443868,0.0015415518479110451
2024-08-23,0.01426701730174803,0.016157540218271246,-0.008901445211850772,0.0015415518479110451,0.21766070991846773,0.025058985430122128,0.33825687731774,0.002039857307959808
2024-08-26,-0.005874211327741208,0.0035045486750709966,-0.005874211327741208,0.002039857307959808,-0.37732511869533064,0.009378760002812242,-0.10373324642718333,0.014868192228047798
2024-08-27,-0.00904979584702763,0.017857647330218072,-0.00915802240307861,0.014868192228047798,0.01210659867368761,0.0270156697332966,-0.08696390600625939,-0.012903914368090403
2024-08-28,0.0007041361275439698,0.0031123709249723038,-0.018037121045598917,-0.012903914368090403,-0.08520053212393168,0.021149491970571244,-0.19600334629252292,0.016086470202468124
2024-08-29,0.01154689611449522,0.03136514743461888,0.01154689611449522,0.016086470202468124,0.41628741853414497,0.019818251320123673,0.2346639420477712,0.008356344478031597
2024-08-30,0.0045015661274592856,0.010512843708913604,-0.002355222678271866,0.008356344478031597,0.013913797815305422,0.012868066387185328,0.207048360589111,-0.005884159036550686
2024-09-03,0.003284956960803556,0.02117025643798482,-0.013354554313589208,-0.005884159036550686,0.3298586710180227,0.034524810751574146,0.5419440737664366,0.007345507651939513
2024-09-04,-0.0038072928257915136,0.013601405566033918,-0.009289243993238461,0.007345507651939513,-0.5346393304922104,0.022890649559272308,-0.15044108644480317,-0.01280657012188777
2024-09-05,-0.007853443505570398,-0.0032385899037841188,-0.022360210845184077,-0.01280657012188777,-0.026464201970758865,0.019121620941399946,-0.19916750958193596,-0.007990601796005742
2024-09-06,0.005215946940791243,0.009428419584769997,-0.01763919641227656,-0.007990601796005742,0.28704638493434725,0.02706761599704658,0.05874078594213872,0.01141826391959053
2024-09-09,0.007567942387084546,0.019614390698704427,0.001826536517338292,0.01141826391959053,-0.04871624473442895,0.017787854181366185,-0.004157386838030245,0.008039428886751802
2024-09-10,0.011983076136690684,0.01380194598822078,-0.004819608258705458,0.008039428886751802,0.016388924631521893,0.018621554246926297,0.010826336324493835,0.010217820031716713
2024-09-11,-0.0025620641918102315,0.011698485847206484,-0.02668989815818763,0.010217820031716713,0.2781048063296697,0.03838838400539425,0.3641735483567018,0.010574825304509983
2024-09-12,0.0018419348975315464,0.012618617584538134,-0.01283229183116357,0.010574825304509983,0.7197575135600851,0.025450909415701762,0.9756392913658355,-0.08850192469479244
2024-09-13,-0.09654353704442004,-0.08218884438927432,-0.10781669443962628,-0.08850192469479244,0.6381154996264473,0.02562785005035192,1.2924303876332284,-0.029046696004531268
2024-09-16,0.0009867711659950137,0.0015262200068033496,-0.02950699412943971,-0.029046696004531268,-0.6861777117686274,0.031033214136242993,0.1476799109293385,-0.012484066162692615
2024-09-17,0.005335649996629581,0.010680963102627646,-0.01335820727517665,-0.012484066162692615,-0.016154323041364608,0.024039170377804193,-0.0026648684594082423,-0.01348787831669545
2024-09-18,0.0038370272916592395,0.00493892730441248,-0.01672064740190566,-0.01348787831669545,-0.25611170442553943,0.02165957470631794,-0.3730453555332649,0.03540003964226116
2024-09-19,0.020800392839881752,0.03737358295058828,0.019276559294965166,0.03540003964226116,-0.10955825248463322,0.018097023655623254,-0.5269582927804927,-0.007895257533132853
2024-09-20,0.0,0.004151393881778386,-0.02057344386878051,-0.007895257533132853,0.5323426379736885,0.024724837750558965,0.07090314099387174,0.010607919949273067
2024-09-23,0.006507659626107072,0.018401377271076835,0.005079998998090805,0.010607919949273067,-1.0631383838718262,0.013321378272986174,-0.8272099934175138,-0.0072247548589428915
2024-09-24,-0.00028424752021213574,0.004592829104138832,-0.011738111954316316,-0.0072247548589428915,0.29927808072221546,0.016330941058455072,-0.388233887788598,-0.011843056590557654
2024-09-25,0.0037139947978930546,0.004018068441512194,-0.015053522450144801,-0.011843056590557654,0.12222603978412455,0.01907159089165698,-0.14854454587439658,-0.004877718442599495
2024-09-26,0.005026898357646186,0.006658533357195852,-0.011242803460530108,-0.004877718442599495,0.021805606817447427,0.017901336817725877,-0.08364893854573976,0.00019396540300633532
2024-09-27,0.0022095456638631453,0.0025192110605328157,-0.005994135010480376,0.00019396540300633532,-0.1885681772318517,0.00851334607101325,-0.25525601379371887,0.004452030670711983
2024-09-30,-0.0032059628217744403,0.005783642749264087,-0.007281803054850929,0.004452030670711983,-0.04950778171009553,0.013065445804114955,-0.09058313779675647,-0.029358045763471678
2024-10-01,-0.0006375724965314868,0.0023533849644298667,-0.029954858268227937,-0.029358045763471678,0.36590933045183216,0.03230824323265783,0.241993013713464,0.00596864743605494
2024-10-02,0.002125836163483003,0.014590757706125546,3.981530070963808e-05,0.00596864743605494,-0.6325036344627114,0.014550942405415766,-0.4493860504673916,-0.0039817601854474135
2024-10-03,-0.009515101354208353,0.007877002622240078,-0.014376992487883551,-0.0039817601854474135,-0.03074642684943069,0.02225399511012347,-0.3976145002410865,0.006765497240304211
2024-10-04,0.006903509332163213,0.009403858138933054,-0.00041690201694996907,0.006765497240304211,0.014312161426380187,0.00982076015588293,-0.28329911652043527,-0.04006491212977946
2024-10-07,-0.00644795404202558,-0.004643876207232404,-0.041913518825287745,-0.04006491212977946,0.9157262674589111,0.03726964261805531,0.6937016921418814,0.018179736186504973
2024-10-08,0.010513032604958934,0.025728173623072628,-0.0018486066955082383,0.018179736186504973,-0.3157983950528386,0.027576780318580765,0.2059341131434301,-0.004362240766515109
2024-10-09,-0.0007256891689156977,-0.0007256891689156977,-0.007930734534944934,-0.004362240766515109,-0.21329525749388217,0.007205045366029184,0.005059126982536725,0.019025323633079443
2024-10-10,-0.007190577679899357,0.024728206016829204,-0.00961942787458078,0.019025323633079443,-0.033416166097001036,0.03434763389140982,-0.08869398401070151,-0.01631682909105747
2024-10-11,0.002399944520301594,0.00871935450001295,-0.017367034227174102,-0.01631682909105747,0.07538895843096136,0.026086388727187097,-0.06806832534691554,0.02831828887739451
2024-10-14,0.012795694844703782,0.0373230783673802,0.010021854962955158,0.02831828887739451,0.13107633625722856,0.02730122340442503,-8.79339909408073e-05,-0.00318370508843494
2024-10-15,0.008148820186123684,0.015806962294760394,-0.005607779278027773,-0.00318370508843494,0.05536384937137445,0.021414741572788196,0.14468292482332484,-0.010865242791414039
2024-10-16,-0.0032333462233050166,-0.0023451338447584152,-0.015432525086247454,-0.010865242791414039,-0.6624234269906812,0.01308739124148906,-0.5212024514177129,-0.011427367515986166
2024-10-17,0.007868830352009979,0.009821455157266092,-0.0146529324557871,-0.011427367515986166,0.3984659701676988,0.024474387613053164,-0.05602065543825552,-0.003892178617675872
2024-10-18,-0.011213286044835881,0.004358207508828495,-0.011701957497946319,-0.003892178617675872,-0.3198766337633132,0.016060165006775002,-0.37549430712881726,0.0056618512943242974
2024-10-21,-0.0006063421973919201,0.011551532337614728,-0.003927692110561709,0.0056618512943242974,-0.18006663001759995,0.015479224448176556,-0.48616980278313615,-0.009285317739022164
2024-10-22,-0.0025750890358377547,-0.0007436714512408043,-0.018964752113846805,-0.009285317739022164,0.3521340788629568,0.01822108066260598,0.0015669321925850515,-0.01652150100247127
2024-10-23,-0.0022535266880083634,0.0014590580357807673,-0.0199084316231704,-0.01652150100247127,-0.16700841613296183,0.021367489658951033,-0.0577936666545553,-0.004463286003721631
2024-10-24,0.003293348586219948,0.007067317430996436,-0.010299651173385004,-0.004463286003721631,0.03833932289830931,0.017366968604381354,-0.03448859702989322,0.0017587732665250047
2024-10-25,0.001138412619574469,0.011264420893783643,-0.0007251082455890658,0.0017587732665250047,0.14449332541688126,0.01198952913937289,0.17351587190727896,-0.005555784945902337
2024-10-28,0.008091693461194423,0.009812751012136621,-0.006720602340310361,-0.005555784945902337,-0.05266489381781819,0.016533353352446906,0.08090888356138538,0.00900227719851663
2024-10-29,0.0018277085397219964,0.013462910285493,-0.0035611770225137847,0.00900227719851663,-0.09698382036235449,0.01702408730800675,-0.07306274691788874,0.0026540861766330883
2024-10-30,-0.00651082650568197,0.013932441064649914,-0.00651082650568197,0.0026540861766330883,0.2668638542408037,0.020443267570331842,0.22078249121835816,-0.01782875345229249
2024-10-31,-0.0013981839694022767,-0.0012953337175826867,-0.019293978204652198,-0.01782875345229249,0.08769830657888447,0.017998644487069546,0.24583331145080672,0.009824409521946605
2024-11-01,-0.005600457091722082,0.014700686571327063,-0.006358018461153605,0.009824409521946605,-0.043606723464184684,0.0210587050324806,0.12951965201862237,-0.003007795035579562
2024-11-04,-0.007839240557955679,0.001986472212328418,-0.011310602623351314,-0.003007795035579562,-0.37754119902739963,0.013297074835679655,-0.28137288707069597,0.010477806928926463
2024-11-05,0.003608295213449293,0.010971065931323179,-0.0018298748657025997,0.010477806928926463,-0.20780070809947288,0.012800940797025715,-0.46198243885970797,0.03714923650673811
2024-11-06,0.013294685440415042,0.03987911024034097,0.013294685440415042,0.03714923650673811,0.625989949079626,0.026584424799926044,0.20460372957920886,-0.007775277837658454
2024-11-07,0.011482301548615419,0.011482301548615419,-0.019058097391175824,-0.007775277837658454,-0.11763573514835127,0.0305403989397913,0.0672251553531599,-0.012535360434093586
2024-11-08,0.005792448431794674,0.008111994773383003,-0.014538639712796023,-0.012535360434093586,0.0788445738202342,0.02265063448617906,0.17386846351074614,0.019617143506396855
2024-11-11,-0.0021855891113981185,0.026019042856377184,-0.0021855891113981185,0.019617143506396855,0.21342869275276682,0.028204631967775354,0.38685576362094115,0.04257112317177353
2024-11-12,-0.0001784101734466744,0.0472900167096104,-0.0004164004474664331,0.04257112317177353,0.15397293077613192,0.047706417157076894,0.4171099871255645,0.01148355683752658
2024-11-13,-0.005008542060249837,0.025321608036548916,-0.011136505388931536,0.01148355683752658,-0.17292651522943733,0.0364581134254805,0.0730312476844891,-0.004951213358194295
2024-11-14,-0.003668716272239099,0.004010753017927728,-0.017122237003492538,-0.004951213358194295,-0.11319728940982385,0.021132990021420186,-0.07071334750547878,-0.051306207755915274
2024-11-15,-0.018226139390652894,-0.01018625638903402,-0.0604064273994494,-0.051306207755915274,0.3977333891392137,0.050220171010415496,0.2998214827594841,-0.007697839010831069
2024-11-18,0.0032329528058891595,0.0042423635074175445,-0.0113480783264974,-0.007697839010831069,-0.7138260914289579,0.015590441833914946,-0.5117972631253315,0.000200127285530712
2024-11-19,-0.007051710733712077,0.005788889244942408,-0.008141030732450434,0.000200127285530712,-0.14111079323266335,0.013929919977392825,-0.582698780214784,-0.00022016665556210042
2024-11-20,0.011542223567871025,0.013420085095557486,-0.01005822111911085,-0.00022016665556210042,-0.045256119586434884,0.023478306214668232,-0.4965106266584031,0.009841309838900473
2024-11-21,0.005191717108027652,0.017995282111039654,-0.012895592480682297,0.009841309838900473,0.06564130502874864,0.030890874591721944,-0.32152668229353026,0.01516869062478393
2024-11-22,-0.0038532679942778225,0.017547915321293177,-0.0038532679942778225,0.01516869062478393,0.13313173233044823,0.021401183315570838,-0.10563067853095988,0.012765880380460344
2024-11-25,0.013459731720042487,0.02136535655375314,0.0020285531759867276,0.012765880380460344,0.37263642090243226,0.019336803377766443,0.4690498673537735,0.012586025788953584
2024-11-26,0.0023491976508062022,0.013461374490452115,-0.004579310662897421,0.012586025788953584,-0.31797568275126314,0.01804068515334951,0.05379542533905697,-0.022369015494243236
2024-11-27,-0.00398654961566071,0.0011035543917288448,-0.03207173536299619,-0.022369015494243236,-0.03861320637049768,0.03317528975472499,-0.02371619048009403,0.004370593940719714
2024-11-29,0.007698896147919596,0.007698896147919596,-0.00019464514398053677,0.004370593940719714,-0.47167441585128106,0.007893541291900138,-0.5324518932584537,0.0005232277642017989
2024-12-02,-0.005987726019448692,0.005489579499548168,-0.00856485085638934,0.0005232277642017989,0.32488976500714517,0.014054430355937378,-0.16184153633387993,0.00011622253139964321
2024-12-03,-0.010046429185085406,0.0011229977879444529,-0.022906630372963654,0.00011622253139964321,0.054494602517890865,0.024029628160908173,-0.08330044677227867,0.03843737090146115
2024-12-04,0.013009208130972843,0.04823105971939145,0.00915872070699038,0.03843737090146115,0.44495558851926437,0.0390723390124012,0.4717541777983405,0.0032194397109361972
2024-12-05,-0.0038658896717139635,0.0067248910307843605,-0.012567244226875714,0.0032194397109361972,-0.22939985169877944,0.019292135257659996,0.15948737513084982,0.02701836183588365
2024-12-06,0.010957644932308252,0.029564980973403803,0.008657841804945735,0.02701836183588365,0.11993186275547718,0.020907139168458093,0.2525779559090286,-0.009138177716491546
2024-12-09,0.005662384379163803,0.008894072700059156,-0.012465312080319839,-0.009138177716491546,0.19121657487200058,0.021359384780379062,0.32024986489458096,-0.001607344587062917
2024-12-10,-0.001059121249123528,0.008903042873855876,-0.006794005160102976,-0.001607344587062917,-0.2615091671863763,0.015697048033958945,-0.05586424971096088,0.005250800472415788
2024-12-11,0.0,0.009551171196456052,-0.009754020087473697,0.005250800472415788,0.8844227034752565,0.019305191283929712,0.7854439397763499,-0.14725542066422562
2024-12-12,-0.12050069364302471,-0.107255466893004,-0.15514523979280148,-0.14725542066422562,0.9525949588376141,0.047889772899797456,1.5376734298028536,-0.019015381467682425
2024-12-13,-0.0013704135257620593,0.0005897566924884408,-0.03828993179782382,-0.019015381467682425,-0.42007997442559936,0.03887968849031231,0.535562699340058,-0.008973127346659428
2024-12-16,0.003215850452063174,0.01688512014929988,-0.009688367086137205,-0.008973127346659428,-0.6741544542393361,0.026573487235437055,-0.36397798610056264,-0.013744244731646187
2024-12-17,-0.0020387862143511804,0.009338073756986844,-0.019803467053954846,-0.013744244731646187,0.25777040100209914,0.02914154081094166,-0.15793768842841197,-0.031055239062355845
2024-12-18,-0.00438104490460316,4.390873700450338e-05,-0.031531188922785176,-0.031055239062355845,-0.14332607463136215,0.031575097659789504,-0.4038101529855086,-0.008922291705016218
2024-12-19,0.004747287378056563,0.017275316933897198,-0.009562724652863577,-0.008922291705016218,-0.004865065867317731,0.026838041586760664,-0.40498656164529256,0.022113586436852645
2024-12-20,-0.01004138816251476,0.03157292064581507,-0.01131231647643065,0.022113586436852645,0.23792686217475634,0.042885237122245755,0.08614645585312587,-0.0009621174945336736
2024-12-23,-0.0003802709266248139,0.009481440312921755,-0.00842143309392724,-0.0009621174945336736,-0.7765287894989963,0.017902873406849207,-0.6024099942305959,0.0026825522789623826
2024-12-24,-0.0005373477291061806,0.0047565546020305865,-0.009378087469040737,0.0026825522789623826,-0.8082758557647671,0.014134642071071261,-1.3502304404653744,0.004943782935529594
2024-12-26,-0.00467671405411713,0.009774801031121312,-0.00730439442997071,0.004943782935529594,0.23491963755960796,0.017079195461091993,-0.9176711600260241,-0.008208452173433673
2024-12-27,-0.007312970136834066,-0.0005555123588047173,-0.020308839018124074,-0.008208452173433673,0.32417036571491775,0.019753326659319448,-0.4141541758369416,-0.001524237517254206
2024-12-30,-0.007960304883197235,0.002505358987145907,-0.017875180194856517,-0.001524237517254206,0.1642207921255023,0.020380539182002277,-0.0774578444410265,-0.002515487674812362
2024-12-31,0.0012330177301887594,0.006038287929386966,-0.006729614944257724,-0.002515487674812362,-0.41866657213963804,0.01276790287364461,-0.2044802511070141,-0.008310030447805586
2025-01-02,0.006902490498406416,0.012159297139342927,-0.00930826648202311,-0.008310030447805586,0.09175917982121225,0.021467563621366145,0.00014374011811433364,-0.023934946160737804
2025-01-03,-0.02653952680981043,-0.01761457487322175,-0.03620303144347072,-0.023934946160737804,0.8076287466643681,0.018588456570248917,0.7443636434772879,0.0014156900573000174
2025-01-06,0.0030378538987785486,0.013472247558814423,-0.006477488345510609,0.0014156900573000174,-0.34090433334603315,0.019949735904325017,0.17133466785473594,-0.020028516012659797
2025-01-07,0.0004405598450369634,0.00923410242964765,-0.02505733577704401,-0.020028516012659797,0.045752738486128694,0.034291438206691546,0.15671450954135183,-0.007242924389717391
2025-01-08,-0.012595874800392095,7.097866769086382e-05,-0.016990398433428828,-0.007242924389717391,-0.17537202000890434,0.017061377101119633,-0.05751364789448266,-0.03309805001030429
2025-01-10,-0.02309701924267754,-0.01556446976340149,-0.03457728229070123,-0.03309805001030429,0.46109709197075655,0.019012812527299673,0.3398090341767719,0.0063357853693308585
2025-01-13,-0.0040731845378563095,0.009903444189328972,-0.005360254393860423,0.0063357853693308585,-0.1993117596528,0.01526369858318926,-0.003149374371327547,0.010253232136534425
2025-01-14,-0.003064666817903104,0.010350168500179776,-0.008432004541006602,0.010253232136534425,-0.24250701472530026,0.018782173041186498,-0.19827278973165066,0.011012309936260003
2025-01-15,0.021549043263114732,0.026917554454372033,0.007122480764683285,0.011012309936260003,0.1946574451730555,0.019795073689688854,0.01570555063457771,0.022862591835276638
2025-01-16,0.002226221907487547,0.027443053574323355,0.0017239761519041148,0.022862591835276638,-0.0375597986065105,0.02571907742241913,-0.029510554291609023,0.007141881683820935
2025-01-17,0.01723062654986837,0.020999236699323572,-0.0028851466988256184,0.007141881683820935,-0.0421857313899761,0.02388438339814916,-0.10261245631004777,0.014705627267990032
2025-01-21,0.007576102339067389,0.022967366411875672,0.0035055806315329396,0.014705627267990032,-0.04573828043959835,0.019461785780342727,-0.07600308619501463,0.0021976521543062115
2025-01-22,0.0037513532165064476,0.007693370021138774,-0.006737267231575136,0.0021976521543062115,-0.12242426456340254,0.014430637252713962,-0.16271498292812178,-9.148992607047778e-05
2025-01-23,-0.0032982220033663046,0.0009370977282068358,-0.01110602717690077,-9.148992607047778e-05,-0.221883877999674,0.012043124905107772,-0.37525923333166306,-0.0043544952003261115
2025-01-24,0.0,0.010464643665985788,-0.005848545390620875,-0.0043544952003261115,-0.03174988571413375,0.016313189056606697,-0.3210079968246301,0.00736862571184269
2025-01-27,-0.01189924924267757,0.022865810382622337,-0.012154996017733732,0.00736862571184269,0.658882627976707,0.035020806400356035,0.4274235679526368,0.009620672821974569
2025-01-28,-0.0053265573441171315,0.016304996907823943,-0.015995908467459047,0.009620672821974569,0.055468354504245865,0.032300905375282955,0.42017171015990146,-0.002622901328513703
2025-01-29,-0.006615599998980035,0.0034264890266067203,-0.009096458979420219,-0.002622901328513703,-0.5842070367175157,0.012522948006026742,-0.24780622080298137,0.009733330626911056
2025-01-30,-0.004561145331067272,0.015144701787720413,-0.005562402506953025,0.009733330626911056,0.09310599095479533,0.02070710429467332,-0.1339689735383913,-0.019356510562815902
2025-01-31,0.0021949234422273148,0.002262035554469535,-0.023066723771468945,-0.019356510562815902,0.3532985320547349,0.025328759325938466,0.1892992848293083,0.0026254084424438217
2025-02-03,0.00079971574884809,0.012020226783836031,-0.015132801061773025,0.0026254084424438217,-0.3356442806860392,0.027153027845609037,-0.24700098089580672,0.003709492666915407
2025-02-04,-0.007253818134612566,0.011290288626091174,-0.00994439434609839,0.003709492666915407,-0.23488087221557186,0.02123468297218951,-0.3973421657465763,-0.005923526892592034
2025-02-05,0.0011804787113722528,0.010664601170877057,-0.009036050011032542,-0.005923526892592034,0.1039696633099177,0.01970065118190955,-0.14425387642119622,-0.0051086808917485465
2025-02-06,0.0,0.005309978592857633,-0.0075231409160182745,-0.0051086808917485465,-0.13449467603566753,0.012833119508875808,-0.27521812992171174,-0.0053657401159294075
2025-02-07,0.001927393449639007,0.012779740664579178,-0.006890914081060102,-0.0053657401159294075,0.047675137258941465,0.019670654745639296,-0.18390436388595488,0.04078966327830682
2025-02-10,0.014169332400869178,0.04580916370775166,0.01360001840883388,0.04078966327830682,0.3820383235595777,0.03220914529891777,0.3293715529227499,0.016968934302708304
2025-02-11,-0.004666170202389822,0.022901306043609647,-0.006248694462085291,0.016968934302708304,-0.19207326040393258,0.029150000505694863,0.09603626464809026,0.008550590016337038
2025-02-12,-0.0017888081331675126,0.00906906183888175,-0.016525712462992854,0.008550590016337038,0.015688388175880676,0.025594774301874523,0.07136403904106031,-0.007679181541602583
2025-02-13,0.005280315912596814,0.00633309393686259,-0.012459550680781495,-0.007679181541602583,-0.16887749995949192,0.01879264461764415,-0.12129500885865628,0.0020448623288795253
2025-02-14,0.008953320483194815,0.012486478255885523,-0.00266021660790197,0.0020448623288795253,-0.06329871362574852,0.0151466948637874,-0.19883835890141313,0.008547298481972915
2025-02-18,0.005396552451560952,0.009021214365548896,-0.01552760795368128,0.008547298481972915,0.12552189539624925,0.02454882231923029,-0.0689005050359949,-0.015460074085670256
2025-02-19,-0.0010779115772042399,-0.0010779115772042399,-0.019121076990052444,-0.015460074085670256,-0.002794943984341577,0.01804316541284823,-0.008675795247129234,-0.005045614011299158
2025-02-20,0.000984246463839829,0.00873655554937951,-0.011931071628351643,-0.005045614011299158,-0.2379208902823462,0.020667627177731025,-0.22691466580141972,-0.023070833393372688
2025-02-21,-0.0031058400468077976,-0.002069487856909315,-0.031274187478647714,-0.023070833393372688,0.3675668147194126,0.029204699621738377,0.20914980130420077,0.00022505142471932512
2025-02-24,0.0017763696785121634,0.004401514947096514,-0.00770425875009639,0.00022505142471932512,-0.18425470373989994,0.012105773697192877,-0.016698015412230323,-0.0022752332809027414
2025-02-25,-0.0021399329959600516,0.006884077806080992,-0.011883479040632649,-0.0022752332809027414,-0.07205270360914416,0.018767556846713638,-0.10161945841605663,-0.0043168381423990525
2025-02-26,0.0008791248063760317,0.009516805259180345,-0.011363136474860843,-0.0043168381423990525,-0.29378632405825783,0.020879941734041223,-0.37011776280151876,-0.009810131245985542
2025-02-27,0.0006566553511016061,0.006929519301020057,-0.010656792348617205,-0.009810131245985542,0.1836385504763118,0.01758631164963729,-0.11154764300309959,0.0031287381895771446
2025-02-28,0.0022162600353639443,0.007247382751245139,-0.011710831734903096,0.0031287381895771446,0.5201572157854931,0.0189582144861483,0.40841084312286663,0.00491312894664765
2025-03-03,0.004754268706898762,0.02149746993554433,-0.0007983989563824816,0.00491312894664765,-0.41192500481518923,0.022295868891926758,-0.04548862078697236,0.01197645566082256
2025-03-04,-0.003341028867047391,0.01821217688000972,-0.013753589858000471,0.01197645566082256,0.12068899406095003,0.031965766738010326,0.08998078586572081,0.011613115499888926
2025-03-05,-0.005350262071231662,0.016079722221012747,-0.00656819843352092,0.011613115499888926,-0.20110886121668728,0.022647920654533537,-0.13533966445345386,-0.014419551942792048
2025-03-06,-0.014531945940549346,0.002103123794653799,-0.022523699896641134,-0.014419551942792048,0.12702180464245846,0.02462682369129496,-0.0410688071472474,0.010333571017578452
2025-03-07,-0.0062698930744753,0.017230108772146424,-0.008557597844164131,0.010333571017578452,0.10662248394689458,0.025787706616310684,0.03839170993935902,-0.03238345480678194
2025-03-10,-0.014095333008196282,-0.010873287291190133,-0.03664455600405686,-0.03238345480678194,0.2750012529345775,0.0257712687128667,0.3767165042153481,-0.003269065982242832
2025-03-11,-0.005069326748660956,0.014262973141649718,-0.009421801259222273,-0.003269065982242832,-0.24081680000599362,0.023684774400872077,0.039191208310669697,0.011327024518964753
2025-03-12,0.006962741423967357,0.023338472709508618,0.004233970911830287,0.011327024518964753,0.5617573495524549,0.019104501797678326,0.5876133627820698,-0.14911703400405296
2025-03-13,-0.0790343653586564,-0.07780138035942126,-0.15799604694241787,-0.14911703400405296,0.9586623871031121,0.08019466658299645,1.3615220705100488,0.04375647969093669
2025-03-14,0.005042325580243266,0.04785203633765271,-0.00010589313905944885,0.04375647969093669,-0.8523197399963033,0.04795792947671204,0.01926238074080015,0.011585879601771185
2025-03-17,-0.001571876521453833,0.01308724637471237,-0.019466729038871564,0.011585879601771185,-0.36506049219548914,0.03255397541358393,-0.44371594750995946,-0.020159783570685093
2025-03-18,-0.010016469998931632,-0.008525203702196572,-0.0376873291509779,-0.020159783570685093,0.009069932907628298,0.029162125448781228,-0.44235786113486886,-0.008931559579800534
2025-03-19,0.006951308070521811,0.009890409301464708,-0.011228698587879999,-0.008931559579800534,0.01216593782397901,0.021119107889344745,-0.4640634714464504,0.00442436915455272
2025-03-20,-0.002555586106828711,0.025277828049939558,-0.005402763207060471,0.00442436915455272,-0.08148631106565958,0.030680591256999908,-0.5112624905405436,-0.006049873899930873
2025-03-21,-0.01416515151896625,0.0006158642192563615,-0.01854824350655987,-0.006049873899930873,0.6404417673329116,0.019164107725816316,0.5008804555893007,0.018446767568993952
2025-03-24,0.013363776998110423,0.024487209453778476,0.010582640219463027,0.018446767568993952,-0.37603636314369615,0.013904569234315324,0.06291879843192844,0.02298033302569731
2025-03-25,-0.0022841334907306686,0.024663566893313015,-0.0037589534581247224,0.02298033302569731,-0.3587284170821798,0.028422520351437625,-0.3343870734425273,-0.014548929659947344
2025-03-26,-0.001586865940491439,0.0021283086113719715,-0.016561934002411138,-0.014548929659947344,-0.06324206065779334,0.018690242613783187,-0.3718474325717814,-0.00418158622305854
2025-03-27,-0.0009305127793379105,0.009183248082943579,-0.013412458742369822,-0.00418158622305854,-0.22690975866557087,0.022595706825313273,-0.5608093457944185,-0.026707142393648894
2025-03-28,-0.005721192314510149,0.0019418708716972685,-0.029173123338672304,-0.026707142393648894,0.3387514160581056,0.031114994210369524,-0.16705448631871,-0.005667928187691984
2025-03-31,-0.01491451689008813,-0.002362082542022768,-0.02904009522858694,-0.005667928187691984,0.03347764821486864,0.02667801268656433,0.04899570451780169,-0.0008607634706129779
2025-04-01,-0.006277304333625379,0.0012247111648991495,-0.02107948318519984,-0.0008607634706129779,-0.02891922092085675,0.0223041943500992,0.08936448288224634,0.006710177679632693
2025-04-02,-0.01292241903188618,0.012448261671058804,-0.0175327719623845,0.006710177679632693,-0.29699466640747274,0.029981033633443177,-0.21888841964108388,-0.04922444057786066
2025-04-03,-0.03669602091411472,-0.02565149087921666,-0.051841862918734584,-0.04922444057786066,0.6217931391974647,0.02619037203951796,0.435225192719687,-0.05077031891565358
2025-04-04,-0.022720426565707812,-0.015144707499416226,-0.0515441580163854,-0.05077031891565358,0.09714566244074359,0.0363994505169691,0.3920760374967632,-0.024270135642145918
2025-04-07,-0.039531296329899435,0.026265530714725233,-0.05010737777988267,-0.024270135642145918,0.2705921201485408,0.0763729084946079,0.5648355398947998,-0.0020567428859801073
2025-04-08,0.02721648489806765,0.029042819902041207,-0.020370519354012195,-0.0020567428859801073,-0.14530066359592425,0.04941333925605336,0.2619812260299822,0.06996498805949375
2025-04-09,-0.0037127949764966233,0.07292239902382674,-0.019512691304338036,0.06996498805949375,0.07743928747885082,0.09243509032816478,0.23547875619855219,-0.040834639118745256
2025-04-10,-0.010115749901368012,-0.0058861313749713744,-0.06550439538891048,-0.040834639118745256,-0.23258783876379271,0.05961826401393907,-0.1389600024013004,0.006889549159917727
2025-04-11,0.003963040063433456,0.008675353668900722,-0.022242343155592256,0.006889549159917727,-0.3679511251228886,0.03091769682449301,-0.5181738699250479,-0.004435724944112047
2025-04-14,0.019776504638750483,0.026816774407532242,-0.011327285510294645,-0.004435724944112047,-0.18196645216118065,0.038144059917826836,-0.6401803207355664,-0.001511497023322784
2025-04-15,0.00039883792358264486,0.015776370809457214,-0.00491359710403749,-0.001511497023322784,-0.08097639560545433,0.020689967913494617,-0.5687719618885457,-0.01782445617108377
2025-04-16,-0.015473876712078692,0.0,-0.02622714567675015,-0.01782445617108377,0.19636256634964588,0.026227145676750177,-0.22704601113283718,0.013304819465246597
2025-04-17,0.016024775973235723,0.02209638468847602,0.0026114043916323484,0.013304819465246597,0.3492967246956638,0.019484980296843615,0.2861675179844705,-0.016127012506824287
2025-04-21,-0.012201372935302301,-0.006096513898198887,-0.02956101756826763,-0.016127012506824287,-0.34840230661757965,0.02346450367006882,-0.03825954650244457,0.019304344494507117
2025-04-22,0.01710138532162554,0.025486739833753422,0.0033450020357662625,0.019304344494507117,-0.12717354274597217,0.022141737797987195,-0.15227838917389494,0.005841519473970393
2025-04-23,0.023192123106100256,0.03672684523956678,-0.00031446133795642623,0.005841519473970393,-0.025677591739200555,0.037041306577523046,-0.1760731196779533,0.0251111214190032
2025-04-24,0.004620530964408239,0.02569279104866908,0.0036585130653821554,0.0251111214190032,-0.026516402209321194,0.022034277983286915,-0.2098475502046282,0.018693152396950102
2025-04-25,0.002186542788843635,0.02300776321908738,-0.00255240375917946,0.018693152396950102,0.12597887674984268,0.025560166978266834,-0.0516750121678909,0.002444507562073476
2025-04-28,0.0008969830227325961,0.008853299427910251,-0.00857581304112692,0.002444507562073476,-0.10091554994544959,0.017429112469037,-0.053964062447193206,0.006381892535591416
2025-04-29,-0.003832421656143013,0.01416861349694005,-0.004731457458669161,0.006381892535591416,-0.3639630641633171,0.018900070955609097,-0.38580039606128125,0.010724538100369206
2025-04-30,-0.011140633852865206,0.013440960977021878,-0.020203843877580414,0.010724538100369206,0.4079034134075614,0.033644804854602396,0.08939757726679394,-0.0009338352517742065
2025-05-01,0.008814778857617464,0.014455763518265849,-0.002429755256829474,-0.0009338352517742065,-0.14868989481006487,0.016885518775095247,-0.0683486501671644,0.016519211471524447
2025-05-02,0.014469171886715298,0.023557170658890684,0.01209851990213078,0.016519211471524447,-0.19644782304770925,0.01145865075675993,-0.24918173888785372,0.0004987399030649478
2025-05-05,-0.004156990212346544,0.009589740232350426,-0.006506275685067094,0.0004987399030649478,-0.11061012138179412,0.016096015917417474,-0.27949104918846285,0.00502596054639126
2025-05-06,-0.011852864253055411,0.014226748071351445,-0.01589751876815575,0.00502596054639126,0.34875571372952785,0.030124266839507058,0.1494559275145849,0.0051826151622354115
2025-05-07,0.004481044307101128,0.01258426747492191,-0.005314632219772798,0.0051826151622354115,-0.3217334038992295,0.017898899694694624,-0.230875772782411,-0.0025489271946914655
2025-05-08,0.008612792955823652,0.009719631142087626,-0.004086597652585913,-0.0025489271946914655,0.45216667209769346,0.013806228794673527,0.310109258536546,-0.001850695760011708
2025-05-09,0.005687077898584378,0.012371395706242717,-0.004332410243349732,-0.001850695760011708,-0.510352908302347,0.016703805949592584,-0.24246438513212304,0.03249690139950639
2025-05-12,0.028422298747168753,0.03723387069782015,0.024432973775211208,0.03249690139950639,0.4411679323099541,0.01280089692260893,0.22289814962603957,0.0036806239696093464
2025-05-13,-0.00010105209421346035,0.009376549415760245,-0.0031113943922381096,0.0036806239696093464,-0.16997762497636196,0.012487943807998475,-0.027799617454121458,0.005195356816020163
2025-05-14,-0.0013849238423059586,0.0068211751545134225,-0.00246902561675269,0.005195356816020163,-0.10057154732373552,0.00929020077126605,-0.10577550508155178,0.01298267637271855
2025-05-15,-0.0003004309280935183,0.013377971632999471,-0.0003004309280935183,0.01298267637271855,0.13731180219981823,0.013678402561093116,0.012583362225977026,0.030276587572099084
2025-05-16,0.024241078380534808,0.041338767763940694,0.018047615941597563,0.030276587572099084,0.6682170949527428,0.023291151822343162,0.7273065147255635,0.00847449672146599
2025-05-19,-0.008667875249253982,0.009875996685345783,-0.009466168731780755,0.00847449672146599,-0.5835482332523967,0.019342165417126654,-0.08573230134230773,-0.007324484676363897
2025-05-20,-0.006702064558354006,-0.0036912862610187685,-0.015306199922609025,-0.007324484676363897,-0.2039636408112412,0.01161491366159026,-0.28051827549838637,-0.008609515545322344
2025-05-21,-0.006606868956388617,0.012706050046628736,-0.012093592646214357,-0.008609515545322344,0.01729755381526457,0.02479964269284297,-0.2501339720423175,0.0007242933299244072
2025-05-22,-0.003677960440910151,0.009303722828949893,-0.003677960440910151,0.0007242933299244072,-0.2782970752842103,0.012981683269860047,-0.5338203862695601,-0.01615563767595119
2025-05-23,-0.012678692617407323,-0.006975189629594096,-0.017481072427326,-0.01615563767595119,0.09975073772937049,0.010505882797731922,-0.37827828891177406,0.013182621503942445
2025-05-27,0.01235924623315634,0.017650972788847256,0.009544931114962723,0.013182621503942445,0.24990305558010165,0.008106041673884654,0.1160124804510889,-0.0021082365148701334
2025-05-28,0.0017172162058850737,0.007884567131128868,-0.004075086015767643,-0.0021082365148701334,-0.17659258758880095,0.011959653146896522,-0.03274530814426817,0.002737375878687266
2025-05-29,0.004284501162555105,0.007708616308476148,-0.004278625074747082,0.002737375878687266,-0.23253539136851537,0.011987241383223223,-0.2473286128384891,0.004176506824333998
2025-05-30,0.0018852677411694515,0.01082756459680744,-0.004436930038225294,0.004176506824333998,0.8656712162880632,0.01526449463503277,0.6831530937773446,-0.028566744975851904
2025-06-02,-0.01507362896383601,-0.012338195667427223,-0.04523937911548385,-0.028566744975851904,-0.01850977114908603,0.03290118344805661,0.4664670250122818,0.022283328991895418
2025-06-03,0.00014871863717019955,0.02264696724242065,-0.00228317691028457,0.022283328991895418,-0.41695440815592005,0.024930144152705117,-0.09770167240888057,0.00343662835382576
2025-06-04,-0.0023056978792555657,0.008329085577562349,-0.005859709510246376,0.00343662835382576,-0.39543340256519244,0.014188795087808776,-0.4969113221991974,0.003111793516392771
2025-06-05,0.0026299524950482655,0.018123785061748672,0.00016912228230053688,0.003111793516392771,0.21058811589713283,0.01795466277944809,-0.2593544829520558,0.004134027826058706
2025-06-06,0.005620007297688714,0.010660654732493318,0.00019262732746057944,0.004134027826058706,-0.058174867281177496,0.010468027405032544,-0.35055255592888357,-0.0015843005875992705
2025-06-09,0.000910969266993635,0.0049765308440360605,-0.004254503072014731,-0.0015843005875992705,0.34592285713847326,0.009231033916050816,0.1424317743822546,-0.0004806137281845039
2025-06-10,0.0008404087278635401,0.00851597694145093,-0.004430103760296259,-0.0004806137281845039,-0.1439530342785846,0.01294608070174718,0.08740589936312711,-0.007769374935114935
2025-06-11,-0.002069113510275132,-4.804473868309994e-05,-0.013648416432643622,-0.007769374935114935,0.25347730371958915,0.013600371693960491,0.35007170582056657,0.002032610555728277
2025-06-12,-0.0034212213381894876,0.008562256435009153,-0.0050266794227696214,0.002032610555728277,0.6231864514719789,0.013588935857778761,0.8516759856785986,-0.05464754919852123
2025-06-13,-0.052556173160468206,-0.03400321834051926,-0.07510141148152442,-0.05464754919852123,0.5209934506975991,0.041098193141005095,1.1104776574891684,0.025335087338716266
2025-06-16,0.0033389802189420083,0.03344190592212899,-0.0014563482951115289,0.025335087338716266,-0.44697938901558604,0.03489825421724045,0.26839864470755326,-0.04858113685243739
2025-06-17,-0.011138929835921726,-0.005141008317879148,-0.050883369203798066,-0.04858113685243739,0.009952806716594502,0.045742360885919015,0.14309636245548954,-0.01219907894061233
2025-06-18,0.0034173734793034906,0.006745247007450801,-0.013522565696945064,-0.01219907894061233,-0.35615701990806437,0.02026781270439583,-0.3462483408970571,-0.002967033766629539
2025-06-20,0.00643360964725627,0.011179472514157369,-0.01138612640220595,-0.002967033766629539,0.5247111792965156,0.022565598916363228,0.13743964622300672,0.008453980534217241
2025-06-23,0.001775942207729166,0.008690710217118742,-0.007135722222130157,0.008453980534217241,-0.7492385402612229,0.015826432439249034,-0.6617386546821526,0.0058232760250592685
2025-06-24,0.012652431091741176,0.012756354790119924,-0.004244461089728022,0.0058232760250592685,0.22207056189427982,0.017000815879847957,-0.23838032260741254,0.013534585706844666
2025-06-25,0.0032901033977055165,0.014823910320056925,-0.0008896469161483516,0.013534585706844666,-0.25461053306538844,0.015713557236205357,-0.42499281802723676,-0.006731353794816989
2025-06-26,-0.0009034543007229454,0.006276231499039763,-0.01214934800747915,-0.006731353794816989,-0.16927378164504808,0.018425579506518828,-0.4769822793399839,0.0022833357091492906
2025-06-27,0.0012720577658862208,0.013827801485489313,-0.0014037865822570505,0.0022833357091492906,0.48193175949581857,0.015231588067746342,0.07322108257322602,0.0027177569035272907
2025-06-30,0.003802731858521997,0.013259612737535814,-0.0031149772163515045,0.0027177569035272907,-0.09016000435110617,0.016374589953887356,0.12095888378943186,0.013402344817080037
2025-07-01,-0.0046115233773940814,0.014625723858457307,-0.0139513348536643,0.013402344817080037,-0.028183792775000105,0.028577058712121475,0.05446806326528075,-0.03538011214068071
2025-07-02,-0.019209054874220307,-0.013402344817079928,-0.0506625984487797,-0.03538011214068071,0.4255727499440953,0.037260253631699825,0.49325380589595064,0.002216993542443522
2025-07-03,-0.0012426171042393959,0.01242026522838764,-0.0017718899672474354,0.002216993542443522,-0.8811734712597961,0.01419215519563505,-0.528825172594148,-0.006294331882072255
2025-07-07,-0.001081504350228872,0.007642555988282999,-0.010042103419864067,-0.006294331882072255,0.21345187332241336,0.017684659408147146,-0.3039491448257388,0.013989183644888548
2025-07-08,0.00415659849330498,0.025331108177708145,0.000663033281656003,0.013989183644888548,0.04498021535067348,0.024668074896052078,-0.19277052414824936,-0.023451977142578278
2025-07-09,0.00329096277822375,0.006545114689901545,-0.03008920257855186,-0.023451977142578278,0.2426595442824329,0.03663431726845348,0.0924724210293245,-0.005236279504773641
2025-07-10,-0.0037297349474985017,0.0003213236863631421,-0.02130301557202092,-0.005236279504773641,-0.16130252807964754,0.021624339258384147,-0.07853887633362229,-0.02199382752119412
2025-07-11,-0.00927746321280418,-0.0007541242630550039,-0.0237843214368787,-0.02199382752119412,-0.12532226064673738,0.02303019717382365,-0.06134740908250465,0.00996799925633577
2025-07-14,-0.00044045382997276634,0.011846400879759566,-0.008762687703619152,0.00996799925633577,-0.20231897861296605,0.020609088583378697,-0.29933127777436014,-0.007686342324714493
2025-07-15,2.727493769346436e-05,0.0036175723021176207,-0.008510416744272017,-0.007686342324714493,-0.12777692146502345,0.01212798904638948,-0.3934872168054373,-0.006639610376819436
2025-07-16,0.0011251937141970364,0.0037548045535599523,-0.015133992013817996,-0.006639610376819436,0.3424742366890408,0.01888879656737807,0.012152927351411758,0.012853499268103266
2025-07-17,-0.0032392927201260985,0.014244206587869611,-0.006906595033497657,0.012853499268103266,-0.07283917946532024,0.021150801621367062,0.005324733513280377,-0.0018026980829790457
2025-07-18,0.0016904658314004564,0.003650026660804305,-0.006708252046705628,-0.0018026980829790457,-0.30628440258120054,0.010358278707509981,-0.2590431056525642,0.005153553139833346
2025-07-21,0.0019117875780268814,0.006784093504571659,-0.007298511279463012,0.005153553139833346,0.11915562030388079,0.014082604784034702,-0.06905158571279954,0.014016845590014869
2025-07-22,0.0008699634286302084,0.01837882821697346,0.0008699634286302084,0.014016845590014869,-0.12331193613604446,0.017508864788343344,-0.1836817311059417,-0.0011001937688071561
2025-07-23,0.0016613839754672432,0.002999212646840866,-0.009728790916244809,-0.0011001937688071561,-0.20523624898440015,0.012728003563085512,-0.3819616675133051,-0.002069446468545508
2025-07-24,-0.00150464204219598,0.009459516828386211,-0.0049793693291277285,-0.002069446468545508,0.2998780292094403,0.014438886157513849,0.03375682191982342,-0.0025591981329194076
2025-07-25,0.0016666539266200382,0.0019352276293614346,-0.00588235004287957,-0.0025591981329194076,-0.2709220064910598,0.007817577672241094,-0.18605669857087292,-0.0034314323623842774
2025-07-28,0.000781936621846934,0.004977627585860314,-0.005463430237139991,-0.0034314323623842774,0.3739321525201731,0.01044105782300041,0.22126039827674773,0.0033235934887039546
2025-07-29,0.0026489662169059715,0.017945044929609785,0.0006493418252267132,0.0033235934887039546,0.34986270402851827,0.017295703104383327,0.5534037213912538,-0.018239275449622526
2025-07-30,-5.4006126744798885e-05,5.392089049304504e-05,-0.019668838033818064,-0.018239275449622526,-0.25072754411296866,0.019722758924311006,0.16583046315926644,-0.01748717132510951
2025-07-31,-0.00479165461446763,-0.004129393342011178,-0.027094564366613873,-0.01748717132510951,0.3145174146692574,0.022965171024602674,0.3912592518643717,-0.028039129489296318
2025-08-01,-0.004876390467519193,-0.003921666346970183,-0.029017170438412027,-0.028039129489296318,-0.04653373241193581,0.02509550409144193,0.23198612528880824,-0.02607001722777212
2025-08-04,0.009614403664279276,0.009756744007405239,-0.02846330986821109,-0.02607001722777212,0.4035210513893474,0.038220053875616375,0.511513273246975,-0.000324726960852351
2025-08-05,0.001356587009374533,0.0114145641453319,-0.004436564428596675,-0.000324726960852351,-0.5006900109755852,0.015851128573928553,-0.15402787873417426,0.020107068864444334
2025-08-06,0.008553980728257079,0.020222820933178183,0.001327606915139194,0.020107068864444334,-0.1551574113624058,0.018895214018039116,-0.2948192452866591,-0.02149553080922061
2025-08-07,-0.004581936977875076,0.005079404183824581,-0.03824902365841899,-0.02149553080922061,0.3312774642020202,0.043328427842243555,0.03414715813251896,0.008184697619296166
2025-08-08,0.0012113264593632666,0.009708296797654519,-0.0056326306312254925,0.008184697619296166,-0.2844125793085318,0.015340927428880175,-0.2568448434729603,-0.021936537251783197
2025-08-11,-0.0193025003118596,0.0068668723813659375,-0.025479424175183427,-0.021936537251783197,0.2189040052570584,0.03234629655654943,-0.0020180256287415195,0.014224733586737641
2025-08-12,-0.00038972042444379785,0.015199399824513115,-0.010878635929740454,0.014224733586737641,-0.20149555115918086,0.026078035754253565,-0.10344238877625378,0.03666840000111207
2025-08-13,0.003274530905474131,0.03863189799155134,-0.002603643318929631,0.03666840000111207,0.2035318622514364,0.041235541310480905,0.11739683335699307,-0.00711793407200334
2025-08-14,-0.004482092970431607,0.001394732107653837,-0.014257886367876409,-0.00711793407200334,-0.15534755893670513,0.015652618475530344,-0.08944371831291006,0.017827461598968006
2025-08-15,-0.0007174528141582229,0.024680080295917367,-0.001665240797818905,0.017827461598968006,-0.00720767291124761,0.0263453210937364,-0.05088419681584102,0.006712615308109212
2025-08-18,0.0023362474524670305,0.00992663762743374,-0.005227125237964442,0.006712615308109212,-0.24076365871415284,0.015153762865398311,-0.3023701150905083,0.010553256512596343
2025-08-19,0.005527220084150008,0.01940516673619341,0.002460314652013897,0.010553256512596343,-0.04013799996554419,0.016944852084179295,-0.26672685810534413,-0.02127562878908066
2025-08-20,0.0017987687438335502,0.0054417802728841036,-0.02192655070091877,-0.02127562878908066,0.2833725862656745,0.027368330973802712,0.059067316844933944,0.0
2025-08-21,-0.010009436177601907,0.001102904737990601,-0.0183606452560268,0.0,-0.4558284396342609,0.01946354999401744,-0.35923091636257265,0.02420736439307724
2025-08-22,0.006683315720159939,0.025752739776214964,0.0016114879308883644,0.02420736439307724,0.2579406621369076,0.024141251845326527,-0.016073616299942813,0.0030883662656757275
2025-08-25,0.0012971815098790826,0.007045183096268102,-0.001907428326367591,0.0030883662656757275,-0.30281374506268854,0.008952611422635672,-0.27548360900591307,-0.023116909336480067
2025-08-26,-0.0004956837461086673,5.5116819524679454e-05,-0.026532025137817574,-0.023116909336480067,0.5878604248136405,0.02658714195734244,0.3579893878968551,0.004049164550588427
2025-08-27,0.0030103338356536388,0.015267021351363349,0.0007041559501210315,0.004049164550588427,-0.5469729312214131,0.0145628654012423,-0.2738602498991505,-0.0067295228175231975
2025-08-28,0.0035855349755244863,0.005345595969693963,-0.020526394247028196,-0.0067295228175231975,0.47978548016922884,0.02587199021672217,0.29890234943275984,0.007711238328744163
2025-08-29,0.0001130248755504638,0.009251928551752862,-0.00424677186566504,0.007711238328744163,-0.3653027931464585,0.01349870041741784,-0.1636201302509931,-0.03152627374161439
2025-09-02,-0.018276520695081903,-0.011248961265689283,-0.044191875440765305,-0.03152627374161439,0.4715464085415527,0.03294291417507592,0.3352746752684862,0.008269377355224662
2025-09-03,0.00026034956998459495,0.008298099369214345,-0.006589436065059533,0.008269377355224662,-0.33174987261182876,0.014887535434273725,-0.11892084412611145,-0.012095822930613388
2025-09-04,-0.018126013400918368,-0.011805411430900055,-0.05001042057466142,-0.012095822930613388,0.4826526759263019,0.03820500914376132,0.4260131079753192,0.013443554850329937
2025-09-05,0.004347076951101303,0.02964541027538664,0.0022918405202154994,0.013443554850329937,-0.053389709879106594,0.02735356975517105,0.2244849043501415,0.02738891261051489
2025-09-08,-0.0003153085197513932,0.027834928282901156,-0.015536886700930622,0.02738891261051489,0.07848739726387124,0.04337181498383168,0.2578587355345212,-0.012908491329136865
2025-09-09,0.011339017033487216,0.011339017033487216,-0.01582183903069936,-0.012908491329136865,-0.15367161099572957,0.027160856064186608,-0.012152727852497075,-0.011076180060644585
2025-09-10,0.0062786465629877655,0.014385119792166055,-0.016919149506593983,-0.011076180060644585,0.051287513890369896,0.03130426929876005,0.03478133412836934,0.0011131114894365685
2025-09-11,0.012853972085314485,0.014431563636181595,-0.008604424016219215,0.0011131114894365685,0.952778867726543,0.023035987652400627,0.9208248088414588,-0.0034004475825097063
2025-09-12,0.02965163035551038,0.04449520649624126,-0.025833622220430143,-0.0034004475825097063,0.1810189121850557,0.07032882871667122,0.8448808853230833,-0.0064899267959001895
2025-09-15,0.0032578392266894417,0.024430119152745153,-0.012413568558917124,-0.0064899267959001895,-0.7371800416744321,0.036843687711662174,-0.16392959966705595,0.0160899824423301
2025-09-16,0.008777262888973299,0.02795476681563676,0.0035086780614521033,0.0160899824423301,-0.010634605928879394,0.024446088754184515,-0.21692566386954934,0.026134660632267683
2025-09-17,0.0012748983526723562,0.03419443068810621,0.0012748983526723562,0.026134660632267683,-0.03759503811638739,0.032919532335433946,-0.3099800265770764,0.01477686241091629
2025-09-18,0.013142680430320441,0.023987009874018965,0.010385846486495336,0.01477686241091629,-0.30541487320953054,0.013601163387523615,-0.6576429765770379,-0.004254390593238108
2025-09-19,0.004019589873217317,0.007726040155468952,-0.013479609333199045,-0.004254390593238108,0.48166107087480237,0.02120564948866824,-0.009045151245845692,-0.0049864685172197306
2025-09-22,-0.0047667137901001135,-0.0014221340722519351,-0.0180354245568246,-0.0049864685172197306,-0.49070784574488313,0.016613290484572624,-0.31791001275124703,-0.006337297927781181
2025-09-23,0.0002746439650508777,0.012691111862935379,-0.007664982459930995,-0.006337297927781181,-0.20645101050886583,0.020356094322866423,-0.4586205361628454,-0.023803682909657953
2025-09-24,-0.017229768095588634,-0.017229768095588634,-0.0394087220769954,-0.023803682909657953,0.4716727739360024,0.022178953981406627,0.11240663495607656,0.002516192774481317
2025-09-25,-0.003857134495545226,0.010503175789966792,-0.005022894738952719,0.002516192774481317,-0.6098424475399414,0.015526070528919382,-0.4860761569805548,0.01738246911236825
2025-09-26,-0.0012714545630112834,0.01835323873274885,-0.0039041690410616006,0.01738246911236825,-0.08232801147076206,0.022257407773810484,-0.5148033837229038,-0.002639609413194246
2025-09-29,0.0046234586845964,0.007739813293865963,-0.004366171713707807,-0.002639609413194246,0.2824372980544485,0.012105985007573816,-0.03428846700868386,-0.018732067730404332
2025-09-30,0.003111272810907058,0.00715255336244325,-0.02684427653328554,-0.018732067730404332,0.2740029823677922,0.03399682989572876,0.27022201881247165,-0.025932214736454844
2025-10-01,-0.015973811408114044,-0.008312306916171816,-0.03666696100903031,-0.025932214736454844,0.19358415213552002,0.028354654092858592,0.3916970960297814,0.02232546588850849
2025-10-02,0.00011639187853520848,0.023036491052316786,-0.0037892830055742464,0.02232546588850849,-0.49759698180032064,0.02682577405789105,-0.12239615617471812,-0.013577650491350068
2025-10-03,0.001478333713120044,0.0031530565415845186,-0.014818521246789883,-0.013577650491350068,-0.23657588157600115,0.017971577788374417,-0.3862757260047793,0.009757924947102804
2025-10-06,0.0005478179850332424,0.030112507863145094,-0.013647477123642834,0.009757924947102804,0.5367572531244847,0.043759984986787924,0.1483463027296833,-0.005240235508790985
2025-10-07,0.00697278208583181,0.00906931008712824,-0.016994056179038538,-0.005240235508790985,-0.48879257626447714,0.026063366266166742,-0.3939133735735514,0.0013197668293627703
2025-10-08,0.004840273651520679,0.01634523078757452,-0.002270695139936459,0.0013197668293627703,0.0028961227467799297,0.01861592592751095,-0.30123817373039047,-0.0037343138053180214
2025-10-09,0.0028631165418580135,0.005233342234605059,-0.012899312771460066,-0.0037343138053180214,-0.12620884425286638,0.018132655006065288,-0.27069523189651357,-0.02908316541839059
2025-10-10,0.0012655023067632395,0.003590977574679008,-0.03077345365210637,-0.02908316541839059,0.391355792413327,0.034364431226785404,0.17812897555584942,0.005348468086930847
2025-10-13,0.005142130277385754,0.008173636082741869,-0.005645440557847036,0.005348468086930847,-0.3492236566756842,0.013819076640588842,-0.23383943221053904,-0.010011056668278933
2025-10-14,-0.01215660018391272,-0.0014746219948804603,-0.019642337421007284,-0.010011056668278933,0.005547314869328311,0.018167715426126815,-0.09863042151721822,-0.01593263971647683
2025-10-15,-0.001549061920164655,-0.0010125870763175988,-0.020236760799814433,-0.01593263971647683,0.2577767219741333,0.0192241737234969,0.17348617789316667,-0.0042433121070241196
2025-10-16,0.009721759411484855,0.01804385672136996,-0.009511885064461193,-0.0042433121070241196,0.1510961417945155,0.027555741785831256,0.286287259268315,0.012166367381055103
2025-10-17,-0.004505505388934557,0.017672384924533435,-0.004658035077346119,0.012166367381055103,-0.12470382033741545,0.02233042000187949,0.06845132935288915,0.029972935275797426
2025-10-20,0.004132375493862801,0.03229992382857646,0.002966220568253723,0.029972935275797426,-0.03320957220242168,0.029333703260322648,0.04846023294992525,0.04037924766404113
2025-10-21,0.0005531447297680811,0.0426700279254881,-0.00023295250607285078,0.04037924766404113,0.1174641581026611,0.04290298043156091,0.11952099627352201,-0.009724070586862433
2025-10-22,-0.005806158577748041,0.00735649842669609,-0.013175475041210579,-0.009724070586862433,-0.24495288350014247,0.020531973467906747,-0.19258592678358938,8.471718749184968e-05
2025-10-23,-0.004472089419397622,0.0007340347140295929,-0.015310501054093897,8.471718749184968e-05,-0.3554699492985052,0.016044535768123355,-0.5240577367938123,-0.0016957952087461713
2025-10-24,0.008687995255642443,0.011176469094285513,-0.002346551360075175,-0.0016957952087461713,-0.17727637566254018,0.01352302045436086,-0.5888823563020928,0.012034107212185348
2025-10-27,0.005782126479433166,0.014155973498176495,-0.0031447488500004023,0.012034107212185348,0.3380787877305755,0.017300722348176756,-0.1330831272580703,0.0058798734123102535
2025-10-28,0.00612989449244994,0.016355248598699537,0.0,0.0058798734123102535,0.060836748386083064,0.016355248598699537,-0.0033812879104407442,-0.06322244523196578
2025-10-29,-0.012272534820889454,-0.012272534820889454,-0.06562275928784013,-0.06322244523196578,0.808546636611083,0.05335022446695056,0.901445565584427,0.004076227568675031
2025-10-30,0.0010059074205485616,0.020042943798262224,-0.014188801615043356,0.004076227568675031,-0.4335288453105122,0.034231745413305745,0.2514078588387119,0.0031491670303406202
2025-10-31,-0.001592996842163861,0.005936886008770423,-0.00721854658270905,0.0031491670303406202,-0.15017220244978563,0.013155432591479561,-0.00811915308725539,-0.00838033864700218
2025-11-03,0.0,0.006297877872167597,-0.02207488039399389,-0.00838033864700218,0.03990112637219192,0.028372758266161424,-0.05628794936369311,-0.00630184034388353
2025-11-04,-0.007286422347575432,0.009085300752214347,-0.01390487185325775,-0.00630184034388353,-0.05843283924365288,0.02299017260547208,-0.16592405582135225,0.000536586807744908
2025-11-05,-0.008204192334692509,0.004433248543655968,-0.012331622062703463,0.000536586807744908,-0.33347751028688266,0.01676487060635942,-0.5304971135776663,-0.024681414021596168
2025-11-06,-0.007568877573481384,-0.006968420625490167,-0.03327179768662279,-0.024681414021596168,0.3847613305749294,0.026303377061132737,0.055477426446902234,-0.0012226621889649687
2025-11-07,-0.004654221783134939,0.011118662371246053,-0.01328475914463329,-0.0012226621889649687,0.05598052036028808,0.024403421515879185,0.13815087882581123,0.0057944469641771894
2025-11-10,0.003206317040779705,0.009164117752325103,-0.005982109013626424,0.0057944469641771894,-0.28685568638525866,0.015146226765951558,-0.1680149744342846,0.013201197856736471
2025-11-11,0.001974615635020714,0.015539254669159236,0.0008510860254812433,0.013201197856736471,-0.08791292293672737,0.014688168643678015,-0.20942796306550382,0.011428314917898497
2025-11-12,0.0011696659813578345,0.015425673531396846,-0.00012007366547535664,0.011428314917898497,0.05605345221439542,0.015545747196872135,-0.10234480314305686,-0.010288562301674313
2025-11-13,-0.006070839806116749,0.008714366528031066,-0.012689578814904599,-0.010288562301674313,0.031081714509686525,0.02140394534293568,-0.09179094142858475,-0.007492086567996198
2025-11-14,-0.0020704945996211873,0.00044952093395762735,-0.015131926921657221,-0.007492086567996198,-0.11068419180746202,0.015581447855614862,-0.15374293600063568,-0.01841003592811499
2025-11-17,0.0,0.003828305177323783,-0.020380828401063793,-0.01841003592811499,0.17818467097251967,0.02420913357838753,0.11209017984434208,-0.0018474805748168838
2025-11-18,-0.003976297241192957,0.004818125572745411,-0.013222728343874742,-0.0018474805748168838,-0.00412972772033247,0.01804085391662007,0.09362343373513238,-0.019795896841797778
2025-11-19,-0.003983664828442344,-0.0034268773549734326,-0.02904920475385773,-0.019795896841797778,0.12886497165197727,0.025622327398884398,0.19226165872447581,-0.01811279043974706
2025-11-20,0.002386292032961442,0.015812232013355482,-0.019105592851007467,-0.01811279043974706,0.03841379003890798,0.034917824864362935,0.18330226817669812,0.0370453727713034
2025-11-21,0.0037382455644195513,0.04796672421578042,-0.0025961891255705336,0.0370453727713034,0.216822130466222,0.05056291334135106,0.3518255403141815,-0.016985387324217373
2025-11-24,0.0024954111304054637,0.004861805973400067,-0.018209788701391325,-0.016985387324217373,0.11516843808050292,0.023071594674791314,0.35222059358935215,0.002569334020483118
2025-11-25,-0.0030165677946498307,0.008715332095862333,-0.009963833246332479,0.002569334020483118,-0.3633142097378555,0.018679165342195006,-0.1164257626096016,-0.006372944021216994
2025-11-26,-0.001095814077365553,0.006612499159705291,-0.010855079365213327,-0.006372944021216994,-0.21883676976905217,0.017467578524918488,-0.3576397676028533,0.008186404674795153
2025-11-28,0.0008814418171857267,0.014973033884453923,0.0,0.008186404674795153,-0.5179029506640049,0.014973033884453923,-0.842001426428493,0.008460659428412606
2025-12-01,-0.011751502419049317,0.018599603398523224,-0.012636970609314862,0.008460659428412606,0.706075127747684,0.031236574007838174,-0.031036369517336695,-0.0001239306902896705
2025-12-02,-0.00381712873364055,0.00958681025979688,-0.014884956724339805,-0.0001239306902896705,0.08103448610184621,0.024471766984136653,0.11437239179458572,0.01222325057982832
2025-12-03,-0.0025744413520004017,0.012865652237379384,-0.0067760817131409246,0.01222325057982832,-0.25047412694918997,0.019641733950520168,-0.05011487012562327,0.005949620692852244
2025-12-04,0.005462769450459103,0.012498880263140479,-0.008173355339432158,0.005949620692852244,0.15314903816425898,0.020672235602572586,0.1460881770475201,0.051953187594106824
2025-12-05,0.0056724252888789356,0.0586596574357287,0.0029766757448435274,0.051953187594106824,0.7559652681697968,0.05568298169088528,0.8661532735650512,-0.02083595350818459
2025-12-08,0.003430838739452138,0.006390905116932489,-0.023966578853868197,-0.02083595350818459,-0.5776323921727138,0.03035748397080083,-0.02155199226306025,0.015217466159009168
2025-12-09,0.006700779836536788,0.02521607979803448,-0.0018889737762547586,0.015217466159009168,-0.006050501445678484,0.027105053574289335,-0.056463027970451336,-0.0034620804680758044
2025-12-10,-0.006380682737585748,0.01040112807878732,-0.010950772808887777,-0.0034620804680758044,0.4643611734868492,0.021351900887675034,0.3943400175313605,0.02105155259821809
2025-12-11,-0.004322594974867363,0.03962638344280419,-0.027597320016875846,0.02105155259821809,0.40289426728612543,0.06722370345968,0.6470865274611063,0.016976895654424704
2025-12-12,0.0031625761568103124,0.034442642410493,-0.0038311928121532476,0.016976895654424704,-0.6165139545390295,0.03827383522264621,-0.19009893816795287,-0.014924381365953653
2025-12-15,-0.01080355931568054,-0.004020057114061795,-0.03584507308405871,-0.014924381365953653,-0.0006931777001381043,0.031825015969996893,-0.12322592307976804,-0.009327085264144228
2025-12-16,-0.003280310740064495,0.013323888691681152,-0.01642346866654665,-0.009327085264144228,-0.28570717427670156,0.029747357358227956,-0.4465003769553695,0.019273214430643833
2025-12-17,0.0,0.02808775699832625,-0.00025881313704480713,0.019273214430643833,0.059712900128472086,0.02834657013537104,-0.3821309526391275,0.003237279262555998
2025-12-18,0.0034058875116381765,0.0103226517620784,-0.009348297199593809,0.003237279262555998,-0.2653630834536826,0.019670948961672215,-0.5689926656841047,0.00014048026262565273
2025-12-19,-0.0007872432175869105,0.004878304701057824,-0.011931160072568083,0.00014048026262565273,0.9542809101635069,0.016809464773625903,0.6464392309143947,0.004681917367747927
2025-12-22,-0.0007589824543713864,0.010371539542576311,-0.0032649577205428816,0.004681917367747927,-1.0785873994403965,0.013636497263119163,-0.564310044657629,-0.01439558704085873
2025-12-23,-0.00016782533911764518,0.00596771043820258,-0.019630383790037488,-0.01439558704085873,0.030501424912913484,0.025598094228240234,-0.43201000893383457,0.0015877449868307587
2025-12-24,-0.0005961198853875489,0.0065896317980576324,-0.0037241612796915144,0.0015877449868307587,-0.9619531145233751,0.010313793077749113,-1.3475731374315787,0.0023203179941271032
2025-12-26,-0.0013608069766017545,0.009165191267676209,-0.0019851187568165705,0.0023203179941271032,0.2210668143047484,0.011150310024492783,-0.9724165340119008,-0.001810524820123056
2025-12-29,-0.0012160944020962077,0.008107253509201278,-0.007489776736437913,-0.001810524820123056,0.6523996340506741,0.015597030245639115,-0.21617299984127766,-0.0018422040555517317
