date,open_ret,high_ret,low_ret,close_ret,volume_ret,range_ret,vol_ratio,target_return
2022-01-04,0.018876601946174132,0.047572652181770175,0.018451512518366082,0.038445880310752,0.24170212488882875,0.029121139663404304,0.24170212488882875,-0.01702261039764004
2022-01-05,0.0031207288307494724,0.007887073907209382,-0.017446618411864404,-0.01702261039764004,-0.2553868791119018,0.02533369231907379,-0.14182059978664602,0.01993562505945599
2022-01-06,0.01681416742297165,0.02055871738435411,0.00021189618912309839,0.01993562505945599,-0.10481348851367706,0.02034682119523095,-0.2015589375756782,0.021581337486014495
2022-01-07,0.0004154644269319659,0.024221222578872416,-0.0014554466244805463,0.021581337486014495,0.12690651693573696,0.025676669203352896,-0.027942133816789286,-0.005096331455309405
2022-01-10,0.014734337430928224,0.018134720361107325,-0.017227664561436328,-0.005096331455309405,0.12335775832921816,0.03536238492254368,0.10094193913226808,0.0057061247353694215
2022-01-11,0.0012255183738800453,0.006518656080078563,-0.0059444864284540775,0.0057061247353694215,-0.502118809292857,0.012463142508532667,-0.4281237764111966,-0.007137757951949042
2022-01-12,-0.0008131920888069309,0.003448669274167747,-0.010828561885044595,-0.007137757951949042,0.022573924765763583,0.014277231159212183,-0.28897057447193053,-0.0020488081313965014
2022-01-13,0.0012271950679587373,0.012811584557626253,-0.004718431941623842,-0.0020488081313965014,0.11320222985529917,0.017530016499250036,-0.11450491724115976,-0.017586022479898444
2022-01-14,-0.025759585502579826,-0.010929045600426878,-0.03272829355306178,-0.017586022479898444,0.45386794193213714,0.021799247952634843,0.3615610166804381,-0.03504662719018113
2022-01-18,-0.00125316169997846,0.0002086678863913909,-0.03959650157646093,-0.03504662719018113,-0.10202407157354267,0.03980516946285241,0.2063855595494768,0.003883506738430103
2022-01-19,0.04501554767208806,0.04893434074559552,0.0019436385711037076,0.003883506738430103,0.24838551857842692,0.04699070217449188,0.4583679642592367,-0.014969335536863235
2022-01-20,0.005368852311493442,0.013049722557491263,-0.01693848949857261,-0.014969335536863235,-0.601788737350459,0.029988212056063706,-0.2959563487928752,-0.01830870261385973
2022-01-21,-0.003942193142596306,0.00588430283274888,-0.024113548726175275,-0.01830870261385973,0.4325545969658057,0.029997851558924152,0.12100555645120702,-0.008270952316317217
2022-01-24,-0.0229687342684839,-0.005133356891579807,-0.053263601589832094,-0.008270952316317217,0.2403095025023541,0.04813024469825239,0.28524762678670224,0.019560549697452998
2022-01-25,-0.005853198185049208,0.022637461787580613,-0.016293580584348866,0.019560549697452998,-0.20921881525706146,0.038931042371929334,0.025349286627680028,0.010292463821241576
2022-01-26,0.007674601371063326,0.022419021147745057,-0.0037490833684092613,0.010292463821241576,-0.14329109014538916,0.02616810451615439,-0.13912828427370014,-0.009412355626788277
2022-01-27,0.01018752505870319,0.01834910542464786,-0.017804654492981447,-0.009412355626788277,-0.005244698512830542,0.03615375991762938,-0.08614765612012439,0.008758490640116705
2022-01-28,-0.0030836893366203624,0.009194420423164925,-0.022687815559354178,0.008758490640116705,-0.21672947224569988,0.03188223598251903,-0.35128262261164617,0.005868954193978702
2022-01-31,-0.0076594854489814065,0.008682527488846362,-0.014271791478791443,0.005868954193978702,-0.13070473883827502,0.022954318967637687,-0.42451657453535385,0.017189921649215522
2022-02-01,0.0015159655524988008,0.02059272910843644,-0.005215089207307139,0.017189921649215522,-0.10505620368883763,0.025807818315743487,-0.3857177281786112,-0.0010657410817437715
2022-02-02,-0.004697796518535912,0.00042599485737264983,-0.0137282165525563,-0.0010657410817437715,0.019619497801281915,0.01415421140992904,-0.24725118114384614,-0.009858611480181927
2022-02-03,0.007013137423940091,0.008494455930808182,-0.011583160993759651,-0.009858611480181927,-0.13645354852605424,0.020077616924567797,-0.29392205666906673,0.03907156234085948
2022-02-04,0.013902512679840733,0.04752783338517849,0.005370005351323377,0.03907156234085948,0.5191067595889453,0.042157828033854955,0.3466127194059807,0.004752556711191358
2022-02-07,0.005782804086030739,0.009892899244538716,-0.0060246801000061025,0.004752556711191358,-0.29652245202228245,0.0159175793445449,0.007618945417945852,0.017775577890860615
2022-02-08,0.013106949981828356,0.0306530069443899,0.008825102297121988,0.017775577890860615,0.10043258780595553,0.021827904647268016,0.1079117192661497,-0.002027211093053681
2022-02-09,-0.0032454357836894706,0.008268673494310258,-0.00711317478148026,-0.002027211093053681,-0.3809272826040358,0.01538184827579065,-0.313686432051518,-0.004678123997451853
2022-02-10,0.008084149313550427,0.016702306697365284,-0.01060802426445948,-0.004678123997451853,0.3296408909733667,0.027310330961824836,0.04781122000792974,-0.02330725486051473
2022-02-11,-0.008599524077235045,0.00791961491546227,-0.03211045941645523,-0.02330725486051473,0.25988372196516485,0.04003007433191735,0.25898231283148715,-0.010488873572830475
2022-02-14,0.0020846847293421963,0.005618586558277539,-0.02066275442996546,-0.010488873572830475,-0.30976415632324655,0.026281340988242922,-0.053997445882484986,0.007772389723660674
2022-02-15,0.01215696888418534,0.019835722729002175,0.00315826200518536,0.007772389723660674,-0.05493556264030164,0.01667746072381685,-0.10879381922617652,-0.0023044025897731267
2022-02-16,-0.007350706005852424,0.009372155465651046,-0.010094713076810062,-0.0023044025897731267,-0.14528004496281963,0.019466868542461175,-0.22329911161906815,-0.03435005683394327
2022-02-17,-0.01436442744753451,-0.008213153141958016,-0.03695816375220942,-0.03435005683394327,0.2989966437610955,0.028745010610251226,0.06353950034491035,-0.002390539263185187
2022-02-18,0.0,0.010150205222333827,-0.0076261066974968195,-0.002390539263185187,-0.26700566000589665,0.017776311919830663,-0.21358578402762762,-0.008741264339011779
2022-02-22,-0.017338323930917127,0.0004350763188581261,-0.02022042890204621,-0.008741264339011779,0.3156239885037468,0.0206555052209044,0.20628160740440896,-0.01726858481085147
2022-02-23,0.008523696683931017,0.011999690734020229,-0.021969188610100335,-0.01726858481085147,-0.12722117099943694,0.033968879344120496,0.045925716045816786,-0.02670446855283611
2022-02-24,-0.04056146821703889,-0.024871245487326672,-0.06290221563526992,-0.02670446855283611,0.5658628335610619,0.03803097014794326,0.5967496396843807,0.032049730288827835
2022-02-25,0.004805017814560774,0.03935302755665629,0.0006878962589637223,0.032049730288827835,-0.16078652666986307,0.0386651312976926,0.2555034646305288,-0.018382039301867208
2022-02-28,-0.02930115441732413,-0.017025548946573058,-0.035726201634426955,-0.018382039301867208,0.02057464659705261,0.018700652687853987,0.20662263883038381,-0.039926833276831115
2022-03-01,-0.01114791841499239,-0.010461752722378355,-0.052723237883834276,-0.039926833276831115,0.06823867715708083,0.04226148516145586,0.1679529756022228,0.016116163786638542
2022-03-02,0.006337316094673565,0.02488210376577643,0.0035256285412142395,0.016116163786638542,-0.055747561914879055,0.021356475224562202,0.04210155464723036,-0.015645343225182726
2022-03-03,-0.0016231816856427527,0.007846801240105224,-0.02225699874994711,-0.015645343225182726,-0.3739747473643035,0.030103799990052218,-0.403267092831372,-0.03691696469927222
2022-03-04,-0.025263530173982134,-0.025022228817385608,-0.05242117743508119,-0.03691696469927222,0.43872359556122603,0.02739894861769559,0.12654201396380726,-0.0658580873327184
2022-03-07,-0.025223900212179,-0.020726133931174423,-0.06925459143168201,-0.0658580873327184,0.373372823866571,0.04852845750050765,0.4789847843408637,0.006499437906245888
2022-03-08,0.018861159658618887,0.03384937764688986,-0.004443922811265152,0.006499437906245888,-0.3604754923236033,0.03829330045815495,0.007745275707963103,0.06155404366707901
2022-03-09,0.0436064316937143,0.07534735815963044,0.03987829208036865,0.06155404366707901,0.02137690383738085,0.03546906607926183,0.024765881530185437,-0.009056548273797423
2022-03-10,-0.01844390124399065,0.010664149154873208,-0.022921528171781117,-0.009056548273797423,-0.47155019273768234,0.03358567732665435,-0.4659283364022428,-0.008395020609809458
2022-03-11,0.009056548273797442,0.01730702323286369,-0.009387352970193226,-0.008395020609809458,-0.10484521222739446,0.026694376203057014,-0.5709550944231336,0.02134262058635036
2022-03-14,0.014034446069230027,0.04485052799863299,0.014034446069230027,0.02134262058635036,0.21085627722906136,0.030816081929402973,-0.2752830848158797,0.007255152363224176
2022-03-15,0.0014551920894342717,0.013979452037587346,-0.008042003431699295,0.007255152363224176,-0.27066418991407976,0.02202145546928675,-0.3770767777091553,0.030844657525410102
2022-03-16,0.017674251897782534,0.03666878591491623,0.010069569096393536,0.030844657525410102,0.36243242326391445,0.02659921681852284,0.1092260121420265,0.005359433719792606
2022-03-17,-0.009153904873485939,0.005591852363011973,-0.022924255534237156,0.005359433719792606,-0.16838625966537699,0.02851610789724927,0.013681250554651381,-0.003025656979611811
2022-03-18,-0.006294471578210808,-0.002326629136702697,-0.018056546011569693,-0.003025656979611811,0.3931909052106468,0.01572991687486689,0.40101647994381473,-0.0013996123608866603
2022-03-21,0.010434806525254461,0.01227859207132964,-0.009132558615591549,-0.0013996123608866603,-0.45799554373037094,0.021411150686921402,-0.1724644891731112,0.0307999557581692
2022-03-22,0.022618078061660135,0.040934053432495156,0.01987587041875608,0.0307999557581692,0.10574552720974503,0.021058183013739174,-0.04081701366347531,-0.024981249730635608
2022-03-23,-0.010466513670257178,-0.0038553622148316253,-0.026374686417670795,-0.024981249730635608,-0.07578062100668302,0.02251932420283903,-0.15601893520782575,-0.0004642631884479084
2022-03-24,0.00670757485213429,0.007859498404682738,-0.004652270870727801,-0.0004642631884479084,-0.469221476457072,0.012511769275410596,-0.5859181124605293,0.015207662976431632
2022-03-25,0.009474359744422579,0.02725460471957742,0.006018586029733333,0.015207662976431632,0.2495910600677247,0.021236018689844125,-0.2605665057575825,-0.004124669177064149
2022-03-28,-0.00045746702714069624,0.0004572578467492607,-0.02079552057791009,-0.004124669177064149,-0.04030824464484879,0.021252778424659325,-0.14956783168034238,-0.00252904176764396
2022-03-29,0.01594568567412835,0.019104519316380165,-0.010154682862762658,-0.00252904176764396,0.21391130096246333,0.0292592021791427,0.10989472513005483,-0.010180528318603716
2022-03-30,0.0,0.0048226732305786234,-0.0160114486293969,-0.010180528318603716,-0.23624899950085748,0.020834121859975605,-0.0970110829038505,-0.0422765106169091
2022-03-31,-0.0037278665522056196,-0.002561431395399701,-0.04276184082013405,-0.0422765106169091,0.6179754332122283,0.04020040942473416,0.5819872920316761,-0.007793504720345169
2022-04-01,0.011337653875513807,0.0125363367848298,-0.021332248176778323,-0.007793504720345169,-0.09208105568200221,0.03386858496160824,0.30934905388799955,-0.0017129501790082457
2022-04-04,-0.010322086685489161,0.005850769032538737,-0.018258628772333623,-0.0017129501790082457,-0.1414304793173648,0.024109397804872527,0.0716670919333019,-0.01704382201467752
2022-04-05,-0.009597789983759318,-0.0017159830020405669,-0.01953817286496207,-0.01704382201467752,-0.03752451274531775,0.01782218986292151,-0.029090877475555135,-0.011022121251859427
2022-04-06,-0.010015048802747272,-0.003243947244661702,-0.019877392076311583,-0.011022121251859427,0.044902130841594924,0.016633444831649906,-0.00434028794983659,-0.007839245423037754
2022-04-07,0.004774443705685773,0.007028110711674191,-0.02164316937326989,-0.007839245423037754,0.007820183897217765,0.028671280084944094,-0.05907881025785603,0.0070832268813487455
2022-04-08,0.00253555631442264,0.017864334772954307,-0.0017786739700966661,0.0070832268813487455,-0.28572618363478436,0.019643008743051,-0.2977173882870242,-0.002018623396831818
2022-04-11,-0.004800985398617671,0.01823463436730956,-0.007083226881348746,-0.002018623396831818,-0.18184530444725822,0.025317861248658383,-0.4008415901955598,-0.010665464040857301
2022-04-12,-0.0005053172872109403,0.012300937489363423,-0.018868527434748938,-0.010665464040857301,0.2256416930261711,0.03116946492411231,-0.09547965757880218,-0.008975531051823625
2022-04-13,-0.017252859637646247,-0.004093120439398296,-0.020895835005001372,-0.008975531051823625,0.059535688227094194,0.016802714565603144,0.0026563142010605084,-0.03272971841654183
2022-04-14,-0.008537058976040455,0.003856580795231742,-0.036730297966133196,-0.03272971841654183,0.5524878208387175,0.040586878761364915,0.5941440608768688,0.03350218607447374
2022-04-18,-0.004000579549591292,0.04527312290565145,-0.009359567451947867,0.03350218607447374,0.013177047511521253,0.05463269035759927,0.5010987281130279,0.018363210147537903
2022-04-19,0.009223755417414017,0.026166934339374615,0.006670166835952623,0.018363210147537903,-0.39935248266506707,0.019496767503422063,-0.04755162956939324,0.002271871559218523
2022-04-20,0.014551230712194883,0.020015660721674863,0.001010379357821177,0.002271871559218523,-0.1321626467479609,0.01900528136385378,-0.2467089434732324,-0.019091836169347336
2022-04-21,0.00853633486968655,0.013772578896284448,-0.026572869900930787,-0.019091836169347336,-0.017541940460404398,0.04034544879721519,-0.27812980576354224,-0.035311592172247344
2022-04-22,-0.0025733023091095816,-0.001543245537409282,-0.036910350098537284,-0.035311592172247344,0.08621278923963478,0.03536710456112803,-0.19440822116948403,-0.007214472160374777
2022-04-25,-0.01799919583924746,-0.0042689456832684545,-0.04436708128360731,-0.007214472160374777,0.24339113778683552,0.04009813560033891,0.14714146676719247,-0.022783739356489797
2022-04-26,-0.01105579109197786,0.0066818368041307846,-0.023607194718895653,-0.022783739356489797,-0.36114764125589277,0.03028903152302636,-0.15546667813019616,-0.005502098085106645
2022-04-27,-0.004950513469979522,0.01254103352206382,-0.0077114840453596555,-0.005502098085106645,-0.11793675234344153,0.020252517567423498,-0.2387910240954578,0.015330203397798068
2022-04-28,0.013154466067955136,0.019126286741414516,-0.002485849996505938,0.015330203397798068,-0.006476688630679303,0.021612136737920545,-0.21621642512287084,-0.031179268433540297
2022-04-29,-0.0016313590396361444,0.008655712257412986,-0.03511073621150014,-0.031179268433540297,0.1802942874814938,0.043766448468913,-0.008353705642459134,0.012809952010608291
2022-05-02,0.009761574614873354,0.016676275335270534,-0.007878453021289705,0.012809952010608291,-0.015589857776950457,0.02455472835656044,-0.011202933154829156,0.02702502868034474
2022-05-03,0.005518798891371597,0.04040136471446834,0.005243628358183917,0.02702502868034474,0.04758886664013017,0.03515773635628444,0.11415149030039519,0.03934495238742428
2022-05-04,0.006442917959339738,0.04270545884346125,0.004031660117312775,0.03934495238742428,0.16772253194229453,0.03867379872614843,0.2631892460920726,-0.028363193796907864
2022-05-05,-0.014869185086595479,-0.010673011844922666,-0.04637206606703114,-0.028363193796907864,-0.16906013872586398,0.03569905422210853,0.016140413873074994,-0.0024003252109677598
2022-05-06,-0.004538840631176701,0.0021287399342549895,-0.025085611742549238,-0.0024003252109677598,0.03181514791045984,0.02721435167680422,0.010027086223939956,-0.02926250070457556
2022-05-09,-0.015608547059155587,-0.01046847242234747,-0.03782247447677269,-0.02926250070457556,0.015773014624767122,0.027354002054425165,0.013639293689846963,-0.016914326262546395
2022-05-10,0.01039399602797802,0.02068106732502706,-0.03326648164676028,-0.016914326262546395,0.16169905092643247,0.0539475489717874,0.1573410497969385,-0.005327325987540886
2022-05-11,0.00390743462950158,0.03192345667113155,-0.007015603680766009,-0.005327325987540886,-0.09148371162665887,0.038939060351897356,0.022846894869246785,-0.014156521930597939
2022-05-12,-0.01586889035670362,-0.003943649889914643,-0.0375241334768334,-0.014156521930597939,0.1078869154121721,0.03358048358691866,0.14155381817339222,0.0028473389727363078
2022-05-13,0.01303132022578322,0.01864460377339016,-0.008878803340299462,0.0028473389727363078,-0.22043823250301692,0.02752340711368981,-0.12438476026733107,-0.010288653148523029
2022-05-16,-0.00484533293350515,0.0,-0.021846179047935205,-0.010288653148523029,-0.22870226719529682,0.02184617904793528,-0.34832159705126564,0.03333642745357488
2022-05-17,0.02300250660072869,0.03970674488333176,0.01765418621647001,0.03333642745357488,0.08716832175307186,0.022052558666861528,-0.21620701589367186,-0.03132753906462246
2022-05-18,-0.010333920852846196,-0.008370669704216153,-0.039387530764839446,-0.03132753906462246,0.10586724067866678,0.031016861060623305,-0.04151828705778721,-0.012404610057397786
2022-05-19,-0.017059836488976188,-0.0011474732993708024,-0.018227064955113958,-0.012404610057397786,-0.008351778849855988,0.01707959165574308,-0.018736747263217148,-0.017274624875221186
2022-05-20,0.010108345250930567,0.01526743689806538,-0.04421434234160169,-0.017274624875221186,0.2834643897485136,0.05948177923966721,0.32598702270181834,0.057666867036064454
2022-05-23,0.026232857379153745,0.06848076430621193,0.023351885154310355,0.057666867036064454,0.10162332062595325,0.04512887915190158,0.3702850519876798,-0.006152072104837234
2022-05-24,-0.01121395856617712,0.0025059223770220853,-0.025696737167312318,-0.006152072104837234,-0.403467304809673,0.028202659544334412,-0.1516754409358045,0.00531540270224806
2022-05-25,-0.00421649318058632,0.01724177625385449,-0.010149526031809958,0.00531540270224806,0.06697856590050424,0.027391302285664623,-0.09768770092063533,0.022894339785713317
2022-05-26,0.018247668224241505,0.027519623164809784,0.013854474802716963,0.022894339785713317,0.19888826733705942,0.013665148362092592,0.09407070720962739,0.009499387360740888
2022-05-27,0.00598156291349,0.010309399000020121,-0.002457239131029623,0.009499387360740888,-0.32802578558732837,0.012766638131049612,-0.2810037397069994,0.004850462277567113
2022-05-31,-0.005417151994042399,0.013682261110207986,-0.011136875706796764,0.004850462277567113,0.5015570572487769,0.024819136817004928,0.2891567128771804,-0.014349849638308054
2022-06-01,0.006964890787584442,0.007231863595515541,-0.028078786447794865,-0.014349849638308054,-0.7091013494134675,0.03531065004331044,-0.4293258375423142,0.0008178436991476508
2022-06-02,-0.007115474153399344,0.0010902404193712614,-0.0164974456951239,0.0008178436991476508,0.0029470209683055315,0.017587686114495092,-0.3852405922092213,-0.013993976220113618
2022-06-03,-0.006012623191281012,-0.0005451201408508188,-0.01565320112640495,-0.013993976220113618,-0.3368293836260923,0.015108080985554159,-0.6666606022743076,-0.0011058088145272853
2022-06-06,0.013993976220113639,0.027794718125243104,-0.0024899765582313796,-0.0011058088145272853,0.4704414138250804,0.03028469468347442,-0.042742256879442726,0.005517171187691343
2022-06-07,-0.006939652816601429,0.007166467182093894,-0.011406434119886741,0.005517171187691343,-0.32615087743942733,0.018572901301980818,-0.35469536496457577,-0.012735473848773458
2022-06-08,-0.011899969544028317,-0.006624309810186233,-0.023098230990655888,-0.012735473848773458,0.1417158842769655,0.01647392118046961,0.015552006116604102,-0.03920959968054535
2022-06-09,-0.004188131458804736,-0.0013940957891380391,-0.03949936411602832,-0.03920959968054535,0.38608869970922016,0.03810526832689034,0.41165248587140163,-0.039603290715968555
2022-06-10,-0.02434489003763248,-0.013712757871991192,-0.0441356361175907,-0.039603290715968555,-0.0020417843531843733,0.03042287824559951,0.3271223905879008,-0.03528507589208031
2022-06-13,-0.023796083417417905,-0.012132321077119262,-0.04406808986971339,-0.03528507589208031,0.21612521328916065,0.03193576879259414,0.41621256659875094,-0.017643853335930968
2022-06-14,-0.0031279468929789078,0.017951519701811223,-0.024981565227579536,-0.017643853335930968,-0.21548468138255641,0.042933084929390804,0.10256131864927025,0.018580291033198453
2022-06-15,0.016393824562929846,0.03221553281321824,-0.0012722332731452568,0.018580291033198453,0.04342643227655185,0.03348776608636352,0.05917210031313933,-0.006259765566771826
2022-06-16,-0.017309613730428303,-0.0015612567622890405,-0.037836292848920726,-0.006259765566771826,0.17445342075196246,0.03627503608663154,0.16233010128363315,0.002195380976525553
2022-06-17,0.005635531514578843,0.022661265380455174,-0.006615270386295194,0.002195380976525553,0.27107460603363076,0.029276535766750315,0.388630781365647,0.028718923508958574
2022-06-21,0.029935866671836526,0.04202430411673627,0.021692789476915577,0.028718923508958574,-0.40751143287164465,0.020331514639820893,-0.12701631971887722,-0.007639456914168399
2022-06-22,-0.014101984141317326,0.0027359845780851643,-0.016265474270153176,-0.007639456914168399,-0.33478063977929773,0.019001458848238235,-0.4362061354493729,-0.01607940149048273
2022-06-23,-0.006771260330189016,-0.0058452291211531825,-0.04197290925135305,-0.01607940149048273,0.1406709205135841,0.0361276801302,-0.2575439590696306,0.007143982263919933
2022-06-24,-0.02621346389366619,0.021280636603632486,-0.026853683438908045,0.007143982263919933,0.5895491192984915,0.048134320042540465,0.3584678189432152,0.0012371514390940403
2022-06-27,0.0033986374883618574,0.008935419226562802,-0.012457386831664984,0.0012371514390940403,-0.5066943719643795,0.0213928060582277,-0.2114933085698983,-0.0027859531113781323
2022-06-28,0.014728813508234403,0.03493146505193,-0.0049581711304131065,-0.0027859531113781323,0.0401735211435579,0.03988963618234326,-0.05471011374117997,-0.012476697028510824
2022-06-29,-0.0009303390433965657,0.005564166246236833,-0.01877397103442607,-0.012476697028510824,-0.3496792052192197,0.024338137280662978,-0.39034180889135855,-0.023179366144676472
2022-06-30,-0.021895227412283624,-0.009777758833895875,-0.03904499868690134,-0.023179366144676472,0.2757915011888402,0.029267239853005445,-0.10232215321309955,0.013718521561170455
2022-07-01,-0.004830137281905698,0.017197905465052173,-0.016192064048907908,0.013718521561170455,-0.14064298195293404,0.0333899695139601,-0.25158562388823846,-0.01019116141077373
2022-07-05,-0.0243758138469286,-0.01019116141077373,-0.03580445984430702,-0.01019116141077373,0.16410654026149066,0.02561329843353335,0.07712904718285112,-0.008357497432302505
2022-07-06,-0.007389577151660136,0.00032005853748847074,-0.019392992692621656,-0.008357497432302505,-0.2771955690306502,0.019713051230110225,-0.19783814501030067,0.028009503426582354
2022-07-07,0.01664572561896799,0.032706481333449576,0.015692869044645594,0.028009503426582354,0.11064545127237538,0.017013612288804027,-0.021463701908595763,-0.0021995199172663805
2022-07-08,0.004696977906867325,0.0121667196025798,-0.00946084458350602,-0.0021995199172663805,-0.25338479694631033,0.021627564186085916,-0.2988848072282245,-0.010434935193118193
2022-07-11,-0.007578238916629535,0.0,-0.01585321678172209,-0.010434935193118193,-0.06094265124857562,0.015853216781722128,-0.2849181144512108,-0.0031836535838692037
2022-07-12,-0.014084696023375174,0.017956056981005594,-0.015375048316197695,-0.0031836535838692037,0.2989904057870217,0.03333110529720328,0.0717628062300235,-0.016720661302092595
2022-07-13,-0.00929050136219282,-0.006718981957704908,-0.031090619081118164,-0.016720661302092595,0.11069274604715208,0.024371637123413184,0.22626537195561927,-0.02329122835439296
2022-07-14,-0.024619657929851723,-0.020308619519821075,-0.03867611676870793,-0.02329122835439296,0.1579319117927561,0.018367497248886717,0.3385668791225269,0.06799671795331914
2022-07-15,0.017111324647763698,0.07971081805091387,0.015805447608471766,0.06799671795331914,0.4085546413045836,0.06390537044244218,0.6862306894141562,0.00030997742593093025
2022-07-18,0.025410882266025853,0.034438906990565836,-0.004662060640980896,0.00030997742593093025,-0.321997360802542,0.039100967631546885,0.15059346334306326,0.03322970594042878
2022-07-19,0.01964468348291069,0.04129307554252349,0.012935258662393688,0.03322970594042878,-0.18468357008785352,0.028357816880129658,-0.13991933322291364,0.0002998691783148296
2022-07-20,-0.005110432648260586,0.0029940827744502356,-0.012066442505165415,0.0002998691783148296,-0.277530024220828,0.015060525279615806,-0.44434202778630105,0.008655505649863966
2022-07-21,-0.00812646924163604,0.009249583004147148,-0.01236631168348011,0.008655505649863966,-0.1281249689860871,0.02161589468762728,-0.5407741414034168,-0.006559391875512856
2022-07-22,-0.0014870798802251186,0.008581117907443238,-0.016781974891499938,-0.006559391875512856,-0.14172552558153875,0.02536309279894315,-0.6031564752679657,0.008933925941341354
2022-07-25,0.01041516568198631,0.016318393211416968,0.0002990375883777435,0.008933925941341354,0.11371558085174548,0.01601935562303895,-0.2606187369374521,-0.020366092288854415
2022-07-26,-0.009532383700615538,0.0014812397406450475,-0.023092958237799728,-0.020366092288854415,0.008674945884043144,0.024574197978444744,-0.1104943989544326,0.01620686495356553
2022-07-27,0.005732477269343065,0.021551304739517392,-0.003030259110318172,0.01620686495356553,-0.009867190507844986,0.02458156384983558,-0.020723122351349522,-0.008070600027154736
2022-07-28,-0.0026829693358388688,0.00475200915167916,-0.020755704016236436,-0.008070600027154736,0.2806570791842719,0.02550771316791564,0.2938804770617903,0.014598849197983595
2022-07-29,0.004491743555089961,0.018436411204058256,0.0008999184684364361,0.014598849197983595,0.18109081039751262,0.017536492735621897,0.41702599329426515,-0.0029621552506438726
2022-08-01,-0.005635561127452304,0.0023633102714878816,-0.017604516406509986,-0.0029621552506438726,-0.39817024985012445,0.019967826677997944,-0.10565085564056245,-0.020075525724602188
2022-08-02,-0.0032684805309496595,0.0002966672477698436,-0.02128694062056425,-0.020075525724602188,0.1583286908710411,0.021583607868334055,0.04185352177481139,0.017996840598679235
2022-08-03,0.011435492015615136,0.02126144095609661,0.003926821394386239,0.017996840598679235,-0.2311431858458352,0.0173346195617103,-0.2283629619597062,-0.007159871293470688
2022-08-04,-0.003573527690805272,0.0008913618294813744,-0.014070019204293158,-0.007159871293470688,-0.05684072983192307,0.014961381033774687,-0.28372558576537343,0.01662738881650408
2022-08-05,-0.0035993663944251025,0.027463715138816683,-0.004801925185013666,0.01662738881650408,0.23347915338103162,0.03226564032383043,0.014198922998490017,-0.013936397559595767
2022-08-08,0.006164678056427658,0.00967045869021714,-0.015131525101563433,-0.013936397559595767,-0.06984640831330735,0.02480198379178044,0.016308965914551863,0.012757820017576561
2022-08-09,0.004766164511760706,0.013936397559595685,-0.002391685123026291,0.012757820017576561,0.18360954983652128,0.01632808268262211,0.1931502594160373,0.033341298508046686
2022-08-10,0.01695456709517822,0.04355417054872996,0.01550426266381474,0.033341298508046686,0.4238772528162547,0.02804990788491526,0.6031648738780013,0.0236697485386336
2022-08-11,0.019763510618162557,0.027838200408488153,0.016403134211773845,0.0236697485386336,-0.19726334268644463,0.0114350661967143,0.23479969237343862,0.010801916264373077
2022-08-12,0.006937727315361813,0.01107741925871693,-0.006145304965061447,0.010801916264373077,-0.46025534135236407,0.01722272422377844,-0.3302143663039207,-0.0013783389525053578
2022-08-15,-0.012753127888984786,0.0,-0.017507772215574667,-0.0013783389525053578,-0.2449594099908849,0.01750777221557467,-0.5566956552241702,0.010701141847178842
2022-08-16,-0.0016565816717320006,0.01885555629414999,-0.004146558229963372,0.010701141847178842,0.24648236689354378,0.023002114524113496,-0.2700912789268936,-0.006297065151344335
2022-08-17,-0.01208138324046207,-0.0013655399465397787,-0.015401777203588329,-0.006297065151344335,-0.16119347247209712,0.014036237257048471,-0.3905816444888019,-0.003576866396306243
2022-08-18,-0.004404076695834642,-0.0002746414340740881,-0.011324519540408376,-0.003576866396306243,-0.15898867822485294,0.011049878106334366,-0.3619415598777396,-0.022297447060853532
2022-08-19,-0.008859407456396446,-0.006914700720397282,-0.027100342767507297,-0.022297447060853532,0.45542292736030676,0.020185642047110004,0.272856496358449,-0.02165321958870969
2022-08-22,-0.02078957252855745,-0.018777218963697603,-0.029460124933408157,-0.02165321958870969,-0.1561640120268671,0.01068290596971049,0.08365942650414672,-0.00896870957566541
2022-08-23,-0.001441218067525192,0.007174661031787395,-0.010422810071161354,-0.00896870957566541,-0.1602881823609035,0.017597471102948795,-0.11960208459456707,0.0031916641010682535
2022-08-24,-0.004660650666749278,0.011270149481897336,-0.010517205185907496,0.0031916641010682535,0.16601027012421185,0.021787354667804824,0.08229930366459814,0.017801185913759673
2022-08-25,0.002314758487079166,0.02177731706210936,-0.0020298598701014164,0.017801185913759673,0.25672375393969377,0.0238071769322109,0.3099521903097428,-0.03209761274837959
2022-08-26,0.00850102159732149,0.009629079149547068,-0.032391464966373594,-0.03209761274837959,-0.11544514167981804,0.042020544115920794,0.08369530446980242,-0.003827393243851073
2022-08-29,-0.005008057910702526,0.0035201780570326647,-0.012418792744597349,-0.003827393243851073,-0.03437418146853219,0.015938970801629832,0.05132493621413031,0.005589031228261704
2022-08-30,0.008225627218353938,0.011146998722221592,-0.010676275705936775,0.005589031228261704,0.3218785192348522,0.021823274428158273,0.35102613237245,-0.014180430729008094
2022-08-31,0.0014656088625502135,0.00817996915893592,-0.01447806906974774,-0.014180430729008094,-0.07042350620385214,0.022658038228683775,0.1607143755460872,-0.0041741082020396135
2022-09-01,-0.008065777997465134,-0.003576722972275342,-0.0286725770265268,-0.0041741082020396135,-0.3129114412962596,0.025095854054251448,-0.22054490058125983,-0.0011958421339878142
2022-09-02,0.01365003609561962,0.029729880824488783,-0.005993447905357284,-0.0011958421339878142,0.29228955674152435,0.03572332872984609,0.11021359895666545,-0.011129575628576669
2022-09-06,0.006262107400314571,0.008933925941341354,-0.02483470104288033,-0.011129575628576669,-0.07644772769393132,0.03376862698422147,-0.00529086746238228,0.01530866796898384
2022-09-07,-0.007590745103353478,0.01828304485837268,-0.01309199059285421,0.01530866796898384,-0.0004858597727623856,0.031375035451226704,-0.033839927134616164,0.031664967771606184
2022-09-08,-0.0032821337043820306,0.033971051674127006,-0.008976698111776642,0.031664967771606184,0.08510451065095946,0.042947749785903704,0.08727019168291147,0.008334495728824397
2022-09-09,0.009478686831195331,0.01716775958545712,0.005468386691156984,0.008334495728824397,-0.17351678802731535,0.011699372894300168,-0.08350858806820702,0.009400491825155372
2022-09-12,0.0074138388768226395,0.01955574419407396,0.0025725369603870054,0.009400491825155372,-0.2000211338933556,0.016983207233686907,-0.30522574560603777,-0.03667223261063868
2022-09-13,-0.019757224020393743,-0.015716832276151206,-0.04227609988911177,-0.03667223261063868,0.2937453982238176,0.02655926761296058,0.05573472405644783,-0.0038308893222133425
2022-09-14,0.005865141760568948,0.012277212969825353,-0.013621740924517444,-0.0038308893222133425,-0.24671282171110037,0.025898953894342894,-0.1919956704805891,0.01871945317884904
2022-09-15,-0.0023647074731258646,0.029957237635891084,-0.005031775296479437,0.01871945317884904,0.3377466952325196,0.034989012932370396,0.19186522897630362,-0.011365397153986096
2022-09-16,-0.00931592498804063,-0.008146649303875046,-0.024938904243348374,-0.011365397153986096,0.1905689072222632,0.0167922549394734,0.3797292547358723,0.01656773007532805
2022-09-19,-0.011792521983996681,0.02174313873739669,-0.014465133805847213,0.01656773007532805,-0.6002848116342374,0.03620827254324389,-0.3081042070398268,-0.015103408853556642
2022-09-20,-0.005492097356825017,0.002591052434149994,-0.023626520083862266,-0.015103408853556642,0.12035696676160869,0.026217572518012378,-0.18402937975513262,-0.03030524987918245
2022-09-21,0.0040888843557446465,0.006708596195714165,-0.031210715273380134,-0.03030524987918245,0.4305736125648066,0.03791931146909439,0.28372432424743677,-0.01980267332570827
2022-09-22,0.004814930771777217,0.008111705716657286,-0.02319304832198947,-0.01980267332570827,-0.08352627261078396,0.03130475403864686,0.10390160691724463,-0.02397749816742888
2022-09-23,-0.017694073051350696,-0.012695629458928215,-0.04050156238742728,-0.02397749816742888,0.15175551451234615,0.02780593292849913,0.24329512525262287,-0.022308090579533875
2022-09-26,-0.013005729789459432,0.00283242215068703,-0.033651604722148155,-0.022308090579533875,-0.315219854521473,0.036484026872835244,-0.07668304256434648,-0.014935374668837799
2022-09-27,0.007704685520089236,0.010897548366595606,-0.023806813252925815,-0.014935374668837799,0.07253694614919909,0.03470436161952146,-0.05155394903955116,0.016223587662863782
2022-09-28,-0.0013092966822597118,0.023918392361328793,-0.005905539075150251,0.016223587662863782,-0.12302961574075631,0.029823931436479018,-0.21660753624593165,-0.013283845115861087
2022-09-29,-0.012305827549428558,-0.005486542024353871,-0.02806974848961499,-0.013283845115861087,-0.08571182487869794,0.022583206465261157,-0.2449041596579447,-0.015116918823174594
2022-09-30,0.0032562836114411074,0.01713867927553698,-0.016110812767122718,-0.015116918823174594,0.1830079400143059,0.033249492042659846,-0.005640642563811081,0.029044279334884193
2022-10-03,0.012831213507255215,0.0351369879849733,0.0,0.029044279334884193,-0.20103382752481647,0.0351369879849733,-0.14348760537271624,0.04065475225776685
2022-10-04,0.020061146140959198,0.044969069777379786,0.01816782065468286,0.04065475225776685,0.13921491618302756,0.02680124912269687,0.02504678647820615,-0.01430820626460122
2022-10-05,-0.026284370673978617,-0.01086805572654773,-0.02914197383111502,-0.01430820626460122,-0.10512942592901575,0.018273918104567338,-0.061140325239940695,-0.014515906442952062
2022-10-06,-0.01007564230707611,-0.0012539473745168358,-0.017699560026821232,-0.014515906442952062,0.13323274027790818,0.016445612652304546,0.08575674792315459,-0.02282687427629028
2022-10-07,-0.009260772301899136,-0.0070175508838951975,-0.030007039291185568,-0.02282687427629028,0.24615232188836828,0.02298948840729035,0.3021365917447745,-0.0029311257856328593
2022-10-10,0.004866177305874297,0.009708789555641565,-0.01309346417800069,-0.0029311257856328593,-0.32824419158650203,0.022802253733642322,-0.07659157689391509,-0.02945767806253221
2022-10-11,-0.009503561775605273,-0.006216298004409908,-0.03619854492296083,-0.02945767806253221,0.43373852973091154,0.02998224691855087,0.34212592866540825,0.003018622147122981
2022-10-12,-0.004376410568633789,0.017976483045500927,-0.009789138611166136,0.003018622147122981,-0.47523648334293067,0.027765621656667152,-0.2183451716917166,0.05948137800390415
2022-10-13,-0.01518506517388077,0.062002650138617055,-0.01859107604968761,0.05948137800390415,0.6273155516165905,0.08059372618830463,0.40742873179004985,0.00031551439533625
2022-10-14,0.0037794984166786127,0.029230952783987362,-0.003793897652127336,0.00031551439533625,-0.15234577509132063,0.03302485043611454,0.14269148118619898,0.05880439125951066
2022-10-17,0.051040890835730705,0.06621293034322277,0.03624365023026278,0.05880439125951066,0.4251641937306543,0.02996928011296005,0.5450771969248945,0.036792533453112154
2022-10-18,0.03965536029377995,0.05046015882028007,0.019440961909566193,0.036792533453112154,-0.08151450308979863,0.031019196910713875,0.2822582988206662,-0.02790887272121242
2022-10-19,-0.008638096456941777,-0.0014344927142457308,-0.03234078171053676,-0.02790887272121242,-0.6415133203576275,0.030906288996291054,-0.43351153294151695,-0.00650689694466704
2022-10-20,0.0017673458300881627,0.020715632315833843,-0.009776348775276117,-0.00650689694466704,-0.08690538497433256,0.03049198109110987,-0.5412412702714904,0.03642063051180536
2022-10-21,-0.004162937477992852,0.038992432198785065,-0.004162937477992852,0.03642063051180536,0.3274292805748153,0.04315536967677801,-0.1274135153113536,0.0034275649409083657
2022-10-24,0.004567517055047389,0.008830638857873854,-0.006890687012051553,0.0034275649409083657,-0.48552968577552336,0.015721325869925466,-0.6024977410639238,0.009083221660748035
2022-10-25,-0.009454246322118331,0.01443767825053751,-0.015517579400240539,0.009083221660748035,0.09504467804078666,0.029955257650778094,-0.3105025615694353,0.008721433045515798
2022-10-26,0.0008473035482535597,0.019586545771749418,-0.0011309279332408103,0.008721433045515798,0.10163282659072966,0.020717473704990236,-0.01417579457293013,0.004750551610347441
2022-10-27,0.012526280657978237,0.01859351947442141,0.0019588559118988522,0.004750551610347441,-0.15331697643996053,0.01663466356252257,-0.15768115925523768,0.008605226635285686
2022-10-28,0.004728196376432679,0.011916458486395514,-0.006432676289649924,0.008605226635285686,-0.10777743392899287,0.018349134776045425,-0.24447076740527598,-0.0038770302588530914
2022-10-31,-0.004987549945969459,0.0041374082316542795,-0.010279266042366756,-0.0038770302588530914,0.02822781877652516,0.014416674274021114,-0.09426698196648933,0.004429681764174349
2022-11-01,0.01103757656216886,0.019780793684117653,0.0019403940487032474,0.004429681764174349,-0.08495359123942053,0.01784039963541441,-0.17249064211960993,-0.003043317024720928
2022-11-02,-0.0035976534526067755,0.029397817165806816,-0.006930034518107222,-0.003043317024720928,0.651406412554994,0.03632785168391426,0.520383663190835,-0.005557134729337328
2022-11-03,-0.010865112726233523,0.0013844453928701197,-0.019021561068042498,-0.005557134729337328,-0.6469600854516319,0.02040600646091259,-0.21774896576185956,0.024767405848562914
2022-11-04,0.016853572435103548,0.03045922449088212,0.009152798004385072,0.024767405848562914,0.2702426831570298,0.021306426486497086,0.08081361169563006,0.005962007044447961
2022-11-07,0.005962007044447961,0.014839048198117174,-0.0016322466332664221,0.005962007044447961,-0.04774966872513402,0.016471294831383564,-0.008524932134394793,0.0026983904732442257
2022-11-08,0.0021592945691360486,0.011017170867074788,-0.0070498753875076195,0.0026983904732442257,-0.1389564576855853,0.01806704625458226,-0.17339136100413766,-0.016026423258227646
2022-11-09,-0.006217063869295024,-0.004050269516875823,-0.01959249666803713,-0.016026423258227646,-0.0796203173051026,0.015542227151161254,-0.2670754760392121,0.04314133362056559
2022-11-10,0.021133237934259072,0.04549890248961386,0.016834471229383478,0.04314133362056559,0.4154971440766761,0.028664431260230355,0.2971040093022441,0.007316436503269543
2022-11-11,0.001572263396048517,0.012250835058307076,-0.0042049954890777145,0.007316436503269543,-0.2473254531000616,0.016455830547384805,-0.038430234732544685,-0.01706754155882755
2022-11-14,-0.00836605388870933,-0.003912918243114694,-0.01733236269017127,-0.01706754155882755,-0.004135897885074101,0.013419444447056636,-0.022517447611321247,-0.0015901821352917924
2022-11-15,0.0113233684516065,0.014199579440132497,-0.012256990630748562,-0.0015901821352917924,0.2597415642457204,0.026456570070881213,0.24824616227054824,-0.009059484993410636
2022-11-16,-0.0023901259804025585,0.0010604697237954375,-0.013351332902859881,-0.009059484993410636,-0.6602081283886684,0.014411802626655286,-0.4839533519270403,-0.00509869465014274
2022-11-17,-0.012931202047372541,-0.004291847909449223,-0.021645845549061876,-0.00509869465014274,-0.0051912955224226965,0.01735399763961275,-0.45571388729676227,0.0005379359630938824
2022-11-18,0.016542606540574302,0.018129004522082826,-0.006748575008079499,0.0005379359630938824,0.3020009458780315,0.02487757953016228,-0.028348060358037365,0.0032215530300250404
2022-11-21,-0.002692475395136797,0.008834265327921954,-0.0035016130975304006,0.0032215530300250404,-0.13713585962949998,0.012335878425452298,-0.14310828928283215,0.004812851478221975
2022-11-22,0.007476637594703443,0.013047658401306962,0.0032111060289264437,0.004812851478221975,-0.17293480729549263,0.009836552372380684,-0.2677023603728304,0.0031957131918099214
2022-11-23,0.0,0.004524243658410029,-0.003206060603638779,0.0031957131918099214,-0.21597441591990926,0.007730304262048967,-0.3246066924193093,0.002390125980402561
2022-11-25,0.0029205014167980117,0.006889224998234128,-0.0013302978080280223,0.002390125980402561,-0.161028536912828,0.008219522806262373,-0.4476791661087481,-0.022533145890766024
2022-11-28,-0.007989369471698987,-0.001061595513802359,-0.02334733451772179,-0.022533145890766024,0.7875432551503134,0.0222857390039194,0.4017827551326898,0.0037909438439048867
2022-11-29,0.003250244779976916,0.007836843436904248,-0.003805369804481295,0.0037909438439048867,-0.2698682937735953,0.011642213241385526,0.10374417027331262,0.022713026925390654
2022-11-30,-0.002706320246011893,0.022713026925390654,-0.02185877273682374,0.022713026925390654,0.6487412095955517,0.04457179966221445,0.7597866202667151,-0.03494977424768429
2022-12-01,-0.009290006593249989,-0.004236168727054219,-0.03906212300717092,-0.03494977424768429,-0.11311838004710104,0.03482595428011668,0.43689170485043083,-0.012942419377656451
2022-12-02,-0.013496909463260173,-0.0071389188688633625,-0.02045394296221817,-0.012942419377656451,-0.08858950279702946,0.013315024093354841,0.18047180995824533,-0.04564933000200736
2022-12-05,-0.0075115235845616525,-0.005280057790932045,-0.05526904645588164,-0.04564933000200736,0.5234342078945167,0.0499889886649496,0.5656557804236307,-0.04358185447578674
2022-12-06,0.002896829163502766,0.006073744769837041,-0.061622403496860725,-0.04358185447578674,0.16372634018703836,0.06769614826669784,0.5661012492727945,-0.007909938256944277
2022-12-07,-0.012502063934963713,-0.0024272412789579723,-0.019893587687389643,-0.007909938256944277,-0.5352500439957795,0.01746634640843166,-0.18341809468980552,-0.00920543629558659
2022-12-08,0.007000470898765581,0.007606912909000505,-0.01725247216189988,-0.00920543629558659,-0.07906977042533439,0.02485938507090041,-0.2539511724127997,-0.0018512056775790565
2022-12-09,-0.010224659804381232,0.004920054652610031,-0.011159346837872666,-0.0018512056775790565,-0.2069907584856285,0.016079401490482745,-0.4584761946075948,0.010751093290660924
2022-12-12,-0.0021641588963737268,0.012277554840046945,-0.009931791219935836,0.010751093290660924,0.10452064487551779,0.022209346059982853,-0.3356351419693294,0.0006108875542297594
2022-12-13,0.024744766150288155,0.028315104263571894,-0.004900464608731994,0.0006108875542297594,0.2887311925408023,0.033215568872303806,0.06469657331224654,-0.01445515649559548
2022-12-14,0.0015255300484876648,0.0076045993852192125,-0.018179522515143622,-0.01445515649559548,-0.11564795815080914,0.025784121900363003,0.07008348710477721,-0.015925342895563608
2022-12-15,-0.016555080246964737,-0.009024458779032034,-0.024777777741129582,-0.015925342895563608,0.004253581634242133,0.015753318962097584,0.07616053922937398,-0.0022057577393764624
2022-12-16,-0.00473260436755554,0.005023553594239325,-0.01330818344307877,-0.0022057577393764624,0.23144228670187939,0.018331737037318135,0.29215454157091114,0.011292485065709302
2022-12-19,0.0018909386348166491,0.016580976673590538,0.0009458862175376398,0.011292485065709302,-0.4764429386806582,0.015635090456053064,-0.286431489500525,0.004046612632242973
2022-12-20,0.010549279876876124,0.01608946935926434,0.0024921513025285714,0.004046612632242973,-0.07613040906304644,0.013597318056735853,-0.351992263281414,0.015107476681428691
2022-12-21,0.010199496107305951,0.020904552532310473,0.006811209796728828,0.015107476681428691,-0.0886593239344152,0.01409334273558174,-0.36148299552174756,-0.00891356499069567
2022-12-22,-0.004907980574122873,-0.003064619954407479,-0.025098124567840024,-0.00891356499069567,-0.07361267088889602,0.022033504613432578,-0.3628698296742983,0.002466909370142267
2022-12-23,0.0003087555539000906,0.005848945036288273,-0.006193911690733019,0.002466909370142267,-0.3465899272830313,0.012042856727021298,-0.6190050975099692,0.001846079250249114
2022-12-27,0.0009234656261388398,0.0061405458564489385,-0.0058688181238875006,0.001846079250249114,0.06332131885845785,0.012009363980336496,-0.3280287541482143,0.007350773719907027
2022-12-28,0.0012289069584970746,0.01343539114849949,0.0,0.007350773719907027,0.2933583026441057,0.01343539114849949,0.06920665850490583,0.01122751690134
2022-12-29,0.0036551649638965475,0.01183084898582019,-0.000610514598448243,0.01122751690134,-0.3165977059990241,0.012441363584268408,-0.21152528609574225,-0.0006036963138467575
2022-12-30,-0.0012077572970935217,0.004816380494254149,-0.008484862397625234,-0.0006036963138467575,0.23681063289331103,0.013301242891879284,0.10309388834955655,0.011706554393480775
2023-01-03,0.0033157713236860124,0.02886679335864033,0.002713710553631309,0.011706554393480775,0.22237372150790222,0.02615308280500896,0.3416015623835813,0.01862584782770969
2023-01-04,0.011571207736897533,0.03834807391497782,0.009504185257108059,0.01862584782770969,0.17597721176090858,0.028843888657869823,0.4126669497965733,-0.0020524767728342724
2023-01-05,-0.006464942546256956,0.0,-0.016538993310866976,-0.0020524767728342724,-0.2060810001506028,0.01653899331086711,0.07704985334268233,0.009929992659425249
2023-01-06,0.0005868679102840954,0.014858310490847959,-0.015678439023914442,0.009929992659425249,-0.0031738290005239905,0.030536749514762547,0.051154420570564366,-0.015227247765807271
2023-01-09,0.009832356635817503,0.010120036734899477,-0.020552713287939013,-0.015227247765807271,0.25168387482777493,0.0306727500228384,0.23237500864812158,0.006763723709634696
2023-01-10,-0.004435840744265925,0.011150381634903651,-0.007404150648054747,0.006763723709634696,-0.2219757851726191,0.018554532282958305,-0.07572609795207962,0.007591339703816021
2023-01-11,0.0,0.009334948365834025,-0.003523166702649543,0.007591339703816021,0.04696764840377663,0.01285811506848361,-0.02809520652998963,0.0026143849196400754
2023-01-12,0.006378606940504261,0.014151799033580704,-0.0005819161431393602,0.0026143849196400754,0.1843575232071939,0.014733715176719911,0.18421779716243966,0.021808563417303427
2023-01-13,-0.00786374956553659,0.026339861168663416,-0.040858289397447005,0.021808563417303427,0.7066993947841739,0.06719815056611035,0.8377038548403734,-0.020359099883518573
2023-01-17,-0.015446557965431384,-0.011418842410467986,-0.031135348661106024,-0.020359099883518573,-0.4626076464820906,0.019716506250637932,0.12309558095704078,-0.023447710141237553
2023-01-18,-0.0055192186695844185,-0.005228019563277749,-0.02969502781536883,-0.023447710141237553,-0.034976829927148595,0.02446700825209096,0.03871916060086947,-0.014638100743926085
2023-01-19,-0.013134590061588534,-0.005054328657494983,-0.02492252769120868,-0.014638100743926085,-0.2441620710910144,0.019868199033713743,-0.27689082883245564,0.018485885689731245
2023-01-20,0.0021043054844149117,0.019666899018288133,-0.004221942046068219,0.018485885689731245,0.05239508000935863,0.023888841064356226,-0.24530812312364167,0.013789311447073606
2023-01-23,-0.001182296942931214,0.01931013419217745,-0.0029585369620807227,0.013789311447073606,-0.28975809719623585,0.02226867115425829,-0.5377540159154506,0.007257979378076445
2023-01-24,-0.002917961591433596,0.013601749751976042,-0.01083938925054496,0.007257979378076445,-0.23171332752461604,0.024441139002521154,-0.5536084818563675,0.008640584950437792
2023-01-25,-0.007840913177008468,0.011218279493711583,-0.00929968039753542,0.008640584950437792,0.07715732023399101,0.020517959891247037,-0.33949413058349576,0.013388641153053181
2023-01-26,0.005148761657217172,0.013671519121482012,-0.002296814576538292,0.013388641153053181,0.039933857127140655,0.015968333698020202,-0.1641690796278686,0.003107803290439769
2023-01-27,0.0028256157778720984,0.012373572754399206,-0.001982713982460795,0.003107803290439769,-0.002353318730626417,0.01435628673686008,-0.09222698135743605,-0.004240332173465323
2023-01-30,-0.006793167334652335,0.0030981747649850904,-0.007645526515593161,-0.004240332173465323,-0.09118220524784011,0.01074370128057812,-0.08740801781080246,0.005086202213123362
2023-01-31,-0.00368954790331642,0.005086202213123362,-0.008534880836821458,0.005086202213123362,0.3525969599564653,0.013621083049944908,0.30852226497217383,0.012325047918728935
2023-02-01,-0.007923040260891091,0.02174601449758258,-0.010483136975037216,0.012325047918728935,0.13266926003182108,0.032229151472619795,0.35927870259049133,0.005829382264572789
2023-02-02,0.004998630612632772,0.0127250099918452,-0.01345310547095458,0.005829382264572789,-0.2757497451791921,0.026178115462799818,-0.012167331719491706,0.008269044674857883
2023-02-03,-0.003049222266253245,0.017286677104683446,-0.006386236724837388,0.008269044674857883,0.1036225234835925,0.02367291382952099,0.07004924869309546,-0.0016483897666506285
2023-02-06,-0.004953238096834451,0.0002744153078768022,-0.012429403597857006,-0.0016483897666506285,-0.23884146272695544,0.012703818905733863,-0.21060443161583933,0.010938078131691955
2023-02-07,-0.0055142342904367985,0.01717368301335667,-0.006620654908207362,0.010938078131691955,0.40332229059420244,0.02379433792156403,0.18118334375599987,-0.007370047174113926
2023-02-08,-0.009838849766041338,0.0019019077664543863,-0.01176324059563835,-0.007370047174113926,-0.4530890644303668,0.013665148362092592,-0.2996896484340748,-0.021601470405928483
2023-02-09,-0.006321294672634858,-0.004118098586329929,-0.026090811323760347,-0.021601470405928483,0.22929167425648123,0.021972712737430417,0.02033463329016337,-0.003927056481797367
2023-02-10,-0.004770655394293081,-0.003646086373035042,-0.0195059878204855,-0.003927056481797367,-0.0692277048541035,0.0158599014474504,-0.0576999941534391,0.00196545596123629
2023-02-13,-0.0028145891613614716,0.0056053102629401415,-0.005354456589789599,0.00196545596123629,-0.12050757950854128,0.010959766852729773,-0.15197017110298408,-0.0008419417868318159
2023-02-14,-0.0005611800662375516,0.009491979066014221,-0.005343914834488925,-0.0008419417868318159,0.14234414280632587,0.014835893900503194,-0.007861313805786595,-0.001685798610438992
2023-02-15,-0.008457880779676193,-0.00028073344554602837,-0.012998179397963102,-0.001685798610438992,-0.35827110939949613,0.012717445952416974,-0.3023226099547099,-0.00790525272652432
2023-02-16,-0.003944868605501562,0.0028081588913438783,-0.009607311537252868,-0.00790525272652432,-0.03547269789495254,0.012415470428596682,-0.3088694498635266,0.001982152639528379
2023-02-17,-0.005684976837638533,0.003113080572769103,-0.015424387410097076,0.001982152639528379,0.23056969225283622,0.018537467982866405,0.00663407690944722,-0.0237594697016377
2023-02-21,-0.012525032431638336,-0.008522757464264804,-0.031027999933609537,-0.0237594697016377,0.2606766723137746,0.022505242469344697,0.2983523672547341,-0.006685086301679884
2023-02-22,-0.004645764596564257,0.0008686486554428548,-0.013121656760493478,-0.006685086301679884,0.03918813295852976,0.013990305415936412,0.28165450956501675,-0.0008753492704249581
2023-02-23,0.003202815561924693,0.008999844788759065,-0.012619398443642753,-0.0008753492704249581,-0.3024835301149199,0.021619243232402,-0.05413284231585544,-0.0014604716764143634
2023-02-24,-0.011744049173217754,0.00087534927042491,-0.012334904656826158,-0.0014604716764143634,-0.05192164174384668,0.013210253927251081,-0.13868849993358098,0.0
2023-02-27,0.006991047378417702,0.013933449166606321,-0.0011699596869502774,0.0,0.10820893927565949,0.015103408853556599,-0.05819283877436176,0.0026273597012284834
2023-02-28,0.004084002019313433,0.008151503386533043,-0.0008772856115981529,0.0026273597012284834,0.0791737471399617,0.009028788998131159,0.01116923617257134,-0.004675632440368541
2023-03-01,-0.004382701230296788,0.005524143685304463,-0.00937322915653719,-0.004675632440368541,-0.10798465823837025,0.014897372841841696,-0.06884869775179553,-0.019222762563833592
2023-03-02,-0.014159515258944091,-0.012971839490924092,-0.03396213802191248,-0.019222762563833592,0.4209359485654923,0.02099029853098842,0.4130014156438087,0.01980842752895139
2023-03-03,0.004766164511760706,0.02360685624981285,0.004766164511760706,0.01980842752895139,-0.13154010448911768,0.01884069173805205,0.1777973121112979,-0.0020512738276679417
2023-03-06,0.0023392358406720136,0.011641619218773538,-0.004988951364292727,-0.0020512738276679417,-0.065031793134217,0.016630570583066138,0.04166462627454012,-0.03249652915936226
2023-03-07,-0.0070651363452229315,-0.005589031228261755,-0.03857559849609395,-0.03249652915936226,0.36623460775926,0.032986567267832244,0.37153313421293904,-0.01342297815489911
2023-03-08,-0.010356478596172527,-0.0009094673581786966,-0.01711537455253079,-0.01342297815489911,-0.277539186302936,0.016205907194352092,-0.011282675477848619,-0.0640472535431206
2023-03-09,-0.008636777725915784,-0.005234868972170604,-0.07160690986171828,-0.0640472535431206,1.0325601245762805,0.06637204088954769,0.9694864758585842,-0.008880191612148418
2023-03-10,-0.007229779059453949,0.01623939504163904,-0.054503929839793366,-0.008880191612148418,0.38536999082293233,0.0707433248814324,1.0786244172651522,-0.05990222720360666
2023-03-13,-0.04562373822764491,-0.018336941410573248,-0.08260626655002658,-0.05990222720360666,0.2783944334401313,0.06426932513945333,0.9861418864041449,0.008730629858479722
2023-03-14,0.0506090741762737,0.05393798476029817,-0.0014040337809721464,0.008730629858479722,-0.34773109027152393,0.05534201854127033,0.2694661098849161,-0.009432400335128887
2023-03-15,-0.031075985020490957,-0.006978422039298174,-0.03827539903657988,-0.009432400335128887,-0.16261831100244004,0.031296976997281616,-0.05197469452969588,0.016707647603251552
2023-03-16,-0.0038684983154568886,0.03381963297373301,-0.013427733844647106,0.016707647603251552,-0.19063829967090226,0.047247366818380106,-0.36648850507114716,-0.04050561255366554
2023-03-17,-0.010758371003353862,-0.010758371003353862,-0.04772060971317343,-0.04050561255366554,0.187284969809224,0.036962238709819524,-0.17393205177722318,-0.0025193353331990046
2023-03-20,0.0149842289945178,0.021689760871552794,-0.006129461353672192,-0.0025193353331990046,-0.4727593350433407,0.027819222225225006,-0.601077742215726,0.029821171478884002
2023-03-21,0.03121924960450265,0.04337008090424482,0.02701907076026194,0.029821171478884002,0.04106027303085119,0.016351010143982787,-0.3561963414685861,-0.033793034854042274
2023-03-22,0.004188450572848269,0.005232861015674073,-0.033793034854042274,-0.033793034854042274,-0.09809893965140318,0.039025895869716304,-0.33262702267244354,-0.024538865125250577
2023-03-23,0.012940533357918841,0.01614966973097431,-0.031235259086548752,-0.024538865125250577,0.3143116708633656,0.047384928817523056,0.08815816863138233,0.006283520225684703
2023-03-24,-0.013813881563414091,0.01179525657630079,-0.024396016829742743,0.006283520225684703,-0.08375654625435439,0.03619127340604351,0.010668989566581676,0.04854450855833728
2023-03-27,0.028692758965817407,0.05414479792820476,0.027976410163371115,0.04854450855833728,0.056170375562770825,0.026168387764833573,0.1399648032014941,-0.013072043688877261
2023-03-28,-0.0038684983154568886,0.0056002893698674765,-0.01806318759910996,-0.013072043688877261,-0.47984404106961537,0.023663476968977602,-0.38600834989100885,0.019370185769206544
2023-03-29,0.013072043688877289,0.022852096687423395,0.004258307732981223,0.019370185769206544,-0.011898661115701793,0.018593788954442008,-0.3508576913791836,-0.012989504866185424
2023-03-30,0.008682117372281528,0.013511357207993928,-0.01972587592497646,-0.012989504866185424,0.07322159542460308,0.03323723313297043,-0.24506918168559877,0.010544953473708945
2023-03-31,0.01124402576142333,0.013338248681936829,-0.0014143923346739264,0.010544953473708945,-0.17712324046134448,0.014752641016610784,-0.3300725371226546,-0.00034971949258165056
2023-04-03,0.0013975896173778072,0.013199189932779246,-0.009485420014528423,-0.00034971949258165056,-0.0827415955705752,0.022684609947307477,-0.3043224406439039,-0.02156705879438102
2023-04-04,-0.0014001022922316634,0.002096418174596474,-0.03306969095126964,-0.02156705879438102,0.07832692988908943,0.03516610912586612,-0.0714432411829919,-0.012225976059661315
2023-04-05,-0.01150263215688856,-0.0025049107958560572,-0.018759585877520562,-0.012225976059661315,-0.16249602099803534,0.01625467508166432,-0.20986549571925486,0.007209864129820528
2023-04-06,0.0028901727336555416,0.01329762062616503,-0.0007237984511505089,0.007209864129820528,-0.14817199928802835,0.01402141907731547,-0.30629165036601674,0.0035855319961556518
2023-04-10,-0.006125044390990986,0.009295748968029238,-0.006848126775135359,0.0035855319961556518,-0.015745661186309913,0.01614387574316472,-0.22373027625822173,0.027186089300914238
2023-04-11,0.0028591843026326124,0.028578394300098064,0.0007155116781649558,0.027186089300914238,0.3703863465099335,0.027862882621932938,0.21141064642335036,-0.008043391773563426
2023-04-12,-0.0010454358720384921,0.010395143778893595,-0.011913183841696144,-0.008043391773563426,-0.2821969154269725,0.022308327620589524,-0.09883276716914641,0.0028050483012747717
2023-04-13,0.0028050483012747717,0.005602250310674623,-0.00846266595045183,0.0028050483012747717,0.16497319113891387,0.014064916261126452,0.11610404702921734,0.03306089646728409
2023-04-14,0.02558037121224501,0.04484754155232784,0.023872454905978394,0.03306089646728409,0.4395580723175122,0.020975086646349415,0.5366657619246951,0.02838729145211772
2023-04-17,0.00843317516519063,0.029703481432414258,-0.004073353869695915,0.02838729145211772,0.0314754236290509,0.03377683530211015,0.4126419174095661,0.006236640131323307
2023-04-18,0.014059358517478198,0.01827128987234904,-0.018946938781925434,0.006236640131323307,0.31327279777855604,0.03721822865427445,0.5812091831757952,-0.016496580264171695
2023-04-19,-0.014170621534149767,-0.011849997178892806,-0.0255191493647147,-0.016496580264171695,-0.5570770651829373,0.01366915218582186,-0.13636789909060681,-0.005336898919984564
2023-04-20,-0.0073455861093451235,0.0056394270902310984,-0.009694176154078681,-0.005336898919984564,-0.4177903109753149,0.015333603244309714,-0.6092285146258775,-0.0010038073142411056
2023-04-21,-0.005029335646817187,0.0026720097670272615,-0.016523720260851884,-0.0010038073142411056,0.035595575386145384,0.019195730027879027,-0.5505377374205608,-0.0036894426684017222
2023-04-24,-0.002681862866317274,0.0010038073142409991,-0.009418188755358147,-0.0036894426684017222,-0.4683632943282625,0.010421996069599229,-0.9205541046562187,-0.0314018999482226
2023-04-25,-0.010471281651954493,-0.007758498647509737,-0.03209563767346492,-0.0314018999482226,0.5734538837047134,0.024337139025955218,-0.1747616965762488,-0.013966693994153347
2023-04-26,-0.002777776896405366,0.0034614219497075935,-0.01890154001739032,-0.013966693994153347,-0.08104282950210262,0.022362961967097847,-0.008877258190667857,0.01569886963796511
2023-04-27,0.0028089878832774882,0.022254026328293052,0.0028089878832774882,0.01569886963796511,-0.3270131845005804,0.01944503844501548,-0.24665049444461387,0.013409219192715986
2023-04-28,-0.012539304058503306,0.01851907926352644,-0.013240582398696868,0.013409219192715986,0.321416112117159,0.03175966166222329,0.12385539138967358,-0.00823049106109974
2023-05-01,0.007485550801655773,0.008840595551915976,-0.009608882557644246,-0.00823049106109974,-0.2911264284699226,0.01844947810956034,-0.17140089214736778,-0.030771695611780964
2023-05-02,-0.0065642153063892004,-0.006217646988591246,-0.046880895647733054,-0.030771695611780964,0.7312097134573627,0.04066324865914181,0.5303014012082976,-0.010710535611769111
2023-05-03,0.0,0.012001561403367264,-0.01250687682916208,-0.010710535611769111,-0.32526932156356436,0.02450843823252929,0.10863470652385515,-0.03172557170980108
2023-05-04,-0.010101120660590698,-0.0017963412173928979,-0.03767132866554165,-0.03172557170980108,0.47427932372949055,0.03587498744814866,0.5601086454973336,0.026326907285618126
2023-05-05,0.023073759816467275,0.032801761205486245,0.017628056561318526,0.026326907285618126,-0.49507302655629915,0.015173704644167726,-0.12499894489554339,-0.000721969365393946
2023-05-08,0.013264250605303812,0.01575401519909158,-0.0018060051152276547,-0.000721969365393946,-0.3802083206910067,0.01756002031431901,-0.5209214571171191,-0.0010840357498336688
2023-05-09,-0.009798679553303597,0.005043216326479705,-0.0163848835909968,-0.0010840357498336688,-0.0619366032570286,0.021428099917476517,-0.5834430945105998,-0.012368297187885182
2023-05-10,0.01078756390136848,0.012217189455146,-0.023409971246344537,-0.012368297187885182,0.32266540284590894,0.03562716070149048,-0.11707761793523162,0.0025589374590768385
2023-05-11,-0.011411847253681886,0.006203270318978168,-0.01623653909870491,0.0025589374590768385,-0.24187450648499834,0.02243980941768303,-0.33179661492396745,-0.011013299261617737
2023-05-12,0.00473506870774761,0.005824546914771446,-0.0187954765577817,-0.011013299261617737,0.08890657486353398,0.024620023472553286,-0.026672207344666576,0.02046105244233869
2023-05-15,0.00036908023239719446,0.026590513796010837,-0.0022172760381862825,0.02046105244233869,0.015112536661101402,0.02880778983419713,0.051365605822602405,-0.010543599109449844
2023-05-16,0.0046906478714879825,0.009000960982599478,-0.01164071702357621,-0.010543599109449844,-0.14944576681036614,0.02064167800617573,-0.12213231136221642,0.04327509049847482
2023-05-17,0.013793291573197617,0.046769167493865234,0.013432728057280402,0.04327509049847482,0.6161176461868376,0.03333643943658486,0.48785387027545857,-0.0035063283892618684
2023-05-18,-0.004560581847557993,-0.0024531182863903427,-0.020152695385791317,-0.0035063283892618684,-0.18841421006347459,0.017699577099400857,0.212081919640868,-0.012725470540324024
2023-05-19,-0.0003513166789433901,0.007000405384652366,-0.015575487498229455,-0.012725470540324024,-0.021414018327847142,0.022575892882881834,0.11505059240666524,0.008148833015313254
2023-05-22,0.0067363710587909345,0.012022780757782792,-0.0035638091879591155,0.008148833015313254,-0.31668077190477606,0.015586589945741995,-0.2536808218653092,0.008432930185511533
2023-05-23,-0.0007059815971844838,0.025776410395007825,-0.0014124619565221625,0.008432930185511533,0.34305450160820433,0.027188872351530013,0.09898920627230356,-0.016937579917098832
2023-05-24,-0.008785858682853205,-0.0024522588795285157,-0.020502659657030072,-0.016937579917098832,-0.015558023898898423,0.01805040077750155,0.00873806534527816,0.002487994681486335
2023-05-25,-0.003922294565044707,0.004969814605025419,-0.00786003412444074,0.002487994681486335,-0.22234654690232314,0.012829848729466135,-0.16816545676639266,0.004957495662558516
2023-05-26,0.0010644204020366311,0.008131547138506327,-0.013581307897720916,0.004957495662558516,0.35661496849902724,0.021712855036227215,0.23380461134154798,-0.0017676949036537493
2023-05-30,0.0003531777903579254,0.006338060216876391,-0.012797853361490842,-0.0017676949036537493,-0.3249912230765979,0.019135913578367043,-0.12474177691849783,-0.01677110865662576
2023-05-31,-0.005677795440391281,-0.003544859484288881,-0.02798893465944459,-0.01677110865662576,0.39223905347102656,0.024444075175155705,0.24518000287117245,-0.00035991465544228044
2023-06-01,-0.0010801328152739047,0.006813676178045722,-0.01632543982197455,-0.00035991465544228044,-0.07510527881242834,0.02313911600002034,0.12762063057483017,0.03292910020071747
2023-06-02,0.013586163827779342,0.041253868329239975,0.012164734743720896,0.03292910020071747,0.14787679082964805,0.02908913358551918,0.24887272104706906,-0.0059388181167422645
2023-06-05,0.003824117738172495,0.003824117738172495,-0.014383684553975458,-0.0059388181167422645,-0.6499716873864783,0.01820780229214796,-0.49677867171870926,0.023888919334972773
2023-06-06,-0.0028070836346435223,0.030707928487495373,-0.003158456738241474,0.023888919334972773,0.28669259643708467,0.033866385225736845,-0.1256662789268567,0.008516488330789527
2023-06-07,0.002391926521725971,0.014266549115570331,-0.007554957439336962,0.008516488330789527,-0.03954898926036882,0.021821506554907135,-0.18213241138045724,-0.008516488330789529
2023-06-08,-0.006807339249077386,-0.00339790961225039,-0.016761116754831214,-0.008516488330789529,-0.07026149905092077,0.013363207142580845,-0.18498535700856245,0.0013675528807347303
2023-06-09,-0.00102682806010699,0.0057990979070691,-0.0051449134206759594,0.0013675528807347303,-0.23815571572689398,0.01094401132774491,-0.3571254114095559,-0.004794574181732778
2023-06-12,0.001024373640991281,0.009858961669958154,-0.012375565592917618,-0.004794574181732778,0.22671723883313027,0.02223452726287586,0.026302073607898505,0.009226119208067093
2023-06-13,0.0,0.022739825747955165,-0.0034387404719071423,0.009226119208067093,0.04079146588275697,0.026178566219862403,0.036264442269371346,-0.009569409221162154
2023-06-14,0.005765662174458068,0.01116196024316573,-0.01404372633111068,-0.009569409221162154,-0.10859408504298426,0.025205686574276354,-0.05480154245927847,0.00854852163672668
2023-06-15,-0.007583670229571015,0.011947521301476216,-0.01487660354027447,0.00854852163672668,0.09269307555115572,0.0268241248417507,0.06889875884424147,-0.006147570623106309
2023-06-16,0.005432945223263755,0.010499654796342921,-0.007175871877363193,-0.006147570623106309,0.23250054020321884,0.017675526673705918,0.29854039350858386,-0.01102318041769632
2023-06-20,-0.006185597138864121,-0.005151981678914877,-0.021119033329699402,-0.01102318041769632,-0.30662882052330326,0.015967051650784523,-0.10653142172311068,-0.010445817183241862
2023-06-21,-0.003122297426589402,0.00449280724223684,-0.011496378616803634,-0.010445817183241862,0.013041843091058323,0.01598918585904059,-0.08437416356762355,-0.021582320939568828
2023-06-22,-0.0024531182863903427,-0.0014010162680962795,-0.02373053040642534,-0.021582320939568828,0.24912004900802381,0.022329514138329006,0.179565798904991,-0.007539044428982934
2023-06-23,-0.007899477985708399,-0.00250670486627285,-0.013321490861681171,-0.007539044428982934,0.08384879669247632,0.010814785995408352,0.20648431309931628,0.012177806355815954
2023-06-26,0.0018001530602822508,0.018919025116179492,0.0014404365064569866,0.012177806355815954,-0.14948455904325406,0.017478588609722526,0.00011785379829082392,0.005325757971900858
2023-06-27,0.0003559433668756099,0.010975485186868398,-0.0049964196505702,0.005325757971900858,-0.1954790588268756,0.015971904837438475,-0.17180462958668458,-0.0060380250183245405
2023-06-28,0.0003540530722895242,0.001061783377898428,-0.012112729365590456,-0.0060380250183245405,-0.03324725880592659,0.01317451274348896,-0.20522813739628015,0.020801037574118338
2023-06-29,0.015202707772768933,0.032594450484638215,0.011687752233291791,0.020801037574118338,0.5926181091790959,0.020906698251346258,0.3949573608396692,0.001046231532084277
2023-06-30,0.009722322581343893,0.015579361648652704,0.0003488654804314057,0.001046231532084277,-0.3034703276413887,0.015230496168221032,0.017718198877809004,0.017620086794260675
2023-07-03,0.00034850074079272405,0.02274391066333173,-0.0013952187621146064,0.017620086794260675,-0.4877056967756572,0.024139129425446278,-0.45084243956839604,-0.004118085360568946
2023-07-05,-0.002056955580729934,0.007505982364260289,-0.00859850502960085,-0.004118085360568946,0.19027586544882955,0.016104487393861132,-0.19022438409046039,-0.027895784733107266
2023-07-06,-0.009675289390783631,-0.008981070059382121,-0.03428106012659522,-0.027895784733107266,0.32899898342232375,0.025299990067213073,0.1458109505322205,0.00880132398427599
2023-07-07,0.0007069123815771476,0.01891471467372511,0.0003535523670772823,0.00880132398427599,-0.4183311215753419,0.018561162306647987,-0.3340745240605159,0.004546227783055259
2023-07-10,0.0021008223784285823,0.011153816883730301,-0.002105312121165657,0.004546227783055259,0.0511095397548855,0.013259129004896031,-0.12938658464627972,0.01248284615416299
2023-07-11,0.0,0.014548232965775995,-0.008409291722483662,0.01248284615416299,0.12714744102986303,0.02295752468825965,0.07042739725980075,0.011647961304738169
2023-07-12,0.016743933480807976,0.02953869264580398,0.008577853113023616,0.011647961304738169,0.021170790528758737,0.02096083953278049,0.0406413296881143,0.010503212339292144
2023-07-13,0.0054347907043156675,0.017221435789359477,0.0017015228427487241,0.010503212339292144,-0.05567190814946419,0.015519912946610674,-0.03651330894726608,-0.019054658149540642
2023-07-14,0.011060944788007851,0.014388747554095345,-0.02111797983920361,-0.019054658149540642,0.39423419138977067,0.03550672739329891,0.42058454646972404,0.00991288264486845
2023-07-17,0.001373120985454657,0.015340299288492149,0.0003434734237063063,0.00991288264486845,-0.17127353588255287,0.014996825864785953,0.12999547147825943,0.04326801807512395
2023-07-18,0.020202720292680203,0.0484662053436197,0.017532494286732602,0.04326801807512395,0.6860419694437425,0.030933711056887022,0.7562174696458029,0.026676815889899678
2023-07-19,0.006169807727018853,0.03205402550612618,-0.0003257934112726496,0.026676815889899678,-0.33024336840890123,0.03237981891739882,0.20414986175845473,0.0050616952208902
2023-07-20,-0.006363392805570751,0.008526770459825262,-0.00860016301929239,0.0050616952208902,-0.5165789661181351,0.01712693347911786,-0.4076594541160719,0.0091095025363581
2023-07-21,0.005663964206877409,0.013166336554179203,-0.008556555299716963,0.0091095025363581,0.5201494847524916,0.02172289185389629,0.1045014372133835,0.02073420936511484
2023-07-24,0.0006252097079795522,0.026841005388980755,0.0,0.02073420936511484,-0.0934626486277075,0.026841005388980755,-0.026324913551633675,-0.015432404311993348
2023-07-25,0.003363305292755315,0.00427871632062625,-0.01792389826772542,-0.015432404311993348,-0.2315070361673257,0.022202614588351523,-0.30231242165905053,0.008054514300537738
2023-07-26,0.002795471555182954,0.012057631781466774,0.0,0.008054514300537738,-0.20266583143414638,0.012057631781466774,-0.35902485181782584,-0.014294807742693672
2023-07-27,0.0006169172841125403,0.01013061076412967,-0.0183719991264563,-0.014294807742693672,0.08511490667362911,0.02850260989058599,-0.17274429170954542,-0.0015662068702123396
2023-07-28,0.006240293442155785,0.006551234863404702,-0.007540145024338038,-0.0015662068702123396,-0.3129081811587648,0.014091379887742703,-0.498142647585062,0.0031299049672263617
2023-07-31,0.0,0.010912045409281255,-0.0037688151177157543,0.0031299049672263617,-0.13494094202757384,0.014680860526996992,-0.4855675684953775,-0.011946044477180243
2023-08-01,-0.005012537031211045,-0.0018767432922085524,-0.018291267544054593,-0.011946044477180243,0.11723063873255053,0.016414524251846075,-0.20584039494845555,-0.01369231058011514
2023-08-02,-0.014654642216914473,-0.010810920693853497,-0.026924707603642187,-0.01369231058011514,0.17209735926689457,0.01611378690978885,0.06282301593595359,0.007028760950184282
2023-08-03,-0.008047685336437639,0.011476017062874624,-0.009988849763103368,0.007028760950184282,-0.33001623687731124,0.0214648668259781,-0.2508389783003274,-0.003508235521570468
2023-08-04,-0.0015930937476673855,0.008243554266962055,-0.00767021246569726,-0.003508235521570468,0.09665533351922295,0.01591376673265935,-0.0510032116586295,0.018360754426207507
2023-08-07,0.0035082355215704346,0.018987924661455484,0.0035082355215704346,0.018360754426207507,0.03126309383617627,0.015479689139885023,-0.0039988987169141095,-0.019319641488434045
2023-08-08,-0.018360754426207566,-0.018041309316032296,-0.044908111797300206,-0.019319641488434045,0.36985148824127567,0.026866802481267917,0.3493494166931823,-0.01319831939572342
2023-08-09,-0.0016002930153028805,0.0003197515198745733,-0.01417094668542517,-0.01319831939572342,-0.4022853101112408,0.014490698205299642,-0.13148844441499377,0.0025889956928985412
2023-08-10,0.004848873780166887,0.014795994665708603,-0.0019462015043279297,0.0025889956928985412,-0.1648063744552437,0.0167421961700365,-0.24883629379791955,0.01124872453421974
2023-08-11,-0.004535197197226479,0.014758018359496815,-0.006159868153466619,0.01124872453421974,0.31522901619866905,0.020917886512963477,0.07764948405678627,-0.011571990376575456
2023-08-14,-0.007699803132044736,-0.005769256411524209,-0.017408592687686415,-0.011571990376575456,-0.09253218163893048,0.011639336276162303,-0.04441098547364927,-0.03253119973455992
2023-08-15,-0.013999912950271825,-0.01236193591950195,-0.035876816114542444,-0.03253119973455992,0.2874018131832506,0.023514880195040604,0.23819365472675416,-0.02194920473210121
2023-08-16,-0.006366264837439166,-0.003345616379982576,-0.02468431177237112,-0.02194920473210121,0.08422601838325423,0.02133869539238836,0.3374160029355519,-0.0003414795528583784
2023-08-17,0.005108119904242626,0.008499115999057689,-0.0061644133723698005,-0.0003414795528583784,-0.23845810329299924,0.014663529371427515,0.005593240174671045,-0.0058229338195114775
2023-08-18,-0.00823049106109974,0.0023878467272520697,-0.010298791447429973,-0.0058229338195114775,-0.16859232189262527,0.012686638174681943,-0.2214780437659771,0.001373120985454657
2023-08-21,0.0037716040987843657,0.006505711259525193,-0.010706418073660129,0.001373120985454657,0.10640036883650217,0.017212129333185423,-0.092958170517971,-0.024658275996624276
2023-08-22,-0.0006863575486532776,0.0030827273438202257,-0.025361774356590844,-0.024658275996624276,0.07187552291557658,0.02844450170041102,-0.03349237278881792,0.00035156367575485024
2023-08-23,0.00035156367575485024,0.002458287239268358,-0.009184106413386366,0.00035156367575485024,0.17362221121646437,0.011642393652654615,0.17067056562694416,0.005957616062431666
2023-08-24,-0.001759055654064242,0.011879949035077548,-0.002815908986712394,0.005957616062431666,-0.33597735611848756,0.014695858021790076,-0.1517647660067865,-0.004201716177018891
2023-08-25,0.0006985173296631221,0.005922332972645892,-0.011244025761423427,-0.004201716177018891,0.07008366672800732,0.01716635873406928,-0.052928300502013526,0.009081453536580478
2023-08-28,0.006644561333433696,0.01739174271186924,0.0024531182863903847,0.009081453536580478,-0.03499623415486975,0.014938624425478896,-0.10343589483243919,0.01415524568393829
2023-08-29,0.004509952540217004,0.01723586260313882,-0.0013918205394319895,0.01415524568393829,-0.08341394683908585,0.01862768314257085,-0.17652506327543985,-0.004466565012104989
2023-08-30,0.0017125963282675718,0.0034223298480173543,-0.008261656958314585,-0.004466565012104989,0.09217959560629586,0.011683986806331936,-0.044238038681475696,-0.012822938926632789
2023-08-31,-0.0037950919462094936,-0.00241343340371048,-0.017718032190119564,-0.012822938926632789,0.10991460209026974,0.015304598786409102,0.13279718095990703,0.010754638540302619
2023-09-01,0.0031342582547994853,0.015917259605022445,0.0031342582547994853,0.010754638540302619,-0.05560575499879676,0.012783001350222936,0.04515598395261034,-0.011452491250764396
2023-09-05,-0.0013811814393901274,0.004819331051624666,-0.01670183382208351,-0.011452491250764396,0.27853125499274406,0.021521164873708216,0.31791062456045033,-0.009116480859866457
2023-09-06,-0.008764298110796173,-0.003146311074036846,-0.018672333058744814,-0.009116480859866457,-0.03322492177618339,0.015526021984707839,0.20815623026893074,-0.009200356318398363
2023-09-07,0.0007042415091171736,0.005619960393038383,-0.011691893344444818,-0.009200356318398363,-0.25114246594594447,0.01731185373748308,-0.11979337095945597,0.00814313051783146
2023-09-08,-0.00035549588048001653,0.00884804949294036,-0.006061708046232756,0.00814313051783146,0.04167089003676582,0.014909757539173065,-0.08648239740245367,0.004222347285121584
2023-09-11,0.005275187767214792,0.014005817625694549,0.001409408549637153,0.004222347285121584,-0.06639469636620667,0.012596409076057467,-0.1492076807000284,0.0170587176086959
2023-09-12,-0.0007025099778222102,0.02290970935095694,-0.002812938735484462,0.0170587176086959,0.21311045026063138,0.025722648086441497,0.06926318924712266,-0.003111503114011257
2023-09-13,0.005164464069004956,0.0075654150826253656,-0.00936363873047681,-0.003111503114011257,-0.12767804865166435,0.01692905381310203,-0.03658580785683649,0.011019450437002249
2023-09-14,0.009991501529826597,0.01920502703592249,0.007588902321075171,0.011019450437002249,0.18178310857791552,0.011616124714847362,0.18648571687146484,-0.012405417694708647
2023-09-15,-0.00859850502960085,-0.0037742576498163284,-0.015530968158939718,-0.012405417694708647,0.32313943823267094,0.011756710509123445,0.45903205801274904,-0.002777776896405366
2023-09-18,-0.0013879570566438678,-0.0013879570566438678,-0.012210177231534156,-0.002777776896405366,-0.8731293185560726,0.010822220174890294,-0.5355015860355179,-0.003832110965261281
2023-09-19,0.0,0.00623919884611284,-0.00873062985847981,-0.003832110965261281,0.3036218533421565,0.014969828704592743,-0.19286774110001373,-0.0034965204668281178
2023-09-20,0.0055691007132823035,0.011107358233384178,-0.004197240553024988,-0.0034965204668281178,-0.26969066074040504,0.015304598786409102,-0.4269717658905786,-0.017668304609658392
2023-09-21,-0.006677186193605123,0.0014001022922316498,-0.018738352133201786,-0.017668304609658392,0.40407155241932124,0.020138454425433504,0.030287168473276154,-0.014724627952152354
2023-09-22,0.0007127747323985189,0.004978719301514972,-0.016172818224966325,-0.014724627952152354,0.0339580161100355,0.02115153752648124,0.08897698123445927,-0.0014481902728139947
2023-09-25,-0.005077972144759518,-0.0007237984511505089,-0.010547434001590274,-0.0014481902728139947,-0.23160617033838546,0.009823635550439662,-0.02845252357076667,-0.015702360298193222
2023-09-26,-0.009464949667545049,-0.0036297818719455664,-0.02160861026598035,-0.015702360298193222,0.25442755017124835,0.017978828394034696,0.18528274758353733,0.0036737873975656535
2023-09-27,0.002205863628384929,0.01606462180196233,-0.0036873338936470193,0.0036737873975656535,-0.09795279869739801,0.019751955695609447,0.046299528774296606,0.010578213123616396
2023-09-28,-0.003673787397565658,0.01347676317344145,-0.003673787397565658,0.010578213123616396,-0.041642362281915764,0.017150550571007218,-0.05714604264312541,-0.006552637558486946
2023-09-29,0.011902752987693693,0.015481868582630499,-0.010578213123616237,-0.006552637558486946,0.10118704640447215,0.026060081706246706,0.060484642094815085,-0.02514919522825817
2023-10-02,-0.004025575565129414,-0.0007306741464525138,-0.029653738794225483,-0.02514919522825817,0.21486698911781266,0.028923064647773007,0.27869487520729197,-0.030034605295846745
2023-10-03,-0.007896299337047401,-0.006764411401979551,-0.03351422038157476,-0.030034605295846745,0.2096973594493259,0.026749808979595304,0.3999088807844237,0.001157210791618396
2023-10-04,-0.001158551480043535,0.003852099575455184,-0.01281819551673393,0.001157210791618396,-0.10954680557794308,0.01667029509218908,0.19908892041747844,0.004615351726827377
2023-10-05,-0.006187175330631339,0.005765905520670833,-0.014757590861425494,0.004615351726827377,-0.12719561953412864,0.020523496382096232,-0.0015858848195193457,0.00038366503608276643
2023-10-06,-0.011190508775606987,0.006502225223555677,-0.022900289170939853,0.00038366503608276643,0.17077535093648166,0.02940251439449543,0.12028563599326823,0.009163858514149591
2023-10-09,-0.011962306118079049,0.01106251654936955,-0.01351634356692647,0.009163858514149591,-0.37577396059652407,0.024578860116296057,-0.3212501951665169,0.026258101524944913
2023-10-10,0.011338033172975973,0.036937599490867584,0.009833673532448402,0.026258101524944913,0.26275483266447835,0.027103925958418977,-0.019876172730074415,0.0003701731952226259
2023-10-11,0.0059062499677869995,0.015794646041934694,-0.004080903851728153,0.0003701731952226259,-0.2996049107296869,0.019875549893662723,-0.2802938167843003,-0.004451077046950582
2023-10-12,-0.001852237781678808,0.0022180957530067006,-0.015290241547191325,-0.004451077046950582,0.13897964604150118,0.017508337300198067,-0.07148246663704207,-0.005218028613601998
2023-10-13,0.01951104364836992,0.030027877124177902,-0.014227089848027518,-0.005218028613601998,0.2191119141656683,0.04425496697220532,0.1680100739978027,0.008558174736506781
2023-10-16,0.014837053259223777,0.015573176137790511,0.00037363081897588685,0.008558174736506781,0.030881611030649136,0.015199545318814567,0.2122404749100502,0.023073759816467275
2023-10-17,0.002220558538037017,0.032084453056618036,-0.010054095579033825,0.023073759816467275,0.5176491248037866,0.04213854863565178,0.6590612333401847,-0.011287262435908153
2023-10-18,-0.002900651822077322,0.015091916451015354,-0.014955659217703726,-0.011287262435908153,-0.33254328094564733,0.030047575668719104,0.1644747969099624,-0.012898663844850146
2023-10-19,-0.0021993948209733816,0.017063446113231802,-0.015870431496758756,-0.012898663844850146,-0.1540278284465614,0.032933877609990614,-0.08756154893543429,-0.024405177331830338
2023-10-20,-0.005952393036455742,-0.0007420612791936151,-0.027069296732119025,-0.024405177331830338,0.05715348490850487,0.026327235452925524,-0.0743260608950674,-0.028529297385366036
2023-10-23,-0.006865027338644927,-0.0038080923486911375,-0.03048659833950902,-0.028529297385366036,-0.036114151665806324,0.026678505990817898,-0.1310756254735138,-0.003918515335806116
2023-10-24,0.0066264159077322644,0.011664251270166834,-0.006670618362182296,-0.003918515335806116,-0.06704405753083284,0.018334869632349173,-0.2069890274966044,0.003136024756695101
2023-10-25,-0.0035398328128545303,0.00704229471229064,-0.011451221296403925,0.003136024756695101,-0.20671315548393507,0.018493516008694567,-0.29225418353019356,0.022064049749076567
2023-10-26,-0.0023510773803246043,0.031210445999696974,-0.004314527324316986,0.022064049749076567,0.2913734303571512,0.03552497332401402,0.07702119954185646,-0.03704852435977502
2023-10-27,-0.0019161202987490323,-0.0019161202987490323,-0.04542682971670071,-0.03704852435977502,0.060326988654542946,0.043510709417951605,0.1291907785742509,0.02044901973196239
2023-10-30,0.005941773044848854,0.023946211967484594,0.004360784261896175,0.02044901973196239,-0.4348124406997968,0.019585427705588493,-0.3149016370332885,0.02498687019781232
2023-10-31,0.0019443613655793753,0.026504283565590304,0.0011670407621369569,0.02498687019781232,0.17906224086691477,0.02533724280345328,-0.07119419732008661,0.002275293594514349
2023-11-01,0.0037893330741908594,0.0105741423852435,-0.007239526184965712,0.002275293594514349,-0.12891337828968347,0.01781366857020921,-0.17804988610702205,0.045176182663474986
2023-11-02,0.011673997142633384,0.046623325017398125,0.007171215290813038,0.045176182663474986,0.3623011049756755,0.039452109726585194,0.18987633075691882,0.028552946987336018
2023-11-03,0.0193623475051028,0.046338951170674325,0.018296414301524466,0.028552946987336018,-0.010559951464008394,0.02804253686914992,0.17034821771044192,-0.003171814204089878
2023-11-06,0.004913993418416378,0.012240068121131879,-0.014174568107576517,-0.003171814204089878,-0.3182157919579761,0.026414636228708478,-0.1398986259060369,-0.006018785278143233
2023-11-07,-0.00993270637994333,-0.002473925793854376,-0.013504084251691433,-0.006018785278143233,-0.3197804099247484,0.011030158457837067,-0.473540467859553,-0.009634346116083955
2023-11-08,0.0,0.0014194791274205261,-0.017553729315122727,-0.009634346116083955,-0.03650569494455633,0.018973208442543327,-0.44379832974585187,-0.012991835658919494
2023-11-09,0.006433199746682358,0.0067893966854359325,-0.01772518028338178,-0.012991835658919494,0.011592317945377913,0.024514576968817522,-0.3820897383470922,0.005433797678371353
2023-11-10,0.008319799787392803,0.00867997370658163,-0.006925507219308055,0.005433797678371353,0.01813753533827516,0.015605480925889821,-0.2233469483125595,0.0007222989616275903
2023-11-13,-0.005070615230547986,0.006122838295984725,-0.009437464858017382,0.0007222989616275903,-0.14154175620370357,0.015560303154002142,-0.20839985325446667,0.053420942087158196
2023-11-14,0.02847164653837195,0.05990230664137118,0.027418436435500373,0.053420942087158196,0.8491808602818041,0.03248387020587073,0.7427376192702319,0.01359645434959671
2023-11-15,-0.0006846474210919864,0.017303238789249522,-0.0006846474210919864,0.01359645434959671,-0.3503638868798848,0.017987886210341596,0.2002804424171271,-0.002704529076953538
2023-11-16,-0.006435264558059032,0.0026972343238627354,-0.01359645434959667,-0.002704529076953538,-0.23984425795924122,0.016293688673459476,-0.11505584598305094,0.014785169309448926
2023-11-17,0.0057383505630206125,0.015452073566121013,0.00033840993747856544,0.014785169309448926,0.04084277757375413,0.015113663628642622,-0.09656179833292257,0.0010001896736449448
2023-11-20,0.0,0.008965707071367337,-0.007701345413844416,0.0010001896736449448,0.1950442389722371,0.016667052485211643,0.07224763620618335,-0.011731335513910212
2023-11-21,-0.0006666819501488796,-0.0006666819501488796,-0.01544694904561527,-0.011731335513910212,-0.11714225509484827,0.014780267095466286,-0.12547663534088516,-0.001011998303517621
2023-11-22,0.002693601770697093,0.0043734658926796776,-0.004731316326046859,-0.001011998303517621,-0.004557144309363784,0.009104782218726402,-0.017691724776038743,0.0033692883509404193
2023-11-24,-0.005075281468504662,0.008736622614220892,-0.005075281468504662,0.0033692883509404193,-0.9628322450396779,0.013811904082725512,-0.9538627355464712,-0.005734543599541806
2023-11-27,-0.004382247395135525,-0.0013463148491781756,-0.007427424901715639,-0.005734543599541806,0.9776128577994162,0.0060811100525374395,0.132422371131032,-0.0010153590047956562
2023-11-28,-0.0010153590047956562,0.0030400345648773403,-0.008152211403099336,-0.0010153590047956562,-0.3472673395651256,0.011192245967976779,-0.23392139415127103,0.02607095444155954
2023-11-29,0.011782613169519061,0.03592005388863073,0.009437170766291787,0.02607095444155954,0.6683228089244835,0.026482883122338787,0.529807777078178,0.005921080043516901
2023-11-30,-0.003304708356722669,0.007886987194273021,-0.008947816076987074,0.005921080043516901,-0.09794379333758876,0.016834803271260055,0.34037955520173174,0.01529726565684968
2023-12-01,-0.0029561576295499084,0.018200030314788833,-0.004602223418853413,0.01529726565684968,-0.13018629655312217,0.022802253733642322,0.15238525805622402,-0.0045321991601344055
2023-12-04,-0.013986189912597754,0.0012911853349168536,-0.014313797735163497,-0.0045321991601344055,-0.19892703222155853,0.015604983070080373,-0.18897025047587043,-0.007817621984075556
2023-12-05,-0.004552833543980061,-0.0009738283191183956,-0.016026500805066634,-0.007817621984075556,0.18999564090223053,0.015052672485948113,0.01971269868001994,-0.0016363687683877551
2023-12-06,0.006518952712884733,0.03027608150661813,-0.004588647467934539,-0.0016363687683877551,0.08547359043668504,0.03486472897455271,0.0361668884832016,0.004249039229262562
2023-12-07,0.001963333913342911,0.01301676732600634,0.00032750053082899924,0.004249039229262562,-0.42071438567671393,0.012689266795177366,-0.35001635201985626,0.009737150683335154
2023-12-08,0.00032611214684173363,0.015534278338715197,-0.0016320955699599886,0.009737150683335154,0.06209073484893612,0.01716637390867513,-0.19849823270839365,-0.0035592564335253417
2023-12-11,-0.0012927929635454254,0.0038685038944571604,-0.008107714509525512,-0.0035592564335253417,-0.07581151370310106,0.011976218403982632,-0.21938577110192384,-0.003572032051987231
2023-12-12,-0.00259655850580621,0.00032410399639107697,-0.013050743505315347,-0.003572032051987231,0.0692487243287374,0.013374847501706354,-0.12207550927967248,0.0414204201099528
2023-12-13,0.00032526358781018866,0.04422547570659901,-0.0035848372190993576,0.0414204201099528,0.5566253755074976,0.04781031292569839,0.4933788518107816,0.057609068569093654
2023-12-14,0.017940413674015408,0.06143207194088903,0.01640645914362977,0.057609068569093654,0.5750867943088692,0.045025612797259126,1.01296264632959,-0.010068197787668267
2023-12-15,-0.0035418848968588623,0.0023543810796746887,-0.019337140255257623,-0.010068197787668267,-0.24650652536256834,0.021691521334932327,0.4423914627719577,-0.0050723119952877024
2023-12-18,0.0032684805309496742,0.00563890626472742,-0.005670769754562002,-0.0050723119952877024,-0.7219985725020391,0.011309676019289379,-0.4468099038204888,0.002390142099875902
2023-12-19,-0.012037507115515681,0.007153469229795851,-0.01902521743105847,0.002390142099875902,0.09017304318503484,0.026178686660854465,-0.38282617833956184,-0.01594254840926896
2023-12-20,-0.0038869014283356893,0.005950650426361492,-0.016852567557707247,-0.01594254840926896,0.003957596637185224,0.022803217984068615,-0.40893886620789205,0.006648595651132477
2023-12-21,0.007852717231222913,0.014150506131177434,-0.0027326616078084936,0.006648595651132477,-0.32436592317184854,0.016883167738985867,-0.6858374699932086,0.0069038106582604555
2023-12-22,0.0003011089182869913,0.014057279888056343,0.0,0.0069038106582604555,0.14221611990127608,0.014057279888056343,-0.2779710094868131,0.012780685169922151
2023-12-26,0.0005980998217844021,0.015729624923347906,-0.001796448805772969,0.012780685169922151,-0.40540607464690803,0.01752607372912082,-0.4738665931524798,-0.0005908554836083381
2023-12-27,-0.001773614813929619,0.002654481746418924,-0.005924210501280554,-0.0005908554836083381,-0.014056651682737084,0.00857869224769961,-0.40515864908731114,0.001181362063155821
2023-12-28,-0.0005912048002166111,0.0038342788601111928,-0.0020706912943094483,0.001181362063155821,-0.11672435205797117,0.0059049701544205534,-0.40638213553652464,-0.006217722519673835
2023-12-29,0.0017693180334863,0.0032415117789410105,-0.009788060632957493,-0.006217722519673835,0.2524783999034249,0.013029572411898347,-0.003072177173761543,0.006807880606977656
2024-01-02,-0.008350743114511814,0.01181004392495532,-0.011951075001165412,0.006807880606977656,0.2675507821007231,0.023761118926120747,0.29525243966859355,-0.010974535325740865
2024-01-03,-0.007401957961260766,-0.0038422114447691914,-0.019661038914943564,-0.010974535325740865,0.2264749111307445,0.015818827470174313,0.5261137366316917,0.008020255844959735
2024-01-04,0.0011922778293742408,0.02299637282448718,0.0002982596198039874,0.008020255844959735,-0.1436598327766915,0.022698113204683214,0.23782480905664585,0.018467506297291825
2024-01-05,0.0,0.02599064147733949,-0.0026662778297550996,0.018467506297291825,0.21201915962849124,0.028656919307094554,0.356652895819291,-0.00787292176058097
2024-01-08,-0.0037829542853301456,-0.0037829542853301456,-0.023212469252969797,-0.00787292176058097,-0.20154814740899407,0.0194295149676397,0.007352965138353564,-0.015636806940546664
2024-01-09,-0.010003030006606224,-0.00941182520638949,-0.019211512792827415,-0.015636806940546664,-0.024776583135143776,0.009799687586437877,-0.07666238986605094,-0.0008925359568689465
2024-01-10,-0.0038731186819429956,0.0,-0.011664537030326563,-0.0008925359568689465,-0.11782887462409791,0.011664537030326636,-0.2066824264261622,-0.013483258894694735
2024-01-11,-0.00716842576963888,-0.0029805827250741325,-0.024707485479677414,-0.013483258894694735,0.3349362355327901,0.021726902754603344,0.18129139725265472,-0.010614270531651508
2024-01-12,-0.027524719419618565,0.0012058216938323442,-0.03655767040936354,-0.010614270531651508,0.4211693341881814,0.03776349210319594,0.5593925946560098,-0.02094963630508715
2024-01-16,-0.011961479684342309,-0.008880809443182203,-0.03033347881079863,-0.02094963630508715,-0.24103501473601485,0.021452669367616473,0.20668294497479098,-0.010012590030337278
2024-01-17,-0.012531480705098633,-0.004055509018028103,-0.02681966971584307,-0.010012590030337278,-0.17971014737538601,0.02276416069781507,-0.04671657896180922,-0.002203674626061324
2024-01-18,-0.0015735404556234895,-0.0009438031042224074,-0.012658385028833848,-0.002203674626061324,-0.3188686801497938,0.011714581924611526,-0.40222086923886025,0.015324824467067686
2024-01-19,0.00220367462606119,0.015635090456053064,-0.005055298265001217,0.015324824467067686,0.33275020500521507,0.020690388721054297,-0.07165622534359625,0.010189929580247293
2024-01-22,0.004335695416256923,0.02361712048320606,0.003098808575244116,0.010189929580247293,-0.11985160245702146,0.020518311907962022,-0.1941486720910577,0.006736131464131221
2024-01-23,-0.0003072152892426614,0.008260731147897072,-0.004927630876167366,0.006736131464131221,-0.38068105725552726,0.013188362024064447,-0.45356400061032154,0.006387826571705044
2024-01-24,0.007902725765582269,0.01724440521966011,0.004263081639018813,0.006387826571705044,0.19336520318670017,0.0129813235806412,-0.13196212942889243,0.01235513242467707
2024-01-25,0.006949704569419464,0.014150506131177434,-0.004558515964089051,0.01235513242467707,0.23839046266598204,0.018709022095266405,0.1680253103548592,0.0011972738847159006
2024-01-26,0.0002995099915597159,0.008350743114511828,-0.0020986275363862727,0.0011972738847159006,-0.4042603108366395,0.01044937065089816,-0.2896724832161512,0.005369950336027363
2024-01-29,-0.0008977638931562077,0.0065593918755127295,-0.0056996890781699375,0.005369950336027363,-0.018672066030033883,0.012259080953682831,-0.21343063417275104,0.03450635558283483
2024-01-30,0.008591399500746333,0.037376577808252126,0.006819879350286439,0.03450635558283483,0.6894584371267902,0.03055669845796569,0.551583236900844,-0.022675465812721632
2024-01-31,-0.006343770373899678,0.008871071519816342,-0.022969490863507896,-0.022675465812721632,-0.0974362634593529,0.03184056238332418,0.29331380854516426,-0.013617708989628384
2024-02-01,-0.0023549618765331217,0.007032015041286622,-0.0322704440112658,-0.013617708989628384,0.04238171034761345,0.039302459052552384,0.24974646387840818,-0.002387288982524469
2024-02-02,-0.005379579922285185,0.004757661409725123,-0.011391042920490924,-0.002387288982524469,-0.34531213540673084,0.016148704330215972,-0.1433425668645381,-0.014445015576258395
2024-02-05,-0.010814181701585095,-0.005392472606289348,-0.01839342051137113,-0.014445015576258395,0.075211946307441,0.013000947905081805,-0.10836986775730222,0.0015144402439057634
2024-02-06,-0.0021242159310143993,0.011153059667919504,-0.003339933445301404,0.0015144402439057634,-0.47166199299112976,0.014492993113220902,-0.6333758570423247,0.004228317597438396
2024-02-07,0.0006051575697882096,0.006636446937311019,-0.012486833023066054,0.004228317597438396,0.0870270087638779,0.01912327996037712,-0.40783159425265564,-0.0018099966926784284
2024-02-08,-0.003925750746586709,0.0030092853133451714,-0.011518801830132095,-0.0018099966926784284,0.21711261009755015,0.014528087143477182,-0.07151927765649804,-0.0015107795016769845
2024-02-09,-0.0006040609832467886,0.003917469834660921,-0.008490008036571385,-0.0015107795016769845,-0.01851940281020567,0.012407477871232192,0.017797308465591546,0.01649457844471061
2024-02-12,-0.0021189562990451064,0.02685130034170674,-0.002725214514111181,0.01649457844471061,-0.05732883708192829,0.029576514855817956,-0.015380346774657348,-0.026218134128975085
2024-02-13,-0.014983798943033696,-0.009263402777058762,-0.03850712243114536,-0.026218134128975085,0.24860098491765653,0.02924371965408659,0.28901579252855786,0.011536286470664833
2024-02-14,0.006998341170153351,0.013044331878619784,0.0036573930997271307,0.011536286470664833,-0.45341336110845243,0.009386938778892762,-0.2608699500092484,0.027977974163632627
2024-02-15,0.005718559587779097,0.03295535174225683,0.005718559587779097,0.027977974163632627,0.40384106861606534,0.02723679215447777,0.15313160139351956,0.0005868679102840954
2024-02-16,-0.00441246577342264,0.0023454079829059262,-0.047484821373522924,0.0005868679102840954,-0.22481769217755668,0.049830229356428904,-0.09834246196128153,-0.0038207561416875773
2024-02-20,-0.009135215383048949,0.0,-0.009431242673031071,-0.0038207561416875773,-0.09172731523314478,0.009431242673031024,-0.17423461632541942,-0.007685474486686241
2024-02-21,-0.01782573869769894,-0.00649920761924447,-0.023537536727326423,-0.007685474486686241,0.2200035952500229,0.017038329108082048,0.06694367363602818,-0.002674200100634254
2024-02-22,-0.009840599242434496,0.010919362718089687,-0.009840599242434496,-0.002674200100634254,0.1219762271491197,0.02075996196052434,0.22314296661343178,0.009181097045301232
2024-02-23,0.0035639756053139297,0.013006350292241554,-0.003576722972275342,0.009181097045301232,-0.33498819794146467,0.01658307326451699,-0.1955012844567714,-0.009181097045301337
2024-02-26,-0.0038398291213135767,0.008805547194123936,-0.011564232870295866,-0.009181097045301337,0.01760389751442589,0.020369780064419755,-0.11636485449932604,0.019738398222967746
2024-02-27,0.0035639756053139297,0.024104626317256902,0.0029708421902100088,0.019738398222967746,0.264051583534758,0.021133784127046872,0.16012554136772691,0.0008748387765247227
2024-02-28,-0.0017517539835426252,0.009291579843328877,-0.004971443795622645,0.0008748387765247227,-0.024667573618073223,0.014263023638951496,0.07827198434815272,0.006101982579724754
2024-02-29,0.0005827639101404368,0.009860872776493352,-0.004674266197862625,0.006101982579724754,0.10354996400807301,0.014535138974356156,0.17255981294229228,-0.004936905229205592
2024-03-01,0.0002895965738900454,0.003758890196768724,-0.014296426834620027,-0.004936905229205592,-0.1321820075030047,0.01805531703138864,0.03440026883778214,0.023022687420321836
2024-03-04,-0.0017481810724742516,0.03067460641233763,-0.002915409538611933,0.023022687420321836,0.24570185247401222,0.03359001595094965,0.23870985958801974,0.006804615443762271
2024-03-05,-0.006278594111646001,0.016086128515349234,-0.00799783161096053,0.006804615443762271,-0.03194382925975013,0.024083960126309756,0.11778881400370775,0.0008473035482535597
2024-03-06,0.007319912551025979,0.011239273247538558,-0.009083221660747928,0.0008473035482535597,0.03221446773418708,0.020322494908286633,0.11719180299333537,0.005911428936534784
2024-03-07,0.005069014337032865,0.013460757338639067,-0.004811051400906298,0.005911428936534784,-0.3141139488991796,0.01827180873954543,-0.23991115987115713,-0.0008424145995020003
2024-03-08,0.006713252171074899,0.013935565126941604,-0.0036553131143487,-0.0008424145995020003,0.17507779023725933,0.01759087824129023,-0.02931231871419678,0.00811309315712565
2024-03-11,-0.005916317885286379,0.009227014622830956,-0.009312837769416696,0.00811309315712565,-0.22561387259132581,0.018539852392247626,-0.27443220481672576,0.0019484959904731772
2024-03-12,0.00027864984448054653,0.007218302661081959,-0.003069644189682288,0.0019484959904731772,-0.1539856455187901,0.010287946850764257,-0.35925789933945296,0.0033315618004588414
2024-03-13,0.0,0.013534295241974784,0.0,0.0033315618004588414,0.2689432528043141,0.013534295241974784,0.0012324251638703813,-0.010868246920519879
2024-03-14,-0.004444553486186869,0.003872740213453011,-0.016769601404915797,-0.010868246920519879,0.04814375221830951,0.020642341618368875,0.10784893218798468,-0.007876237209117317
2024-03-15,-0.01155430248559335,0.008926132025898035,-0.012688650326185614,-0.007876237209117317,0.5501089408223873,0.021614782352083632,0.6345178100325907,0.01680236923501535
2024-03-18,0.007035346341392079,0.01902156106804257,-0.0005649847037067899,0.01680236923501535,-0.3191257432059295,0.019586545771749418,0.17948981423343302,0.0005552598301622107
2024-03-19,-0.003337942896310273,0.010497363801907878,-0.004453106566894608,0.0005552598301622107,-0.09319301423026567,0.01495047036880244,0.011237871815900193,0.019786334779030853
2024-03-20,-0.005287298515610445,0.023317536770487673,-0.008361231656242179,0.019786334779030853,-0.12934125454217235,0.03167876842672988,-0.1894197123027389,0.020469293687767183
2024-03-21,0.004886011469254002,0.022865784155116378,0.003531201991456903,0.020469293687767183,0.06452078238846877,0.019334582163659582,-0.13396304900499229,-0.012339188196675234
2024-03-22,-0.0026694750653577285,0.0026624693640701683,-0.013689606702388491,-0.012339188196675234,-0.39895802199204256,0.016352076066458596,-0.5451555363958794,-0.005141362349618136
2024-03-25,0.0013485973346391606,0.006188625923269797,-0.0056841156209236415,-0.005141362349618136,0.04974353217511449,0.011872741544193478,-0.3180715322269126,0.00622042681516996
2024-03-26,0.0037909438439048867,0.010256528680156717,-0.0016291443574849129,0.00622042681516996,0.09963091569910815,0.011885673037641797,-0.11736441789283765,0.019226258608192787
2024-03-27,0.004304549210079035,0.02028354395412574,0.00403610186498701,0.019226258608192787,0.07649149785184987,0.016247442089138763,0.02709145783134963,0.0029049748758303317
2024-03-28,-0.002383164096201119,0.0050125055027035355,-0.010368382310254316,0.0029049748758303317,0.15070046200633858,0.015380887812957681,0.20164081982919704,-0.010604492760964594
2024-04-01,0.0005272992109651942,0.01127585892551397,-0.012739014169903709,-0.010604492760964594,-0.22024919328784526,0.024014873095417832,-0.013052348834351473,-0.005880830142919325
2024-04-02,-0.008834265327921951,0.0015979063709499143,-0.00964122649915073,-0.005880830142919325,0.026161795244577395,0.011239132870100779,-0.015057242066971458,0.003746308733980126
2024-04-03,0.0026774390237578544,0.019119042904729742,-0.0008045804220987284,0.003746308733980126,-0.043099884682013756,0.019923623326828493,-0.08235120588633099,-0.013986254890156265
2024-04-04,0.006920499761476651,0.013793334693905448,-0.015341431653321323,-0.013986254890156265,0.2518838445147247,0.02913476634722656,0.17138461952972003,0.005133131480144733
2024-04-05,-0.0029837753409709985,0.011311782160569637,-0.005159512670813847,0.005133131480144733,-0.33031934375755,0.016471294831383564,-0.19448363283657907,0.010454441456767669
2024-04-08,0.002422290268628204,0.01258555118990068,0.0005388054362971852,0.010454441456767669,-0.04489440952419943,0.01204674575360336,-0.1763269865794003,0.006114588867236103
2024-04-09,0.0002665863702477493,0.0071742158677692075,-0.008032151188139389,0.006114588867236103,0.049548832499874795,0.015206367055908613,-0.10120604068357218,-0.029042051877137855
2024-04-10,-0.014684531342240233,-0.013340646254535026,-0.03177435652167028,-0.029042051877137855,0.19435677533872714,0.01843371026713544,0.11581598402283216,-0.008219307964347533
2024-04-11,0.0027247556923823335,0.0027247556923823335,-0.016506627398874565,-0.008219307964347533,0.026067313664589458,0.019231383091256937,0.11669565690846438,-0.015525611643646856
2024-04-12,-0.014966939642403101,-0.007178339119436103,-0.02281678632615017,-0.015525611643646856,0.19947108962592713,0.015638447206714166,0.34142603688963186,0.004460555030824295
2024-04-15,0.014975346275264792,0.026741701468874852,-0.0008386469901476758,0.004460555030824295,-0.05976771464721671,0.027580348459022637,0.1887665014844549,-0.0359659446771893
2024-04-16,0.004163717681427043,0.006100889951137445,-0.05136647469082891,-0.0359659446771893,0.7667588816369582,0.05746736464196638,0.8774594142657509,0.015734818647466477
2024-04-17,0.006037076992982491,0.030387108427912583,0.0020164112986971084,0.015734818647466477,-0.37090004751936556,0.028370697129215566,0.22506613082577448,0.015211586708774634
2024-04-18,0.008760869127411136,0.02134318936840028,-0.001420231375463088,0.015211586708774634,-0.3932896018312454,0.02276342074386337,-0.27045237563927066,0.03299723989894316
2024-04-19,0.009183257002375194,0.03704631307499829,0.008074689790325598,0.03299723989894316,0.23459878037195075,0.02897162328467264,-0.055889521201575906,0.02034871587631279
2024-04-22,0.0008111066769361037,0.025108119535951542,-0.0027086226910005883,0.02034871587631279,-0.24906267708812924,0.027816742226951907,-0.3352329880343648,0.01682035457801063
2024-04-23,0.005550406466876787,0.01812258783791476,0.002646965203521352,0.01682035457801063,-0.11299053913884773,0.015475622634393425,-0.44651055731742917,-0.0013039312828294664
2024-04-24,-0.009163527321253261,0.003122634481908766,-0.009689716695226124,-0.0013039312828294664,-0.3123018619795327,0.01281235117713494,-0.5552652059318761,-0.010757019635542604
2024-04-25,-0.010229581392212072,-0.0013056337397482068,-0.024836114536854612,-0.010757019635542604,0.3605251326752873,0.023530480797106432,-0.03309685337792371,-0.0021124384561173036
2024-04-26,0.0005274382433306007,0.010496069056119953,-0.0034350957407057775,-0.0021124384561173036,-0.3605914048481494,0.013931164796825716,-0.3776055825058484,-0.007429129154940443
2024-04-29,0.0002642611690046502,0.006061410903145536,-0.01009575671167918,-0.007429129154940443,-0.08097330712812884,0.0161571676148247,-0.3169999890188185,-0.014485256845828728
2024-04-30,-0.005340487166875013,0.0031906152039966177,-0.015296144311885675,-0.014485256845828728,0.13578028789745084,0.018486759515882273,-0.0802691549829127,-0.0016224330042549785
2024-05-01,0.005389416707841465,0.01341941830025957,-0.006505793283793547,-0.0016224330042549785,0.0635870651400079,0.019925211584053176,0.039065692943456506,-0.0018962403917958787
2024-05-02,0.011302546873135982,0.014508607476774776,-0.008152198075634979,-0.0018962403917958787,0.07714866469496802,0.022660805552409888,0.09327137066936966,0.009982517175266072
2024-05-03,0.009982517175266072,0.017471152970564258,0.005408362428545063,0.009982517175266072,-0.02255872173175885,0.01206279054201913,0.11090849843651883,0.011742826016992529
2024-05-06,0.010946574351714842,0.014392596762538104,0.0029486848721063993,0.011742826016992529,-0.18161587585738584,0.011443911890431594,-0.10558805755828479,0.003971977373566024
2024-05-07,0.00026534384852466364,0.012131026884730162,0.00026534384852466364,0.003971977373566024,0.024234004533723656,0.011865683036205448,-0.09383460332220439,-0.0034414612239667035
2024-05-08,-0.003706633525041368,-0.0005286930549795891,-0.008492611877578856,-0.0034414612239667035,0.11912106723397042,0.007963918822599371,0.03259356101838091,0.015002247703796401
2024-05-09,-0.004784706371293728,0.018652822689355728,-0.006651614416350103,0.015002247703796401,-0.20006220203344083,0.02530443710570582,-0.17080968181918518,0.004431181098074525
2024-05-10,0.0052110792054034785,0.012977083640902358,0.0013053924673036544,0.004431181098074525,0.018582279424531147,0.011671691173598508,-0.10066646704511074,-0.0062614782956350295
2024-05-13,0.004411533549287666,0.00854590254282772,-0.007046889503350138,-0.0062614782956350295,-0.12847354958500895,0.015592792046177828,-0.18367831893743392,0.007301273405124433
2024-05-14,0.0049602618317140185,0.015065267555627855,0.004178638923215587,0.007301273405124433,0.13705170128394606,0.01088662863241227,-0.01598973427681067,0.010852772171381636
2024-05-15,0.008021716062318954,0.019298166568023824,0.007506107433338317,0.010852772171381636,0.21121245243321637,0.011792059134685567,0.20615762817484382,0.007935568817803225
2024-05-16,0.0002569271962746608,0.011498804616049645,-0.005153342136271941,0.007935568817803225,-0.04593340901992055,0.016652146752321555,0.15102836427432495,0.0017832049794526722
2024-05-17,0.005847214738580504,0.006860665909442188,-0.0015310381269204051,0.0017832049794526722,-0.2427662640957903,0.008391704036362515,-0.13164972615169718,-0.012034486992597354
2024-05-20,-0.0007639107764372924,0.004570863729962453,-0.012807551818134432,-0.012034486992597354,0.10518507060261624,0.01737841554809677,-0.013877973493495942,0.021155416685000115
2024-05-21,-0.001288806389561526,0.023674271220779787,-0.001288806389561526,0.021155416685000115,0.1141159331414553,0.02496307761034109,0.07071789690599616,0.0027703530088513443
2024-05-22,-0.006071399229455427,0.004027184943795925,-0.007849169724952547,0.0027703530088513443,0.29797508936429234,0.01187635466874854,0.3407071047136927,-0.014950238642027897
2024-05-23,0.00025153115646233185,0.002010096973002039,-0.02083937489620671,-0.014950238642027897,-0.09298572226468195,0.022849471869208778,0.191854915574131,0.013440105979378208
2024-05-24,-0.0002552871655995085,0.015453141808088003,-0.002556199675405895,0.013440105979378208,-0.5658573818330831,0.018009341483493896,-0.4134366911031199,-0.009617919393134456
2024-05-28,-0.001260220346201679,0.0010070724491121374,-0.014973002537317346,-0.009617919393134456,0.3424185307474264,0.01598007498642941,-0.05069704838688858,-0.015376993582829079
2024-05-29,-0.012282640165876931,-0.010738997667549897,-0.019517782160890756,-0.015376993582829079,-0.15717113474234917,0.008778784493340817,-0.22506407496506103,-0.002327089606720274
2024-05-30,0.00025818777250499346,0.010277523928257497,-0.029618232299444665,-0.002327089606720274,0.6477913708829995,0.03989575622770228,0.453865892310168,0.034600260502810024
2024-05-31,0.0018104154218545664,0.036848298133526296,0.0007762655051865775,0.034600260502810024,0.13207413776561439,0.036072032628339655,0.5368273863249102,-0.0027544929540213054
2024-06-03,0.0012495124814488844,0.004988709460251811,-0.015879377139937045,-0.0027544929540213054,-0.6011239004768022,0.02086808660018897,-0.17101178920345683,-0.005027681769273907
2024-06-04,-0.0065409575654545105,0.006498356285754561,-0.011601716602185331,-0.005027681769273907,-0.16768126806587438,0.018100072887939973,-0.3888428323390678,0.007031640761663962
2024-06-05,0.003522000864574204,0.0077821747232951115,-0.004040405644838063,0.007031640761663962,0.23559765105938738,0.01182258036813324,-0.13168626884741633,-0.006527723958494856
2024-06-06,-0.001252015631915019,0.0010005232446784506,-0.0136056755945753,-0.006527723958494856,0.12475109022507355,0.014606198839253926,-0.04454330954753638,0.002013035828709694
2024-06-07,-0.010635754501461658,0.006527723958494888,-0.010635754501461658,0.002013035828709694,-0.3998791315839971,0.017163478459956392,-0.381592858256275,-0.0027690543703989094
2024-06-10,-0.0050402563029347544,0.001507193806941968,-0.014432449784565668,-0.0027690543703989094,0.3603183082681566,0.015939643591507752,0.16493103102751933,-0.020629728713357946
2024-06-11,-0.008607555369173528,-0.008099252282763196,-0.030976472013103683,-0.020629728713357946,0.18271510035395136,0.022877219730340535,0.31471105178433795,0.014054127679389839
2024-06-12,0.023901433465342774,0.02590951222115175,0.006156968310567203,0.014054127679389839,-0.13572776388845287,0.01975254391058463,0.0760829495856195,-0.003813441239384667
2024-06-13,-0.0030495304629474013,-0.0015236512487950872,-0.012254417873651403,-0.003813441239384667,0.02669073682121893,0.010730766624856272,0.0764039568458619,-0.0005094686241765669
2024-06-14,-0.004083718129438044,0.005588056874734946,-0.008954863020818828,-0.0005094686241765669,-0.21279774102228943,0.014542919895553775,-0.14360869199778659,0.006857084469678418
2024-06-17,-0.0038299937631792293,0.0073631689566261895,-0.006647995135682295,0.006857084469678418,-0.21325838665345018,0.0140111640923084,-0.39066856317650994,0.01207570288966587
2024-06-18,0.0012647795274185198,0.012825578652736837,-0.0012662845481566018,0.01207570288966587,0.1643700660093798,0.014091863200893463,-0.16743367741793214,0.0
2024-06-20,-0.005265222091416337,0.007970146366431246,-0.006019623730548216,0.0,-0.047234297458320834,0.013989770096979345,-0.13571256537962023,-0.012581947028741271
2024-06-21,-0.0035070978852281896,-0.0020025495935462956,-0.01562538700542445,-0.012581947028741271,0.8996352505206036,0.013622837411878351,0.822548295444785,0.01333182279181213
2024-06-24,0.00706535292772718,0.021296018506463413,0.004043468762413509,0.01333182279181213,-0.8439831718121211,0.01725254974405001,-0.2063170638467148,-0.016121240259688852
2024-06-25,-0.006015097854487078,0.0012485764380269142,-0.01688340450764917,-0.016121240259688852,-0.015209282994040002,0.018131980945676092,-0.2147834314150587,-0.009696454204624533
2024-06-26,-0.005346999402886239,-0.0007621642479602867,-0.02337935183876734,-0.009696454204624533,0.37034561739539484,0.022617187590807074,0.13231229435224887,0.006389798098770988
2024-06-27,-0.007722026379712773,0.008934289956664372,-0.01706790453228652,0.006389798098770988,-0.4080389317906779,0.026002194488950768,-0.3429958999186331,0.013161426501457718
2024-06-28,0.012406835131457728,0.020426920290108307,0.0017818432892110863,0.013161426501457718,0.568609912213724,0.018645077000897164,0.22522439517686874,0.0060165101880855455
2024-07-01,0.0035140445074678156,0.01423066557873616,-0.0025176823608011292,0.0060165101880855455,-0.664485344296018,0.01674834793953744,-0.3368457123776408,0.022733917042392474
2024-07-02,-0.000249926804024355,0.02346657746154956,-0.0012504500487028486,0.022733917042392474,0.28577798032306373,0.024717027510252447,-0.027893342152485,-0.0007331976040451165
2024-07-03,0.002196465843405341,0.00657497691307529,-0.0044074582734814054,-0.0007331976040451165,-0.7339591169618194,0.010982435186556788,-0.7889436655678328,-0.012052825041919065
2024-07-05,0.0007331976040450822,0.0014658580232022123,-0.015026778429613795,-0.012052825041919065,0.31741282811441146,0.016492636452815918,-0.315370248890887,0.005183254542545725
2024-07-08,0.004690753710072722,0.015469947856296018,0.0004948158865412347,0.005183254542545725,0.12919818539574363,0.01497513196975465,-0.14835033664342354,0.01950328190348437
2024-07-09,0.003440637318324679,0.02935329937089099,-0.0004925008324728098,0.01950328190348437,0.26092858020097437,0.02984580020336386,0.2907587101926873,0.007696130101064033
2024-07-10,-0.0033857201584087137,0.008175091620792916,-0.008485891222577237,0.007696130101064033,-0.3145353088607103,0.01666098284337025,-0.08309088323685933,0.001675636352984183
2024-07-11,0.0007184476067502745,0.0038259214837659114,-0.008420650847195505,0.001675636352984183,0.28906466522042173,0.012246572330961322,0.28369648231756994,-0.0052758207907869226
2024-07-12,-0.007683103414960399,0.002627418118578929,-0.017370791605644594,-0.0052758207907869226,-0.059943766513255385,0.019998209724223382,0.10036446104735441,0.007187362964922584
2024-07-15,0.006232003051136293,0.01527110068239746,0.0026413896769854565,0.007187362964922584,0.14011700334171,0.012629711005412119,0.18402645368555504,0.05209272709668763
2024-07-16,0.014927443850987834,0.05819238341621759,0.00784695094448273,0.05209272709668763,0.728757092493211,0.0503454324717349,0.8497411141146365,-0.003404872767126311
2024-07-17,-0.010936530242545666,0.007000086384000136,-0.010936530242545666,-0.003404872767126311,-0.14481277214501734,0.017936616626545724,0.4785079509744948,-0.02230236694755593
2024-07-18,-0.008219238431504829,0.005894420435941519,-0.02416408537301145,-0.02230236694755593,-0.30272818884708186,0.03005850580895299,-0.005137022223643204,-0.0025607462683647315
2024-07-19,-0.0034936034845902226,0.012706721820574772,-0.007467939169654018,-0.0025607462683647315,-0.10059506186760316,0.020174660990228604,-0.16432892065977406,-0.014084793486405083
2024-07-22,-0.006079095958715618,-0.0006996058075723492,-0.02215509979319751,-0.014084793486405083,-0.02455009262359821,0.021455493985625188,-0.23438893641588784,0.002597111872738435
2024-07-23,-0.0018929966827528001,0.011283607103985922,-0.003552347366814302,0.002597111872738435,-0.15451685226899392,0.014835954470800248,-0.41151008132903194,-0.005200986302484707
2024-07-24,-0.003070047758421192,0.007985015494192296,-0.008049289540147412,-0.005200986302484707,-0.003764046244335175,0.016034305034339773,-0.26245850169294765,-0.012161788819104983
2024-07-25,-0.00403748727529043,0.002603874429746253,-0.0126417614159617,-0.012161788819104983,0.12880185816076323,0.015245635845708014,-0.002848760594271703,-0.00024000327442328444
2024-07-26,-0.0024020783002120416,0.006695356942058786,-0.006499010894319063,-0.00024000327442328444,0.22423782446350934,0.013194367836377948,0.2553065209113619,-0.01401661488374126
2024-07-29,0.0026363254184518414,0.005027010013955955,-0.01669726985222693,-0.01401661488374126,-0.3376825912205819,0.021724279866182878,-0.12198779441197477,0.004613304993187774
2024-07-30,-0.0009739692959996077,0.019282333779780225,-0.006837603540263184,0.004613304993187774,0.17338310796872974,0.026119937320043474,0.07897157478087147,-0.023778480404690085
2024-07-31,-0.0012119559858860844,0.0024196065277407772,-0.026013676906855264,-0.023778480404690085,0.1410197239813814,0.02843328343459612,0.18409282305548805,-0.020298939290244077
2024-08-01,0.003219748996220337,0.0034670511684769603,-0.033550928861458,-0.020298939290244077,0.1672280297208653,0.03701798002993505,0.2859672937210459,-0.049828629197578043
2024-08-02,-0.03871451218069039,-0.024863544950897806,-0.06052968140571528,-0.049828629197578043,0.24412708361181956,0.03566613645481743,0.4512871681661166,-0.025058572743034822
2024-08-05,-0.05272285304754175,-0.01663582070677656,-0.06713197731968673,-0.025058572743034822,-0.008544375661516307,0.05049615661291026,0.3465094542278728,0.007339890072989388
2024-08-06,0.0,0.01784795407418802,-0.003005893961120201,0.007339890072989388,-0.6276070278074884,0.020853848035308122,-0.4163056354686632,0.010239946156176074
2024-08-07,0.031460882043886425,0.044239819464153014,0.00943536573407715,0.010239946156176074,0.1014888551941561,0.034804453730075964,-0.3032240144519609,0.024103931302767556
2024-08-08,0.013844748965518665,0.029584803485887174,0.00960521298165457,0.024103931302767556,-0.206709582430148,0.0199795905042327,-0.4903620709525007,0.001830297197560614
2024-08-09,-0.0013093949169449217,0.006261478295634931,-0.007882311995156517,0.001830297197560614,-0.325106407109514,0.014143790290791445,-0.7332813514995198,-0.00287771590986193
2024-08-12,0.005730706597781731,0.01168694701134767,-0.007078295853358644,-0.00287771590986193,0.22394894568304602,0.018765242864706235,-0.30719366069062853,0.007568897569875454
2024-08-13,0.005226057635516987,0.008088795115265546,-0.0013107680199058518,0.007568897569875454,-0.4271988919389514,0.009399563135171313,-0.5216987207872597,0.00905926440982255
2024-08-14,0.001558882457746565,0.011889493915206896,-0.0007803038381357448,0.00905926440982255,0.1743522736359108,0.01266979775334249,-0.2364449794111084,0.005652569150708905
2024-08-15,0.0158489748634281,0.022169309341801193,0.004114169909000218,0.005652569150708905,0.37623996156716955,0.018055139432800935,0.26617248998103066,0.007911266923107025
2024-08-16,-0.000768903786855224,0.009942705358180806,-0.0010253038733482843,0.007911266923107025,-0.32950243032804,0.0109680092315292,-0.06905287479458977,0.00835337152946522
2024-08-19,0.003552386130847516,0.010116462520266321,0.002792249791677514,0.00835337152946522,0.014118837446579345,0.007324212728588946,-0.058228983485358474,-0.025014055151380866
2024-08-20,-0.013961370506016816,-0.010898510897529287,-0.034101446771713936,-0.025014055151380866,0.4884111077327252,0.023202935874184656,0.47093870293110485,0.0015496225816629388
2024-08-21,0.004641584167271118,0.007724112825460275,-0.007784140103699083,0.0015496225816629388,-0.27514495702957437,0.015508252929159421,0.04311021501965672,0.01256592167218857
2024-08-22,0.0007738625375029839,0.013839301072802505,-0.004655991491477321,0.01256592167218857,0.0483087941735343,0.018495292564279932,0.04256727373929047,0.01341619325833035
2024-08-23,0.0007642027752025298,0.023423725317004124,0.0007642027752025298,0.01341619325833035,0.25294988180982486,0.02265952254180168,0.30712156457413614,0.003764534845283666
2024-08-26,0.005766583384061299,0.010754143873693537,-0.0027697514856253077,0.003764534845283666,-0.021204634714875006,0.013523895359318723,0.18007908594338895,-0.006282217206084891
2024-08-27,0.0020020485387774287,0.0052468053200438805,-0.007795778532306496,-0.006282217206084891,-0.32326015595859803,0.013042583852350466,-0.2323338637607978,0.007033502940567558
2024-08-28,-0.008353371529465196,0.015011597861650875,-0.008607555369173528,0.007033502940567558,0.23043348269548364,0.023619153230824506,0.0593674732672566,0.005491711478907343
2024-08-29,0.0024999631550523733,0.00971484499896979,-0.010568844881470816,0.005491711478907343,-0.15631269392435418,0.020283689880440568,-0.13254177042700666,0.01433543689832285
2024-08-30,0.0,0.017031201538557018,-0.0009961918933462464,0.01433543689832285,0.3438946907896648,0.0180273934319033,0.21443129270907585,-0.0012277284928814403
2024-09-03,-0.004180460167107256,0.00367426066943641,-0.012842865103839442,-0.0012277284928814403,-0.012479219203801963,0.016517125773275715,0.18453075015791515,-0.004926137081496804
2024-09-04,-0.0009833067465661485,0.006123717736088043,-0.01037307364906903,-0.004926137081496804,-0.20176684125909086,0.016496791385157066,-0.036055581232327355,-0.008928645949871085
2024-09-05,0.007380088598125922,0.010805572576657608,-0.012172593194532823,-0.008928645949871085,-0.1469267829637314,0.02297816577119041,-0.2179287914264744,-0.03498458444415473
2024-09-06,-0.009260457432747365,-0.00649835628575466,-0.04015782280588464,-0.03498458444415473,0.3176597599412778,0.033659466520129945,0.13069502714841894,0.018152176883653292
2024-09-09,0.012562700509949893,0.02421427836935745,0.008733684247815635,0.018152176883653292,-0.2230340005625873,0.015480594121541872,-0.14979451230748922,-0.004825468192819572
2024-09-10,0.009330515944293852,0.009330515944293852,-0.029307993438860352,-0.004825468192819572,0.36141056375837977,0.03863850938315415,0.26564074971524737,-0.007153806279654937
2024-09-11,-0.007410206366147991,-0.006384902492799718,-0.03286621356670316,-0.007153806279654937,-0.27049034551314133,0.026481311073903537,-0.031053476125818626,-0.00565702779278736
2024-09-12,0.0012812106185464043,0.008425986870254013,-0.012124519173468021,-0.00565702779278736,-0.03127797764759364,0.020550506043721883,-0.06964954333029306,-0.0033578038240264013
2024-09-13,0.0025753887274784968,0.007962065371506217,-0.00880606996034089,-0.0033578038240264013,-0.22470971940231166,0.016768135331847137,-0.3206777908221241,0.011575613453450454
2024-09-16,0.004131166252960212,0.01438497844207449,0.0036156905411914007,0.011575613453450454,-0.1912557986834078,0.010769287900883075,-0.4406327146847389,0.011443246956875071
2024-09-17,0.004593024443018147,0.017744465154775704,0.002809364988623933,0.011443246956875071,0.05298268232092409,0.014935100166151774,-0.3309701012821916,0.00176833938825503
2024-09-18,0.00176833938825503,0.01430926154756447,-0.0032924196484757037,0.00176833938825503,0.42622328470012827,0.017601681196040178,0.2409753300938962,0.031062257130315997
2024-09-19,0.01054496300092463,0.03545680300140984,0.009795366606547458,0.031062257130315997,0.309902198919223,0.025661436394862375,0.5429036458252015,-0.014789485211004335
2024-09-20,-0.0061357415847945245,-0.0034313610203884305,-0.015534703938844792,-0.014789485211004335,0.19873893853267935,0.012103342918456434,0.6398127610715385,-0.00998265162740978
2024-09-23,-0.0014910880901905918,0.004212573962815606,-0.012996945130383908,-0.00998265162740978,-0.8020156682859299,0.017209519093199656,-0.35137303541390075,-0.010590067972028876
2024-09-24,-0.0005017676576542792,0.002755183019122073,-0.015672690374897612,-0.010590067972028876,0.025529910427490747,0.018427873394019707,-0.3494310439378342,-0.0050826224028687195
2024-09-25,-0.0050826224028687195,-0.0010144792961802312,-0.013012101954080159,-0.0050826224028687195,-0.11964892738382,0.011997622657899864,-0.4895249137733221,0.006855440234338506
2024-09-26,0.003560517259307813,0.011903425681260935,-0.003573239854971767,0.006855440234338506,0.3162000392254952,0.015476665536232644,-0.11355709630911047,-0.0030410294309774774
2024-09-27,0.003284102101805518,0.009569477675640188,-0.004310948376445126,-0.0030410294309774774,-0.3516330204687101,0.013880426052085405,-0.3787120803781256,0.0070814350758155314
2024-09-30,-0.004324106479031774,0.009849792416039305,-0.009691508105299446,0.0070814350758155314,0.22969251126070997,0.01954130052133867,0.08758082306930265,-0.011660438214888233
2024-10-01,-0.004293528166370839,-0.0030287486389522795,-0.01882532543038795,-0.011660438214888233,-0.2876896795309289,0.01579657679143555,-0.22069776827654744,0.0002548966600408334
2024-10-02,0.0007645923357118167,0.00812598900422481,-0.004343995144512895,0.0002548966600408334,-0.12066504874550552,0.012469984148737585,-0.30252817221303047,0.0005096956756708441
2024-10-03,-0.006393066216884264,0.0010191316940004963,-0.012827266845442161,0.0005096956756708441,0.11068816873270632,0.013846398539442695,-0.15591914711866114,0.02167425077048638
2024-10-04,0.017176484489481846,0.02515855963615493,0.00938257008299574,0.02167425077048638,0.27325767344420815,0.01577598955315906,0.21079100845437732,-0.003746764129646039
2024-10-07,0.0024900031416304567,0.00819366519463659,-0.010022672911078799,-0.003746764129646039,-0.23012565076732838,0.018216338105715543,-0.06414197485721863,-0.0007510021513585564
2024-10-08,0.0022497235954359834,0.004743547527968103,-0.0037607593609005267,-0.0007510021513585564,-0.04338560647039222,0.008504306888868749,-0.051623132851338224,0.006490245573241605
2024-10-09,-0.0015037941145842322,0.011454285745969626,-0.005273058808220822,0.006490245573241605,0.052305324573661625,0.016727344554190626,0.002637222273200774,-0.0054889710274257176
2024-10-10,-0.004488793373180267,-0.0014939633959383336,-0.010505303561265836,-0.0054889710274257176,-0.046225533253263805,0.009011340165327581,-0.0732605851596302,0.04834924783637592
2024-10-11,0.013172770848778336,0.05357982107396291,0.010700619472668262,0.04834924783637592,0.6600668521396227,0.04287920160129475,0.5857270708443649,-0.0009539928039578659
2024-10-14,0.0002383106089548491,0.005467731185619993,-0.005497791708096902,-0.0009539928039578659,-0.589420032419641,0.010965522893716764,-0.11403550430990089,0.005472935596009216
2024-10-15,0.031010229794379337,0.03401291291163107,0.0033349099791981185,0.005472935596009216,0.7831441302993727,0.03067800293243293,0.6632742239239309,0.015540690869920262
2024-10-16,0.0016597442124436832,0.02252556781433606,0.00023732675688156377,0.015540690869920262,-0.3708350854520098,0.022288241057454316,0.09037776292179614,-0.004683867305492519
2024-10-17,0.0007007496169013282,0.0046620309314996744,-0.007740111694167968,-0.004683867305492519,-0.2914515370481325,0.01240214262566762,-0.27568476266676706,-0.006594437117674322
2024-10-18,-0.003998551049883824,0.0011730922578794475,-0.011568960788514927,-0.006594437117674322,-0.03580036937151698,0.012742053046394307,-0.33759929177837106,-0.013320876957683862
2024-10-21,-0.0016554265357130692,0.0021243995496808255,-0.013799838477412868,-0.013320876957683862,-0.1402711670772663,0.0159242380270938,-0.3795972563439563,0.01284816463462643
2024-10-22,-0.002637498132612943,0.015445276507364781,-0.0045601574579165055,0.01284816463462643,0.333219159947454,0.020005433965281216,-0.03858052612298253,0.000945201294751516
2024-10-23,-0.002366828894738567,0.0040109050520564125,-0.006641361705036635,0.000945201294751516,-0.26139934599180253,0.010652266757093031,-0.16476866685101876,0.007295040403859768
2024-10-24,-0.0004724889716939207,0.007529440155776974,-0.008777162879955657,0.007295040403859768,-0.006228799627908768,0.016306603035732743,-0.08507197996379715,-0.017980189325846715
2024-10-25,0.0063105653860087855,0.007707570849294058,-0.020370211346816724,-0.017980189325846715,-0.03312577198733152,0.028077782196110932,-0.09650660720421564,0.017276481220506203
2024-10-28,0.004287769959826471,0.020322074994166356,0.0028605248387047325,0.017276481220506203,-0.11318262925340095,0.017461550155461653,-0.1888006822195828,-0.0021139210457332687
2024-10-29,-0.0007041140912706315,0.004448150626488854,-0.003525628541214248,-0.0021139210457332687,-0.09460713764072753,0.007973779167703,-0.2693897612434498,-0.0051861833735648314
2024-10-30,-0.019468794304350605,0.008662180938867819,-0.021148451474426226,-0.0051861833735648314,0.5350355289433893,0.02981063241329395,0.37241361776743387,-0.011648810486687897
2024-10-31,-0.00047282405662370285,0.00565633989915002,-0.012127175911240552,-0.011648810486687897,-0.3030993216506476,0.017783515810390605,-0.0007779986644228879,-0.0014357833219110277
2024-11-01,0.007860033945900968,0.014480979703563495,-0.0016752354062585368,-0.0014357833219110277,0.10393083133180878,0.016156215109821924,0.10495700963338664,-0.010350230554289047
2024-11-04,-0.0035983657179757492,0.0062068029295897255,-0.01568748762463451,-0.010350230554289047,-0.0035263897823921988,0.021894290554224122,0.07507735796151539,0.01321973867959688
2024-11-05,0.004345648802783888,0.01631897240038458,0.0012090253028283295,0.01321973867959688,-0.008350395107975115,0.015109947097556217,0.022119979959619736,0.08092393024311323
2024-11-06,0.06739971088452079,0.08400219544995308,0.049381222411741164,0.08092393024311323,1.272086106961508,0.03462097303821203,1.2391626660458013,-0.014194059271972962
2024-11-07,-0.008181337591214763,-0.003971768380678872,-0.020018496431751718,-0.014194059271972962,-0.8230150679428934,0.01604672805107291,0.04351560953700271,0.008008955028770696
2024-11-08,0.008230475390427483,0.016174043479244525,0.004012495413037924,0.008008955028770696,-0.2319733303204142,0.012161548066206505,-0.2721541720502313,0.020831818617634005
2024-11-11,0.010360445551652088,0.03033509998418061,0.00992182648343409,0.020831818617634005,0.12172266937142853,0.020413273500746443,-0.1783048155727454,-0.004785765385288625
2024-11-12,0.0013011833932903933,0.007997425560743905,-0.0052219803888745595,-0.004785765385288625,-0.12632210980681283,0.013219405949618488,-0.35064288146876443,0.00021799458460039194
2024-11-13,0.007386523862757697,0.013428811956263477,-0.0006543522645545317,0.00021799458460039194,-0.033363161941249,0.014083164220818047,-0.41061244863953017,0.000653864986671437
2024-11-14,0.0017425800820071973,0.006302333570837425,-0.0030567576635520716,0.000653864986671437,-0.03223980642195975,0.009359091234389409,-0.13761560490057886,0.01834910542464786
2024-11-15,-0.006118956867117079,0.020272391677109137,-0.006118956867117079,0.01834910542464786,0.12495043237673029,0.02639134854422638,0.05079464655494267,-0.0006418910866612376
2024-11-18,0.0,0.005758797112737312,-0.005576983928378911,-0.0006418910866612376,-0.22409549962136466,0.011335781041116032,-0.18444895938019065,-0.006657414682773849
2024-11-19,-0.015748346599860373,-0.0021427539515186654,-0.01661849924265101,-0.006657414682773849,-0.12583249957439593,0.014475745291132505,-0.25245097902116165,-0.007570025757459211
2024-11-20,0.0034416004759697375,0.00494357899053584,-0.010614237828834982,-0.007570025757459211,-0.018145634211745955,0.015557816819370946,-0.21677981757631914,0.008646783428749921
2024-11-21,0.007138981398886436,0.021265925608083082,0.0051970204062126565,0.008646783428749921,0.48115821850376583,0.016068905201870303,0.3167725053553031,0.01155589407350698
2024-11-22,-0.0019390322678003846,0.01622584987221514,-0.0038818316875480316,0.01155589407350698,-0.17662629284346332,0.020107681559763186,0.08362033407017037,0.010582109330537008
2024-11-25,0.005516634533112272,0.015622054359124901,0.003398470723575332,0.010582109330537008,0.11714826785330792,0.01222358363554976,0.21513645565948397,0.005249355886143745
2024-11-26,0.0002104688295282721,0.007132401791327063,-0.006123995875057456,0.005249355886143745,-0.3434372063388715,0.013256397666384494,-0.18669788816012822,0.00041877005779125085
2024-11-27,0.001464888721678932,0.004805180944090706,-0.0020964048038863868,0.00041877005779125085,-0.26367132426150164,0.006901585747977118,-0.4600014141852402,-0.005457657114406604
2024-11-29,0.0006277865518033321,0.006468491325921042,-0.005668125943935011,-0.005457657114406604,-0.0007047640621400865,0.012136617269855994,-0.4346468198060801,-0.00994185681701145
2024-12-02,0.0048294761990598034,0.0065037757782944175,-0.013989203755147077,-0.00994185681701145,0.43367937074099966,0.020492979533441372,0.1301530176107115,-0.0046878675084122854
2024-12-03,0.006990771334200019,0.0093102370471655,-0.008325363050673185,-0.0046878675084122854,0.06033826036453186,0.017635600097838527,0.20393966916120965,-0.009657780175948939
2024-12-04,-0.0027804759748131878,-0.0008547204832189947,-0.014846934820511427,-0.009657780175948939,-0.42431369502871336,0.013992214337292438,-0.19037071757093504,0.013494926341307419
2024-12-05,0.0040891575495125496,0.018588351491036232,0.002799637224559474,0.013494926341307419,0.23574875521096147,0.01578871426647677,0.08155626379644615,-0.005333345975362617
2024-12-06,0.0012758107708619936,0.0012758107708619936,-0.012848109592528339,-0.005333345975362617,-0.08733593941278729,0.01412392036339022,-0.06121679487689014,-0.018131300797196166
2024-12-09,-0.004072422816432143,0.0,-0.018349105424647967,-0.018131300797196166,0.18067437069052147,0.01834910542464786,0.08325454737918499,-0.0034911632159695043
2024-12-10,0.0,0.008243019883759575,-0.0069945573651902125,-0.0034911632159695043,0.02857999595078799,0.015237577248949738,0.1195817521199661,0.007187264402534575
2024-12-11,0.005449604767564685,0.008921827172683498,-0.006138997038270521,0.007187264402534575,0.03104741324081523,0.015060824210954032,0.1662854563378227,0.0
2024-12-12,0.0013011833932903933,0.00842791324144941,-0.003478343987639026,0.0,-0.4264652556682512,0.011906257229088448,-0.3334931620883452,-0.008937469020319559
2024-12-13,0.00021695391900277908,0.0004338607792117707,-0.01530755323523346,-0.008937469020319559,0.3147681601366958,0.015741414014445183,0.02739299691361078,-0.004388792420485459
2024-12-16,-0.0017531895314355146,0.00021898492474036797,-0.011229851201112384,-0.004388792420485459,-0.18554292837832503,0.011448836125852662,-0.18265324469819158,-0.009279827564306018
2024-12-17,-0.006177001649339995,-0.006177001649339995,-0.01887062961691123,-0.009279827564306018,0.19016110390452468,0.012693627967571125,0.053225299337031344,-0.03501202902431541
2024-12-18,0.001995790749134036,0.008399719369852666,-0.038466299091455804,-0.03501202902431541,0.2340631249977292,0.04686601846130854,0.30409183281398894,-0.002762408073613597
2024-12-19,0.01074667286026166,0.022278701556238956,-0.004377351159698776,-0.002762408073613597,-0.07939654894490338,0.026656052715937777,0.1928800095667562,0.018047254132696026
2024-12-20,-0.004158017110324839,0.02324097378379564,-0.006475568314546423,0.018047254132696026,0.6542359810777499,0.02971654209834206,0.7595008936151557,-0.006359294359970781
2024-12-23,-0.006131429314534154,-0.0013592561998387565,-0.031975109033896526,-0.006359294359970781,-0.7410635945620119,0.030615852834057693,-0.19502691003344894,0.011102451778187996
2024-12-24,0.0009109751408030322,0.012003287451128077,0.0009109751408030322,0.011102451778187996,-1.0765699637215873,0.011092312310325116,-1.3083359585686196,0.0038231952194153346
2024-12-26,-0.0038379544423896867,0.004496427459240253,-0.00610241361805607,0.0038231952194153346,0.2879848206194601,0.010598841077296207,-0.9214493836645156,-0.004724929161873464
2024-12-27,-0.0069827416372477465,0.0051494471192478405,-0.011059764248500088,-0.004724929161873464,0.11142825274084446,0.01620921136774789,-0.6739766972773037,-0.009745126530868495
2024-12-30,-0.01020071783572987,-0.004520820628519175,-0.017977521849669897,-0.009745126530868495,-0.10941502941335504,0.013456701221150754,-0.6590737332983142,0.0009105603918337788
2024-12-31,0.002956251544408547,0.007261200432004423,-0.004565193168877993,0.0009105603918337788,3.724371667895622e-05,0.011826393600882421,-0.1918608188298454,0.007706297115858849
2025-01-02,0.004313745510515606,0.014456980570960426,-0.0034188415267540247,0.007706297115858849,0.4635413021060825,0.017875822097714406,0.49158378755935234,0.011672420838723352
2025-01-03,0.010332506114560045,0.012564615876673894,-0.0031659769950921637,0.011672420838723352,-0.08789279256734847,0.01573059287176611,0.2440604517271723,0.013080779211941647
2025-01-06,0.007780376457605263,0.029465634567297797,0.006450853230369063,0.013080779211941647,0.2632195213908946,0.023014781336928712,0.43003837398607875,0.01486691746709565
2025-01-07,0.01919773729203431,0.027160821345469967,0.005491501809613429,0.01486691746709565,0.29794753335303337,0.021669319535856556,0.6089622204558668,0.0028171489457892445
2025-01-08,-0.003913905814016797,0.003898564395898762,-0.008499630605593956,0.0028171489457892445,-0.021269970417698958,0.012398195001492507,0.3858817447584155,-0.024092240119255547
2025-01-10,-0.0045548085807590455,-0.0034684589361702557,-0.03232821149184976,-0.024092240119255547,0.012231699916465364,0.028859752555679453,0.23563618076254467,-0.001108999469558406
2025-01-13,-0.00022175227520165552,0.00508568349419891,-0.009354232734507646,-0.001108999469558406,-0.17053550329033626,0.014439916228706606,-0.024752248826388466,0.015852322378829685
2025-01-14,0.011912717577042948,0.018905746655385653,0.003765607887914025,0.015852322378829685,0.057284868411312355,0.015140138767471585,-0.027521787727289176,0.028425680765921838
2025-01-15,0.028850228815480758,0.036039943857243,0.022890254127287485,0.028425680765921838,0.4517716911335933,0.01314968972995553,0.39338661242750844,-0.009814439669994806
2025-01-16,-0.0021253669157330142,0.008667211244332129,-0.027552298260760423,-0.009814439669994806,-0.014371038409310529,0.036219509505092624,0.29909569959118393,-0.0023612893339943247
2025-01-17,-0.0006434054762844223,0.005132639096988125,-0.012079472831732017,-0.0023612893339943247,-0.23621555697867366,0.017212111928720186,-0.011343476606331093,0.0027900237012736173
2025-01-21,0.0019323710747135398,0.013236801819888431,0.00021493792418106832,0.0027900237012736173,0.1577789329921673,0.013021863895707473,0.12992655827322958,-0.018821516660026794
2025-01-22,-0.0012867549356592102,0.0014990835933314387,-0.019476952931315787,-0.018821516660026794,-0.2566985421165732,0.020976036524647395,-0.20145715103977138,0.013018158943638744
2025-01-23,0.005661999470634407,0.023738673421777486,0.005661999470634407,0.013018158943638744,-0.13169172116379865,0.018076673951143193,-0.3489184872076304,0.0027984318839231054
2025-01-24,-0.0034549775084289094,0.01008054049796266,-0.005186911594362577,0.0027984318839231054,-0.35958167489873905,0.01526745209232527,-0.6172668082567723,0.012178330005197762
2025-01-27,0.0006446498427879072,0.013239547069737685,-0.0030139826335745354,0.012178330005197762,0.5850975589826203,0.0162535297033122,0.11707418166580662,-0.005323125508651854
2025-01-28,-0.00021234621132337972,0.007405058245704635,-0.0081024125820356,-0.005323125508651854,-0.4884612238628471,0.015507470827740137,-0.37023779526941814,-0.0019232862524613335
2025-01-29,-0.0019232862524613335,0.011673681113007076,-0.004279013031360403,-0.0019232862524613335,-0.13692595815584097,0.01595269414436762,-0.3715701088850478,-0.0006418910866612376
2025-01-30,0.00767104993313488,0.008943802743269433,-0.007514763617165701,-0.0006418910866612376,0.27572073707787975,0.016458566360435127,0.005929099833871229,-0.009030420034020416
2025-01-31,-0.00042818363614995314,0.0023516976474509082,-0.01205874575382084,-0.009030420034020416,-0.02633747952563251,0.014410443401271735,0.00654613004706464,-0.0019457395441603211
2025-02-03,-0.01918944825044434,0.0038801580810254696,-0.02603797966341585,-0.0019457395441603211,0.18317183474790658,0.029918137744441287,0.15243761070531056,0.010762049843919676
2025-02-04,0.0030250540212132786,0.01971355852895596,0.0012976077423689076,0.010762049843919676,-0.10395897458529191,0.018415950786587077,0.09928804515776309,0.008527050754057236
2025-02-05,0.005763714573194283,0.008951508685036207,-0.0014997259579767545,0.008527050754057236,-0.17198060834171716,0.010451234643013008,-0.11049451627769552,0.013284350401352686
2025-02-06,0.0069804200736829835,0.018298942202999165,0.0012727528101345266,0.013284350401352686,0.3623914074161303,0.01702618939286455,0.2262676621236102,-0.0071473951766151435
2025-02-07,0.0020924567627390468,0.004806184892008281,-0.007569434794955671,-0.0071473951766151435,-0.40637899363690544,0.012375619686963962,-0.2328528721418045,-0.015520740164928654
2025-02-10,0.0016862992077093773,0.003369839804928572,-0.021322768775038126,-0.015520740164928654,0.008284864756082252,0.024692608579966607,-0.2010730946810661,0.002568003717215995
2025-02-11,-0.0025745333942405785,0.005555615581473203,-0.00839164477863611,0.002568003717215995,-0.2742523335561729,0.013947260360109471,-0.41364979202023716,-0.012473319375001669
2025-02-12,-0.004712974003625172,-0.004498220678771296,-0.018333357077047682,-0.012473319375001669,0.38238503476507335,0.013835136398276448,0.054170885719071235,0.002593533880711514
2025-02-13,0.006686132420757302,0.007760345371376519,-0.005207168697375207,0.002593533880711514,-0.10476329237388299,0.012967514068751905,-0.06523633730426648,0.01350641707337787
2025-02-14,0.0032323637444742095,0.016270928545243743,0.0032323637444742095,0.01350641707337787,-0.032400197296658065,0.013038564800769334,-0.0025759824785247594,-0.009198916402140848
2025-02-18,-0.008554323105679424,-0.0066231960215041115,-0.01718253712972952,-0.009198916402140848,0.3763703135531388,0.010559341108225371,0.3779848362781705,-0.011238511934903985
2025-02-19,-0.014067924080004325,-0.010152315414000773,-0.024144743258232505,-0.011238511934903985,0.029789198470563764,0.01399242784423184,0.3256004725693168,-0.015551712039840758
2025-02-20,-0.002393577376850418,0.003904567024265834,-0.02130772352848003,-0.015551712039840758,0.026171289661089184,0.025212290552745986,0.2272738308391401,-0.010875656202029961
2025-02-21,-0.0011043455011225303,0.004625029500217962,-0.016919333262664656,-0.010875656202029961,0.08352979388373195,0.021544362762882505,0.2486153261521757,-0.007841471501135353
2025-02-24,0.004897547759788725,0.012860443576517628,-0.008291425575737067,-0.007841471501135353,-0.20256044820459865,0.02115186915225465,-0.04771873103934715,-0.011764852241207078
2025-02-25,0.0015732039766683113,0.008510713663008079,-0.025283219916394355,-0.011764852241207078,0.07083654607837671,0.0337939335794025,-0.02689751659043778,0.0
2025-02-26,0.002273296940334623,0.013787101088668279,-0.0018222787970389614,0.0,-0.16714209046254283,0.015609379885707016,-0.19554467104201043,0.004088134473295264
2025-02-27,0.0034079671279885625,0.018936548207916043,0.0,0.004088134473295264,-0.12444943017511391,0.018936548207916043,-0.28514300791815483,0.04389974672729593
2025-02-28,0.004522865377312549,0.046066644425553444,0.001811636168745292,0.04389974672729593,0.7879809571610593,0.0442550082568081,0.5656193757552119,-0.011782748181823907
2025-03-03,0.0023832881665774774,0.018483239120666822,-0.019273423058691508,-0.011782748181823907,-0.28810427701003527,0.037756662179358164,0.17532508641868183,-0.0655341144335368
2025-03-04,-0.018385761510625664,-0.015929567114552182,-0.08064654874804235,-0.0655341144335368,0.5112698653819538,0.06471698163349014,0.6301720995096941,-0.008945381154728638
2025-03-05,-0.00046874457346627246,0.0014051846550835114,-0.02275516802889069,-0.008945381154728638,-0.397762799530204,0.024160352683974363,0.05619998159998518,-0.019821588207737943
2025-03-06,-0.016690915709506936,-0.009503552744584398,-0.031954714753677026,-0.019821588207737943,0.09972083214886165,0.02245116200909266,0.07728037064520146,-0.0014481672372029272
2025-03-07,-0.00362445027322765,0.0064911987083575975,-0.020714728197655227,-0.0014481672372029272,-0.1372590320233375,0.027205926906012753,-0.16449110463097433,-0.03866047452294754
2025-03-10,-0.02445109495186285,-0.019020387831311835,-0.055114497382781256,-0.03866047452294754,0.42529042000092715,0.03609410955146957,0.3017196970890534,-0.005538816122446678
2025-03-11,-0.0032692362545359427,0.020624361282125213,-0.014159562918551768,-0.005538816122446678,-0.426139720564126,0.034783924200676976,-0.22572571430043173,0.007545288194490606
2025-03-12,0.017517984154468112,0.022220347069641135,-0.010404860783694462,0.007545288194490606,-0.17955036669691418,0.032625207853335565,-0.3139795272617817,-0.006031726868268873
2025-03-13,0.0015022880263723909,0.006991259053798088,-0.014639282237442536,-0.006031726868268873,-0.11315532888363551,0.021630541291240587,-0.3909080819733002,0.030290331080806244
2025-03-14,0.014763190151890045,0.03346457543468448,0.012525214419474991,0.030290331080806244,-0.04845142564354168,0.020939361015209566,-0.3637151591308893,0.013361045362084711
2025-03-17,0.0007333768863625578,0.021292870018353203,-0.007363784839825477,0.013361045362084711,0.03449818835563813,0.028656654858178674,-0.27085961718917606,0.005054840436634066
2025-03-18,0.006734094580029273,0.009367264415860702,-0.0036262027408652696,0.005054840436634066,0.010728223685203844,0.012993467156725952,-0.0799455593328278,0.013355732855987052
2025-03-19,0.0016792541433950728,0.024897532853414117,-0.008438923754722443,0.013355732855987052,0.12063698338798577,0.03333645660813665,0.10638631395764273,0.0063762280531162036
2025-03-20,-0.010718234723374156,0.012010085121864173,-0.013355732855987058,0.0063762280531162036,-0.03481041192286885,0.025365817977851358,0.07063146956112001,-0.00023539308980748255
2025-03-21,-0.007561465543852873,0.004228343308664668,-0.01398624576909949,-0.00023539308980748255,0.46054305364431847,0.0182145890777641,0.5143008117445927,0.014028718912547745
2025-03-24,0.010772916277257755,0.015884479823740853,0.006571222314874415,0.014028718912547745,-0.7520510751277062,0.009313257508866508,-0.37696460796956477,0.004863914352997402
2025-03-25,0.006479976047055336,0.010623635540962434,-0.000696754855367869,0.004863914352997402,-0.18597436111237092,0.011320390396330189,-0.5329638706997489,-0.0106853302988483
2025-03-26,0.004150347428866541,0.010115084895828746,-0.012789367390440625,-0.0106853302988483,0.1650695835715848,0.02290445228626941,-0.3099772508436773,-0.00609039873402726
2025-03-27,0.0,0.006285679134298832,-0.007030711795001043,-0.00609039873402726,-0.15825856330240157,0.013316390929299838,-0.40540577584591714,-0.031263764519874566
2025-03-28,-0.0028235959131951115,0.0014087243085445526,-0.037586701836117294,-0.031263764519874566,0.29043208173715873,0.03899542614466192,-0.03143201532613812,0.011569170853117018
2025-03-31,-0.011459377568248877,0.01563475056455897,-0.015883083756228163,0.011569170853117018,0.06051985951084697,0.031517834320787246,0.22029175455839708,-0.005767808834300026
2025-04-01,-0.009873646768036681,-0.0007191365331412187,-0.018380162279979413,-0.005767808834300026,-0.352541856754896,0.017661025746838182,-0.1708440130784109,0.008639285675309841
2025-04-02,-0.014811502775994755,0.011502631631127358,-0.01628032489394199,0.008639285675309841,0.09814058214675866,0.027782956525069475,-0.07358098112098459,-0.11724547646374515
2025-04-03,-0.08006255614673759,-0.0746411131230651,-0.12263344096415812,-0.11724547646374515,1.4093596109624442,0.047992327841092974,1.3476763713256816,-0.0790804773148341
2025-04-04,-0.05324662038092506,-0.039177733652602534,-0.10023910522046851,-0.0790804773148341,-0.06933468008080874,0.061061371567866035,0.8089854431094282,0.0340179270044825
2025-04-07,0.01672477928619903,0.06310179925406015,-0.025027023004593484,0.0340179270044825,0.24246256706602431,0.08812882225865375,0.784198388779045,-0.015578931338688103
2025-04-08,0.03534323509959954,0.048013608276258474,-0.03576407289425247,-0.015578931338688103,-0.5514613131511166,0.08377768117051088,-0.04643335004580374,0.05875900987519182
2025-04-09,-0.028374792172955805,0.07742613720758337,-0.05757828459650648,0.05875900987519182,0.7115625026866447,0.13500442180408978,0.5436207135287975,-0.035620287754465706
2025-04-10,-0.022595266906548075,-0.020394995674779495,-0.07024342297925416,-0.035620287754465706,-0.5776643123583146,0.0498484273044747,-0.28413689434570805,0.0027855809065353
2025-04-11,-0.018297420204290586,0.010543967789293398,-0.02943878320836219,0.0027855809065353,-0.35107377718755345,0.03998275099765577,-0.5926345304371011,0.019829826760624194
2025-04-14,0.01490919105705574,0.028518545831299494,0.008861860526517577,0.019829826760624194,-0.30720649954006957,0.019656685304781988,-0.8201847898221747,0.03536407923142116
2025-04-15,0.030350150292040655,0.05517182364943833,0.030350150292040655,0.03536407923142116,0.5923166303553882,0.024821673357397656,-0.04130685885062676,-0.017525669404360383
2025-04-16,-0.003427849478884854,0.004464831200112326,-0.027216205414050603,-0.017525669404360383,-0.4709663281661954,0.03168103661416294,-0.5247985506520947,0.002140702304276686
2025-04-17,0.004810177369634472,0.01436187173193881,-0.002413844496502127,0.002140702304276686,-0.1146719054599597,0.016775716228440967,-0.36188512788207133,-0.013184684241802445
2025-04-21,-0.009130035351033641,-0.003481087208047688,-0.024899747834906154,-0.013184684241802445,-0.29991784327414023,0.02141866062685837,-0.52490898379708,0.037218585099329626
2025-04-22,0.017452491423566446,0.041645150864068003,0.01291738517993391,0.037218585099329626,0.19122725140055846,0.028727765684133974,-0.2312383175257028,0.0111588106605737
2025-04-23,0.02804764219632345,0.04615226575642034,0.009092113129641664,0.0111588106605737,0.252361436191296,0.03706015262677863,0.03831503760777328,0.021193230637181933
2025-04-24,-0.002325285966090263,0.024220451111407013,-0.003878518859113446,0.021193230637181933,-0.2483919220936122,0.028098969970520405,-0.08735036764731927,0.002775245758006403
2025-04-25,-0.0010111455396075823,0.005291661011279808,-0.006590698918909514,0.002775245758006403,-0.26129646222581376,0.011882359930189292,-0.3026445718827013,0.0022650105449283386
2025-04-28,0.002767660926514371,0.009778270267061077,-0.005811754801478033,0.0022650105449283386,0.13522139527296398,0.015590025068538953,-0.09988015234533101,0.005265222091416403
2025-04-29,-0.0037778085849408914,0.009009085423149677,-0.007570039769016585,0.005265222091416403,-0.10218020303782079,0.016579125192166064,-0.2140755878851222,-0.0027544929540213054
2025-04-30,-0.015879377139937045,0.0002499892830472591,-0.029693894951327866,-0.0027544929540213054,0.19320146633721857,0.029943884234375197,0.020567879314150297,0.007245430911680987
2025-05-01,-0.0015056809046995968,0.01394438831667284,-0.007550985440329686,0.007245430911680987,-0.19983434973198042,0.02149537375700254,-0.11002214468942254,0.022157517749293067
2025-05-02,0.01825412542291502,0.026045732827575534,0.013107708405441326,0.022157517749293067,0.2148066174681788,0.012938024422134008,0.15338294538913827,0.001216674633502396
2025-05-05,-0.005371136585047682,0.010174554261664926,-0.011017390680907214,0.001216674633502396,-0.23709425518880256,0.021191944942572188,-0.13247415269611112,-0.006832598138643148
2025-05-06,-0.011495721640528903,0.0036412596850693216,-0.013712202030157416,-0.006832598138643148,-0.10551215368730993,0.017353461715226687,-0.21313978423926383,0.002201300927652168
2025-05-07,0.004885226137983789,0.012168560911968364,0.0004896072944047254,0.002201300927652168,0.045787810949671506,0.011678953617563584,-0.14382385945478204,0.016236832627082188
2025-05-08,0.008757064110746435,0.02937142268867091,0.007787814820336831,0.016236832627082188,0.30277730723275553,0.021583607868334055,0.2169981272442289,0.0045569677801975805
2025-05-09,0.003120153046371621,0.009093172900723864,0.00216112836473181,0.0045569677801975805,-0.43031647028251,0.006932044535992071,-0.2613657339092727,0.036880272840131505
2025-05-12,0.035957316720471255,0.05062301034141482,0.02714666210137539,0.036880272840131505,0.499828217745149,0.02347634824003924,0.3233730985037362,0.020995709064850383
2025-05-13,0.0013827510716139578,0.02572711133701838,0.0013827510716139578,0.020995709064850383,-0.037290548000276084,0.024344360265404416,0.214522403730504,0.010334913305389496
2025-05-14,-0.0020345922069302217,0.014350008835055956,-0.003393232787324237,0.010334913305389496,-0.018984365043844823,0.017743241622380272,0.11997664909966446,-0.008079052006066002
2025-05-15,-0.0031341687645181043,0.005349942776116069,-0.016451150893309827,-0.008079052006066002,0.11057937290523329,0.02180109366942602,0.17125196909228335,0.006960790644152679
2025-05-16,-0.0009017339424581944,0.009195979087711173,-0.01635659394505307,0.006960790644152679,0.04354470155322853,0.025552573032764214,0.1875296370485753,0.0017885502615692871
2025-05-19,-0.013063204262208724,0.010019025651996829,-0.013063204262208724,0.0017885502615692871,-0.266366962300092,0.02308222991420562,-0.1818836475660657,-0.0017885502615692884
2025-05-20,-0.004028660416254507,0.003122201224349236,-0.00807361660953959,-0.0017885502615692884,-0.12608209397213052,0.011195817833888837,-0.27688268135097577,-0.0327524988382025
2025-05-21,-0.007186190898187966,-0.004485249671308276,-0.03506727932445511,-0.0327524988382025,0.508793900157682,0.030582029653146946,0.27742619634161186,0.0013863535570514242
2025-05-22,-0.0016198012237008503,0.007371599747198354,-0.006727804488437239,0.0013863535570514242,-0.6498782101194368,0.014099404235635743,-0.4331231622599821,-0.0025430740242397684
2025-05-23,-0.019350220777237328,0.0027668666386334593,-0.02241520186707558,-0.0025430740242397684,0.18357423712235135,0.02518206850570908,-0.1639838875611466,0.023336690123826626
2025-05-27,0.013564988809831001,0.023336690123826626,0.002312104477895335,0.023336690123826626,0.04065051077537558,0.02102458564593126,-0.04954974566556028,-0.0036248304916732814
2025-05-28,-0.00022621590497808535,0.004962730834764016,-0.005897094325478856,-0.0036248304916732814,-0.01800709249984411,0.010859825160242807,-0.0591705957936622,0.004077022611252381
2025-05-29,0.007011168775049689,0.00903751540103909,-0.0036380177036665975,0.004077022611252381,-0.22293123314587912,0.012675533104705561,-0.2939186494775341,-0.0024895476688152184
2025-05-30,-0.0011309070884212024,0.0013552646748746097,-0.011823703924836755,-0.0024895476688152184,0.8462804058482921,0.01317896859971129,0.7046444702528272,-0.0011336411012790942
2025-06-02,-0.005681187736528452,0.00045311412592157824,-0.017602476277526133,-0.0011336411012790942,-0.8449675574267328,0.018055590403447747,-0.3458014193755284,0.012848135112715727
2025-06-03,-0.0015893636993168532,0.014638200826815807,-0.0031811706813260885,0.012848135112715727,0.09146511572611171,0.01781937150814175,-0.22268240069054185,-0.00651616525550852
2025-06-04,-0.0011205166832410397,0.009806154320339487,-0.0069671338672470905,-0.00651616525550852,-0.023534526462703466,0.016773288187586652,-0.22032089833607002,0.0004507653307196648
2025-06-05,0.0020268028826869807,0.004947192789959854,-0.00792133355652413,0.0004507653307196648,0.045660084270865466,0.01286852634648394,-0.1476437020785084,0.013206686355510098
2025-06-06,0.006960790644152679,0.017644167557609176,0.005841362828367182,0.013206686355510098,0.14488038767972722,0.011802804729242042,-0.02131975535622399,-0.0022262317442197106
2025-06-09,0.003108337023150097,0.00951651072952092,-0.004234044016846973,-0.0022262317442197106,-0.13267877405021594,0.013750554746368032,0.01580637786896071,0.004891099633838044
2025-06-10,-0.0015612737921877839,0.0073277075341481425,-0.002677951462364195,0.004891099633838044,-0.005720657092607665,0.010005658996512413,-0.013647446548273587,-0.008016088606239648
2025-06-11,0.002436607900310094,0.00707184593256654,-0.01204835902571323,-0.008016088606239648,0.39569234427395594,0.0191202049582797,0.37649652613003276,-0.00246224214447844
2025-06-12,-0.0074049034060065435,-0.0017900657141000224,-0.016000320713518562,-0.00246224214447844,-0.46186654321134235,0.014210254999418451,-0.1854003672787599,-0.011949162235674769
2025-06-13,-0.013992531148087533,-0.0035922771224562704,-0.021749817439463526,-0.011949162235674769,0.36103434067364226,0.018157540317007222,0.18590685606262536,0.007231663037446701
2025-06-16,0.012397301569631536,0.017982036366562478,0.005879671519526942,0.007231663037446701,-0.23832696231491302,0.01210236484703551,-0.0867106303776724,-0.004061384337504733
2025-06-17,-0.003157408783802768,0.005837428505203218,-0.007912293325267229,-0.004061384337504733,-0.21559519923909756,0.01374972183047045,-0.31135044759798824,0.01859168395042439
2025-06-18,0.0006780151694042216,0.02169382218676093,-0.00045229440106729705,0.01859168395042439,0.31544642521110117,0.022146116587828297,0.02967708535407914,0.009717360475864648
2025-06-20,0.005532823506790471,0.013008674985542689,0.004649606078682009,0.009717360475864648,0.5388301948373789,0.008359068906860619,0.6258215494332875,0.01742961865710964
2025-06-23,-0.0022001872999354503,0.0189403494118466,-0.008608361006306206,0.01742961865710964,-0.41426959985658995,0.02754871041815282,0.029803722541231176,0.007745318709062006
2025-06-24,0.00967231112068171,0.019040032022967033,0.005814605827216259,0.007745318709062006,0.06252518459917013,0.013225426195750754,0.0952203463480538,0.004063712791900502
2025-06-25,-0.001715959556991867,0.006834706163891533,-0.00429555568652461,0.004063712791900502,-0.3038278205084299,0.01113026185041612,-0.2620269906872383,0.01293625560213594
2025-06-26,0.0021322457893364812,0.015461567243539228,0.0010667318719879317,0.01293625560213594,0.17953728883656153,0.014394835371551408,-0.10984571956965852,-0.0071897150417621365
2025-06-27,-0.000210690582367734,0.004414999088572106,-0.011656362629525697,-0.0071897150417621365,0.34581296582253646,0.016071361718097855,0.22511975543129675,0.004235515985643058
2025-06-30,0.010555301953394448,0.010555301953394448,-0.0019118466742335384,0.004235515985643058,-0.16830439503741193,0.01246714862762819,0.09227579919025432,0.0173881372732527
2025-07-01,-0.006359979813560462,0.02297988103283618,-0.008062871494423108,0.0173881372732527,0.012848746305830674,0.03104275252725906,0.08143508052494328,0.011563159088734697
2025-07-02,0.004351868433345527,0.011973677527290496,-0.0018709110514125024,0.011563159088734697,-0.011130733440181029,0.013844588578703097,0.05652851246814075,0.004506382515038228
2025-07-03,0.004915055539635194,0.012242599063205727,0.0020509090115185353,0.004506382515038228,-0.7976433199400377,0.010191690051687137,-0.8029608402926908,-0.005533377318439936
2025-07-07,-0.003890628903807604,0.0057061247353694215,-0.011510946785311574,-0.005533377318439936,0.49781085754642507,0.01721707152068095,-0.22535265412814065,-0.031523292777888456
2025-07-08,-0.024127623178983888,-0.01804090247221314,-0.03982923351106725,-0.031523292777888456,0.9068757405382664,0.021788331038854015,0.7812043371005737,-0.006596499454533667
2025-07-09,0.0002120309919430503,0.006342499693054005,-0.009375786527917348,-0.006596499454533667,-0.6447357743204697,0.015718286220971496,-0.04516891514100983,0.0027715840407418176
2025-07-10,0.0012801659998073341,0.008080015521609632,-0.0012818069256761778,0.0027715840407418176,-0.04429327187386661,0.00936182244728581,-0.07985115130108682,-0.005122779111491383
2025-07-11,-0.007050597072102169,-0.0034122413783637976,-0.015447662069464855,-0.005122779111491383,-0.33445730921778427,0.012035420691101093,-0.39840605783042365,0.007249502013197669
2025-07-14,0.0017105377331275483,0.007249502013197669,-0.0038593595830085066,0.007249502013197669,0.13921922687459262,0.011108861596206252,-0.30086660052492964,-0.01973885491727986
2025-07-15,-0.004044680876820412,-0.0012755395980296427,-0.024081983524221678,-0.01973885491727986,0.41591392205545286,0.02280644392619202,0.11174346315393571,-0.0026036627029046525
2025-07-16,0.0021644699461086546,0.008844838905938438,-0.02501234399846019,-0.0026036627029046525,0.10575829671922897,0.033857182904398625,0.3609069122175666,0.021279721538012438
2025-07-17,-0.008508819688717872,0.025524226199345898,-0.01290058711859904,0.021279721538012438,-0.08182538960144936,0.038424813317945006,0.21092230025501615,0.006359979813560533
2025-07-18,-0.0002127435158574804,0.0076271684267946,-0.0025553448604686067,0.006359979813560533,-0.15617347356646372,0.010182513287263153,0.0025470064698935846,0.0033755274392842866
2025-07-21,0.004638448529096569,0.015100983608393966,-0.0025391239055125954,0.0033755274392842866,-0.4057683775726513,0.017640107513906586,-0.47008165487894255,0.00608927688425269
2025-07-22,0.0025241690808163204,0.014427822529505294,-0.00042132838316506283,0.00608927688425269,0.07620516993791361,0.014849150912670387,-0.37751189671799706,0.007715582691717188
2025-07-23,0.005011450597543016,0.011240770008425214,0.0008370143774095173,0.007715582691717188,-0.10198837163173102,0.010403755631015732,-0.39560084083610053,0.0051797485158037865
2025-07-24,0.007244206055712366,0.017706878434378796,0.0014530297508796664,0.0051797485158037865,0.31427240926347155,0.01625384868349926,0.056067133435574054,0.00123918589166778
2025-07-25,0.0,0.0033010108307724266,-0.009342967831850874,0.00123918589166778,-0.5633581545615013,0.012643978662623252,-0.43844850383661643,-0.0045511294941031535
2025-07-28,0.0,0.0018558650760324964,-0.007666025773267836,-0.0045511294941031535,-0.17226324098766438,0.009521890849300312,-0.4762660331698986,-0.005822407349023131
2025-07-29,0.0033119436024353385,0.0057887030670794835,-0.007074522979962851,-0.005822407349023131,0.24156403577962174,0.012863226047042476,-0.16209082498146785,0.00020849382932598825
2025-07-30,0.006444208176623547,0.011404980702844278,-0.004389161171409606,0.00020849382932598825,0.20762196146467696,0.015794141874253896,0.10247721107704798,-0.01449145658075321
2025-07-31,-0.004178877129350282,0.001458479191383194,-0.016185334432937737,-0.01449145658075321,0.21527592610679847,0.01764381362432098,0.3116884336432714,-0.034653216729345
2025-08-01,-0.01943882285213703,-0.018360904523905007,-0.04212742506315962,-0.034653216729345,0.26790833296639144,0.0237665205392545,0.5999476200798042,0.004152527662850579
2025-08-04,0.006548795300643659,0.00980722169565204,-0.000438126139118001,0.004152527662850579,-0.5219539475320095,0.010245347834770099,-0.09931792002972306,-0.006344996701218761
2025-08-05,0.0021786999827123135,0.003266231066423576,-0.02428372070180709,-0.006344996701218761,0.17021039191291715,0.02754995176823065,0.01171838759257784,-0.00307767235788281
2025-08-06,0.0032869035931617197,0.008305998646355381,-0.0037383656999074115,-0.00307767235788281,-0.27622299031059583,0.012044364346262668,-0.32106484131378327,-0.011069407255899293
2025-08-07,0.006364575951044563,0.007457814028190337,-0.014190912452968689,-0.011069407255899293,0.0920948279006815,0.021648726481159185,-0.20610972756554466,0.023975638579227836
2025-08-08,0.005107224551090876,0.030258855506343694,0.0013348472464496922,0.023975638579227836,0.19314487305429992,0.028924008259893857,0.03834167616349499,0.003254891207315411
2025-08-11,0.0010861965209033272,0.011023609803712768,-0.004356289810273635,0.003254891207315411,-0.04326382148757863,0.015379899613986541,0.08385698302380133,0.028616092146381604
2025-08-12,0.0069084838008259255,0.03197884957478974,0.004323412742814991,0.028616092146381604,-0.0022015588715573004,0.027655436831974894,0.05438167821137186,-0.00548868418080803
2025-08-13,0.0037823181169974653,0.005458722899973302,-0.010794862206212345,-0.00548868418080803,-0.18579646659967292,0.016253585106185683,-0.12354476647937641,0.009899973478805587
2025-08-14,-0.003180359363978312,0.010319094567326964,-0.007436606774960547,0.009899973478805587,-0.33517594937621126,0.017755701342287506,-0.46796585128530244,-0.01627083917202243
2025-08-15,0.0008380665881461353,0.002302955309825158,-0.017123292351628457,-0.01627083917202243,0.22065966346732707,0.01942624766145373,-0.1889574297092182,0.02066275442996542
2025-08-18,-0.0004261764063326057,0.023163855102816957,-0.0032006367217149163,0.02066275442996542,0.49541496795706313,0.02636449182453183,0.3773015741465698,0.003333412713915429
2025-08-19,-0.0020889599481178477,0.004164953313033368,-0.006070078358505213,0.003333412713915429,-0.244135636601818,0.010235031671538452,0.08326282855733803,0.005599862029825125
2025-08-20,0.001870054319331558,0.008697469632985887,-0.0043773472188654225,0.005599862029825125,-0.09173434802387866,0.013074816851851455,0.002512383754601951,-0.0018631649230600271
2025-08-21,-0.00165593118447619,0.0028914353916835514,-0.011231338978336714,-0.0018631649230600271,-0.07087826222008135,0.014122774370020217,-0.07715528058290123,0.02496551285558147
2025-08-22,0.005373068093168275,0.028596751590152087,0.004135671078728934,0.02496551285558147,0.4510573404654539,0.02446108051142309,0.3258163515341814,0.0
2025-08-25,-0.0018205760780611378,0.0036312387345704754,-0.005471701999409511,0.0,-0.26122225361299656,0.009102940733979907,-0.04475131901991067,0.015442008666386899
2025-08-26,-0.004659170654700257,0.015640960446969047,-0.004659170654700257,0.015442008666386899,0.1568050702198399,0.02030013110166936,0.15948814576338236,0.0025837451864546123
2025-08-27,-0.0043877458384944685,0.007533760139121327,-0.005187527937655605,0.0025837451864546123,0.043816131084379324,0.012721288076776902,0.16463157613862567,0.0021810379887331932
2025-08-28,0.0033686382480719495,0.005147473657525083,-0.0019869326816982177,0.0021810379887331932,-0.2528401841257851,0.007134406339223306,-0.15071337036250224,0.004939257136517989
2025-08-29,0.00039597313520177066,0.00848040761539203,0.00039597313520177066,0.004939257136517989,-0.013840660145762176,0.008084434480190321,-0.1864289378021151,-0.006326701807156732
2025-09-02,-0.010301209214340919,-0.005335462712012686,-0.021313494996031156,-0.006326701807156732,0.48385870533158226,0.01597803228401841,0.3638554694302419,-0.007165572007205509
2025-09-03,-0.00039668009103649014,0.0029706236134377302,-0.014382936990256733,-0.007165572007205509,-0.31838781877670924,0.017353560603694484,-0.04827415245393245,0.011124420579792526
2025-09-04,0.003589242132386861,0.015264454045392105,0.0011977952801807204,0.011124420579792526,-0.09707497543088087,0.01406665876521125,-0.13402750627352442,-0.01693433194827617
2025-09-05,-0.0035622501458324445,0.0033527688225724953,-0.02784354954468189,-0.01693433194827617,0.14093240092750825,0.031196318367254432,0.04602019363749838,-0.006248158485234914
2025-09-08,0.0006025666424926984,0.002808978356211888,-0.0180440653529208,-0.006248158485234914,0.18142965330761884,0.020853043709132737,0.19093874493627816,0.01664202480602118
2025-09-09,0.0008084259918345463,0.02199653341740174,0.0,0.01664202480602118,-0.18150953009771253,0.02199653341740174,-0.06595772347799791,-0.003186615806512825
2025-09-10,0.0015894701633427555,0.0067380386894751775,-0.006383418603998309,-0.003186615806512825,-0.23386542718240522,0.013121457293473363,-0.2388310983290781,0.012291965339578173
2025-09-11,0.00019942797488166892,0.016421340715982044,-0.0027966335807889644,0.012291965339578173,-0.12234140127620599,0.019217974296770978,-0.3276409953828282,-0.0033553404789179713
2025-09-12,-0.0009856922766438478,0.0035405289666797838,-0.005730692852610767,-0.0033553404789179713,-0.007301535131265175,0.009271221819290477,-0.2996953221328902,0.00019765387703304504
2025-09-15,0.00532381504413824,0.010032508886376756,-0.0023753523736927728,0.00019765387703304504,0.0419256863151809,0.012407861260069472,-0.1905749438125158,0.0013827102415179219
2025-09-16,0.0009878344631529343,0.005716008704685671,-0.007539739507362007,0.0013827102415179219,0.08513082532021375,0.01325574821204769,0.008929722596378723,0.01450156058594929
2025-09-17,0.00394013043306426,0.01896627801790764,0.00256286127736393,0.01450156058594929,0.19250998849876466,0.016403416740543617,0.25677045079550653,0.014102417121989373
2025-09-18,0.0017494445084883052,0.01525267719454439,-0.0019474648428693402,0.014102417121989373,-0.08406138090582534,0.017200142037413896,0.12895698975071385,0.0022992715754520518
2025-09-19,0.0003835914367356104,0.010115531901089807,-0.00712300150469848,0.0022992715754520518,1.032446264605315,0.017238533405788344,1.1160242714931323,-0.006335853715933333
2025-09-22,-0.00942227308015054,0.0019120173239858488,-0.00942227308015054,-0.006335853715933333,-1.281802155975516,0.011334290404136298,-0.5295376180763031,-0.004246240857554433
2025-09-23,0.001539681452440343,0.01832117861329448,-0.007733946447724547,-0.004246240857554433,0.029069499022179285,0.026055125061018952,-0.4936894442064683,0.0
2025-09-24,0.0028971089753874104,0.01058209457348767,-0.0046530072088829975,0.0,-0.04586921275586429,0.015235101782370798,-0.5250081103917124,0.0028971089753874104
2025-09-25,-0.00426442243557508,0.012112059103217962,-0.0050417430390174685,0.0028971089753874104,-0.1625598731710466,0.017153802142235483,-0.6366784361749912,0.0069191246401620245
2025-09-26,0.0050019753870560605,0.014741350066671186,0.0025041151599892696,0.0069191246401620245,-0.13664066163483596,0.012237234906681807,-0.7150138344722554,0.004014133077817986
2025-09-29,0.0028689228115458872,0.006491052917624755,-0.0019171492531058754,0.004014133077817986,0.16849579912490437,0.008408202170730676,-0.05926351504981796,-0.01596030475053874
2025-09-30,0.0011439729484023988,0.002857446061424581,-0.027070441278895175,-0.01596030475053874,0.23384512437265886,0.029927887340319693,0.20499810982798,-0.01779649673970156
2025-10-01,-0.005637120909651727,0.0017430071651890638,-0.02016708121404953,-0.01779649673970156,-0.07760148661836937,0.021910088379238604,0.11382386546882713,-0.00395415230982068
2025-10-02,-0.0005921006539269849,0.0033487310125571595,-0.012109341227689162,-0.00395415230982068,-0.19687930025495753,0.015458072240246288,-0.0886906065603682,0.0031645566184255918
2025-10-03,0.0027695248515820217,0.012794220817354958,0.0013857212089726412,0.0031645566184255918,0.07646958219891112,0.01140849960838236,-0.010605582091801853,-0.0049490352032113575
2025-10-06,0.00571038110541183,0.013338768017743682,-0.014921196144164737,-0.0049490352032113575,0.03285849739137417,0.028259964161908346,-0.013665588951720077,-0.0019864621911220076
2025-10-07,0.0031701997937582794,0.010266634337082808,-0.0051730779976348175,-0.0019864621911220076,-0.05169495923878512,0.015439712334717514,-0.07837255653390908,-0.008988390848078894
2025-10-08,0.0021849369638661663,0.0043650348607432695,-0.010192995971344659,-0.008988390848078894,-0.003869377145698089,0.014558030832087893,-0.03642808277431415,-0.0010036984988857892
2025-10-09,0.0032051278873936047,0.008789481903188814,-0.003416785285892804,-0.0010036984988857892,-0.09596042323112898,0.012206267189081669,-0.10226758103382605,-0.023162339045435798
2025-10-10,0.0028078515827236854,0.007004901515333608,-0.0252200000190428,-0.023162339045435798,0.3777840328090838,0.03222490153437638,0.28332885195526714,0.004307238325008754
2025-10-13,0.0112417990087307,0.015298615085682407,0.0032833980380685434,0.004307238325008754,0.07941154979942491,0.01201521704761377,0.30389899614315913,0.024862312094360288
2025-10-14,-0.00020473106865485008,0.033014257959874484,-0.006776940057892739,0.024862312094360288,0.20874320707678334,0.03979119801776712,0.4436942117842457,0.042792474990888174
2025-10-15,0.02911871172936772,0.05363629302856515,0.022503898599849817,0.042792474990888174,0.49976011876624216,0.031132394428715463,0.8170556187066782,-0.0358293815361993
2025-10-16,0.0061022253278707455,0.009139430629180363,-0.044590859978542084,-0.0358293815361993,-0.35599836276154334,0.05373029060772255,0.20067799295077948,0.01651630493726251
2025-10-17,0.010060290772522655,0.026026355885578674,-0.0021831267012415692,0.01651630493726251,-0.0022931691811257917,0.028209482586820295,0.07116222955308565,0.014711882429315273
2025-10-20,0.0031152644246639286,0.019313076598936874,0.0017535348788372451,0.014711882429315273,-0.6402605663379908,0.017559541720099738,-0.6414198559953804,-0.010042580555803975
2025-10-21,0.0009603234493461223,0.00632121665877423,-0.01159661800465131,-0.010042580555803975,0.05717952757208383,0.017917834663425444,-0.5481615898711683,-0.008185623332248393
2025-10-22,-0.0003882830115720978,0.0011639452712509648,-0.021185606810773815,-0.008185623332248393,0.24705028340321883,0.02234955208202472,-0.23477502758037688,0.01283315041575567
2025-10-23,0.007408906486843414,0.013605667187862186,0.00019571737309449249,0.01283315041575567,-0.29485790267323475,0.013409949814767582,-0.3570379374290018,0.015527991261454878
2025-10-24,0.0017372874820503449,0.020272283326560406,0.0017372874820503449,0.015527991261454878,0.4024048405566958,0.018534995844510196,0.17736611057087556,0.008523600468447003
2025-10-27,0.004365567236380039,0.009466182063140012,-0.0007611972985639148,0.008523600468447003,-0.35304550567116716,0.010227379361703917,-0.1124181023540928,-0.002833159449984545
2025-10-28,-0.00037729594254997685,0.004891793826367046,-0.012908309477351278,-0.002833159449984545,0.07837322013364377,0.01780010330371822,-0.04418822858326068,-0.005500195918785991
2025-10-29,-0.003979898874129134,0.002644493291816251,-0.01045734872861447,-0.005500195918785991,-0.014179418279580741,0.01310184202043078,-0.07295946041719498,0.008521914004032403
2025-10-30,0.001710144604735247,0.016223649404677607,-0.00038045382148313623,0.008521914004032403,0.25287933986294947,0.016604103226160776,0.21757896088338952,0.00788888361501096
2025-10-31,-0.0045359719515913645,0.011437278904879526,-0.004914912037661923,0.00788888361501096,0.04547900423745977,0.016352190942541565,0.18955321442253978,0.00205589471826233
2025-11-03,-0.0035611028737440554,0.003548395289868506,-0.013941478246968848,0.00205589471826233,-0.22902212465665117,0.017489873536837394,-0.041753562280906015,-0.0003734912711249603
2025-11-04,-0.010133336968535134,0.008181500101067326,-0.015807633114495605,-0.0003734912711249603,0.4128643196995622,0.023989133215562987,0.3474162792711569,-0.020568705803742454
2025-11-05,-0.01089216085047709,-0.00881726410271708,-0.03419784599378979,-0.020568705803742454,0.14055355555050236,0.025380581891072593,0.38739686341263785,0.015888364100447767
2025-11-06,0.018324824016898722,0.024483317619432756,0.00608250670393232,0.015888364100447767,0.01718972445746238,0.018400810915500457,0.2765711880676251,-0.0016903028002215447
2025-11-07,-0.0026305799919143537,0.005427184801894555,-0.010943539990811395,-0.0016903028002215447,-0.31046816785696374,0.016370724792705793,-0.1151466783000324,0.0041267627166724115
2025-11-10,0.003939580806197062,0.014740464630104975,0.002628110925967897,0.0041267627166724115,-0.44050400895374736,0.012112353704137057,-0.5610969894343868,0.003923459505971141
2025-11-11,0.00615849360253402,0.010428425704374333,-0.0026241700841994047,0.003923459505971141,-0.15964260035355501,0.013052595788573824,-0.6979257361989369,0.008910390023263666
2025-11-12,0.004836287708317989,0.019572219337012156,0.0026070664237429725,0.008910390023263666,0.6001219406079337,0.01696515291326928,0.02072456771758378,-0.023182972889785873
2025-11-13,-0.005931429628921542,0.0018463534492410539,-0.025076166842201333,-0.023182972889785873,-0.07212067763070858,0.02692252029144249,0.02074173356903531,-0.004929822700535195
2025-11-14,-0.00018912932197666778,0.0005673176641578355,-0.016015598203999917,-0.004929822700535195,-0.1530681741119317,0.01658291586815774,-0.03231156535792643,-0.02171285350829445
2025-11-17,-0.000570373218250814,-0.000570373218250814,-0.023462638216868573,-0.02171285350829445,0.0938312532504255,0.02289226499861781,0.11166816549076071,0.003103180323227577
2025-11-18,-0.003892585028106322,0.013505911721244863,-0.006430851606767934,0.003103180323227577,-0.010102395482475773,0.01993676332801285,0.043801986444392094,0.007331714661183162
2025-11-19,0.000580752702525334,0.016326153082009583,0.000580752702525334,0.007331714661183162,-0.2245405396634502,0.015745400379484107,-0.2547958814720485,-0.01980263609594266
2025-11-20,0.009184900777309693,0.017719817635823955,-0.02039102051887509,-0.01980263609594266,0.2655226827710204,0.0381108381546991,0.08169639348808472,0.010920571981474668
2025-11-21,0.005670186526867709,0.01517831802426611,-0.0058997070790729415,0.010920571981474668,0.1794370024457722,0.021078025103338997,0.2673952724281612,0.007150459027103033
2025-11-24,0.0017440204025167831,0.013102312392290323,-0.003108002558321333,0.007150459027103033,0.18633055842225638,0.016210314950611735,0.3874433928449489,0.010535472180299077
2025-11-25,0.006143227112016852,0.018128552009377994,-0.001348871853168846,0.010535472180299077,-0.2463904244990481,0.01947742386254688,0.04895316422885112,0.009671112266628826
2025-11-26,0.004183334111143345,0.014565668676331954,0.0013329468914043778,0.009671112266628826,-0.2539471336763744,0.013232721784927529,-0.2356387428891425,0.012378249338234476
2025-11-28,0.0022619977466917358,0.01776904407214832,0.0011316024986440752,0.012378249338234476,-0.5268980424228278,0.016637441573504465,-0.7817457607657842,-0.007671472464731913
2025-12-01,-0.0027998436161051723,0.004649008706326741,-0.008235166115714562,-0.007671472464731913,0.47866084339675596,0.012884174822041405,-0.21336419073173055,-0.0009396421177023611
2025-12-02,0.005432196547862147,0.007485021981479091,-0.005084286451720198,-0.0009396421177023611,0.4113152579854256,0.012569308433199212,0.2710965184167867,0.016778945768703972
2025-12-03,0.0011274216539027381,0.019548291641692132,-0.0001879913822137553,0.016778945768703972,-0.2156941836834046,0.019736283023906048,0.0947547844935707,0.0012932970823300706
2025-12-04,0.002216047679378526,0.01103152354388611,-0.0016652821400612449,0.0012932970823300706,0.03688301333659198,0.012696805683947255,0.15667348069316464,-0.0038849199409196063
2025-12-05,-0.0042557107787911455,0.012294897024415753,-0.0077849913662208494,-0.0038849199409196063,-0.1254633901193802,0.020079888390636458,-0.007400790036566622,-0.0009271996213533067
2025-12-08,-0.0009271996213533067,0.004807670537968128,-0.008562953923511385,-0.0009271996213533067,0.011703566663306025,0.013370624461479677,-0.08004136546822602,-0.0067014510323107155
2025-12-09,0.0012978530243374752,0.0070253062532716565,-0.011757176702211703,-0.0067014510323107155,0.31650021836986836,0.018782482955483498,0.21599907634508483,0.010035410400885882
2025-12-10,0.0009334311619972319,0.018688643100939865,-0.0037425335775483843,0.010035410400885882,0.142645410737334,0.022431176678488256,0.3527924287489238,0.00883657311252829
2025-12-11,-0.0024067597472217555,0.010484776950510753,-0.0061207985851956005,0.00883657311252829,-0.4220289080489747,0.016605575535706428,-0.15579610812035247,0.0105743558210292
2025-12-12,0.004024102845698542,0.013471856026419224,-0.003856453213327208,0.0105743558210292,0.1274906660515557,0.017328309239746455,-0.014578679232410931,0.003439895476835733
2025-12-15,0.004884685598935807,0.01672551016629155,-0.0012702967937329138,0.003439895476835733,-0.20937023359771426,0.017995806960024667,-0.2553125522105675,-0.00944260588985357
2025-12-16,-0.003439895476835699,0.00036134158346298436,-0.011634437755139495,-0.00944260588985357,0.0015376857521048652,0.011995779338602434,-0.24665670199467746,-0.004754985820485705
2025-12-17,0.005639923213897547,0.013770797686586143,-0.006406213678899407,-0.004754985820485705,0.06955731163207186,0.020177011365485525,-0.10704168248136633,-0.005330421996014761
2025-12-18,0.0045724817386950285,0.01093907507428438,-0.014401998958069555,-0.005330421996014761,0.9070989712701298,0.02534107403235395,0.9024468944731457,0.01844299783048167
2025-12-19,0.004780338927576873,0.019166472538561543,0.0022091825490096607,0.01844299783048167,-0.18061260756664183,0.016957289989551896,0.4657237619054549,0.01097627937571796
2025-12-22,0.0018076374168824203,0.015083786513159884,0.0012657029885713444,0.01097627937571796,-0.7816661298733273,0.013818083524588465,-0.44845194714368414,0.0016093012100151416
2025-12-23,-0.0012534640963244614,0.006066033688148011,-0.0012534640963244614,0.0016093012100151416,-0.4053723224892701,0.007319497784472442,-0.8558388928456985,0.004990186371307464
2025-12-24,0.0028545932701970144,0.009424783439173226,-0.001430392352201492,0.004990186371307464,-0.49085100491545747,0.010855175791374754,-1.3051788209845407,-0.0014232671386342807
2025-12-26,0.0005331694718377182,0.005319147986185937,-0.003918801293935176,-0.0014232671386342807,0.11259969567474397,0.009237949280121142,-1.1024556347251633,-0.014706142359071138
2025-12-29,-0.0010687133052466975,0.0014232671386342902,-0.016152499818406486,-0.014706142359071138,0.3212344341062915,0.017575766957040787,-0.4040595012725128,-0.0012654742095936577
