date,open_ret,high_ret,low_ret,close_ret,volume_ret,range_ret,vol_ratio,target_return
2022-01-04,0.005426412780122425,0.005504233435866661,-0.04835971241875574,-0.02871014937561504,0.5172034997754968,0.053863945854622376,0.5172034997754968,-0.08645851447914762
2022-01-05,-0.049803841584557834,-0.04124507441104248,-0.08804100464953105,-0.08645851447914762,0.9585176803986695,0.04679593023848865,1.1840481708851678,0.0064795802783240465
2022-01-06,0.0016238186804109762,0.02947307414028411,-0.007140976800368473,0.0064795802783240465,-0.7000716688986753,0.03661405094065269,-0.0789813460185847,-0.003672440421693803
2022-01-07,-0.002840573985413615,0.013566750928867407,-0.013620557078692544,-0.003672440421693803,-0.39972760755671033,0.027187308007559877,-0.4595407012362726,0.0057649952966261535
2022-01-10,-0.01238418495524619,0.006635569265855998,-0.04213502616130995,0.0057649952966261535,0.2161745037992478,0.04877059542716601,-0.16682497870184046,0.022435076407318507
2022-01-11,-0.00362106635086027,0.02884444386869565,-0.01345953946523147,0.022435076407318507,-0.021828563919826637,0.04230398333392705,-0.2615650243581242,0.01265172483068852
2022-01-12,0.009155725533207313,0.018729993618201067,0.003909899527701753,0.01265172483068852,-0.12785777996938186,0.014820094090499442,-0.3973485936517999,-0.03945114272964463
2022-01-13,-0.0013885169579163775,0.004028336045907904,-0.04256145827671991,-0.03945114272964463,-0.005761553940356361,0.04658979432262794,-0.12425840668192088,0.0113078699858037
2022-01-14,-0.002627803810165484,0.020177288360518138,-0.00447135700330682,0.0113078699858037,-0.14042605518942888,0.02464864536382506,-0.1907383736894751,-0.022612427726001597
2022-01-18,-0.012095513038027977,-0.002164690468844675,-0.025980006705264853,-0.022612427726001597,0.038341789175320565,0.02381531623642022,-0.1385906881627873,0.0009285553826026151
2022-01-19,0.006217926967436595,0.0268417236087414,0.0004864808330286607,0.0009285553826026151,-0.12323970658797509,0.026355242775712728,-0.20933222654448708,-0.014826307432938217
2022-01-20,0.01229867032882484,0.022418793037731796,-0.016846813879818467,-0.014826307432938217,0.06023846476929025,0.03926560691755016,-0.0764678509444099,-0.01952186228995762
2022-01-21,0.000538094708891621,0.008174988252447448,-0.021261493192722296,-0.01952186228995762,0.47731304392214846,0.029436481445169787,0.43597378292123723,0.019925460464121532
2022-01-24,-0.028956621216051116,0.021493553348976,-0.052201320813677475,0.019925460464121532,0.24514246229103484,0.0736948741626535,0.6014293678216136,-0.03485595053103829
2022-01-25,-0.00914358456884492,0.0038932102581038775,-0.03820432935022606,-0.03485595053103829,-0.24906100131238465,0.042097539608330035,0.18404530230462718,-0.02059220207949304
2022-01-26,0.019402913162894407,0.02779168103078986,-0.029781176404647426,-0.02059220207949304,0.09806882703190935,0.057572857435437254,0.20429610309576543,0.008212655168473316
2022-01-27,0.01449165201692996,0.05598603024758501,0.0050111085087766035,0.008212655168473316,-0.058246375076419034,0.05097492173880841,0.03729175604782455,0.043192029406769784
2022-01-28,0.007306128075578529,0.0439120168550876,-0.008781514175937873,0.043192029406769784,-0.13648738231492308,0.05269353103102558,-0.1792418780999742,0.04618641149025069
2022-01-31,0.003684699334094281,0.0473893105232872,0.0005850249911540808,0.04618641149025069,-0.15294001126935425,0.04680428553213327,-0.3143331573998059,-0.0021947712548780426
2022-02-01,-0.0011183216891324165,0.0006445667282493401,-0.027499270186024202,-0.0021947712548780426,-0.10358662089921551,0.028143836914273423,-0.31873124067838515,-0.031109637038420335
2022-02-02,0.006954951719501139,0.010158508193138413,-0.03999298559216731,-0.031109637038420335,0.3841821540926976,0.05015149378530558,0.1290277697646995,-0.055933031082450846
2022-02-03,-0.031328675497059665,-0.01893282813439535,-0.06713436939381202,-0.055933031082450846,0.3130586542582274,0.04820154125941668,0.4579991937228512,0.029909597368775874
2022-02-04,0.010379750803034002,0.04097799104258198,0.001972008162425533,0.029909597368775874,-0.7307693716159601,0.03900598288015641,-0.3524464747386336,-0.010362286773168637
2022-02-07,-0.001049657718086102,0.010030295919854415,-0.01179206611460246,-0.010362286773168637,-0.45407355155998336,0.021822362034456817,-0.758054518004493,0.002117825200138279
2022-02-08,-0.006334233417135013,0.004460705989516098,-0.02246555788289675,0.002117825200138279,0.3612002931925318,0.026926263872412856,-0.3183009310571173,0.020980589623206654
2022-02-09,0.01691905639267586,0.021655956718711317,-0.008591209200157213,0.020980589623206654,0.0816717606093244,0.0302471659188686,-0.21683326296858602,-0.019877369570084888
2022-02-10,-0.019739561362441725,-0.00022515502699062395,-0.02845913594414889,-0.019877369570084888,-0.1394689126338175,0.028233980917158293,-0.26611894596614905,-0.04592298050865097
2022-02-11,-0.0002297459291460467,0.010329134586426194,-0.05457013619818186,-0.04592298050865097,0.42984885050436494,0.0648992707846082,0.408072108752072,-0.007241161469916745
2022-02-14,-0.010152327277323124,0.009574032242352693,-0.01585367130962505,-0.007241161469916745,-0.15317755691359797,0.02542770355197781,0.18418515149838913,0.0373275534417784
2022-02-15,0.016100341311204747,0.03882005555528091,0.010218976353248121,0.0373275534417784,-0.09782550890915738,0.02860107920203289,-0.014237841221531728,-0.011784424619687605
2022-02-16,-0.015285424001822626,-0.00857811920446875,-0.02859633946513494,-0.011784424619687605,0.10731516005301357,0.020018220260666214,0.0708467811480876,-0.05689178366164032
2022-02-17,-0.016235763128708034,-0.009442787510886076,-0.05954489652828338,-0.05689178366164032,0.22079090548549782,0.05010210901739738,0.26276706210205564,-0.01607615180328179
2022-02-18,0.0018479895574834086,0.012766272743961903,-0.02142472721854516,-0.01607615180328179,-0.27615031157649833,0.03419099996250713,-0.11181235563383354,-0.008725169262990629
2022-02-22,-0.006677383298143814,0.023199686447310724,-0.016958664488584827,-0.008725169262990629,0.23148310874131384,0.040158350935895606,0.1598556562782039,-0.02380391708765484
2022-02-23,0.006232783978606279,0.01963879659420347,-0.02595795372735285,-0.02380391708765484,-0.08025712025059413,0.04559675032155632,0.040614333097542026,0.06967840909253287
2022-02-24,-0.030912650143602487,0.07265991441444211,-0.03253789046727045,0.06967840909253287,0.4153633313692764,0.10519780488171267,0.4183945256330899,0.01843014069084096
2022-02-25,0.0021026776791601702,0.020254631714712493,-0.013205378966159457,0.01843014069084096,-0.7004153595187219,0.033460010680871954,-0.39680855069297977,0.011657494158217716
2022-02-28,-0.001442738825048916,0.01705778865555527,-0.005493457377619974,0.011657494158217716,0.3004006626894708,0.022551246033175217,-0.025815426001690286,-0.007820360283540778
2022-03-01,0.013540155282135428,0.018168628486692606,-0.009880946466069261,-0.007820360283540778,0.4652308498627486,0.02804957495276177,0.40994790306491896,0.007155153615195545
2022-03-02,0.0339334970560958,0.03951709959628937,-0.03775692664799314,0.007155153615195545,0.2809283264050473,0.07727402624428262,0.596099414940968,-0.027173225582701625
2022-03-03,0.0,0.00587654162888388,-0.029765098211095905,-0.027173225582701625,-0.9326413366075806,0.03564163983997982,-0.5134283709676292,-0.008534510879523794
2022-03-04,-0.000244244974375776,0.007929430613719136,-0.027179245684290067,-0.008534510879523794,0.03794525590736479,0.03510867629800909,-0.37514024992821865,-0.03396779298514482
2022-03-07,0.00216504759400534,0.00941320981811168,-0.03493652605974406,-0.03396779298514482,0.03318459087349038,0.04434973587785581,-0.3611349202631532,-0.021375457422741356
2022-03-08,-0.009987007674181722,0.004931007824579466,-0.03648277838053064,-0.021375457422741356,0.15555929490535142,0.04141378620511008,-0.18838729679694147,0.05608190251301522
2022-03-09,0.03212121628601223,0.06621931917733091,0.02640790164796444,0.05608190251301522,-0.17885691303941337,0.03981141752936643,-0.27541687771664564,-0.014926809014908891
2022-03-10,-0.020186622233106164,-0.009694440900982489,-0.028103398598711624,-0.014926809014908891,-0.20529127095251296,0.01840895769772915,-0.23734718596030271,-0.011305233176768424
2022-03-11,0.022820363981275217,0.022820363981275217,-0.012670434584693935,-0.011305233176768424,-0.07545402266078166,0.03549079856596924,-0.2855323293617967,-0.024450089701711794
2022-03-14,0.0017166238233906005,0.01135524324740404,-0.031204351284533433,-0.024450089701711794,0.08633285786761626,0.042559594531937424,-0.1513068957865905,0.015516954786963381
2022-03-15,0.027628483994883858,0.03480564805602522,-0.0019695731418695526,0.015516954786963381,-0.07117005734142687,0.036775221197894885,-0.17976283368344348,0.04695795731405345
2022-03-16,0.01276615236890634,0.04856189753827865,0.006048776608126193,0.04695795731405345,0.1357416729803497,0.042513120930152415,0.054152166025898285,0.023271381489444357
2022-03-17,-0.004632067578449306,0.024553715684115247,-0.014750517263356636,0.023271381489444357,-0.033790864232374075,0.03930423294747184,0.05007072220660235,0.03910005883967457
2022-03-18,-0.005623920724621842,0.04265861348962565,-0.010030682580095632,0.03910005883967457,0.7379471491293926,0.05268929606972126,0.7794747006355198,-0.02349133169426684
2022-03-21,-0.0027918304716128568,0.001370189963103593,-0.038149999644120934,-0.02349133169426684,-0.6392444922683503,0.03952018960722468,-0.08341349082571961,0.020791179829690126
2022-03-22,0.0,0.03733475253555674,-0.005160240905777831,0.020791179829690126,0.08471370314876805,0.04249499344133462,-0.020800009947673333,-0.03307860509323255
2022-03-23,-0.02008960166405755,-0.019809108159152895,-0.046430589555193545,-0.03307860509323255,0.18019880992886667,0.026621481396040588,0.1119140023614365,0.013503205206101753
2022-03-24,0.005856557964273581,0.014110576964009176,-0.005891059394282776,0.013503205206101753,-0.7056104523972118,0.02000163635829192,-0.6546446153750403,-0.013882235064102343
2022-03-25,0.0013543892084240854,0.008747519480911419,-0.02603943986067394,-0.013882235064102343,-0.12667421505762944,0.03478695934158525,-0.7380188336800908,0.019939203068625008
2022-03-28,-0.003084855159103302,0.020403634891700332,-0.008231653646984449,0.019939203068625008,0.1599900954179581,0.028635288538684658,-0.32450531142826783,0.02753452741975082
2022-03-29,0.015395539782641493,0.031458358734305615,0.006897402568136413,0.02753452741975082,0.22440589249557769,0.024560956166169243,-0.024616310689145403,-0.029115097396542045
2022-03-30,-0.007165502641959621,-0.006528504779096661,-0.036305717901735736,-0.029115097396542045,-0.08127242219939004,0.02977721312263908,-0.04412433993907034,-0.012264325691526091
2022-03-31,-0.0020491924034832247,0.008570181299418778,-0.014763744772631706,-0.012264325691526091,0.36626486116436413,0.023333926072050523,0.46541055000799036,-0.00032977988857212846
2022-04-01,0.0007532411004487955,0.008021581329022288,-0.010796648275078351,-0.00032977988857212846,-0.17281956275810056,0.018818229604100793,0.16735857864555787,0.03062176633448354
2022-04-04,0.01115081295202323,0.040397876326296184,0.008678398911959567,0.03062176633448354,0.26662264279394654,0.03171947741433663,0.3454784521206805,-0.04061261916981077
2022-04-05,-0.0038915287368512835,-0.002653743400752998,-0.047632543555529185,-0.04061261916981077,-0.07119362595552464,0.044978800154776205,0.1538641434748766,-0.0453649514332796
2022-04-06,-0.023740094586400463,-0.022473928537177532,-0.059102973615882244,-0.0453649514332796,-0.018417337492896105,0.036629045078704785,0.07551220067665053,-0.00329195590833904
2022-04-07,-0.008501387385472833,0.009416701671600445,-0.013182842068079823,-0.00329195590833904,-0.31262106775012205,0.02259954373968044,-0.3017468235443706,-0.015050773523014429
2022-04-08,-0.007622926887251477,-9.994640182392672e-05,-0.017844157909485844,-0.015050773523014429,-0.2970792458659762,0.017744211507661874,-0.5439095387561435,-0.0087617148665405
2022-04-11,-0.015126209083995458,-0.00035504636622873644,-0.025737914102218384,-0.0087617148665405,0.2832207926254911,0.025382867735989554,-0.19577326828441866,-0.0032798645640863882
2022-04-12,0.021762008021427994,0.028597143938876014,-0.004461177667382051,-0.0032798645640863882,-0.0683055776997786,0.033058321606258045,-0.1754064312740221,0.004660360597040357
2022-04-13,-0.01458139611108581,0.01168653306439799,-0.02858596833584471,0.004660360597040357,0.5918071029271779,0.040272501400242675,0.5061797662093579,-0.03277107565496213
2022-04-14,0.0030609456122433517,0.003722857812031866,-0.03377470693037443,-0.03277107565496213,-0.5326467760927601,0.03749756474240621,-0.08410633504584172,-0.012751935015957587
2022-04-18,-0.005877545132948928,-0.0003168104211038034,-0.02069740954370721,-0.012751935015957587,-0.04532901824509972,0.020380599122603385,-0.1251475349970693,0.02315116587394532
2022-04-19,0.001229183782435735,0.02737441867116936,-0.007999346010062943,0.02315116587394532,0.22249429477178514,0.03537376468123251,0.06189904311439391,-0.027330781859372585
2022-04-20,0.007806847210966541,0.009930174141025727,-0.02813652925043352,-0.027330781859372585,-0.017304606234306196,0.0380667033914594,0.012216486764642787,-0.04953414604138699
2022-04-21,0.01359986342896184,0.0209359533341068,-0.05230268883122493,-0.04953414604138699,0.4160921303907002,0.07323864216533174,0.3892585319430728,-0.03327332266504058
2022-04-22,0.0026484180267783044,0.010216813528431071,-0.035200083389815874,-0.03327332266504058,-0.030687022191500515,0.04541689691824683,0.3461389997729651,0.018150871997321936
2022-04-25,-0.010201719922951678,0.0192385953554826,-0.012916266121616178,0.018150871997321936,-0.10167487762001623,0.03215486147709881,0.13218007270204118,-0.02605692393297583
2022-04-26,-0.011233230787427944,-0.004881034598993348,-0.04104401689512543,-0.02605692393297583,0.010509242418756651,0.03616298229613194,0.05809833567563976,0.02668676132852861
2022-04-27,0.005394631143178466,0.04117937460069454,0.003228572796069292,0.02668676132852861,0.1778358526031165,0.03795080180462538,0.185932156506248,0.06139218923433279
2022-04-28,0.03780399645214204,0.06777848935461757,0.02431835719553784,0.06139218923433279,0.09585108048308422,0.04346013215907962,0.19502121885940563,-0.05420483422145744
2022-04-29,-0.017214174679606654,-0.0020479925054318307,-0.05784906658638165,-0.05420483422145744,-0.4006344986489628,0.055801074080949885,-0.23928085355924278,0.009221896916794895
2022-05-02,-0.004842935178242887,0.010403782246274227,-0.016158074247554815,0.009221896916794895,-0.12449958411754111,0.026561856493829056,-0.32465262297701375,0.0044390445636159695
2022-05-03,-0.003497749072649555,0.015756231718395634,-0.008142552150700635,0.0044390445636159695,-0.2181824769529621,0.023898783869096253,-0.5026555643722047,0.039143053307345445
2022-05-04,0.007540494722086094,0.04183513489606431,-0.020504796875134106,0.039143053307345445,0.4043484650568854,0.062339931771198294,-0.023024916743055065,-0.0737098752428728
2022-05-05,-0.027271631477756977,-0.01762250664729824,-0.08820794078811925,-0.0737098752428728,0.10249515383253616,0.07058543414082112,0.13476169506354743,-0.015205006988840199
2022-05-06,-0.016443200805846752,0.0007541532897945424,-0.039782688476680095,-0.015205006988840199,-0.14716390244408484,0.040536841766474555,0.05059277507989289,-0.036607692780730026
2022-05-09,-0.01771638837005093,0.0034706723555034827,-0.04563364157830125,-0.036607692780730026,0.323752658349269,0.04910431393380489,0.3708059767377788,0.021467114874708548
2022-05-10,0.023081152818818288,0.045758376046849215,-0.001957950450743152,0.021467114874708548,-0.1507540397479775,0.047716326497592464,0.11767168781389448,-0.035811570865887404
2022-05-11,-0.009920381533789718,0.016789181584492406,-0.0385436584583194,-0.035811570865887404,-0.17474222581818696,0.0553328400428117,-0.14591236108878344,-0.005284640960371172
2022-05-12,-0.027280206106275563,0.034015236293217344,-0.04198017453186348,-0.005284640960371172,0.3442926753426499,0.07599541082508067,0.20662551363241483,0.039659402406300066
2022-05-13,0.019323408119223208,0.05020802093292011,0.009862663291350316,0.039659402406300066,-0.44940545657666503,0.0403453576415698,-0.2854980500576289,-0.01685692910844153
2022-05-16,-0.0130862600734005,-0.004804543753581536,-0.03059941676012345,-0.01685692910844153,-0.24924395006894393,0.025794873006541853,-0.5176434993426109,-0.0023791342656582794
2022-05-17,0.01937008362675072,0.029892454176146267,-0.03629537548255415,-0.0023791342656582794,0.36778399902800846,0.06618782965870044,-0.0265197856216637,-0.03987318166621111
2022-05-18,-0.005573362427485951,0.004813465774623455,-0.047145473056215706,-0.03987318166621111,0.01850839113101478,0.05195893883083929,0.02667810889209949,-0.01105687092066855
2022-05-19,-0.013437661375709146,0.012129772561634817,-0.016663887001420057,-0.01105687092066855,0.11730594779160547,0.028793659563054838,0.13754862682229876,0.025695229960218884
2022-05-20,0.019979027297547632,0.03243726102947762,-0.006770962645756701,0.025695229960218884,0.07871851432415351,0.03920822367523443,0.2669567072233598,0.0041879826513079085
2022-05-23,0.001189411058960313,0.006742031069258763,-0.02370493975311704,0.0041879826513079085,-0.38857198336771176,0.030446970822375796,-0.19299816020122124,-0.021372064202751784
2022-05-24,-0.01603356023182128,-0.012111521360640023,-0.03665417525728355,-0.021372064202751784,0.11937196548554561,0.024542653896643653,-0.10225599606018189,0.017184081551443766
2022-05-25,-0.010312247359608324,0.03111728910450791,-0.010312247359608324,0.017184081551443766,0.07081174248135769,0.04142953646411625,-0.021246966106338472,0.017447978018897043
2022-05-26,0.0002505702109977663,0.024990529140890973,-0.01311403047391774,0.017447978018897043,-0.1046764649158118,0.038104559614808825,-0.1254599523430892,0.016119528945594975
2022-05-27,-0.011079298290211153,0.016906557856155163,-0.013696763148305901,0.016119528945594975,0.16302046845666832,0.030603321004461018,0.0829449142258214,-0.02987866225626389
2022-05-31,0.011202915086693552,0.013117659928333386,-0.03544830872875867,-0.02987866225626389,0.8319335906188264,0.048565968657092055,0.9480889370170372,0.09420895919827008
2022-06-01,0.10516697199218605,0.14054302954385794,0.08450672468839052,0.09420895919827008,0.7152099699747595,0.05603630485546748,1.36991936792221,0.06768564490899619
2022-06-02,-0.006095710913172353,0.07682638956624968,-0.0078114851652378815,0.06768564490899619,-0.6553942527799548,0.08463787473148744,0.21995979627490927,-0.018698089721967577
2022-06-03,-0.01821150466735774,0.006560205069760162,-0.02471910322040823,-0.018698089721967577,-0.7347251771830756,0.03127930829016852,-0.6569907183544338,-0.011093748838177271
2022-06-06,0.021507297294672625,0.02936290921795642,-0.01751228141717478,-0.011093748838177271,-0.4619356559343698,0.04687519063513123,-1.1469273813117666,0.023134910551938948
2022-06-07,-0.006363444576319227,0.030852911376043624,-0.006363444576319227,0.023134910551938948,0.08560086969785959,0.03721635595236285,-1.0384201600672762,0.010841412265371756
2022-06-08,-0.0008017848828901178,0.01805669105776735,-0.009448690785232994,0.010841412265371756,-0.016707801873097186,0.02750538184300035,-0.9138194014439306,-0.011055131534714081
2022-06-09,-0.003494675059204903,0.01827892974682523,-0.013730933186734665,-0.011055131534714081,0.3074927302961661,0.03200986293355979,-0.10070332570623676,-0.04738824963343789
2022-06-10,-0.018773792346552045,-0.017032717507499576,-0.05441766151926353,-0.04738824963343789,-0.07500681267369116,0.03738494401176397,0.08548639523600744,-0.07213994526730602
2022-06-13,-0.045279906076416444,-0.03286830456240061,-0.07799940346118131,-0.07213994526730602,0.31143723418733527,0.04513109889878077,0.4356037338380327,-0.009561933489684342
2022-06-14,0.01613129132156729,0.021451135725317053,-0.02364669245523354,-0.009561933489684342,-0.2236984217149201,0.04509782818055067,0.07942296707050332,0.024625905708313262
2022-06-15,0.013769157869632948,0.041976712528288475,0.0013975983485369106,0.024625905708313262,-0.10249880216330402,0.04057911417975157,-0.07821193966518226,-0.05299654609740044
2022-06-16,-0.02901375622917018,-0.009837665688126378,-0.06072108591392833,-0.05299654609740044,0.04424785054889575,0.05088342022580194,-0.06951167379841929,0.02110807468786717
2022-06-17,-0.008102858504306344,0.039136432156643676,-0.010565521289719383,0.02110807468786717,0.47993144341116134,0.049701953446363106,0.4191464509302337,0.021631352466668353
2022-06-21,0.010904488412614736,0.0366236269281304,0.0099952041756303,0.021631352466668353,-0.6630863820151485,0.02662842275249989,-0.3585144812097908,0.003709440172169136
2022-06-22,-0.012849722188751172,0.021466639836634407,-0.015829203453548425,0.003709440172169136,-0.13866780775422272,0.03729584329018272,-0.41080394449075164,0.032895806701151276
2022-06-23,0.009746314877261386,0.034858608021149776,-0.001972692984417227,0.032895806701151276,0.21318708181145593,0.03683130100556702,-0.1343319125748254,0.07173587609845557
2022-06-24,0.0266286972199202,0.07436798081013467,0.020023551943436208,0.07173587609845557,0.5116877485850937,0.05434442886669842,0.3890532079219744,-0.025108203842583297
2022-06-27,0.0010214362204626606,0.0035436475316625426,-0.029751898077701257,-0.025108203842583297,-0.6739959794540614,0.033295545609363715,-0.3783391957156306,-0.055858217564691504
2022-06-28,-0.00564163165750448,0.005609982121297082,-0.055974894566438484,-0.055858217564691504,0.0776138649220982,0.06158487668773557,-0.13433708422314733,-0.0049697888433710355
2022-06-29,0.006047194063758832,0.013440081978987663,-0.02002899843457543,-0.0049697888433710355,-0.20539714678623905,0.0334690804135631,-0.33794434052315736,-0.03319242548153127
2022-06-30,-0.03313177677518372,-0.018396902299163336,-0.05729288827297409,-0.03319242548153127,0.5634177943428113,0.03889598597381077,0.23694200568326562,0.01896590131246879
2022-07-01,-0.001697991855272385,0.024598031060513285,-0.006016550073035031,0.01896590131246879,-0.7377571512243108,0.03061458113354816,-0.5596683996696054,0.023502844876237487
2022-07-05,-0.012563676029943214,0.024373598981145335,-0.021574685948363825,0.023502844876237487,0.011465065973100671,0.045948284929509225,-0.3386741858640841,0.003073082698823757
2022-07-06,0.007636316869456006,0.016472184086721027,-0.007987653593915183,0.003073082698823757,-0.1217922973328688,0.024459837680636275,-0.4111915024441577,0.0223841026631056
2022-07-07,0.008302166260378928,0.024081048882889464,0.0025441034200355795,0.0223841026631056,-0.021026847009106443,0.021536945462853924,-0.34465276503245407,-0.0064747167274682325
2022-07-08,-0.0147711278421414,-0.00016984446918042573,-0.021747469757514577,-0.0064747167274682325,-0.3322861155372535,0.02157762528833405,-0.6249456550743204,-0.0065169120352034805
2022-07-11,-0.008583743691391442,0.004661524597981421,-0.024456205382872513,-0.0065169120352034805,0.25140349288959385,0.029117729980853907,-0.08734652442827923,-0.0471483530597081
2022-07-12,-0.012407429567397934,-0.005636385267733145,-0.05912379362318699,-0.0471483530597081,0.6508479798941168,0.05348740835545391,0.6078012643305545,-0.0172219178242996
2022-07-13,-0.02384975307595155,-0.0029503317656689237,-0.031514080637396684,-0.0172219178242996,-0.12756670784026558,0.02856374887172782,0.36007437282670446,-0.01509912034585464
2022-07-14,-0.01516118453739917,-0.01094721087891083,-0.03637451271124834,-0.01509912034585464,-0.02106878776431445,0.02542730183233758,0.2449885015741014,0.0386139661358916
2022-07-15,0.016443871236128216,0.039987116139810944,0.0073007065263293565,0.0386139661358916,-0.009626077725249406,0.03268640961348169,0.15115458188185654,0.0030422936361350515
2022-07-18,0.009336089320469892,0.03094179219767763,-0.001614423909061059,0.0030422936361350515,-0.4582440373456016,0.032556216106738554,-0.4222768824761906,0.03465373511609864
2022-07-19,0.017886600650008664,0.03632088241878932,-0.000476626948444978,0.03465373511609864,0.13576163125566335,0.03679750936723442,-0.2909316913670861,0.04851341162693333
2022-07-20,0.013089315632552985,0.054251932965644865,0.010302896134391407,0.04851341162693333,0.25682252063731337,0.043949036831253445,0.06272246099780363,0.015769816370504237
2022-07-21,-0.00985931416349008,0.016740441303327327,-0.014019399952155724,0.015769816370504237,-0.3749829083161503,0.030759841255482975,-0.2904856528981966,-0.015660179888089782
2022-07-22,-0.0015117910613641637,0.011852818678299683,-0.024135786876365792,-0.015660179888089782,-0.021143206376728174,0.03598860555466571,-0.22271977504070567,-0.028799010597446544
2022-07-25,-0.0035135879368782047,-0.002634011942133983,-0.04134275985724454,-0.028799010597446544,0.14716124098935313,0.03870874791511064,0.023096414473233007,-0.03928606755997005
2022-07-26,-0.0010157601261682199,-0.0009028182101112802,-0.04340112953362105,-0.03928606755997005,-0.12588937587973592,0.042498311323509654,-0.12980646549048147,0.05612144265436031
2022-07-27,0.02548495276234921,0.06676889757162079,0.02256410364800733,0.05612144265436031,0.2440781662012493,0.0442047939236134,0.1365232248588782,0.005475774872451682
2022-07-28,-0.010537854222291403,0.00872500866787903,-0.024536000115754845,0.005475774872451682,-0.08380413205700056,0.033261008783633854,0.08527325891553235,0.01494654856386418
2022-07-29,0.002919304968788307,0.01711783317455096,-0.005919588427426566,0.01494654856386418,0.04065626762989873,0.02303742160197759,0.09416128411743638,-0.005667636669531651
2022-08-01,-0.014891335978141287,0.006283814896424081,-0.023421873252836813,-0.005667636669531651,-0.1728702132819893,0.029705688149260886,-0.12156141087956408,0.00441693104522551
2022-08-02,-0.011930091241600048,0.011735458440306422,-0.01959171499684678,0.00441693104522551,0.07720007477430213,0.03132717343715331,-0.025991519709783088,0.031386471004575055
2022-08-03,0.009422822511959205,0.036802826978294165,0.00856003645281672,0.031386471004575055,0.2927238815466106,0.02824279052547725,0.24745019723309794,0.00850582878791484
2022-08-04,-0.005763990271617136,0.01012524956053949,-0.012735613554527707,0.00850582878791484,-0.4311538875166184,0.02286086311506732,-0.21959122164713046,-0.0057676654041017164
2022-08-05,-0.022577447885184797,0.002767113620712395,-0.02643515317865016,-0.0057676654041017164,0.08427915001341957,0.029202266799362494,-0.10044219894674464,-0.0022109830599303837
2022-08-08,0.004826102753292948,0.021845134673080583,-0.005748183726613177,-0.0022109830599303837,-0.18578450503115476,0.027593318399693745,-0.25655463887899244,-0.04038288643439582
2022-08-09,-0.018349122287317388,-0.013903827692885376,-0.053751024988278294,-0.04038288643439582,0.5438984053520038,0.03984719729539295,0.3150715527677151,0.0343568644577869
2022-08-10,0.03196815433165928,0.039433858248088254,0.02155057530767945,0.0343568644577869,-0.33661237665893823,0.017883282940408873,-0.09091518162447797,-0.010017693948562875
2022-08-11,0.018490857358586823,0.020414759428708382,-0.01221572941315545,-0.010017693948562875,-0.00098153054813985,0.0326304888418638,-0.019083353379439394,0.016781253572520305
2022-08-12,-0.00053562699246655,0.0174656519123052,-0.006554941011434118,0.016781253572520305,-0.0820526622171704,0.024020592923739165,-0.12047067730354648,0.006142548140556567
2022-08-15,-0.0044334074435499245,0.011623173894357677,-0.005227211726453556,0.006142548140556567,-0.32877999061372504,0.016850385620811308,-0.43793445452567265,-0.007723675565639206
2022-08-16,-0.007934644001285998,-0.0010996908917114865,-0.024907211839927286,-0.007723675565639206,0.3260984305788201,0.023807520948215692,-0.08210568384559838,-0.008634616543731509
2022-08-17,-0.009912329069001663,-0.0008443020223319227,-0.016593451715625138,-0.008634616543731509,-0.18711416957418336,0.01574914969329336,-0.1673896434538935,-0.00015969585888673724
2022-08-18,0.002444293948305575,0.003240119625404948,-0.007208329138159964,-0.00015969585888673724,-0.13067501012466198,0.010448448763564851,-0.24353881782421752,-0.02238451513909692
2022-08-19,-0.014525199762706324,-0.013338121338467538,-0.034373176067765146,-0.02238451513909692,0.44266398307271904,0.021035054729297665,0.28000356766822665,-0.037648291258011446
2022-08-22,-0.02072814806607978,-0.017455750770621725,-0.04286016679042931,-0.037648291258011446,0.17608585394259904,0.025404416019807478,0.42610537799259135,-0.005552712660126832
2022-08-23,-0.00623473562348809,0.00636463267923882,-0.011765130842200126,-0.005552712660126832,-0.02068360332938349,0.018129763521438906,0.27205732460418236,0.022528379348578105
2022-08-24,0.0037995802221723212,0.029282924205807782,0.0003408371277091641,0.022528379348578105,0.8123299434980865,0.028942087078098665,1.0221924374926599,-0.0344744293094816
2022-08-25,-0.06560194895575733,-0.033152804491207895,-0.08367872225255171,-0.0344744293094816,0.7421088431850629,0.050525917761343686,1.4269262986710378,-0.05119952827200798
2022-08-26,0.00028748124650430614,0.013649161636603315,-0.05483738375800665,-0.05119952827200798,-0.7744567010017488,0.06848654539461001,0.1006751192205901,-0.030852920239950978
2022-08-29,-0.00576613514750797,0.00356449005252573,-0.03185213132184088,-0.030852920239950978,-0.17143893083999345,0.03541662137436669,-0.19685298962106773,-0.0033763226814236195
2022-08-30,0.011974659229922436,0.0224659158301629,-0.011488256953294395,-0.0033763226814236195,-0.14390668433815873,0.03395417278345725,-0.41122941982705213,-0.022484262847473777
2022-08-31,0.0007512372506132929,0.00959873065075711,-0.02344548499360671,-0.022484262847473777,0.1261942835617328,0.0330442156443636,-0.3331266998194613,-0.016728931316493903
2022-09-01,-0.008038887236768924,-0.005073013248417586,-0.03420640454877952,-0.016728931316493903,0.07944416991777929,0.02913339130036189,-0.217496033904949,0.00104162278458648
2022-09-02,0.018904449448113054,0.03293058248608181,-0.003719486523847861,0.00104162278458648,-0.30493334215592033,0.03665006900992965,-0.2628278593968541,-0.01290087763802377
2022-09-06,-0.005284270633610239,0.004803269302989172,-0.018850481167335648,-0.01290087763802377,-0.13784257499260197,0.02365375047032468,-0.31836044571348215,0.010229581392212054
2022-09-07,-0.0028382444871866623,0.015305396211245624,-0.008206568265904232,0.010229581392212054,-0.025793835309923473,0.023511964477149715,-0.27430044202756293,0.02334231457963996
2022-09-08,-0.0062826871311996635,0.02417055586449559,-0.009834210325488502,0.02334231457963996,0.0696130438460694,0.034004766189984194,-0.15789101591857702,0.03562305124556736
2022-09-09,0.010776726846139053,0.039919099159686916,0.009956687819458817,0.03562305124556736,-0.1657075734171703,0.02996241134022789,-0.25714411208380367,0.018524742360424337
2022-09-12,0.006742737987198943,0.01870584519241512,0.0009221969388643667,0.018524742360424337,0.11869831888231877,0.017783648253550673,-0.013609863454465116,-0.0465286316234671
2022-09-13,-0.04558035342001907,-0.026738479251450484,-0.04836465215480549,-0.0465286316234671,-0.15095540401758423,0.021626172903355004,-0.13422671387264237,0.013694495331039894
2022-09-14,0.003094449597992677,0.02220568359300638,-0.0005694954220913615,0.013694495331039894,0.09992219347126488,0.022775179015097798,-0.004726031666439391,-0.03491753219626237
2022-09-15,-0.02195115077282889,-0.002748986162728906,-0.037958727890203096,-0.03491753219626237,0.1496945970490219,0.035209741727474056,0.15072539000561536,-0.021353152839987045
2022-09-16,-0.01865069150434062,-0.016743555554802066,-0.03430711217062737,-0.021353152839987045,0.3430937890048069,0.01756355661582522,0.48218113509283206,0.008674611405106837
2022-09-19,-0.005294088135791137,0.0133094825569699,-0.007353222181775087,0.008674611405106837,-0.7066662002226259,0.02066270473874496,-0.3546165373840039,-0.020025113065400852
2022-09-20,-0.01204636770581051,-0.008212654057061064,-0.026387076054478483,-0.020025113065400852,0.12170484125353247,0.01817442199741737,-0.18942824693577243,-0.014591914834674898
2022-09-21,0.009434646747155367,0.023095714329530302,-0.015405158602642528,-0.014591914834674898,0.11300688905834283,0.03850087293217284,-0.07769797744250975,0.016925577159224794
2022-09-22,0.012654066864061989,0.03481329718695859,0.01024329341810216,0.016925577159224794,0.6993168700978059,0.02457000376885635,0.6178107453391928,-0.02113417946993067
2022-09-23,-0.013949569394688336,-0.0020667200841829486,-0.036350383356242924,-0.02113417946993067,-0.30153809477689564,0.03428366327206009,0.16675512149254795,-0.004704520171174408
2022-09-26,-6.79875312167977e-05,0.02803676583009142,-0.011355905313217491,-0.004704520171174408,-0.1544776802552727,0.03939267114330876,0.030638597464842973,0.017411720029334825
2022-09-27,0.013913066914220978,0.02889766413750874,-0.00041023185350242384,0.017411720029334825,-0.10954667235343167,0.02930789599101097,-0.1543509590025019,0.008560199330863409
2022-09-28,-0.019601152459777074,0.01327707707925816,-0.021863997277139138,0.008560199330863409,0.11538025472729717,0.03514107435639725,-0.07576469133600071,-0.02262875637730808
2022-09-29,-0.011519792846687818,-0.007955933428931014,-0.034965305820451494,-0.02262875637730808,0.08412737297090991,0.027009372391520365,-0.031710409293276794,-0.02043767185796258
2022-09-30,-0.005464142230031487,0.012320811891266987,-0.021063537444209024,-0.02043767185796258,-0.12712030251005524,0.03338434933547611,-0.06929168105509312,0.027834783185192783
2022-10-03,0.007894227139712473,0.03497631333666083,0.00041702621463486584,0.027834783185192783,-0.10508774718816996,0.0345592871220258,-0.13416353343157136,0.05158738262329397
2022-10-04,0.025368537788528395,0.062381052633752807,0.022199409753590256,0.05158738262329397,0.16183173321312758,0.04018164288016251,0.0547659025378589,0.0032055420043678004
2022-10-05,-0.022928285695578973,0.007867327519242151,-0.024637988928891817,0.0032055420043678004,-0.6332997987879665,0.032505316448133946,-0.6038040784066055,-0.0049407460873843075
2022-10-06,-0.0032697224952157942,0.012846807947724597,-0.011523565872404138,-0.0049407460873843075,-0.09929112082887191,0.024370373820128806,-0.6045687481399572,-0.03382179071592197
2022-10-07,-0.023824621923840925,-0.014840103267109103,-0.040631731721660326,-0.03382179071592197,0.43543101387090816,0.025791628454551064,-0.024542329847645684,-0.0314288971568457
2022-10-10,0.00219335998186193,0.0044482292615169415,-0.03873371603645647,-0.0314288971568457,-0.08016862424138499,0.04318194529797363,-0.050214827351244745,-0.021304660577750236
2022-10-11,-0.007789147818516237,-0.0046109862332185825,-0.04292982833317019,-0.021304660577750236,0.29915696337281,0.03831884209995173,0.2957613743716717,-0.001965977165452215
2022-10-12,-0.0018253989986398412,0.006083687778618945,-0.021195231831336314,-0.001965977165452215,-0.26179396184785403,0.027278919609955266,0.056067901303321704,0.0218964658423086
2022-10-13,-0.023681011125251797,0.028065475058012698,-0.033588959549583026,0.0218964658423086,0.13754027260135676,0.06165443460759583,0.1412266862133138,-0.022388484176940317
2022-10-14,0.012911333932001869,0.015419521659951273,-0.02393658961425442,-0.022388484176940317,-0.13243688315851174,0.03935611127420572,-0.08176546484805142,0.034281114696194645
2022-10-17,0.026710845965984505,0.04657114290688442,0.025820432027734673,0.034281114696194645,0.0918604580519755,0.020750710879149724,0.01720126202541545,0.04223970198512867
2022-10-18,0.061080172873839586,0.07705923511683782,0.031566091685813855,0.04223970198512867,0.9558465710024687,0.045493143431023945,0.9477940948136544,0.0009114544318440282
2022-10-19,-0.010936931915637896,0.01563944376509182,-0.019003099422724292,0.0009114544318440282,-0.966671142866922,0.0346425431878161,-0.267341562398659,0.024618024113945546
2022-10-20,0.008617682767504485,0.04845856989918403,-0.0004555737017413224,0.024618024113945546,0.3917226916275726,0.04891414360092546,0.11182584920545037,0.01681028148257138
2022-10-21,0.0,0.018432206443622656,-0.017162259181159007,0.01681028148257138,-0.09904947859403265,0.035594465624781656,-0.04974545923437699,0.0029923078209800483
2022-10-24,0.006285967706867081,0.008702790872030306,-0.01111229890023002,0.0029923078209800483,-0.2864711209876421,0.019815089772260326,-0.39386088818008674,0.02835247843489582
2022-10-25,0.006514700140860676,0.032940439998151265,0.006452889281786676,0.02835247843489582,-0.07541890262235308,0.026487550716364692,-0.4686546277546514,-0.032969346131718986
2022-10-26,-0.033657473574602796,-0.006982688181627538,-0.04056491770149957,-0.032969346131718986,0.13108417632316588,0.03358222951987198,-0.07943736916490726,-0.0010010866147716802
2022-10-27,0.01174984361327209,0.029271584238294894,-0.0036963755872263123,-0.0010010866147716802,-0.28274277345650445,0.03296795982552112,-0.37320141926031786,0.02026282561686796
2022-10-28,-0.0015035115110289261,0.02069207995665153,-0.009939700858744878,0.02026282561686796,0.013482097253918832,0.030631780815396307,-0.23597850199683404,-0.002641246790631744
2022-10-31,-0.005536147232912646,0.005993508949686312,-0.012468553890049144,-0.002641246790631744,-0.035701179127929326,0.018462062839735352,-0.16354974219864926,-0.017183444309641034
2022-11-01,0.01471380181670018,0.01894723393126907,-0.018310395726646948,-0.017183444309641034,-0.07053007196051501,0.03725762965791605,-0.18480422880768904,-0.06334630585209347
2022-11-02,-0.0019416460276240467,-0.0003129199934379215,-0.06367959113547551,-0.06334630585209347,0.465146828874232,0.06336667114203763,0.3274653672630595,-0.02483756430462347
2022-11-03,-0.006755615976686654,0.002729447303164195,-0.02620525202141651,-0.02483756430462347,-0.1877130924745995,0.028934699324580704,0.11623532908184893,-0.04586611255291106
2022-11-04,0.0011610708395997742,0.00422801448008302,-0.07291544683068392,-0.04586611255291106,0.8661705507108206,0.07714346131076688,0.9452219840159247,0.03390388064788075
2022-11-07,0.006062936982946519,0.03625257163356221,-0.007180327893619301,0.03390388064788075,-0.6590699265534663,0.043432899527181434,-0.0007422819278219881,0.01721054338718726
2022-11-08,0.0034520885748409477,0.047079444329394635,0.003383201323209452,0.01721054338718726,0.2097121077752554,0.043696243006185284,0.14341613106834625,-0.03486318271575585
2022-11-09,-0.008533930938053904,-0.005248311482157084,-0.03570821880257323,-0.03486318271575585,-0.487761281316802,0.030459907320416105,-0.4536907453763362,0.09552777056850924
2022-11-10,0.06103035043100084,0.0959754762454764,0.05258415723126868,0.09552777056850924,0.45152628424096714,0.04339131901420769,0.036063306538873824,0.009107426459769245
2022-11-11,0.0012148883249800163,0.022896421789895052,-0.004617176404588351,0.009107426459769245,-0.17312486444855563,0.027513598194483537,-0.2006290728245531,0.005878887543145522
2022-11-14,-0.012183141505135097,0.015288655020026359,-0.019720223747762562,0.005878887543145522,-0.11506239184580765,0.03500887876778906,-0.15014838684170523,0.021264814906379173
2022-11-15,0.025021465061430402,0.040695907776448076,0.013086792162381069,0.021264814906379173,0.20979980043809,0.027609115614066804,0.0807937607443606,-0.04382940640497728
2022-11-16,-0.012854570627899872,-0.0077426131987652445,-0.05218027739096183,-0.04382940640497728,-0.2290411956099513,0.044437664192196545,-0.12156055863865162,-0.03563247421985683
2022-11-17,-0.03229780398380888,-0.0218986900263809,-0.044692067835606114,-0.03563247421985683,0.13096601832232405,0.022793377809225142,-0.014083751456934723,-0.011084043070648822
2022-11-18,0.014260805506512238,0.01741711389058064,-0.027360063736809614,-0.011084043070648822,0.02652767936361045,0.044777177627390176,0.05124523144598478,-0.021783695814084392
2022-11-21,-0.013738834278881677,-0.004739645766397996,-0.03184457656359531,-0.021783695814084392,0.05912482391058844,0.027104930797197294,0.10555597964628828,0.0299239859205519
2022-11-22,0.0024133150209202253,0.03079466126395087,-0.013413746008696163,0.0299239859205519,-0.13299154018889042,0.04420840727264707,-0.06647549148436073,0.019835506797447278
2022-11-23,-0.010981381007709233,0.02422678469679157,-0.011455630200890897,0.019835506797447278,-0.233035282063288,0.0356824148976826,-0.26978281168591833,0.0072646712913114996
2022-11-25,-0.0011172697543230282,0.011754006291329245,-0.005664994933803514,0.0072646712913114996,-0.6089189999158114,0.017419001225132635,-0.8537853532251275,0.0022146721430145082
2022-11-28,-0.008842409515193843,0.012764621657665861,-0.008842409515193843,0.0022146721430145082,0.9643861414128923,0.021607031172859625,0.24078825292481454,-0.013164612285081253
2022-11-29,-0.006331415093912852,0.002144889346269298,-0.015937428392640927,-0.013164612285081253,-0.21486631717017743,0.01808231773891024,0.013931957965943676,0.054962105581376076
2022-11-30,-0.0061501546121084895,0.054962105581376076,-0.010271372271294326,0.054962105581376076,0.8244380961045081,0.06523347785267047,0.8910124168398005,-0.08630250902204317
2022-12-01,-0.08256797372895885,-0.08229696141981545,-0.12034480366942885,-0.08630250902204317,0.8376964487360088,0.038047842249613446,1.503128600995397,-0.016737957383295875
2022-12-02,-0.01860746999994368,-0.012251570000520774,-0.029127611253960527,-0.016737957383295875,-0.8043220551387222,0.016876041253439562,0.13866257142982302,-0.07637740868332789
2022-12-05,-0.012249558119103712,-0.0011766616394168663,-0.08424812734437141,-0.07637740868332789,0.296541279817314,0.08307146570495458,0.26655790254412476,-0.0049400430617926325
2022-12-06,-0.00915087367244147,0.004618679142019404,-0.022807128545852984,-0.0049400430617926325,-0.17821265847664156,0.027425807687872374,-0.059255715569062055,-0.021157252081744692
2022-12-07,-0.005794532224043071,0.0035952081257959547,-0.02468886001396912,-0.021157252081744692,-0.2736830718010185,0.028284068139765025,-0.4440114099605852,-0.002685937257336495
2022-12-08,-0.01583597377249018,0.0074827483384128065,-0.026875397622132997,-0.002685937257336495,0.15999676328512252,0.034358145960545844,-0.26723111437669533,0.007502681855334745
2022-12-09,-0.003001498186542584,0.02459319571203804,-0.013695167314584554,0.007502681855334745,-0.3875263078129028,0.03828836302662242,-0.4470931155013327,0.01513918847767117
2022-12-12,-7.623284073732446e-05,0.02247451881414524,-0.0012211225176091732,0.01513918847767117,0.14160081271675662,0.02369564133175441,-0.24397332397428897,0.018680962607819086
2022-12-13,0.03164773384913753,0.04960908845808217,0.006962354136328816,0.018680962607819086,0.05956197417477867,0.04264673432175329,-0.06606113361268039,-0.00643561146295742
2022-12-14,-0.004508012170000297,0.01209299913600987,-0.01777989534825384,-0.00643561146295742,-0.26910084256115463,0.02987289448426371,-0.26740621682294896,-0.03250784015128903
2022-12-15,-0.023122431327246725,-0.004686324597375953,-0.038351388840857356,-0.03250784015128903,0.11723032138748829,0.033665064243481306,-0.09612159140645526,-0.01677591901771735
2022-12-16,-0.01172132689361094,-0.004302384808373866,-0.027592805039078256,-0.01677591901771735,0.35833817558572467,0.023290420230704312,0.338144277167681,0.005752427537577749
2022-12-19,-0.003905704290122096,0.010161014532400033,-0.008376823705885226,0.005752427537577749,-0.49345573306073864,0.018537838238285344,-0.24505522182340558,-0.004350178360118069
2022-12-20,-0.011773513559197049,0.007567688520607844,-0.014207827499330701,-0.004350178360118069,-0.11028715703844086,0.02177551601993844,-0.3145487069946382,0.014299807754251093
2022-12-21,-0.003821991871035783,0.028473637684773206,-0.014507202140240028,0.014299807754251093,0.09661563145835417,0.042980839825013196,-0.1440440056470293,-0.008555299681805168
2022-12-22,-0.0125885345855384,-0.005849845625566532,-0.03086285106740038,-0.008555299681805168,0.06800740418401051,0.02501300544183371,-0.07046895319445289,0.0019332643014726323
2022-12-23,-0.003567053387781345,0.005172743910408747,-0.012462238638520307,0.0019332643014726323,-0.537916548351876,0.01763498254892905,-0.5925793576647013,0.009381085268902929
2022-12-27,-0.006821769732624425,0.017688715249993634,-0.013925316530370794,0.009381085268902929,0.35482829120184195,0.03161403178036436,-0.035410307559529,-0.016903133895009317
2022-12-28,-0.007297316327202569,0.003666892740893832,-0.01924106398478952,-0.016903133895009317,-0.28380243246363385,0.022907956725683496,-0.2923290077521342,0.03118901245930414
2022-12-29,0.009528644247667561,0.03427767118947989,0.007985457594220612,0.03118901245930414,0.19938109577248495,0.026292213595259278,-0.03881578880380289,0.00037719650215038453
2022-12-30,-0.014668647742161674,0.000754250780744077,-0.016584577353268886,0.00037719650215038453,-0.30378559350946116,0.01733882813401295,-0.29919506053329153,0.01638217795423973
2023-01-03,0.019419581928561722,0.03235424091852342,0.0033130250128388097,0.01638217795423973,0.3755500679812173,0.029041215905684533,0.19768765870074986,0.03506571782884606
2023-01-04,0.04667515627111669,0.05112639382174986,0.020852417832868366,0.03506571782884606,0.5581436758169763,0.030273975988881676,0.6875910304961864,-0.02355778921539774
2023-01-05,-0.01406795179503787,-0.007189620633253287,-0.039080244650545506,-0.02355778921539774,-0.522537544220288,0.03189062401729233,0.010407773428396749,0.030126882449263155
2023-01-06,0.009053840332371589,0.03820744411330137,-0.005811140615949895,0.030126882449263155,0.07398265839608374,0.04401858472925126,0.032380606746640124,0.04583404757590196
2023-01-09,0.014694732087457408,0.06000904579174195,0.014694732087457408,0.04583404757590196,0.40262915865606846,0.04531431370428443,0.4013201106320695,0.002308660820530793
2023-01-10,-0.008808281515235983,0.014711059822082517,-0.010249491417344526,0.002308660820530793,-0.7398583214059319,0.024960551239427038,-0.500485106960577,-0.017377522715835474
2023-01-11,-0.014758423469643933,-0.0027167169729756645,-0.026668280646977176,-0.017377522715835474,0.7336474173609849,0.02395156367400145,0.26464770808522703,0.03192129913490256
2023-01-12,0.020086775918237446,0.03339081520214995,-0.006647244163439434,0.03192129913490256,-0.15199534822308822,0.04003805936558947,0.126697458650741,-0.0006018628545562244
2023-01-13,-0.022989579897455814,0.002403530299486515,-0.023742261262343255,-0.0006018628545562244,-0.33208557138481937,0.02614579156182989,-0.26545271960214584,-0.006980317630932673
2023-01-17,0.0006018628545561323,0.0065334298157599165,-0.023071882951780514,-0.006980317630932673,0.11589671476906822,0.02960531276754043,-0.13540445133450635,-0.020550561894068606
2023-01-18,0.00262334517814788,0.007180944821181884,-0.0216512269806541,-0.020550561894068606,-0.18578005826499427,0.02883217180183606,-0.23854087516986983,0.006578566258370599
2023-01-19,-0.013357935880136312,0.00842092931008846,-0.015869452481360114,0.006578566258370599,-0.0998631909005785,0.024290381791448643,-0.36398637733115297,0.032523166692860546
2023-01-20,-0.01451644328956247,0.034372686874129484,-0.01451644328956247,0.032523166692860546,0.3593403748140454,0.0488891301636919,0.13262137835878882,0.03008819826382295
2023-01-23,0.03953856538888665,0.0428377817033594,0.01300593579646751,0.03008819826382295,0.676654824995623,0.029831845906891957,0.8448747794505727,-0.00650080827488444
2023-01-24,0.000192441738759765,0.027463201390515533,-0.008828198836973734,-0.00650080827488444,-1.1371042570855092,0.03629140022748925,-0.531062645539675,0.00842365887511183
2023-01-25,-0.02385184337436566,0.009895302186284653,-0.03308686449336462,0.00842365887511183,0.38493297313467384,0.04298216667964912,-0.08900059396189679,0.05554561178227281
2023-01-26,0.012851711868865872,0.056030089672118345,0.01228263704583621,0.05554561178227281,0.3521623548454289,0.043747452626281984,0.23288034559513415,-0.00345858822580161
2023-01-27,-0.00024228076817337058,0.012939181777083673,-0.009066296081075396,-0.00345858822580161,-0.3021280391040573,0.022005477858159168,-0.18150243213058836,0.0013970040511441261
2023-01-30,-0.0027389586638661327,0.01160272945165445,-0.006831024258787558,0.0013970040511441261,-0.189288426912112,0.01843375371044185,-0.3664764422544091,0.019356225913682842
2023-01-31,-0.0028568917248840923,0.01959429536323503,-0.0028568917248840923,0.019356225913682842,-0.24082383935318763,0.022451187088119138,-0.3848564625153435,0.02266206054088734
2023-02-01,-0.0014298810618887082,0.02996852663962365,-0.005791586879544203,0.02266206054088734,0.32123745050099467,0.035760113519167885,-0.0642780087739391,0.016279248909589126
2023-02-02,0.022387487142545397,0.04004407105157787,0.006265897551215374,0.016279248909589126,0.1863061983905222,0.03377817350036261,0.13345988022974697,-0.020829300723240577
2023-02-03,-0.02681060642839647,0.0025163140343075767,-0.02775213680164995,-0.020829300723240577,-0.4981814166698584,0.03026845083595743,-0.3054142915269304,-0.011702860817242757
2023-02-06,-0.01793342862027619,0.0007597959867501782,-0.021809943894639812,-0.011702860817242757,-0.4079057160730093,0.022569739881390202,-0.6331003275891429,0.013105089948190093
2023-02-07,-0.008793329085247686,0.01572890391053463,-0.01453879160196019,0.013105089948190093,0.360111707688482,0.03026769551249467,-0.17309236452864984,-0.009680013861774991
2023-02-08,-0.00750120010422067,0.006807684531888324,-0.012040925980963157,-0.009680013861774991,0.219316974669711,0.018848610512851412,0.05283694033327368,0.023479762427603218
2023-02-09,0.02157767922449164,0.0333354528998321,0.01393295943044797,0.023479762427603218,0.4029102410874725,0.01940249346938419,0.48803373979477466,-0.03892595602674103
2023-02-10,-0.03516124466812441,-0.022831498816555332,-0.04915589808190609,-0.03892595602674103,-0.02094344960279053,0.026324399265350736,0.44345100026313294,0.02395786436805334
2023-02-13,0.007455821774750477,0.024425383250871235,-0.00047908158337790297,0.02395786436805334,-0.24541669636075863,0.02490446483424909,0.07364638151677505,-0.006568139312381629
2023-02-14,-0.016858640270744237,0.009945651407760221,-0.019060534272662504,-0.006568139312381629,-0.04964594332516761,0.029006185680422642,-0.08042481672771004,0.006685061821118928
2023-02-15,-0.006552371770104429,0.009661309221590563,-0.010171590704036122,0.006685061821118928,-0.5185722073584569,0.019832899925626674,-0.6465278623208698,-0.017629685894724963
2023-02-16,-0.012408642489775445,-0.004275702672958319,-0.018522320781355794,-0.017629685894724963,0.4038628646249967,0.014246618108397387,-0.18444397714898397,-0.017643295228515467
2023-02-17,-0.01849126251701461,-0.0059662488079497734,-0.03246466165289035,-0.017643295228515467,0.0772480512106675,0.026498412844940596,-0.01339494976272737,-0.021727364853503253
2023-02-21,-0.00869539795072923,-0.004003910206855862,-0.02277975714502075,-0.021727364853503253,-0.43921525335646033,0.018775846938165013,-0.371566203451212,0.01070848755897542
2023-02-22,0.009176952974285613,0.020697603306964327,0.0030272503249111483,0.01070848755897542,-0.1820068753679233,0.017670352982053026,-0.4531514417203084,0.004641479669915535
2023-02-23,0.011745108157955675,0.012833558728348056,-0.01101782753230223,0.004641479669915535,0.07444337710902177,0.023851386260650254,-0.2525649935118319,-0.011767714955978014
2023-02-24,-0.02174332755320151,-0.01059699210406498,-0.02755126066793016,-0.011767714955978014,0.3393287150981606,0.016954268563865338,0.09736437424649039,0.005778601264630355
2023-02-27,0.010060196632871691,0.015720465132657787,0.00012332330065464194,0.005778601264630355,0.04774662363717813,0.015597141832003104,0.1762464788956548,0.0028768265943528693
2023-02-28,-0.0037461315267077505,0.007997829946546561,-0.00991784776262245,0.0028768265943528693,0.0031005979722167243,0.01791567770916888,0.2215318542389589,0.022601913403382794
2023-03-01,-0.0037966677915109714,0.02635934853762531,-0.003858083048072411,0.022601913403382794,0.8292683078026513,0.030217431585697552,0.9911662286433444,0.10882621265375825
2023-03-02,0.14322426793649973,0.14730668865124474,0.10134884160500969,0.10882621265375825,0.8673774633926022,0.04595784704623528,1.528438827885809,-0.0008578825619802717
2023-03-03,0.00790059611544242,0.016899158297123646,-0.012403109369698788,-0.0008578825619802717,-1.1378445630416854,0.029302267666822306,-0.2014985766704484,-0.014207567695398939
2023-03-06,-0.0073216227556199285,0.013691220838969094,-0.015132904099091031,-0.014207567695398939,-0.11535469550994117,0.028824124938060088,-0.3888309237681779,-0.002614926931162068
2023-03-07,0.0035844476797128604,0.012758312140599602,-0.004198159362819081,-0.002614926931162068,-0.17687140704959092,0.016956471503418783,-0.6133753713318953,-0.0020204248097264407
2023-03-08,-0.00010912809947430651,0.00858180578914706,-0.008326101064387323,-0.0020204248097264407,-0.290511776222536,0.016907906853534316,-0.9289146301899963,-0.023392532633240575
2023-03-09,0.0008196102304074093,0.004852919395969464,-0.02440024663744518,-0.023392532633240575,0.05102359243620776,0.029253166033414657,-0.7653709163885501,-0.03148886842401182
2023-03-10,-0.0012317409314515023,0.0035746205756458627,-0.040013295725398745,-0.03148886842401182,0.6863801365333869,0.04358791630104459,0.43342410630468525,0.01336451631416814
2023-03-13,-0.012667917224473576,0.02238310552532183,-0.0185330366768717,0.01336451631416814,-0.4325345597289737,0.04091614220219373,-0.04236962316992957,0.04118888583792234
2023-03-14,0.025260860848908762,0.054334095159901764,0.020304155603556858,0.04118888583792234,0.10202227197794002,0.034029939556344924,0.09406693287350498,0.00010937272998328005
2023-03-15,-0.020605594099683995,0.005289725876038615,-0.025922208020308434,0.00010937272998328005,-0.27288787489200644,0.03121193389634724,-0.20267396760079948,0.023717377134256794
2023-03-16,0.002129922885430615,0.025584244445759748,0.00038258529284852956,0.023717377134256794,0.08118141657255719,0.025201659152911046,-0.14176670038818137,-0.01316690734207552
2023-03-17,-0.0067499574758676404,0.0019202086330367544,-0.016798125216878342,-0.01316690734207552,0.22614281269543343,0.018718333849915142,0.0584385926900772,0.0021615457748076967
2023-03-20,-0.0034682707904516216,0.003617997575538733,-0.011972998576553108,0.0021615457748076967,-0.6435917414178243,0.015590996152091688,-0.5092848596576594,0.018346155421659707
2023-03-21,0.003341214174023994,0.02152112960468809,-0.0019452138350953246,0.018346155421659707,0.2361901918446975,0.023466343439783318,-0.19038122739699334,-0.011567592100884054
2023-03-22,0.006971652562630107,0.014522036755115111,-0.012103851071246657,-0.011567592100884054,-0.05996958002962602,0.02662588782636172,-0.1726765760358849,0.004973979727569525
2023-03-23,0.004760509737895783,0.021482265298272112,-0.004998761705279158,0.004973979727569525,0.2782315710398499,0.026481027003551292,0.13519804925078008,0.013880991713177398
2023-03-24,-0.005027568140671242,0.015248097253865197,-0.0072283992506435605,0.013880991713177398,-0.3528661034916255,0.022476496504508673,-0.225950821948416,0.006293931262752716
2023-03-27,-0.006016163602025111,0.010728328879726872,-0.006069068383486957,0.006293931262752716,0.24237506930103486,0.01679739726321379,0.13835420227193213,0.005422938264037772
2023-03-28,-0.0004183758754466859,0.008175251026736174,-0.0004183758754466859,0.005422938264037772,-0.46207526284604006,0.00859362690218274,-0.38842754610362284,0.02231797424931191
2023-03-29,0.004358642914111527,0.026327385573827015,0.0030115907236927674,0.02231797424931191,0.501004127234268,0.023315794850134356,0.17197209188497017,-0.00020340395540665302
2023-03-30,0.005730118223292068,0.007750596225482475,-0.0058653873923302235,-0.00020340395540665302,-0.15381473138290974,0.013615983617812612,-0.025236737262157815,0.016045516235352227
2023-03-31,0.004516739204377518,0.017146127789622136,0.0019817551553463555,0.016045516235352227,-0.04396733741963014,0.015164372634275655,-0.018648419833903643,-0.0166051876082065
2023-04-03,-0.007839223856879612,-0.004263787762951887,-0.021502940898631064,-0.0166051876082065,-0.2168777066027869,0.01723915313567918,-0.2511334152942905,0.00360685930752941
2023-04-04,0.00841272144838213,0.011184566813590736,0.0006613397194647388,0.00360685930752941,-0.13655315804762333,0.010523227094125917,-0.31408871458354676,-0.00963039934444989
2023-04-05,0.004048604001445541,0.005512145058794967,-0.01775301164792323,-0.00963039934444989,-0.16417044710193943,0.023265156706718214,-0.4707084166140212,-0.014232151238551266
2023-04-06,-0.006729868285311588,-0.006369070884549327,-0.029671405336180852,-0.014232151238551266,0.4666435376643467,0.023302334451631435,0.13580575159102992,-0.005520259487585236
2023-04-10,-0.010231371378130363,0.0,-0.017128482329204164,-0.005520259487585236,-0.18044218761990682,0.01712848232920409,-0.021560044011631228,-0.013670784810028948
2023-04-11,-0.012771204538659127,-0.005393382605804814,-0.022070631348743742,-0.013670784810028948,-0.07004779909415788,0.016677248742938956,-0.039301430772139635,0.007542072665932336
2023-04-12,0.007436958526191721,0.015757456188440044,0.0033824850850489563,0.007542072665932336,0.025290299812068644,0.01237497110339112,0.0031041094647687837,0.019254364075454847
2023-04-13,0.0006827724222746117,0.02110812671685021,0.0006827724222746117,0.019254364075454847,-0.0650499033777856,0.020425354294575773,-0.07675449065795215,0.0032417741462421224
2023-04-14,-0.011247420046902115,0.005909695707404072,-0.014693557790020021,0.0032417741462421224,0.07304424704603353,0.020603253497424,-0.033223328908717376,0.012406704266579485
2023-04-17,0.00261671101218396,0.014636823967343292,0.0019503439253303197,0.012406704266579485,0.06480579000240116,0.012686480042012815,0.07965394054522576,0.007179353160561987
2023-04-18,0.01009701622125246,0.015307415253897933,-0.00010150846150671943,0.007179353160561987,-0.14581142188473664,0.01540892371540461,-0.07212879140654821,0.0021136245143123524
2023-04-19,-0.011144983298432463,0.0028674583307737554,-0.014052963441152769,0.0021136245143123524,-0.24422879178809248,0.016920421771926396,-0.3072206483390686,-0.007113536482871965
2023-04-20,-0.008785744639498723,0.005814571079418837,-0.010613081957941735,-0.007113536482871965,-0.012381594258307165,0.016427653037360747,-0.263120459567866,0.007666372839181708
2023-04-21,-0.002433192946328048,0.008118445378691733,-0.0052794340474352506,0.007666372839181708,0.2945849879947242,0.01339787942612709,0.0791439532208132,-0.020866352416439717
2023-04-24,-0.002918397146761243,-0.001307162100864014,-0.0252881839813913,-0.020866352416439717,-0.08822233565713465,0.023981021880527285,0.0004855438411092827,-0.022045033108339943
2023-04-25,-0.004885694357969809,-0.004112709197989988,-0.022254806441460318,-0.022045033108339943,0.11859923692150423,0.01814209724347016,0.16339285828591843,0.0044480886447462184
2023-04-26,0.010175135310173026,0.01921935853566285,-0.000524555899583492,0.0044480886447462184,-0.22324335669380263,0.01974391443524642,-0.07528966997790926,0.022816238258631064
2023-04-27,0.013741790458365885,0.030796924040851565,0.0090959329857197,0.022816238258631064,0.17925601175886752,0.0217009910551318,0.08823780111569211,0.012325446748880116
2023-04-28,0.001071139162524383,0.013735949159171144,-0.0034252642442984685,0.012325446748880116,-0.15777953772549722,0.017161213403469683,-0.12166895057449781,-0.0029281212764492325
2023-05-01,-0.0030798026329409657,0.0034221156525954823,-0.006321293550951666,-0.0029281212764492325,-0.35087230047252993,0.009743409203547054,-0.43887351613582104,-0.020172770233059186
2023-05-02,0.0011622294213788353,0.0031297874147653004,-0.02487843699710377,-0.020172770233059186,0.7414268156763733,0.028008224411869006,0.3752134085176197,-0.006365635350858553
2023-05-03,0.0019070247916644827,0.010009564362179651,-0.0066252768196982635,-0.006365635350858553,-0.47052599338508344,0.016634841181877868,-0.14417260787054503,-0.0011948141594269638
2023-05-04,-0.0036930510570333955,0.010073163964477865,-0.009651357631159568,-0.0011948141594269638,0.14883408833120068,0.0197245215956374,0.015146619101847354,0.026721550106294973
2023-05-05,0.008127770045659415,0.02934982696155664,0.004512079361980537,0.026721550106294973,-0.023551123677963984,0.024837747599576188,0.010657844642857867,0.0015676635552608227
2023-05-08,0.005702646676097652,0.014620088534778036,-0.007671409653684644,0.0015676635552608227,-0.027208378342137872,0.02229149818846253,-0.025465660055504522,0.016438171532788235
2023-05-09,-0.005675474532877544,0.029377313995795303,-0.005675474532877544,0.016438171532788235,0.5176807611103195,0.035052788528672975,0.43379541759995616,0.01807804048803287
2023-05-10,0.01851727198446233,0.02503446996516345,0.009202977599460396,0.01807804048803287,-0.06818874550198775,0.015831492365703023,0.3247352769136172,-0.006759453920690631
2023-05-11,-0.009515484760445893,-0.005138898025025626,-0.031237060840444225,-0.006759453920690631,-0.19712549816771144,0.026098162815418588,0.017247186238630727,-0.008191931259161624
2023-05-12,-0.00019665050700874362,0.002405349237285468,-0.016551400079500043,-0.008191931259161624,-0.1254526456264727,0.018956749316785364,-0.14468400755436028,0.007503635319509522
2023-05-15,0.009567103512896639,0.017632619171116217,0.0033144465281363424,0.007503635319509522,-0.046572327939362404,0.014318172642979823,-0.20754557303099183,0.0060310351204308785
2023-05-16,-0.006909217507931968,0.011442649730906404,-0.007800976777526762,0.0060310351204308785,-0.021250268399398666,0.0192436265084332,-0.24126378794161338,0.023289487163531457
2023-05-17,0.0094390933530717,0.023814712699642786,0.0011725890184979787,0.023289487163531457,0.26618987430438973,0.02264212368114483,0.12080160240175021,0.018642613855274943
2023-05-18,0.0005729331506451706,0.02126432669866584,-0.000238843357902738,0.018642613855274943,-0.11105138703861282,0.021503170056568544,0.0400519558391663,-0.01397306844421657
2023-05-19,-0.0016890338935974774,-0.0003751023517852978,-0.01601931313945355,-0.01397306844421657,0.16490886968803578,0.015644210787668186,0.21308611554501047,-0.00047551760049911924
2023-05-22,-0.0056730419106838705,0.011626420806065973,-0.006294762527868607,-0.00047551760049911924,-0.44829598098225054,0.017921183333934654,-0.2889162750420487,-0.017366688188216517
2023-05-23,-0.012057509779945623,-0.0029530629995680115,-0.018189704713064286,-0.017366688188216517,0.08990291228687422,0.015236641713496323,-0.1745587785669597,0.011643134592653972
2023-05-24,-0.002907853721767025,0.017128917155518984,-0.0059214910099435435,0.011643134592653972,0.13949226072045745,0.02305040816546268,-0.028479030000313564,0.004057604445463872
2023-05-25,0.014059349569623965,0.015520396390785278,-0.0029700386727769417,0.004057604445463872,0.28328439065404354,0.018490435063562346,0.29030941713557373,0.02600357496352223
2023-05-26,0.01367388693644872,0.029293698004225405,0.012498384290626115,0.02600357496352223,0.06504153466077452,0.016795313713599148,0.3020141640787515,0.01579546411127341
2023-05-30,0.01762140680981135,0.030625351155845502,0.001345146142314498,0.01579546411127341,0.40748711067499244,0.029280205013530895,0.6771884532444697,0.020396455024649186
2023-05-31,0.003102086960981526,0.027622478257616965,-0.008304122176544571,0.020396455024649186,0.6329303059458977,0.035926600434161626,1.0896291139568122,-0.0480518357404811
2023-06-01,-0.07027916006228123,-0.03656332968099018,-0.08070700230256629,-0.0480518357404811,0.06334985633329968,0.04414367262157615,0.7706819630738757,0.0006104519009471495
2023-06-02,0.0,0.015103799820177045,-0.01166952178640256,0.0006104519009471495,-0.639765421203745,0.026773321606579508,-0.1550646493139552,-0.014992350493778436
2023-06-05,-0.012089864180946618,-0.0033383900518896598,-0.028424400584767,-0.014992350493778436,-0.3456500648721364,0.025086010532877366,-0.5687134453825872,0.01414707631121761
2023-06-06,-0.0062618093619669435,0.01672766562822114,-0.007125322489407228,0.01414707631121761,-0.138353473403921,0.023852988117628243,-0.7196283418981819,-0.03402311223053954
2023-06-07,0.009492034549008354,0.01774160047062682,-0.038651494763733446,-0.03402311223053954,0.3162467922955868,0.056393095234360306,-0.3500374926480669,0.018302312656287748
2023-06-08,-0.001702663174141657,0.022350833801799738,-0.004286574930890324,0.018302312656287748,-0.5190353524201323,0.026637408732690156,-0.699839941427075,0.027211917395955777
2023-06-09,0.0055209490516032675,0.04265110737919483,0.0055209490516032675,0.027211917395955777,0.32464412363231376,0.03713015832759157,-0.05366935607714102,-0.007552460687698675
2023-06-12,0.0038937441051715726,0.02331986265812283,-0.014832407570854036,-0.007552460687698675,0.4100788313726433,0.038152270228976916,0.4427535071785571,-0.02228784492175147
2023-06-13,0.008434531460439659,0.01181625814356834,-0.02737299655666263,-0.02228784492175147,0.0112262215997123,0.03918925470023105,0.35747265078774443,0.0020077361271859015
2023-06-14,-0.006143816972649286,0.012978912231801979,-0.019130976967116412,0.0020077361271859015,-0.2663452009956198,0.032109889198918495,-0.022054573899626787,0.011962567034706327
2023-06-15,-0.006948617775316898,0.018594001857942116,-0.009741655525426777,0.011962567034706327,-0.12560354902742032,0.02833565738336884,-0.13975864247894038,-0.0007553043451755962
2023-06-16,0.007615300985858361,0.008130297198706215,-0.00624820764207304,-0.0007553043451755962,0.5478550737677592,0.014378504840779332,0.357547761884087,0.024305568783090533
2023-06-20,-0.014795354193177762,0.024674223827435067,-0.014987048996330623,0.024305568783090533,-0.36170171977033005,0.039661272823765775,-0.12229782743295615,-0.03460587684907944
2023-06-21,-0.0020761591002336475,0.0038181237491855167,-0.041884504014184684,-0.03460587684907944,-0.17781419878713953,0.045702627763370286,-0.261358266045153,0.017499486662945346
2023-06-22,0.00019087135597927,0.020635889129786405,-0.0023884601435193893,0.017499486662945346,-0.33721012734145905,0.02302434927330579,-0.5238377192287368,-0.015116717670893644
2023-06-23,-0.013167057452848078,-0.010794577099217648,-0.024778113828050584,-0.015116717670893644,0.903064345679189,0.013983536728832865,0.4498088549396789,-0.013079576797041206
2023-06-26,-0.005106031297592409,0.007870340627773255,-0.01312777677618873,-0.013079576797041206,-1.0790787229396173,0.020998117403962093,-0.7576581942459425,0.007016255828930807
2023-06-27,0.0037545111699552034,0.014934200326032508,0.0007713250489729996,0.007016255828930807,-0.1726731879176632,0.014162875277059705,-0.7380870176863845,0.01591515955861503
2023-06-28,-0.001965360991722471,0.016056539862085942,-0.005859491244182722,0.01591515955861503,0.1735949048901387,0.021916031106268927,-0.42388908945924636,-0.008234810050326386
2023-06-29,-0.0012733950243966478,0.0022597615025811302,-0.011614517969930106,-0.008234810050326386,-0.21855287760561076,0.01387427947251127,-0.5507775632183025,0.003936554948534696
2023-06-30,0.006772660604700915,0.016121841769455036,0.0025155524257711886,0.003936554948534696,0.44409310233151505,0.013606289343683887,-0.04945995815725836,0.0018443617360515837
2023-07-03,-0.003271402199842471,0.003308032906618777,-0.006363079360010028,0.0018443617360515837,-0.9136539252196513,0.009671112266628826,-0.6671753125711909,0.010200635710331536
2023-07-05,-0.0054957659763730455,0.013935061618859532,-0.0073979452247644115,0.010200635710331536,0.7477340036559138,0.0213330068436239,0.18748984176019579,-0.01736060148335691
2023-07-06,-0.012329036456990914,-0.006192585475014898,-0.02841412719815637,-0.01736060148335691,-0.17607201578658627,0.02222154172314152,-0.03754636331569993,-0.002620748443790667
2023-07-07,-0.001762259578072442,0.00933103855251929,-0.004100909920166112,-0.002620748443790667,-0.34114568222570474,0.013431948472685532,-0.3546140566306065,0.01524651346000654
2023-07-10,-0.0028189719475278023,0.015528403894245365,-0.0060778297336348515,0.01524651346000654,0.2342915572887942,0.021606233627880334,-0.0817033867685902,0.03853189092933759
2023-07-11,0.04254786725941995,0.04385300703439604,0.02060302108045281,0.03853189092933759,0.9651145520381903,0.02324998595394326,0.9936856481956892,0.027251103873327517
2023-07-12,0.003295174131161407,0.030808643551226308,0.0019874546612428544,0.027251103873327517,-0.1167029060105742,0.02882118888998341,0.532725590983386,0.013503958640028627
2023-07-13,0.004302573885061377,0.01606183224906251,0.0014069968940172352,0.013503958640028627,-0.43077860596127543,0.0146548353550452,-0.03534204829533328,-0.004524668554792494
2023-07-14,-0.002912594405828329,0.007912365305953318,-0.009683410193833111,-0.004524668554792494,-0.30426041521453473,0.01759577549978637,-0.3898864218705287,-0.00581639330580592
2023-07-17,-0.0003925086142077226,0.004133932246410544,-0.006650084771236392,-0.00581639330580592,-0.1844787419667982,0.010784017017646952,-0.6133646580783746,-0.0016241037444892435
2023-07-18,-0.004175357969574305,0.007080118446472341,-0.011158511141982075,-0.0016241037444892435,0.35863765861765307,0.018238629588454465,-0.24671341117868262,0.029179517120053542
2023-07-19,0.027514098149562828,0.04547309636707136,0.01569134247881953,0.029179517120053542,0.5141738324282527,0.02978175388825177,0.43168204923511694,-0.0268538890534546
2023-07-20,-0.014050498638958183,-0.003718965221053086,-0.03054229368122414,-0.0268538890534546,-0.4737092760622375,0.026823328460170978,-0.02719244048451536,-0.00043841175244334644
2023-07-21,0.008032155646644865,0.011547697397549869,-0.0038204476452536875,-0.00043841175244334644,-0.4070598166569823,0.01536814504280343,-0.4158313415917067,-0.010579283585369187
2023-07-24,-0.0035140292055197593,-0.002062993059103402,-0.020018402600941086,-0.010579283585369187,0.41834793036756157,0.0179554095418376,0.030917571011919432,0.00163827048613485
2023-07-25,0.0009744484827407278,0.00820870745453494,-0.0020849567909504685,0.00163827048613485,-0.5152544200021,0.010293664245485381,-0.5514679598600335,-0.001992857096005288
2023-07-26,-0.00697018092556689,0.006526440899334757,-0.012958006989883385,-0.001992857096005288,0.41605280306996056,0.01948444788921831,-0.06505957259257579,-0.0019080516899507214
2023-07-27,0.010846151392892581,0.020012945414356893,-0.006984202135106793,-0.0019080516899507214,-0.12183719981666136,0.02699714754946364,-0.03466520705051059,0.001996727039577218
2023-07-28,0.003768179633369207,0.009547894232048723,-0.005210076559559087,0.001996727039577218,-0.0142653766590366,0.014757970791607674,-0.0027988257555623544,-0.0026187254302319847
2023-07-31,-0.014510802271752355,-0.0009756584894914096,-0.01721292548880497,-0.0026187254302319847,0.27347949042153397,0.016237266999313615,0.23786488746758389,-0.0032941190595409445
2023-08-01,-0.004989964162978587,-0.0008892310922090859,-0.01513547444530979,-0.0032941190595409445,-0.27965607461014774,0.01424624335310079,-0.05124914015824472,-0.016953007301820314
2023-08-02,-0.010263433711941335,-0.0063517754077087474,-0.02469261769319014,-0.016953007301820314,0.1964406585324424,0.018340842285481378,0.10069033787594167,-0.022658413147482903
2023-08-03,-0.019693803797231464,-0.010439762255946583,-0.027121836248944247,-0.022658413147482903,0.07298722397890041,0.01668207399299769,0.16208386314329443,-0.004510068016626209
2023-08-04,0.0039354918082025086,0.007809482406083519,-0.011618497147436653,-0.004510068016626209,-0.13880866900531458,0.01942797955352024,-0.027264291656933285,0.006826921866379143
2023-08-07,0.003349625048269749,0.01066109603761764,-0.0010257424672467427,0.006826921866379143,-0.28355206866021637,0.011686838504864436,-0.3333337219687988,-0.020952949376346824
2023-08-08,-0.011685124011094465,-0.008692652607799386,-0.023034717918365363,-0.020952949376346824,0.29255235753195485,0.014342065310565862,0.039955282400129584,-0.027406857149523865
2023-08-09,0.00033075191633089,0.0003780447546031649,-0.03203230999228884,-0.027406857149523865,0.48249547308708385,0.032410354746892016,0.49568751986466947,0.011542951983651979
2023-08-10,0.011206725841877598,0.021528922618154492,0.0028134960434528884,0.011542951983651979,-0.6727263383863122,0.018715426574701585,-0.2848351141278017,0.0021585184135014136
2023-08-11,-0.010232219647833522,0.005984458315240266,-0.013293247110662742,0.0021585184135014136,-0.3121932480439875,0.0192777054259031,-0.538616555035324,0.015971442524389638
2023-08-14,-0.0038406339544259436,0.01616009088677693,-0.007599487591971125,0.015971442524389638,0.12007027432174552,0.02375957847874812,-0.3411773767411643,-0.015588181851530164
2023-08-15,-0.008191507392229333,0.0014607714773574487,-0.020100706682402512,-0.015588181851530164,0.2098685483469841,0.02156147815975977,-0.11785935280870043,-0.008610550675307473
2023-08-16,-0.003742980431994967,0.004349201108272518,-0.008803856684924906,-0.008610550675307473,-0.39012850428258494,0.01315305779319745,-0.4739502086919789,-0.015335155039814155
2023-08-17,-0.002031135991492202,-0.0002899730289371025,-0.017545194261494097,-0.015335155039814155,0.3867620355234755,0.01725522123255689,0.17360000847545431,0.004845021333760162
2023-08-18,-0.014179705155848989,0.0081106795180979,-0.018018502780616664,0.004845021333760162,0.04911009723232064,0.026129182298714672,0.21931932070842597,0.02029740074189323
2023-08-21,0.005695793037629619,0.02216142036390784,-0.0029825256471669734,0.02029740074189323,-0.05885541304274566,0.0251439460110747,0.08536009504245783,-0.010919102733834082
2023-08-22,0.003915242370889852,0.005153429512027639,-0.014601607704263539,-0.010919102733834082,-0.24368465119925092,0.01975503721629126,-0.1964918981335432,0.01139741775462256
2023-08-23,0.005979405941307454,0.020252091263212486,0.0018362164541567553,0.01139741775462256,0.19528215328385404,0.018415874809055863,0.04809646765208335,-0.01746142369122913
2023-08-24,0.008949408170612775,0.01358303814590132,-0.017802059129244784,-0.01746142369122913,0.03261981648521653,0.031385097275146136,0.023602885118792917,0.01908586902185039
2023-08-25,0.0,0.025367677537423066,-0.00014598301692505614,0.01908586902185039,-0.2550331742657045,0.025513660554348092,-0.2261213863604088,0.01068411591018094
2023-08-28,0.004667543870218699,0.018962594607087806,0.0008112341772840369,0.01068411591018094,0.2865001307510058,0.018151360429803906,0.12469965531709377,0.0011329565442867954
2023-08-29,-0.023754318851634686,0.003489114197048911,-0.02486737205610755,0.0011329565442867954,0.35872329851661655,0.028356486253156562,0.47990342124200525,0.014426416813581484
2023-08-30,-0.0008968090492263093,0.0169808294837408,-0.012008089621459508,0.014426416813581484,0.5306604253179424,0.028988919105200354,0.8716746169735193,0.029417990473045694
2023-08-31,0.05852160284113717,0.06198049679837686,0.02824322973850257,0.029417990473045694,0.6612959880689555,0.0337372670598743,1.275317213857496,0.00031599839790607767
2023-09-01,0.009169397467274196,0.0112701031783274,-0.0042536034903840015,0.00031599839790607767,-1.2355391492478418,0.01552370666871155,-0.4105406735308537,-0.01290280192024728
2023-09-05,-0.00998056166252061,-0.005476946760361998,-0.01785354237125836,-0.01290280192024728,0.036188447729325966,0.012376595610896308,-0.43259588431466456,0.013308968411807268
2023-09-06,0.0035603414128093135,0.015967697843363236,0.0015078562907772349,0.013308968411807268,-0.13642602873313828,0.014459841552585761,-0.606743868248387,0.0040977370166428734
2023-09-07,-0.008382617097094763,0.004996074905334908,-0.010477938588617479,0.0040977370166428734,-0.1871529141615585,0.015474013493952448,-0.7768894184363383,0.009971223311407255
2023-09-08,0.0035438347466684047,0.013125199320000655,0.0014818558651717053,0.009971223311407255,0.08592199065875927,0.011643343454828807,-0.5566118077647877,0.0024440790776636295
2023-09-11,0.005546079972166304,0.009167704506788513,-0.008803548196839874,0.0024440790776636295,-0.035771689609123504,0.0179712527036283,-0.1339268553875795,-0.01633252801273125
2023-09-12,-0.008289559159521356,-0.002310617704486325,-0.018138765101502446,-0.01633252801273125,-0.09881790912719238,0.015828147397016087,-0.1847754641031218,-0.012986608373266949
2023-09-13,-0.0021678763358748115,0.0009018621927821993,-0.01527441533324863,-0.012986608373266949,0.04190977685531281,0.016176277526030822,-0.06492480362266723,-9.143138347809993e-05
2023-09-14,0.0028296085488376367,0.008057053534835056,-0.002104620415915362,-9.143138347809993e-05,0.029184675084204255,0.010161673950750388,0.005193580607738698,-0.019244222834658938
2023-09-15,0.00041127083475032966,0.0018722916215179713,-0.02461716017365688,-0.019244222834658938,0.8385027641756182,0.026489451795174777,0.8392477125292791,0.0018155978502689704
2023-09-18,-0.00023302212269019393,0.008213713547947315,-0.002005681501223314,0.0018155978502689704,-0.842653599135155,0.010219395049170587,-0.22627366631685014,0.0032505111192891296
2023-09-19,-0.0028412446567446003,0.004918107461508005,-0.01282611567339895,0.0032505111192891296,-0.06714352202574965,0.017744223134906836,-0.28823795940244024,-0.012455544115033523
2023-09-20,-0.00232072514035348,0.006837929817615782,-0.012972039542126213,-0.012455544115033523,-0.2910949453703053,0.0198099693597418,-0.579302932235081,-0.02096651214992128
2023-09-21,-0.015278284623688338,-0.005365725923489197,-0.023558398384684848,-0.02096651214992128,0.5052868922285827,0.018192672461195568,-0.028692978335683735,-0.01050514657989848
2023-09-22,0.0033499119731887042,0.005306830542967848,-0.013172984480654697,-0.01050514657989848,-0.2532297453407424,0.018479815023622417,-0.30747170691350867,-0.00043606047780603654
2023-09-25,-0.006951357263690491,0.0004843379869233902,-0.012478824543669418,-0.00043606047780603654,0.05534789630766306,0.012963162530592655,0.012822496715973918,-0.018834746185039018
2023-09-26,-0.004225232105340583,0.00048454918246058925,-0.02482830847691841,-0.018834746185039018,0.28425255122395876,0.025312857659378872,0.3076953612176098,0.001184493666212574
2023-09-27,0.0024662140666772037,0.007086232049644563,-0.007684161555158785,0.001184493666212574,-0.2704568715006431,0.014770393604803304,-0.031004720433732095,0.0023156772803673634
2023-09-28,-0.009764885980578772,0.011866365731251102,-0.015810176617524697,0.0023156772803673634,0.052020514258156764,0.027676542348775642,-0.030881033788933206,-0.0020690591812396724
2023-09-29,0.009209455158155981,0.02233722131512545,-0.0054280460757856405,-0.0020690591812396724,0.013967377974429835,0.027765267390911272,0.010846103211662989,0.004575805282837471
2023-10-02,-0.009812238489022735,0.011424782064946397,-0.011207627802384849,0.004575805282837471,-0.16215444521562897,0.022632409867331272,-0.17654272864842047,-0.019230432531171588
2023-10-03,-0.004723753791909059,-0.0006874847296062195,-0.03136401707260934,-0.019230432531171588,0.21030553533939855,0.030676532343003066,0.048260060670046956,0.010156887424170605
2023-10-04,0.005240724900180783,0.014457382792617596,-0.0016026814025669653,0.010156887424170605,-0.23443499393230716,0.016060064195184534,-0.15001630701312094,0.0006932722534040994
2023-10-05,0.0006437957207743322,0.0013860642133457664,-0.01688515298117962,0.0006932722534040994,-0.017602882444928376,0.018271217194525322,-0.14536886299576635,0.02613924217351463
2023-10-06,-0.007602704097234693,0.030518161431138554,-0.010549961744716368,0.02613924217351463,0.3283994019168187,0.04106812317585495,0.21987183074402863,-0.0006753793928878345
2023-10-09,-0.011983169327164627,0.004426906326473606,-0.012959764684572111,-0.0006753793928878345,-0.5844290433756876,0.017386671011045712,-0.39331240895541675,-0.0016420980887657285
2023-10-10,0.002024771305096676,0.00960529903569653,-0.00464355445877017,-0.0016420980887657285,0.4820083393479309,0.014248853494466718,0.1366379274505659,-0.00014501621131114066
2023-10-11,0.001690328306700001,0.011151778977319643,-0.012011139898300164,-0.00014501621131114066,-0.12583692009254613,0.023162918875619744,0.016872851262226908,-0.005672395066527266
2023-10-12,0.004726524226945571,0.00832874705735084,-0.01745875682486454,-0.005672395066527266,-0.11249297316621391,0.025787503882215377,-0.11160615346503891,-0.0053135687798698695
2023-10-13,-0.0027751037783168763,0.0070733628663101,-0.012081567216946974,-0.0053135687798698695,0.03570819451055495,0.01915493008325708,-0.07367241066982015,0.019074951358667783
2023-10-16,0.006091191614452991,0.023668073179671248,0.002197090743645146,0.019074951358667783,-0.014875560233588414,0.02147098243602599,-0.019980116858311362,0.006262408180050249
2023-10-17,-0.009830898245705886,0.016220317339362005,-0.012206741137074156,0.006262408180050249,0.10046058622836569,0.028427058476436208,0.035923790086762365,-0.024164942354753954
2023-10-18,-0.004585370339671403,-0.0010012228383873326,-0.02729437321522044,-0.024164942354753954,-0.1697058316085776,0.026293150376833236,-0.10770454809278333,0.01689501842675247
2023-10-19,0.007877861798080279,0.029440748351660686,0.0034116269916717617,0.01689501842675247,0.3905052081705427,0.026029121359989017,0.3146523424894415,-0.02227982735608653
2023-10-20,-0.004618978071354694,-0.0010086051805527436,-0.03021383791298428,-0.02227982735608653,0.10321445663812599,0.029205232732431446,0.3414892237825028,-0.008527869421412657
2023-10-23,-0.018978355849107873,-0.0007856047647923331,-0.029286368141977607,-0.008527869421412657,-0.19361069032379583,0.02850076337718542,0.05751084229346688,0.010930152703579705
2023-10-24,0.008527869421412733,0.012984637446765479,-0.005311145156337567,0.010930152703579705,-0.14207833230101283,0.01829578260310305,-0.1273119708299522,-0.035689611599608095
2023-10-25,-0.005007149418950999,-0.002353151981226815,-0.0439956285402533,-0.035689611599608095,0.1257096916906477,0.041642476559026635,0.00046781542193581957,-0.004118881842658672
2023-10-26,0.0018251912096453739,0.013107699744830047,-0.01730096369145615,-0.004118881842658672,0.13696924036809544,0.03040866343628614,0.08918923731611565,0.001629282567293346
2023-10-27,0.0053360718336533785,0.010442093924160789,-0.004289422550021391,0.001629282567293346,-0.48553209216345294,0.0147315164741821,-0.40282745131120645,0.013642071255244012
2023-10-30,0.012286185494681424,0.020194539559051136,0.002591107736872039,0.013642071255244012,0.08168731322982081,0.017603431822178925,-0.21576508996214222,0.00779807768096762
2023-10-31,0.005754445009039991,0.013161361214562604,-0.0030658712637904747,0.00779807768096762,-0.0037589099724946572,0.01622723247835309,-0.16530362805919502,0.015219949820073268
2023-11-01,0.0004480216024691322,0.018060313228451797,-0.0016943905762410536,0.015219949820073268,0.0479362323458555,0.019754703804692766,-0.09057340624932868,0.02038805101205525
2023-11-02,0.011701142180079453,0.02110853473918154,0.00995466807803856,0.02038805101205525,0.32297679835634047,0.011153866661143041,0.2790429987022294,-0.0030800322093457577
2023-11-03,0.0061317498911708365,0.009897482591935687,-0.004382293341384275,-0.0030800322093457577,-0.2509719935667662,0.014279775933319949,0.0380002975947601,-0.00024104245498076342
2023-11-06,0.0035604612239489024,0.0048563360943440406,-0.013490105366028368,-0.00024104245498076342,-0.03483148888484255,0.018346441460372395,-0.03344779295275159,0.021085541127671022
2023-11-07,0.009978025028367707,0.028141405697910866,0.007397163884156783,0.021085541127671022,0.3824205098464421,0.02074424181375402,0.333973851160194,-0.0017481052351369535
2023-11-08,0.002734182811924662,0.003204866225052974,-0.010391810957605831,-0.0017481052351369535,-0.4651681622345668,0.013596677182658688,-0.23041109349163497,-0.006928027751700511
2023-11-09,0.00988153185176252,0.009928328090196484,-0.011413991075446663,-0.006928027751700511,0.32064099271757585,0.021342319165643265,0.09766404913633109,0.017090447043883596
2023-11-10,-0.0029088531858610578,0.02008179947758931,-0.005586731467785244,0.017090447043883596,-0.14016570989088897,0.025668530945374596,-0.03162042572969058,0.0076939312298041395
2023-11-13,-0.004974189177946463,0.011680773532606529,-0.00879203754021397,0.0076939312298041395,-0.2181349607701734,0.02047281107282049,-0.2614984877279393,0.027037315784577097
2023-11-14,0.017132229068154904,0.02735378313969283,0.012326163933955015,0.027037315784577097,0.36091803115560134,0.01502761920573798,0.11931884909537249,-0.007989123488554415
2023-11-15,-0.0019459770488535746,0.0008586711482160582,-0.016042587440100103,-0.007989123488554415,0.011923238323822924,0.016901258588316044,0.16620532636597019,0.009209123544040089
2023-11-16,0.002639853307992895,0.015152175211212142,-0.0021899622169285152,0.009209123544040089,-0.25711010999073697,0.017342137428140635,-0.1559968855387905,-0.001039129596250072
2023-11-17,-0.0012651882867256022,0.00603277701861679,-0.004843465372445759,-0.001039129596250072,-0.021070030333096425,0.010876242391062482,-0.12895409460899412,0.017520347829581104
2023-11-20,0.000948792381007961,0.02181971928652688,-0.0027159445831528117,0.017520347829581104,0.23532251771168286,0.02453566386967962,0.1297435879866823,-0.0036043983247538033
2023-11-21,-0.005031982966699905,0.003724217678592674,-0.00708769589857366,-0.0036043983247538033,-0.1772337454791803,0.010811913577166335,-0.10952595788576767,-0.002142141940203401
2023-11-22,-8.918136512644515e-05,0.006088750560774556,-0.004960574047362983,-0.002142141940203401,0.010663807013906483,0.011049324608137666,-0.0564947116851013,0.0024095703213893194
2023-11-24,0.0023204128037655177,0.002899692673120957,-0.00771374016614457,0.0024095703213893194,-0.7338771479471123,0.010613432839265602,-0.745337830482944,0.0018255382988708834
2023-11-27,0.0049790940645611115,0.008166917621151478,-0.000579563939266341,0.0018255382988708834,0.9608146028122657,0.008746481560418032,0.3137508575422373,0.0005781721060428737
2023-11-28,-0.005263137447452128,0.003286579198376816,-0.011453740809067093,0.0005781721060428737,0.12487413083154858,0.014740320007443899,0.3709058138743375,0.02385514259554332
2023-11-29,0.016272722322631824,0.028835098243203242,0.01034993703550193,0.02385514259554332,0.800678661904594,0.01848516120770131,1.123741666159296,0.08943224125002036
2023-11-30,0.07805377389425829,0.09181133083678557,0.056132826360545014,0.08943224125002036,0.6838114295404731,0.03567850447624059,1.4547872988157284,0.03164947188687864
2023-12-01,-0.007571241266402787,0.04475549110808163,-0.008771974064619043,0.03164947188687864,-0.5188561886605718,0.05352746517270062,0.39352011614414906,-0.03658417722228425
2023-12-04,-0.028082956670998634,-0.018947627453003314,-0.03982086879659441,-0.03658417722228425,-0.2406081839121809,0.02087324134359109,-0.07687062535472126,0.00143518045945685
2023-12-05,-0.0026765147574832724,0.004021244457451919,-0.008091389068720997,0.00143518045945685,-0.6832394720332939,0.012112633526172699,-0.8608924876323817,-0.00755776607582987
2023-12-06,0.001989891974706483,0.011722872686149731,-0.008682304421251482,-0.00755776607582987,-0.07121064805371217,0.02040517710740131,-0.9355576736735067,-0.0011245383454216243
2023-12-07,-0.0015264921381683491,0.006401777726185783,-0.009031977345756547,-0.0011245383454216243,0.20051845833731188,0.015433755071942237,-0.6279998852995804,0.007845340806640117
2023-12-08,-0.0012062850125223702,0.01293582224979571,-0.0034215836664667266,0.007845340806640117,-0.35492344352465094,0.016357405916262602,-0.6401795373932507,0.005130187766477356
2023-12-11,-0.00323475277584257,0.010747061597135692,-0.0043953992099374645,0.005130187766477356,0.03419099984477168,0.01514246080707327,-0.34802031128333283,0.017107903030753865
2023-12-12,-0.001190724674550783,0.017614596083107163,-0.004293224151866079,0.017107903030753865,0.2010978731211534,0.021907820234973112,0.0730150992274278,0.0033867135709438525
2023-12-13,0.004124830789153524,0.01035749458392641,-0.0050429477093579264,0.0033867135709438525,0.1195432171580319,0.015400442293284175,0.1904893005317563,-0.00042763637136109043
2023-12-14,-0.0031918103954397163,0.005619118816266443,-0.01606179409343521,-0.00042763637136109043,0.006919182739317229,0.021680912909701797,0.1544007161241523,0.016923804279622152
2023-12-15,-0.0085901001000924,0.019634162489050477,-0.010552732268713576,0.016923804279622152,0.7312072443351222,0.030186894757764034,0.8840210895408609,0.007578208833954163
2023-12-18,-0.006827531157350705,0.015137109587960702,-0.007366567353030084,0.007578208833954163,-0.6055718954905774,0.022503676940990845,-0.0005706179894158688,0.002841287727396652
2023-12-19,0.00710699279716054,0.011279484057017205,0.0005688806036026699,0.002841287727396652,-0.4745079908476581,0.010710603453414414,-0.5453876367446594,-0.015593431980797923
2023-12-20,-0.01019017439746717,0.002191804826898405,-0.016246915109473847,-0.015593431980797923,-0.03378699757738321,0.018438719936372253,-0.5498749272792346,0.026541842410076295
2023-12-21,0.017143276986437656,0.030686600614581745,0.015215036630049087,0.026541842410076295,0.13466421709280524,0.015471563984532704,-0.36114263605841934,-0.0034108755809094038
2023-12-22,3.7453987552309204e-05,0.0033619527622070593,-0.007323334773641265,-0.0034108755809094038,-0.506256595579039,0.010685287535848317,-0.8273811649896717,-0.00045063512005489795
2023-12-26,-0.0030458502725823895,0.0007131287225758399,-0.006478858162147619,-0.00045063512005489795,0.03419298566151815,0.007191986884723519,-0.4382589396300319,0.0018763843750148914
2023-12-27,-0.0010523105953407458,0.0029631082522309877,-0.00308494030350466,0.0018763843750148914,0.05093595454579384,0.0060480485557357164,-0.1991121903764907,-0.004283360577061112
2023-12-28,-0.0008251799733059994,0.0007496147624123329,-0.005338208447691914,-0.004283360577061112,-0.1351945911606741,0.006087823210104301,-0.2704457913428987,-0.009229797396605646
2023-12-29,-0.0021484650288207175,0.0002635669190291113,-0.011093738840382984,-0.009229797396605646,0.22536503170611216,0.011357305759411991,0.03834525338933162,-0.027001118455304448
2024-01-02,-0.009929832539153654,-0.009853114007403534,-0.03625790378554838,-0.027001118455304448,0.24621743636592225,0.026404789778144876,0.3696055050376882,-0.016891196462608303
2024-01-03,-0.010321324118996146,-0.007721142780296448,-0.01716915784461253,-0.016891196462608303,0.07233929980240336,0.009448015064316194,0.34704370165785825,-0.00238527123723608
2024-01-04,-3.968672691890036e-05,0.003171597403811746,-0.007973252370621079,-0.00238527123723608,-0.12686359321716767,0.011144849774432898,0.12098875649260993,-0.0004777863608319717
2024-01-05,-0.00011941000538845423,0.010571208492390927,-0.004268000002627625,-0.0004777863608319717,-0.19998295283879017,0.014839208495018533,-0.13295451244177325,0.03809128713934552
2024-01-08,0.004331207345903789,0.04073280026949733,0.0010746226001322047,0.03809128713934552,0.5891760993842634,0.03965817766936523,0.422624777730424,0.0018000473192805126
2024-01-09,-0.005265477622959934,0.011661708492771932,-0.008043905058242864,0.0018000473192805126,-0.37109430343389327,0.01970561355101478,-0.07463247944832245,0.010619197125924407
2024-01-10,0.007357852259103948,0.01940187891557171,0.005380782208876632,0.010619197125924407,0.1148672198034565,0.014021096706694965,0.04714438467974786,0.027078646036227297
2024-01-11,0.014545555836748285,0.032883808324538515,0.0036657116443177423,0.027078646036227297,0.5638493780026593,0.029218096680221017,0.6097190600425207,0.0020245825893278105
2024-01-12,-0.0005528607873728787,0.014123338143544075,-0.001179881129350939,0.0020245825893278105,-0.6201398611377315,0.015303219272894979,-0.1798809485632436,-0.010127194252133485
2024-01-16,-0.008234377892462614,-0.0013246932997414056,-0.015602990507595572,-0.010127194252133485,0.1894439988625141,0.014278297207854188,-0.030022530661072775,0.00832367042272091
2024-01-17,-0.003348942171758067,0.010016870143246485,-0.018976034373421397,0.00832367042272091,-0.2189832039695715,0.028992904516668062,-0.22325827967369877,0.011064370237657778
2024-01-18,0.005730665714709188,0.01553592544790759,0.002575564119304938,0.011064370237657778,0.009705221596857407,0.012960361328602699,-0.21812128148362744,0.023122049536248974
2024-01-19,0.007441522283212195,0.027101571230205217,0.003891011448235151,0.023122049536248974,0.44466639768834926,0.023210559781970078,0.23934591757763557,-0.0020671346232953433
2024-01-22,0.010307008889248896,0.017084765314989828,-0.002530939527326665,-0.0020671346232953433,-0.09586472006621681,0.01961570484231653,0.19984198202935352,-0.012673617948732004
2024-01-23,0.0018890416164412235,0.005017728056607685,-0.01651085693193156,-0.012673617948732004,-0.02435937932288949,0.02152858498853923,0.10925557758562801,0.00039742029008026
2024-01-24,0.0115314146142373,0.01502548336131732,-0.0002890419327771591,0.00039742029008026,0.0682035694304128,0.015314525294094406,0.15348118712524214,0.0077350815854651984
2024-01-25,0.006228684916960181,0.010669550185111884,-7.230661180976268e-05,0.0077350815854651984,-0.5214629581972771,0.010741856796921752,-0.4423848121342959,0.003256004666001021
2024-01-26,0.0008955598782113878,0.015328278478741379,-0.00121923681870691,0.003256004666001021,0.15477962786407054,0.016547515297448304,-0.2697807611238811,0.027898896733479596
2024-01-29,0.005201819776790905,0.028905853487268027,0.003779366120069135,0.027898896733479596,0.1667244095636635,0.025126487367198944,-0.020318695939658526,-0.00045162135641857806
2024-01-30,-0.0007992510205052004,0.004955474780810081,-0.004665896544924849,-0.00045162135641857806,-0.1804525237602559,0.009621371325734894,-0.1670982142455349,-0.023347688867922642
2024-01-31,-0.012872342562541165,-0.007325294530141406,-0.02430865782269949,-0.023347688867922642,-0.054153833902262596,0.01698336329255807,-0.15723609062208155,0.009594831990331211
2024-02-01,0.003267676208127564,0.013989670930599163,0.0009600463799396872,0.009594831990331211,-0.34787707306866844,0.01302962455065957,-0.4074786364661789,0.006532583541154688
2024-02-02,0.004921009628645963,0.015246172423096878,-0.002257599874154032,0.006532583541154688,0.1202691795366959,0.017503772297250808,-0.2467205900241263,0.008539995560665465
2024-02-05,0.002063249614148573,0.011797336042627312,-0.015167369151546175,0.008539995560665465,0.37381831458378995,0.026964705194173575,0.1823185235081933,-0.007945119296606027
2024-02-06,-0.000590167237885865,0.001837986809143872,-0.021754416761533904,-0.007945119296606027,-0.2261434206584095,0.023592403570677788,-0.021394333994541083,0.010475707385942374
2024-02-07,0.005303824676091576,0.013793806245959682,-0.002206450176568081,0.010475707385942374,-0.1499366518885923,0.016000256422527767,-0.14283792732277106,0.010709707637304106
2024-02-08,0.0015912808827244524,0.014675026303078117,0.0004846306787688322,0.010709707637304106,0.21463559940416893,0.01419039562430922,0.11763989912254383,-0.002228974481578413
2024-02-09,0.004442890991978026,0.011205955283340558,-0.0030875647652178323,-0.002228974481578413,-0.025292672280048934,0.014293520048558505,0.030631424458259594,-0.013757019361924553
2024-02-12,-0.0016490777899743788,-0.0010303548885358964,-0.014871406300407371,-0.013757019361924553,-0.15444777854620576,0.013841051411871511,-0.15839764867458123,-0.021708289669001082
2024-02-13,-0.02434377177566353,-0.013631449440088551,-0.03867510594493492,-0.021708289669001082,0.2789641818320581,0.02504365650484638,0.19250273380342267,0.02805725046664908
2024-02-14,0.013600867239547764,0.0291287756601388,0.012336962351453129,0.02805725046664908,-0.2524650718597889,0.01679181330868561,-0.09596392036813546,0.009602746569378755
2024-02-15,0.007545393955167956,0.009808238772529971,-0.003950327833143841,0.009602746569378755,0.0346587030058244,0.013758566605673836,-0.07206686594792445,-0.00763336652461607
2024-02-16,0.00020549220315116916,0.00044521457778460703,-0.014004566464249985,-0.00763336652461607,0.04245718014127036,0.014449781042034765,-0.00590167376423626,-0.011560374116162408
2024-02-20,-0.0007596465274645871,0.0038927478013532253,-0.01941269727729142,-0.011560374116162408,0.03219712999429062,0.023305445078644682,0.036717597834476035,-0.009966138015034577
2024-02-21,-0.022314971348509228,-0.009895537325830542,-0.028439382071779058,-0.009966138015034577,-0.12330401007046772,0.018543844745948564,-0.11259385156887429,0.03500012977420949
2024-02-22,0.029365370858964138,0.03833191700116777,0.02730844140629719,0.03500012977420949,0.32668423025505017,0.011023475594870541,0.2701987607004272,-0.002898820787051848
2024-02-23,0.014704925321877503,0.014704925321877503,-0.008790463835377512,-0.002898820787051848,-0.1755327312928587,0.023495389157254916,0.026665554663241966,0.025591938756075638
2024-02-26,0.009483606216865828,0.036978549872014335,0.00748561594334467,0.025591938756075638,0.680123507481604,0.029492933928669668,0.6869754012860733,-0.00296726159704671
2024-02-27,0.003953597260479536,0.0045171808250900666,-0.012697228870446739,-0.00296726159704671,-0.3444148816113429,0.01721440969553679,0.15367766856244316,0.0009010597456530451
2024-02-28,0.0002670313632026755,0.00459711283501505,-0.009696322364542887,0.0009010597456530451,0.703868295469327,0.014293435199557985,0.7888724719699098,0.029743129308349617
2024-02-29,0.0007669973550440104,0.035297267768198665,-0.016752209877423065,0.029743129308349617,0.5540603072929596,0.052049477645621685,1.0756825758917052,0.025764562113181365
2024-03-01,-0.0059108590223095996,0.031522964981534334,-0.007149426651836709,0.025764562113181365,-0.8330167753173849,0.03867239163337102,-0.12502058990333162,-0.00709399404295187
2024-03-04,-0.007316518548483926,0.0024269597752603392,-0.01059619782925168,-0.00709399404295187,-0.01065956200226502,0.013023157604512201,-0.2255261651796153,-0.05182207143401579
2024-03-05,-0.010639982236803496,-0.00666475735816663,-0.06059680973459555,-0.05182207143401579,-0.03645320932879479,0.053932052376428966,-0.2726888656226383,0.016663696696240016
2024-03-06,0.019556453414265745,0.023618504843011614,0.01326721583123299,0.016663696696240016,-0.08628862493620094,0.010351289011778744,-0.40577300105090175,-0.004453975856491466
2024-03-07,0.007314302010420335,0.009827445384739416,-0.006671939964319633,-0.004453975856491466,-0.19734558353439785,0.016499385349058912,-0.5326649707011856,0.00941256017581829
2024-03-08,-0.0007277338529483686,0.02110363650542087,-0.0007277338529483686,0.00941256017581829,-0.3359803780486136,0.021831370358369184,-0.5695284513323997,0.002355717691093447
2024-03-11,-0.008685355534328823,0.007603314974535543,-0.016613923301194315,0.002355717691093447,0.00900786835940054,0.024217238275729885,-0.4470635144508799,0.0020240780052893713
2024-03-12,0.0023175459279633067,0.009885644055534232,-0.006985139654320121,0.0020240780052893713,-0.013055955179475205,0.01687078370985438,-0.33639240845868185,-0.006347158492136202
2024-03-13,-0.005297403350258457,0.003613630881501003,-0.011513452353539835,-0.006347158492136202,0.1383212275315171,0.015127083235040738,-0.06603772116985532,-0.004473643485961802
2024-03-14,0.0010497551418777876,0.015663728405498088,-0.008835004090664157,-0.004473643485961802,-0.13898369857263826,0.02449873249616218,-0.10871472495726582,-0.03008683675752215
2024-03-15,-0.01447862138450169,-0.010839291227374575,-0.03199126713022639,-0.03008683675752215,0.9006875251525529,0.02115197590285186,0.8675811039559964,0.020779522566570924
2024-03-18,0.017813447570501722,0.022309054841473254,0.005725441273526519,0.020779522566570924,-0.8188686011158506,0.016583613567946763,-0.19957477983342345,0.0031231416411743604
2024-03-19,-0.0077837573514464116,0.004184037619438531,-0.013029221936312375,0.0031231416411743604,-0.453474640116683,0.017213259555750902,-0.6637762341820982,0.015242256392131207
2024-03-20,0.0017234733048742564,0.01830865083150588,-0.0025243636055641916,0.015242256392131207,0.395758198379947,0.020833014437070127,-0.22045040392860857,0.007518801419717485
2024-03-21,0.0060585049080345765,0.018515455651552708,0.0008817972730786177,0.007518801419717485,0.2069454658157076,0.017633658378474283,0.006219270043052826,-0.002012548170466335
2024-03-22,0.0030111001776426667,0.005948730036842545,-0.00565825107350129,-0.002012548170466335,-0.47618651333971473,0.011606981110343821,-0.510645665790985,-0.005571561885175092
2024-03-25,-0.013312302825101605,-0.00019496185314782035,-0.017139186693183716,-0.005571561885175092,0.09152617654246904,0.016944224840035875,-0.12145316553088807,-0.0007518050732224205
2024-03-26,0.004628927025148677,0.0062537282864767885,-0.0038300493232269893,-0.0007518050732224205,-0.061574374823718706,0.01008377760970378,-0.1348672061583218,-0.01465740492125687
2024-03-27,0.005250606084890732,0.011282292111605047,-0.023823982848982374,-0.01465740492125687,-0.008769949680699295,0.03510627496058731,-0.16863557672062526,-0.0006638748512598913
2024-03-28,-0.004589468535321867,0.00470053805792828,-0.005823546753995378,-0.0006638748512598913,0.23702126415085664,0.010524084811923674,0.11712354301269341,0.0035795381104022734
2024-04-01,0.0016919398590778377,0.007706522721273711,-0.0039589601261320944,0.0035795381104022734,-0.5167298209948923,0.011665482847405758,-0.34328318188786805,0.005740094955556517
2024-04-02,-0.015873381464980855,0.007252081114614656,-0.0246851513300754,0.005740094955556517,0.48639050860528005,0.03193723244469028,0.18586843074341922,0.0024312205892262134
2024-04-03,-3.292740270949216e-05,0.010341094978602371,-0.002964897205494397,0.0024312205892262134,-0.44303446011353004,0.013305992184096782,-0.28740146604472927,-0.03540302772237873
2024-04-04,0.011484692402957283,0.021298116239035637,-0.04236269170645795,-0.03540302772237873,1.0080925241179752,0.06366080794549356,0.7632628745569523,0.02607307757180078
2024-04-05,-0.002041948980110585,0.03106213430148868,-0.0028599599092733307,0.02607307757180078,-0.5294386822661895,0.03392209421076204,0.026207626506473753,-0.000596357685865182
2024-04-08,-0.0026865160864558407,0.005252638654683191,-0.00794781523542467,-0.000596357685865182,-0.44779666933123835,0.013200453890107692,-0.4226696571694116,0.002118802727422571
2024-04-09,0.005255763820567214,0.012744463105597566,-0.008253269720922102,0.002118802727422571,-0.04730061261140668,0.020997732826519764,-0.4793007709549625,-0.009136428093875697
2024-04-10,-0.013048961370341132,-0.0048069235721345605,-0.014054721788604377,-0.009136428093875697,0.012827275198218314,0.00924779821646968,-0.3915007598712412,-0.0015698893593712013
2024-04-11,-0.000500739122787528,0.0048942224231588675,-0.010771345393228906,-0.0015698893593712013,0.13307845117387226,0.015665567816387862,-0.2579323680594645,-0.016277463751439132
2024-04-12,-0.007650783339013281,-0.0043550748665734,-0.019067460165029245,-0.016277463751439132,0.0964993682841355,0.014712385298455852,0.08384836934575154,-0.07556223033284133
2024-04-15,-0.03943276602224645,-0.02699887164219267,-0.08011633780690877,-0.07556223033284133,1.5702017017785346,0.05311746616471595,1.7186166807314285,0.016391164109828778
2024-04-16,0.006865367704427697,0.027682191781118182,-0.001686990014520312,0.016391164109828778,-0.8791116093964103,0.02936918179563859,0.18484667867250118,-0.003936928554068211
2024-04-17,0.001188819651472889,0.005607684075237294,-0.009307472620367564,-0.003936928554068211,-0.5963988570591959,0.014915156695604856,-0.5478347864478214,-0.01605168613560691
2024-04-18,0.0,3.611417048106569e-05,-0.024064036766416552,-0.01605168613560691,0.34309069066664244,0.024100150936897546,-0.2362678235909909,-0.005716581560594632
2024-04-19,0.0020939255747062617,0.004513117727749944,-0.011800755818632042,-0.005716581560594632,-0.18602547790363355,0.016313873546381967,-0.4856080036340076,0.01264305307201164
2024-04-22,0.03281733442328656,0.033926270642754816,-0.003000382187447982,0.01264305307201164,0.3171207333057375,0.036926652830202876,-0.19550886310421614,0.010427150980108884
2024-04-23,0.004154881070628766,0.010499504628893123,-0.012495087004164442,0.010427150980108884,-0.07092994067631865,0.0229945916330576,0.06654906890534491,-0.0017725337493196527
2024-04-24,0.004759536430057427,0.00813513642241114,-0.009332145021938748,-0.0017725337493196527,-0.4673215549423298,0.017467281444349905,-0.3541593421268954,-0.011104505631205134
2024-04-25,-0.016758625354275736,-0.009495008931527254,-0.02533731760197526,-0.011104505631205134,0.200215908125103,0.015842308670448165,-0.1446139995926817,0.0042014341172638605
2024-04-26,0.006786559786516503,0.013671870254551285,0.0011707897534514666,0.0042014341172638605,-0.24811026160848823,0.012501080501099545,-0.3521202949198069,0.005272385330101369
2024-04-29,0.00218509893627225,0.01087794876330816,-0.0039086360701379875,0.005272385330101369,-0.04862504702909875,0.014786584833446097,-0.3563611714201136,-0.02497004185381176
2024-04-30,-0.004470631594140295,-0.004106501393342122,-0.027129049217759955,-0.02497004185381176,0.3777574788355108,0.023022547824417868,0.1539699117027656,-0.0009300076846474679
2024-05-01,0.0002973699684941159,0.01863979091446197,-0.00892651800124245,-0.0009300076846474679,-0.3274293072263374,0.027566308915704375,-0.12457019618684989,0.012721603448942357
2024-05-02,0.006454949887672113,0.01620643558968661,-0.002795223828356285,0.012721603448942357,0.025956396917203486,0.019001659418042806,-0.09023122807342059,0.005606562095728773
2024-05-03,0.017087590689068528,0.020153495349299336,0.004473136431678677,0.005606562095728773,0.04599937676863193,0.01568035891762064,0.0018871715125103356,0.007172931007607128
2024-05-06,0.009130193419331406,0.012600254458933426,0.0014605782761316062,0.007172931007607128,-0.07627244217031119,0.011139676182801778,-0.08851411045456102,0.005607683875364933
2024-05-07,-0.00014516361853176023,0.011722194939122316,-0.005675829404757332,0.005607683875364933,-0.06540765896486853,0.01739802434387962,-0.16212001309655047,0.006437165317362183
2024-05-08,-0.005244922333961961,0.009908214997072656,-0.005244922333961961,0.006437165317362183,-0.06611153785876615,0.015153137331034553,-0.1416683314708031,-0.013715116246926085
2024-05-09,-0.024677333133292356,-0.013061215659085315,-0.02872713640595025,-0.013715116246926085,0.3607751975521553,0.01566592074686492,0.2446863375827674,0.005436371489079821
2024-05-10,0.0033740037552459795,0.016113976739941048,-0.0007271320410009394,0.005436371489079821,-0.4806810647261825,0.016841108780942075,-0.2810554192135849,0.003067454297855069
2024-05-13,0.001697337750179566,0.004075877602325376,-0.005363731714734598,0.003067454297855069,0.02923571441269328,0.009439609317060052,-0.1914834466071488,-0.0025977834310079357
2024-05-14,-0.002019902498625059,0.00481684816317926,-0.008976390371512129,-0.0025977834310079357,0.019189755731797854,0.013793238534691466,-0.1303358644600694,0.03806683106881161
2024-05-15,0.010565385798541887,0.038970572395319335,0.010529711864189273,0.03806683106881161,0.6453910602271968,0.028440860531130336,0.5412927907492332,-0.009996294008609448
2024-05-16,0.006516955993389736,0.008587837526692052,-0.010347648778626954,-0.009996294008609448,-0.49322387686805497,0.018935486305319,-0.0917483976060279,0.003261475866633495
2024-05-17,0.008255891936359491,0.009300454134539032,-0.0014763700377520795,0.003261475866633495,-0.022819648644926502,0.010776824172290972,-0.05377519281282662,0.005098921403181181
2024-05-20,0.001364618250049896,0.007360596672029942,-0.0017521732323657329,0.005098921403181181,-0.2173467659388195,0.009112769904395777,-0.30152325276184805,-0.011597269092531504
2024-05-21,-0.0009758435638431622,0.0005223629095518614,-0.01325497586673592,-0.011597269092531504,0.22113388852568608,0.013777338776287614,-0.06979550453268402,0.00021141533179711228
2024-05-22,-0.0012342195097044862,0.01166689781467316,-0.003282881923906191,0.00021141533179711228,-0.05379680611774427,0.014949779738579414,-0.14657600219270878,-0.018670859635846113
2024-05-23,0.010026325365056649,0.011141955547371424,-0.022663512356621028,-0.018670859635846113,0.5001194168354257,0.033805467903992616,0.494532490262271,-0.022801694390593135
2024-05-24,-0.027808942679207083,-0.013043799111788932,-0.03670676557131867,-0.022801694390593135,0.42244916263705956,0.023662966459529762,0.8089927782177461,-0.009075624880725346
2024-05-28,0.0029703446428623994,0.003446265354518839,-0.019019962620824022,-0.009075624880725346,0.11010474242839509,0.02246622797534284,0.6868383767842073,0.006611931394206078
2024-05-29,-0.006805100794228374,0.011203392094711972,-0.007663719250564,0.006611931394206078,0.3657181880228834,0.01886711134527603,0.8074435900234799,-0.21986310459948158
2024-05-30,-0.19544015338520998,-0.18790370674307785,-0.24781773802727863,-0.21986310459948158,1.6060555501112028,0.05991403128420076,2.127154269079023,0.07265879392219753
2024-05-31,0.005032981505373843,0.07342625516618623,-0.008984772510638757,0.07265879392219753,-0.5954546164527221,0.08241102767682502,0.5781095084264843,0.009255756167838304
2024-06-03,0.0007674612439887036,0.02755575962598135,-0.018207737027103457,0.009255756167838304,-0.6118333796399694,0.045763496653084844,-0.2989133294622421,-0.0074658636541212985
2024-06-04,-0.0038107930415177903,0.016638766505840452,-0.018856402068852855,-0.0074658636541212985,-0.5781749931768474,0.03549516857469335,-0.9600208153022731,0.007085450084906997
2024-06-05,0.0033156195275759397,0.00873292914446239,-0.014193748429270672,0.007085450084906997,-0.03873108086591093,0.02292667757373295,-1.0116847949012684,0.025998233719061046
2024-06-06,0.014063774034907453,0.04230063369295982,0.01226956942312268,0.025998233719061046,0.08209932858606285,0.030031064269837104,-0.9117000057021183,-0.003755553833918909
2024-06-07,-0.0017728371710319694,0.0048079905222591784,-0.010226779052224046,-0.003755553833918909,-0.5298879617684548,0.015034769574483358,-0.9660060364882154,-4.138917726580825e-05
2024-06-10,-0.00024817144060268275,0.007373998957373494,-0.005888768080284278,-4.138917726580825e-05,0.10643637704954098,0.013262767037657785,-0.4577618734788061,-0.0035208736805191067
2024-06-11,-0.002815706521910013,0.007866774549448972,-0.023343465058637772,-0.0035208736805191067,-0.05262149623834994,0.031210239608086887,-0.28302046138332443,-0.021771460602572894
2024-06-12,-0.0017859331165603952,0.005008356870847323,-0.02563814479470121,-0.021771460602572894,0.34527688042161325,0.03064650166554848,0.14737066356849804,-0.029131007034569535
2024-06-13,-0.0011881473643604095,-0.0006363735764424386,-0.030747800916069462,-0.029131007034569535,0.2793556744960584,0.030111427339627073,0.4383588672809232,0.01262573404373602
2024-06-14,0.0013962536445674095,0.026795784454642865,0.00074197751491357,0.01262573404373602,-0.42904430788334186,0.026053806939729328,-0.032595168014192426,-0.006314655815540139
2024-06-17,-0.007182773547924921,-0.00043126527805785567,-0.018142361425024893,-0.006314655815540139,0.17884964280114474,0.017711096146967118,0.10441117295110725,0.005753987842631897
2024-06-18,0.0,0.007822489924745397,-0.005438224549772265,0.005753987842631897,-0.3945439605559654,0.013260714474517687,-0.34943002064755047,0.04219289072001844
2024-06-20,0.004476435558932596,0.050307115238918,0.004476435558932596,0.04219289072001844,0.7323959839953954,0.04583067967998554,0.385834085346579,0.013392117757124393
2024-06-21,-0.005099812869375098,0.014656304713505687,-0.0066806638313202105,0.013392117757124393,0.059632722247591724,0.021336968544825866,0.3589513093984165,-0.02111416629696482
2024-06-24,-0.00766002769415297,-0.0026559105846889744,-0.021656135597620352,-0.02111416629696482,-0.7339304767950863,0.019000225012931495,-0.41344919475168856,0.007556573541018642
2024-06-25,0.007639314463176398,0.013084004167241734,-0.0002918126969914855,0.007556573541018642,-0.222938157404411,0.013375816864233088,-0.6135504520166792,0.005733035945070947
2024-06-26,-0.0012002289738189875,0.007623112598871585,-0.007723331399137651,0.005733035945070947,-0.2884884305736898,0.0153464439980093,-0.8173849072463609,0.039117939916929675
2024-06-27,0.007579698796785629,0.06160397819196419,0.005332264792533193,0.039117939916929675,1.045270041900012,0.0562717133994309,0.2798664486637982,0.01666868634682341
2024-06-28,0.002567371366366967,0.028577219357958508,0.0013042176149114027,0.01666868634682341,-0.0195939304487259,0.027273001743046903,0.3009896606537633,-0.0034677506557874035
2024-07-01,0.004075649670672427,0.009214532672947315,-0.010046435571581306,-0.0034677506557874035,-0.7650831879739778,0.019260968244528595,-0.3953947593804778,-7.802113161641726e-05
2024-07-02,-0.004537771021639818,0.005915180589444243,-0.008426937370157987,-7.802113161641726e-05,-0.13492158868099646,0.014342117959602062,-0.49116215179719974,0.0184094986443268
2024-07-03,0.003078937382728557,0.019443602598169123,0.002923237881026529,0.0184094986443268,-0.07587871278579564,0.016520364717142567,-0.5451633567690026,0.008547349215996878
2024-07-05,0.006759966041849451,0.018452893790433203,0.0014168731317091398,0.008547349215996878,0.321966775057086,0.017036020658724057,-0.22881282567476105,-0.022361494803587557
2024-07-08,-0.00690090823482891,-0.0013307459877936925,-0.02306109323322269,-0.022361494803587557,-0.003480547577662992,0.021730347245428897,-0.0663470937275462,-0.01938076573794422
2024-07-09,-0.004985788385167281,-0.001438634385806845,-0.024703293266369653,-0.01938076573794422,0.07020633218386536,0.023264658880562807,0.19503860761060127,0.0006336528095672116
2024-07-10,-0.004884531097756334,0.009344982131997257,-0.025355360602948063,0.0006336528095672116,0.24336005773536928,0.034700342734945426,0.3995503838813064,-0.00583671326309204
2024-07-11,3.9627726510304355e-05,0.011141635546667113,-0.006633450421471636,-0.00583671326309204,-0.515833841195146,0.017775085968138767,-0.23604288568061357,0.011285261523680774
2024-07-12,0.0019891004279246186,0.016469234487361924,-0.005710734885694879,0.011285261523680774,-0.12683063750883797,0.022179969373056788,-0.38005520506754287,-0.004380176315694208
2024-07-15,0.00803936890273246,0.009483625246051746,-0.0073110093353469015,-0.004380176315694208,-0.06615070088531821,0.016794634581398724,-0.39073354191409243,0.012458642048286691
2024-07-16,0.003631766861140255,0.015383704111506316,-0.0007516960449895384,0.012458642048286691,0.08194288857920168,0.016135400156495856,-0.24094746717094154,-0.018965566227623933
2024-07-17,-0.007960353327294363,-0.00179824696460591,-0.025394918105317996,-0.018965566227623933,0.16275005499105663,0.02359667114071207,-0.001889668130001581,-0.015524691768865699
2024-07-18,0.0036554322642311887,0.0048841430981541555,-0.022136372854618138,-0.015524691768865699,0.12143246966815956,0.027020515952772255,0.2449931901255921,0.0011313540060117742
2024-07-19,0.005241898264791866,0.006608394728121594,-0.008852522343830594,0.0011313540060117742,-0.3515644563393981,0.01546091707195223,-0.1463916851935527,0.025713468910024774
2024-07-22,0.004512659683349071,0.03159976298951561,0.0014930298096292563,0.025713468910024774,0.23408838282282596,0.030106733179886373,0.09688554001303257,0.007762597218146286
2024-07-23,0.009830280723200358,0.012710070458525185,-0.0012996549093807527,0.007762597218146286,-0.36884486008501793,0.01400972536790583,-0.31932810578582793,-0.024831256935698286
2024-07-24,-0.009535251135252667,-0.0005859480063996969,-0.028360597631937105,-0.024831256935698286,0.28706096038512097,0.02777464962553755,0.0008304594532574815,0.026626065904486164
2024-07-25,0.019662913177593954,0.055671511149888345,0.007736837960355212,0.026626065904486164,0.3184764402279454,0.04793467318953313,0.33564025100249956,0.023844138223867647
2024-07-26,0.006411743220200273,0.03059681502549342,0.002141858387970038,0.023844138223867647,-0.1551690205327207,0.028454956637523468,0.1495139396263113,-0.015806948008201486
2024-07-29,0.0,0.01274623530340964,-0.016077711778500155,-0.015806948008201486,-0.18323918428528127,0.028823947081909752,-0.09468983681320227,-0.0025555797853089542
2024-07-30,0.003975222989333922,0.008318312212903448,-0.013509778105453923,-0.0025555797853089542,-0.25724351310695664,0.021828090318357387,-0.33226202500938884,0.003367313576257226
2024-07-31,-0.00669081452676247,0.01500718503493973,-0.010053024886468833,0.003367313576257226,0.16410097482039596,0.0250602099214086,-0.16957126722536295,-0.0224289103453482
2024-08-01,0.004241402704425367,0.01746634640843166,-0.035635116776396074,-0.0224289103453482,0.17334506864772023,0.053101463184827585,0.02418933801679624,-0.03658133319562336
2024-08-02,-0.021045018952915877,-0.020197858948596183,-0.0483318904859427,-0.03658133319562336,0.162776702835038,0.028134031537346532,0.24922838095566346,-0.020539902840559118
2024-08-05,-0.048929508755100506,-0.008851593883959785,-0.04940310834644402,-0.020539902840559118,0.05892571212204887,0.04055151446248433,0.29338292615593087,-0.002471552467494505
2024-08-06,0.008664923494010704,0.020047938108460745,-0.004108658057798043,-0.002471552467494505,-0.1955432452011443,0.024156596166258978,0.03028533903945839,0.006771731541625458
2024-08-07,0.01742140168171175,0.03344986836994585,0.005187450924905398,0.006771731541625458,-0.3407465021980914,0.028262417445040416,-0.371407173375713,0.03712914033391844
2024-08-08,0.01324308468369114,0.03837273718934249,0.012585066648352206,0.03712914033391844,0.10321970512792238,0.025787670540990276,-0.2470374642493602,0.013595360219691457
2024-08-09,-0.0016873499469258137,0.015257140187831692,-0.0026930827203026277,0.013595360219691457,-0.4080050406605297,0.01795022290813433,-0.6175799848990717,-0.0048428215860288
2024-08-12,0.00027718537402350335,0.0061584718491141,-0.013996817023770801,-0.0048428215860288,0.2124863528689489,0.02015528887288491,-0.268210911805895,0.013006482977158063
2024-08-13,0.006702261608412516,0.01763046811359323,0.006702261608412516,0.013006482977158063,0.09133209237995421,0.01092820650518086,-0.033210602968376725,0.0028239789780182423
2024-08-14,0.003098076077929164,0.012141178463840602,-0.002910773731950432,0.0028239789780182423,0.027787718829339433,0.015051952195791134,0.07666618930861234,0.02883757757796486
2024-08-15,0.010054200146804608,0.02921806038236964,0.0035967781153746297,0.02883757757796486,0.22051537811996355,0.025621282266995168,0.2914832207321113,0.00045651556585561275
2024-08-16,-0.003965416901602685,0.0030775591305629325,-0.011905191090753919,0.00045651556585561275,-0.39116165347474535,0.014982750221316746,-0.13497459803424608,0.009350997289509451
2024-08-19,0.0007224290266054403,0.009388715190889862,-0.004880471648055538,0.009350997289509451,0.2530614809716593,0.014269186838945458,0.09243824971862687,-0.013429163300746618
2024-08-20,-0.0016216044958819217,0.000452061174379631,-0.016527440938056994,-0.013429163300746618,0.24157613714010756,0.016979502112436682,0.2947548742141903,-0.002868454763569058
2024-08-21,-0.002830117125623279,0.0011451518647378218,-0.010210843458796448,-0.002868454763569058,-0.20946233320113558,0.01135599532353431,0.008660083162596222,-0.009621379775319896
2024-08-22,0.0015691220616794324,0.008277012648945047,-0.014739087070782869,-0.009621379775319896,0.09499329141093794,0.023016099719727862,0.08205723040849487,0.02070532147833794
2024-08-23,0.013062516150971608,0.02674765891440428,0.008126586095531995,0.02070532147833794,-0.08150946085715392,0.018621072818872157,0.0029504566123778977,0.004836764199049123
2024-08-26,-0.00022728930777958265,0.012422474330650286,-0.0028829766561989266,0.004836764199049123,-0.21015858105062368,0.015305450986849243,-0.2577017241792003,-0.004079429053389504
2024-08-27,-0.021451320561741337,-0.003095888527518114,-0.02241461899238067,-0.004079429053389504,0.32343874960569263,0.0193187304648625,0.09377432700486245,-0.020264575109283763
2024-08-28,-0.009011051374366655,0.0037023747747957645,-0.026230612279288162,-0.020264575109283763,0.7330044160130886,0.029932987054083923,0.8458983538987636,-0.007326830541568093
2024-08-29,0.04571389341939701,0.04917640757331927,-0.010171271175033088,-0.007326830541568093,0.2641299483132263,0.05934767874835244,0.87198125500169,-0.01612090309931149
2024-08-30,0.0016716600863481228,0.008214852478464941,-0.023662093509340086,-0.01612090309931149,-0.30827008957963586,0.03187694598780501,0.29568978721701056,-0.01932348699662798
2024-09-03,-0.0011077655246688055,0.0031189292763293157,-0.025064348438583267,-0.01932348699662798,-0.5291086167751953,0.02818327771491258,-0.37168832472011093,-0.001533081715119158
2024-09-04,-0.006430355370164706,0.005708091987272501,-0.011759568990023594,-0.001533081715119158,-0.27405517295897364,0.01746766097729603,-0.6972416233797436,-0.006318358796929484
2024-09-05,-0.006887346384940536,0.003305284706618194,-0.010879350285338258,-0.006318358796929484,-0.14196557969241452,0.014184634991956381,-0.8270745913403735,-0.008773930115180809
2024-09-06,0.00656062926601906,0.015641715829110805,-0.019198196901742053,-0.008773930115180809,0.4271053815603331,0.03483991273085278,-0.24009086493425233,0.007310155689610485
2024-09-09,0.010316721564789863,0.021852365988799007,0.0032737396458656846,0.007310155689610485,-0.310465781889947,0.018578626342933387,-0.32476066751320004,0.0016263182831680687
2024-09-10,0.0055591061123814985,0.0064084659003725165,-0.010019087176115342,0.0016263182831680687,-0.25813681107996683,0.01642755307648775,-0.3765666234292363,0.01375772042052448
2024-09-11,-0.005499356386342627,0.015559185860159941,-0.017002720971828193,0.01375772042052448,0.30774851456144797,0.03256190683198808,0.03924460294965168,0.015111385398277326
2024-09-12,0.007266049378431627,0.018145827563494983,0.0,0.015111385398277326,0.07920967351405252,0.018145827563494983,0.11347598431329248,0.0047250243488238365
2024-09-13,-0.003281226284362943,0.013563483430389675,-0.003637654493174089,0.0047250243488238365,-0.04322204074809265,0.017201137923563873,0.02264336244118724,0.00914996720634423
2024-09-16,0.0,0.012646993984138896,0.0,0.00914996720634423,0.07105120496414133,0.012646993984138896,0.14665878447966188,-0.006717467947783433
2024-09-17,0.007020557282333414,0.00952975160035529,-0.008403939323652321,-0.006717467947783433,0.010453831855591466,0.017933690924007654,0.12408396002065918,-0.010874421773837814
2024-09-18,0.0031690691626422786,0.0036376902691313173,-0.016714784681759548,-0.010874421773837814,-0.20081206819158715,0.020352474950890907,-0.15223429434326477,0.05232472383272579
2024-09-19,0.03231308566827013,0.06558288049979967,0.02201936374674557,0.05232472383272579,0.9100549980769042,0.04356351675305402,0.7728569973909376,0.003040590912168818
2024-09-20,7.526139571214007e-05,0.016147792124849764,-0.017712939375481802,0.003040590912168818,0.03917604948465588,0.03386073150033163,0.6065988414092448,-0.009755059143902097
2024-09-23,0.0016852816171773592,0.004711558654687356,-0.01723919053172386,-0.009755059143902097,-0.6417317636833866,0.02195074918641121,-0.22315946103186562,0.023306062105935804
2024-09-24,0.021047872161009843,0.0307475738317241,0.007841763426017126,0.023306062105935804,0.17033138862778333,0.022905810405707123,-0.07035965430111678,0.013406234996844324
2024-09-25,3.701220342415071e-05,0.02414768000259519,-0.003927230953228655,0.013406234996844324,0.10164967646168187,0.028074910955823765,-0.012826478800253196,0.006074451375247559
2024-09-26,0.007415280753562591,0.016464172382083034,-0.0050475780673178835,0.006074451375247559,-0.4105157197899031,0.021511750449400995,-0.5066175971382907,0.003186117264139331
2024-09-27,0.0018115289991092883,0.007514437633074378,-0.0025417108114458528,0.003186117264139331,-0.006358927237256192,0.010056148444520198,-0.3710184321917801,-0.01064795437226196
2024-09-30,-0.009771422342478445,-0.003258717558822271,-0.027485330146016767,-0.01064795437226196,-0.03120936579498535,0.024226612587194534,-0.22184223260616107,-0.010430137552888711
2024-10-01,0.0015698577234020176,0.00361051702492891,-0.01479596023814771,-0.010430137552888711,-0.1465670674537123,0.018406477263076516,-0.3370735733061636,0.03129179003304779
2024-10-02,0.010466707582883546,0.04026808797702193,-7.379832251316757e-05,0.03129179003304779,0.6667720507886452,0.04034188629953499,0.4250834778604082,0.005103573376592311
2024-10-03,-0.0017548691125262943,0.005850834075507938,-0.006281314710178706,0.005103573376592311,-0.7886711914784519,0.012132148785686664,-0.38465235442720125,0.024057701231260317
2024-10-04,0.010446760895934545,0.02454416724347536,0.0019915279306495395,0.024057701231260317,0.46033745174068386,0.022552639312825768,0.1256541904844149,-0.011112752867838393
2024-10-07,-0.004074365168635754,0.001458582762902032,-0.015303277235293499,-0.011112752867838393,-0.24566729539528967,0.016761859998195475,-0.15311745835916488,0.024300844569267562
2024-10-08,0.005012516085698924,0.02792973433198384,-0.001652984390324121,0.024300844569267562,0.08329901433376666,0.02958271872230802,-0.06028863733358949,-0.012597428895614575
2024-10-09,-0.0025755950333671697,0.0,-0.015519263515044226,-0.012597428895614575,-0.07162528627675255,0.015519263515044266,-0.1618600854204742,0.007784293992524682
2024-10-10,0.0,0.00799103953450835,-0.011527770307842399,0.007784293992524682,-0.20155291872184225,0.01951880984235085,-0.22599712320961407,-0.007159341124442131
2024-10-11,-0.003313966112655451,0.00024112887971655103,-0.013426834933465887,-0.007159341124442131,-0.09753178582775032,0.013667963813182379,-0.32742792516996005,0.012212551890145673
2024-10-14,0.006297405894033386,0.014986090353720088,0.0005204958732793325,0.012212551890145673,0.012570094373736023,0.014465594480440833,-0.20781848394478303,-0.011345173937574702
2024-10-15,0.006221099495443675,0.006629913625145436,-0.012559735030088887,-0.011345173937574702,0.05561065983445163,0.019189648655234356,-0.09944714838230853,0.008666960158600136
2024-10-16,-0.002778325520554082,0.008873320213984688,-0.014391233018353046,0.008666960158600136,-0.09637546084043565,0.023264553232337747,-0.12971801138875347,0.0008591509114322878
2024-10-17,0.0037747759289305967,0.008490331947368734,-0.002616289220351532,0.0008591509114322878,-0.21162874642609256,0.011106621167720206,-0.2709060969696158,0.006266665925819711
2024-10-18,0.0031896561488149833,0.01229064068814148,-0.00330314269760064,0.006266665925819711,0.08721453656334016,0.015593783385742122,-0.1205348044994466,-0.005648454383994392
2024-10-21,-0.0135411301118801,-6.823819048300252e-05,-0.016868429177899245,-0.005648454383994392,-0.12958366367200894,0.016800190987416152,-0.22045321437413942,-0.0102137529077317
2024-10-22,-0.005300881620456868,0.00222894622481269,-0.012574921749564674,-0.0102137529077317,0.13352678448885905,0.01480386797437745,-0.03035927023089788,-0.013618459085123245
2024-10-23,-0.002083032341848455,-0.00010404862965007876,-0.02000238905493937,-0.013618459085123245,0.040149532088595924,0.019898340425289207,0.05791224278492997,0.008158511192254074
2024-10-24,0.007460777945234908,0.01562808175458577,0.002633382323717288,0.008158511192254074,-0.005094919219669383,0.012994699430868397,0.0707006769272553,0.012820180721356633
2024-10-25,0.011235259940802681,0.026225803311490617,0.007192570210242953,0.012820180721356633,0.042829508746425174,0.019033233101247802,0.08839691506274377,0.01133126708827184
2024-10-28,0.01075247376782759,0.019130093829083646,0.0069646009043311105,0.01133126708827184,0.14336737929537294,0.012165492924752414,0.21474389970296992,0.017278550884987882
2024-10-29,0.0007826564893359356,0.022983386773971538,-0.003273184677776797,0.017278550884987882,0.10143067767644112,0.026256571451748298,0.24474434631113026,-0.00836578890455972
2024-10-30,-0.006107835811665685,0.0021723313567297443,-0.008534452904854115,-0.00836578890455972,-0.4150773504892938,0.010706784261583816,-0.23841638395253106,-0.01711595239636416
2024-10-31,-0.01290336338416135,-0.0010464230349560499,-0.02338192131660552,-0.01711595239636416,0.4199943426269871,0.022335498281649505,0.20416421975296997,0.011431836775440664
2024-11-01,-0.003920170491094396,0.019104514886772003,-0.004712997452889703,0.011431836775440664,-0.19844413501536348,0.02381751233966159,-0.05463850794119844,0.011101318549962672
2024-11-04,0.011034138914870307,0.018356513119895588,-0.006126177175020827,0.011101318549962672,0.3701989560999187,0.02448269029491623,0.3061407061919022,-0.00174649761018519
2024-11-05,-0.001914543577615891,0.0026808359715466087,-0.011033497106711981,-0.00174649761018519,-0.13651441681987228,0.013714333078258681,0.10576204346403331,0.031141363589426173
2024-11-06,0.024931198458784012,0.03653572783908674,0.01858324794808005,0.031141363589426173,0.2764150945838849,0.01795247989100691,0.37346462869629143,0.01256332069266532
2024-11-07,0.001953145508518631,0.017090042901020473,-0.002936839785673095,0.01256332069266532,-0.026265791037002335,0.020026882686693618,0.20677353849832716,0.03531102946939521
2024-11-08,-0.0024161993776699964,0.03797864485657968,-0.004321042276033078,0.03531102946939521,0.39387665111442866,0.0422996871326128,0.5413800108110618,0.05962469182896295
2024-11-11,0.010197825492500397,0.06880025269676904,0.010197825492500397,0.05962469182896295,0.4974806395359386,0.05860242720426856,0.8558743760250738,-0.0016987383586475175
2024-11-12,-0.007165759631764759,0.02064966987146657,-0.009467320866765784,-0.0016987383586475175,-0.5998077197274384,0.030116990738232298,-0.005060479888826404,0.0016694464852202906
2024-11-13,0.012670397837294987,0.020426069436025426,-0.007000866758990874,0.0016694464852202906,-0.10403120533344526,0.027426936195016387,-0.18903526854742947,-0.029911514287569527
2024-11-14,0.0021047751480773366,0.01244708320207445,-0.0324172489019863,-0.029911514287569527,0.10022486600276856,0.04486433210406076,-0.11316579400475764,-0.019455285043721293
2024-11-15,-0.014334119267803097,-0.004199924963732628,-0.02278128307711288,-0.019455285043721293,-0.0730580969440632,0.01858135811338015,-0.22991375802861913,-0.009297250705062278
2024-11-18,0.00533527837289441,0.00533527837289441,-0.015647888653825638,-0.009297250705062278,-0.5120952860653534,0.02098316702672003,-0.7103242348333253,0.0036550427543864637
2024-11-19,-0.010136539034452191,0.00757407488430177,-0.019585428232384704,0.0036550427543864637,0.2522472385765352,0.02715950311668646,-0.20393913259467314,0.00699406518787516
2024-11-20,0.005734433847144292,0.011772307267635904,-0.004400053283792759,0.00699406518787516,-0.373910959238682,0.016172360551428698,-0.510324900577308,0.030479430211268175
2024-11-21,0.017198487192824016,0.051578762108194676,0.008864474415910964,0.030479430211268175,0.7986113177918761,0.042714287692283484,0.393814250850676,0.01841300279019249
2024-11-22,0.009396459918400874,0.02072017073215764,0.0,0.01841300279019249,-0.39241134845529685,0.02072017073215764,-0.02427201759339714,-0.008544687436947024
2024-11-25,0.008675234268340536,0.01690218715303212,-0.010965641716605853,-0.008544687436947024,0.23096504482151542,0.027867828869637807,0.2578608473363676,0.01193057418919501
2024-11-26,0.008427792620019373,0.013764676776935249,8.854934580062087e-05,0.01193057418919501,-0.460038274241244,0.013676127431134643,-0.3013502550368927,-0.039132082891660085
2024-11-27,-0.01977582362079931,-0.017045163510363604,-0.04256211207885382,-0.039132082891660085,0.5086196667900105,0.0255169485684902,0.239977892089121,-6.0665246230706624e-05
2024-11-29,-0.002032345953294732,0.005981831941903233,-0.008398581833597948,-6.0665246230706624e-05,-0.7533168433148474,0.014380413775501083,-0.6321683838522294,0.003086294526198427
2024-12-02,0.006072647539111917,0.013574558190906612,0.0003635664988557514,0.003086294526198427,0.5444917599692393,0.013210991692050979,0.07066825245019959,0.0012679879381646635
2024-12-03,-0.010965969608921782,0.005393056363696496,-0.02248594977043878,0.0012679879381646635,0.73399424320944,0.027879006134135298,0.7901132063132199,0.10431299777310522
2024-12-04,0.10142739232669003,0.1073800401987877,0.07333828776884715,0.10431299777310522,0.6718774854353184,0.03404175242994058,1.286006955322586,-0.017799551819586472
2024-12-05,-0.019461250718823552,-0.006600097285704658,-0.03091857942878089,-0.017799551819586472,-0.8155246928015307,0.02431848214307616,0.005360665645685814,0.0016865103619519884
2024-12-06,0.009939879395777113,0.015840417478322814,-0.0008028251969173228,0.0016865103619519884,-0.645350180360954,0.016643242675240092,-0.701815007231548,-0.02920770138570089
2024-12-09,-0.0008013874501088407,-0.0008013874501088407,-0.031428781977793176,-0.02920770138570089,0.12068105324962548,0.030627394527684475,-0.6187880334132824,-0.007852807933857465
2024-12-10,-0.0006259637616914612,0.011088233210043732,-0.01184567398824867,-0.007852807933857465,-0.0707042081269768,0.022933907198292386,-0.6963163619152591,0.017139131333609506
2024-12-11,0.013299117929394838,0.032103415793795956,0.008734171423178812,0.017139131333609506,0.22385273124696692,0.02336924437061714,-0.3570053692934979,0.008921596191690875
2024-12-12,0.00042260730415462534,0.014408849278894503,-0.005453741769827758,0.008921596191690875,-0.33063237962911785,0.01986259104872229,-0.30384364862550467,-0.010444549112067984
2024-12-13,0.016537089273788587,0.018732446374967168,-0.015566156110628752,-0.010444549112067984,0.02116867367229639,0.034298602485595936,-0.11984342914264402,0.008207633541150311
2024-12-16,-0.010012986400860202,0.010556289217144053,-0.010640360368031492,0.008207633541150311,-0.010108703812426944,0.021196649585175545,-0.12349542798614083,-0.017679109586330694
2024-12-17,-0.0009242493973926418,0.0,-0.022992845963315415,-0.017679109586330694,0.2315896241729142,0.02299284596331539,0.14062514220160097,-0.03993553048574305
2024-12-18,0.010007592766478385,0.010768908008612951,-0.04585408910524868,-0.03993553048574305,0.19511736074001068,0.05662299711386171,0.30691667063085987,-0.0029697404517562568
2024-12-19,0.013167972125695837,0.018509217819986476,-0.0053519537278866915,-0.0029697404517562568,-0.12359453259691432,0.023861171547873226,0.15607842874095593,0.021828197538560978
2024-12-20,-0.01043410738572451,0.02994306103979692,-0.015254191352352573,0.021828197538560978,0.6988894786777213,0.04519725239214947,0.7938448974820479,-0.002184838137586554
2024-12-23,-0.00408221563820719,0.0005818537095975141,-0.020490777217633937,-0.002184838137586554,-1.0301191301580366,0.021072630927231602,-0.4818138080837232,0.004452013839898624
2024-12-24,0.00029160549676092245,0.005960672710766221,-0.006055061816417836,0.004452013839898624,-1.079528342870762,0.012015734527183936,-1.557813254482464,-0.007899163653427453
2024-12-26,0.001305689087805899,0.001305689087805899,-0.009920409135139693,-0.007899163653427453,0.6541009414176567,0.011226098222945641,-0.7774539205295483,-0.009615284833575615
2024-12-27,-0.0040171740286336416,0.0016081753223117637,-0.019055547269459086,-0.009615284833575615,-0.07847454487524441,0.020663722591770878,-0.7169669256343656,-0.00803938521467454
2024-12-30,-0.014823497074471755,-0.0010051640218894035,-0.020416871573893106,-0.00803938521467454,0.057529244478948215,0.01941170755200375,-0.5231141495521591,-0.0042085328161225255
2024-12-31,0.0015773542225619211,0.004190895269926582,-0.009967864025923028,-0.0042085328161225255,-0.11979320455647258,0.014158759295849612,-0.13148617635556653,-0.011037820792927396
2025-01-02,0.005904857408804678,0.013635641958171062,-0.01969432418813958,-0.011037820792927396,0.4628523763249116,0.033329966146310605,0.47470021019834724,0.00675145804824782
2025-01-03,0.004345478562898526,0.008372278248473324,-0.004212618670107532,0.00675145804824782,-0.15881437787727662,0.012584896918580895,0.13324440980112184,-0.0071447032092689655
2025-01-06,0.0033587122856448596,0.011053173642952985,-0.017026056355297674,-0.0071447032092689655,0.3440406037413535,0.028079229998250573,0.4434369514491533,-0.01708767106248592
2025-01-07,-9.076374558750754e-05,0.002930386588588582,-0.023323765071326205,-0.01708767106248592,-0.219937970950466,0.02625415165991483,0.09409319970588238,0.006044543084427126
2025-01-08,0.008610829346368516,0.011839874081174082,-0.005616974788871976,0.006044543084427126,-0.20349127436418235,0.017456848870046098,-0.16606550766411907,-0.028074702474348866
2025-01-10,-0.012714333822979797,-0.012714333822979797,-0.033848827100578155,-0.028074702474348866,0.5460461932286031,0.021134493277598244,0.3464651188383931,0.003830944818997175
2025-01-13,-0.010277582559867335,0.00845863976682492,-0.012823791186662478,0.003830944818997175,-0.35558335994212026,0.021282430953487263,-0.08137986863029194,0.013912242908342094
2025-01-14,0.018414644925819453,0.033500289743406506,0.007587006273756099,0.013912242908342094,0.25854692036619215,0.02591328346965036,0.15797024887852862,-0.0073833275930200405
2025-01-15,0.019406186454678453,0.024395519274511383,-0.008567254208449672,-0.0073833275930200405,0.01795020603747872,0.032962773482960964,0.17002224170462535,-0.0036184569254677887
2025-01-16,0.005527102294172518,0.02022013627920948,-0.005025734823642299,-0.0036184569254677887,-0.1799182379347677,0.02524587110285196,-0.06335039359932519,0.014149415582216135
2025-01-17,0.026885332494886307,0.029467800905110125,0.0095480448858135,0.014149415582216135,0.22218820476988893,0.019919756019296728,0.11306119142109497,0.007000331935924508
2025-01-21,0.014802387838359991,0.015166605411437755,-0.006522288062473733,0.007000331935924508,0.014739495868799385,0.021688893473911543,0.1362344378329783,0.017529939250228253
2025-01-22,0.01340263398851899,0.025346152870426464,0.001345326579386749,0.017529939250228253,0.12642301082075885,0.024000826291039685,0.19968577801966872,0.006114419447061962
2025-01-23,-0.0008722718138076903,0.008502016232214506,-0.009120866008877045,0.006114419447061962,-0.5107521574892744,0.01762288224109168,-0.3546457509092528,-0.0023334404022141253
2025-01-24,0.004888480438978819,0.011852005628630324,-0.00861283759076429,-0.0023334404022141253,-0.2778815439632017,0.02046484321939479,-0.5766716011676383,0.03883127884506599
2025-01-27,-0.004562986884218204,0.05611121696487342,-0.010175002315248172,0.03883127884506599,1.5575302267493454,0.06628621928012166,1.0422551186193616,0.036352226376386604
2025-01-28,0.021856720762261708,0.05599409916973562,0.009633612446200035,0.036352226376386604,-0.2580323310626282,0.04636048672353554,0.49240841435558724,-0.016668253694667172
2025-01-29,-0.0033114983581440426,0.000638719328480203,-0.023755455577722094,-0.016668253694667172,-0.6578976993869952,0.024394174906202215,-0.30891842604213365,-0.02990601634404795
2025-01-30,-0.037707751894040485,-0.017094433359300068,-0.040351295523567345,-0.02990601634404795,0.19172660814020617,0.023256862164267183,-0.09365735917615585,-0.005457701944070038
2025-01-31,0.012811582984747794,0.017112664884138394,-0.010151186830338723,-0.005457701944070038,-0.2729189063987461,0.027263851714477105,-0.44132750672897514,-0.007225402138931046
2025-02-03,-0.01691132094957527,-0.0007026780272336062,-0.03102959984140661,-0.007225402138931046,-0.23906224590841912,0.030326921814172993,-0.7341087881412466,0.014340801183629301
2025-02-04,0.018632098791429307,0.022415216671934756,-0.0016815711167292382,0.014340801183629301,0.08753877998168144,0.024096787788664073,-0.3794186042849368,0.010952695174733016
2025-02-05,0.004580608524983827,0.011268846359019896,-0.015432055292540832,0.010952695174733016,-0.09380092780483784,0.026700901651560666,-0.2543112359272056,-0.05045710400647724
2025-02-06,-0.030495007213649897,-0.030495007213649897,-0.05563961456971165,-0.05045710400647724,1.0745546583901437,0.025144607356061718,0.8819966516761236,-0.015168453309416723
2025-02-07,0.003590783857877974,0.009057762432283562,-0.021665236660248482,-0.015168453309416723,-0.5517112923188586,0.030722999092532025,0.1428537471492452,0.004195910286950156
2025-02-10,0.006393985395089187,0.01800594146312295,0.0025135108523804007,0.004195910286950156,-0.2428383311328423,0.015492430610742526,-0.1543880344277866,-0.008594338609669364
2025-02-11,-0.00976643366019957,-0.002325469956219876,-0.018320847508637998,-0.008594338609669364,-0.09204065132346556,0.015995377552418113,-0.28665146402656844,0.005288093395794242
2025-02-12,-0.015063585530876994,0.007982867470778827,-0.023170167400390438,0.005288093395794242,0.03378912882879641,0.031153034871169112,-0.26626590679869405,0.01137262735052357
2025-02-13,0.0002453307865668578,0.01288732012953199,-0.008932187125077115,0.01137262735052357,-0.2690616963238352,0.021819507254609148,-0.5653512294756615,-0.010085545306703554
2025-02-14,-0.005532960277853221,-0.0041011862481273005,-0.02216287925802312,-0.010085545306703554,0.31008071576838064,0.018061693009895935,0.012979080788862911,0.0073836579850912205
2025-02-18,0.0062582829927555015,0.007991486997044087,-0.010900155643432365,0.0073836579850912205,-0.11097555358234341,0.01889164264047654,-0.03592910275528683,-0.013558158818757137
2025-02-19,0.0023682986657149823,0.0023682986657149823,-0.01868638654738081,-0.013558158818757137,-0.04869514958462182,0.021054685213095756,-0.057877318264161315,-0.01897533039622974
2025-02-20,-0.007081398807666156,-0.0002464993414791467,-0.019666462700025183,-0.01897533039622974,0.2433842467369877,0.019419963358546,0.2023656235047321,-0.027475759056367288
2025-02-21,0.001694410666115781,0.001694410666115781,-0.037011077855684034,-0.027475759056367288,0.1399163088557701,0.038705488521799905,0.3139725447405513,-0.004788660158519883
2025-02-24,0.005504583210446299,0.00941334501184638,-0.020479418589512112,-0.004788660158519883,-0.10008274279295996,0.029892763601358428,0.10662893739506676,-0.007945344282118334
2025-02-25,-0.00673646656236946,0.00032430554537456673,-0.025291235958700094,-0.007945344282118334,0.10102066977138507,0.025615541504074624,0.182118862700761,0.004729161011908801
2025-02-26,0.02192346572274338,0.025244269970517576,0.0018617656262320925,0.004729161011908801,0.5406741911856839,0.02338250434428549,0.656632490870645,-0.04128575002676568
2025-02-27,-0.03641461372830459,-0.007872553994115341,-0.048876304847191965,-0.04128575002676568,0.2781459059295193,0.041003750853076594,0.7255562011155002,0.009953729442276068
2025-02-28,0.0035879860611379424,0.023724531272971357,-0.009368947015603904,0.009953729442276068,-0.4295218917508067,0.03309347828857521,0.06896065284201891,-0.01621266668746676
2025-03-03,0.01052024018226861,0.017373801530100423,-0.02306060146940975,-0.01621266668746676,-0.5451078466817312,0.04043440299951031,-0.5430898127039259,-0.01971118704143182
2025-03-04,-0.010496434898620507,-0.00482292560702897,-0.03761961966114306,-0.01971118704143182,0.36760385914702925,0.03279669405411415,-0.16892089457498177,0.015984890607378503
2025-03-05,-0.00041769395517265843,0.018413666153456167,-0.0060039319084067184,0.015984890607378503,-0.318890817491285,0.024417598061862982,-0.5195435234593003,-0.020484483405016945
2025-03-06,-0.012892250801673936,0.02071080036077234,-0.02475859751915394,-0.020484483405016945,0.45252114654922987,0.045469397879926335,0.04771963858684246,-0.011108396755489887
2025-03-07,-0.01008386604742639,0.007869703625625031,-0.03877744075302991,-0.011108396755489887,-0.23151519570017276,0.04664714437865514,-0.04796943650587787,-0.03595277593568007
2025-03-10,-0.021148979804211668,-0.016178844727577912,-0.04397310035762322,-0.03595277593568007,0.19661416359143008,0.027794255630045242,0.21098691154248173,0.015092545903705921
2025-03-11,0.003000285195075253,0.02729009413203176,-0.00330333905290264,0.015092545903705921,-0.18872836358608375,0.030593433184934328,-0.06579774193955093,0.026816410680545903
2025-03-12,0.017177084930169013,0.03154904874961184,0.007336346074363649,0.026816410680545903,-0.10779060498453913,0.02421270267524832,-0.15579572686176238,-0.04616867107436005
2025-03-13,-0.008930045026838813,-0.0071234531578678855,-0.05351875779490779,-0.04616867107436005,0.24063461777005593,0.046395304637039926,0.06550670783169908,0.027798734118988398
2025-03-14,0.011925406807779355,0.029551030315424026,0.003453228775667797,0.027798734118988398,-0.3081079915367477,0.026097801539756278,-0.2220989892655513,0.004820168640772372
2025-03-17,-0.007292087629362763,0.011847992510874178,-0.011953794825147197,0.004820168640772372,-0.44202228452517356,0.023801787336021545,-0.6345043203133189,-0.0072209828815581875
2025-03-18,-0.002603603662857869,-0.0008908686558015713,-0.017281133991066962,-0.0072209828815581875,0.2712634282495061,0.016390265335265313,-0.22239178539434865,0.0023650968947513387
2025-03-19,-0.004422677550505174,0.012443302217980217,-0.005179689976367558,0.0023650968947513387,-0.11449433372282014,0.017622992194347948,-0.26839383984611026,-0.001289409084069947
2025-03-20,-0.008374627213845125,0.012414089078606538,-0.008374627213845125,-0.001289409084069947,0.04825077072878126,0.02078871629245161,-0.15327987577400973,0.005682125018086649
2025-03-21,-0.010157883516135287,0.010055737635099331,-0.018008771598631918,0.005682125018086649,0.5771983927553674,0.028064509233731175,0.5567181429800627,0.0188504874513597
2025-03-24,0.011056867900564019,0.021644239473954534,0.009222561539238295,0.0188504874513597,-0.3712158032358444,0.012421677934716309,0.08961308272689819,0.009224334001870498
2025-03-25,-0.001224718447319402,0.015579575449413697,-0.001224718447319402,0.009224334001870498,-0.45257456888943737,0.01680429389673311,-0.4340926338959718,-0.026757198261449323
2025-03-26,-0.0009359183358986632,0.0014888713835036148,-0.03178781600424788,-0.026757198261449323,0.16438969404318893,0.033276687387751636,-0.22094244418602824,-0.011381628752993693
2025-03-27,-0.0016026990071824293,-0.0003203343757743003,-0.01788191443127751,-0.011381628752993693,-0.2997259883119317,0.017561580055503106,-0.5151153557189246,-0.028626571768957706
2025-03-28,-0.003967422521065754,-0.002162107128139888,-0.031519958957019936,-0.028626571768957706,0.2804297117051752,0.02935785182887998,-0.17750777466611437,-0.005981538125931793
2025-03-31,-0.020280623028076587,-0.0056461238947430464,-0.040749453329253844,-0.005981538125931793,0.4221743677203714,0.035103329434510645,0.4221984963743556,0.006833162594199279
2025-04-01,0.001861435432931412,0.009125112489618083,-0.009509892563171786,0.006833162594199279,-0.500613155996071,0.018635005052789907,-0.11093669313724071,0.004947018936647923
2025-04-02,-0.01581658129820347,0.01261437600089764,-0.016606453481802022,0.004947018936647923,0.16015979208484313,0.029220829482699464,0.03774702700770418,-0.061944406959619655
2025-04-03,-0.04288948569509055,-0.03359174859705109,-0.06500514859921173,-0.061944406959619655,0.4971431616029592,0.031413400002160724,0.5223996827197942,-0.05836451881725071
2025-04-04,-0.029946758505952405,-0.019544863923147544,-0.06348641781032573,-0.05836451881725071,0.08967334036547235,0.04394155388717818,0.43441491499041057,0.014227974507674972
2025-04-07,-0.04572125494044136,0.0493912648096401,-0.04572125494044136,0.014227974507674972,0.20936122001963683,0.0951125197500814,0.5035282967120346,-0.00090127501062819
2025-04-08,0.03910884685878211,0.05256396290862829,-0.016265229585695578,-0.00090127501062819,-0.2476640650013457,0.06882919249432372,0.14153894508188916,0.08324391701849224
2025-04-09,-0.012745379076162047,0.0944938944789106,-0.012745379076162047,0.08324391701849224,0.2906780190766118,0.10723927355507265,0.3215888692550493,-0.038637176816651436
2025-04-10,-0.019689549363648185,-0.014931692726533783,-0.06641835832880656,-0.038637176816651436,-0.25368463487704374,0.05148666560227278,-0.07764443538970582,-0.0004704584040982378
2025-04-11,-0.0033372921912249017,0.005043736565752556,-0.0295964427324592,-0.0004704584040982378,-0.4648478912123956,0.03464017929821185,-0.558021951058776,-0.0017662528212467608
2025-04-14,0.019418085857101516,0.019418085857101516,-0.0073208522052464085,-0.0017662528212467608,-0.008394471703512336,0.02673893806234794,-0.4960178645643631,0.0014916766022986005
2025-04-15,-0.0007074115488672425,0.008488709219420177,-0.0029507250326297127,0.0014916766022986005,-0.1441179821280164,0.011439434252049949,-0.5128122864946104,-0.020168270622473415
2025-04-16,-0.011837726865661634,0.0065683965596036635,-0.032856471391907546,-0.020168270622473415,0.31884492695702704,0.03942486795151112,-0.09501304299972263,-0.010380305954368962
2025-04-17,-0.00028018680891949874,0.006860821653232337,-0.01224239392046484,-0.010380305954368962,-0.255977991708129,0.019103215573697277,-0.20705987987467991,-0.04550752209276589
2025-04-21,-0.02801143593714659,-0.019521177232936997,-0.06038953243380756,-0.04550752209276589,0.5067035396097863,0.040868355200870614,0.42803610927218433,0.029732222297503528
2025-04-22,0.008303705371174136,0.03313659313338083,-0.0027973925861753436,0.029732222297503528,-0.2570870877494296,0.0359339857195562,0.07142900430693251,0.028713967393682704
2025-04-23,0.037181707263472086,0.057480240572699876,0.02479382262420016,0.028713967393682704,-0.2053435574606432,0.03268641794849972,-0.16665821382612675,0.055218095388474886
2025-04-24,0.03035546572891057,0.05627533293989157,0.02569702493416386,0.055218095388474886,0.3003699758593232,0.030578308005727556,0.11665737134795137,0.011829989764504285
2025-04-25,7.551287512524087e-05,0.016225737660096176,-0.0018907170575549952,0.011829989764504285,-0.3295248314455417,0.0181164547176512,-0.23175719555349572,-0.008285081297578906
2025-04-28,0.0011193575533265372,0.006141245235016731,-0.017019197621084885,-0.008285081297578906,-0.12698844789465286,0.02316044285610163,-0.3611229191681807,0.007949029558174583
2025-04-29,-0.0009039649157706451,0.011006707341284002,-0.0017708834372803057,0.007949029558174583,-0.4608088333385684,0.012777590778564376,-0.6948401221632167,0.003541605980791077
2025-04-30,-0.011116315410839352,0.004136879877999988,-0.017937061196866274,0.003541605980791077,0.38712265380972916,0.02207394107486624,-0.17148983736524945,0.002304644327285959
2025-05-01,0.01730320260993673,0.021682816205380786,0.001078680246417013,0.002304644327285959,0.11908694360225565,0.020604135958963588,-0.007893660694011597,0.021124571955001673
2025-05-02,0.01886815602520036,0.025622297221952587,0.010783418130361913,0.021124571955001673,-0.18632657129424943,0.014838879091590866,-0.08785988584988592,-0.008946333163150062
2025-05-05,-0.006235744564425273,0.003954751115253837,-0.010120801396604514,-0.008946333163150062,-0.024301792916298713,0.014075552511858293,-0.05423734016184017,0.002673971745858976
2025-05-06,-0.01036048531905619,0.007927933452122598,-0.01511567201007592,0.002673971745858976,0.10389959501815145,0.02304360546219857,0.08429029531804338,0.01765859503067193
2025-05-07,0.0012795662935619209,0.019669286666968773,0.0012795662935619209,0.01765859503067193,-0.09258832350849903,0.01838972037340696,-0.07750591233269058,0.005412416190418578
2025-05-08,0.003516007010712995,0.017175368104811142,0.0005389550882619231,0.005412416190418578,0.1154579260430084,0.016636413016549095,0.05353406534919942,-0.015563311388865523
2025-05-09,0.006698061709354722,0.009747225071031625,-0.02117049336035545,-0.015563311388865523,-0.10228238220186421,0.03091771843138705,-0.030118600944115434,0.047506428004887226
2025-05-12,0.03419192621600698,0.048025626667500314,0.027962073149313173,0.047506428004887226,0.3170441749373533,0.020063553518187106,0.28688967137907484,0.001211114841888291
2025-05-13,0.007519585113961701,0.013481127638889104,0.00038073683389407685,0.001211114841888291,0.12256604551973893,0.013100390804995162,0.33519228847823257,0.005414566509899711
2025-05-14,0.014862842368732069,0.02351352084535971,0.00031117450688331586,0.005414566509899711,0.1663363552255141,0.02320234633847661,0.42033502960049335,6.885479366429943e-05
2025-05-15,-0.004032274130482876,0.004221698035767965,-0.009642467063753237,6.885479366429943e-05,-0.5364080873808208,0.013864165099521325,-0.24758315862358818,0.0013403591166708884
2025-05-16,0.001134266921657264,0.004837652396868296,-0.0035832746624686004,0.0013403591166708884,-0.18673199331151083,0.008420927059336879,-0.42910444115851015,-0.012163628393003105
2025-05-19,-0.010530914043765022,-0.004302562445910172,-0.014669986825506794,-0.012163628393003105,0.4075776264259619,0.010367424379596727,-0.005203349052852927,0.001493834368913381
2025-05-20,0.0015979696796547273,0.0028121515860812514,-0.008449227847708875,0.001493834368913381,-0.3602743408294745,0.011261379433790174,-0.3600875109513739,-0.020269301487375664
2025-05-21,-0.012751911364453352,-0.00149383436891333,-0.024422783596472798,-0.020269301487375664,0.3443381653725245,0.022928949227559517,0.08154095299029589,0.004030461966046243
2025-05-22,0.0007790687783068687,0.014315378346556355,-0.00443806095089261,0.004030461966046243,0.1548434092086135,0.018753439297448892,0.32553195410543984,-0.03698205357854224
2025-05-23,-0.015718161952869375,-0.00950100445335529,-0.04241549324501027,-0.03698205357854224,0.2911610424897111,0.03291448879165513,0.5363286639012256,0.014755310240960228
2025-05-27,0.0001464709633990385,0.01975733286355115,-0.010452401914202096,0.014755310240960228,0.2093902332822996,0.030209734777753284,0.5684307624544912,-0.004193649396630048
2025-05-28,0.001874172541349728,0.005827337055689745,-0.013109165856920218,-0.004193649396630048,0.15213577091263564,0.01893650291260991,0.5662915728144063,-0.033560512698405286
2025-05-29,-0.04611469929154349,-0.030306427870591932,-0.08120871504944542,-0.033560512698405286,0.7878935887673455,0.05090228717885351,1.138277771715785,-0.005823978158077876
2025-05-30,0.004336354998901443,0.010509457543248918,-0.02357867057810715,-0.005823978158077876,-0.8173305198594609,0.03408812812135599,-0.08295667304362375,-0.014232009587217294
2025-06-02,-0.008552920171949249,-0.0059716957316243375,-0.023756547455758,-0.014232009587217294,-0.2960988231439658,0.017784851724133608,-0.46098166745486674,0.010834777334885049
2025-06-03,0.0014514531647744967,0.011892933885193475,-0.0009943393504845512,0.010834777334885049,-0.16162231026632984,0.012887273235678093,-0.6270529007299934,-0.004927565716335602
2025-06-04,-0.0010592774317662447,0.003887012750786248,-0.010834777334884962,-0.004927565716335602,-0.06129062781915445,0.014721790085671179,-0.6448968503080807,0.014972658168395868
2025-06-05,0.0020497199035554563,0.02098131722700095,0.0017843295319182524,0.014972658168395868,0.15898131293958,0.01919698769508257,-0.4061490580962144,0.027214805350012392
2025-06-06,0.010537925852324362,0.02863445258525639,0.003997303517901826,0.027214805350012392,-0.1409022560560089,0.024637149067354484,-0.1914687941548443,-0.008266963920209966
2025-06-09,-0.006065509731548115,-0.0011299140863532718,-0.017825805946882038,-0.008266963920209966,-0.27041711600233065,0.01669589186052869,-0.3482806108380008,-0.014913217979149374
2025-06-10,-0.0006613487651374062,0.00549451931764078,-0.02007154769574484,-0.014913217979149374,0.09666932925273879,0.025566067013385617,-0.16179977783740127,-0.008649624396771406
2025-06-11,0.0010433701149989384,0.004797987812861605,-0.01053172987258345,-0.008649624396771406,0.0401364655279069,0.015329717685445025,-0.07957014937308403,0.0037536172080268222
2025-06-12,-0.004560764087618396,0.011627766004953353,-0.009484153300009847,0.0037536172080268222,0.20394426506008212,0.021111919304963242,0.14725455588640318,-0.032402788357145856
2025-06-13,-0.012934031175674819,-0.004543637936498837,-0.03395195172355846,-0.032402788357145856,-0.050248266664527884,0.029408313787059544,0.11409531544208001,0.02098572457055274
2025-06-16,0.007671815106992722,0.021364636030809698,0.006018991867976561,0.02098572457055274,-0.06503912731679971,0.015345644162833206,0.0446085889325771,-0.004253367668741851
2025-06-17,-0.00011368987438526652,0.02477762542795349,-0.006768339242249325,-0.004253367668741851,0.23850221971209418,0.03154596467020285,0.24176516587123392,-0.012484402583897526
2025-06-18,0.007733672773950556,0.008790511374780539,-0.020337891986489633,-0.012484402583897526,-0.17755800042185638,0.029128403361270174,-0.011172280962343446,0.004345093150029972
2025-06-20,0.004575268696779553,0.012902892214040309,-0.0009252457667441705,0.004345093150029972,0.5222338207381443,0.013828137980784383,0.48395138797755716,0.010609971807382509
2025-06-23,3.840529956144754e-05,0.015646379642043864,-0.0072394511763945,0.010609971807382509,-0.3257885627347721,0.02288583081843852,0.04371291817672587,0.029034212432844687
2025-06-24,0.008693688767418025,0.03715101902204956,0.007677068076360638,0.029034212432844687,0.04528690370859615,0.02947395094568892,0.053092118885299695,-0.01265488662156971
2025-06-25,0.003056086299796726,0.010382126391869681,-0.015572189618236303,-0.01265488662156971,-0.4694910932000419,0.025954316010106046,-0.4700159762712343,0.011067821312886058
2025-06-26,0.0038021032026429886,0.012064663227458037,-0.009757662190498183,0.011067821312886058,0.0992340877108633,0.021822325417956364,-0.30627382276724197,0.00985020892661396
2025-06-27,0.004128259337300329,0.01258948624064519,-0.004850325520674042,0.00985020892661396,1.1759174330827789,0.01743981176131913,0.8900437927123254,-0.002673495815614701
2025-06-30,0.0037963760937776117,0.010767624428233116,-0.0111068020174953,-0.002673495815614701,-0.9342348115532125,0.021874426445728328,-0.22566019599865855,-0.0028644851410103596
2025-07-01,-0.002239536451732479,0.004792478589554059,-0.007546049200889059,-0.0028644851410103596,-0.3113145931852642,0.012338527790443168,-0.5230160730056058,-0.009979430215073843
2025-07-02,-0.0014353816339066827,-0.0007358530512231847,-0.023291512736332523,-0.009979430215073843,-0.02289139724144773,0.022555659685109357,-0.47816295141476595,0.010861650010748956
2025-07-03,0.001818562964768749,0.020297124732683247,0.0004085784298756401,0.010861650010748956,-0.19499970208353684,0.019888546302807727,-0.6739915477016523,-0.008672463924267989
2025-07-07,-0.002354355377137055,0.006774743934889352,-0.014583138552011533,-0.008672463924267989,0.22214937709278204,0.021357882486900796,-0.4172958585600014,0.014168996756918755
2025-07-08,0.0036627457610335632,0.02561428111405401,-0.0002593991332876631,0.014168996756918755,0.05837249842891658,0.025873680247341758,0.032864687011581135,-0.010026271375663512
2025-07-09,0.002591163953985714,0.006955486579363983,-0.015764014211791647,-0.010026271375663512,-0.04413518941795958,0.0227195007911556,0.048855278627728295,-0.025988158960188256
2025-07-10,-7.389734963085804e-05,0.0021016464024905535,-0.028871463724059975,-0.025988158960188256,0.12809190467447815,0.03097311012655044,0.1731059451747955,-0.02260457061818719
2025-07-11,-0.005279718581706037,-0.003871518491234613,-0.025748180339273754,-0.02260457061818719,-0.032747493339487024,0.021876661848039002,0.10395739784605852,0.006219181229702126
2025-07-14,0.0020515956081125016,0.015991128824483853,-0.0022111742280019626,0.006219181229702126,-0.07050486191800706,0.018202303052485876,-0.027313015455946995,-0.008119776227317502
2025-07-15,0.00507033176119833,0.008168964956727547,-0.00947940654339835,-0.008119776227317502,-0.22805696297219047,0.017648371500125916,-0.26280043401868264,0.0014355156797262064
2025-07-16,0.005227427279016297,0.005420581728046829,-0.011950864183239719,0.0014355156797262064,0.08262000013835112,0.017371445911286545,-0.13606645436220782,0.007454189787146249
2025-07-17,0.00015497161388757782,0.008684797978532707,-0.005052549789066898,0.007454189787146249,0.03271844656013594,0.013737347767599616,-0.08072086188712843,0.00957384846153195
2025-07-18,0.0016147603034593872,0.011858020634009833,-0.002928748781803321,0.00957384846153195,0.08907067521740546,0.014786769415813009,0.05384349876185728,-0.0003812225213614251
2025-07-21,0.004714800499575098,0.007328794187661259,-0.0028242841825759624,-0.0003812225213614251,0.050942985434201435,0.010153078370237137,0.12584446772993058,0.0049822210072590165
2025-07-22,0.0027414014365442427,0.01367011376929084,-0.0010681269801234823,0.0049822210072590165,-0.29458127963749065,0.014738240749414168,-0.17482562336633126,0.013677441980426386
2025-07-23,0.0012512260498932174,0.018381612450832384,-0.004143769716800966,0.013677441980426386,0.11673833806797605,0.022525382167633397,-0.051346311289458,0.0017947023970685634
2025-07-24,0.0028400981283764042,0.007753660759900589,-0.005930229912449485,0.0017947023970685634,0.044607231660450046,0.013683890672350136,-0.0057651128697918975,0.005253167390261882
2025-07-25,0.0011573335591285076,0.01262078289253554,-0.0025808486695530907,0.005253167390261882,-0.38092647413250125,0.015201631562088648,-0.38803392581468527,0.004227293003081454
2025-07-28,0.0014482268328157245,0.0045602489931355576,-0.009408279589326135,0.004227293003081454,0.1214014143186957,0.013968528582461769,-0.18331730382422806,-0.01063913492554188
2025-07-29,0.00498296163766663,0.013780649868752543,-0.010938432058941376,-0.01063913492554188,0.12495033475437776,0.024719081927693915,0.025120669387981957,-0.009695743112988858
2025-07-30,-0.0019466914459894229,0.00142004046074523,-0.015300374100825551,-0.009695743112988858,-0.2683074122174508,0.016720414561570713,-0.24858965410792871,-0.024774793083602104
2025-07-31,0.0007172475054352862,0.0008682117509746112,-0.026595833305812496,-0.024774793083602104,0.6251984080328307,0.02746404505678715,0.44617897256743355,-0.02982121780149681
2025-08-01,-0.013013435151323796,-0.009099382722071472,-0.03225698316698853,-0.02982121780149681,0.04092062322711928,0.023157600444916944,0.4266760681766521,0.006281584646539688
2025-08-04,0.0010363715360958469,0.010947255435549828,-0.00039892338692398735,0.006281584646539688,-0.5519006576895367,0.011346178822473678,-0.26108649219679086,-0.019327952894652937
2025-08-05,0.00273083968461984,0.0038368986006489655,-0.021269352842450438,-0.019327952894652937,0.4287711288451637,0.025106251443099418,0.17224968589648712,0.006765187737478805
2025-08-06,0.007567518389640133,0.01113015613950567,-0.0019008770416944266,0.006765187737478805,-0.1473479575735085,0.013031033181200115,-0.03059641163889525,-0.03383648264084905
2025-08-07,0.006081738709656037,0.015293604841793918,-0.05020183108931784,-0.03383648264084905,0.5397817226124789,0.06549543593111173,0.44773167311998174,-0.0015372585608837597
2025-08-08,0.0017005973149948612,0.008556743846448934,-0.012742764011592033,-0.0015372585608837597,-0.1274901442074146,0.021299507858040995,0.24007281408338912,-0.03309755831840651
2025-08-11,-0.0066328856830973,0.005638725664679125,-0.037879410624918515,-0.03309755831840651,0.19786997108423965,0.04351813628959759,0.40487683227920157,-0.0043932922525928885
2025-08-12,0.001374366000786728,0.004245768198982065,-0.027007465625898022,-0.0043932922525928885,0.20456437246729184,0.031253233824880086,0.44656222014802566,0.022915914940436318
2025-08-13,0.005810552212544935,0.024265075400260037,-0.008888575150179311,0.022915914940436318,-0.25525949793929087,0.0331536505504392,0.04961819172293394,-0.015561554289016552
2025-08-14,-0.00012656911762623754,-0.00012656911762623754,-0.017706373275588987,-0.015561554289016552,-0.30243069030479924,0.017579804157962814,-0.33904213245056014,0.03812911118948961
2025-08-15,0.011842014532458187,0.046590152951185966,0.005384670128580099,0.03812911118948961,0.5396810647252985,0.04120548282260585,0.2483191261869065,0.006291004764724383
2025-08-18,-0.011074118820554216,0.008542855480142534,-0.012242581890488893,0.006291004764724383,-0.3847430190502376,0.020785437370631415,-0.21507219693832108,0.008286264014407822
2025-08-19,0.0042129386267721275,0.018397573618728454,-0.0021337018247053687,0.008286264014407822,-0.019139449889627194,0.020531275443433913,-0.1982167116697279,0.0018275848361558745
2025-08-20,-0.0012202688258962178,0.006361863955266679,-0.006320759391888348,0.0018275848361558745,-0.053120765349091235,0.012682623347154958,-0.16130942724981515,-0.002518873188156825
2025-08-21,-0.0057376856430654925,-0.0006494446194923904,-0.02643684976478647,-0.002518873188156825,-0.37244740165597306,0.025787405145294182,-0.49102544741247584,0.009957143220056168
2025-08-22,-0.0002034256905602246,0.014938895971856636,-0.007021301703372576,0.009957143220056168,0.17016740501037025,0.021960197675229234,-0.27884686734040465,-0.0016929953203788965
2025-08-25,0.004340326936796664,0.004340326936796664,-0.006059645433439869,-0.0016929953203788965,-0.30031449452544173,0.010399972370236625,-0.4268799547373934,-0.016802289547700834
2025-08-26,-0.004731384315047765,0.003865544252740945,-0.020460401555423544,-0.016802289547700834,0.5808644010950026,0.024325945808164415,0.2608887617018951,0.025998621856315605
2025-08-27,0.008212653094937447,0.026837698306920545,0.007642808609171883,0.025998621856315605,-0.3089431722782422,0.019194889697748834,-0.05448143252280163,0.017317974651458776
2025-08-28,0.009231292946877294,0.02170856986285509,0.0005194909690859164,0.017317974651458776,0.2626278552012616,0.02118907889376922,0.2585329144689293,0.0067348280125048825
2025-08-29,0.0034122172604571037,0.012144616094799216,-0.006543199072188787,0.0067348280125048825,-0.13899638667194844,0.018687815166987847,0.03689573439641242,-0.01331755215507374
2025-09-02,-0.0055960881566681385,-0.004929180206756908,-0.02970515441391581,-0.01331755215507374,0.23486296284676822,0.024775974207159004,0.2530825869091199,0.014097783137776074
2025-09-03,0.008662823729319412,0.020123606624073323,-0.009177464711575881,0.014097783137776074,0.6261408293611117,0.029301071335649055,0.7654837454460903,-0.04972457588741098
2025-09-04,-0.0660448795081052,-0.04477798965308758,-0.08896659816932448,-0.04972457588741098,0.5754398543794284,0.04418860851623682,1.1492974902031152,0.027287098951796682
2025-09-05,0.0033549140802340664,0.02876156723553123,0.0014333647314126346,0.027287098951796682,-0.8657299249521886,0.027328202504118517,-0.12094250663432017,0.006003674949274506
2025-09-08,0.00015953642715302093,0.00865603160424066,-0.0138940976320288,0.006003674949274506,-0.033336940603354015,0.02255012923626935,-0.21455909619779484,-0.0008328147254486661
2025-09-09,-0.0037729027712344832,0.012096016601133994,-0.004210690003979195,-0.0008328147254486661,-0.1449343159195305,0.01630670660511325,-0.424427629730859,-0.03837678601215429
2025-09-10,0.0027337131770490903,0.007627773068724375,-0.04184576158003927,-0.03837678601215429,0.04147817852766573,0.04947353464876366,-0.4018435064503732,0.015178736375065862
2025-09-11,0.00464758939718236,0.018785992876152773,0.0038265838112670676,0.015178736375065862,-0.49240768724426004,0.014959409064885593,-0.8202869682795141,-0.014395816746750894
2025-09-12,-0.0007311128884759624,0.005305042395236363,-0.020635354867347848,-0.014395816746750894,0.18860376890167538,0.025940397262584274,-0.268407065168907,-0.000989079519219885
2025-09-15,0.0020164427264222494,0.008000585076920868,-0.007940480949014738,-0.000989079519219885,-0.14635498239772848,0.015941066025935705,-0.3263008299879484,-0.01332442643118106
2025-09-16,0.0,0.0006594740730623885,-0.02201188869548673,-0.01332442643118106,0.19219726458580136,0.022671362768549193,-0.021240279061264057,0.012045373788142466
2025-09-17,0.0027541482264477946,0.01530167095125714,0.0002924954536792893,0.012045373788142466,0.1424552143385789,0.0150091754975781,0.16969594636707694,0.008509957180353009
2025-09-18,0.008018616917467889,0.020756563666039524,0.0030505021132193272,0.008509957180353009,-0.08013160929407401,0.017706061552820118,0.11901099488888857,0.011437524551345507
2025-09-19,0.007097747449167479,0.011882609880450304,-0.00381434199710084,0.011437524551345507,0.23449957092681128,0.01569695187755107,0.29727431304944746,0.010467530294730564
2025-09-22,-0.007352217762402308,0.013626432051923666,-0.016032949968118177,0.010467530294730564,-0.45120547483565715,0.029659382020041737,-0.2291426926011757,-0.020759490604135764
2025-09-23,0.00020024047866773825,0.006666018731645212,-0.022519267905084878,-0.020759490604135764,0.019219209939936095,0.02918528663673009,-0.215808047014623,0.005423611375504089
2025-09-24,0.0045284968971694055,0.017349437330368856,-0.006358095447218544,0.005423611375504089,-0.13412387261770792,0.02370753277758751,-0.3263293194338517,-0.02029484855441269
2025-09-25,-0.005668970060304401,-0.005014772388303677,-0.02637259371248947,-0.02029484855441269,0.19429896072190095,0.021357821324185837,-0.05566772829916565,0.010239966352933417
2025-09-26,-0.0010796218437803787,0.014748565361618888,-0.0024932106865674037,0.010239966352933417,-0.4931206621559959,0.017241776048186476,-0.5205502281282413,0.006836918662459081
2025-09-29,0.005285308057058651,0.009770193808130528,-0.0023030961142561034,0.006836918662459081,0.247803803872748,0.012073289922386637,-0.09435548901093627,-0.03360617430107976
2025-09-30,-0.0002040316270417824,0.0004486982085682736,-0.03863992976441144,-0.03360617430107976,0.5274992115546392,0.03908862797297981,0.4665414641823177,-0.005542748548286523
2025-10-01,-0.002154194167313223,0.02281785528377166,-0.014835261915067822,-0.005542748548286523,-0.07540426407856296,0.03765311719883956,0.3027150690414497,0.013443961644476244
2025-10-02,-0.0011037943399501047,0.015618375041975248,-0.008907115504709705,0.013443961644476244,-0.26572834164972514,0.02452549054668476,-0.048678539169781196,0.006176447773728916
2025-10-03,-0.0005443748704812315,0.016317880212544184,-0.001592043902924966,0.006176447773728916,0.1418794848272332,0.017909924115469125,0.1048358454788122,0.02229901988475171
2025-10-06,-0.004294441647773716,0.04120135574261894,-0.02080911164125521,0.02229901988475171,0.4531185591795327,0.06201046738387409,0.4651410936447657,-0.02488179619784201
2025-10-07,0.0028440150647053826,0.00640794597671836,-0.034058681410069375,-0.02488179619784201,-0.5067828393509551,0.04046662738678776,-0.20092364033679816,0.0028739307335293183
2025-10-08,0.0,0.006568858231250534,-0.01720739822298653,0.0028739307335293183,-0.1637947648059894,0.023776256454236845,-0.3164952812101862,0.02017529405009178
2025-10-09,-0.004836317163670221,0.02273999195636094,-0.013736129838839886,0.02017529405009178,0.10760372122460729,0.03647612179520096,-0.14777659781295907,-0.01498974370260473
2025-10-10,0.004838892949554006,0.015049441297306412,-0.018969813082741094,-0.01498974370260473,0.007438435041230332,0.03401925438004753,-0.14576086477172961,0.028833869265726085
2025-10-13,0.004994156669369115,0.03124304969685962,0.0028509572406413813,0.028833869265726085,0.03544220253523401,0.028392092456218203,-0.09149916728860262,-0.03676822770602588
2025-10-14,-0.002576177365127503,-0.0018912394098892173,-0.03768619997002688,-0.03676822770602588,0.09747717053877912,0.03579496056013781,0.1389462863362767,-0.013393723475400358
2025-10-15,0.004577200260458246,0.006443735590533765,-0.0162721877923647,-0.013393723475400358,-0.08395217993305942,0.022715923382898552,0.03661313981279394,0.03904511107508693
2025-10-16,0.06785377980462953,0.08177743676248206,0.02541606329524366,0.03904511107508693,1.0867050306925792,0.05636137346723841,1.0924191270261638,-0.01194092113248376
2025-10-17,0.0023144226005746464,0.019244519962403388,-0.015732856096214925,-0.01194092113248376,-0.8293745220671995,0.03497737605861847,-0.07783306816281382,0.045045402467703256
2025-10-20,0.007867595744847987,0.04944030490069125,0.005006375955661092,0.045045402467703256,-0.08530711172967895,0.0444339289450302,-0.2108014182931862,0.03527575029577368
2025-10-21,0.00086481872299531,0.04929943230407237,-0.00110175024904561,0.03527575029577368,0.2928998215932949,0.05040118255311782,0.055035222494245375,-0.026037385807443348
2025-10-22,-0.004604149677574344,-0.003841733753771375,-0.026544079286576996,-0.026037385807443348,-0.3543552865624677,0.022702345532805618,-0.36411973462365405,-0.006214765421645528
2025-10-23,0.003733636168057454,0.007453384134497645,-0.009867804572173842,-0.006214765421645528,-0.4275699565886471,0.017321188706671497,-0.8061306517774408,-0.0008629529781477674
2025-10-24,0.009249428049710505,0.013436077614216698,-0.004125349315730416,-0.0008629529781477674,-0.10686917526631626,0.017561426929947208,-0.5924844995609946,0.0025083273422627493
2025-10-27,0.008790604915230007,0.012750467016320204,0.00035309990711408724,0.0025083273422627493,-0.10522292121318728,0.012397367109206123,-0.583458673025028,-0.0047476467809210296
2025-10-28,0.0,0.01310510534252458,-0.005219696823628862,-0.0047476467809210296,0.26399403361256263,0.018324802166153484,-0.19912694860143185,-0.01107338605288275
2025-10-29,-0.008928256406037623,-0.00271739599753966,-0.020743844743099905,-0.01107338605288275,0.20554918697441688,0.018026448745560312,0.20025215892565867,0.02042930736025841
2025-10-30,-0.0038250373396586843,0.030624596260663998,-0.00582304000233176,0.02042930736025841,-0.01740727976452171,0.03644763626299574,0.22921578771972498,0.014544060892839206
2025-10-31,-0.007234329549756978,0.019944007501368266,-0.015787278186906045,0.014544060892839206,-0.12161545561515225,0.0357312856882743,0.05531475420890488,0.0035649014305079137
2025-11-03,-0.0015756951021481224,0.004406367241379185,-0.02060167704393793,0.0035649014305079137,0.025265831581565056,0.025008044285317135,0.038825798017768635,-0.02675716614236634
2025-11-04,-0.0122814398658172,-0.007990770708984588,-0.03061618140540314,-0.02675716614236634,-0.037862464988003185,0.02262541069641856,-0.05942217469715863,-0.006941224361461705
2025-11-05,0.0010213085978198109,0.009349273734107653,-0.009596313939447957,-0.006941224361461705,-0.2592244152347543,0.0189455876735556,-0.3284924665078952,-0.05453119778253685
2025-11-06,-0.008505275425896085,-0.008505275425896085,-0.0747535588627226,-0.05453119778253685,0.7451375912887737,0.06624828343682657,0.4926256813895056,0.0025461793937196797
2025-11-07,-0.013125468765619696,0.007079810218380585,-0.014651089352789626,0.0025461793937196797,-0.6539675708029598,0.021730899571170182,-0.25397028856935133,0.007599869578214216
2025-11-10,0.0005001046864528488,0.008426952640751583,-0.020212929122018348,0.007599869578214216,0.12201801031053672,0.028639881762770027,-0.10075274662680862,0.011476620681174143
2025-11-11,0.0007857041506634115,0.016372578872714028,-0.002278059427155119,0.011476620681174143,-0.1183150428394628,0.01865063829986901,-0.20311506384983727,0.0061975418920275135
2025-11-12,0.005058779878059267,0.015945777316769147,-0.0033594498247841247,0.0061975418920275135,-0.29789110731961305,0.019305227141553208,-0.47141385875119785,-0.022983894381465128
2025-11-13,-0.003134752361481723,-0.0004879264059365017,-0.025148982530532937,-0.022983894381465128,0.2588411299198544,0.024661056124596438,-0.18407326801430077,0.013344869530359956
2025-11-14,-0.008856619534882162,0.019563648368535535,-0.012598239512402992,0.013344869530359956,-0.005282689806701591,0.032161887880938544,-0.008910104328183096,-0.027587115703091677
2025-11-17,-0.00654685517070979,-0.0034122083783977085,-0.03368083544537383,-0.027587115703091677,-0.042994262760821265,0.030268627066976105,-0.04365068896092723,-0.015004633143805415
2025-11-18,-0.003338449564617937,0.003201192740609352,-0.02893415822909354,-0.015004633143805415,0.42096667270998994,0.032135350969702756,0.42201249576567307,-0.02436288106963569
2025-11-19,-0.006444705442642095,-0.005238541860411653,-0.036815054634902936,-0.02436288106963569,0.18816515988515814,0.03157651277449127,0.5271917742249586,-0.01107572167450302
2025-11-20,0.00599391509725792,0.013901530578067695,-0.0203030235265772,-0.01107572167450302,-0.25551596647293234,0.03420455410464482,0.09809636339129103,0.007691009930159951
2025-11-21,-0.002265485328837009,0.0145801400027132,-0.015246258659018134,0.007691009930159951,-0.0055731991405814,0.029826398661731337,0.03609621571731757,-0.0012777006169033753
2025-11-24,0.0010121938550781216,0.007588569102429681,-0.009156349947478042,-0.0012777006169033753,0.13534642516137224,0.01674491904990791,0.11836154308542862,0.03167699988892541
2025-11-25,-8.819836875068252e-05,0.03385304241425101,-0.0013235235711691047,0.03167699988892541,0.17813216222371234,0.03517656598542022,0.21372116103813263,-0.025830502945789147
2025-11-26,-0.015539561953889707,-0.005568129288182757,-0.0352987842947094,-0.025830502945789147,-0.18477545931744388,0.029730655006526562,-0.02265079334798622,0.01042107342930724
2025-11-28,0.0037187229330336055,0.01914496513145127,0.0021017170817613897,0.01042107342930724,-0.8348094532700913,0.017043248049689975,-0.8293943052424977,0.009884227347985549
2025-12-01,-0.008144445846920914,0.015964567068018087,-0.008450575990260157,0.009884227347985549,0.42291102787064816,0.024415143058278313,-0.31159307115813895,0.0080421567398986
2025-12-02,0.0008157237284643044,0.01627364916243893,-0.005210504723402543,0.0080421567398986,0.3026457797724556,0.021484153885841472,0.0401845931299823,0.016940583990533924
2025-12-03,0.0027655213079982328,0.019200065645386892,-0.0066258092546265255,0.016940583990533924,0.5917737057748292,0.025825874900013344,0.6578747313312115,0.03595765778801894
2025-12-04,0.020605613620532665,0.042041090052548004,-0.004702708952244778,0.03595765778801894,0.41696454587879833,0.04674379900479265,0.980043732675673,0.05162258729929333
2025-12-05,0.013526446213108737,0.05663742230116897,0.00820993527462308,0.05162258729929333,-0.27700703039494945,0.04842748702654581,0.42833639137816004,-0.003999269059365576
2025-12-08,0.0050148350018754785,0.014137575326464667,-0.016366893200706743,-0.003999269059365576,-0.38327489924704,0.03050446852717149,-0.1663852494796083,0.005724692492516687
2025-12-09,0.0018093328586496745,0.0104259491195285,-0.002044236457340379,0.005724692492516687,-0.29488336425738204,0.012470185576868726,-0.5391885055650877,0.012109447642581038
2025-12-10,-0.0010348967685129347,0.018636098063547497,-0.007189969565736717,0.012109447642581038,0.10029294882177738,0.025826067629284296,-0.4449616605517887,-0.007026924894473004
2025-12-11,-0.002653070310558801,0.013907315475774024,-0.013067687661198459,-0.007026924894473004,-0.1334109429133358,0.02697500313697233,-0.5053454379934484,-0.00045749024122602924
2025-12-12,0.004449711341146095,0.008123893080302777,-0.005503979091808972,-0.00045749024122602924,-0.2591857861515287,0.013627872172111751,-0.5369950318768127,-0.02960688752153531
2025-12-15,-0.003897374360486913,0.0001906075849437404,-0.03547688093040438,-0.02960688752153531,0.5365434116817143,0.035667488515348,0.2122700375516077,0.00129542041510156
2025-12-16,-0.0022808686162049227,0.00501528663963798,-0.009749633007711327,0.00129542041510156,-0.5137147143477309,0.014764919647349158,-0.2885148826159559,0.012591574103293922
2025-12-17,0.005555068417407598,0.02731944199810305,0.005242974402774713,0.012591574103293922,0.01992929028649206,0.02207646759532832,-0.2211239666671719,-0.0011240859853700513
2025-12-18,0.0010840901018303415,0.007448723558011109,-0.007699866608553022,-0.0011240859853700513,-0.10321822045892519,0.015148590166564236,-0.25483167335384543,0.007957387166448105
2025-12-19,0.010915529199823384,0.0161191523051352,-0.009155634524007968,0.007957387166448105,1.2992845919442366,0.02527478682914317,1.1046093690681242,0.017997211056039887
2025-12-22,0.002727957647173158,0.017997211056039887,-0.005787946312478364,0.017997211056039887,-1.2975175572746704,0.02378515736851816,-0.5496931796900046,-0.004544992153524218
2025-12-23,-0.007243811479788207,-0.00147489826512765,-0.015653050882821755,-0.004544992153524218,-0.17705315984705683,0.014178152617694038,-0.6281474458322595,0.006922863644769685
2025-12-24,-0.0007594337814681161,0.01083579674375835,-0.0033461566469838167,0.006922863644769685,-0.8263805657681992,0.014181953390742005,-1.4225314605915333,0.0030864510980887876
2025-12-26,-0.0017357359177091129,0.009940603002547031,-0.0017357359177091129,0.0030864510980887876,0.16796492258589069,0.011676338920256156,-1.152144566274741,0.0005636731180058277
2025-12-29,-0.005162110123139508,0.011323198536646975,-0.005162110123139508,0.0005636731180058277,0.5599414147699509,0.016485308659786257,-0.5063571540439588,-0.0011650759351219547
