date,open_ret,high_ret,low_ret,close_ret,volume_ret,range_ret,vol_ratio,target_return
2022-01-04,0.0027859016322973828,0.01024791239709851,-0.008832468450892257,-0.004091323170403011,-0.008624672190513003,0.019080380847990942,-0.008624672190513003,-0.04696192726695671
2022-01-05,0.00014190560870592825,0.0006922201046111576,-0.047593521057386845,-0.04696192726695671,0.6539743535840463,0.04828574116199794,0.6496527193963089,-0.00019959414446852394
2022-01-06,-0.005651864746330057,0.015591901295148683,-0.008868765135324813,-0.00019959414446852394,-0.3800841361295273,0.024460666430473513,0.0033972890149932358,-0.005317288075879577
2022-01-07,0.0028851423229893074,0.005076145459992797,-0.014485821597229607,-0.005317288075879577,-0.22711415265678833,0.01956196705722236,-0.22456726853050601,0.011988372095311497
2022-01-10,-0.014252582192597467,0.013069562129830894,-0.028519749596201297,0.011988372095311497,0.400254423422969,0.04158931172603223,0.2167462948981097,0.0076615086205884045
2022-01-11,-0.004788929415022625,0.011090749803669414,-0.014359452064886017,0.0076615086205884045,-0.435477760396662,0.025450201868555605,-0.303227169554148,0.01205352962327603
2022-01-12,0.010068237493907358,0.020344745407905034,0.0068360260255105505,0.01205352962327603,-0.09570009221822723,0.013508719382394467,-0.4006221861376833,-0.020310075806793754
2022-01-13,0.0007739116256991126,0.009986767816004072,-0.021595358311207256,-0.020310075806793754,0.18571195223095754,0.0315821261272114,-0.056726402424168876,0.0064264735125587
2022-01-14,-0.01094096410310221,0.015430130481833823,-0.011528317058364284,0.0064264735125587,-0.05808696768415773,0.026958447540198195,-0.07862782878955654,-0.025284613469419837
2022-01-18,-0.023983955612991117,-0.016984480035523886,-0.029407086269278723,-0.025284613469419837,0.16181744961632077,0.012422606233754758,0.08380062007890603,-0.006502812236819751
2022-01-19,0.0038565624256649846,0.014319999004800988,-0.007250579462442534,-0.006502812236819751,-0.19660058223995988,0.021570578467243435,-0.05148595943437915,-0.013478922547322848
2022-01-20,0.008354057956305526,0.018402536995439537,-0.01605525445323945,-0.013478922547322848,0.04304237044153756,0.034457791448679186,-0.007899703381127023,-0.022423794008919126
2022-01-21,-0.005370351906792774,0.011619486307920165,-0.02445882328652735,-0.022423794008919126,0.6209920128419613,0.0360783095944476,0.5881935614445833,0.0034653670970722352
2022-01-24,-0.034127395692351306,0.006511105400845944,-0.04592894312604374,0.0034653670970722352,0.3197662257974093,0.052440048526889584,0.7623787288833243,-0.030024900946393183
2022-01-25,-0.01590511683474343,-0.010799356029027669,-0.03345373741455723,-0.030024900946393183,-0.48958806625719864,0.022654381385529682,0.039518542849375934,0.01794186473411508
2022-01-26,0.03243020776011579,0.046674003040268634,0.0016294334520881122,0.01794186473411508,0.04517367066071594,0.04504456958818066,0.03251982738685136,-0.001765788765351162
2022-01-27,0.01589826202177341,0.026115909472533175,-0.0023280161850557507,-0.001765788765351162,-0.43029766535701314,0.028443925657589058,-0.48040319988431757,0.0331335329503705
2022-01-28,0.005056699726853254,0.03317483979599042,-0.00403903039576616,0.0331335329503705,0.07277912181623147,0.03721387019175666,-0.4154993795756061,0.01453564933372505
2022-01-31,0.006063309983586174,0.015787677534186424,-0.008596924441902827,0.01453564933372505,0.15157809020986562,0.02438460197608936,-0.1785966600162203,0.017150237994374724
2022-02-01,0.016790553479494295,0.01823217028121498,-0.006934359632356309,0.017150237994374724,0.5404043356904158,0.025166529913571253,0.5281849938560308,0.07254165233539586
2022-02-02,0.09426347548223171,0.09622184442882145,0.055660138538962595,0.07254165233539586,0.5848753225593627,0.04056170588985897,1.0112795347541477,-0.0337384964385207
2022-02-03,-0.015624775613852808,0.011254023436529117,-0.03670956670059888,-0.0337384964385207,-0.543859884830983,0.04796359013712809,0.1818171956248875,0.0014177026346085084
2022-02-04,0.002474449862215972,0.012397524334321524,-0.01815953702824345,0.0014177026346085084,-0.20954063907518183,0.030557061362564832,-0.15234109940746735,-0.02897251923876731
2022-02-07,0.006656425428006126,0.006656425428006126,-0.0311372741417028,-0.02897251923876731,-0.05354818100427433,0.037793699569709,-0.2735376894445302,0.0014213788648398966
2022-02-08,-0.0012543657923088077,0.005723461887868718,-0.015835795095455803,0.0014213788648398966,-0.012630821969856126,0.0215592569833246,-0.32680961030594374,0.015609309279216329
2022-02-09,0.011160658960042459,0.02217361456713161,0.005636880783721661,0.015609309279216329,-0.30175653459505775,0.016536733783410015,-0.5896614839837745,-0.021213307600098343
2022-02-10,-0.01342728291953269,-0.0007594991250293181,-0.02600760115768689,-0.021213307600098343,-0.020485403180348295,0.025248102032657514,-0.34949233293444015,-0.03179054242278474
2022-02-11,-0.00014421047268232547,0.003862815690255647,-0.03838425353736169,-0.03179054242278474,0.015841316034039012,0.042247069227617194,-0.2110278064186299,0.009217712194705801
2022-02-14,-0.0076699546664688485,0.014912562249883892,-0.0076699546664688485,0.009217712194705801,-0.1526252409678679,0.02258251691635261,-0.2877258007243025,0.00795569806313378
2022-02-15,0.014972969998474004,0.018876135092089737,0.0021780323888270885,0.00795569806313378,-0.25128944046246626,0.016698102703262656,-0.4442724809370964,0.00823416865783587
2022-02-16,0.0002780873860061483,0.010757459753096983,-0.01240758200434674,0.00823416865783587,-0.06415878315221471,0.02316504175744356,-0.3660608596095852,-0.03847642496660304
2022-02-17,-0.010913349456742563,-0.00454436515840096,-0.03893300688489776,-0.03847642496660304,0.442523334421549,0.0343886417264969,0.16400307794924907,-0.016247298364896957
2022-02-18,0.006977267810845113,0.011485153451598017,-0.017832084472088085,-0.016247298364896957,0.1580674445394848,0.029317237923686026,0.32437213099590545,-0.004530794861350095
2022-02-22,-0.004342154656368228,0.013538729700020001,-0.016854854631102676,-0.004530794861350095,-0.013905974003160999,0.03039358433112277,0.2767089351266952,-0.017292557056127134
2022-02-23,0.01403662133772043,0.017089313212536095,-0.017766860665617144,-0.017292557056127134,-0.3164386478488163,0.034856173878153256,-0.10050399100139111,0.03921677113550535
2022-02-24,-0.020864643696966566,0.041542825712446683,-0.020864643696966566,0.03921677113550535,0.5073914411413857,0.062407469409413135,0.3737563510936512,0.013239988415490877
2022-02-25,0.006467856088021555,0.019260793620823835,-0.007105536296646139,0.013239988415490877,-0.40265943992194325,0.02636632991746987,-0.17481298595738368,0.004433900104829886
2022-02-28,-0.010538041699680974,0.009562912246132368,-0.013982556200579305,0.004433900104829886,0.06533477603610971,0.023545468446711793,-0.09767461164346096,-0.007398365090243299
2022-03-01,-0.0013226315067053078,0.008834787365978548,-0.01370628083093237,-0.007398365090243299,-0.3830745940569676,0.022541068196910895,-0.4487092875415697,0.0037970791878639445
2022-03-02,0.004216866705367019,0.008918715261133567,-0.007411999138819195,0.0037970791878639445,-0.11914265517242308,0.01633071439995271,-0.47450030674163757,-0.005006115766361221
2022-03-03,0.010632695793964935,0.013785608614332843,-0.01155485636597484,-0.005006115766361221,0.045057908315695755,0.025340464980307797,-0.3791755455718082,-0.014996266650609267
2022-03-04,-0.007285652360070295,-0.00035857307450287874,-0.02696236720922825,-0.014996266650609267,0.21251993256275784,0.026603794134725387,0.014965184600475679,-0.04281190656590782
2022-03-07,-0.003177651012477662,-0.0013009602651746068,-0.04347286805307894,-0.04281190656590782,0.39371932259600134,0.042171907787904396,0.4493702999934307,0.005728194040955407
2022-03-08,-0.0010173191244063694,0.037822514191857524,-0.005586160110449347,0.005728194040955407,-0.10962567229246481,0.04340867430230691,0.2972458153306966,0.04849245223654887
2022-03-09,0.03209432015090227,0.050854418397733185,0.02175917172886385,0.04849245223654887,-0.08790224564543132,0.02909524666886933,0.12061884664478337,-0.007451572021256303
2022-03-10,-0.01627618546637825,-0.001109857135298569,-0.018972825835253143,-0.007451572021256303,-0.3120128426664627,0.017862968699954556,-0.27048839222344717,-0.019512671757011785
2022-03-11,0.00796483186416806,0.010262066078539014,-0.021354649712266277,-0.019512671757011785,0.15120507630382854,0.03161671579080531,-0.13325063254010003,-0.0306448759444899
2022-03-14,0.002917890854364701,0.004137849527080143,-0.03602645675308861,-0.0306448759444899,0.2079168749587024,0.04016430628016894,0.06859910911928963,0.025453182400603666
2022-03-15,0.008105162044521852,0.03052173638856021,-0.0018317476389109154,0.025453182400603666,-0.22732625344383184,0.03235348402747121,-0.12333893996546973,0.031109851078785507
2022-03-16,0.011810992208455287,0.03150360635421293,-0.003593975045747673,0.031109851078785507,0.14026802948917416,0.0350975813999605,0.07282702992434648,0.004181671475282559
2022-03-17,-0.0009871298234597557,0.005984458588477198,-0.00825350925142535,0.004181671475282559,-0.23008234315155118,0.0142379678399026,-0.14844928526584736,0.016939661557368285
2022-03-18,-0.003101847659559855,0.017809801278313893,-0.011879284365307783,0.016939661557368285,0.4553823264079324,0.029689085643621684,0.2998699119165496,-0.00017633867923633155
2022-03-21,0.0002790739604451096,0.006768564669610452,-0.015047429138154694,-0.00017633867923633155,-0.5073760313839235,0.02181599380776516,-0.283525413301012,0.02729815197426984
2022-03-22,0.0,0.035713517416579806,0.0,0.02729815197426984,0.2798248089957554,0.035713517416579806,0.06591878360652953,-0.011451040323754609
2022-03-23,-0.008367746370447541,-0.002000277934181415,-0.014641727311287484,-0.011451040323754609,-0.3444030844516445,0.012641449377106075,-0.30565194775534443,0.023560412250227567
2022-03-24,0.0066636726588308135,0.023892323004197753,-0.0038039498285195564,0.023560412250227567,0.04819555389621148,0.027696272832717365,-0.19447152049656719,0.000713148866778581
2022-03-25,0.00242687028347901,0.0032650663185522866,-0.013042781132505704,0.000713148866778581,-0.08992238637798328,0.016307847451057848,-0.2726732090077071,-0.001536396475568967
2022-03-28,-0.005467665114092478,0.002323065837838281,-0.013226578286647122,-0.001536396475568967,0.3734855163374071,0.015549644124485347,0.23893085567032007,0.007395329526089096
2022-03-29,0.008391381200850884,0.01639304416229883,0.004112915044137908,0.007395329526089096,-0.02110561561716981,0.012280129118160905,0.15998189550648023,-0.003986632408731346
2022-03-30,-0.00031924180717392427,0.001507658060425035,-0.006374323121924574,-0.003986632408731346,-0.5457546096310031,0.007881981182349725,-0.3776838439987937,-0.02043445319526754
2022-03-31,0.0008062684988353208,0.001193428849001199,-0.020743698094779738,-0.02043445319526754,0.6350653400312783,0.021937126943780826,0.2943918081659022,0.007757365038217152
2022-04-01,0.0031051393799521655,0.010041550360382881,-0.005480030050254546,0.007757365038217152,-0.36911745134522317,0.0155215804106374,-0.15132943014386108,0.01992845887125349
2022-04-04,0.0014830743301273072,0.025094509058470243,0.001141004847761537,0.01992845887125349,0.0,0.023953504210708628,-0.16329189411745126,-0.01679029553155766
2022-04-05,-0.0007171362390503457,0.00013286515726840278,-0.018274393669263273,-0.01679029553155766,-0.1916315869397981,0.018407258826531724,-0.29343168965974376,-0.029178758701405905
2022-04-06,-0.013181237632837177,-0.008790859549858913,-0.036757909165466625,-0.029178758701405905,0.416023298920246,0.02796704961560769,0.21671177253556917,-0.004841505382019824
2022-04-07,-0.003947859501256437,0.004504740385689097,-0.017140159999007205,-0.004841505382019824,-0.21319870950597536,0.021644900384696367,-0.0884042719281178,-0.01932623103955025
2022-04-08,-0.002247068300032957,-0.0016092731751241184,-0.021745031018111295,-0.01932623103955025,-0.042516524900314615,0.020135757842987066,-0.04885455823080667,-0.03406523237408931
2022-04-11,-0.01104457646822737,-0.009006069631497032,-0.03526914391598473,-0.03406523237408931,0.3832380981842556,0.02626307428448771,0.3404624012608721,-0.008645955447851876
2022-04-12,0.021323802508198025,0.021323802508198025,-0.015918963757503273,-0.008645955447851876,-0.12009701112660225,0.03724276626570131,0.1402640555727843,0.016921404304204597
2022-04-13,0.0022329566051531064,0.020303076269435946,0.00020744816640322274,0.016921404304204597,-0.1580510717475576,0.0200956281030328,-0.09422889440249956,-0.02465984603583323
2022-04-14,0.004497471750492214,0.004497471750492214,-0.0256783194372529,-0.02465984603583323,0.12346405764792232,0.030175791187745212,0.05927023211844749,0.0074408430330591335
2022-04-18,0.002128220875755959,0.011630130446008276,-0.00433356268149918,0.0074408430330591335,-0.4177562993043069,0.015963693127507585,-0.3938770149651728,0.0181039908692022
2022-04-19,0.00011747274433721512,0.020592948020533682,-0.005316587047360722,0.0181039908692022,0.2414297751376279,0.025909535067894455,-0.12394996314129975,-0.015261036819136953
2022-04-20,0.0067688431514588065,0.010634811979461449,-0.019487334886615887,-0.015261036819136953,0.1794231866722168,0.030122146866077233,0.1273201032270548,-0.02551403638437985
2022-04-21,0.009405850722578893,0.015949158476627662,-0.027824143002254102,-0.02551403638437985,0.13964122310766836,0.04377330147888178,0.27425490596374263,-0.042379022391359475
2022-04-22,0.0014851110207212994,0.00469595416038644,-0.04833555830203843,-0.042379022391359475,0.44518239344658656,0.05303151246242473,0.6597609621707008,0.028336176261260268
2022-04-25,-0.004477748682417166,0.029988278170205565,-0.009443807228537972,0.028336176261260268,-0.20959396561440347,0.03943208539874361,0.29148162756380763,-0.0366077844093718
2022-04-26,-0.006353691385358725,-0.004593103408208851,-0.037779983489798316,-0.0366077844093718,0.4597787528172941,0.033186880081589536,0.6141693735566406,-0.03739952532561347
2022-04-27,-0.03586960403953973,-0.011937848612032087,-0.05112472651021353,-0.03739952532561347,0.2286312451077356,0.0391868778981815,0.6312477300824101,0.036324337828233653
2022-04-28,0.018382930422058158,0.04578814824032494,-0.0015717772806346196,0.036324337828233653,-0.6303799942453219,0.04735992552095945,-0.21923115374639934,-0.037944320219013554
2022-04-29,-0.015200707919067316,-0.005096395331642476,-0.0405328878019197,-0.037944320219013554,-0.1358134432465392,0.035436492470277296,-0.3951013447232175,0.021444979233147716
2022-05-02,-0.006193016757419512,0.022837852381525203,-0.01331678587144789,0.021444979233147716,-0.18314671671550053,0.036154638252973145,-0.5323583180996072,0.0064210983520664264
2022-05-03,-0.0013089712949430998,0.015819933356026546,-0.004715905526092363,0.0064210983520664264,-0.35289497964523603,0.020535838882118965,-0.8496112898192895,0.041133551225961275
2022-05-04,-0.002581421155742512,0.04597616123159959,-0.019084273316168587,0.041133551225961275,0.6927465876771296,0.0650604345477682,0.02309500331924959,-0.048219627834609036
2022-05-05,-0.01696779761650254,-0.01004529702033159,-0.06117815663101868,-0.048219627834609036,-0.08518452023912372,0.05113285961068697,0.12643620426169055,-0.006536050420939701
2022-05-06,-0.011403284097038823,0.00910819299452275,-0.021604059242377478,-0.006536050420939701,-0.14355402726332406,0.030712252236900207,-0.0019321538449999782,-0.028351429834501264
2022-05-09,-0.02180467421819875,-0.005800938827516633,-0.03289907140314815,-0.028351429834501264,0.02712805467337735,0.027098132575631463,0.040217631655474005,0.01660633360489442
2022-05-10,0.026284451529709416,0.032692035720624964,0.0034558683913050964,0.01660633360489442,-0.022354775920719692,0.029236167329319683,-0.008664112331591308,-0.006951821205539963
2022-05-11,-0.010178758590766054,0.01707018039555825,-0.010178758590766054,-0.006951821205539963,-0.0611291350267369,0.02724893898632432,-0.1413707818463702,-0.006699171532591277
2022-05-12,-0.019780166997929297,0.006077288145389399,-0.033821874544409394,-0.006699171532591277,0.36069519950238826,0.03989916268979878,0.27830987717536326,0.028019082644366318
2022-05-13,0.014856616416752844,0.04361839134001755,0.006721199338533391,0.028019082644366318,-0.42950920155783895,0.03689719200148411,-0.18968634447238067,-0.013931076679930127
2022-05-16,-0.009480354948453529,0.0010291875055582188,-0.018796721635231706,-0.013931076679930127,-0.2987213381602314,0.019825909140790014,-0.4661002920005602,0.017565127242444727
2022-05-17,0.020715400243968098,0.021224525952838847,0.003706722489623529,0.017565127242444727,-0.11987255847457805,0.017517803463215315,-0.5117690495117115,-0.040058353787558426
2022-05-18,-0.012727354457234837,-0.009255115523964947,-0.04313729183506873,-0.040058353787558426,0.421102306820723,0.0338821763111038,0.0010140082103428914,-0.013635908900042173
2022-05-19,-0.004191047120889479,0.009875200242154486,-0.017120763240510293,-0.013635908900042173,-0.028354721880201036,0.026995963482664632,-0.013521109866722,-0.013461757340662267
2022-05-20,0.014096023264640845,0.01617072290432593,-0.04244777158002003,-0.013461757340662267,0.36045761192360515,0.05861849448434595,0.46774646694118927,0.023413489690950542
2022-05-23,0.006219868046322596,0.029311498188149154,-0.0015345795655299166,0.023413489690950542,-0.2751659258135021,0.030846077753679053,0.10567133083289064,-0.050760905777100705
2022-05-24,-0.05263108836227755,-0.04616167966407828,-0.09007714751448907,-0.050760905777100705,0.7250656283432056,0.04391546785041075,0.765961582138828,-0.001558266535014439
2022-05-25,-0.009333834460616485,0.004988938443407934,-0.02014592040964134,-0.001558266535014439,-0.6456354476938116,0.025134858853049145,-0.14283518827361785,0.01861033374219917
2022-05-26,-0.001210489463060307,0.0265293060498355,-0.005496880015529579,0.01861033374219917,-0.059091940348209665,0.03202618606536503,-0.2237884366165258,0.0411126453469105
2022-05-27,0.015561187758627004,0.0411260270022846,0.01240957093964563,0.0411126453469105,-0.0008963645112571736,0.02871645606263895,-0.24058615193683602,0.012787796633008617
2022-05-31,0.003821159730395002,0.02998234094958415,-0.0021212509655433487,0.012787796633008617,0.27694253961337995,0.032103591915127516,0.08325642942799176,0.0011420600378730101
2022-06-01,0.009561936567599388,0.02893253670210923,-0.004510791530032267,0.0011420600378730101,-0.3120508152349828,0.03344332823214141,-0.2830491640024869,0.03222970700721746
2022-06-02,0.0009478324634467655,0.03458193363747624,-0.008336336882451223,0.03222970700721746,0.03716344984905029,0.0429182705199276,-0.06510098137314052,-0.026547482238990464
2022-06-03,-0.013351483825341716,-0.011122390688126623,-0.035514492413426045,-0.026547482238990464,-0.37406193694805173,0.024392101725299504,-0.42792299938884537,0.019705755683640674
2022-06-06,0.018712243617423085,0.04110237663829501,0.014070157656173376,0.019705755683640674,0.24948471061066696,0.02703221898212157,-0.11771015587817076,0.0028122833362677984
2022-06-07,-0.01153691818587111,0.007423965445946857,-0.015254379330420387,0.0028122833362677984,-0.059957770095442196,0.02267834477636732,-0.15422122407616773,0.0003798036572115345
2022-06-08,-0.0033175083825024037,0.012056867942372637,-0.004701618889232338,0.0003798036572115345,-0.19059883404102282,0.016758486831605017,-0.2395005402491067,-0.02032999098972825
2022-06-09,-0.007421199612607703,0.009384664927286339,-0.020848272071886168,-0.02032999098972825,-0.01194481123002665,0.030232936999172618,-0.18606161454610554,-0.03251660232587468
2022-06-10,-0.021036481890219286,-0.0136468960906798,-0.039698601324077036,-0.03251660232587468,0.47423916177902664,0.02605170523339719,0.3699133699601192,-0.043848987149126564
2022-06-13,-0.04015258516380143,-0.02155091791361995,-0.04642295307152378,-0.043848987149126564,0.13095884976430255,0.024872035157903927,0.39924139367603967,0.003031310805941814
2022-06-14,0.001338501120369547,0.014296801147973427,-0.0055845546428759454,0.003031310805941814,-0.33781911803244524,0.019881355790849438,-0.021542816505701858,0.028170779656987985
2022-06-15,0.016998402954027048,0.043171843602239815,0.008899957254535979,0.028170779656987985,0.1636249455365576,0.034271886347703846,0.1298689769570372,-0.034582105124249814
2022-06-16,-0.023445062138819684,-0.010219306048305137,-0.043063415776065365,-0.034582105124249814,0.263847447269588,0.032844109727760265,0.31864433050580737,0.010413981169515474
2022-06-17,0.0,0.024832115595791536,-0.009356761450701965,0.010413981169515474,-0.005977118512815685,0.03418887704649342,0.1836054700381917,0.04025005098198204
2022-06-21,0.0165317848633687,0.048690831898184614,0.013502324029522866,0.04025005098198204,-0.08021141286162112,0.03518850786866184,0.058020246618312565,-0.0005066160364245501
2022-06-22,-0.008892388090499758,0.016030348107833207,-0.010467516381064081,-0.0005066160364245501,-0.43228954685035065,0.02649786448889743,-0.3750021039538721,0.0067447214089676535
2022-06-23,0.006651186563260913,0.011193955664724215,-0.00889242649456399,0.0067447214089676535,-0.08161995659603209,0.020086382159288173,-0.44343924624084713,0.049815498904146736
2022-06-24,0.006686368478491717,0.05069668636636612,0.006310145178538511,0.049815498904146736,0.37251386693469096,0.044386541187827554,-0.01825620230851041,-0.018318877351702786
2022-06-27,0.0025228091417524613,0.0051108826169997046,-0.023980971726267484,-0.018318877351702786,-0.12244601367438342,0.029091854343267345,-0.08921104271565637,-0.03358801671263107
2022-06-28,-0.0002677119217026493,0.01266190801835477,-0.03501304446118884,-0.03358801671263107,-0.017393669551688154,0.04767495247954353,-0.02851229783951869,-0.002735696348407956
2022-06-29,-0.004074963207993548,0.010241330556274937,-0.010184960172926411,-0.002735696348407956,-0.3702735975490407,0.020426290729201338,-0.33357807963642466,-0.024821782730088983
2022-06-30,-0.015349768473375667,-0.007309446951366884,-0.04534048215705789,-0.024821782730088983,0.557695002368653,0.038031035205691045,0.2598647270285854,-0.002071602636677534
2022-07-01,-0.00949769973197923,0.0026304824399968033,-0.020701392764702484,-0.002071602636677534,-0.1962893980531802,0.023331875204699173,-0.02164917449144978,0.04077580347423224
2022-07-05,-0.015169084115876873,0.041781790263915555,-0.028033899297504307,0.04077580347423224,0.10343623899533147,0.06981568956141998,0.11366995648646641,0.01149088170404555
2022-07-06,0.000344284993787651,0.020332572986093776,-0.01590324989436183,0.01149088170404555,-0.04976669694562224,0.03623582288045542,0.04739767399299177,0.03609484081833783
2022-07-07,0.004424120517189918,0.039511220208184435,0.0022798515081677356,0.03609484081833783,0.08948391793887543,0.03723136870001673,0.12773566277953216,0.004791406040698366
2022-07-08,-0.012989867569252214,0.007564996134114549,-0.015966601647529038,0.004791406040698366,-0.0681800859425786,0.023531597781643713,-0.026661640240446347,-0.03129219258043994
2022-07-11,-0.011421996456250272,-0.011421996456250272,-0.03428778090359783,-0.03129219258043994,-0.20353990409196046,0.02286578444734747,-0.2047630691051308,-0.014419229960599151
2022-07-12,0.004644403998987273,0.011154191176074644,-0.017322020740645358,-0.014419229960599151,-0.04042672281923292,0.028476211916719996,-0.22257730290834699,-0.023668429476891403
2022-07-13,-0.02055263204725614,0.001538004460792511,-0.02503438801003363,-0.023668429476891403,0.37798824926718144,0.02657239247082606,0.20684374339716155,-0.008894119707790296
2022-07-14,-0.010317631618228606,-0.0023421196810088037,-0.027130838291074176,-0.008894119707790296,-0.16682539300712793,0.024788718610065468,0.0052456009648500215,0.01269454625780352
2022-07-15,0.0146876579675752,0.024814725892385404,0.0048131989047550255,0.01269454625780352,0.23421595682872273,0.020001526987630417,0.26105658873852433,-0.02488719294616162
2022-07-18,0.007686631522706001,0.016877231004939035,-0.030958932189031733,-0.02488719294616162,-0.08022125686030228,0.04783616319397076,0.13455457931421574,0.042907307319940746
2022-07-19,0.016554859774801246,0.04475077963955414,0.004849259588879484,0.042907307319940746,-0.16686223708937062,0.039901520050674544,-0.09381917195738547,0.0007905140075891193
2022-07-20,-0.005639273044033822,0.01387399745431867,-0.011754911935131585,0.0007905140075891193,-0.025801604038203953,0.02562890938945009,-0.15184870019381327,0.0038555499577906578
2022-07-21,0.003330682831095254,0.0056905516909864316,-0.024800176760654182,0.0038555499577906578,-0.08570988958881856,0.03049072845164058,-0.19757112273465424,-0.0579715474018898
2022-07-22,-0.029646232495246914,-0.017646479301740497,-0.07103144865810129,-0.0579715474018898,0.40315495189592954,0.05338496935636081,0.22756372938974753,-0.0036210000384917624
2022-07-25,0.0047154830476890935,0.01809298730556919,-0.014939572348873272,-0.0036210000384917624,-0.3433245313358098,0.03303255965444244,-0.12664505746666183,-0.023433110122194494
2022-07-26,-0.008500388949516503,-0.0028876661983882512,-0.032520139649840324,-0.023433110122194494,0.3245360886063491,0.029632473451452066,0.24188616676391042,0.07376785340824026
2022-07-27,0.03957960627437365,0.0812579188159623,0.028073058963458086,0.07376785340824026,0.2209699503132531,0.05318485985250436,0.40380573569314054,0.010207794270768948
2022-07-28,-0.00612160729112765,0.011257804154335818,-0.014252855725809399,0.010207794270768948,-0.601048958713925,0.0255106598801452,-0.31179940911799914,0.018218587237606707
2022-07-29,-0.01003087490606496,0.021565793655784274,-0.010207794270769,0.018218587237606707,0.1260031108524045,0.03177358792655331,-0.18642255838919075,-0.012631010411596573
2022-08-01,-0.008807557418630535,0.0034329035112976914,-0.017168577354039875,-0.012631010411596573,-0.35752269640893924,0.020601480865337654,-0.49046745794376073,0.0023479000791942206
2022-08-02,-0.0075155523555289075,0.012888875883717472,-0.009974703232938349,0.0023479000791942206,-0.25195170294067204,0.022863579116655885,-0.7008452857891739,0.02530047552984293
2022-08-03,0.005025152146769738,0.029863228735821562,0.0030354830349090148,0.02530047552984293,0.34240580251002856,0.026827745700912647,-0.2121357149396018,0.0009311433217100638
2022-08-04,-0.005094241454131261,0.005910655951643586,-0.010129059960971897,0.0009311433217100638,-0.2770414340023073,0.016039715912615483,-0.2931522270370071,-0.006110527453361236
2022-08-05,-0.016722504143338524,-0.0006771208893622722,-0.018703328574407006,-0.006110527453361236,-0.12002888876860673,0.018026207685044777,-0.33258073782556385,-0.0014482105512905216
2022-08-08,0.0078012620407026684,0.022557982654850095,-0.0050352482841286034,-0.0014482105512905216,-0.0011071133154073093,0.02759323093897879,-0.18841547589186297,-0.005728274522694838
2022-08-09,-0.0013649862249290531,0.00017045983190468913,-0.013647728700131671,-0.005728274522694838,-0.0027102839888592163,0.013818188532036483,-0.1295808914633329,0.025982079915449447
2022-08-10,0.018266525157279993,0.036122647615137074,0.01514670211680554,0.025982079915449447,0.4827582401768808,0.020975945498331528,0.36381496424122706,-0.007210567289929021
2022-08-11,0.013113324760022563,0.01484335021418503,-0.009569446113255784,-0.007210567289929021,-0.24152246156766666,0.02441279632744084,0.09992397573331495,0.0236166306801112
2022-08-12,0.011878063595910114,0.0236166306801112,0.005203559861332323,0.0236166306801112,-0.24072245846426998,0.0184130708187787,-0.16498380183477934,0.003281932075899695
2022-08-15,-0.004530324105010021,0.0050824171871179345,-0.008832445803366484,0.003281932075899695,0.020653164331674734,0.013914862990484497,-0.14376924295591673,-0.0031176076175457638
2022-08-16,-0.004597751871975079,0.002862858043522891,-0.011865683334590649,-0.0031176076175457638,-0.023542710753858432,0.014728541378113432,-0.1704745635939272,-0.01782425548603571
2022-08-17,-0.01306770893696292,-0.00337459504837049,-0.019247315183960424,-0.01782425548603571,0.18221476510504764,0.015872720135589977,0.012141516020836645,0.00517267225463053
2022-08-18,-0.0010042911957702325,0.010567112753348994,-0.006966929730101637,0.00517267225463053,-0.2391316267081508,0.017534042483450703,-0.15267000168762615,-0.02494020176191679
2022-08-19,-0.009279844466441341,-0.008524175334884934,-0.028786827404181235,-0.02494020176191679,0.19265746370291417,0.020262652069296175,0.10206210045741781,-0.025665710032311013
2022-08-22,-0.01729746815325124,-0.013571775536414346,-0.02908541081687766,-0.025665710032311013,-0.016313364332961173,0.015513635280463369,0.058567117251179905,-0.0033318510082975266
2022-08-23,-0.0066748403694073775,0.006717619787014408,-0.007115570630393679,-0.0033318510082975266,-0.3015765513445559,0.013833190417408117,-0.2622130281099825,-0.0014941612682259884
2022-08-24,-0.003166791962022658,0.008047613161581098,-0.008732890581914666,-0.0014941612682259884,0.11106179469042637,0.016780503743495812,-0.11992669837400798,0.0257025439330156
2022-08-25,0.004826012276523537,0.02630244705766473,0.00368743318013421,0.0257025439330156,-0.04484860038371272,0.02261501387753055,-0.11228262439763577,-0.05561153689330374
2022-08-26,-0.016683624056241856,-0.013202925110731161,-0.05697184089225212,-0.05561153689330374,0.7868675686043761,0.04376891578152089,0.6855121612049109,-0.008372802753472618
2022-08-29,-0.0031770415079835626,0.005513147217933093,-0.014055112183879635,-0.008372802753472618,-0.5639505007578415,0.01956825940181271,-0.030743973835899916,-0.004396377535406795
2022-08-30,0.006830938830214461,0.00982184905631419,-0.014915985117155478,-0.004396377535406795,0.26108352295894977,0.024737834173469503,0.23277148100337416,-0.006631090871668141
2022-08-31,0.015574785921111308,0.017380627930975275,-0.007463112809381417,-0.006631090871668141,0.039680804307522057,0.0248437407403568,0.17096407409224468,0.01394770867012247
2022-09-01,0.0005542499781029602,0.02039669874148744,-0.007978524585953954,0.01394770867012247,-0.009338892431125175,0.028375223327441437,0.07518397510100654,-0.017372553477534143
2022-09-02,0.0077157238084369075,0.009071179939775463,-0.022858098693385974,-0.017372553477534143,-0.16028408984136316,0.03192927863316153,-0.16824641082209363,-0.009689826442871552
2022-09-06,-0.005112680608995512,0.001667596342218911,-0.01937990458919113,-0.009689826442871552,0.03687675358253582,0.02104750093140993,-0.03536179935074877,0.024416263842070476
2022-09-07,0.0023378699170064055,0.029247029358660897,0.0008423000607549032,0.024416263842070476,-0.07887524745102766,0.02840472929790602,-0.14365757271189095,-0.009824251290386107
2022-09-08,-0.012966258687824157,0.0013695645054568498,-0.021144717235578446,-0.009824251290386107,0.045205174440215656,0.02251428174103532,-0.06541201476143702,0.020728535491378323
2022-09-09,0.006346330346851123,0.023796543121014938,0.005887776048408925,0.020728535491378323,-0.04388089090180742,0.01790876707260604,-0.07478428830416162,0.0018960692100674994
2022-09-12,0.0030680076296365857,0.00872818967962993,-0.006528277920333552,0.0018960692100674994,-0.010003440976849522,0.015256467599963377,-0.042603154582426785,-0.06080505424430382
2022-09-13,-0.027990462712927447,-0.023362967311578442,-0.06301227515203305,-0.06080505424430382,0.5080761449185269,0.039649307840454666,0.47548606933587445,0.006497254904561898
2022-09-14,0.002393605439148344,0.009160360729220964,-0.00634674716331575,0.006497254904561898,-0.3689474529036897,0.015507107892536768,0.0017655213820743068,-0.020105494723969563
2022-09-15,-0.009281042808864801,0.002568096216913186,-0.025562052958665652,-0.020105494723969563,0.25870509340931847,0.028130149175578868,0.23626293396143114,-0.0010694727261295867
2022-09-16,-0.008196006008014298,0.002135446262191784,-0.01932855033473045,-0.0010694727261295867,0.22458919961293886,0.02146399659692225,0.38972320602239086,0.0026229833804176685
2022-09-19,-0.010266558384719834,0.005142385239294843,-0.012234064629255465,0.0026229833804176685,-0.6193797425941384,0.017376449868550282,-0.35650311712011995,-0.01890267647072481
2022-09-20,-0.009651528553914568,-0.006814638326212261,-0.02505168680812944,-0.01890267647072481,0.14069687061263036,0.018237048481917154,-0.2162316354257169,-0.01856156101632467
2022-09-21,0.0052265666601690125,0.017057544175243494,-0.018662312831681408,-0.01856156101632467,0.1717944820262035,0.035719857006924774,0.029012477211434354,0.008625072206023581
2022-09-22,-0.004644118271386968,0.019549785975473917,-0.004947734277000792,0.008625072206023581,0.08552024708067424,0.024497520252474706,0.08177844335446854,-0.014079089611004032
2022-09-23,-0.005105904317872871,-0.004804771207528,-0.027024549933811967,-0.014079089611004032,-0.08114394182331458,0.02221977872628401,-6.323830725811131e-05,-0.005789460143258173
2022-09-26,-0.006502760178815815,0.01147932671694117,-0.009565502950973338,-0.005789460143258173,-0.15543475512551785,0.02104482966791441,-0.08223207156115522,-0.006848273048752288
2022-09-27,0.012753231008680874,0.018469534935537577,-0.013330749260982568,-0.006848273048752288,0.10509526866440483,0.03180028419652026,-0.004228100394574999,0.0258177135282672
2022-09-28,0.0015372949448864282,0.03229339141527485,-0.004008015112382154,0.0258177135282672,0.07658151955418228,0.036301406527656885,0.04907887440007858,-0.026638581949142218
2022-09-29,-0.014193238863647798,-0.014193238863647798,-0.041738663101293476,-0.026638581949142218,-0.044694001102479,0.027545424237645524,-0.0019293905882171163,-0.0183357977439319
2022-09-30,-0.003805168522696053,0.015077744474242224,-0.01927721267372995,-0.0183357977439319,0.059224633873690105,0.034354957147972244,0.0784213482481825,0.030781140829426328
2022-10-03,0.01153799598045123,0.037349158427248695,0.009054494138167219,0.030781140829426328,-0.16317181474222614,0.02829466428908137,-0.09335571717141242,0.02996029977850937
2022-10-04,0.018083705928074133,0.031926065621289454,0.017486104196520774,0.02996029977850937,0.03057627589460372,0.014439961424768574,-0.06868189010708986,-0.0020682440502929945
2022-10-05,-0.017968394756868896,0.0028491537273653035,-0.0283395168048718,-0.0020682440502929945,-0.26308651560614577,0.031188670532237124,-0.3238280811593207,-9.861608394181692e-05
2022-10-06,-0.007421735098376157,0.014680240106717521,-0.008316095656687648,-9.861608394181692e-05,0.006611126326635101,0.022996335763405054,-0.24773319602583577,-0.027387997558959643
2022-10-07,-0.0156012477325829,-0.008814114038041854,-0.031246234114226168,-0.027387997558959643,0.2086254847450373,0.022432120076184343,0.023834304834367485,-0.008344402655771185
2022-10-10,0.0032375553808541954,0.004247131184840949,-0.017068206759819442,-0.008344402655771185,-0.4114880528231062,0.021315337944660458,-0.34630648133523095,-0.006972959979893008
2022-10-11,-0.004403717528457948,0.014104027469335262,-0.01596576187464934,-0.006972959979893008,0.3746128567869932,0.030069789343984472,0.10705835701360647,0.0039026162049834033
2022-10-12,0.0012340884383046198,0.016026471663159673,-0.0045379868054187715,0.0039026162049834033,-0.19200419143934602,0.020564458468578486,-0.06506777574780682,0.015258154191304099
2022-10-13,-0.025012938544334357,0.022500201875890333,-0.03313839112612837,0.015258154191304099,0.4577079859345108,0.05563859300201852,0.39521771579194076,-0.025561151008909367
2022-10-14,0.00934445710895733,0.016320811659923835,-0.027530724150779087,-0.025561151008909367,-0.30794607096828214,0.04385153581070293,-0.012766293894610843,0.03470560168433403
2022-10-17,0.023540162547261535,0.04426265876895627,0.023236669409958898,0.03470560168433403,0.11189462792005371,0.021025989358997438,0.11551935014905584,0.007970505789699612
2022-10-18,0.031120148505962005,0.03441157422472804,0.0,0.007970505789699612,-0.16648516902689825,0.03441157422472804,-0.12841383449484453,-0.011377362490540215
2022-10-19,-0.007570456630890114,0.0024778248300366145,-0.018529234836727797,-0.011377362490540215,-0.010427945547504197,0.021007059666764333,-0.1207952945336094,0.003406856700840652
2022-10-20,0.0037068894991482307,0.026641857799081698,-0.002411797650004537,0.003406856700840652,0.061569113089236176,0.029053655449086387,-0.07352482460431278,0.011536637565370308
2022-10-21,-0.021434474941759957,0.013314945777428264,-0.022763894308398796,0.011536637565370308,0.24824754039613356,0.036078840085827055,0.24502329419423496,0.013651077996533202
2022-10-24,0.006603343339242308,0.015892062621189817,-0.011436591193679242,0.013651077996533202,-0.1776195623734632,0.027328653814869056,0.013403180182583995,0.018937828906348764
2022-10-25,0.003699788917071751,0.022186721710905816,0.0019489830737558335,0.018937828906348764,0.4016998657518522,0.020237738637150015,0.42441585981939767,-0.09585591654958366
2022-10-26,-0.08017833797100411,-0.060869971112956334,-0.09838727387948026,-0.09585591654958366,0.7745837501677815,0.037517302766523895,1.0815717275894332,-0.028962741093034237
2022-10-27,-0.004328364305336306,0.005253216518611902,-0.03352745023845935,-0.028962741093034237,-0.3725093119308737,0.03878066675707115,0.3510638137971862,0.043187440744795184
2022-10-28,0.0005419851934090257,0.04588400046716049,-0.0009764467066050111,0.043187440744795184,-0.32883693831255817,0.04686044717376569,-0.13101577610996373,-0.018658809150027374
2022-10-31,-0.009076299861675052,-0.002703850822017433,-0.024282451365885038,-0.018658809150027374,-0.3217585890885512,0.02157860054386778,-0.49690797398948205,-0.043687354079630945
2022-11-01,0.009896846589251515,0.01595495832800994,-0.04479328730369143,-0.043687354079630945,0.398048035196066,0.060748245631701475,-0.1159940046706651,-0.03945507189297115
2022-11-02,0.005181657712649771,0.007817260601699691,-0.040490492958443744,-0.03945507189297115,0.19014721061207035,0.04830775356014336,0.04971932254133902,-0.04155528506573471
2022-11-03,-0.007501928223105459,-0.005187683352236691,-0.042634663585074874,-0.04155528506573471,0.07186109319918062,0.03744698023283807,0.24320499848695357,0.03706090259068765
2022-11-04,0.02333815809010914,0.03775363507620021,0.0033504731632222774,0.03706090259068765,-0.18131240684368694,0.034403161912977834,0.05949371897259934,0.021820663975796205
2022-11-07,0.008052464376220344,0.02644329652131384,0.0031136119554470362,0.021820663975796205,-0.40559323392593644,0.023329684565866805,-0.37647141479889473,0.004622632545517604
2022-11-08,0.004622632545517604,0.020469389324244733,-0.010222732773010912,0.004622632545517604,-0.11328232338292811,0.030692122097255737,-0.49938908602757354,-0.017932631497020585
2022-11-09,-0.005074773580689343,0.0060558770195192945,-0.018390832145093464,-0.017932631497020585,0.043098018206295795,0.02444670916461266,-0.3872142820536409,0.07307677840101388
2022-11-10,0.05492275473380623,0.07785560068374907,0.04796091450278621,0.07307677840101388,0.4854170122539577,0.029894686180962946,0.21249962586934218,0.025953662073190276
2022-11-11,0.007952117190711708,0.03133276506508662,-0.00021297000395537513,0.025953662073190276,-0.4446648993976323,0.03154573506904176,-0.18473122681911516,-0.007391702090922629
2022-11-14,-0.013786195621716929,0.00393372395886711,-0.01990429705084828,-0.007391702090922629,-0.09208334618521333,0.02383802100971523,-0.18182772225825658,0.028228983753700348
2022-11-15,0.026398781910981224,0.04535093423670416,0.01049853369203104,0.028228983753700348,0.3219175699187076,0.03485240054467304,0.16187045474635894,0.004156283856507148
2022-11-16,-0.005500685201250389,0.012116433944599943,-0.008160011050092928,0.004156283856507148,-0.3581636034864606,0.020276444994692954,-0.25768167085738325,-0.0049693106270451695
2022-11-17,-0.019201869275402763,0.004340594420473253,-0.021059841560417798,-0.0049693106270451695,-0.11079928109131996,0.025400435980891048,-0.35423282203453066,-0.009500048983767325
2022-11-18,0.004159657379380556,0.005475030503894822,-0.020439245189694033,-0.009500048983767325,0.0842378170638851,0.025914275693588878,-0.12180917256852059,-0.018961370473227622
2022-11-21,-0.0014379561718780387,0.009906644995600353,-0.021474964851968297,-0.018961370473227622,-0.2694700334861094,0.0313816098475688,-0.36116681289632546,0.015053536963951444
2022-11-22,0.003654386551720097,0.016803660077120926,-0.01634621590099136,0.015053536963951444,0.07949461462902106,0.03314987597811237,-0.22517353081049987,0.01442402397135422
2022-11-23,0.00041200460311427065,0.01746634504727144,0.00041200460311427065,0.01442402397135422,-0.21690730410032938,0.01705434044415708,-0.30968736335972286,-0.01020833701010248
2022-11-25,-0.002236922377769673,0.0018264876368363193,-0.010824138716987404,-0.01020833701010248,-0.6652024603950836,0.012650626353823673,-0.8919289240254437,-0.014573107034321485
2022-11-28,-0.004318753951151753,0.0012305451308600366,-0.019164604540364664,-0.014573107034321485,0.9949194801550645,0.020395149671224758,0.2516773335704215,-0.008994001076229472
2022-11-29,-0.003337156962216137,0.0007285184556185557,-0.020404603630951958,-0.008994001076229472,-0.2683771604409693,0.021133122086570442,0.0041518250821138076,0.059146560974642916
2022-11-30,-0.0038945656554336514,0.05964156719234306,-0.008122024185447649,0.059146560974642916,0.7773334821710102,0.06776359137779076,0.7974866496722146,0.0
2022-12-01,0.00029700292394594876,0.012399314037337086,-0.007354414698895534,0.0,-0.41969846250835774,0.01975372873623265,0.1908357967103943,-0.005460922289079075
2022-12-02,-0.019396676930739105,-0.002180821906090789,-0.02091222682840527,-0.005460922289079075,-0.28929268680438663,0.01873140492231443,-0.17805282097028763,-0.00960390591648278
2022-12-05,-0.010408429583072374,0.00931524735575628,-0.014440708461905115,-0.00960390591648278,0.12763726928766775,0.023755955817661482,-0.13822990620343262,-0.0254518463881068
2022-12-06,-0.0018110508961789273,0.0030110975189330856,-0.03124302269293938,-0.0254518463881068,0.020505303191734058,0.03425412021187249,-0.1045604590385165,-0.021259667453479583
2022-12-07,-0.005894837630871024,-0.0010317353974205472,-0.023579622268719264,-0.021259667453479583,0.22015321921286898,0.0225478868712987,0.08112756820278885,-0.013040241472487136
2022-12-08,0.004623745235446932,0.006718473468885385,-0.01581863759343884,-0.013040241472487136,0.03692876149332915,0.022537111062324314,0.21022189888647858,-0.009435014229281738
2022-12-09,0.0006400422659398915,0.005852046792816566,-0.010297195878394234,-0.009435014229281738,-0.1321571289808606,0.016149242671210883,0.05140853877757932,0.005157373944808167
2022-12-12,-0.001293551392939655,0.007833032484769364,-0.013229440447040492,0.005157373944808167,0.041452433404504205,0.021062472931809774,0.043772894110974854,0.024559292559060832
2022-12-13,0.04658826019360451,0.06453183691183162,0.018265361296308572,0.024559292559060832,0.32193816698011773,0.04626647561552317,0.3307134712483096,-0.005873090479598333
2022-12-14,-0.004506639899486265,0.012883352151045078,-0.021456182459104883,-0.005873090479598333,-0.3455457124524779,0.03433953461015,-0.1169864381438736,-0.04529359211217579
2022-12-15,-0.020617122119276743,-0.015155823056282214,-0.054692660158676985,-0.04529359211217579,0.3334837129681638,0.03953683710239475,0.23091546525832732,-0.006625448982375637
2022-12-16,-0.0011011835999749124,0.005159473703611159,-0.014857840544340924,-0.006625448982375637,0.36909555546039235,0.020017314247952053,0.5516134064832686,-0.020370034471904445
2022-12-19,0.0,0.0033181694295051373,-0.022974093174652602,-0.020370034471904445,-0.6764934910765906,0.02629226260415771,-0.288932942721856,0.006536642283354907
2022-12-20,-0.0037383427886792764,0.008332419026879234,-0.011371511805257684,0.006536642283354907,-0.22912041838047503,0.019703930832136802,-0.5184241027829192,0.0062710753417679855
2022-12-21,0.0006738370665116644,0.013390119632717043,-0.00789444680438323,0.0062710753417679855,0.053615166760157366,0.02128456643710025,-0.3737550647727325,-0.020526260910887287
2022-12-22,-0.015978714275637938,-0.01167766357533157,-0.037070783805116,-0.020526260910887287,0.11127816832233922,0.025393120229784537,-0.24004691579269533,0.016611503224483865
2022-12-23,-0.007434145471230459,0.020191322276827052,-0.007893450973130623,0.016611503224483865,-0.18430122154903678,0.028084773249957614,-0.35090910328317215,-0.02083649087796492
2022-12-27,-0.004830659168425349,-0.0032553310006046545,-0.02519426440370725,-0.02083649087796492,-0.13503916452192258,0.021938933403102545,-0.2447663442085973,-0.015801064324672733
2022-12-28,-0.004702606891418803,0.007410414402027511,-0.016731445900113186,-0.015801064324672733,-0.028981975708562965,0.024141860302140723,-0.1977290752271663,0.027857597772608007
2022-12-29,0.006950979164331448,0.03236974909645542,0.00683550105952568,0.027857597772608007,0.17828659423748575,0.02553424803692988,0.014157647793780481,-0.0024903068216186935
2022-12-30,-0.016759140339354047,-0.0016972439320041394,-0.021484054400670097,-0.0024903068216186935,0.027592737814354243,0.01978681046866598,0.05410256614464852,0.010036727716349121
2023-01-03,0.01529658645162493,0.031461760409457376,0.0032813979784223316,0.010036727716349121,0.15939644664748603,0.028180362431035028,0.24635241475422384,-0.011738293794926783
2023-01-04,0.01370719315181274,0.017022147035608736,-0.02097708428873901,-0.011738293794926783,0.21431158018950952,0.03799923132434787,0.41507509900434475,-0.021575370936541414
2023-01-05,-0.006949621815524202,-0.005807043153767496,-0.025061666449322558,-0.021575370936541414,-0.24817979111190241,0.019254623295555204,0.04623078222396662,0.013138363861640698
2023-01-06,0.006821275938494703,0.017137753366170138,-0.01566729529979207,0.013138363861640698,0.4198228513039175,0.03280504866596234,0.4086464618393246,0.007755517116575155
2023-01-09,0.011610879331406782,0.03055659938349253,0.005936139366433924,0.007755517116575155,-0.35540361735314774,0.02462046001705864,-0.07008743529764073,0.0045341444448540385
2023-01-10,-0.02344927313331364,0.007357569497059376,-0.0251954061810069,0.0045341444448540385,0.04924008452175166,0.03255297567806631,-0.05259552674420483,0.03445932326221194
2023-01-11,0.008558634931857153,0.03533308733252387,0.0066505792812388545,0.03445932326221194,-0.1259577397379674,0.02868250805128502,-0.1930006875434957,-0.00427046258283505
2023-01-12,-0.00043708510130615664,0.0038170732280665824,-0.01952946358331739,-0.00427046258283505,0.11905126874139636,0.023346536811383902,-0.02363989130808656,0.010805076398876588
2023-01-13,-0.003077250322275757,0.011564662923964414,-0.011033986274113656,0.010805076398876588,-0.1390853277745124,0.02259864919807813,-0.18230952951735724,-0.009050842161977626
2023-01-17,-0.0006515928983809545,0.001410178152889287,-0.022726999256190046,-0.009050842161977626,0.21370731584100416,0.024137177409079422,0.13153178767678675,-0.0018639133243712844
2023-01-18,0.009267890277825567,0.01640541007170598,-0.007145652619817937,-0.0018639133243712844,-0.11307401256378025,0.02355106269152394,-0.0064087202362866314,0.0209596666038282
2023-01-19,-0.004399495846234137,0.02695987262240849,-0.005392095520148574,0.0209596666038282,0.2396168306656073,0.03235196814255714,0.24247218797902872,0.05203448934873925
2023-01-20,0.0217919376211242,0.054887042313242915,0.02095034454484266,0.05203448934873925,0.5352347450549434,0.0339366977684001,0.7101988654693708,0.017896481836795368
2023-01-23,-0.0007143919996982162,0.020398609927065325,-0.005319127230164177,0.017896481836795368,-0.4571565224650402,0.025717737157229498,0.06072817647549798,-0.021166459258030627
2023-01-24,-0.017080636053765,-0.0018054197862742247,-0.026297307001053302,-0.021166459258030627,-0.190123421478215,0.02449188721477913,-0.1995288466211082,-0.02571151122653925
2023-01-25,-0.022042567727859487,-0.015888018942333545,-0.04116317920000002,-0.02571151122653925,0.24661253002454525,0.025275160257666397,0.04472854420832176,0.023867434163797288
2023-01-26,0.013352991758749056,0.024380049405905067,0.001678867487681629,0.023867434163797288,-0.34050587463198073,0.02270118191822352,-0.3590204013366291,0.01879283413323533
2023-01-27,-0.0021557170050464512,0.02830762309259879,-0.0021557170050464512,0.01879283413323533,0.11782878667785686,0.030463340097645245,-0.20873053335625202,-0.024758029281279473
2023-01-30,-0.019203021689066672,-0.010927982990133544,-0.030344067438104593,-0.024758029281279473,-0.21863922159606636,0.019416084447971053,-0.276041539963719,0.01941008846758046
2023-01-31,-0.0007223538103730838,0.019814710330514095,-0.0012386742423870945,0.01941008846758046,0.09269832185528319,0.021053384572901006,-0.10945080425755267,0.015958626374414413
2023-02-01,-0.0013160949146480232,0.023497617799095274,-0.012829770917182383,0.015958626374414413,0.1735303024680892,0.036327388716277706,0.08351842435128815,0.07025992698080326
2023-02-02,0.052089577824851074,0.07128038824306762,0.05029209909374114,0.07025992698080326,0.6764254934166783,0.020988289149326572,0.8024377931149581,-0.02785799509482268
2023-02-03,-0.04567174892138776,0.0006494984808314469,-0.049077897613603844,-0.02785799509482268,-0.06769941697917839,0.04972739609443533,0.5084617330293395,-0.01810524466116076
2023-02-06,-0.02297617482335117,-0.004016436212871916,-0.028067279177655214,-0.01810524466116076,-0.7134110430219135,0.024050842964783287,-0.35339935667768524,0.04503466251964162
2023-02-07,0.0031049868780488425,0.05003885159552194,0.00213572759698677,0.04503466251964162,0.42630503699136557,0.04790312399853499,0.05216975808583384,-0.07994203530517696
2023-02-08,-0.053329401028012244,-0.0427050374832877,-0.09341675219018471,-0.07994203530517696,0.6591448003132595,0.050711714706896976,0.6322381779955671,-0.044868113180295946
2023-02-09,0.0063199011048675965,0.00661984391049535,-0.05949946926684961,-0.044868113180295946,0.23176649138775754,0.06611931317734494,0.6527570937892279,-0.004641873902489935
2023-02-10,0.004620346496509804,0.018148160206963367,-0.008031345374807626,-0.004641873902489935,-0.775957516855424,0.026179505581771078,-0.2711206496224643,0.0004228873671524424
2023-02-13,0.0017959771468196277,0.006639611940601883,-0.007749132480254493,0.0004228873671524424,-0.09343836619852397,0.014388744420856399,-0.33549124794178997,0.0007396027014269233
2023-02-14,-0.001904362660845097,0.0025334951261487314,-0.02515248388345598,0.0007396027014269233,0.08879689534939109,0.02768597900960472,-0.29702548928422035,0.023589467732927225
2023-02-15,-0.002008801682488674,0.025444567722463497,-0.005613516558963442,0.023589467732927225,-0.08694343764233127,0.03105808428142705,-0.3993708450563075,-0.014861279188734706
2023-02-16,-0.016328163211899074,0.007604577324745235,-0.022955980654686733,-0.014861279188734706,-0.16677361756403175,0.030560557979431968,-0.4392321637636717,-0.012219720771187855
2023-02-17,-0.006934296119470586,0.0005233204959870485,-0.02437597416234471,-0.012219720771187855,-0.213941998658174,0.024899294658331742,-0.38695297523241967,-0.027507886436870903
2023-02-21,-0.014411762488765696,-0.01333708774867714,-0.028270784343300177,-0.027507886436870903,-0.01928397905807761,0.014933696594622882,-0.3206850603046115,-0.0015263782704581779
2023-02-22,-0.0009810232225336937,0.0034801524213266006,-0.012938780235152917,-0.0015263782704581779,-0.08515946034024278,0.016418932656479618,-0.33222200117466416,-0.008327013519291087
2023-02-23,0.0029416226857172808,0.0031592259977311645,-0.02083752536094766,-0.008327013519291087,0.2883553336507583,0.023996751358679003,0.0735145138383202,-0.019554030088237
2023-02-24,-0.01608194071203141,-0.011063283620076657,-0.025743858249151985,-0.019554030088237,-0.11895253040440297,0.014680574629075528,0.0025129196437708736,0.008268264904839926
2023-02-27,0.008268264904839926,0.011489963022249954,0.0023533276061045256,0.008268264904839926,-0.28537141615408834,0.009136635416145391,-0.2501168823143986,0.002111875532757209
2023-02-28,-0.006026814020611236,0.015019614921756071,-0.006138788676704054,0.002111875532757209,0.09164991045864826,0.0211584035984602,-0.1193056264701896,0.00332561058970634
2023-03-01,-0.0008886270441833409,0.010713021342536547,-0.004339843220730721,0.00332561058970634,0.031648334974321096,0.015052864563267182,-0.06690664564192587,0.01798687869457244
2023-03-02,-0.007776918782770045,0.021025721722832555,-0.008558032621300126,0.01798687869457244,0.03453520620608061,0.02958375434413289,-0.033736550256646715,0.017775868134478394
2023-03-03,0.005203864174048699,0.018629767524285697,0.004879347774273627,0.017775868134478394,0.0878088277761147,0.013750419750011924,0.10963869764525312,0.01567990316296556
2023-03-06,0.003943044708002387,0.024471210165650084,0.0037303370864852103,0.01567990316296556,-0.07439483316649664,0.020740873079164886,0.044330053909190516,-0.013440031477425918
2023-03-07,-0.0015779698819251432,0.005660402204314048,-0.016962120951485405,-0.013440031477425918,-0.15920489931713824,0.022622523155799518,-0.14724926868190466,0.004146509459061792
2023-03-08,0.0027662761718076343,0.022127111561717015,0.001490465400945639,0.004146509459061792,0.2030819693303332,0.020636646160771325,0.07023923323965144,-0.020690026873960918
2023-03-09,-0.0021242381328324487,0.013489495175579206,-0.02524978036279119,-0.020690026873960918,-0.16855012648776013,0.03873927553837025,-0.11696001171117756,-0.018475545692909566
2023-03-10,-0.0016261213146457096,0.005078085777588167,-0.021016515176837048,-0.018475545692909566,0.22103467780675262,0.02609460095442544,0.12523589445725536,0.005282320663579763
2023-03-13,-0.005976123747356548,0.021179858021167498,-0.01344090343243032,0.005282320663579763,0.038068589949969645,0.034620761453597805,0.15839136620146732,0.030908020960493485
2023-03-14,0.015789482084119573,0.03504968658297427,0.014492237392062436,0.030908020960493485,-0.035034883503884576,0.020557449190911858,0.09430769218831818,0.022517779800422154
2023-03-15,-0.0080132913458651,0.03101347626760789,-0.014254588149061387,0.022517779800422154,0.3394758282695209,0.04526806441666926,0.384916398363438,0.042871698656842046
2023-03-16,0.0009359507628611127,0.05150658668287483,-0.006367127699060493,0.042871698656842046,0.25753975794194817,0.05787371438193534,0.5508768288758197,0.012875319350965692
2023-03-17,-0.0005982407003232541,0.024809272945324853,-0.0021954027649579437,0.012875319350965692,-0.07058702959924402,0.027004675710282755,0.30272084027665624,-0.003944015347720554
2023-03-20,-0.014870899197078817,0.0012784311291515916,-0.017371025436937516,-0.003944015347720554,-0.6160341272880405,0.018649456566088914,-0.41882753402808925,0.03590175970092792
2023-03-21,0.00029632814081621345,0.03761588551872005,0.0,0.03590175970092792,0.2449855254570257,0.03761588551872005,-0.1562238275417484,-0.014883326395969086
2023-03-22,-0.006214480939884362,0.015791526797315207,-0.015270369600041135,-0.014883326395969086,0.030798211955914354,0.031061896397356452,-0.14974666732719727,0.021343545671759032
2023-03-23,0.016216781136815142,0.027950502906026964,0.010489403092979655,0.021343545671759032,-0.062462419915232964,0.01746109981304745,-0.1832680552086516,-0.001516262913893595
2023-03-24,-0.00579326964269041,-0.001042215379382645,-0.01680713913361769,-0.001516262913893595,-0.29440596900282373,0.015764923754235126,-0.37144090391332624,-0.028669624333061493
2023-03-27,-0.007807329713256989,-0.006470053877483867,-0.03385578773436109,-0.028669624333061493,0.02365742981564522,0.027385733856877224,-0.19806941168779887,-0.014054979218534963
2023-03-28,-0.00019518441172274563,-9.76246784642055e-05,-0.026905690875610486,-0.014054979218534963,0.029664023652148964,0.026808066197146235,-0.15866061971306514,0.003556970587588478
2023-03-29,0.012296648131010562,0.014347721643104636,-0.00376832311101233,0.003556970587588478,-0.10787684003065617,0.018116044754117117,-0.21153942210661877,-0.004943652574034168
2023-03-30,-0.0047453941773647175,-0.002271002941724479,-0.016006710745703256,-0.004943652574034168,0.1394494741973791,0.013735707803978687,0.013887231083248014,0.027760593435346734
2023-03-31,0.0040556330099636075,0.02930183283684685,0.001485678732659803,0.027760593435346734,0.1081029118799412,0.027816154104186957,0.17041080639150702,0.006055064311086697
2023-04-03,-0.013002356180282355,0.0076826980606374785,-0.017505095631665586,0.006055064311086697,-0.38692836561371996,0.02518779369230311,-0.2572995369611488,0.0034436671414255896
2023-04-04,-0.0002874960865644931,0.011622510621239717,-0.003071016736834094,0.0034436671414255896,-0.024884259607314087,0.014693527358073815,-0.24387306281514695,-0.0023901727243327772
2023-04-05,0.01007132083934234,0.013091897979947533,-0.010173785168827651,-0.0023901727243327772,0.14711949556880619,0.023265683148775106,-0.04649549698491554,0.03711259640951901
2023-04-06,0.007533539686290609,0.04400632298552968,-0.0013409905036572518,0.03711259640951901,0.5433890825952848,0.045347313489186795,0.5001996552979588,-0.0184310878972471
2023-04-10,-0.013370624461479718,-0.007684884375479593,-0.030909976079295992,-0.0184310878972471,-0.5875850901138032,0.023225091703816394,-0.1879490129274651,-0.010293343280115058
2023-04-11,0.0010329181397691826,0.0027208433320380703,-0.016673388469146715,-0.010293343280115058,-0.02831254396524713,0.019394231801184693,-0.15440734865812727,-0.006762243890279412
2023-04-12,0.011607768282434868,0.013201526342436461,-0.009633363269898667,-0.006762243890279412,-0.07665232998448446,0.02283488961233497,-0.23933926884025528,0.026313593643127083
2023-04-13,0.011402603330252777,0.02687191823519373,0.011402603330252777,0.026313593643127083,0.019234996321703862,0.015469314904940714,-0.21978251803641052,0.013315059602032008
2023-04-14,-0.005039212943381243,0.01395781884694144,-0.005507121553961654,0.013315059602032008,0.06748363180878686,0.01946494040090302,-0.12977330516123178,-0.026998488415105333
2023-04-17,-0.03943749918658135,-0.02520711060109383,-0.04077612658638561,-0.026998488415105333,0.3461539935444397,0.015569015985291831,0.37453782977092526,-0.01396897530120632
2023-04-18,0.004895017260834445,0.005364463376054441,-0.01809229998871271,-0.01396897530120632,-0.3454619311710272,0.023456763364767166,-0.0491037986803916,-0.003066896158507629
2023-04-19,-0.008842792731434871,0.0045828163961745706,-0.013778705317023724,-0.003066896158507629,-0.24075401922255804,0.018361521713198246,-0.29189333354956404,0.010598281317602416
2023-04-20,-0.0025950001387143656,0.01967463255816815,-0.002980031564142482,0.010598281317602416,0.2857620933121107,0.022654664122310642,0.018934603516730406,0.0011390864447113438
2023-04-21,0.00170810729849927,0.006720637548106696,-0.004855554234040715,0.0011390864447113438,-0.07540557448322881,0.011576191782147548,-0.07804830093560043,0.005298503697400243
2023-04-24,0.0007585984344956793,0.01150732926335508,-0.0067584542798199655,0.005298503697400243,-0.09155832665640608,0.018265783543175033,-0.1640135559087449,-0.020208511077055274
2023-04-25,-0.0013219962985901049,0.006771409380475404,-0.020304829017139533,-0.020208511077055274,0.6841550911959928,0.0270762383976149,0.6267764880121395,-0.0013490018551372183
2023-04-26,0.010250601917743374,0.02378799166951982,-0.011817274733374352,-0.0013490018551372183,0.1338538583653323,0.0356052664028943,0.6113727829095853,0.03672913879430074
2023-04-27,0.007109925011291384,0.04395278950551109,-0.0016405134578666345,0.03672913879430074,-0.06302357480373459,0.045593302963377644,0.346103126075705,-0.0023263399364103357
2023-04-28,-0.0051250676351289794,-0.0022331624574461473,-0.023510581538038526,-0.0023263399364103357,-0.32641066487577813,0.021277419080592403,-0.09869982883460901,-0.0013051124629585287
2023-05-01,-0.004668978666586305,0.006037277831154896,-0.00485616057706167,-0.0013051124629585287,-0.30341681395602066,0.010893438408216452,-0.4526601969470357,-0.01769288843830791
2023-05-02,-0.0005598354127635484,0.0,-0.03309768639493187,-0.01769288843830791,0.1499189406667331,0.03309768639493185,-0.31759298982094686,0.0008542112781683215
2023-05-03,0.0019919293851388387,0.020394468380708283,-0.0034240152573555226,0.0008542112781683215,-0.35219793947000777,0.023818483638063728,-0.5933629919446899,-0.006853917357070046
2023-05-04,0.0007585984344956793,0.001800813813878267,-0.013755135277876192,-0.006853917357070046,0.0718700703123842,0.015555949091754461,-0.34719191864251586,0.008370611459258302
2023-05-05,0.0012409648109913277,0.011302725766780415,-0.0055555873023760425,0.008370611459258302,0.12881856038313705,0.01685831306915639,-0.04289014905343991,0.020625058348825418
2023-05-08,-0.0037010660481998723,0.022386542558697833,-0.0038912024250135203,0.020625058348825418,-0.004812739883884081,0.02627774498371135,0.023076294665430257,-0.0039047853489514346
2023-05-09,0.005736532736904222,0.021843791641402852,-0.005396311979820988,-0.0039047853489514346,0.315897190413723,0.027240103621224015,0.3402890719583776,0.04016972338294418
2023-05-10,0.005758911954262311,0.05076221575079935,0.005388361554055262,0.04016972338294418,0.5520946678299935,0.045373854196744105,0.8517637402693956,0.04222771482010128
2023-05-11,0.03214013380284176,0.053742179419408176,0.02352428622782132,0.04222771482010128,0.22261454044131146,0.03021789319158671,0.8066596901126671,0.008031506211207752
2023-05-12,0.0009431993012346721,0.01244687078488594,-0.003953925418198001,0.008031506211207752,-0.6521171468448423,0.01640079620308377,-0.11935516345287055,-0.008546329957969171
2023-05-15,-0.011985431629405886,0.008220743767891161,-0.012847041823479437,-0.008546329957969171,-0.1251613587894237,0.021067785591370618,-0.3051014642740779,0.025422943186681184
2023-05-16,-0.00017171049364912182,0.035745167965664064,-0.0006868878969839455,0.025422943186681184,0.21655056590041608,0.03643205586264797,-0.12743666438696621,0.011067258459331427
2023-05-17,0.0008363874105212982,0.017912378996306072,-0.005201377016996246,0.011067258459331427,-0.3011874334382979,0.02311375601330233,-0.4619790595377525,0.01633397424519897
2023-05-18,0.0009098856114402228,0.02023416387047681,-8.271201984007261e-05,0.01633397424519897,0.055751347144515344,0.0203168758903168,-0.28654744554680145,-0.0005700533050124855
2023-05-19,0.005844656676978298,0.025242492596409153,-0.00555149026263503,-0.0005700533050124855,0.1601374411745325,0.030793982859044167,0.07951548174098769,0.018482434574711153
2023-05-22,0.0014652041841640802,0.029457550584381573,-0.0001629675967840816,0.018482434574711153,-0.15960401097881494,0.029620518181165525,-0.08140258334080216,-0.020112995655737532
2023-05-23,-0.007142595797938249,-0.0033643559275317023,-0.022972812769446738,-0.020112995655737532,-0.03482926905853219,0.019608456841914906,-0.11091582319054444,-0.013636915830444
2023-05-24,-0.011818873706516525,-0.00531758845568628,-0.022276285949947856,-0.013636915830444,0.003995379709000036,0.016958697494261606,-0.047406437469801506,0.021115456578262352
2023-05-25,0.029502548372668868,0.03590669340707175,0.008729344371523218,0.021115456578262352,0.2134721538981471,0.027177349035548522,0.1612839215230208,0.009109638032861519
2023-05-26,-0.0025137267326932975,0.014312367331628086,-0.008376468344313898,0.009109638032861519,-0.17183533986515162,0.022688835675941998,-0.04913125474471099,-0.007572151904878127
2023-05-30,0.008231804959635276,0.008391011264929731,-0.021167820119614145,-0.007572151904878127,-0.015816464319873057,0.02955883138454399,-0.033921355699095566,-0.006489804714951977
2023-05-31,-0.007466946273362679,0.003148586917740882,-0.009505682963210988,-0.006489804714951977,0.06214768416771877,0.012654269880951764,0.029198499798423684,0.006894049450487767
2023-06-01,-0.0004070418165276768,0.012536016137110024,-0.0020367434993631755,0.006894049450487767,-0.19305684326058095,0.014572759636473151,-0.1817895586081872,0.007649273986143381
2023-06-02,0.002179942279167492,0.019450729499288683,0.00032326584235590713,0.007649273986143381,-0.13152837606867915,0.019127463656932783,-0.29466704609021716,0.010691054164794572
2023-06-05,-0.005308006928715035,0.02189696494936638,-0.006679851399551941,0.010691054164794572,0.1801379371486574,0.028576816348918253,-0.026053758492718803,0.010263752062225948
2023-06-06,0.0,0.017931988093261856,-0.005171682917910612,0.010263752062225948,-0.19288746454843345,0.02310367101117246,-0.1986487996434523,-0.03851400791191062
2023-06-07,-0.0026741902008857025,0.01349734389091084,-0.041620847539170044,-0.03851400791191062,0.6792057211364505,0.055118191430080746,0.5338956170111404,-0.0029431071869402328
2023-06-08,-0.0022064867315380494,0.005941525206454023,-0.010338995415028323,-0.0029431071869402328,-0.5809284910411916,0.016280520621482362,-0.1412266545804564,0.0007366204554022549
2023-06-09,0.0009002055571400536,0.013176300728042723,-0.0018848251813368523,0.0007366204554022549,-0.2118538598561656,0.015061125909379575,-0.3448719220230878,0.011469569074149968
2023-06-12,0.004571043375219283,0.014780191485596339,-0.0046742442595062465,0.011469569074149968,0.17431452743010914,0.019454435745102704,-0.15129799094198992,0.0015355596864556373
2023-06-13,0.010779639033307888,0.012218835732710289,-0.0037274095910181967,0.0015355596864556373,-0.2394748169592209,0.01594624532372839,-0.3661845322222299,-0.0012929590658567111
2023-06-14,-0.005912651218883514,0.001775062724990677,-0.019407041693356945,-0.0012929590658567111,0.3171352327740951,0.021182104418347544,-0.02153467811868594,0.011416736002860521
2023-06-15,-0.004294798421494777,0.014370262423240143,-0.010322330403436086,0.011416736002860521,0.14161221590384473,0.024692592826676147,0.2713910752695868,-0.012549417283966163
2023-06-16,0.006692750490278259,0.00812109785676471,-0.014575267840867647,-0.012549417283966163,0.2561338784001436,0.022696365697632424,0.4848509632407932,-0.0034870108719211057
2023-06-20,-0.0048689415051204965,0.008383772781280652,-0.011316108869045416,-0.0034870108719211057,-0.5566549133099351,0.019699881650326285,-0.21606516260603464,-0.02093239085249942
2023-06-21,-0.005702638250409254,-0.003580690741353429,-0.024672304414098054,-0.02093239085249942,0.14951608739455402,0.0210916136727445,-0.052816569128673295,0.021338507014489784
2023-06-22,-0.004572887160420304,0.022069026452095516,-0.014370714231504548,0.021338507014489784,-0.11729068501856689,0.0364397406836,-0.21913883786478067,-0.006599113076405469
2023-06-23,-0.01447703917720951,-0.0029275503284933264,-0.017116866660326073,-0.006599113076405469,0.2588115114384237,0.014189316331832885,0.061607422385484265,-0.03324221757766285
2023-06-26,-0.012998901352028032,-0.0027829791472940833,-0.03383390600116967,-0.03324221757766285,-0.027401599720485892,0.031050926853875664,0.03623483388152127,-8.445943228305673e-05
2023-06-27,-0.010704328839856458,0.006233745221364448,-0.0191099307418406,-8.445943228305673e-05,0.15173428150846588,0.02534367596320504,0.2611920936422734,0.015513274574499667
2023-06-28,-0.010534508285993512,0.01725912100654412,-0.01258629894417952,0.015513274574499667,-0.3779927855544842,0.029845419950723567,-0.20139129518846177,-0.00902715789559571
2023-06-29,-0.007852370550618725,-0.0009990239562921361,-0.01576682466399441,-0.00902715789559571,-0.11738215851893337,0.014767800707702426,-0.29917819527288064,0.005025123519365804
2023-06-30,0.008943928136496583,0.016488035726693866,0.004941623733516431,0.005025123519365804,0.20364701765947432,0.011546411993177474,-0.07776223066518818,0.0016694876908567673
2023-07-03,-0.0038503361743887562,0.0040852572087126575,-0.007378846709666521,0.0016694876908567673,-0.7135487912281631,0.011464103918379103,-0.7570117849812075,0.01531168720296794
2023-07-05,-0.005519823865245483,0.022350516462556144,-0.00560364578658251,0.01531168720296794,0.6453324941203077,0.027954162249138482,0.023516877165455773,-0.013561767314695373
2023-07-06,-0.0161460508075792,-0.011981113614171054,-0.027901026625303145,-0.013561767314695373,-0.10863336556882525,0.015919913011132072,0.007779564188159957,-0.005258973203898321
2023-07-07,-8.32782671359859e-05,0.007795713946784541,-0.0059287809099468096,-0.005258973203898321,-0.13088157804845194,0.013724494856731344,-0.10380607107248321,-0.025687051320349177
2023-07-10,-0.0099252246629955,-0.0098407438142053,-0.02835266675551039,-0.025687051320349177,0.4865635133970887,0.01851192294130526,0.40273121720762656,0.005907825327434599
2023-07-11,-0.0013748909460093229,0.010761994522811656,-0.00949099873224602,0.005907825327434599,-0.42539901894009907,0.02025299325505764,-0.07049753643913192,0.015165291853974907
2023-07-12,0.014071637165550236,0.02686818821582242,0.010783413819039687,0.015165291853974907,0.27567288756029373,0.01608477439678272,0.13794461456852358,0.04609186949041152
2023-07-13,0.016676781015592286,0.04841773902618008,0.01269961641941036,0.04609186949041152,0.37634993708336134,0.03571812260676964,0.4932273463168968,0.007041133719913869
2023-07-14,0.0020855235929371652,0.01782633443192802,-0.008466792964659981,0.007041133719913869,-0.2858875112109093,0.026293127396588026,0.07231624493347905,-0.006158268304617519
2023-07-17,0.004137531930576309,0.01330607567457567,-0.009774945587431961,-0.006158268304617519,-0.25792861714487575,0.023081021262007506,-0.25771166670397905,-0.007165598684989424
2023-07-18,-0.00040122810374023564,0.00024063513593482584,-0.013650730426266446,-0.007165598684989424,0.01839396260944866,0.013891365562201443,-0.1798930815511158,-0.014077317385439598
2023-07-19,0.0067643705812491855,0.01140848040856686,-0.01596384319460517,-0.014077317385439598,0.3514386084244072,0.027372323603172027,0.1518730263488374,-0.023464177111190497
2023-07-20,-0.005011311518495024,0.01674017313436293,-0.03171960041853076,-0.023464177111190497,0.018176800977341315,0.04845977355289372,0.12828385989439958,0.0068556385623273035
2023-07-21,0.01184240176412232,0.014905150867875713,-0.003950693077877233,0.0068556385623273035,0.6544778786594347,0.01885584394575287,0.8218514101407208,0.012502768246668256
2023-07-24,0.013571931402155946,0.024525987780836096,0.007966902835025585,0.012502768246668256,-0.8989294713909687,0.016559084945810456,-0.2980930255472426,0.00557973312023204
2023-07-25,-0.0013997957687081146,0.013242001118706553,-0.004205342382742555,0.00557973312023204,0.570317087235951,0.017447343501448994,0.2525669017854749,0.05616240438805053
2023-07-26,0.06233195442698966,0.06930373821223958,0.04878633223748549,0.05616240438805053,0.160997765344,0.02051740597475402,0.29220347390576645,0.0010050615524491006
2023-07-27,0.018395505115327553,0.030248781206535715,-0.003720154572300039,0.0010050615524491006,-0.31639629696555926,0.03396893577883562,-0.1251393264697001,0.024277915725206205
2023-07-28,0.010608177900128564,0.032989322800306906,0.009001202615157038,0.024277915725206205,-0.20578970406334343,0.023988120185149567,-0.3582121644856273,0.0010554044555838775
2023-07-31,0.0011307068248102821,0.007139911929895901,-0.006052394401703131,0.0010554044555838775,-0.2656230831599883,0.013192306331599147,-0.47434760496867756,-0.008854624395006803
2023-08-01,-0.014725142280661378,-0.0006783217582160217,-0.015490124393878932,-0.008854624395006803,-0.19146447189745683,0.014811802635662792,-0.658552214646164,-0.024392376767074102
2023-08-02,-0.016092348062017724,-0.011160540221880523,-0.030800207682185336,-0.024392376767074102,0.12583299510266063,0.019639667460304915,-0.3921721054798041,0.0005450458798694493
2023-08-03,-0.0031987829292070267,0.007836440693024763,-0.007505951599578102,0.0005450458798694493,-0.2683559238712692,0.015342392292602883,-0.4595136234381011,-0.002650425164940209
2023-08-04,0.006440885532905363,0.023543152786378547,-0.004212779555898171,-0.002650425164940209,0.26354481969510174,0.027755932342276836,-0.02597458421280697,0.026345678567271377
2023-08-07,0.00816269961073247,0.026953733851190105,0.0070781895861935454,0.026345678567271377,-0.13933961540081924,0.019875544264996454,-0.08427995367442771,-0.0009888935992725578
2023-08-08,-0.006942646107194282,-0.00015210061595271143,-0.0152452912736468,-0.0009888935992725578,0.034094677991295154,0.015093190657694195,-0.0063287195386354895,-0.01333039160982838
2023-08-09,0.001976810254009072,0.0048587965371504555,-0.018433655238946318,-0.01333039160982838,0.056888568807974924,0.02329245177609686,0.047453798493545744,0.00023133818179821468
2023-08-10,0.012721480416425719,0.018264993862974165,-0.0016209853680434132,0.00023133818179821468,-0.17765776260069432,0.019885979231017474,-0.11868588717564532,-0.0010029307132870505
2023-08-11,-0.007973711726269544,0.0018487813515576216,-0.011789512716996678,-0.0010029307132870505,-0.06265259752847355,0.013638294068554173,-0.18785973490534755,0.01356917808016197
2023-08-14,-0.0013129808485860162,0.013873656853716292,-0.004641744639359178,0.01356917808016197,0.23154970863617932,0.018515401493075585,0.10075403501881722,-0.01187255375238252
2023-08-15,-0.0017528162136267887,0.0006850339974121635,-0.015732668208997862,-0.01187255375238252,-0.22242404637540764,0.016417702206409864,-0.13897940714781729,-0.008356608897181818
2023-08-16,-0.008356608897181818,0.003845271251109189,-0.01482655548451657,-0.008356608897181818,0.2432816356653397,0.018671826735625806,0.1380041756499351,0.009434771429759795
2023-08-17,0.008510736891321776,0.025242112868995692,0.004573800447818669,0.009434771429759795,0.2824584881975312,0.02066831242117697,0.4177057896967311,-0.019116279616370673
2023-08-18,-0.010912182745641721,-0.005170348931120087,-0.027625642707076684,-0.019116279616370673,-0.09205711932109943,0.022455293775956512,0.2174182528227659,0.007114098356524466
2023-08-21,-0.002199174464468285,0.009914571778936265,-0.0070860979744487565,0.007114098356524466,-0.18910937903262934,0.017000669753385152,-0.05688839649183912,0.005515700309373584
2023-08-22,0.001089998514204407,0.014769289978377302,-0.000389479863845212,0.005515700309373584,-0.1352398698200716,0.01515876984222259,-0.19625865672196116,0.02516861346888594
2023-08-23,0.00848567051281088,0.03299473927156467,0.006101531155118169,0.02516861346888594,0.23220960340086225,0.026893208116446587,0.01907164293526577,-0.019760295050991496
2023-08-24,0.011865578369732429,0.014102738550902124,-0.02137966267023569,-0.019760295050991496,0.0241842455482484,0.03548240122113765,0.024357519077483587,0.0007702850423630398
2023-08-25,-0.0018510378608364124,0.007522840059414288,-0.019687044356448472,0.0007702850423630398,-0.06291204828559883,0.027209884415862674,-0.0023460198045923072,0.008662629406785527
2023-08-28,0.010949936448778964,0.020273451175232472,0.0019998045474331656,0.008662629406785527,-0.2644817463725655,0.018273646627799303,-0.2385334181709737,0.02681094994405131
2023-08-29,0.00934488081589194,0.04156374308388041,0.00934488081589194,0.02681094994405131,0.7404218577919276,0.03221886226798843,0.5386436949950059,0.009687615046842379
2023-08-30,0.0015592462807855726,0.012627019655168709,-0.003722457937001045,0.009687615046842379,-0.41953675876776375,0.01634947759216968,-0.03554681645158489,0.002131912462532242
2023-08-31,0.0009561928295960571,0.015481505930082039,-0.0006626539594368912,0.002131912462532242,0.05956915615067752,0.016144159889518978,0.02064636401222165,-0.0037523091769601897
2023-09-01,0.00942892284613659,0.00942892284613659,-0.009740996842399622,-0.0037523091769601897,-0.33290567847153685,0.019169919688536204,-0.3227551132904267,0.0008105265678669861
2023-09-05,-0.001623026662074906,0.0055865662916917665,-0.007992951146826043,0.0008105265678669861,-0.10465058330358379,0.013579517438517897,-0.3916886407197088,-0.009695502107594636
2023-09-06,0.0018396560774649481,0.005582052675183337,-0.015588246795502171,-0.009695502107594636,-0.03773854397133657,0.021170299470685633,-0.42145160204364424,0.005932004561937072
2023-09-07,-0.006491426384297068,0.008295078535197314,-0.011293712238115514,0.005932004561937072,0.00851617775115945,0.019588790773312752,-0.22504385822325546,0.008246331360597183
2023-09-08,-0.002590894939346399,0.010297304614956837,-0.0030357166876489763,0.008246331360597183,0.22326771908519172,0.013333021302605913,0.08189500839983714,0.0039516573933112455
2023-09-11,0.0011724199232006184,0.008033278009167777,-0.004335617627815758,0.0039516573933112455,-0.12628637860202002,0.012368895636983299,0.017324622806696003,-0.011606696543322147
2023-09-12,-0.004832015257133043,-0.00036526574045749613,-0.012715585853424536,-0.011606696543322147,-0.12054228838822352,0.012350320112966991,-0.09554081548320495,0.010071839308694987
2023-09-13,-0.0018489078725646365,0.011460583965159895,-0.00883157237155228,0.010071839308694987,0.11987261700802757,0.02029215633671202,0.034233147665161764,0.010116161557407547
2023-09-14,0.006489026802001601,0.014451362264020431,-0.003443866379993811,0.010116161557407547,0.17634374223803953,0.01789522864401419,0.19018887418979352,-0.005081769244856388
2023-09-15,-0.0008693884579805471,0.0030366457662669966,-0.011800052172891585,-0.005081769244856388,0.4526320875338166,0.014836697939158549,0.5866985511650036,0.005877980826486689
2023-09-18,-0.005766179999501499,0.012728041232823091,-0.005766179999501499,0.005877980826486689,-0.5767800294421261,0.018494221232324734,-0.12280568153471647,-0.0012308666005359918
2023-09-19,-0.005732399914807633,0.001446005173802678,-0.01157100262962132,-0.0012308666005359918,-0.07145523678707268,0.013017007803423967,-0.20310516906492934,-0.031645791893399625
2023-09-20,0.00028979100325489756,0.00028979100325489756,-0.03254353563788439,-0.031645791893399625,0.38551507659988815,0.03283332664113922,0.16690598010958557,-0.02498428806147057
2023-09-21,-0.01734716539597363,-0.011354859441386245,-0.027824834313816733,-0.02498428806147057,0.05133355754824239,0.016469974872430366,0.14826958426334164,-0.0014576890043411157
2023-09-22,0.0024501702086774054,0.01211579060764262,-0.0064605386246163144,-0.0014576890043411157,-0.17684961549684466,0.018576329232258867,-0.07710540575004479,0.006580989533097455
2023-09-25,-0.003229764157835214,0.007038497234176538,-0.009953349813534334,0.006580989533097455,-0.27281060994085404,0.016991847047710767,-0.2579815131266586,-0.01956311010363898
2023-09-26,-0.010272984494101918,-0.00573681151516659,-0.030118789320701545,-0.01956311010363898,0.2467672315145959,0.024381977805534947,0.002464277993514744,0.015206081712641744
2023-09-27,0.0,0.01796006622560282,0.0,0.015206081712641744,-0.12280706636094783,0.01796006622560282,-0.16131538311406038,0.013467993826575939
2023-09-28,-0.005376746774026656,0.020922608302993456,-0.005761933804603988,0.013467993826575939,-0.010313925400582149,0.026684542107597475,-0.11639868579688298,-0.011019581496402666
2023-09-29,0.007304533657443291,0.013065251845633202,-0.014847776950745033,-0.011019581496402666,0.31535700402561617,0.027913028796378286,0.2727075940700126,0.024979584849357164
2023-10-02,0.002671090180741655,0.02684115881417842,0.0023661237619032873,0.024979584849357164,-0.32540594899516395,0.024475035052275187,-0.0899829237084821,-0.013053490322576392
2023-10-03,-0.001715682245591459,0.0006705386411224794,-0.017518600570867335,-0.013053490322576392,0.030984823093463308,0.018189139211989638,-0.0768268317952951,0.020996869825048527
2023-10-04,0.002714733809668405,0.023434017484131237,0.0007548770492887489,0.020996869825048527,0.1515872108233327,0.02267914043484278,0.0969938442536845,-0.0012578016595522995
2023-10-05,-0.0012578016595522995,0.0018468589437081418,-0.013324165475220077,-0.0012578016595522995,-0.299293402544272,0.015171024418928201,-0.23476440079211935,0.01841236260885932
2023-10-06,-0.007878833756593125,0.022619243546688757,-0.007878833756593125,0.01841236260885932,0.3304017640104536,0.030498077303281797,0.11724427525682977,0.006086948778579012
2023-10-09,-0.004662687885677625,0.009836623429507446,-0.0144224558062462,0.006086948778579012,-0.3587590758120159,0.024259079235753562,-0.21457310116101272,-0.0026041725937966036
2023-10-10,0.0005777974419282711,0.009347900489947948,-0.007905726310028371,-0.0026041725937966036,0.3655841534934114,0.01725362679997635,0.17652980620557365,0.017874963473841585
2023-10-11,0.0037594338205463413,0.021851376803361206,0.0037594338205463413,0.017874963473841585,-0.07091728280243456,0.018091942982814923,0.06524308296604411,-0.011305227783086545
2023-10-12,0.0035511400184954313,0.004755647666672866,-0.016427388279073456,-0.011305227783086545,-0.04418505167902928,0.02118303594574623,0.028242707579113614,-0.011652870249758524
2023-10-13,0.0029459597603244945,0.007384331326881132,-0.017054777718820913,-0.011652870249758524,-0.05583984840455589,0.024439109045701877,-0.06775780582593985,0.012587921775348562
2023-10-16,0.005879576783726236,0.016390880891090007,0.004576037539218788,0.012587921775348562,0.1963590445033446,0.01181484335187116,0.1625030380106275,0.004447285867399575
2023-10-17,-0.0033845940358255833,0.005734695235718365,-0.013899264128140987,0.004447285867399575,-0.1922982160630692,0.019633959363859428,-0.10318020055912015,-0.01267659194145642
2023-10-18,-0.001934336486158974,0.007131680428585152,-0.01688958434729541,-0.01267659194145642,-0.006005460481328215,0.024021264775880652,-0.07587508826438881,-0.0015233887009325497
2023-10-19,0.0039064888934367435,0.01224708690553768,-0.0042129924058390495,-0.0015233887009325497,0.10896470793377731,0.016460079311376594,0.05319149546666266,-0.0157310275155525
2023-10-20,-0.0030536461575872815,0.0008707287344510157,-0.019573238960321777,-0.0157310275155525,0.010293650069731652,0.020443967694772695,0.05301647557560674,0.006615194107543093
2023-10-23,-0.004138439387444028,0.015077483055313515,-0.012242847309666982,0.006615194107543093,-0.0006761171383564608,0.027320330364980345,0.02926450595697983,0.016781459373888273
2023-10-24,0.00969644036621072,0.020735902858853593,0.00671730165340165,0.016781459373888273,0.5322779688772656,0.014018601205452053,0.578780144197342,-0.09992420044064101
2023-10-25,-0.07982656210434265,-0.07865688211938025,-0.1042324958781273,-0.09992420044064101,0.6326395625399918,0.025575613758747055,1.0547920931143857,-0.02686838651847985
2023-10-26,-0.018804829227198696,-0.010242537866039575,-0.0351624365710459,-0.02686838651847985,-0.39104422390459215,0.02491989870500647,0.31650286012233625,-0.0008999846115737982
2023-10-27,0.0048947600078380815,0.008388003043725695,-0.017073281339685463,-0.0008999846115737982,-0.24714016783555506,0.025461284383411085,-0.06960459389006128,0.018570869356867088
2023-10-30,0.008476706777743509,0.0260951379387055,0.004736264246421888,0.018570869356867088,-0.4317542790946284,0.021358873692283554,-0.5749001480680423,-0.003057838159742598
2023-10-31,0.00480923083219708,0.0072850152506676305,-0.01432350308300075,-0.003057838159742598,-0.09595205597122777,0.02160851833366844,-0.6809986671299335,0.01892041535653451
2023-11-01,-8.06136302588178e-05,0.01923670314558511,-0.002905575941804175,0.01892041535653451,0.13466416248169225,0.02214227908738939,-0.47235688693589206,0.008190964412100639
2023-11-02,0.015459179125705404,0.0198103714753757,0.0037888068225027517,0.008190964412100639,-0.10349921792473603,0.016021564652873032,-0.32092157037366625,0.012549431736053501
2023-11-03,0.004148621693275628,0.015874591724101196,0.0028980067182058614,0.012549431736053501,-0.027338452853634357,0.012976585005895307,-0.17374285947146684,0.008868335503455163
2023-11-06,-0.00038739531752705387,0.00955904767762407,-0.003336372163748751,0.008868335503455163,-0.32589378854137574,0.012895419841372923,-0.376621434272609,0.005512618028314088
2023-11-07,0.003525499528585375,0.01266421898953333,-0.0028446958040327557,0.005512618028314088,0.4458656562295012,0.015508914793566175,0.1431256600958455,0.006620739722448967
2023-11-08,0.0,0.009423319642054515,-0.0014517858626805506,0.006620739722448967,-0.11873367438316232,0.010875105504734923,-0.002125206487805119,-0.012210093952767625
2023-11-09,0.0009098588541878303,0.005370917374241297,-0.013516214998767921,-0.012210093952767625,-0.10685091104830913,0.018887132373009236,-0.08097191659514044,0.017882688075354543
2023-11-10,-0.001075511998980788,0.019465315590965454,-0.006393257299389714,0.017882688075354543,0.1251306936013121,0.02585857289035512,0.0707356951343388,-0.003778151795404371
2023-11-13,-0.006127776284342162,0.0,-0.01015773103509321,-0.003778151795404371,-0.3843652545511304,0.010157731035093214,-0.3177700719353007,0.011516433243381391
2023-11-14,0.01577324359509697,0.026963063640397456,0.009268827665249902,0.011516433243381391,0.5697549300138,0.01769423597514767,0.25778335193597285,0.007456044356685376
2023-11-15,0.00931140137011788,0.010497052977911337,-0.000374174131481093,0.007456044356685376,-0.305743982258826,0.01087122710939237,-0.06881633724593351,0.017013834543871627
2023-11-16,0.00422525612389958,0.019129527847212554,-0.0022308910140722044,0.017013834543871627,0.16040954624280673,0.021360418861284692,0.11186108370994935,-0.011901368622865961
2023-11-17,-0.006814907119308138,-0.006373845882045817,-0.024245395938339086,-0.011901368622865961,0.2847237363278199,0.017871550056293296,0.36309482112770936,0.006923009310859361
2023-11-20,-0.012044718975766285,0.0099276919173671,-0.01256851027769088,0.006923009310859361,-0.29180614470894595,0.022496202195057977,-0.005433969790515371,0.005270499115569634
2023-11-21,0.0002934856344395807,0.0068024451365187935,-0.0021306593342450444,0.005270499115569634,-0.2060827846674079,0.008933104470763942,-0.27718328835356126,0.011036227860400679
2023-11-22,0.0036437877041836874,0.017729014265957747,0.0036437877041836874,0.011036227860400679,-0.23953158317900647,0.014085226561773922,-0.4491213602967991,-0.013082554493863635
2023-11-24,-0.0033271165275892537,-0.0026028544580568302,-0.018216766504574707,-0.013082554493863635,-0.35310706099266276,0.015613912046517861,-0.7579301421454628,-0.00205052267409067
2023-11-27,-0.004840165353900363,0.012576922160004667,-0.0050607202894082,-0.00205052267409067,0.6274226457148225,0.01763764244941277,-0.007118163779405667,0.005774609697282341
2023-11-28,-0.002422121808041019,0.006138997038270449,-0.007284036815172099,0.005774609697282341,-0.22416811969771758,0.013423033853442522,-0.10689644176586022,-0.01623895073479851
2023-11-29,0.0026932386641924876,0.007913187878726137,-0.017350829841716698,-0.01623895073479851,0.2465597124846432,0.02526401772044284,0.23087976415637518,-0.018391716632034323
2023-11-30,0.000444360522015192,0.00413985614471123,-0.02786830483048776,-0.018391716632034323,0.48657537218000396,0.032008160975198985,0.7035514018240597,-0.005068267367880593
2023-12-01,-0.005068267367880593,-0.0031741121715308275,-0.014133978693580457,-0.005068267367880593,-0.21510748101906602,0.010959866522049657,0.2899943712316187,-0.019837484967406196
2023-12-04,-0.015129773484494805,-0.01397557463856748,-0.03049203779889203,-0.019837484967406196,0.15380213495312192,0.01651646316032455,0.29459860150772516,0.013217752998775697
2023-12-05,-0.002478564685388928,0.02195868863623099,-0.007921789295653216,0.013217752998775697,-0.2919681401138973,0.029880477931884194,-0.08985968978527131,-0.007432708708957116
2023-12-06,0.0034294659580064433,0.0064680120389314245,-0.008510041515864401,-0.007432708708957116,-0.14975038633813414,0.014978053554795886,-0.295779222823593,0.051781475219009256
2023-12-07,0.03788266349367655,0.0636151095579252,0.035361743124007174,0.051781475219009256,0.8787192039565144,0.028253366433918004,0.5854106471944219,-0.01426905054150682
2023-12-08,-0.020138591058150166,-0.003878092193181355,-0.02140614647264058,-0.01426905054150682,-0.5651257600529139,0.01752805427945921,-0.08630711180993723,-0.01267358706830209
2023-12-11,-0.019524130738257074,-0.01229851258838686,-0.02725909196333169,-0.01267358706830209,-0.035402234238786794,0.014960579374944832,-0.1263493754347314,-0.005793545573734896
2023-12-12,-0.011165682043339707,-0.0021780270237974834,-0.015347108049465456,-0.005793545573734896,-0.07000271293587168,0.013169081025667951,-0.16453715823613776,0.00037725338687553934
2023-12-13,0.006468624140623952,0.0073678681684877755,-0.007194524626223139,0.00037725338687553934,0.03625840214801726,0.014562392794711103,-0.1378629997534869,-0.004763570760054372
2023-12-14,0.006091370753748476,0.008637207622005873,-0.02196385688610352,-0.004763570760054372,0.2517336164789262,0.03060106450810939,0.07678015961794592,0.004989831482653308
2023-12-15,-0.0024283463684654865,0.011829047959150995,-0.0057769222663987445,0.004989831482653308,0.27240484642790536,0.017605970225549786,0.45525481584815164,0.023846113815748277
2023-12-18,0.00022620954026453523,0.03373804909983699,-0.0012829751487603526,0.023846113815748277,-0.4550570158914691,0.035021024248597196,-0.10889193791506449,0.006239630111719656
2023-12-19,0.007629095750384359,0.01222248276606811,0.0020597239462896446,0.006239630111719656,-0.23599784037496618,0.010162758819778489,-0.3510980484404241,0.012291528991875592
2023-12-20,0.016835223573664584,0.03628925745112347,0.010337988266441852,0.012291528991875592,0.6562374294411297,0.02595126918468153,0.32498521093032307,0.014923521848625923
2023-12-21,0.008278556783851997,0.016844509041577548,0.006053610091993366,0.014923521848625923,-0.5802452039655472,0.010790898949584227,-0.35701357614792795,0.0075911634822911755
2023-12-22,0.0024894646412629852,0.011118752723983875,0.002063163965118067,0.0075911634822911755,-0.03540136989346901,0.00905558875886572,-0.33351728239196443,0.00021199800978108086
2023-12-26,0.0007064494011469078,0.008375227125953604,-0.0021225637184806205,0.00021199800978108086,-0.4581535103961967,0.010497790844434245,-0.6509064710797414,-0.008159321280398101
2023-12-27,0.0004944513913658402,0.003949212090018074,-0.01158468491607543,-0.008159321280398101,0.15678210703001055,0.015533897006093526,-0.3929584216625626,-0.000997857489899843
2023-12-28,0.0029166207480529217,0.00547054248730903,-0.004426646725725905,-0.000997857489899843,-0.20154678542755097,0.009897189213034866,-0.5534481190984838,-0.0038582020542593594
2023-12-29,-0.004287799347279957,0.0009266537924519205,-0.010393964595590385,-0.0038582020542593594,0.15484577357052065,0.011320618388042374,-0.12818656808341666,-0.01094090140038421
2024-01-02,-0.008194405881387331,-0.001719607027521458,-0.02324764677807365,-0.01094090140038421,0.23566083587397613,0.021528039750552178,0.19328122306349071,0.005413416878841
2024-01-03,-0.006680717426751,0.010511304107363575,-0.007920087452420389,0.005413416878841,0.020904997851393967,0.018431391559784033,0.24347935999181444,-0.018379790231494452
2024-01-04,-0.003605686509767051,0.0017261619043280449,-0.018673060640044467,-0.018379790231494452,0.11407139684859434,0.020399222544372424,0.28215306902233994,-0.004850837631510599
2024-01-05,0.002636016838353048,0.005629729830525076,-0.009133196902329851,-0.004850837631510599,-0.18679100881087016,0.01476292673285507,0.02454877846557857,0.022654577784886214
2024-01-08,0.004117332345566269,0.02387824664045056,0.003897198199452812,0.022654577784886214,-0.05055507579295784,0.01998104844099781,-0.08322525210747428,0.015083031291657951
2024-01-09,-0.002451838989719929,0.01890691741443819,-0.0049821574280405805,0.015083031291657951,0.1456354721479894,0.023889074842478694,0.03970503856542863,0.009391742591899862
2024-01-10,0.0003546944693971778,0.014439434351136165,-0.00028378121276234825,0.009391742591899862,-0.14955831248036439,0.014723215563898587,-0.11862632435706162,-0.001406646369320441
2024-01-11,0.008468446142200128,0.020452903857318187,-0.011593508903619017,-0.001406646369320441,0.1187612845440114,0.03204641276093718,0.024523646454685417,0.004003742741507552
2024-01-12,0.004143966161176817,0.007851941084036479,-0.0018315926110311891,0.004003742741507552,-0.24533096900735366,0.00968353369506772,-0.19373137908212085,-0.0011221745139363387
2024-01-16,-0.004566977271597395,0.011846913518839711,-0.008447758700098704,-0.0011221745139363387,0.18797922420293775,0.020294672218938447,0.027497981953933055,-0.007184171259372269
2024-01-17,-0.008032733039163277,-0.004572224411563727,-0.025517654540421816,-0.007184171259372269,-0.07803843921214533,0.020945430128858123,-0.06195962134047917,0.014107933787134715
2024-01-18,0.0040914406843348,0.0191829280306116,0.003668982173694346,0.014107933787134715,0.2052687308666237,0.015513945856917198,0.1778865128899406,0.020010390643497574
2024-01-19,0.008743444503238516,0.02048842954883453,0.006253123643505146,0.020010390643497574,0.2860309649165241,0.014235305905329518,0.42366163905825566,-0.0026678496913054473
2024-01-22,0.004906655569497517,0.013637925374694822,-0.0036959082702337897,-0.0026678496913054473,-0.06234690159382695,0.017333833644928694,0.27377198840059114,0.007166449108358154
2024-01-23,-0.0006852549387144875,0.008118113895893021,-0.003362077227329255,0.007166449108358154,-0.3976156589085358,0.01148019112322236,-0.22780762213302977,0.011226219995957203
2024-01-24,0.010149624094862916,0.0189302215462719,0.0071831495386420734,0.011226219995957203,0.15380926084837704,0.011747072007629653,-0.06635538471017371,0.021094026647722013
2024-01-25,0.009171067770054372,0.028833852387842696,0.005633037731778544,0.021094026647722013,0.1442515607609782,0.02320081465606424,0.046752966726134666,0.002104896697625155
2024-01-26,-0.005082949918338433,0.004401953131363765,-0.005678836179377708,0.002104896697625155,-0.10989502974466975,0.010080789310741333,-0.08731191959572034,0.008635919412816408
2024-01-29,-0.0008545925437941833,0.010393245377511944,-0.005006332687002142,0.008635919412816408,0.06194210517521746,0.01539957806451412,0.03357532288440659,-0.013444067688021272
2024-01-30,-0.0046357789966986985,0.0007163130841746087,-0.015228335561311182,-0.013444067688021272,0.26822227787082786,0.01594464864548581,0.3352239724895348,-0.07796511110495197
2024-01-31,-0.05315071932930086,-0.050508308437333754,-0.0796082231317706,-0.07796511110495197,0.6827219462787536,0.029099914694436936,0.910783742708957,0.007537527841654671
2024-02-01,0.014315239887473977,0.020907608706244658,0.004912873878949823,0.007537527841654671,-0.574940865781741,0.015994734827294937,0.05611812324353374,0.00860554921991974
2024-02-02,-0.013551374681020335,0.010289691613599727,-0.0335694101250227,0.00860554921991974,0.43468568538921404,0.043859101738622355,0.4333244978839189,0.009088979608021304
2024-02-05,0.0030855734338705557,0.021470314206856026,0.002805401554818962,0.009088979608021304,-0.4843616655233551,0.018664912652037145,-0.21619451178306087,0.0029189917836085974
2024-02-06,0.00672843564910359,0.0116248747088339,-0.0034161168419464543,0.0029189917836085974,-0.2790917141034238,0.015040991550780205,-0.5391687702547584,0.009943371426617494
2024-02-07,0.004569615387255849,0.010492910073783456,-0.001180525974375758,0.009943371426617494,-0.14450967032601447,0.011673436048159323,-0.6544066903743766,0.0025391015861390654
2024-02-08,0.0019906554933601093,0.005413440829318166,-0.0030277148338615726,0.0025391015861390654,-0.11085025460728831,0.008441155663179697,-0.5513528869057217,0.020956287571115912
2024-02-09,0.00526327489546497,0.023904972443222303,0.0018486705737915683,0.020956287571115912,0.17315517624670332,0.022056301869430927,-0.28231481797852453,-0.009914769290254085
2024-02-12,-0.003900225740452475,0.0022792551401370664,-0.010999907853303698,-0.009914769290254085,-0.21847213347126698,0.013279162993440823,-0.27701843639926166,-0.016332747010474977
2024-02-13,-0.01784968326326294,-0.005846383880721226,-0.026373318423302483,-0.016332747010474977,0.2553613221736574,0.0205269345425811,0.10516216325919733,0.005496805421579417
2024-02-14,0.006455639736530432,0.009463177425458295,-0.007260710715318102,0.005496805421579417,-0.2038412877115632,0.016723888140776275,-0.08832598131584783,-0.021960621339699966
2024-02-15,-0.019372427019876164,-0.01672116698672591,-0.038272796536296234,-0.021960621339699966,0.5042067499773044,0.02155162954957037,0.4362860903635952,-0.015885115924337036
2024-02-16,0.001539762434566862,0.002937463009422198,-0.018593055139520316,-0.015885115924337036,-0.1777569228355886,0.021530518148942662,0.14192113137657716,0.004260699855779555
2024-02-20,-0.0061389341627783355,0.011040434329078188,-0.007356904317786263,0.004260699855779555,-0.22435261778963714,0.01839733864686436,-0.11584861812966503,0.01008227910896158
2024-02-21,0.0023357185147075184,0.011063904394294104,-0.0031228021152424662,0.01008227910896158,-0.07949105371653767,0.014186706509536653,-0.22038786648064998,0.010745242162398602
2024-02-22,0.016557979931160052,0.01704090565356106,0.0017522345093235181,0.010745242162398602,0.15776304979996578,0.015288671144237657,-0.03022636104585287,-0.0009025490815505986
2024-02-23,-0.0029190886516488692,0.004086277530909641,-0.0045910186880530526,-0.0009025490815505986,-0.33282266853948916,0.00867729621896275,-0.3945717766749185,-0.04540259813501695
2024-02-26,-0.01272304674312913,-0.010614654298392263,-0.046711937354478844,-0.04540259813501695,1.0122321486020902,0.036097283056086754,0.751345578994581,0.00947735435769536
2024-02-27,0.0032657014349864923,0.012137947094549191,-0.003495313978212271,0.00947735435769536,-0.4828195019907848,0.015633261072761497,0.10704643460558354,-0.018165143175038076
2024-02-28,-0.0070815455317312865,-0.006284179573244224,-0.025303046031206585,-0.018165143175038076,0.12025067596806335,0.01901886645796234,0.17518368391061076,0.015136380843956203
2024-02-29,0.0065774839520823586,0.01802109282507129,0.00014655776667723752,0.015136380843956203,0.12107149274623609,0.017874535058394057,0.21003765655438547,-0.009579226333812212
2024-03-01,-0.00021679394900246042,0.002956684810798574,-0.011184723450645149,-0.009579226333812212,-0.3019817240093692,0.014141408261443774,-0.17582561201844527,-0.028025001006977447
2024-03-04,-0.01085051489295072,-0.01085051489295072,-0.038882397782635865,-0.028025001006977447,0.5864914187804586,0.028031882889685274,0.3497813384765114,-0.005112468271415725
2024-03-05,-0.011084841170475881,-0.0008252418456002993,-0.020302249410429556,-0.005112468271415725,-0.33160334236774314,0.01947700756482929,0.006302722760172109,-0.009618768526633837
2024-03-06,0.00338611226586407,0.00683573487778877,-0.013813152505965811,-0.009618768526633837,-0.1293278966732185,0.02064888738375442,-0.1579378578630802,0.022425584227242064
2024-03-07,0.010522822841580314,0.026584193691192595,0.001596948883191218,0.022425584227242064,0.06626310669832115,0.024987244808001213,-0.081907999848545,0.00763559621147251
2024-03-08,-0.0012658563930582557,0.027233976149669804,-0.002831843876949145,0.00763559621147251,0.042341420874957375,0.030065820026618954,-0.017873670839267237,0.01655226373520152
2024-03-11,0.0053031073537948056,0.026885902768680244,0.0053031073537948056,0.01655226373520152,-0.19368985548610052,0.02158279541488537,-0.2517588041189404,0.0060108218528587025
2024-03-12,-0.00465963272471596,0.01234454726821333,-0.00465963272471596,0.0060108218528587025,-0.1628356037030635,0.017004179992929084,-0.29475229792043633,0.00927092282740633
2024-03-13,0.003603607503298618,0.01852763304183331,0.00353170199128201,0.00927092282740633,-0.16601174315747858,0.014995931050551524,-0.39006710282941537,0.02340248075970565
2024-03-14,0.009965269858271278,0.026820742347555313,0.00478155007521363,0.02340248075970565,0.604971661806286,0.022039192272341537,0.28686064291565067,-0.013508109125766214
2024-03-15,-0.004201729505799915,0.0005587995996091656,-0.021687052564259512,-0.013508109125766214,0.14602685196330906,0.022245852163868565,0.4021102839046246,0.04501210107060446
2024-03-18,0.051289808788808434,0.07483121613911968,0.04155274864551665,0.04501210107060446,0.3365897484371323,0.033278467493602915,0.6794244049942332,-0.0044110818721861825
2024-03-19,0.003245074455786388,0.007488149557153923,-0.010893291778082985,-0.0044110818721861825,-1.057082454930613,0.018381441335236833,-0.568112181260829,0.011563212919313108
2024-03-20,0.006575634476957798,0.012369631744779137,-0.0019742885666357395,0.011563212919313108,-0.12173603673202053,0.01434392031141475,-0.6732671366641937,-0.007693898688367115
2024-03-21,0.004895859758129999,0.010899038855772158,-0.012447810575418492,-0.007693898688367115,0.14980489292562943,0.023346849431190676,-0.5136705446839802,0.02124957161033005
2024-03-22,0.010245364674994739,0.026607596945570553,0.009306086551942793,0.02124957161033005,0.1655210111855538,0.017301510393627838,-0.2571361853205214,-0.004653624415187048
2024-03-25,-0.005520294770962679,-0.002590068708726501,-0.019760158223467966,-0.004653624415187048,-0.41813757975090704,0.017170089514741468,-0.5617923839038913,0.003990101947201742
2024-03-26,0.0009989936707219778,0.014487649087294023,-0.0005999773268743973,0.003990101947201742,0.14136170612938323,0.015087626414168422,-0.06834125578851845,0.0013265038271645362
2024-03-27,0.0033791287565728178,0.006417283962682434,-0.011817103961188256,0.0013265038271645362,0.03243133725387676,0.018234387923870672,-0.019574463578552085,0.00039759815646706043
2024-03-28,-0.00013250042171711278,0.0037049171139244405,-0.004650532988635602,0.00039759815646706043,0.0678488206880709,0.008355450102559931,0.034925345457572844,0.029765351553730487
2024-04-01,-0.0015913420125020536,0.03137188077613548,-0.002122386367792368,0.029765351553730487,0.25921079645628653,0.03349426714392788,0.29642423020830777,-0.005999101529450245
2024-04-02,-0.012880889170558211,-0.0050937183457311075,-0.02171461996995159,-0.005999101529450245,-0.2551106427645492,0.016620901624220537,0.02018278577519289,0.0023264881588352425
2024-04-03,-0.006230494218358959,0.003358769941530545,-0.01191072605995302,0.0023264881588352425,0.004828477052564043,0.015269496001483385,-0.01849219847936312,-0.028746451064150157
2024-04-04,-0.009208275799943221,-0.0009686712973004242,-0.02927806003534051,-0.028746451064150157,0.3404455969965197,0.028309388738040113,0.3018446950854018,0.013002204284421604
2024-04-05,-0.003327125800516425,0.019016854833190208,-0.006197285423767519,0.013002204284421604,-0.3921885072471028,0.025214140256957816,-0.17859682633476143,0.015292349787408998
2024-04-08,0.0018343740758066912,0.01800096846194418,0.000721055454737613,0.015292349787408998,-0.125032428085572,0.017279913007206597,-0.2962844689421647,0.011237876697022097
2024-04-09,0.00797579467392151,0.023676109349437004,0.0021932425803818907,0.011237876697022097,0.4063181238923952,0.021482866769055035,0.19257500924463788,-0.002941785748754636
2024-04-10,-0.00249352370922819,6.381984371556911e-05,-0.012336403143583008,-0.002941785748754636,-0.30809635091679805,0.012400222987298723,-0.16494031230979267,0.020726485835308294
2024-04-11,0.00491937912675004,0.02241872991190653,0.0020473923848681524,0.020726485835308294,0.17352882864245472,0.020371337527038333,0.02254447094306212,-0.01059483920624907
2024-04-12,-0.009137643696412649,0.005068355787438175,-0.01434239875490166,-0.01059483920624907,-0.06905623958555236,0.019410754542339648,0.012085180389843445,-0.01836319651231271
2024-04-15,0.00713863163485591,0.009527849216045818,-0.020108256093133554,-0.01836319651231271,0.06795500915323062,0.029636105309179386,0.06502718300530558,-0.0029748888397559555
2024-04-16,-0.004335862882876002,0.005088370774648682,-0.00927709767932549,-0.0029748888397559555,-0.26691276136338205,0.01436546845397424,-0.251256035694053,0.0069061967532115616
2024-04-17,0.00787050875214008,0.017208643306504325,0.0011651754639445152,0.0069061967532115616,0.0462489512922066,0.016043467842559698,-0.12476141101356361,0.0034672777354793306
2024-04-18,-0.0008365553966436513,0.009410787442285466,-0.005482332500453534,0.0034672777354793306,-0.0903507798001689,0.014893119942738812,-0.20634949236117658,-0.012383249021104433
2024-04-19,0.0012171453192590183,0.0022409722794316587,-0.024067792609902664,-0.012383249021104433,0.49492560624625703,0.026308764889334386,0.35002892767632054,0.01411243884814956
2024-04-22,0.0014267267339543317,0.022777124927276644,-0.00019470245001349814,0.01411243884814956,-0.20967822083581372,0.02297182737729002,0.0790738507609446,0.012589953095433355
2024-04-23,0.004341776215565715,0.01706625047573789,0.0,0.012589953095433355,-0.2233969279372229,0.01706625047573789,-0.13865708851603384,0.005482293435213917
2024-04-24,-0.004877216405367458,0.008243527850754656,-0.006911205033218814,0.005482293435213917,0.07412789614874686,0.01515473288397339,-0.06758738041082325,-0.019865501656979652
2024-04-25,-0.050258614107835144,-0.016729363629103895,-0.0533030024189042,-0.019865501656979652,0.9191305307445763,0.03657363878980021,0.8432402444415446,0.09734771188080067
2024-04-26,0.11132344307726981,0.11327148766545252,0.08388144800359788,0.09734771188080067,0.12425075650878567,0.029390039661854595,0.7028502872654993,-0.034312761064707355
2024-04-29,-0.016950052070620135,-0.014055832559528995,-0.03998628654945621,-0.034312761064707355,-0.3490977454276643,0.025930453989927268,0.17127869808749474,-0.02049136966583286
2024-04-30,-0.0032553277787555858,0.01166811865777663,-0.02159772341492445,-0.02049136966583286,-0.3067057004622305,0.03326584207270101,-0.23049402110664874,0.006612820038706598
2024-05-01,0.009294455217726443,0.02631249963110863,0.0019025848144980533,0.006612820038706598,-0.002078857109243321,0.024409914816610482,-0.2896462129890467,0.01670333280317802
2024-05-02,0.005659486842176198,0.017363303508834877,0.00018305891307797133,0.01670333280317802,-0.32109244587237823,0.01718024459575693,-0.6575164839154398,0.0037141980926755037
2024-05-03,0.00562574026681132,0.008010154547321983,-0.021658820289655094,0.0037141980926755037,0.3554055386958429,0.02966897483697702,-0.1513205617578861,0.005129137389049048
2024-05-06,0.0013146175342906036,0.005367022742772921,-0.00726145176696753,0.005129137389049048,-0.46048025089533096,0.012628474509740379,-0.45068702319195425,0.018565400418927635
2024-05-07,0.002376673069009462,0.021539044865492133,0.0017236372741798345,0.018565400418927635,0.24844608802745907,0.019815407591312277,-0.053370935734367776,-0.010979736821319848
2024-05-08,-0.01322576221926125,-0.006444112066802417,-0.014765375850842118,-0.010979736821319848,-0.35966957151556217,0.00832126378403967,-0.37497708347544906,0.0034184144282264363
2024-05-09,5.900467404310647e-05,0.007704319758385936,-0.007109949466143492,0.0034184144282264363,-0.24305132438462593,0.014814269224529258,-0.5151001320972969,-0.007737629432010242
2024-05-10,-0.011420627124183342,-0.0006474242079086516,-0.022431427919357226,-0.007737629432010242,0.6636045705934904,0.02178400371144855,0.22071695951681128,0.0029012454282868355
2024-05-13,-0.026375020447070432,0.0037286161415555734,-0.027959097493032565,0.0029012454282868355,0.0499944603348105,0.03168771363458818,0.312256649132734,0.007069647468594515
2024-05-14,0.003717834243195623,0.012397706396816801,-0.002012170504527314,0.007069647468594515,-0.22055255315983704,0.014409876901344123,0.012434160884392987,0.012658755748956483
2024-05-15,0.0017010799414383072,0.013469970269929908,0.0009974955998657358,0.012658755748956483,0.06997698141435511,0.012472474670064067,0.10616401943932828,0.009634031251812092
2024-05-16,0.004511278945549337,0.015016251368871926,0.0010429197710175172,0.009634031251812092,0.03355156242602012,0.013973331597854511,0.08059780126359106,0.010735626950979764
2024-05-17,0.0,0.011927729455143322,-0.0028170900928470442,0.010735626950979764,-0.1296476263523339,0.014744819547990411,-0.14199682597935562,0.004872810484645594
2024-05-20,0.0007381398933443399,0.015275255160341386,0.00011361545133837443,0.004872810484645594,-0.08189769359795039,0.015161639709003173,-0.18544908745615904,0.005242890062290755
2024-05-21,-0.00011307598739954242,0.00692821514079565,-0.006293790082425895,0.005242890062290755,-0.2833405486969521,0.013222005223221556,-0.4019792226360211,-0.008299746569281176
2024-05-22,-0.0068267730794084,-0.003943735855257656,-0.01495523989482913,-0.008299746569281176,0.05109314957622528,0.011011504039571601,-0.284652319597077,-0.0161750262514062
2024-05-23,0.003904389838017107,0.010546273150889232,-0.019638268405656828,-0.0161750262514062,0.16202467985976443,0.03018454155654613,-0.04325101557568016,0.008263100932848424
2024-05-24,0.008205897369155401,0.012710586639808084,0.0005759841495957795,0.008263100932848424,-0.23754648873131975,0.012134602490212214,-0.21643084136073149,0.008025248147303455
2024-05-28,-0.0030907106857710987,0.012945157302166917,-0.0035494104981512982,0.008025248147303455,0.21577968894376717,0.01649456780031824,0.07920592491453718,-0.0028384919275310123
2024-05-29,-0.00551404778126178,0.0024912392771775332,-0.009569409429096391,-0.0028384919275310123,0.1283123499265245,0.01206064870627386,0.2285979923927976,-0.02178180621655362
2024-05-30,-0.003987455961148696,-0.003873282839824598,-0.02364285548820497,-0.02178180621655362,-0.019741488528902017,0.01976957264838032,0.14234268497416644,0.0022634256432374996
2024-05-31,-0.0014536153916537807,0.005504530243133586,-0.01563491456640365,0.0022634256432374996,0.49552657884539736,0.021139444809537222,0.5883205105358282,0.003876523918904244
2024-06-03,0.00023181826507136875,0.011699403171099793,-0.007798423526973824,0.003876523918904244,-0.3153404652032601,0.019497826698073546,0.12543053390564413,0.003573874754254596
2024-06-04,0.000635015817676221,0.003919133171492516,-0.007419026601079553,0.003573874754254596,-0.021329990265494238,0.011338159772572094,0.01807635435705853,0.009278476588541843
2024-06-05,0.008080525939008768,0.01632270410911921,0.0008052421653358588,0.009278476588541843,-0.1972163821970781,0.015517461943783539,-0.22582016626774234,0.007497008293515699
2024-06-06,0.0027895053116155093,0.009870685124424464,0.0019364189576592914,0.007497008293515699,0.05219688946635028,0.007934266166765245,-0.16403135451509301,-0.012927592537853904
2024-06-07,0.0018090757679823212,0.0064297989091751445,-0.013845149992004974,-0.012927592537853904,-0.16769081909759254,0.02027494890118,-0.3340519557217712,0.003147556271573364
2024-06-10,0.0029190101443939956,0.01479311690554465,-0.00979221119278113,0.003147556271573364,0.18794367353843883,0.024585328098325622,-0.005766698574995262,0.009157420634441582
2024-06-11,0.006890137605387783,0.010402264489088918,-0.007110473439314418,0.009157420634441582,-0.09666146980846559,0.01751273792840338,-0.0706477845364325,0.006602536370781039
2024-06-12,0.009186554899613515,0.021231554368735302,-0.0028917011220573607,0.006602536370781039,0.2574211282758952,0.0241232554907928,0.23406437954042988,-0.014903177925151332
2024-06-13,-0.00949423749283846,-0.005923283595234824,-0.01650298841641333,-0.014903177925151332,-0.2869753345557439,0.010579704821178494,-0.1041496438459102,0.00926268670099959
2024-06-14,-0.005380987442999375,0.010788781553900005,-0.005782901075874641,0.00926268670099959,-0.14648645654132794,0.016571682629774532,-0.2302855499148204,0.0025422277826682095
2024-06-17,-0.007551414576809271,0.008841433639875346,-0.011262893684384651,0.0025422277826682095,0.08257413494285823,0.020104327324259895,-0.13355980927609623,-0.012204670801446875
2024-06-18,-0.0005644003882410249,0.0008459177360263089,-0.017874895492418538,-0.012204670801446875,0.10863826358933462,0.018720813228444846,0.012411466053918352,0.006887000191209118
2024-06-20,0.0015978933156404228,0.012486665518238758,-0.0005712456976843995,0.006887000191209118,-0.08140585869618853,0.013057911215923068,-0.07203880801504986,0.018712100249503743
2024-06-21,0.003962625859977492,0.02548088543330414,0.0017568084503566347,0.018712100249503743,1.0525737779069824,0.023724076982947415,1.0543123829633025,-0.0022850986960827714
2024-06-24,0.002946158314953358,0.0069899013760295475,-0.005358688266528816,-0.0022850986960827714,-1.1494874171579645,0.012348589642558274,-0.4071840365057064,0.0264846728966558
2024-06-25,0.0022293727914058804,0.0278964591456822,0.001115307658454667,0.0264846728966558,0.23434735872769585,0.02678115148722758,-0.17454031142049978,-0.0008153836715591419
2024-06-26,-0.007636506223886413,0.0026048516182288904,-0.008458226601107005,-0.0008153836715591419,-0.15348942562440443,0.011063078219335838,-0.353211520876963,0.008286211368804699
2024-06-27,0.0016301030342161314,0.011732073703152615,0.0007610730792180478,0.008286211368804699,-0.051195140607025805,0.010971000623934454,-0.38992085432885903,-0.01773911891478509
2024-06-28,-0.005896191617218524,-0.0015113014850419142,-0.018782689261881938,-0.01773911891478509,0.43622674550920265,0.017271387776839946,0.05577101182885766,0.0046010466121369185
2024-07-01,0.004819577216066298,0.009452907545980486,-0.004677355352942625,0.0046010466121369185,-0.5997114026803454,0.014130262898923147,-0.3114387806961577,0.01222077470833332
2024-07-02,-0.005150145173788758,0.014000672266486056,-0.007845372417090112,0.01222077470833332,0.0819185966238788,0.02184604468357618,-0.2083229704679752,0.0031261913619707823
2024-07-03,-0.0021075928654706957,0.004578096707038775,-0.0067165536578735205,0.0031261913619707823,-0.5283818194956277,0.011294650364912345,-0.6813824025305639,0.025398520613913386
2024-07-05,0.0002152027842952091,0.026761675558179723,-0.00010765982413069634,0.025398520613913386,0.7164669431657119,0.026869335382310438,0.1346942753272674,-0.008271297078391202
2024-07-08,-0.0036794375651861846,-0.0022586239070736323,-0.01490596491305091,-0.008271297078391202,0.0032568820839023694,0.012647341005977251,0.11509221774891118,-0.00026455941787854214
2024-07-09,0.006748582536007995,0.012250747787461205,-0.0016412845966031712,-0.00026455941787854214,-0.33011954290278184,0.013892032384064404,-0.12441791408659339,0.011574187578551444
2024-07-10,0.0008991520644403645,0.014551273500891922,0.0002645594178784372,0.011574187578551444,0.05350459770281492,0.014286714083013533,-0.060527195497408405,-0.029783145500013125
2024-07-11,-0.006981035498067016,-0.0016751761380151486,-0.03242718039291145,-0.029783145500013125,0.4739840997230836,0.030752004254896236,0.4303561537028905,-0.0026980373599585126
2024-07-12,-0.0026440348928983945,0.008264473643122447,-0.005836917580477354,-0.0026980373599585126,-0.11253261735983972,0.014101391223599893,0.1483885973034999,0.00785790604714544
2024-07-15,-0.000810882246903505,0.016983602135758023,-0.000810882246903505,0.00785790604714544,-0.32928365860455183,0.017794484382661527,-0.2002688797797517,-0.01409120701298556
2024-07-16,0.0044398255948492095,0.011460342085657193,-0.01708613457932311,-0.01409120701298556,0.10460935343128673,0.028546476664980284,-0.04926830485939858,-0.015893324498040477
2024-07-17,-0.005178658851136101,-0.0020137439300677183,-0.022099763469995107,-0.015893324498040477,0.12538695393499127,0.020086019539927454,0.043662334380508025,-0.018567073304495404
2024-07-18,0.0050144114490942825,0.008142627021373357,-0.025456648828690323,-0.018567073304495404,0.19964506874420582,0.033599275850063705,0.1962506405270216,-0.00016884074210143034
2024-07-19,0.006674744566637871,0.014526155618165015,-0.003156518865907557,-0.00016884074210143034,-0.29322096538238746,0.01768267448407253,-0.09398480111742903,0.022320212417062266
2024-07-22,0.016357616231092314,0.027973814725729636,0.014362157344533636,0.022320212417062266,0.24402049730475864,0.013611657381195937,0.18953263299511602,0.0006602934263372997
2024-07-23,0.002089547013098729,0.010622101886631175,-0.0007158662560112508,0.0006602934263372997,0.4110441905233485,0.011337968142642308,0.526866207863634,-0.05170153368467526
2024-07-24,-0.046098300413226344,-0.03128916573877052,-0.056404677960789115,-0.05170153368467526,0.31042392303255983,0.025115512222018646,0.6817437033562512,-0.03148155629028679
2024-07-25,-0.0006374075686401298,0.004565783277216242,-0.032019699261160425,-0.03148155629028679,-0.10032422150918599,0.036585482538376624,0.37432349283170663,-0.0016752354062585368
2024-07-26,-0.0007774714721063498,0.0048304806356902225,-0.019436848129589023,-0.0016752354062585368,-0.08161261706192213,0.024267328765279296,0.17344880536980872,0.015036082692592545
2024-07-29,0.01089848991789999,0.020330799845450782,0.0059106741047187435,0.015036082692592545,-0.711440142857978,0.014420125740732077,-0.6595193288430317,0.004472931503084757
2024-07-30,0.0041793433111075445,0.009977761939940639,-0.006450277321401754,0.004472931503084757,-0.06799974676184999,0.016428039261342533,-0.707930014756256,0.007313609811057299
2024-07-31,0.01717512144239795,0.02298822302820096,-0.0016456000736244268,0.007313609811057299,0.3053069731408282,0.024633823101825346,-0.3078831162818252,-0.00455740670264462
2024-08-01,-0.007548491393867902,0.014526195367757665,-0.01562800397051328,-0.00455740670264462,-0.04766871744404334,0.030154199338271053,-0.20902311186730954,-0.02430319879324934
2024-08-02,-0.025624130937718086,-0.01326396710684006,-0.03631556961047775,-0.02430319879324934,0.1718180742388398,0.023051602503637608,0.10715140922940834,-0.04548053647532295
2024-08-05,-0.0693100993083068,-0.01347092774454255,-0.0729824761937702,-0.04548053647532295,0.61034966145319,0.05951154844922759,0.8154313221795338,-0.006046543169606671
2024-08-06,0.0005022401423601515,0.008254735723187443,-0.01799450635259826,-0.006046543169606671,-0.09020749405027355,0.0262492420757856,0.47759657065640054,0.004098036589919804
2024-08-07,0.01852720439321586,0.02919871639477396,0.0011365573751057718,0.004098036589919804,-0.6675096577903468,0.028062159019668163,-0.37030655874514484,0.019254707866514155
2024-08-08,0.009829423829350793,0.029447622198493353,0.00795870869270344,0.019254707866514155,0.01735936993550566,0.021488913505789752,-0.34969787164963045,0.010070698591213333
2024-08-09,-0.012545216788447142,0.01080358276448448,-0.018500021559075243,0.010070698591213333,0.11172325077216089,0.029303604323559884,-0.24373087539887037,-0.008467377372091744
2024-08-12,0.004146142917216586,0.007486998221802801,-0.011244024098785721,-0.008467377372091744,-0.5874636661283841,0.018731022320588712,-0.828298023279081,0.011456767332353814
2024-08-13,0.00687758551602927,0.01492292706452532,0.0041813253200304636,0.011456767332353814,0.154537961014861,0.010741601744494785,-0.44133779645102017,-0.023357969217027652
2024-08-14,-0.010779194146223067,-0.005742592770596753,-0.0400836382201433,-0.023357969217027652,0.7829874016953812,0.034341045449546394,0.578836882946832,0.005782388977378293
2024-08-15,0.0008103274965226508,0.007888021360731615,-0.0047502715550626125,0.005782388977378293,-0.25279015374967,0.01263829291579428,0.19868640232028495,0.010238809067102755
2024-08-16,0.0010533704025409239,0.023043025322588867,-0.001054481161889822,0.010238809067102755,-0.26405073507110416,0.02409750648447862,-0.11034818047522929,0.022510985449947087
2024-08-19,0.014136184867631893,0.02263100148335447,0.007945691752131364,0.022510985449947087,-0.07692403018055081,0.014685309731223091,-0.1542258777156351,0.003055233892656364
2024-08-20,0.0013789955299165306,0.011750463165763812,0.0008996321504084795,0.003055233892656364,-0.20061765982888458,0.010850831015355429,-0.4035051517734885,-0.007987230266151082
2024-08-21,-0.012216917581240737,-0.001975790682395458,-0.01512757235026534,-0.007987230266151082,0.22205799106675403,0.013151781667869854,-0.17991494302162403,-0.012437612144512496
2024-08-22,0.00846565291683098,0.010436696350701947,-0.01543358205535049,-0.012437612144512496,-0.01800675590315691,0.025870278406052518,-0.05976182296637119,0.011049788073562519
2024-08-23,0.005600880080341661,0.014425304112856679,0.00018312595875603555,0.011049788073562519,-0.47732946012520466,0.014242178154100596,-0.4584363078536279,0.0032552234839818587
2024-08-26,0.00457838007956212,0.011585854273800341,-0.007028557757073811,0.0032552234839818587,0.016677652677264693,0.018614412030874234,-0.34425300355721317,-0.008947049181270423
2024-08-27,-0.001927755562173355,0.0016836971756134839,-0.01028378124105586,-0.008947049181270423,-0.18261193607926562,0.011967478416669248,-0.4411232842360548,-0.011174583224629822
2024-08-28,0.0021836756565104098,0.005571126381894038,-0.019313276057705806,-0.011174583224629822,0.3277787090126509,0.02488440243959984,-0.039745901032505394,-0.0065921891572580165
2024-08-29,0.008925303403589189,0.018977487285976653,-0.01609447340083372,-0.0065921891572580165,0.18287603083470805,0.03507196068681049,0.22226195138801827,0.009841425755599162
2024-08-30,0.005178780709431969,0.011553747431205396,-0.0005564431933293961,0.009841425755599162,0.11604546872681862,0.012110190624534794,0.3743695398049294,-0.037542627840454874
2024-09-03,-0.010212353479133395,-0.009408787716761673,-0.043150626817006654,-0.037542627840454874,0.5655041453784185,0.03374183910024495,0.8378869690998607,-0.005799727350890408
2024-09-04,-0.00445830264424617,0.010368024260732137,-0.008936570796455462,-0.005799727350890408,-0.699269314889155,0.019304595057187488,-0.11900467327299544,0.005036884879952415
2024-09-05,-0.0009591936561762785,0.01899392370817976,-0.0030086840973391777,0.005036884879952415,-0.03496971948813212,0.022002607805518985,-0.22079263316272546,-0.041023452525069636
2024-09-06,0.00038149397654672776,0.0037451805237003724,-0.04347806029009265,-0.041023452525069636,0.70735125921299,0.04722324081379295,0.46717087286250797,-0.014751737115518497
2024-09-09,0.0104802486862139,0.016298966181425695,-0.02482180804123834,-0.014751737115518497,0.03494860202689566,0.041120774222664185,0.3595029332427373,-0.0003363019166988143
2024-09-10,0.011632636943881213,0.017068201970075126,-0.0024912342268298498,-0.0003363019166988143,-0.23240678622057195,0.019559436196904874,0.009256431779965659,0.01667705877672278
2024-09-11,0.008439962345292401,0.018923781018149385,-0.00769805516108144,0.01667705877672278,-0.04977767551953577,0.02662183617923078,0.011581378233051113,0.02308422732314935
2024-09-12,0.01731417420592474,0.023924296376531474,0.00980877648916391,0.02308422732314935,0.00046598638001921574,0.014115519887367685,-0.055678513580221904,0.017748370363730677
2024-09-13,0.004772292341361013,0.02357410958084844,0.003355951888611987,0.017748370363730677,-0.0010234291847763535,0.02021815769223639,-0.12419139651248833,0.003803191935879255
2024-09-16,-0.0009531350801781823,0.005004560629408385,-0.005476677862979714,0.003803191935879255,-0.476224784355595,0.0104812384923881,-0.5494692410767762,0.007940111954433093
2024-09-17,0.00605531501002455,0.015630747212912046,0.0020225472812387124,0.007940111954433093,0.11963480415284647,0.013608199931673455,-0.28923765967394166,0.003070790034897495
2024-09-18,0.0033836317307215703,0.0073791382848809265,-0.004529456600737618,0.003070790034897495,0.13362974361636307,0.011908594885618523,-0.07741753928721556,0.014474561475125016
2024-09-19,0.024111016556895945,0.02459948418349769,0.009528322490654018,0.014474561475125016,0.11593191958525634,0.01507116169284381,0.08598524982325804,0.008903119424967802
2024-09-20,0.00835283454209611,0.009758547761636979,-0.0004935338274623288,0.008903119424967802,0.4305933367849191,0.010252081589099212,0.5417632643606586,-0.0106932571369871
2024-09-23,0.004635062027350203,0.011547528004001025,-0.011806065932542709,-0.0106932571369871,-0.5267203931299783,0.023353593936543536,-0.07574832764536199,0.002714798875029228
2024-09-24,0.0072642073807721854,0.008428973436786167,-0.007192959836262767,0.002714798875029228,-0.03449155164352243,0.01562193327304902,-0.15359200447959054,-0.004941561701740734
2024-09-25,-0.005065442504754434,0.0031990447897694337,-0.006118812907295458,-0.004941561701740734,-0.21229913169616602,0.009317857697064934,-0.3849435061968836,0.007649104161135171
2024-09-26,0.013225634074873385,0.015910869667168058,0.0048799755595623885,0.007649104161135171,0.07404021015277105,0.01103089410760571,-0.2756083256151372,0.007469125259086756
2024-09-27,0.000491502330375114,0.018086546597533303,-0.0006146474532023261,0.007469125259086756,0.03776347666051634,0.01870119405073561,-0.18987620947155862,0.011522317517778682
2024-09-30,-0.0038499733795121977,0.013329473388927754,-0.004217496300216795,0.011522317517778682,-0.03311860858821778,0.017546969689144477,-0.05437135372320447,0.006850161085026806
2024-10-01,0.011033249123581498,0.019761232058596524,-0.007687016891293746,0.006850161085026806,0.3279911475960466,0.02744824894989015,0.3089100307236695,-0.00678990057653033
2024-10-02,-0.003419260809836454,0.00316880934690235,-0.013626219256761269,-0.00678990057653033,-0.46724719020447664,0.016795028603663595,-0.2053333837596435,0.0
2024-10-03,-0.008780732405942888,0.004691730587043354,-0.011765569942750206,0.0,-0.16404830057613914,0.01645730052979343,-0.3591592006215742,0.007208952010833655
2024-10-04,0.013176981270102311,0.014188002631544934,-0.002293746928361414,0.007208952010833655,0.23401891113269485,0.016481749559906334,-0.07531310955128011,-0.024725547036371427
2024-10-07,0.003942914866970679,0.008464008312992344,-0.026137733625132935,-0.024725547036371427,0.16494335361981552,0.034601741938125145,0.1098346208221303,0.00855338274733306
2024-10-08,0.005873054439516089,0.010680276345306891,-0.0006751610717863283,0.00855338274733306,0.026776137509872334,0.011355437417093255,0.11645215296010261,-0.015449082586356364
2024-10-09,-0.005673735925448851,0.0027944338296980466,-0.028633322547374766,-0.015449082586356364,0.3011844908288992,0.03142775637707281,0.47027690289250246,0.0013582839591842117
2024-10-10,-0.006135212788736924,0.007447833549336859,-0.00906111045784652,0.0013582839591842117,-0.7905370152709795,0.01650894400718337,-0.4493350895816581,0.007131492390849027
2024-10-11,0.00030846088102658023,0.011166396712916702,-0.005196079480390073,0.007131492390849027,0.08144649356017811,0.016362476193306847,-0.35947167852908524,0.010481516780169627
2024-10-14,0.0024473451429042783,0.018150801656812276,0.0009796008842348758,0.010481516780169627,0.21454191920733767,0.017171200772577475,-0.11065670317941738,0.0030264533703967906
2024-10-15,0.005018825786540101,0.01635429648431691,-0.0020024996493779963,0.0030264533703967906,0.06273052361365351,0.018356796133694862,-0.01493201596002055,-0.0018147911480261632
2024-10-16,-0.0056365973597923644,0.0020527467684373166,-0.010449676842626075,-0.0018147911480261632,-0.2103693908066521,0.0125024236110636,-0.19741993076285744,-0.013594107429290191
2024-10-17,0.003445209164814673,0.007299471131544252,-0.014638033807588057,-0.013594107429290191,0.2682360193908852,0.021937504939132258,0.23081622172995672,0.0030029469902674343
2024-10-18,0.001594565341656664,0.010865776794629458,0.0009202734173059835,0.0030029469902674343,-0.08233985218748391,0.009945503377323322,0.06612937710926824,0.003969647915638861
2024-10-21,-0.0028801761965827712,0.006587007453458873,-0.004907401998180626,0.003969647915638861,0.05842827918822853,0.011494409451639459,0.07793225235081745,0.0065003846257117096
2024-10-22,-0.006665742990166454,0.010308100542594428,-0.006665742990166454,0.0065003846257117096,-0.23449240816558925,0.016973843532760907,-0.17628983827992076,-0.014394006893520394
2024-10-23,-0.002303759065837205,0.00410931156444817,-0.019629497438710695,-0.014394006893520394,0.098355758142931,0.02373880900315889,-0.03998941695783499,-0.0003686485976849504
2024-10-24,0.00030713462152369767,0.0033731168760178193,-0.010933147659863479,-0.0003686485976849504,0.20378392098172166,0.01430626453588127,0.14428185737883367,0.01554958620202228
2024-10-25,0.005821254528200737,0.01748389173675741,0.004292622949855036,0.01554958620202228,-0.12247836944596407,0.013191268786902457,0.011965047583171464,0.008735239882742845
2024-10-28,0.02083780374850426,0.02083780374850426,-0.008019041327432095,0.008735239882742845,0.48291733044783525,0.028856845075936558,0.49415585405896323,0.017598501204656905
2024-10-29,0.006039752347532785,0.021715499386182884,0.0022168016021869253,0.017598501204656905,0.2716275540037441,0.019498697783995933,0.6576803325893223,0.02778126039724193
2024-10-30,0.06281320315790331,0.07020232753015503,0.025485786243598867,0.02778126039724193,0.49083728831673484,0.04471654128655612,0.937949537422102,-0.019388899377884936
2024-10-31,-0.007652741894635891,0.0134367799107717,-0.020031970986116976,-0.019388899377884936,-0.4310067066361607,0.03346875089688866,0.18822354697664312,0.0010513592030923348
2024-11-01,-0.006096468040664031,0.007046627800776277,-0.01311819565791557,0.0010513592030923348,-0.3421597147817559,0.020164823458692024,-0.26776413965453,-0.012040129004282616
2024-11-04,-0.007971442869358384,-0.003274651055506663,-0.019334518568132644,-0.012040129004282616,-0.39164287824080807,0.016059867512626003,-0.7154025332332621,0.002950028594053602
2024-11-05,0.0011219606317296818,0.0075933688568317614,-0.0023663590852248443,0.002950028594053602,-0.1639812329968755,0.009959727942056441,-0.8297286639113125,0.039109613967452606
2024-11-06,0.02363734348655703,0.041542818949417505,0.021909712483158556,0.039109613967452606,0.6136321876869663,0.01963310646625891,-0.09458605518276979,0.023737360167666276
2024-11-07,0.005085957843417798,0.025561431808404977,0.003845116077235212,0.023737360167666276,-0.2844711753686849,0.021716315731169507,-0.16827625935386561,-0.013366915011851159
2024-11-08,-0.0005534372316389259,0.0008294976226535146,-0.014881963229436567,-0.013366915011851159,-0.14156889007943296,0.01571146085209002,-0.1712216240427174,0.011151495165139504
2024-11-11,0.0012887443154615398,0.012259818599007148,0.00067258068072367,0.011151495165139504,-0.2319616608150297,0.01158723791828352,-0.32524804985031247,0.007017124184746424
2024-11-12,-0.0029430499047013335,0.011795965909739517,-0.005337237883535375,0.007017124184746424,0.36489474759879104,0.017133203793274977,0.0736851742146356,-0.01520134811359334
2024-11-13,-0.006407381606370057,-0.0036405159077110088,-0.017103937229968058,-0.01520134811359334,-0.0807949330422842,0.013463421322256993,-0.06447301045142034,-0.018620427336646577
2024-11-14,-0.0033598760320724444,-0.0003354629975337367,-0.025822484611011453,-0.018620427336646577,0.290766725129021,0.025487021613477615,0.31514356632438884,-0.017755494303856433
2024-11-15,-0.010592444613395086,-0.00823522003114694,-0.025145503482886963,-0.017755494303856433,0.04715250707425967,0.016910283451740067,0.31352123116970537,0.016159513713148575
2024-11-18,0.005377091767704159,0.016957822402724566,0.0023740617655894614,0.016159513713148575,-0.4789071241603299,0.014583760637135106,-0.25007901786669284,0.015958643704489853
2024-11-19,-0.009053994642497239,0.020160448371085327,-0.009975462472452516,0.015958643704489853,0.1517518706224615,0.030135910843537814,-0.11888231028286192,-0.01208712510114185
2024-11-20,-0.004388679738806757,-0.002473314675682204,-0.024667328653807746,-0.01208712510114185,-0.2099400283056307,0.022194013978125548,-0.3158565683853511,-0.04861112916761099
2024-11-21,-0.011889941676919747,-0.010568153206827824,-0.0723348622046015,-0.04861112916761099,1.1456217329180325,0.06176670899777364,0.8624341140752444,-0.017269362544217334
2024-11-22,-0.010675396577216804,-0.007004118120533637,-0.02250275026118045,-0.017269362544217334,-0.43653662850119723,0.01549863214064688,0.2206346947871263,0.017388600278459468
2024-11-25,0.008039951834480703,0.023217158410387854,0.005145794059393876,0.017388600278459468,-0.15277226098520968,0.018071364350994046,0.029214883817518227,0.008730056744105886
2024-11-26,-0.00011923773424205275,0.01286065919458218,-0.0004175763943488105,0.008730056744105886,-0.48082328426230864,0.013278235588931011,-0.5293028408795827,0.0006502179234731462
2024-11-27,-0.0007097783269727351,0.0021264072990782945,-0.0065254478850574355,0.0006502179234731462,-0.06140805865365018,0.008651855184135804,-0.5736127483504495,-0.0016559160763030922
2024-11-29,-0.004322961381102806,0.0011811077679121723,-0.01230725168599577,-0.0016559160763030922,-0.30110579418367006,0.013488359453907918,-0.8762931269448057,0.014922192802817924
2024-12-02,-0.0010659285335368023,0.01835670050297604,-0.0022516578558770283,0.014922192802817924,0.5119654503077126,0.02060835835885309,-0.05563278965096958,-0.0008751227374839775
2024-12-03,0.0,0.006915140372261683,-0.0037389736143228413,-0.0008751227374839775,-0.06694391263878213,0.01065411398658465,0.002778851027744361,0.01752958516425677
2024-12-04,-0.0011095358481479488,0.020621711693528402,-0.0016355072821362593,0.01752958516425677,0.3513512746220503,0.022257218975664746,0.4574206971317814,-0.00997095235238301
2024-12-05,0.005661556913407061,0.009645381839053925,-0.011768196408040235,-0.00997095235238301,-0.39229275891736304,0.02141357824709413,-0.04033991994013544,0.011918996940565639
2024-12-06,-0.003539624861349607,0.014034524806659284,-0.004528302537900594,0.011918996940565639,0.0049604712795581875,0.01856282734455991,-0.05400120400874881,0.0037705049232936065
2024-12-09,-0.004302068591236722,0.008832651591404315,-0.00608575087328391,0.0037705049232936065,0.16803707443525648,0.014918402464688158,0.0523643433587204,0.05437631232293528
2024-12-10,0.04176817813701144,0.0607822903854342,0.031875253229251006,0.05437631232293528,0.7695877507391007,0.028907037156183046,0.808754269942304,0.05377439621145741
2024-12-11,0.0007557730399849606,0.05484857199729709,-0.0017295937598297935,0.05377439621145741,0.21402174620268702,0.05657816575712698,0.7863111426596526,-0.01776165640728677
2024-12-12,-0.002049149808928987,-0.0011265361848186233,-0.01906485981976384,-0.01776165640728677,-0.6678290043552152,0.017938323634945203,-0.09227182781456969,-0.011210758677969604
2024-12-13,-0.004961298026861134,0.00400317157745509,-0.012159517149946193,-0.011210758677969604,-0.32552072010731364,0.01616268872740133,-0.485927044095154,0.03540007468611688
2024-12-16,0.015940068217685982,0.047228531437073,0.014643017495840982,0.03540007468611688,0.5806153618333223,0.032585513941232026,0.07683724302707975,-0.006325288827182011
2024-12-17,0.0029955917524473086,0.023915903155733092,-0.008579400684714676,-0.006325288827182011,-0.03236188778100364,0.032495303840447756,-0.045312082860423895,-0.036583749400671634
2024-12-18,-0.001023945146573809,0.008052649591634197,-0.0400930229780858,-0.036583749400671634,-0.2416189634831541,0.04814567256972006,-0.2359667564821715,0.0005836969932299197
2024-12-19,0.016999125215138945,0.024278281170197605,-0.00010610443099647844,0.0005836969932299197,-0.05724467437108292,0.024384385601194096,-0.12368458901081414,0.015266716651383776
2024-12-20,-0.014587855350229596,0.02296904833298958,-0.01760671240623178,0.015266716651383776,0.6764662331525754,0.040575760739221325,0.5668604365175359,0.01668260195185334
2024-12-23,0.006301567392964272,0.019094535522805666,-0.0066045411144535,0.01668260195185334,-0.9049377273738314,0.02569907663725925,-0.5310662100155586,0.007575384062890183
2024-12-24,0.0010783448007222235,0.007575384062890183,-0.004376856684719506,0.007575384062890183,-0.9033946923064262,0.011952240747609663,-1.3421116203419248,-0.002603940600255977
2024-12-26,-0.004907267054437916,0.0032581578924727266,-0.008860698209783035,-0.002603940600255977,0.14665939893815322,0.01211885610225571,-1.013601737101919,-0.014625925530079333
2024-12-27,-0.0033286890302316858,-0.0014325121127651032,-0.025632534515455642,-0.014625925530079333,0.44992432960826895,0.024200022402690587,-0.42064724034872647,-0.007916650792873849
2024-12-30,-0.015474961020068892,-0.00108998716461607,-0.01906415487556549,-0.007916650792873849,-0.280918838104515,0.017974167710949385,-0.6039879607019115,-0.010196138145276309
2024-12-31,-0.0008370143774095503,0.003757839483558124,-0.014378185742918175,-0.010196138145276309,0.20251970739818223,0.018136025226476494,0.07183328687829056,0.0006864501391188965
2025-01-02,0.007106179952773949,0.01416229769122711,-0.009554228926088882,0.0006864501391188965,0.15379484156058332,0.023716526617316065,0.33208284235694957,0.012381463964724584
2025-01-03,0.010189176931263689,0.019758190546684953,0.002899256497358766,0.012381463964724584,-0.09114524413728917,0.016858934049326164,0.11306793484401848,0.026142599189380267
2025-01-06,0.011354050499733023,0.03297654269648912,0.010683707162304847,0.026142599189380267,0.4635866160906493,0.022292835534184225,0.5007380806868417,-0.007034332308287262
2025-01-07,0.0012183640055621365,0.020761320429297396,-0.011597386513456901,-0.007034332308287262,-0.10988227742916727,0.03235870694275438,0.27831075532421273,-0.00790887717028083
2025-01-08,-0.015049493295636351,0.0040838680244485665,-0.016036647215940242,-0.00790887717028083,-0.06320844873325437,0.020120515240388825,0.10007384873827094,-0.009896729449246085
2025-01-10,0.0018029939386060923,0.013163850889827815,-0.01894606945085029,-0.009896729449246085,0.0699061957934097,0.03210992034067813,0.1062843263590216,-0.005377894763436417
2025-01-13,-0.010311184804895847,-0.004488294376939271,-0.024671745594916104,-0.005377894763436417,-0.2003628092609574,0.02018345121797687,-0.14525123543493526,-0.007092739174134317
2025-01-14,0.001203458543302892,0.005065423742143757,-0.014236225905803257,-0.007092739174134317,-0.23954751955709908,0.01930164964794712,-0.4100562292415898,0.030583102043152528
2025-01-15,0.017923367724238016,0.03471669753378787,0.011532927806642303,0.030583102043152528,0.23735943023395037,0.023183769727145486,-0.07206261007213895,-0.013592338924236051
2025-01-16,-0.007236571667339181,-0.00035806626184849583,-0.014110881418480516,-0.013592338924236051,-0.20074519411432135,0.013752815156632008,-0.2317136583863064,0.015890881347207134
2025-01-17,0.018591307317303303,0.02214676086977372,0.004344890350146399,0.015890881347207134,0.4426355072584598,0.017801870519627335,0.2757487939695313,0.010404880246435304
2025-01-21,0.015541899227501443,0.03158761899476423,0.009495565496960023,0.010404880246435304,0.07754149804462407,0.022092053497804423,0.34317678788013906,0.00161440964839225
2025-01-22,0.005086735076289359,0.01219493035964727,-0.0026290741168800854,0.00161440964839225,-0.1344579458296814,0.01482400447652737,0.13488385708405765,-0.0019679552139493
2025-01-23,-0.0011601006608662442,0.009682308782362673,-0.01610929078035807,-0.0019679552139493,0.028252932789509334,0.025791599562720906,0.08724495597327928,0.011200855306337106
2025-01-24,0.000605990603384771,0.014641247528628554,0.00010103678313967086,0.011200855306337106,-0.12109865113094528,0.014540210745488885,-0.07490601431361003,-0.04286156321238934
2025-01-27,-0.03973831825196473,-0.01677241833397502,-0.04850805622996892,-0.04286156321238934,0.5582573413963745,0.0317356378959938,0.4373152806620083,0.018031567503289884
2025-01-28,0.004888726438095589,0.018952764540354276,-0.005908694079767692,0.018031567503289884,-0.5465824855641254,0.024861458620122037,-0.2080812033314407,0.0005630806038633109
2025-01-29,0.0013303717176313087,0.0076002826934521645,-0.009621201459585194,0.0005630806038633109,-0.282184865341758,0.017221484153037328,-0.4503946483597342,0.027557974225638847
2025-01-30,0.013167096582038892,0.030193015866525143,0.011499030218152018,0.027557974225638847,0.29029826596617475,0.018693985648373036,-0.10262300818688146,0.015560140857620258
2025-01-31,0.005609789063069448,0.022690776468343755,0.0046192147040580835,0.015560140857620258,0.27304542782549834,0.018071561764285503,0.18985422326209206,-0.013769537949208436
2025-02-03,-0.01645660808010194,-0.0013242970747832767,-0.01940077710374135,-0.013769537949208436,-0.13935750682552592,0.01807648002895791,-0.009078475411006731,0.025270642100350883
2025-02-04,0.010676803949964439,0.028511813484260358,0.007821056881594842,0.025270642100350883,0.4545078898942893,0.020690756602665412,0.5495606876803234,-0.07571945787984757
2025-02-05,-0.0770792619628681,-0.06832514090345902,-0.0931176352715805,-0.07571945787984757,0.47290179550939115,0.024792494368121462,0.8778143433621206,0.0014102019252187398
2025-02-06,-0.009610670944569275,0.004016406080055609,-0.013735253899301364,0.0014102019252187398,-0.8763236809027964,0.017751659979357074,-0.30347148384146544,-0.033217940992595923
2025-02-07,-0.002874707525752142,-0.002194543067244053,-0.04461309839575343,-0.033217940992595923,0.5207295195216788,0.04241855532850932,0.1926534865544005,0.00607841838270708
2025-02-10,0.01078660141816846,0.01531325453610222,0.0028017490134521735,0.00607841838270708,-0.7581532820157932,0.01251150552265015,-0.64720529501795,-0.006186274711924064
2025-02-11,-0.007752407286080756,0.002517348031895939,-0.011814041338839775,-0.006186274711924064,-0.08421235678314941,0.01433138937073564,-0.7097384591419724,-0.009270153812186396
2025-02-12,-0.011396476820894225,-0.0011338538016250458,-0.019011905369006515,-0.009270153812186396,0.03847436470073171,0.017878051567381596,-0.5606308820805087,0.01368512922030287
2025-02-13,0.003859470985685889,0.014436965302851587,-0.002563061911388423,0.01368512922030287,-0.03082928267324221,0.017000027214240043,-0.3039956570158316,-0.004900802409648412
2025-02-14,-0.00581899185020037,0.0013957940287354742,-0.009825658234616983,-0.004900802409648412,-0.04560309781537274,0.011221452263352385,-0.29362474826126544,-0.007913274112633885
2025-02-18,0.0019955801684966193,0.0039333598572837145,-0.019021148576324184,-0.007913274112633885,0.38051221308665506,0.02295450843360778,0.32323958873705283,0.008129244666357992
2025-02-19,0.0016311608787387092,0.009154262616949436,-0.000980008431391914,0.008129244666357992,-0.4254722574824598,0.0101342710483414,-0.1632424239403537,-0.003839642985402464
2025-02-20,-0.0025400679012235012,0.00021584157855516592,-0.013859310474271998,-0.003839642985402464,0.04462255273818305,0.014075152052827014,-0.10382461573397596,-0.02690840445263099
2025-02-21,0.0031916737571277783,0.00421735576242734,-0.030141957039694918,-0.02690840445263099,0.5434562069115465,0.03435931280212231,0.4541209742662728,-0.0022847167048850336
2025-02-24,0.012885574511579068,0.019075452795145543,-0.0042951077933724045,-0.0022847167048850336,-0.16469782161466825,0.023370560588518142,0.1730179433847378,-0.021598391394612393
2025-02-25,-0.0067732730419576845,-0.0028492127937772118,-0.025768490986941853,-0.021598391394612393,0.33928005141089707,0.02291927819316462,0.44005764949027776,-0.015453431114834198
2025-02-26,-0.0019971523043330677,0.0037553595320818215,-0.02213344726857252,-0.015453431114834198,-0.1680099745961733,0.025888806800654373,0.18688873243995968,-0.02479390717786669
2025-02-27,0.007268200900064096,0.010538851128419534,-0.02812286967749407,-0.02479390717786669,0.12105881852452756,0.03866172080591383,0.2053266739988972,0.010508383998735894
2025-02-28,0.001067635665152285,0.012444503771868084,-0.010320106540047034,0.010508383998735894,0.18526372067695032,0.022764610311915165,0.27721374482601485,-0.019390475818855304
2025-03-03,0.009643240840598094,0.01798387704252908,-0.025878165256870162,-0.019390475818855304,-0.16595936879907963,0.04386204229939939,0.04275489401772706,0.02314194209059309
2025-03-04,-0.00462109757780441,0.036912794936321144,-0.007271396864843211,0.02314194209059309,0.10728897225323347,0.044184191801164424,0.09566064219614037,0.012211619382789023
2025-03-05,-0.0023429831103980127,0.016594524323753242,-0.010941933003172467,0.012211619382789023,-0.3827164464586468,0.02753645732692547,-0.3037630809022946,-0.0038798910693118656
2025-03-06,-0.014495992279145964,0.01029243641135729,-0.01467192272210773,-0.0038798910693118656,-0.08959883293991659,0.024964359133464925,-0.3717852780898715,0.008723052785143072
2025-03-07,-0.006344490853319288,0.015087209256803544,-0.012141890851544353,0.008723052785143072,-0.032907842648338376,0.02722910010834788,-0.34605266699971465,-0.0470460615811463
2025-03-10,-0.03274001168572374,-0.031552008419923505,-0.060275971090431285,-0.0470460615811463,0.4651242583842709,0.028723962670507763,0.23244500090992534,-0.011094059984738608
2025-03-11,-0.005804426832970721,0.005291365215368923,-0.027504484885593525,-0.011094059984738608,-0.09663800345443387,0.03279585010096242,0.11954252836623552,0.018542022272059644
2025-03-12,0.015365425903612777,0.021708559820398262,-0.0031138073160309684,0.018542022272059644,-0.3330940441643395,0.024822367136429324,-0.1799673241326785,-0.026375592484283086
2025-03-13,-0.006423599118087703,-0.005881638077782634,-0.030377160949157697,-0.026375592484283086,0.11267114021811665,0.024495522871374974,-0.05197337118021297,0.016634113840778397
2025-03-14,0.003128608922741435,0.022658591167316007,-0.0019064460541214872,0.016634113840778397,0.007519787725562045,0.02456503722143747,-0.06489592493676963,-0.0072776851718875405
2025-03-17,-0.002783535065560155,0.004882601325620101,-0.011058608893867106,-0.0072776851718875405,-0.02569300655397567,0.015941210219487308,-0.11723681399720716,-0.02228055739341883
2025-03-18,-0.003719860596159657,-0.00024346068757317863,-0.047172336626937254,-0.02228055739341883,0.29953422361201215,0.046928875939364206,0.25577371094183615,0.019842906692707957
2025-03-19,0.006761160654557233,0.031851758921489996,0.0020518043255887833,0.019842906692707957,-0.20501525588343536,0.029799954595901228,0.035604019093278115,-0.00667299503770136
2025-03-20,-0.014256936731292738,0.006083113859726704,-0.018039538728807133,-0.00667299503770136,-0.19729498540418375,0.024122652588533827,-0.19676268677208963,0.007283011538418247
2025-03-21,-0.009814567779258012,0.008806333842754251,-0.011801574444532725,0.007283011538418247,0.26361416474065447,0.020607908287286866,0.08819842828740646,0.02225187360063759
2025-03-24,0.018607446256608623,0.026061489210702088,0.006988111441018965,0.02225187360063759,-0.17067333044796026,0.01907337776968305,-0.10971384759828391,0.017029769210481903
2025-03-25,0.007722981987935508,0.017440140702613974,0.003809615610064452,0.017029769210481903,-0.2447853576506898,0.013630525092549486,-0.3527262952145942,-0.03277809728990345
2025-03-26,-0.009188411740345069,-0.005585439181112138,-0.03411184240894741,-0.03277809728990345,0.17860273490425418,0.028526403227835295,-0.06422404273547115,-0.017232275112437537
2025-03-27,-0.0026084680542733246,0.0021786538211200205,-0.018712694141131015,-0.017232275112437537,-0.16488512121827445,0.020891347962251047,-0.19361156085441927,-0.04998357548379603
2025-03-28,-0.010845084700559442,-0.0025921026198674796,-0.05452960833557309,-0.04998357548379603,0.6860366054759776,0.05193750571570562,0.5171376279061135,0.002006652175874819
2025-03-31,-0.00793655747391793,0.0078097113246234145,-0.02406751207262199,0.002006652175874819,0.11504954209508352,0.03187722339724545,0.5524452244160882,0.015591781532067764
2025-04-01,-0.006617842167626241,0.022127951867681076,-0.006617842167626241,0.015591781532067764,-0.5767184546646762,0.028745794035307304,-0.164889775652051,-0.00019110526961231916
2025-04-02,-0.012299260930285431,0.008495019333452765,-0.015203874633145202,-0.00019110526961231916,-0.20283709329461935,0.023698893966598,-0.40302806763682686,-0.04107668828841395
2025-04-03,-0.038492454750822115,-0.02750153709233886,-0.04326859133054848,-0.04107668828841395,0.6271212329349882,0.01576705423820979,0.24491034669271777,-0.03456064124486294
2025-04-04,-0.018144016991566866,0.0023195351107192547,-0.03607278128415999,-0.03456064124486294,0.28364746590662243,0.03839231639487932,0.4135002590157864,0.007867281025870865
2025-04-07,-0.028210144564851714,0.04859391058591522,-0.03544219725610504,0.007867281025870865,0.2098166801431333,0.08403610784202022,0.5593911865287341,-0.014067846161008491
2025-04-08,0.03000527949428357,0.03672780036195285,-0.025676068775992187,-0.014067846161008491,-0.3860414879870507,0.06240386913794493,0.07702721931751871,0.09241606727500457
2025-04-09,-0.0019369042028399288,0.09769475930433685,-0.005474482917895804,0.09241606727500457,0.2991950011691626,0.10316924222223252,0.2908852108377904,-0.03781787367568696
2025-04-10,-0.013767154334658582,-0.006257363073090635,-0.05691021016631351,-0.03781787367568696,-0.3826220882294553,0.050652847093222965,-0.2507653624912817,0.02787631771703434
2025-04-11,0.0005232668701513566,0.031243423489666012,0.0,0.02787631771703434,-0.3560563712753838,0.031243423489666012,-0.6105051841307507,0.012207279090716457
2025-04-14,0.018036691370277462,0.028729328457271518,0.0026691987440663994,0.012207279090716457,-0.10336663918582953,0.026060129713205028,-0.6168894031035288,-0.017503203665888555
2025-04-15,0.000377105952250687,0.0036394779759221915,-0.024565321034507356,-0.017503203665888555,-0.09617924819962294,0.028204799010429576,-0.5323768129761692,-0.01924872589815894
2025-04-16,-0.020749856758537445,-0.0026905728790585924,-0.0311896061727495,-0.01924872589815894,0.02281808900701496,0.028499033293690766,-0.39855118575491216,-0.014253570682221196
2025-04-17,0.006241431550117951,0.008765945998096152,-0.032007515147464104,-0.014253570682221196,0.15904361698831632,0.04077346114556034,-0.014999540895573212,-0.023358860621953713
2025-04-21,-0.015198257577035105,-0.014728244037177514,-0.03404754217505666,-0.023358860621953713,-0.23793546791487055,0.01931929813787923,-0.15941223571680088,0.02540755151193274
2025-04-22,0.008227732082070088,0.030149714202495695,0.005874194956053741,0.02540755151193274,0.03480865708949619,0.024275519246441887,-0.07365914881347727,0.02529308152988288
2025-04-23,0.0269652873557581,0.039228314970881396,0.01533046499287172,0.02529308152988288,0.143341559938403,0.023897849978009596,0.09310860104915263,0.02498297696419978
2025-04-24,0.005136369513711691,0.026927328336250278,0.002828228300853702,0.02498297696419978,0.38820095388167514,0.024099100035396673,0.4563958477258511,0.016685780525760904
2025-04-25,0.035706018637770495,0.04192640127321999,0.010989087548795804,0.016685780525760904,0.19962425978785184,0.030937313724424178,0.5410925266474652,-0.008370362742804853
2025-04-28,0.0028976620219443028,0.007320553011054956,-0.020964084933367693,-0.008370362742804853,-0.6332707038009212,0.02828463794442263,-0.22403847043,-0.0028057314427863576
2025-04-29,-0.0018072062935187445,0.0008091170837764687,-0.01942660842085327,-0.0028057314427863576,-0.10395029351759719,0.02023572550462987,-0.3476604337878334,-0.00852777040157483
2025-04-30,-0.013704922740271186,-0.005572436343267828,-0.030170939774844505,-0.00852777040157483,0.266070263599787,0.024598503431576622,-0.08073194131300816,0.015620436020272547
2025-05-01,0.010336780505219528,0.019642058742857328,0.0006924592390699785,0.015620436020272547,-0.1468600366045721,0.018949599503787405,-0.24770514029081167,0.01678332643151775
2025-05-02,0.012996398423324776,0.022497642536452957,0.003527509729917921,0.01678332643151775,-0.1608733998054527,0.018970132806534878,-0.3239956263844934,0.0010968069071619873
2025-05-05,-0.006299129675681589,0.008256987096880325,-0.008018390680331253,0.0010968069071619873,-0.18640688826936913,0.016275377777211646,-0.3234114375190383,-0.0059859143981459955
2025-05-06,-0.012500980949281097,0.0035864986037130787,-0.01856232883462653,-0.0059859143981459955,-0.003031514088704236,0.022148827438339715,-0.2677603105425765,-0.0753669588551047
2025-05-07,0.0051939019321892155,0.010785250909120869,-0.09902963986884754,-0.0753669588551047,1.7904026376561624,0.10981489077796833,1.563238079861499,0.018975861291414042
2025-05-08,0.02363185278289143,0.029613877489240752,0.00999080888031135,0.018975861291414042,-0.7962763756728962,0.019623068608929473,0.24054446284901465,-0.009966527376064563
2025-05-09,-0.0007132476323760806,0.004978539801099468,-0.013573700051155175,-0.009966527376064563,-0.5725150029620614,0.01855223985225459,-0.445979316476359,0.03669963985486647
2025-05-12,0.03055940101423066,0.04073037565479899,0.022654690564806176,0.03669963985486647,0.3080918783433817,0.018075685089992705,-0.1640702598406034,0.006729746754463113
2025-05-13,0.0020802943500107507,0.013227792268888974,-0.014621091790781273,0.006729746754463113,-0.040613110945564704,0.02784888405967017,-0.2887177045708305,0.035953373474478446
2025-05-14,0.002691841289745389,0.045761827755720866,0.0005013588574511264,0.035953373474478446,0.14010011247404186,0.04526046889826982,-0.22058263578943205,-0.008562821551174825
2025-05-15,0.0028380879098273107,0.005066731341387497,-0.018307706608624706,-0.008562821551174825,-0.3858830515964929,0.023374437950012247,-0.3066557758873657,0.01350919024554607
2025-05-16,0.02273298165007273,0.03234507872027839,0.010073441539193513,0.01350919024554607,0.25669013287045933,0.022271637181084946,0.06446903583305495,0.002103753663946857
2025-05-19,-0.010160401589620222,0.0027040664601371933,-0.011924727115901151,0.002103753663946857,-0.3423325043375776,0.014628793576038334,-0.32840012448986783,-0.015491037380567969
2025-05-20,-0.0006607239030002099,0.01170026929858565,-0.022099002353699587,-0.015491037380567969,0.426464970834871,0.03379927165228524,0.165172982395375,0.027547311898770317
2025-05-21,-0.0017700330421835716,0.05435606914917399,-0.002564562543492056,0.027547311898770317,0.45437613198358245,0.05692063169266603,0.598385458658876,0.013611249871964819
2025-05-22,0.019330283800338934,0.04755772170536259,0.012674494709707147,0.013611249871964819,0.01953658161488791,0.03488322699565528,0.5026213654949503,-0.014145305240066252
2025-05-23,-0.010649337824280276,-0.005339850134756827,-0.017594005471116596,-0.014145305240066252,-0.7543085833236919,0.012254155336359844,-0.4207801130719363,0.02595565774447018
2025-05-27,0.009981492769614147,0.027516060746386933,0.00904073740633008,0.02595565774447018,0.0761031016209035,0.018475323340056936,-0.31579022105486204,-0.0031280410996208266
2025-05-28,0.0015026863340805454,0.013614309073135404,-0.005742252032519825,-0.0031280410996208266,-0.08831548449001236,0.01935656110565538,-0.43274671794148895,-0.002905120852257858
2025-05-29,0.009469982925747937,0.01188085701209546,-0.01008781813323046,-0.002905120852257858,-0.17097972547305987,0.021968675145325925,-0.5586217314721901,-0.0006984582068347728
2025-05-30,-0.0029719114957389966,0.0020345058667958975,-0.026055102717996458,-0.0006984582068347728,0.5852966018534695,0.028089608584792137,0.215511262750665,-0.015905530489415596
2025-06-02,-0.022970614400751762,-0.010948327342876627,-0.025655321761444364,-0.015905530489415596,-0.30990350875771927,0.01470699441856782,0.016256861125615692,-0.017004712577447186
2025-06-03,-0.009152525952927343,-0.003259183713469046,-0.022435208754612006,-0.017004712577447186,0.15497650035531568,0.01917602504114296,0.15348741088050621,0.011190078168109248
2025-06-04,0.003364251764129938,0.012201159628052767,0.0010826243807453744,0.011190078168109248,-0.5163913529742784,0.011118535247307522,-0.3989130292444019,0.0009516663863582621
2025-06-05,0.013534845883177452,0.01699250078801174,-0.002741073785751455,0.0009516663863582621,0.3018384079739291,0.01973357457376325,-0.056950519518181766,0.03200124468197572
2025-06-06,0.015455681960250933,0.036711502925188544,0.015455681960250933,0.03200124468197572,-0.017953385316304565,0.0212558209649377,-0.11092156955700588,0.013780723776612772
2025-06-09,0.004939419869829409,0.015936413773213698,0.0039649669275380805,0.013780723776612772,-0.21095800985900773,0.011971446845675493,-0.23337322476061054,0.014153495440736175
2025-06-10,0.0006244890063459732,0.028109377670623097,-0.006723630319803098,0.014153495440736175,0.7582716315280501,0.034833007990426205,0.5793131445775577,-0.007023486981900746
2025-06-11,0.006529577207968822,0.00986156699439986,-0.010412397839935531,-0.007023486981900746,-0.6687176326357306,0.020273964834335294,-0.18144114355933902,-0.00934723781080507
2025-06-12,-0.006619057525430248,-0.0035586496153002353,-0.014768834520797353,-0.00934723781080507,-0.41288510087270786,0.011210184905497049,-0.6190350944517412,-0.005879508866547848
2025-06-13,-0.01872861378697388,0.008105976006858214,-0.019018629457552186,-0.005879508866547848,0.2783474583947441,0.027124605464410464,-0.2579741886758052,0.011951007760031662
2025-06-16,0.00034343194179465317,0.012912236895808638,-0.00011453265164994633,0.011951007760031662,-0.009950620047118046,0.013026769547458667,-0.2218066570176227,-0.004649630294262143
2025-06-17,-0.006071498893483876,0.0033320920319749245,-0.01246637692185036,-0.004649630294262143,-0.09235353386042501,0.01579846895382524,-0.3050715402904091,-0.015060207293067038
2025-06-18,0.0003409339733580089,0.0034609016977177995,-0.01575286791464781,-0.015060207293067038,0.1393631714202511,0.019213769612365615,0.07915367222997866,-0.039303845840045475
2025-06-20,0.0036282449240048567,0.005867755447802929,-0.04641012479105016,-0.039303845840045475,0.9690898848334497,0.0522778802388531,1.0706572031769672,-0.008739451943589159
2025-06-23,-0.0022227945418115355,0.004191855693187308,-0.028239458057637026,-0.008739451943589159,-0.27149384998652454,0.03243131375082431,0.4471246374628538,0.009519301905937269
2025-06-24,0.010418303407265432,0.01817631244444662,0.005674302443470597,0.009519301905937269,-0.3528526533306716,0.012502010000975996,-0.05650652108163238,0.023174772155437093
2025-06-25,0.005143555519328803,0.032969673036411795,0.004666189144962384,0.023174772155437093,-0.13296082203318135,0.02830348389144923,-0.24892826457140999,0.016617666269814747
2025-06-26,0.010200899127756891,0.017481699714227573,-0.004344967466127682,0.016617666269814747,-0.10957846133490524,0.021826667180355103,-0.4036454451575394,0.028348565809725054
2025-06-27,0.0,0.029188373815593045,-0.010484630560794411,0.028348565809725054,1.2240660225901852,0.03967300437638731,0.8075265062775197,-0.012966711654732965
2025-06-30,0.01252416813049465,0.015010271756613035,-0.022373547691801273,-0.012966711654732965,-0.5342975349270872,0.03738381944841429,0.1468607903305043,-0.002215466003675258
2025-07-01,-0.002784274507581927,-0.0007947286567320306,-0.015439447764737728,-0.002215466003675258,-0.5682683626512519,0.01464471910800563,-0.4420543075994822,0.0157981342863074
2025-07-02,-0.0017075709119037466,0.01702891050155097,-0.004388534048154045,0.0157981342863074,-0.20913182732750846,0.02141744454970504,-0.6345083239287316,0.0049697139680537255
2025-07-03,-0.0007840028955519213,0.005749220638025137,-0.008940408320632651,0.0049697139680537255,-0.2948933150162262,0.014689628958657741,-0.906013711518515,-0.015379768541878322
2025-07-07,-0.002621386511860266,-0.0012819204518118026,-0.02167820145281489,-0.015379768541878322,0.45467444566490006,0.020396281001003082,-0.41294805266874884,-0.01384041867070402
2025-07-08,0.005977983171376207,0.006540045265256303,-0.022769838603211662,-0.01384041867070402,0.16836927307232635,0.029309883868468015,0.09287580833255309,0.01287837352407479
2025-07-09,0.005091395043982464,0.028718772946932796,-0.009160875954843679,0.01287837352407479,0.0619140751592478,0.03787964890177627,0.2877118226247059,0.005645904945348064
2025-07-10,-0.005620967159448378,0.010195822000409563,-0.012763650394133923,0.005645904945348064,-0.38583366578706535,0.02295947239454351,-0.14131245185874253,0.01436545394764916
2025-07-11,-0.004683859798718768,0.021223454672539513,-0.006438878044268565,0.01436545394764916,0.15868506599042898,0.02766233271680801,0.016639781010674454,0.007574300853646758
2025-07-14,0.004540384723376215,0.019128795883390805,-0.0028344130602278,0.007574300853646758,-0.05228107803805096,0.021963208943618515,-0.10768197087253778,0.0024205229353595637
2025-07-15,0.006861184622674336,0.014544538044987142,0.00022033563542401115,0.0024205229353595637,0.0276353536139061,0.014324202409563155,-0.07095914873426341,0.005315524571281797
2025-07-16,0.006790111919720377,0.012720952364855485,0.0001648148749574766,0.005315524571281797,-0.010340800609267732,0.012556137489897881,-0.04156463349196869,0.0033283381170188036
2025-07-17,-0.004546592859407036,0.005939566498446366,-0.013702267011150312,0.0033283381170188036,-0.034155536493588476,0.01964183350959674,-0.01650070886480171,0.008029533863275892
2025-07-18,0.009865070445862004,0.015351633045714073,0.0007079141017571916,0.008029533863275892,0.061282278234339675,0.01464371894395666,0.028072083645309918,0.026870197972878783
2025-07-21,0.006409773631296916,0.027869105403251562,0.005872683902195304,0.026870197972878783,0.29756487012743055,0.021996421501056202,0.3272613525457162,0.006501649509492822
2025-07-22,0.007337527019449762,0.008120478378114202,-0.013984756467979557,0.006501649509492822,-0.025269049736768107,0.02210523484609383,0.22470151954842518,-0.005818087190142875
2025-07-23,0.0008358775099569682,0.006200048290173703,-0.011353027041328083,-0.005818087190142875,0.2730486070730392,0.017553075331501845,0.43678662958754744,0.010146543495428166
2025-07-24,0.035122151291756595,0.039780614214727415,0.004039584126028993,0.010146543495428166,0.24377820314771662,0.03574103008869822,0.554001297893584,0.005241971421160394
2025-07-25,-0.0009892097353575388,0.01117736688298129,-0.004746657215557469,0.005241971421160394,-0.6323969567383949,0.01592402409853888,-0.26016954656596075,-0.003110697517030469
2025-07-28,0.002430015605287838,0.004493514704383054,-0.01218699737870558,-0.003110697517030469,-0.042262087674568675,0.01668051208308849,-0.32455135778913996,0.016326673550753658
2025-07-29,-0.0007792481494222189,0.01719474197782297,-0.002599699874389924,0.016326673550753658,0.0817694867435504,0.019794441852212866,-0.2133021975425488,0.0039767503297007244
2025-07-30,-0.0007665460661285514,0.009406481331091345,-0.005429772340126283,0.0039767503297007244,-0.24346130068051378,0.0148362536712176,-0.44391136089414257,-0.023840713992668836
2025-07-31,-0.00418107917855397,-0.0027514196520676683,-0.028070583111650553,-0.023840713992668836,0.458701114469979,0.025319163459583002,0.12432734708064666,-0.014539736090352905
2025-08-01,-0.015068645043592321,-0.005591382253907966,-0.021490274835530874,-0.014539736090352905,-0.38771754470084746,0.015898892581622755,-0.15366513264059176,0.030769996192342237
2025-08-04,0.006114553914032089,0.031948603014574736,0.005220790945424316,0.030769996192342237,-0.0990510696056628,0.026727812069150418,-0.22802205092196492,-0.0018988234146887944
2025-08-05,-0.0016933247010365573,0.014355081669907673,-0.005913646514947022,-0.0018988234146887944,0.001738726037684765,0.020268728184854718,-0.1924465996089598,0.007267910940524433
2025-08-06,-0.0008736448367439649,0.010018007108710397,-0.005150137610113131,0.007267910940524433,-0.38225565741015355,0.015168144718823348,-0.5222557214071584,0.002190510205268615
2025-08-07,0.004934519669407,0.007367342656830544,-0.009015964536759048,0.002190510205268615,0.19942324783228857,0.01638330719358951,-0.2610910371852836,0.024628042088231168
2025-08-08,0.003555634052695419,0.030518722909467264,0.003302062450458358,0.024628042088231168,0.39730428870018114,0.027216660459009084,0.2944471889095577,-0.0020873630701934726
2025-08-11,-0.002385902945174494,0.0002978285427953418,-0.01173571267125056,-0.0020873630701934726,-0.41607226387035895,0.01203354121404583,-0.15087500896909672,0.011574528778155705
2025-08-12,0.001839079583274028,0.01726306742378077,-0.002041902479159229,0.011574528778155705,0.16274400907248285,0.019304969902939912,0.05066204423082343,-0.006809745602967937
2025-08-13,0.0038776328683730646,0.005835221184510537,-0.029090248678546097,-0.006809745602967937,-0.06999696918765715,0.03492546986305656,-0.01096395328618023,0.004840689646860656
2025-08-14,-0.002280309847525905,0.012204854607735802,-0.003621179987716567,0.004840689646860656,-0.11632694122190473,0.01582603459545238,-0.17352635998350818,0.004719266765417204
2025-08-15,0.004474078325347488,0.017099444225628868,-0.008213413433750063,0.004719266765417204,0.32533652150668774,0.025312857659378872,0.15910998639563828,-0.0019636427638918185
2025-08-18,0.0014702431390784204,0.006696558896405136,-0.006939117907287983,-0.0019636427638918185,-0.6341786009527961,0.013635676803692976,-0.4462590344832794,-0.009529252946624728
2025-08-19,-0.0023122595209271036,-0.0002948717681649476,-0.017548624761229467,-0.009529252946624728,0.2688048747690813,0.01725375299306457,-0.1256585509782485,-0.0112251417767915
2025-08-20,-0.004176051757805867,-0.0014397844886507836,-0.024965513177610317,-0.0112251417767915,0.17774775671125542,0.023525728688959597,0.0979303835572865,0.002154974487150572
2025-08-21,0.002154974487150572,0.01572948497697834,0.0005516506801340137,0.002154974487150572,-0.3813618828143267,0.015177834296844224,-0.28808730826576234,0.03124636416756646
2025-08-22,0.01480843875908211,0.0430642525204371,0.007729763159609121,0.03124636416756646,0.7727704589235427,0.03533448936082787,0.526931308189074,0.011578155991388521
2025-08-25,0.0016483875881481641,0.021267731966425674,-0.0039380538931514915,0.011578155991388521,-0.35834417604572777,0.02520578585957719,0.10800843371326414,-0.0064962145911715745
2025-08-26,-0.004711599996540267,-0.0030744097416912338,-0.013472322982391725,-0.0064962145911715745,-0.05018092463992559,0.010397913240700293,-0.023647962025257742,0.0016400386768736842
2025-08-27,-0.006976108391220084,0.008508664526393433,-0.00721922521687697,0.0016400386768736842,-0.21215427135678047,0.01572788974327027,-0.2643752868794625,0.01985178626097593
2025-08-28,-0.0011091348756367848,0.022588549306467517,-0.002799373639377904,0.01985178626097593,0.3397938361228629,0.025387922945845468,0.115786301357283,0.0059828432532534675
2025-08-29,-0.005353583314261763,0.014122051083818506,-0.006827271227519415,0.0059828432532534675,0.205783088287631,0.020949322311337965,0.23792309790801505,-0.007354002513760826
2025-09-02,-0.02121831665150361,-0.005793892639054182,-0.032023001622400425,-0.007354002513760826,0.17914750719413325,0.026229108983346267,0.4370579958803924,0.08742922478293834
2025-09-03,0.06794824515803244,0.09024323575200588,0.06165104728553306,0.08742922478293834,0.776772978271385,0.028592188466472785,1.1053068558147778,0.007084872239056174
2025-09-04,-0.004388396480114187,0.007386127177979856,-0.0199231714516029,0.007084872239056174,-0.6928346571241913,0.02730929862958281,0.0494629944756263,0.011555861230654791
2025-09-05,-0.00043059679251166843,0.014784662216121397,-0.001723434971620075,0.011555861230654791,-0.10378981018882182,0.016508097187741336,-0.16455532303083387,-0.004093501910960376
2025-09-08,0.001998007846786108,0.013231249396511323,-0.00567565838026309,-0.004093501910960376,-0.36090099069449005,0.018906907776774416,-0.576044981728848,0.023604075227743982
2025-09-09,0.000555327261383226,0.027103334483502706,-0.0034669394096059967,0.023604075227743982,0.1587288111878659,0.030570273893108634,-0.3918840785639354,-0.0019214989660401454
2025-09-10,-0.0030510586775908287,0.008435707292193577,-0.007455838921455749,-0.0019214989660401454,-0.0798187501995631,0.015891546213649382,-0.4375253469778855,0.005004794051932564
2025-09-11,0.00296423016063621,0.012795662275973323,-0.012284022121050167,0.005004794051932564,-0.1383942527473217,0.02507968439702339,-0.2874593301334067,0.001787343561243702
2025-09-12,0.0,0.007088875057052111,-0.009908708875360281,0.001787343561243702,-0.13363550873602467,0.016997583932412363,-0.3119686391074573,0.043913545982135344
2025-09-15,0.015902780478848605,0.04708803793406336,0.015902780478848605,0.043913545982135344,0.7796968299485092,0.031185257455214808,0.5824335704928575,-0.0017900712635230663
2025-09-16,0.0018662326225891337,0.005667280374349449,-0.008541599715882848,-0.0017900712635230663,-0.5374566527750515,0.01420888009023222,-0.10249870375342106,-0.006511057274472513
2025-09-17,0.00023885329151600223,0.0017503482584000703,-0.019621105740247995,-0.006511057274472513,-4.984043731617649e-05,0.021371453998648048,-0.08141568105223139,0.009968979649163396
2025-09-18,0.008579266656434575,0.01771577424003754,0.0010814663560632816,0.009968979649163396,-0.08784864115804022,0.01663430788397411,-0.16366451420199715,0.010616784246969359
2025-09-19,0.004829019927410679,0.01562932127818052,-0.0008732980163710154,0.010616784246969359,0.5759853607024205,0.016502619294551407,0.4088470174308713,-0.00863485874321489
2025-09-22,-0.001139187193406854,0.004152787784349555,-0.017504696818222556,-0.00863485874321489,-0.5428956111037093,0.02165748460257217,-0.2790154622665533,-0.003451063989501445
2025-09-23,0.002017503759427004,0.007220540093628492,-0.008150988744080717,-0.003451063989501445,-0.19280977558201695,0.015371528837709208,-0.3414123735188134,-0.018124009509249868
2025-09-24,0.0,0.0027380522573433232,-0.020960418662568883,-0.018124009509249868,0.05739414456979242,0.023698470919912226,-0.2432577585630949,-0.0054774897000137044
2025-09-25,-0.011148772882413302,-0.0026335282123152743,-0.02623743943696794,-0.0054774897000137044,0.09528761426351656,0.023603911224652777,-0.11457225418732284,0.0030467393846367965
2025-09-26,0.0051942414252042325,0.01466072964497915,0.00073209673263742,0.0030467393846367965,-0.5167013624726139,0.013928632912341579,-0.6300131232898396,-0.010151090053210141
2025-09-29,0.005299524201419015,0.018526121002773056,-0.015409714225192007,-0.010151090053210141,0.5634748448526351,0.03393583522796517,0.17348403024935202,-0.003900228408704702
2025-09-30,-0.005093900393933118,-0.003119015009917876,-0.01986410450473454,-0.003900228408704702,0.06602119509810814,0.016745089494816536,0.23793082780687996,0.00737703260654743
2025-10-01,-0.009713855750858475,0.013077411087808024,-0.01864248393721345,0.00737703260654743,-0.09244253128782551,0.03171989502502139,0.0880138313800548,0.003220649559461209
2025-10-02,0.001020304164535725,0.007768860921462681,-0.010673298618204893,0.003220649559461209,-0.21697386310043726,0.018442159539667602,-0.15253026810185205,-0.0013848011824196358
2025-10-03,-0.004896157844248264,0.00247972892179935,-0.016538793841966076,-0.0013848011824196358,0.1714596255872955,0.019018522763765436,0.056952151394055364,0.020493623696957036
2025-10-06,-0.0023259444454297863,0.024041269265063482,-0.0031433261649319462,0.020493623696957036,-0.045824773952188175,0.02718459542999541,-0.06788215509373154,-0.018823983502074013
2025-10-07,-0.008662530272895288,3.996951593783146e-05,-0.01980098339647711,-0.018823983502074013,-0.22031226812769153,0.01984095291241505,-0.26456289039213055,-0.004649461509155116
2025-10-08,-0.003260468290177848,0.0010167355760684752,-0.007925149431115459,-0.004649461509155116,-0.08430556866354866,0.008941885007183858,-0.26935046821274616,-0.01271228217245469
2025-10-09,-0.0006133591049086464,0.0005721500528666193,-0.022615021493809045,-0.01271228217245469,0.269303144104259,0.023187171546675555,0.07707018193640217,-0.020749505741591234
2025-10-10,-0.0004141382587144021,0.010543310813806555,-0.023840090452923828,-0.020749505741591234,0.17361283170298478,0.03438340126673032,0.2321988117545847,0.03153858732426462
2025-10-13,0.015269390518277838,0.0329711307305624,0.013185709209243966,0.03153858732426462,-0.28328052144720983,0.019785421521318364,-0.07311957197907534,0.005310482562114822
2025-10-14,-0.012031947991612817,0.012091263342824891,-0.015021119625308534,0.005310482562114822,-0.12257344716893154,0.027112382968133446,-0.16626045145001017,0.02247920096843814
2025-10-15,0.007306722432077747,0.026772254556286262,0.0021976589597076583,0.02247920096843814,0.200019652835347,0.024574595596578718,0.041986383494703725,0.0017115088253963444
2025-10-16,0.002943540266439579,0.02334794846531535,-0.003711586751308154,0.0017115088253963444,0.03598249464292156,0.02705953521662363,0.03488563162009178,0.00729061119104903
2025-10-17,-0.0027876733648724327,0.010916080803703468,-0.014621644210609495,0.00729061119104903,0.058085854198986576,0.025537725014312805,0.0921943445284427,0.01274896075085548
2025-10-20,0.005472559868094199,0.015784686668275934,0.003664783239942175,0.01274896075085548,-0.2833550898084561,0.012119903428333724,-0.1648842072647296,-0.024024275864451227
2025-10-21,-0.00708009108106294,-0.006530664487445006,-0.04954076429785369,-0.024024275864451227,0.7499308071711643,0.04301009981040868,0.6053200660670444,0.004898927272932763
2025-10-22,0.015490626846280544,0.023283395553887355,-0.004682403463476059,0.004898927272932763,-0.3005783678497081,0.027965799017363423,0.12647543536384132,0.005507470298801809
2025-10-23,0.005112236115898887,0.013222188062124088,0.0006355152114203129,0.005507470298801809,-0.5653976278721855,0.012586672850703612,-0.48959117809343333,0.026668291508105308
2025-10-24,0.013734802973907438,0.03341670372714338,0.008812037560518024,0.026668291508105308,0.36454135677529714,0.024604666166625377,-0.07390060785861242,0.03534060986409857
2025-10-27,0.01867643454708636,0.038566454336100606,0.01663519952083689,0.03534060986409857,0.2067141451471661,0.021931254815263687,0.13942466613775978,-0.006707137807960172
2025-10-28,0.0015586073898625633,0.005407501964342544,-0.010340309280070825,-0.006707137807960172,-0.16959971766011206,0.015747811244413316,-0.11090609852547008,0.026198849144980427
2025-10-29,0.0010462942498482444,0.028999269256469833,0.0007475135884807146,0.026198849144980427,0.38215934810745056,0.028251755667989063,0.383056228162269,0.024855171905938698
2025-10-30,0.06014242921155839,0.06014242921155839,0.01979759298720034,0.024855171905938698,0.5412281985546094,0.04034483622435805,0.8683213084406372,-0.001030830020017118
2025-10-31,0.006127205630007804,0.015930374690923604,-0.015935636963259787,-0.001030830020017118,-0.6454260207148821,0.031866011654183436,-0.07714277707129756,0.00895723452746638
2025-11-03,0.0035145331202599316,0.015316492000650089,-0.004955587505234875,0.00895723452746638,-0.27636890676052467,0.020272079505885,-0.4023401966337059,-0.02202274290544106
2025-11-04,-0.02487326904763212,-0.00867281759463573,-0.02664535401516612,-0.02202274290544106,0.009768821713884112,0.01797253642053038,-0.36779802192825234,0.024100085832147983
2025-11-05,0.0047806081720109216,0.03149421420089173,-0.0007209206096230853,0.024100085832147983,0.030512101186615362,0.03221513481051477,-0.33884880410524104,0.0015464187642061083
2025-11-06,0.003581174538950902,0.01410985766537481,-0.01121236555575519,0.0015464187642061083,0.18127942455534646,0.025322223221129987,-0.09806396237623086,-0.021009373370027656
2025-11-07,-0.005422960568354675,-0.003412316549706904,-0.0341498252659063,-0.021009373370027656,-0.0752309871193949,0.030737508716199385,0.029920321891113523,0.0396234832094448
2025-11-10,0.0198498371982211,0.04203347472468818,0.014349794848206272,0.0396234832094448,-0.15403709254001874,0.027683679876481807,-0.0950810146458386,0.004162271699253607
2025-11-11,-0.008133664564716687,0.0062541259594762234,-0.0096291094686049,0.004162271699253607,-0.3985248092305624,0.015883235428081018,-0.49219768990118984,-0.015916761723126695
2025-11-12,0.0012693019539309772,0.0024000978340364986,-0.02650588256844385,-0.015916761723126695,0.2242426290961932,0.02890598040248053,-0.20280776647777066,-0.028801821566432215
2025-11-13,-0.015359216657347421,-0.01358986835443179,-0.033587700317496944,-0.028801821566432215,0.17213828070301007,0.01999783196306522,0.010823262096029709,-0.007784116638445883
2025-11-14,-0.026038794377738567,-3.593332090680934e-05,-0.028658158861833285,-0.007784116638445883,0.07046282423341202,0.02862222554092652,0.1353646943018126,0.030674030761293117
2025-11-17,0.033336995831388,0.06152444243788244,0.025573748160563865,0.030674030761293117,0.5094001536539511,0.03595069427731852,0.6654722793787818,-0.002599651034573079
2025-11-18,0.010123395708555982,0.013175050051306016,-0.024218991331292024,-0.002599651034573079,-0.06899599063156268,0.037394041382597935,0.43884189654727757,0.029564262506891203
2025-11-19,0.010079900796458097,0.06644283431166155,0.008232538792472757,0.029564262506891203,0.3273745956025346,0.0582102955191887,0.596488781347022,-0.011541313473361176
2025-11-20,0.03927854329947226,0.04543282753737563,-0.014239712483939878,-0.011541313473361176,-0.0948876816081706,0.05967254002131576,0.29382962174970934,0.03466589813767203
2025-11-21,0.023794800130251224,0.048781940362967326,0.015086841131306239,0.03466589813767203,0.1783834207723956,0.03369509923166101,0.3405492354888375,0.06122506788190698
2025-11-24,0.03756233612767444,0.06404619760146406,0.032632650593890006,0.06122506788190698,0.13866755065181793,0.031413547007574184,0.3298215274805743,0.015140054162979628
2025-11-25,0.023667740843936587,0.03166728034307202,-0.002923450219837927,0.015140054162979628,0.03990236897528173,0.03459073056290987,0.26885976349303536,-0.010848861142363626
2025-11-26,-0.008569914545664973,0.003271903263378484,-0.020774512121808957,-0.010848861142363626,-0.5453735656992919,0.024046415385187304,-0.3867563008849376,0.0007185430362292326
2025-11-28,0.01063239162347437,0.021336596994087253,-0.009925650979445233,0.0007185430362292326,-0.6803088619078508,0.031262247973532366,-1.0215517752806218,-0.016659896765720817
2025-12-01,-0.0077757350760231485,-0.0010311597960541885,-0.019840662046144073,-0.016659896765720817,0.45921388297337395,0.018809502250089847,-0.45736706068055877,0.002917341191814633
2025-12-02,0.005857799222992544,0.011022235254508477,-0.003117085722934753,0.002917341191814633,-0.1385508895789921,0.014139320977443177,-0.4891150754165401,0.012023332896751584
2025-12-03,0.000253338891009971,0.018105545360036914,-0.005429333224365544,0.012023332896751584,0.1543375276904157,0.02353487858440247,-0.15006563160393846,-0.006308407788103353
2025-12-04,0.008101518275265734,0.008504795917594427,-0.015544249237694239,-0.006308407788103353,-0.29208405418060585,0.0240490451552886,-0.228315025992184,0.011426172574961235
2025-12-05,0.005870259547562821,0.017291883634320573,0.004868233957800785,0.011426172574961235,-0.07955921708078374,0.012423649676519783,-0.19964675606252985,-0.0237809846488099
2025-12-08,-0.0038046614373364327,-0.002586797918500394,-0.031781795370655355,-0.0237809846488099,0.16152334539072835,0.029194997452154845,-0.05408019693912743,0.010653193385332872
2025-12-09,-0.00431250524257629,0.013519032798839632,-0.005818268190589823,0.010653193385332872,-0.1160490329398581,0.01933730098942942,-0.12863850534065877,0.009822938249675506
2025-12-10,-0.0039500139934943775,0.013252315978873082,-0.007597839434949129,0.009822938249675506,0.10177756616836793,0.020850155413822083,0.006664314229761692,-0.02459658322857577
2025-12-11,-0.00040608127273683483,0.002837865971924832,-0.036931044163392754,-0.02459658322857577,0.23663498914613773,0.03976891013531763,0.29527553702639725,-0.01010104491621273
2025-12-12,0.004056733467747762,0.007779419080157546,-0.022234269958739467,-0.01010104491621273,-0.16419933828984798,0.030013689038896955,0.06294892039707621,-0.0034655580580204882
2025-12-15,0.006541969891777689,0.00686315080529778,-0.014361103144617771,-0.0034655580580204882,-0.20933635539491527,0.02122425394991554,-0.18753800392941286,-0.0053676794846445035
2025-12-16,-0.010665948895644338,0.008239235718436868,-0.018435075888712373,-0.0053676794846445035,0.04798960191924156,0.02667431160714936,-0.11211762507831159,-0.03265720088775454
2025-12-17,0.004686143501447924,0.00494579801182808,-0.03468137709748578,-0.03265720088775454,0.36209687064665264,0.03962717510931391,0.24769622220542756,0.01916007177585736
2025-12-18,0.016710501735919158,0.02410714839426375,0.008423607873567275,0.01916007177585736,-0.27052395537849916,0.01568354052069657,-0.0822729571392876,0.015419787313641272
2025-12-19,-0.00241639491217807,0.015712739374961395,-0.004938413007659705,0.015419787313641272,0.5813148392208687,0.020651152382621243,0.5488185945935756,0.008493567794240016
2025-12-22,0.008816345135985077,0.009622783772817233,-0.006073936627717744,0.008493567794240016,-0.8189015021537762,0.015696720400535054,-0.3999219428931579,0.014644670066311193
2025-12-23,-0.0004843121632826347,0.016519788065171785,-0.0014860007597778885,0.014644670066311193,-0.03665313603556009,0.01800578882494962,-0.42267060625303826,-0.0008274768615970477
2025-12-24,0.0013351442516681355,0.002319497972842479,-0.007760246522386164,-0.0008274768615970477,-0.9255648440292685,0.010079744495228514,-1.321618237339709,-0.0018482687435713396
2025-12-26,0.00124095866472839,0.003178743296591848,-0.00577934004069013,-0.0018482687435713396,0.07639307694222894,0.008958083337281937,-1.048325822552746,0.0001594328942245638
2025-12-29,-0.006849388676604811,0.0016253545210902875,-0.00926100421791105,0.0001594328942245638,0.5879701511411659,0.010886358739001331,-0.30312801751604773,0.0009244626763469376
