date,open_ret,high_ret,low_ret,close_ret,volume_ret,range_ret,vol_ratio,target_return
2022-01-04,0.00023891566131045632,0.001343420453803058,-0.02611858774901305,-0.01729580944920659,0.12395558326430486,0.027462008202816215,0.12395558326430486,-0.03914413691826291
2022-01-05,-0.009620378800429878,-0.00897607041676483,-0.040409219908311304,-0.03914413691826291,0.20364719736937578,0.031433149491546464,0.26370559401366783,-0.007933275388236734
2022-01-06,-0.01026174872310011,0.0073062215220544855,-0.01557683457166823,-0.007933275388236734,-0.010243450956440336,0.022883056093722685,0.15762334590770452,0.0005096307241394646
2022-01-07,0.0008597966047135913,0.008312478768655193,-0.012148196701011481,0.0005096307241394646,-0.19200607085284638,0.0204606754696667,-0.0761782821752928,0.0007320605430898899
2022-01-10,-0.014594643668683325,0.0021629649797295365,-0.030225519240250947,0.0007320605430898899,0.30276111690676216,0.03238848421998031,0.24136130303621595,0.0022567255430755114
2022-01-11,-0.0028359268254193343,0.007418232195755915,-0.014035011013645906,0.0022567255430755114,-0.4102020347100252,0.02145324320940186,-0.25379424957632407,0.010390864994515499
2022-01-12,0.014780076068743913,0.0264116998219867,0.006644885994977188,0.010390864994515499,0.15670250419239598,0.01976681382700953,-0.07958042053127012,-0.04324426085722078
2022-01-13,0.006888627424177614,0.008167192058343731,-0.04587234321417437,-0.04324426085722078,0.2775148276805086,0.05403953527251799,0.22894330262066484,0.017561506331394056
2022-01-14,-0.001806051895538685,0.019558206288471294,-0.003450789108417069,0.017561506331394056,-0.1297308634191453,0.023008995396888353,0.06800044415042374,-0.024640287923784372
2022-01-18,-0.019959327949666796,-0.0012904015147432442,-0.027651603047011506,-0.024640287923784372,0.060539585794179715,0.026361201532268286,0.09096847111416499,0.0022442753328888224
2022-01-19,0.011955391302154535,0.03652933011519135,0.00016525418404698668,0.0022442753328888224,0.08163175837601339,0.0363640759311445,0.18277439683118382,-0.005719621132752217
2022-01-20,0.018746534652823978,0.02705946616666583,-0.007245955965497175,-0.005719621132752217,-0.2610369328299483,0.034305422132162824,-0.16122045848103345,-0.018640859954790194
2022-01-21,0.003607531167498752,0.008287773523274748,-0.020060687923011564,-0.018640859954790194,0.4940075351261785,0.02834846144628652,0.32794679265538274,0.0011478608329668746
2022-01-24,-0.0130222553232455,0.0036415948836842453,-0.06987883190644191,0.0011478608329668746,0.3910463104783862,0.073520426790126,0.6603322609416803,-0.0269482677975745
2022-01-25,-0.016500080863867003,-0.004667232893859941,-0.03852311649578808,-0.0269482677975745,-0.16283700444364835,0.03385588360192813,0.3092113235504273,0.028094812556574842
2022-01-26,0.06540689375489672,0.06706145389391867,0.015614599236842296,0.028094812556574842,0.21618059168736906,0.05144685465707657,0.41731411952067243,0.010493784828413632
2022-01-27,0.019854873350528254,0.03506922740484064,0.004103332991588021,0.010493784828413632,-0.5252318464826885,0.030965894413252596,-0.24713402635819773,0.02769462756189297
2022-01-28,0.0012998973406287465,0.028408060200061588,-0.018139735988873515,0.02769462756189297,-0.0724482376707681,0.046547796188935064,-0.3711000391029025,0.008785022359350124
2022-01-31,0.002235876619931496,0.013276796662173403,-0.006150108490372806,0.008785022359350124,-0.06862577106004596,0.019426905152546296,-0.416599763667687,-0.007164329047572494
2022-02-01,-0.0018346206751338032,-0.0011261277378711455,-0.018990705449740318,-0.007164329047572494,-0.12589647309893054,0.01786457771186915,-0.42423435643364454,0.0151074252557315
2022-02-02,0.0028137443055987607,0.020389195457378252,0.00038856005391917325,0.0151074252557315,-0.11133021472039867,0.020000635403459078,-0.4280590437612274,-0.039731248161049705
2022-02-03,-0.01274598309488256,-0.007139508979973453,-0.04402262901959739,-0.039731248161049705,0.17700300188408818,0.03688312003962393,-0.03860441745789585,0.01544852747027107
2022-02-04,-0.0034582834975394566,0.024753293815213934,-0.004258011079579669,0.01544852747027107,-0.2199329550246053,0.029011304894793706,-0.21468067689605594,-0.016444833719697932
2022-02-07,0.0007515348260636984,0.006191143306060461,-0.019939946872008663,-0.016444833719697932,-0.20702958414561862,0.02613109017806901,-0.35199353045611786,0.011923925502628864
2022-02-08,0.0009963062494269175,0.015201972127780185,-0.0033283437594496712,0.011923925502628864,0.12774070355668887,0.018530315887229865,-0.1318145297284557,0.021599793948893563
2022-02-09,0.01728473487096881,0.02391067612448848,0.00924924326716922,0.021599793948893563,-0.03568336966697342,0.014661432857319195,-0.12028343823288441,-0.028783377306970594
2022-02-10,-0.023308598204523363,-0.00673836277865519,-0.03435476741709615,-0.028783377306970594,0.3720789339386215,0.027616404638441002,0.2825983132780314,-0.024573551369851277
2022-02-11,0.0026751590463783208,0.006296701437531179,-0.02735672972897719,-0.024573551369851277,-0.14715399006790883,0.03365343116650849,0.12580922983990922,-0.00013561299031856109
2022-02-14,-0.004313858480792856,0.0058127948986703565,-0.012585654791971431,-0.00013561299031856109,-0.074598586175444,0.018398449690641812,0.02786862397754519,0.01837256310373259
2022-02-15,0.01684048364516918,0.01947019515397822,0.00682408327446563,0.01837256310373259,-0.29546172042592356,0.012646111879512744,-0.3109069469788212,-0.0032335018880483464
2022-02-16,-0.007013608726035947,0.0013303420956965845,-0.022857205194427417,-0.0032335018880483464,0.10260673950542873,0.024187547290123904,-0.1788228037925087,-0.029719378352169753
2022-02-17,-0.01053953543489864,-0.009055947391090944,-0.03223349457498431,-0.029719378352169753,0.07945731538818047,0.02317754718389332,-0.09207259385931235,-0.009677669603230691
2022-02-18,0.00794816206398875,0.010708374396109954,-0.01531990783960365,-0.009677669603230691,0.05403738800579445,0.026028282235713553,0.03736285563637318,-0.0007295803582707017
2022-02-22,-0.010228189331453056,0.012459877355366413,-0.011984116033717953,-0.0007295803582707017,0.19727122141718562,0.024443993389084328,0.264846491391833,-0.02623440418219126
2022-02-23,0.008513605605445678,0.01373812947973794,-0.026841085185282464,-0.02623440418219126,-0.09876110669549588,0.04057921466502044,0.1330593839104924,0.0498311616302625
2022-02-24,-0.028078038546123577,0.05176420953772516,-0.031717624036042495,0.0498311616302625,0.4102651947168755,0.0834818335737676,0.4803766521014178,0.009190810594670312
2022-02-25,0.0018653229775642635,0.010266574045662918,-0.010030114417792696,0.009190810594670312,-0.5601945687250879,0.020296688463455732,-0.22238484566573558,0.004965656810326255
2022-02-28,-0.010141731984712887,0.006136382915106346,-0.014602748267507007,0.004965656810326255,0.06197218304056959,0.020739131182613366,-0.1608312452397361,-0.012935122259035436
2022-03-01,-0.00803114126512687,0.003941459630384599,-0.02247366598617343,-0.012935122259035436,-0.10365971911173504,0.02641512561655795,-0.26627694714964784,0.017609723815622452
2022-03-02,0.0013890098834235347,0.021864620942281462,-0.0042470120683659835,0.017609723815622452,0.02077081145661335,0.026111633010647294,-0.19249200277464176,-0.014326422751058797
2022-03-03,0.008954136002853347,0.009746156857563904,-0.02066583625897783,-0.014326422751058797,-0.15434155969249622,0.03041199311654177,-0.31561411306223797,-0.02069119564231005
2022-03-04,-0.0055234881356412595,-0.000879035041266571,-0.030014771248033388,-0.02069119564231005,0.16939723140124535,0.029135736206766762,0.026322747733832745,-0.03850883499216704
2022-03-07,-0.0045989348117327,-0.0005866031183189807,-0.03987222814663118,-0.03850883499216704,0.28803433528057143,0.0392856250283122,0.31556482183246704,-0.011031900421300029
2022-03-08,-0.003987775887506455,0.01794419081324158,-0.03246720326757697,-0.011031900421300029,0.10966915548555535,0.05041139408081845,0.37245661385888096,0.044837824103502524
2022-03-09,0.027143207326050103,0.04864341974258496,0.017714178351610474,0.044837824103502524,-0.3133445035446813,0.030929241390974485,-0.0381128330178499,-0.010137882924292648
2022-03-10,-0.01917755824213376,-0.006607549257796806,-0.027836244514590814,-0.010137882924292648,-0.13925929209131263,0.021228695256794092,-0.19542693784017368,-0.019517604948018723
2022-03-11,0.008264348903251102,0.013632669438514402,-0.021805415234326463,-0.019517604948018723,-0.11835579662272679,0.03543808467284089,-0.3314223641635345,-0.0130457900210539
2022-03-14,0.0009635410959689313,0.018852085581063847,-0.015291092475309116,-0.0130457900210539,0.11942287760512166,0.03414317805637283,-0.18446261489668275,0.03801089800002057
2022-03-15,0.014045036285948598,0.04034150213445781,0.00824980268220544,0.03801089800002057,0.11056178454665921,0.032091699452252535,-0.0037104279825939048,0.024900762590312337
2022-03-16,0.006802481809145107,0.025511984658601532,-0.013851301131321823,0.024900762590312337,0.09946113910759603,0.039363285789923215,0.18017920787083502,0.0028153765986219255
2022-03-17,-0.0037435588917357305,0.0041354998027882586,-0.017199339445552627,0.0028153765986219255,-0.20495112205637353,0.021334839248340932,-0.041234829601309086,0.01749391212496296
2022-03-18,0.0005079459545180809,0.0193894195051319,-0.008470125246290624,0.01749391212496296,0.34218932195448293,0.027859544751422584,0.2997806116218233,-0.004236197803933016
2022-03-21,-0.005139095634373336,-0.0009656760955151911,-0.01857846224437575,-0.004236197803933016,-0.42557347046535365,0.017612786148860568,-0.2216994661497057,0.016246482758559264
2022-03-22,0.0021369853864738535,0.01933321704263791,-0.0013045497249748327,0.016246482758559264,-0.026864454221470057,0.020637766767612788,-0.23542548913959588,-0.015144046914405983
2022-03-23,-0.011743978534712134,-0.002733412627774479,-0.021071590731451206,-0.015144046914405983,-0.07071486886944413,0.018338178103676644,-0.26734317128544144,0.015275619345143673
2022-03-24,-0.0011692552092462433,0.015604424544572695,-0.003914234986810632,0.015275619345143673,-0.04904976994930626,0.01951865953138323,-0.2415666041443065,-0.0013821234507202281
2022-03-25,0.0037090120182946876,0.004593163857579379,-0.0159435831959617,-0.0013821234507202281,-0.0815737585815881,0.02053674705354117,-0.28166885943897163,0.022853364384454095
2022-03-28,0.002138103538721834,0.02317508791397906,0.002138103538721834,0.022853364384454095,0.27057109780564814,0.021036984375257188,0.1388569892354319,0.015045535719598243
2022-03-29,0.010278476598171776,0.01634459854180989,-0.005324819081087059,0.015045535719598243,0.027187876074136468,0.021669417622896963,0.15655749491111054,-0.004926411468712941
2022-03-30,-0.005244997834860946,0.001710620448019979,-0.012217307418744532,-0.004926411468712941,-0.07619511555027891,0.01392792786676444,0.05909101590617575,-0.01784121755227199
2022-03-31,0.00012746446507781102,0.004070051077526112,-0.019204356036104337,-0.01784121755227199,0.1711869937899052,0.023274407113630515,0.21200218285863864,0.0035938583009696083
2022-04-01,0.0034321934066916574,0.005885817771223787,-0.009025031482218665,0.0035938583009696083,-0.20929625109856106,0.014910849253442283,-0.061313633295325486,0.01777777938318949
2022-04-04,0.0021629454271771126,0.018222117042362214,0.0009367274926444804,0.01777777938318949,-0.10987283152301051,0.01728538954971777,-0.20222809901086872,-0.013070398735024852
2022-04-05,-0.0054119966345982816,-0.00031756034846153674,-0.016324561141541172,-0.013070398735024852,-0.04776411969039491,0.016007000793079647,-0.21377080089039935,-0.037292583780047926
2022-04-06,-0.018472459862158067,-0.012559253748354796,-0.046651799327453315,-0.037292583780047926,0.5493514968017346,0.034092545579098535,0.387371433441164,0.006224311979856486
2022-04-07,-0.009527703315571534,0.013761284687584065,-0.010573208726024826,0.006224311979856486,-0.24447113509336219,0.024334493413608937,0.058786959465441865,-0.014707601825008146
2022-04-08,-0.003090654591446998,-0.000829889353849665,-0.017033780510371802,-0.014707601825008146,-0.2541440806982528,0.016203891156522172,-0.18168511493401698,-0.040230048380957055
2022-04-11,-0.017596732972385367,-0.01479051341966378,-0.04114194744170195,-0.040230048380957055,0.34994556844187535,0.02635143402203812,0.1872556488391513,-0.011281273720928853
2022-04-12,0.013855680214303702,0.01902828407992355,-0.016863040442333135,-0.011281273720928853,-0.11005357138054514,0.03589132452225651,0.007936678252131821,0.019520341873157
2022-04-13,0.0023726118801879427,0.02285249173027126,-0.002698133507719389,0.019520341873157,-0.3460970836636942,0.025550625237990867,-0.38775330403405195,-0.027457919540706824
2022-04-14,0.0016327711246820725,0.0023961341840713327,-0.029282043282184308,-0.027457919540706824,0.2532722922815041,0.03167817746625576,-0.014830520235128214,0.0024627565636393517
2022-04-18,-0.0032930656749651224,0.009354689448205878,-0.005338853106173674,0.0024627565636393517,-0.3061929075468388,0.014693542554379697,-0.29850047162892074,0.016896230928247224
2022-04-19,-0.004072104727835641,0.01994110224289843,-0.007550123995497005,0.016896230928247224,0.07058879948508641,0.02749122623839543,-0.2019840326134505,0.003708493941256231
2022-04-20,0.014268577674339256,0.015304731479301522,0.00024535134724609466,0.003708493941256231,0.026945910053847548,0.01505938013205547,-0.08079390193076814,-0.019571434015059577
2022-04-21,0.007722587964678271,0.02394622498973614,-0.022245852163868835,-0.019571434015059577,0.2514206506568222,0.04619207715360492,0.23773965466555824,-0.024440690367956684
2022-04-22,0.003093373485884037,0.008475129564487632,-0.02681548877359449,-0.024440690367956684,-0.0016581610448209703,0.03529061833808206,0.17310530353207298,0.02412015063238855
2022-04-25,-0.002704051287607091,0.025508414708048266,-0.011967873529774574,0.02412015063238855,0.1933675438408792,0.03747628823782278,0.3569420442144486,-0.038121289074177056
2022-04-26,-0.011536802436942677,-0.008442548270858887,-0.0389357766250571,-0.038121289074177056,0.26528845560971437,0.030493228354198182,0.5094758151658113,0.04698753855574587
2022-04-27,0.043025193094695616,0.07398372671959488,0.03254866071801292,0.04698753855574587,0.310840729867891,0.0414350660015818,0.6604772444621843,0.022380278060381762
2022-04-28,0.006931648267440886,0.027030588938540986,-0.006233673895855659,0.022380278060381762,-0.6347766522507905,0.033264262834396686,-0.19539114233529603,-0.042711300091407396
2022-04-29,-0.0035280181463898225,0.0008627979199526309,-0.04639344220299291,-0.042711300091407396,0.09700120712820373,0.047256240122945464,-0.11867796396772452,0.02473484106885473
2022-05-02,0.0006844099040276902,0.026385677283252033,-0.004695309004877693,0.02473484106885473,-0.0532573057758134,0.031080986288129577,-0.20801392727825163,-0.009501183849813263
2022-05-03,-0.0017944510636363998,-0.0011959070515748526,-0.015302651918135035,-0.009501183849813263,-0.3023827900347462,0.0141067448665602,-0.5079546854106963,0.028685372678533487
2022-05-04,0.002870450668055664,0.03178420748244406,-0.018084279004493435,0.028685372678533487,0.25723211123419476,0.049868486486937445,-0.15073653896947176,-0.04453172446376036
2022-05-05,-0.015429838684995182,-0.01259713281680474,-0.055443793270087555,-0.04453172446376036,0.25273243348037,0.04284666045328276,0.2680095670312695,-0.009491431332674416
2022-05-06,-0.009200327603785972,0.006827169441520486,-0.022165674151956485,-0.009491431332674416,-0.13544986414797203,0.028992843593476907,0.0760780923789196,-0.03764522489201398
2022-05-09,-0.01714468968245553,-0.00866417034371652,-0.04241878676054237,-0.03764522489201398,0.2336885200198184,0.03375461641682579,0.30573961975767494,0.018424778065950637
2022-05-10,0.026518107157905636,0.03407166884760942,0.0018503573960613245,0.018424778065950637,-0.19332602391097323,0.032221311451548,0.04331494759629574,-0.03377365584484161
2022-05-11,-0.014275840848382381,0.00687790827291986,-0.0385827448812999,-0.03377365584484161,0.21917804152452078,0.0454606531542198,0.1939729090696049,-0.020159557508009754
2022-05-12,-0.011037412936415116,-0.0025747297031604214,-0.041253802753316735,-0.020159557508009754,0.04115981791924475,0.03867907305015637,0.16166472814997013,0.022344876080045123
2022-05-13,0.007801872819351633,0.029670967356870564,0.0,0.022344876080045123,-0.3792823898864368,0.029670967356870564,-0.25280050609079313,0.001454230428731944
2022-05-16,-0.004452312920239049,0.01783936247024265,-0.020662357843544595,0.001454230428731944,-0.07040075037546456,0.03850172031378741,-0.31042183870411116,0.020140017695718618
2022-05-17,0.017475418583205494,0.0257832327662005,0.003664373406118019,0.020140017695718618,-0.12143013056693183,0.022118859360082337,-0.3610462035530859,-0.04892511593531843
2022-05-18,-0.014420269022931727,-0.012141475417884516,-0.05409429995345348,-0.04892511593531843,0.08403074885149187,0.041952824535568985,-0.22487441632466162,-0.0037064923121980283
2022-05-19,-0.0007087205937985416,0.014030563293001107,-0.008696382259364826,-0.0037064923121980283,0.041733939842259024,0.02272694555236594,-0.08910071486310184,-0.002293858370082316
2022-05-20,0.01606677035039303,0.021107760953297826,-0.02682412690011349,-0.002293858370082316,0.18151931332538435,0.04793188785341125,0.20071854326623234,0.03152965321449841
2022-05-23,0.011534456851969866,0.034785448921880076,0.0034387872934434427,0.03152965321449841,-0.166850252076494,0.03134666162843668,0.007562418739330691,-0.003959483140283663
2022-05-24,-0.01064529357983346,0.002605437319021096,-0.02781466476635801,-0.003959483140283663,-0.13300015895747333,0.030420102085379166,-0.12922398036520913,0.01110822309871894
2022-05-25,-0.005716874504175075,0.018924607625788917,-0.00963719208874656,0.01110822309871894,-0.01722510022982119,0.028561799714535475,-0.14774988415001958,0.012793047538765995
2022-05-26,-0.0009527621691683291,0.01733327597994905,-0.004160694525918276,0.012793047538765995,-0.13262355688993227,0.021493970505867332,-0.26325702158538694,0.027230218828750628
2022-05-27,0.009656188904514829,0.02759615284422283,0.006223555830704351,0.027230218828750628,0.07356787168190718,0.021372597013518665,-0.14125691029544887,-0.005026501214410313
2022-05-31,-0.00260179881593224,0.00558384997573247,-0.015899398668594526,-0.005026501214410313,0.34051394546611935,0.021483248644326883,0.2818744895630024,0.002021049400617034
2022-06-01,0.012174157506995166,0.021181399464255374,-0.006753865092297242,0.002021049400617034,-0.40254559068454426,0.027935264556552694,-0.15275729830991325,0.007897566256890377
2022-06-02,-0.02969279863769377,0.008152495255988792,-0.04052839939522936,0.007897566256890377,0.553879932387199,0.04868089465121818,0.4269166461579013,-0.0167466189246358
2022-06-03,-0.015673169070003448,-0.004123774133047613,-0.022726932695316133,-0.0167466189246358,-0.45006654407055596,0.01860315856226863,-0.1254146820602304,-0.004714410200136371
2022-06-06,0.007526631589496043,0.015288808652568358,-0.010423695913103236,-0.004714410200136371,-0.22523508449207008,0.025712504565671476,-0.3696882096290898,0.01385703466142628
2022-06-07,-0.007882090505255424,0.01616631075382023,-0.010510850833023092,0.01385703466142628,0.020344927441745927,0.026677161586843332,-0.3211230334847894,-0.007699274826992525
2022-06-08,-0.002903324497016243,0.0018331810816609117,-0.010662198096860188,-0.007699274826992525,-0.27454229537795716,0.012495379178521246,-0.49587165912561026,-0.021002248006436634
2022-06-09,-0.009773595965677262,0.008469588903231318,-0.021606696886051095,-0.021002248006436634,0.41998968478209114,0.030076285789282387,-0.018749214453482106,-0.04558710730224062
2022-06-10,-0.01602722702526565,-0.01602722702526565,-0.04740704256473298,-0.04558710730224062,0.17266707559585678,0.03137981553946738,0.29367015252346235,-0.0433384770536368
2022-06-13,-0.031642892102130483,-0.015816752286263096,-0.04635630004167334,-0.0433384770536368,0.384055477223988,0.030539547755410224,0.6494122361767949,0.009162923836861549
2022-06-14,0.006582785721003474,0.014262581878993886,-0.003100649556231353,0.009162923836861549,-0.4763834234830159,0.017363231435225248,-0.006774550690940586,0.029301800186247434
2022-06-15,0.015503524982470322,0.043264905450198926,0.00786295901504319,0.029301800186247434,0.1446808964347667,0.035401946435155866,0.09854199010292991,-0.027340471886382514
2022-06-16,-0.02322601649197649,-0.017388940903008486,-0.03533246887593897,-0.027340471886382514,0.0017350402431067318,0.01794352797293036,0.0005096386651624579,0.010880675337795331
2022-06-17,-0.0011028010735182833,0.0223231614742009,-0.0038445954979438976,0.010880675337795331,0.2615485322051501,0.026167756972144688,0.22226311793102116,0.0242937079727282
2022-06-21,0.010483921098566289,0.028266237714320148,0.007482538144384355,0.0242937079727282,-0.3643657456408428,0.020783699569935705,-0.20752450033799782,-0.0024069323193665376
2022-06-22,-0.007317660506737096,0.01342725466611445,-0.013370338121983362,-0.0024069323193665376,-0.14302219722259166,0.0267975927880978,-0.25841928574589484,0.022384108384152664
2022-06-23,0.009593163339349139,0.02435238482318304,0.0019733213063954794,0.022384108384152664,-0.003030814288084049,0.022379063516787395,-0.2451726238694153,0.03357967769994585
2022-06-24,0.01133172209219386,0.0346250734312538,0.01098791623966636,0.03357967769994585,0.271347636553974,0.02363715719158751,0.07104582835945943,-0.01055229535480239
2022-06-27,0.0019032277751952062,0.00223871580790934,-0.016648896127410263,-0.01055229535480239,-0.32073907033125226,0.018887611935319692,-0.2544545362863275,-0.032263969074901415
2022-06-28,-0.0034413164523320943,0.007596835874003911,-0.03288800831666654,-0.032263969074901415,0.10336177767388083,0.04048484419067053,-0.027394399619029227,0.014630437174913595
2022-06-29,0.004318427687825605,0.021179266351675826,-0.0028112484224921156,0.014630437174913595,-0.3075056558027482,0.023990514774167807,-0.3159518701087129,-0.01326683373125905
2022-06-30,-0.012410597858608615,-0.0028088707143060234,-0.028687039329371763,-0.01326683373125905,0.4580747718803061,0.025878168615065703,0.18570884901769305,0.010650553390992391
2022-07-01,-0.001714555280635044,0.011382246695372772,-0.008681370093028004,0.010650553390992391,-0.32887829032505084,0.020063616788400712,-0.18675102919085462,0.012518661955066623
2022-07-05,-0.013262624986333517,0.013013136904141872,-0.018821449805497856,0.012518661955066623,0.004513023538420608,0.031834586709639796,-0.09826596978060002,0.012701888411071236
2022-07-06,0.0034181343042921056,0.019366079455613607,-0.0017135166763996238,0.012701888411071236,0.03778456286231507,0.021079596132013226,-0.047164258140983004,0.00819294346009977
2022-07-07,-0.004102903636170528,0.010648955086505374,-0.004480185515279557,0.00819294346009977,-0.13288160989523132,0.015129140601785024,-0.15185561148683657,-0.002760850306982063
2022-07-08,-0.013541291087285807,-0.0011183143494245843,-0.019222263612795047,-0.002760850306982063,-0.05930358048101153,0.018103949263370396,-0.21764613967423194,-0.01183843736344686
2022-07-11,-0.007537902128999989,-0.004230729003352313,-0.020686269216351257,-0.01183843736344686,-0.010410688698951613,0.016455540212998977,-0.1240347269939734,-0.041844892193274176
2022-07-12,0.005166002851377489,0.005391633922123048,-0.048291316250973756,-0.041844892193274176,0.6117450864775521,0.05368295017309702,0.5189079725360569,-0.003752041169363093
2022-07-13,-0.013813563526755071,-0.00047314821630575353,-0.02216200381987756,-0.003752041169363093,-0.19555734912648642,0.021688855603571696,0.20902882227680802,0.005367023941288848
2022-07-14,-0.008543809487572523,0.009530250393832767,-0.027194547652951043,0.005367023941288848,-0.16132273016744617,0.03672479804678387,0.0013888569995873729,0.010336816291221771
2022-07-15,0.006433915406740972,0.024454492305524635,0.00271200886722334,0.010336816291221771,0.17065949438333808,0.021742483438301013,0.13875751316479293,-0.00966796662793021
2022-07-18,0.011733628422737294,0.01592117692872475,-0.013411432500972374,-0.00966796662793021,-0.3503076357310061,0.02933260942969718,-0.28671378498079625,0.02055426322820874
2022-07-19,0.013012264405508164,0.021286097411690203,-0.00224443357045875,0.02055426322820874,0.1760484455495894,0.023530530982149012,-0.12148576909994127,0.010502167429984527
2022-07-20,0.0014246200064738726,0.02036682298997143,-0.002391773049258157,0.010502167429984527,-0.09313245154777437,0.022758596039229664,-0.13462927009697398,0.00975139064215302
2022-07-21,-0.009500820346553028,0.009940235184309117,-0.020181660735989822,0.00975139064215302,-0.016976488074956633,0.030121895920299128,-0.09876896755807398,-0.01706062378707356
2022-07-22,0.0015091834535799183,0.0018484274465981087,-0.02202753250444236,-0.01706062378707356,-0.023638367500489216,0.023875959951040533,-0.10034579211996235,-0.005893808782887878
2022-07-25,0.0024551748807509943,0.004369051063035245,-0.01372873008100472,-0.005893808782887878,-0.03844683563673239,0.018097781144040086,-0.07131198876508901,-0.02713926453040533
2022-07-26,0.003971544425036667,0.004048581141995366,-0.03643195734779645,-0.02713926453040533,0.6252595925076048,0.040480538489791766,0.5532314385376923,0.06471217398005234
2022-07-27,0.0361011012122578,0.06957492270739395,0.0272166077986143,0.06471217398005234,0.15606580554861885,0.042358314908779685,0.5900027115981773,0.028140950829255888
2022-07-28,0.0037512710295424796,0.03330106214647554,-0.00324256313975877,0.028140950829255888,-0.3181811783613812,0.03654362528623428,0.10458275847702236,0.015543655382922149
2022-07-29,0.004656154332416056,0.020021787000155927,0.0007956069322610507,0.015543655382922149,-0.03983023618900034,0.019226180067894918,-0.006044000679923161,-0.00977181992728673
2022-08-01,-0.010455490988456547,0.0019216708361175685,-0.017607965121760154,-0.00977181992728673,-0.4006064371950682,0.019529635957877593,-0.46822218213189837,-0.011540754838998064
2022-08-02,-0.007256253676443023,-0.0004317147464696321,-0.020458951326309645,-0.011540754838998064,0.05485664228857129,0.02002723657984008,-0.41617305788899683,0.027455990024111872
2022-08-03,0.007034375361550977,0.03109575861321186,0.0064921543554900905,0.027455990024111872,0.03305460948700122,0.024603604257721692,-0.2819718689633532,0.0041687076760987185
2022-08-04,-0.002374798432194706,0.004697367134439514,-0.008175744861876121,0.0041687076760987185,-0.2619642407413028,0.012873111996315576,-0.3882599983273759,-0.002612223448015005
2022-08-05,-0.015991812363081098,0.0,-0.017676918374711716,-0.002612223448015005,-0.07597427492195305,0.017676918374711695,-0.34192479431095485,-0.00919700493070072
2022-08-08,0.004021397221406201,0.010583259567583186,-0.012770734607351059,-0.00919700493070072,0.11075174889869399,0.023353994174934327,-0.09162028936656447,0.007038458142009622
2022-08-09,-0.002428719849108642,0.009797661897077495,-0.009714635603747157,0.007038458142009622,0.2223406334334861,0.01951229750082464,0.15837060121167948,0.02400988877864412
2022-08-10,0.02058033834679475,0.02625523540522913,0.01630285116056542,0.02400988877864412,0.05335097458806385,0.009952384244663768,0.20522526661384802,-0.00742831933117999
2022-08-11,0.005827510545124434,0.0070644462526833,-0.009206707152357633,-0.00742831933117999,-0.20728733754950893,0.016271153405040956,-0.013621612850679027,0.016893686660679887
2022-08-12,0.005073936072943163,0.016893686660679887,-0.00027871828689884616,0.016893686660679887,0.11979935106382363,0.01717240494757876,0.08702029926013553,0.005329875426417754
2022-08-15,-0.003122280954750795,0.007746251867887709,-0.006185437213581123,0.005329875426417754,-0.22369963723552075,0.0139316890814687,-0.19152760992407555,-0.002593094957142516
2022-08-16,-0.005055901891216269,0.001940418013631663,-0.010447226214500253,-0.002593094957142516,0.0009505756672073667,0.01238764422813191,-0.18459209363517903,-0.004759984104314804
2022-08-17,-0.010198393186800636,0.0021841275826077465,-0.011130659678088278,-0.004759984104314804,0.008279217614175901,0.013314787260695887,-0.12638119069219406,-0.003955340090872437
2022-08-18,-0.0038864552155081847,0.002023203635039736,-0.007718924526315049,-0.003955340090872437,-0.06024462784383868,0.009742128161354807,-0.12248092931960103,-0.013950876874996871
2022-08-19,-0.0043864180548834324,-0.003175638326545258,-0.01601484831561025,-0.013950876874996871,0.17972696746228617,0.012839209989064964,0.08734307118618363,-0.029794699005594845
2022-08-22,-0.014325456478350405,-0.012979210136211488,-0.03170470833675405,-0.029794699005594845,0.19748313949254753,0.01872549820054261,0.3068141479961102,-0.004727620464950415
2022-08-23,-0.004727620464950415,0.003988382717414971,-0.00849686438755128,-0.004727620464950415,-0.35755147239491414,0.01248524710496613,-0.12366856664335447,-0.002354070527580328
2022-08-24,-0.0037328983018950993,0.002853718142198357,-0.0048228436126393865,-0.002354070527580328,0.03418867987278716,0.007676561754837861,-0.08366002857666227,0.011034287196521657
2022-08-25,0.005568346904994783,0.011643686938054992,-0.004615659506912964,0.011034287196521657,-0.08955185560637216,0.016259346444967866,-0.17203063665249255,-0.03935129335256732
2022-08-26,0.0008244062330203183,0.005329114448081549,-0.039761632866448175,-0.03935129335256732,0.5075749318987546,0.0450907473145296,0.34168403910136713,-0.010725315863450362
2022-08-29,-0.00839046846232191,-0.0025770895287342524,-0.01594194838696569,-0.010725315863450362,-0.3034614853393321,0.013364858858231353,-0.030655407229814104,-0.008557453635326074
2022-08-30,0.005414573767353593,0.00683844556740733,-0.017380525355766948,-0.008557453635326074,0.11280086981412339,0.02421897092317423,0.12822915638620466,-0.005720403033297305
2022-08-31,0.009160535536607462,0.015620541863593403,-0.006256036755769724,-0.005720403033297305,0.0851964419320224,0.021876578619363117,0.162422602475527,-0.004100671943675628
2022-09-01,-0.009993572512789185,-0.0022206401446651968,-0.02344944740118421,-0.004100671943675628,-0.0636316432375607,0.021228807256519076,0.03755163734273978,-0.016807104411889588
2022-09-02,0.004979969285818143,0.016529288502603597,-0.023035931248509483,-0.016807104411889588,-0.01769389682558709,0.039565219751113136,-0.0380590607486681,-0.011034639354731394
2022-09-06,0.0005466546256005911,0.006888618449894457,-0.01622080886893998,-0.011034639354731394,-0.06915727253461262,0.023109427318834506,-0.06687249039083458,0.01893120398330086
2022-09-07,0.005709226874844554,0.021794280530261723,-0.00011846221596399305,0.01893120398330086,0.12328897032693666,0.021912742746225754,0.04777359210270582,0.0016646707855857783
2022-09-08,-0.0022497548876199186,0.009025735836172173,-0.01286869700265789,0.0016646707855857783,-0.1717184096253294,0.021894432838830045,-0.13569748573961404,0.0227169609201676
2022-09-09,0.007629843295742143,0.02562439761003329,0.006823408982436894,0.0227169609201676,0.0832843596374371,0.018800988627596393,-0.013225446249232576,0.0082469353391496
2022-09-12,0.004978915492606391,0.011242699801703851,0.002643452366285503,0.0082469353391496,-0.16381398285018392,0.008599247435418279,-0.1664494380100556,-0.05654748817349382
2022-09-13,-0.029726818116090147,-0.023718027261582966,-0.05813615030443278,-0.05654748817349382,0.5760856397655079,0.03441812304284991,0.4474435787604353,0.0009123013840601767
2022-09-14,0.006092728426170438,0.00884992631206624,-0.008488662537045501,0.0009123013840601767,-0.3327344738771942,0.017338588849111793,0.00783136304977933,-0.027493678105543377
2022-09-15,-0.009761215859477979,-0.0032564554895213884,-0.03305152071172459,-0.027493678105543377,0.27654577327927193,0.029795065222203227,0.28618012512083196,-0.0026116042596009185
2022-09-16,-0.004574840008081266,-0.0003260855566556684,-0.013622430037517114,-0.0026116042596009185,0.23269284351934327,0.013296344480861403,0.4284176204448902,-0.0008993223690458459
2022-09-19,-0.00931844858351603,0.0016330284207921708,-0.016022086584625776,-0.0008993223690458459,-0.3942557454538961,0.017655115005417835,-0.09387741593453336,-0.008501631669175393
2022-09-20,-0.01007015184823375,-0.004139135750447976,-0.020159327964600786,-0.008501631669175393,-0.006229547958161456,0.016020192214152847,-0.15349126936732332,-0.01454117871156351
2022-09-21,0.007478697413444174,0.021261361609597112,-0.014750462180846018,-0.01454117871156351,0.07112585485296781,0.036011823790443,-0.03834550816658781,0.008459612512970893
2022-09-22,-0.004530026827448391,0.02033998038236166,-0.005791964532474653,0.008459612512970893,0.08165802952100441,0.026131944914836273,0.012117081027855744,-0.012779449749854177
2022-09-23,-0.005993535274412043,0.0006223026277182125,-0.024277721716294096,-0.012779449749854177,0.09556419146330407,0.02490002434401223,0.11074718877758183,-0.0019774128728324535
2022-09-26,-0.0036633727937243677,0.01472792466450488,-0.0042963896151127804,-0.0019774128728324535,-0.21030063835039323,0.019024314279617455,-0.06214979176226696,-0.004389460830711153
2022-09-27,0.010598506589919912,0.01815388865877383,-0.012501474256584355,-0.004389460830711153,-0.02469378612197993,0.030655362915358305,-0.09271230889267972,0.019519776817803945
2022-09-28,0.0016905202261655698,0.024732839856452856,-0.007131702073009105,0.019519776817803945,0.07179022498068498,0.031864541929461955,-0.023337236386689893,-0.014919754655315375
2022-09-29,-0.009084185747496257,-0.004656822544064121,-0.02801564359844824,-0.014919754655315375,-0.05470814974254784,0.023358821054384207,-0.08076151974755977,-0.019558472790994305
2022-09-30,0.003320767663259298,0.012718744496128961,-0.020288658476138005,-0.019558472790994305,0.26139372580959935,0.03300740297226684,0.20493511021173424,0.0331083850857157
2022-10-03,0.010719539680093055,0.036715707775047644,0.00752852291779906,0.0331083850857157,-0.2118418555688712,0.02918718485724872,-0.01729803439427043,0.03325333643910796
2022-10-04,0.01790793931682131,0.039182348724979284,0.01745902135008205,0.03325333643910796,0.18899123139077934,0.021723327374897163,0.1636519211653994,0.0012849024585536832
2022-10-05,-0.011679965178073686,0.006807365916147421,-0.019392869805450543,0.0012849024585536832,-0.5392160001438684,0.026200235721597884,-0.4273354580528155,-0.009718029300100548
2022-10-06,-0.005109355950396599,0.004564204604256002,-0.012599080908907797,-0.009718029300100548,-0.005282491895535791,0.017163285513163602,-0.3753428835215672,-0.052191491143023926
2022-10-07,-0.024155861082456802,-0.0224138614437683,-0.056769951958951,-0.052191491143023926,0.6238486425570158,0.034356090515182715,0.29893867280555286,-0.021533143087380132
2022-10-10,-0.005093218310341545,0.001365154065881271,-0.032586390829230594,-0.021533143087380132,-0.23889056345432214,0.03395154489511173,0.04534212874172877,-0.016892128696268542
2022-10-11,-0.007135560734427624,-0.0008291438253743023,-0.02267610566563086,-0.016892128696268542,0.024259878248872265,0.02184696184025646,0.06354686667890667,0.0015072098567890122
2022-10-12,-4.440791322642209e-05,0.010810425508289404,-0.006453487981639043,0.0015072098567890122,-0.33020915788767824,0.01726391348992848,-0.23530330664853275,0.03691806192685964
2022-10-13,-0.02648266890809454,0.04482727764577234,-0.02976300900706264,0.03691806192685964,0.6640574541378824,0.07459028665283497,0.4175823703441609,-0.024547506983123354
2022-10-14,0.005534467685298926,0.012726055901031152,-0.025510524013740203,-0.024547506983123354,-0.34292659160698474,0.03823657991477136,-0.07309307727988505,0.038495178907017424
2022-10-17,0.03127008596620977,0.04449745476321974,0.028382331603069848,0.038495178907017424,-0.07052178315798423,0.016115123160150086,-0.09588662864043222,0.0040753841805474195
2022-10-18,0.023754706687369266,0.026587342714103034,-0.009135202839246933,0.0040753841805474195,-0.06658000093600663,0.03572254555334987,-0.1520732926330652,-0.008505690635461052
2022-10-19,-0.006140435386859696,0.004643293816282222,-0.017809674706073725,-0.008505690635461052,-0.2756767637768079,0.02245296852235612,-0.40033799707250595,-0.0013964491967358116
2022-10-20,-0.0030068480254332934,0.020218784150192362,-0.00683147089442865,-0.0013964491967358116,0.08739741187013184,0.02705025504462098,-0.2999942105202574,0.024966280360376084
2022-10-21,-0.005988628423164612,0.02859427284434947,-0.0070115826098649595,0.024966280360376084,0.18714310258483838,0.03560585545421432,0.039012458699713315,0.020966519646246334
2022-10-24,0.006750661285745109,0.023349911035880248,-0.003392465578437162,0.020966519646246334,-0.054240030736439376,0.026742376614317324,0.01608698834084534,0.013697483290422006
2022-10-25,4.042185981411528e-05,0.01521229173768774,-0.005759722922459615,0.013697483290422006,0.33359561431324675,0.020972014660147403,0.3763979288431753,-0.08029538884051352
2022-10-26,-0.08094409112057244,-0.05056705688217773,-0.08575731993742075,-0.08029538884051352,0.8644086768032304,0.03519026305524307,1.1724254097611304,-0.019953975957483935
2022-10-27,-0.0012112383075971796,0.010193396222185498,-0.024240996525933402,-0.019953975957483935,-0.7138832821074134,0.03443439274811893,0.06006132408818824,0.03943269609925105
2022-10-28,-0.002251682006786896,0.04252288834580921,-0.003091861754265559,0.03943269609925105,0.005503743280094996,0.04561475010007494,-0.02773492293305088,-0.015983204500323034
2022-10-31,-0.008985860591269705,-0.004035762234553918,-0.020213961065262364,-0.015983204500323034,-0.3600577612089831,0.016178198830708566,-0.4542036059619376,-0.017206623461653373
2022-11-01,0.010584381641891193,0.015431945506039418,-0.020894866228308433,-0.017206623461653373,0.07586385068797286,0.036326811734347896,-0.3936543359831176,-0.03600894086945734
2022-11-02,0.005637794497898672,0.013624625298810526,-0.03628163963729441,-0.03600894086945734,0.22749139134097765,0.049906264936104755,-0.14754199600018622,-0.02693845878517426
2022-11-03,-4.54792956275511e-05,0.0014074486522194763,-0.0281994835192401,-0.02693845878517426,-0.04726569341758725,0.029606932171459443,0.026221751122006608,0.0327822919013378
2022-11-04,0.015285165716645462,0.03368525349671433,-0.0038346817391386344,0.0327822919013378,0.004227564418461798,0.03751993523585307,0.05192311281073048,0.028849420096725226
2022-11-07,0.002706511178545518,0.03121642631436712,-0.0004969869793331979,0.028849420096725226,-0.09371587009183692,0.03171341329370032,-0.01945018829170198,0.004378865959858751
2022-11-08,0.0036358182088487836,0.016452316038698893,-0.008948501746222024,0.004378865959858751,-0.17242975043197273,0.025400817784921013,-0.22153715400724588,-0.01923391028303394
2022-11-09,-0.006575510418947247,-0.0010491377328433014,-0.020035945248270407,-0.01923391028303394,-0.012118894908174327,0.018986807515427046,-0.21992074537645326,0.07905889269022802
2022-11-10,0.04749337309411768,0.08049832912257149,0.04566528899138204,0.07905889269022802,0.5075134872170236,0.0348330401311895,0.35034444527855124,0.016854466248221348
2022-11-11,4.119499393523638e-05,0.02040932707910312,-0.0043307200014328666,0.016854466248221348,-0.2900132506942686,0.024740047080536186,0.0028955636564763194,-0.022757080456748003
2022-11-14,-0.020937158402416733,-0.013034264285658499,-0.03249172880169705,-0.022757080456748003,-0.10648059191955353,0.019457464516038393,-0.09093939595818606,0.0017372529403761332
2022-11-15,0.016871977383696963,0.022311832993498953,-0.006312593189963191,0.0017372529403761332,0.008535821757393723,0.02862442618346226,-0.06837214352595038,-0.000992373431361895
2022-11-16,0.0033830879478847897,0.007534472989781102,-0.006426370314812618,-0.000992373431361895,-0.2645587630303433,0.013960843304593703,-0.3517790481888697,-0.00020687637051637058
2022-11-17,-0.016475511846844024,0.006268337922621976,-0.017106520451231424,-0.00020687637051637058,-0.04108437711657556,0.02337485837385341,-0.3706655741764765,-0.0019051215573405876
2022-11-18,0.00754348010994896,0.008487599159362366,-0.011025444813170669,-0.0019051215573405876,0.17745536714278165,0.019513043972533096,-0.04450098114101974,0.00343494377803232
2022-11-21,0.0008701604516057272,0.01420097113239369,-0.00012437046955003398,0.00343494377803232,-0.04514155115057614,0.014325341601943764,-0.03988539841331405,0.012236318052534823
2022-11-22,0.006342140062436072,0.013378377895996952,-0.005551411683384925,0.012236318052534823,-0.2942872309348022,0.018929789579381913,-0.2991370336667935,0.010353122453271694
2022-11-23,0.0003264448192957931,0.013176489582610355,-0.0031064586685610024,0.010353122453271694,-0.008025733457301086,0.016282948251171356,-0.21459865112108192,-0.0003635701518997629
2022-11-25,-0.0010911689449534473,0.004513569039045013,-0.003439165485328612,-0.0003635701518997629,-0.7515598312336754,0.00795273452437365,-0.9274954398759605,-0.02342472354470415
2022-11-28,-0.005713505589403632,-0.0033998964134818207,-0.027403473239495896,-0.02342472354470415,0.990673797541224,0.02400357682601415,0.19067951012587553,-0.005932489288816828
2022-11-29,-0.0014901924232656421,0.0042513687198686536,-0.01479281005008607,-0.005932489288816828,-0.3220232060501017,0.019044178769954758,-0.10325999463907475,0.059799425203868085
2022-11-30,0.0009981514182635521,0.06054384681425175,-0.0019575641658625817,0.059799425203868085,0.974769876786361,0.06250141098011436,0.9600867376689128,-0.0017652827942004148
2022-12-01,-0.004990105976491456,0.003833653868129713,-0.016678255786743718,-0.0017652827942004148,-0.6030194857057419,0.02051190965487329,0.08968656193370289,0.001294861285109016
2022-12-02,-0.01930644106797462,0.0053646535598028755,-0.019826970719858616,0.001294861285109016,-0.19031378064637655,0.025191624279661252,-0.15405578449905669,-0.019081404373293163
2022-12-05,-0.011873242742460892,-0.004716606970856488,-0.027671347663645963,-0.019081404373293163,0.08486579393661238,0.022954740692789365,-0.16283801254140634,-0.020512719203401194
2022-12-06,0.0024749937614614048,0.006612794165539522,-0.025994411615243466,-0.020512719203401194,-0.042342759604840595,0.03260720578078299,-0.19539473681397207,-0.0030644164411055795
2022-12-07,-0.0011837670039929094,0.004233879258597483,-0.011942720454702349,-0.0030644164411055795,-0.09237863337664216,0.016176599713299853,-0.32024806479400136,0.012322985096719611
2022-12-08,0.001921470834685383,0.017724746118523708,-0.005375133792835682,0.012322985096719611,0.09894985423606377,0.023099879911359474,-0.007854337224598664,-0.008035414200250944
2022-12-09,-0.010973477310549795,0.003671520445573733,-0.013182672192848556,-0.008035414200250944,-0.09271005515712208,0.016854192638422402,-0.07000398734811415,0.028479809049851378
2022-12-12,0.008237507977569754,0.02859860433767319,0.007105330500030859,0.028479809049851378,0.39736336136375533,0.02149327383764224,0.3357074900309245,0.017313974516502323
2022-12-13,0.035709776305269204,0.044195247661021904,0.002215329104731269,0.017313974516502323,0.3192215585086034,0.04197991855629047,0.591049377450133,0.0011669499298426302
2022-12-14,0.0008170079147126711,0.021829061812491755,-0.01021081896554829,0.0011669499298426302,-0.17532707627821445,0.03203988077804012,0.2596569030254147,-0.032438720342848934
2022-12-15,-0.01370045300677787,-0.011810407833683674,-0.039167861075757884,-0.032438720342848934,0.004212976826549822,0.027357453242074205,0.16012191104058512,-0.017500921016705466
2022-12-16,-0.0018489894219202248,0.0033276640761577287,-0.02233504735792185,-0.017500921016705466,0.8842999807912526,0.0256627114340797,0.9624065468021377,-0.017479958192330124
2022-12-19,0.0006945079142832446,0.0021229004206379264,-0.02474265904096678,-0.017479958192330124,-1.0645068136269582,0.026865559461604776,-0.43733422622712026,0.005598795769880937
2022-12-20,-0.004376387402991448,0.010178864410313805,-0.008478338421909955,0.005598795769880937,-0.16613612115568166,0.01865720283222377,-0.5992485237694092,0.010817988588983864
2022-12-21,-0.00045502745041165024,0.01567465550100606,-0.007013796587040362,0.010817988588983864,-0.05981136019275579,0.022688452088046405,-0.5816949469156074,-0.025860254629026407
2022-12-22,-0.01305377202208686,-0.010032513701866823,-0.044163554845017126,-0.025860254629026407,0.19013443323190216,0.034131041143150236,-0.33466717522339623,0.0022645035601863224
2022-12-23,-0.008770884047747002,0.002850765688921798,-0.018004002103052957,0.0022645035601863224,-0.300881462367197,0.020854767791974777,-0.6004301838576029,-0.007441809469012414
2022-12-27,-0.00012566776196102484,0.0008374030263576304,-0.012221974083762273,-0.007441809469012414,-0.23960546426593182,0.01305937711011974,-0.4309593682922659,-0.010307872584229043
2022-12-28,-0.0002954830593072337,0.011580201829364707,-0.011844039358241975,-0.010307872584229043,0.04502059109635655,0.023424241187606564,-0.27912207388074767,0.027254897344884656
2022-12-29,0.004764121200378458,0.031023579153729573,0.004764121200378458,0.027254897344884656,0.1244546010509544,0.026259457953351228,-0.08566420165691212,-0.004949731121709293
2022-12-30,-0.011685737860694956,-0.004366132849477621,-0.018213876182929384,-0.004949731121709293,0.10404204049444159,0.013847743333451658,0.05545493910498643,-0.001001274545815816
2023-01-03,0.013501942308108798,0.02442608653550579,-0.010142216026041095,-0.001001274545815816,0.15980311793523302,0.03456830256154677,0.2821351952963122,-0.04472878184523199
2023-01-04,-0.03094386269741394,-0.028407060968785904,-0.05852937577625753,-0.04472878184523199,0.6763677178210044,0.03012231480747178,0.9128584953890017,-0.030085822868812496
2023-01-05,-0.008327942685758748,-0.00678860822669888,-0.032562924869945456,-0.030085822868812496,-0.24594850422392148,0.02577431664324664,0.3787125237057486,0.011716416894083377
2023-01-06,0.0030989782282089206,0.015399670540719114,-0.013404137794222866,0.011716416894083377,0.09690361255644026,0.028803808334941977,0.32437754216224984,0.009689280539900093
2023-01-09,0.006734946399710185,0.027666945843532235,0.00655832101357361,0.009689280539900093,-0.4659288125663489,0.021108624829958608,-0.2823835861033453,0.007588303104133562
2023-01-10,0.0028139281856761752,0.01828030097762212,0.0009242236999724471,0.007588303104133562,-0.012348581746006828,0.017356077277649783,-0.32421750772922514,0.029789977897474562
2023-01-11,0.010605511609462154,0.030553111468452143,0.009826996526209697,0.029789977897474562,0.05873522982245188,0.0207261149422424,-0.27238018607434095,0.01155444347191505
2023-01-12,-0.002165509484539361,0.01736537273623126,-0.00941777870518022,0.01155444347191505,-0.05005800230904426,0.026783151441411402,-0.19841943049904479,0.003014199273854033
2023-01-13,-0.006351074004285608,0.0035992364502840045,-0.015166192279473493,0.003014199273854033,-0.24549962933221445,0.018765428729757345,-0.36696035221539053,0.004670805320980337
2023-01-17,-0.005280793977334764,0.006998020547563503,-0.008985613974349863,0.004670805320980337,0.33528894567502293,0.015983634521913183,0.12465324938363023,-0.0190698340624515
2023-01-18,0.005063096750213725,0.008410542951368212,-0.02030036605319583,-0.0190698340624515,0.006595413149543623,0.028710909004564075,0.11272760120423592,-0.016590815250743685
2023-01-19,-0.008645888713764545,-0.0012305319907442865,-0.021994948675146245,-0.016590815250743685,-0.047943000577089376,0.020764416684401998,0.04270380804173184,0.03511960478689331
2023-01-20,0.012554024114668208,0.03728196534836142,0.011062637055284832,0.03511960478689331,0.2122130525896543,0.026219328293076376,0.2552545482910172,0.009776385221036106
2023-01-23,0.0036566352944624974,0.020396664797561512,-0.0023756750707656245,0.009776385221036106,-0.10275237010996316,0.022772339868327097,0.09495507282406876,-0.0022285864135329573
2023-01-24,-0.0003298500514474301,0.005631713323093134,-0.008860972104113563,-0.0022285864135329573,0.2310510781796854,0.014492685427206742,0.2555434853474783,-0.005925606042129985
2023-01-25,-0.031732695833819304,0.00519228831721311,-0.04711828408859157,-0.005925606042129985,0.5028795165859404,0.052310572405804764,0.6937883326829148,0.030251378191659788
2023-01-26,0.012555376265851348,0.03150058776000166,0.005760358183364089,0.030251378191659788,-0.6874155610091501,0.025740229576637602,-0.19214131412258637,0.000644968020295778
2023-01-27,0.003984010912480697,0.007351947721602705,-0.004728898187067304,0.000644968020295778,-0.23308308397731126,0.01208084590866994,-0.44877958419688097,-0.022206371508014848
2023-01-30,-0.014817528777233866,-0.010369493060842939,-0.024309895666442195,-0.022206371508014848,-0.02411973406201489,0.013940402605599304,-0.4291150267924349,0.02079497097670574
2023-01-31,0.003044227415986409,0.02135975794992316,0.0009883056133901378,0.02079497097670574,0.025710986283149523,0.0203714523365332,-0.372388611181529,0.019738544246612016
2023-02-01,0.0007664325110134364,0.029306836137461916,-0.009487568506118168,0.019738544246612016,0.16364165109407772,0.03879440464358014,-0.1349886682808963,0.04581841684722669
2023-02-02,0.02373200979144655,0.046158481225185975,0.01764751681357814,0.04581841684722669,0.24505221694816678,0.028510964411607814,0.32964279971713206,-0.02390399638962623
2023-02-03,-0.01930840851539047,-0.0015128364558317552,-0.02875413673611321,-0.02390399638962623,-0.31743054192305753,0.02724130028028162,-0.03195732298647562,-0.006134578583204123
2023-02-06,-0.003528585630709151,-0.00019362551550974893,-0.013914855467745119,-0.006134578583204123,-0.2556428116560566,0.013721229952235412,-0.30463127810644275,0.041163131350524296
2023-02-07,0.014537313250010021,0.04567525462630032,0.012808524591425098,0.041163131350524296,0.814395993933316,0.0328667300348752,0.5319454076127492,-0.0031068791353968095
2023-02-08,0.020860341252799102,0.033806908790644595,-0.005058392228445893,-0.0031068791353968095,0.07289675185597978,0.03886530101909034,0.45407873444727964,-0.011728298227947615
2023-02-09,0.02616091628049114,0.02681819913215316,-0.014843711829540824,-0.011728298227947615,-0.25504680959039877,0.04166191096169395,0.07247485599397667,-0.0019744425174470525
2023-02-10,-0.007959658751530391,0.0017812865118683454,-0.01129176361021104,-0.0019744425174470525,-0.4954696363492775,0.013073050122079455,-0.43527400703553304,0.030764751827930373
2023-02-13,0.017108637401774082,0.042781304316092915,0.01527606431229643,0.030764751827930373,0.5473351550150457,0.02750524000379642,0.12853105254351402,0.0031279573280335762
2023-02-14,0.004963358971514923,0.01336304217339889,-0.007547237163355518,0.0031279573280335762,-0.18621477427183245,0.020910279336754527,-0.1644583991116692,-0.010526629528366202
2023-02-15,-0.014246595029193974,-0.005304865550361265,-0.02225417625830111,-0.010526629528366202,-0.2475952885746167,0.01694931070794,-0.3467992154530718,-0.026983455136297498
2023-02-16,-0.019875474631421725,-0.009625926289085533,-0.027937562663397694,-0.026983455136297498,0.0232795941571717,0.018311636374312244,-0.1889048915520256,-0.015724729172925195
2023-02-17,-0.010584058625276605,-0.007889124851911275,-0.023739391256447532,-0.015724729172925195,0.01330473943360661,0.015850266404536326,-0.10148951252854678,-0.02110782431053021
2023-02-21,-0.0139698759111816,-0.010008815128017745,-0.025391342710520938,-0.02110782431053021,-0.054903123309440034,0.015382527582503268,-0.18126750126949037,-0.004601553912552344
2023-02-22,0.005604238301696074,0.006587657941566276,-0.00926430298121992,-0.004601553912552344,-0.2331779162784093,0.01585196092278618,-0.3142092830446973,0.012878465792598793
2023-02-23,0.015974477840977292,0.020970580327515545,-0.004103668378946534,0.012878465792598793,0.26170292962475933,0.025074248706462056,0.04680829004204542,-0.0220251487197852
2023-02-24,-0.019060262211954282,-0.014908255000817376,-0.026529278833815943,-0.0220251487197852,-0.15631084642272303,0.011621023832998623,-0.1116284795697894,0.003764682375838134
2023-02-27,0.012916801505685024,0.014341756624687325,0.0006818883509124606,0.003764682375838134,-0.16498238632391254,0.013659868273774894,-0.24303759750385143,-0.0029625126373034943
2023-02-28,-0.004366716927776038,0.005302521371696586,-0.0057327741695207615,-0.0029625126373034943,0.059585856908826916,0.011035295541217275,-0.11601583053943224,-0.012709702774380206
2023-03-01,0.005358069348355298,0.006035771434483652,-0.014660729644979081,-0.012709702774380206,0.20344250615997686,0.020696501079462623,0.13532479705737963,0.01946258019520592
2023-03-02,0.0011363126710101856,0.02061675950107139,-0.002683597835460115,0.01946258019520592,-0.10538349166784969,0.023300357336531494,-0.011345334647067655,0.016509035004743246
2023-03-03,0.004291688782760473,0.017800855029551334,0.0011144231175136624,0.016509035004743246,0.21504415192628956,0.016686431912037704,0.23949062620563896,0.006169973755058706
2023-03-06,0.004455566743014617,0.018742916652647035,0.0026991721601213763,0.006169973755058706,-0.24359999876192615,0.016043744492525512,-0.050669868051009676,-0.010645481454473743
2023-03-07,-0.0022215155898559183,0.003187220235816805,-0.013640299931511562,-0.010645481454473743,-0.11581275088164485,0.016827520167328327,-0.1892457252057926,-0.001772165301270528
2023-03-08,-0.00043291137111682425,0.001533348309923999,-0.013228949239415613,-0.001772165301270528,-0.21377814065262615,0.01476229754933969,-0.39514767066822887,-0.0054543023340065
2023-03-09,0.008321646225372738,0.022835425770791545,-0.00839141688728745,-0.0054543023340065,0.4298892169003325,0.03122684265807893,0.11751340660102376,-0.014893213967661953
2023-03-10,-0.004926531500182413,0.0018609257269823537,-0.018883586781077714,-0.014893213967661953,0.061142245410622534,0.020744512508059896,0.16320323294357592,0.021214311292385334
2023-03-13,-0.004798502986815546,0.03680576277907223,-0.011571583465756104,0.021214311292385334,0.16268991145959463,0.04837734624482822,0.346260929413881,0.026696268957658514
2023-03-14,0.011083599241716622,0.027769349085089916,0.007611172707428473,0.026696268957658514,0.008381172118817786,0.020158176377661614,0.27927597599329307,0.01767331711510715
2023-03-15,-0.0031107712863784522,0.02158371658840367,-0.0060770075090231706,0.01767331711510715,0.3141198557605904,0.027660724097426752,0.5021476770221401,0.03973644953182184
2023-03-16,-0.0008669028677227902,0.041038951145888694,-0.008170735641152687,0.03973644953182184,0.17387078178975687,0.04920968678704155,0.48874165640039413,0.011626502617996566
2023-03-17,0.007430678337516035,0.025486963477064514,0.0004343557331221614,0.011626502617996566,0.2386002307301095,0.025052607743942388,0.5725815246207429,-0.02610445020977979
2023-03-20,-0.008806446710266091,-0.007002889679210268,-0.034885516106704574,-0.02610445020977979,-0.4697280924001432,0.027882626427494398,-0.08782783932481024,0.005677522128909795
2023-03-21,0.0096873189795681,0.010123760086815852,-0.010004779244029805,0.005677522128909795,-0.229333499593311,0.020128539330845744,-0.3589540856429592,-0.005457153522854962
2023-03-22,-0.0013889577433066115,0.02617217865355236,-0.005861274485961201,-0.005457153522854962,0.009062165946090665,0.032033453139513654,-0.35367762239581874,0.01952965061003187
2023-03-23,0.020537565656558145,0.03170045480036466,0.01063044423032223,0.01952965061003187,0.04862451684340743,0.021070010570042465,-0.2590978217437171,0.010425917505380565
2023-03-24,-0.0015138349705034078,0.010639736313353831,-0.008608599741022712,0.010425917505380565,-0.26201743339395855,0.019248336054376546,-0.44147371945654484,-0.01504652625885892
2023-03-27,-0.00024954933847172803,0.003167036907922195,-0.01816309293674195,-0.01504652625885892,-0.04842781324261702,0.021330129844664224,-0.2806539456190688,-0.004169596379705795
2023-03-28,-0.0021370105151552097,-0.0008687115072181103,-0.01579091998097372,-0.004169596379705795,-0.20439177350868934,0.014922208473755683,-0.38679963989395955,0.019002258102331117
2023-03-29,0.013461220073385361,0.02124566634467208,0.0114877088464011,0.019002258102331117,0.13684079354784354,0.009757957498270972,-0.16795515681603068,0.012540826263207436
2023-03-30,0.013174398445117936,0.01398320633799411,0.003452026363939974,0.012540826263207436,-0.001340236816198386,0.010531179974054315,-0.10106309455295327,0.014851326274739398
2023-03-31,-0.0011271155771712684,0.01821023401454256,-0.003703338384958998,0.014851326274739398,0.268381845534569,0.02191357239950158,0.25439657925400117,-0.0037182355103531667
2023-04-03,-0.00619325890070464,-0.00010405945689397459,-0.015203352989422336,-0.0037182355103531667,-0.27519449666660784,0.01509929353252838,-0.05632368175560719,-0.0001741554302829208
2023-04-04,0.0,0.011148159673953013,-0.005445981315200402,-0.0001741554302829208,0.03711901338896826,0.016594140989153534,-0.004225829717498436,-0.009938479034080546
2023-04-05,-0.004641952300157554,-0.00010446530749058414,-0.014944951733270692,-0.009938479034080546,-0.15733233056871163,0.014840486425780234,-0.19153355504575376,0.02521232873740693
2023-04-06,-0.003982050569282611,0.026856999046364537,-0.008157248397924336,0.02521232873740693,0.299527673684175,0.035014247444288764,0.13087273693515378,-0.007607711097102339
2023-04-10,-0.008229982777950706,-0.0068823394783898515,-0.023911932718554945,-0.007607711097102339,-0.2535487730106726,0.01702959324016502,-0.15815844300226944,-0.022929347011977772
2023-04-11,-0.012658007293603975,-0.011853393247402436,-0.02714559830638182,-0.022929347011977772,0.16606671255156208,0.015292205058979404,0.08200106285223564,0.00233085177266923
2023-04-12,0.006906133609560402,0.014671129427021064,-0.00308077635631195,0.00233085177266923,0.0046379015102523055,0.017751905783333192,0.06777010070933033,0.022152219222671833
2023-04-13,0.00035270546279327466,0.022359200144528614,-0.0011293433049142994,0.022152219222671833,-0.12337688325805604,0.0234885434494428,-0.06786431219730119,-0.012847781220447387
2023-04-14,-0.009846818192266215,-0.004703236413380792,-0.02144693265436874,-0.012847781220447387,-0.1433441288432728,0.016743696240987965,-0.2277195177855156,0.009253112019116544
2023-04-17,0.013158236540035579,0.0189017683341864,6.985501674105487e-05,0.009253112019116544,0.12725935233339816,0.018831913317445454,-0.0314889755451469,-0.001490003874303387
2023-04-18,0.009545774552864695,0.010197215221299714,-0.006217272366989049,-0.001490003874303387,-0.16741570858738494,0.016414487588288708,-0.204848271759916,0.0002774421460454476
2023-04-19,-0.008287549849393106,0.0023552804206751978,-0.013370489622580082,0.0002774421460454476,-0.1617740587613979,0.01572577004325518,-0.30739860596845753,-0.008145501961990443
2023-04-20,-0.01115581428011361,0.002008681707565779,-0.011752007490265762,-0.008145501961990443,0.304048576636508,0.013760689197831424,0.08868293115351648,-0.0012239691979550138
2023-04-21,-0.0038519994237711124,0.0005590819855448155,-0.010717420379664213,-0.0012239691979550138,-0.06984013168400591,0.011276502365208985,0.028083465111979823,-0.014061235536483854
2023-04-24,-0.012926175887318356,-0.002838562742141387,-0.024944633818539962,-0.014061235536483854,0.20510055301786365,0.022106071076398493,0.22667180805616866,-0.022793842273225902
2023-04-25,-0.008052991257052385,-0.00060345036756599,-0.022975466158584652,-0.022793842273225902,0.54235225578876,0.022372015791018784,0.7432000866759163,0.06993153714561844
2023-04-26,0.07442431438680538,0.08405088351448353,0.06095346594480963,0.06993153714561844,0.34452510688149696,0.023097417569673907,0.876415574892093,0.03152540891772579
2023-04-27,0.0020293107624670043,0.03273854820886519,-0.0004063361207902043,0.03152540891772579,-0.3295543389165531,0.03314488432965526,0.24461092287559347,0.007940126369461913
2023-04-28,-0.002693572391234634,0.013360490193153735,-0.00499882335806777,0.007940126369461913,-0.24216865105278965,0.01835931355122144,-0.1176850497063203,-0.0055481758022316
2023-05-01,-0.0009442995662366601,0.004351633221691096,-0.006890887496635725,-0.0055481758022316,-0.5380489978016736,0.011242520718326664,-0.7253713376980842,-0.0004910025015894069
2023-05-02,0.007174139492121492,0.011777457195795635,-0.005414533690827307,-0.0004910025015894069,0.21510062389166143,0.017191990886622918,-0.4857965371593065,-0.0033125422450693168
2023-05-03,0.003954031776041362,0.010423148163563609,-0.004331450001608036,-0.0033125422450693168,-0.1662212371094035,0.014754598165171702,-0.5574305002219312,0.0033125422450692053
2023-05-04,0.006026470439233246,0.010977684238780101,-0.0032905591391864247,0.0033125422450692053,0.007089936942107154,0.014268243377966682,-0.30654508909521766,0.01701170868051051
2023-05-05,0.0010145061859341002,0.021251885071508728,-0.0037397191666840857,0.01701170868051051,0.2248197730122659,0.02499160423819281,0.0884664208106976,-0.006458927797110895
2023-05-08,-0.0016752767044977562,-0.001449566767569709,-0.014787692470974473,-0.006458927797110895,-0.27963920467630177,0.013338125703404796,-0.12492223066519652,-0.005360181477831121
2023-05-09,-0.0021081460914537703,0.0044934199089899166,-0.007610275998618994,-0.005360181477831121,0.0010408023555910557,0.012103695907608927,-0.12408426210539161,0.01714852886505308
2023-05-10,0.005262983234422524,0.019355442952956072,0.0021800760683416786,0.01714852886505308,0.34317327405357123,0.01717536688461444,0.2619098162452937,-0.0070692504400113165
2023-05-11,-0.0071014306634363585,-0.0038176022990646452,-0.01956183017847534,-0.0070692504400113165,0.05189787254818925,0.01574422787941075,0.24925793537537422,-0.003682837255539793
2023-05-12,0.0014178536852916853,0.0017398308499001435,-0.011383039667429555,-0.003682837255539793,-0.4712885371890066,0.01312287051732962,-0.29360667603307905,0.001584626692463848
2023-05-15,0.0004206801274587009,0.0030054563418898637,-0.004476473312403864,0.001584626692463848,-0.1910014746668901,0.007481929654293715,-0.41899139016229636,0.007340660285556093
2023-05-16,0.0011949011750164058,0.013640149591160243,0.0011949011750164058,0.007340660285556093,0.4923958852306892,0.012445248416143664,0.11434734442639925,0.007223510173534132
2023-05-17,0.0017627949106681312,0.008591976821837759,-0.003212957497861364,0.007223510173534132,-0.09470430957665388,0.011804934319699216,-0.024574842355949898,0.014292246989190247
2023-05-18,0.0016864713090674701,0.01592352764845038,-0.0008921136727283468,0.014292246989190247,0.11491375080265735,0.016815641321178635,0.13769482531178853,-0.0005652503995028339
2023-05-19,-0.005604015665539949,0.0007218635751924024,-0.006772833620935191,-0.0005652503995028339,0.009875551551898606,0.007494697196127546,0.1853355291357982,0.008881708331310564
2023-05-22,0.0008164341353068131,0.01326217322039411,-0.0010371229627690662,0.008881708331310564,-0.13301966553446437,0.014299296183163085,-0.013394877826785239,-0.018603964654439004
2023-05-23,-0.003586953244075219,0.004783387159196013,-0.018635715984222166,-0.018603964654439004,0.24456069608029724,0.023419103143418316,0.16945263121134835,-0.0044825419640336876
2023-05-24,-0.0016825628561563776,0.003925515409418678,-0.008441365794328661,-0.0044825419640336876,-0.275333261832888,0.012366881203747378,-0.13668891325641386,0.03773680946719584
2023-05-25,0.029479866942783147,0.04073911084849107,0.019405811582993714,0.03773680946719584,0.6161013802844796,0.021333299265497287,0.48637507456636964,0.021160155404894247
2023-05-26,-0.005846785302029934,0.022690958331833655,-0.006278901784068272,0.021160155404894247,-0.16730793853477735,0.028969860115901785,0.2053948361778635,-0.0050595595899617825
2023-05-30,0.007004747099471038,0.00852487272453108,-0.007145010489411453,-0.0050595595899617825,-0.21638861410243035,0.015669883213942637,-0.07011704771747489,-0.008550618441348575
2023-05-31,0.0032555178408873705,0.014179990363337832,-0.011783794179800071,-0.008550618441348575,0.4430715638173056,0.025963784543138056,0.3394734321588137,0.012678421233759899
2023-06-01,-0.007519359139467948,0.015530841620948662,-0.011238694761667537,0.012678421233759899,-0.5401393739978552,0.026769536382616112,-0.28923965299199733,0.008443438906069122
2023-06-02,0.005008823696734367,0.01468511802726644,-9.020426224469013e-05,0.008443438906069122,-0.03419665869147076,0.01477532228951116,-0.3422160866547914,0.0016087486648573956
2023-06-05,-0.0005367948507763596,0.009377490827344405,-0.0022087291821839402,0.0016087486648573956,-0.19419052319300156,0.011586220009528435,-0.4358416480249304,-0.006750151917383558
2023-06-06,-0.0018174983152726668,-0.0016981944653798318,-0.01128565337464312,-0.006750151917383558,-0.04369174151638425,0.009587458909263285,-0.3818976439007261,-0.03135431052789001
2023-06-07,-0.006102250370780779,0.002424526620761631,-0.03407929170303398,-0.03135431052789001,0.6912995426423681,0.036503818323795595,0.37229167288819687,0.00579677511338792
2023-06-08,0.0017302035838796539,0.010030574446164809,-9.27706424899954e-05,0.00579677511338792,-0.5591523308998755,0.010123345088654765,-0.1488453625278382,0.0046928963861562565
2023-06-09,-0.00083050994777526,0.014437428853017523,-0.002616733329127875,0.0046928963861562565,-0.032692452536602294,0.017054162182145307,-0.1553121896263575,0.015365289073811387
2023-06-12,0.005462509701723002,0.016118357850732904,-0.005000408769659544,0.015365289073811387,0.07403790127906437,0.021118766620392485,-0.055523728694545936,0.0073258273041494236
2023-06-13,0.007864115112927004,0.015340536028226886,-0.004409258802558963,0.0073258273041494236,-0.05546668969160237,0.019749794830785972,-0.13376022058039005,0.009082407685551104
2023-06-14,0.0001495230327590705,0.01410921443479777,-0.004437156051670193,0.009082407685551104,0.12486810140573523,0.01854637048646785,-0.028182627317043837,0.031398499377165004
2023-06-15,0.00041496887741031084,0.03638458366268257,-0.00041505064516749357,0.031398499377165004,0.40272843292176386,0.036799634307850146,0.49109983638958676,-0.01671466746102836
2023-06-16,0.00920769754543737,0.009634550223870839,-0.017825249108795346,-0.01671466746102836,0.17959885324440195,0.02745979933266625,0.5473773349972058,-0.012581367463613363
2023-06-20,-0.008861008286227054,-0.0007305563066837522,-0.019080782038016324,-0.012581367463613363,-0.5681382097963618,0.018350225731332506,-0.1849348451504831,-0.013371025527008225
2023-06-21,-0.004982047368842304,-0.0009469852056321061,-0.017847965304659374,-0.013371025527008225,-0.04885499941116217,0.016900980099027223,-0.2470322517558571,0.01826953541931734
2023-06-22,0.0016774433742141835,0.01947573026190265,-0.0006597727716211842,0.01826953541931734,-0.06416223201783786,0.020135503033523725,-0.32457930663407397,-0.013902088576371648
2023-06-23,-0.0158740742982823,-0.005164767318042475,-0.01859932163226472,-0.013902088576371648,-0.017553663850670073,0.013434554314222143,-0.32700202141670204,-0.019348974565018984
2023-06-26,-0.0038878770507484637,0.0032482450133728314,-0.019683832410311977,-0.019348974565018984,-0.07285024633253007,0.022932077423684735,-0.2965519887351688,0.01800492295237786
2023-06-27,0.009871924916758121,0.022716246580456734,0.0021279281352120376,0.01800492295237786,0.12368959723224587,0.020588318445244707,0.017003324903823825,0.0038185027563641403
2023-06-28,0.0002689548793560063,0.010140607510682584,-0.002274185605888807,0.0038185027563641403,-0.184076393832831,0.012414793116571343,-0.150044996494184,-0.0023849119004938587
2023-06-29,-0.0034001901423433133,0.0007737938696497883,-0.009663967324070133,-0.0023849119004938587,-0.17558696145000732,0.010437761193719966,-0.2834775052094685,0.016252880099050727
2023-06-30,0.0080262388545907,0.0226632592413325,0.006396524343142483,0.016252880099050727,0.45658816188727025,0.01626673489819005,0.2330036887900047,-0.0075163377314713346
2023-07-03,-0.003972188535918618,0.0010565431549656036,-0.011726445098432035,-0.0075163377314713346,-0.7632006175699033,0.0127829882533978,-0.5642907248530555,0.0004732856179234783
2023-07-05,-0.008617138822299772,0.01077052300867057,-0.009692010824584757,0.0004732856179234783,0.3734795573287363,0.020462533833255445,-0.10530427494447674,0.009184354676689894
2023-07-06,-0.0025168600940442707,0.01421169777872742,-0.007867609559484049,0.009184354676689894,0.4380411844769526,0.022079307338211392,0.3959259322342128,-0.011938380678174591
2023-07-07,-0.0057302841233868584,0.0015226177307261373,-0.012590990295548797,-0.011938380678174591,-0.2832460927004294,0.01411360802627489,0.032596548768877895,-0.01611279085316757
2023-07-10,-0.007799733175782199,-0.005918643787396337,-0.028972724666186073,-0.01611279085316757,0.43546723457115577,0.023054080878789903,0.4278048655788905,0.0019268850164786337
2023-07-11,-0.002323128659061969,0.0030991880342075605,-0.014662578219314918,0.0019268850164786337,-0.20557013848567202,0.017761766253522368,0.16798784864272415,0.014126628195813206
2023-07-12,0.012345665756503543,0.027237169228920527,0.009578940357475318,0.014126628195813206,0.11644455531866027,0.017658228871445244,0.16599236085423064,0.01606245026326407
2023-07-13,0.006974392350995687,0.019209266909763725,0.005382807955343893,0.01606245026326407,-0.3773431288862916,0.013826458954419713,-0.30033722638245053,0.007501086472850522
2023-07-14,0.01428490114991561,0.025271811470170893,0.004803694677841057,0.007501086472850522,0.3210246898984468,0.020468116792329766,0.07692752108084751,0.0014183563200623871
2023-07-17,0.001273671370844905,0.005056133878998263,-0.008844401934669238,0.0014183563200623871,-0.3309585383327032,0.013900535813667568,-0.3069810868275478,0.0390281778122774
2023-07-18,0.00028913062348003184,0.05910405455549044,-0.01035042655752809,0.0390281778122774,1.156593897901455,0.06945448111301855,0.9436938037462059,-0.01234325481327844
2023-07-19,0.006267032314278809,0.008227766606590498,-0.019805931271631112,-0.01234325481327844,-0.48817806343949144,0.028033697878221613,0.19164312346771475,-0.023393022478419682
2023-07-20,-0.004261572133715867,0.008106109032731266,-0.02772678640090006,-0.023393022478419682,-0.16235801491043156,0.03583289543363144,-0.02838853018972985,-0.008977258757518182
2023-07-21,0.006551555905357787,0.009839839450461322,-0.02050460285018526,-0.008977258757518182,0.7201431293310359,0.030344442300646465,0.6184731302968169,0.003890367198409248
2023-07-24,0.006032375546364857,0.00912144737372047,-0.00425604503118968,0.003890367198409248,-0.9561216701652503,0.013377492404910232,-0.5361489193823947,0.01686610874081638
2023-07-25,0.005778526046258374,0.01945550404117694,-0.00011584812023737247,0.01686610874081638,0.4451630027518615,0.01957135216141421,-0.11830096833282017,-0.038364115130237984
2023-07-26,-0.02755729782361243,-0.018141796595707915,-0.052256551298377835,-0.038364115130237984,0.3380307344161941,0.03411475470266991,0.3235152311517551,-0.021093058332580527
2023-07-27,0.007991261023314536,0.010484553962122962,-0.02615548015275891,-0.021093058332580527,-0.3873166059585926,0.036640034114881856,-0.14841374109000371,0.022867857265035388
2023-07-28,0.008880421225253112,0.027702958039471492,0.0073808109032421024,0.022867857265035388,-0.33034601302164474,0.02032214713622947,-0.5039183164496874,-0.0072668805405912
2023-07-31,-0.0042944035880085355,-0.0019819933504587636,-0.01491701371714088,-0.0072668805405912,-0.11281556258606362,0.012935020366682265,-0.426078043304046,0.001249465857537043
2023-08-01,-0.0021755338379445543,0.00776920265251006,-0.006630654010767128,0.001249465857537043,-0.32900743798511023,0.014399856663277154,-0.7487410890349385,-0.02663448713117992
2023-08-02,-0.008089933072214358,-0.008089933072214358,-0.030121520530179927,-0.02663448713117992,0.41609184277789796,0.02203158745796552,-0.2042563755188819,-0.0025681692395457733
2023-08-03,-0.004590673708598951,0.0072409116916318786,-0.004744022254133905,-0.0025681692395457733,-0.41927516530768943,0.011984933945765698,-0.4252576738247917,0.0034227620757667264
2023-08-04,0.01585358667290796,0.025628512845229205,0.0017739309673422726,0.0034227620757667264,0.26285677247859496,0.02385458187788686,0.0037954969766216063,0.007083239964704634
2023-08-07,0.001798358614302735,0.010107954300978021,-0.0007935595425402808,0.007083239964704634,-0.2913180436986216,0.010901513843518241,-0.2465852607008699,-0.012375181476160577
2023-08-08,-0.009588074754667148,-0.00412830438425795,-0.021773564653575703,-0.012375181476160577,0.2299170533620655,0.01764526026931775,0.053617405956378504,-0.011785096027328853
2023-08-09,0.0012873582198648047,0.003245754586194616,-0.0154538701822273,-0.011785096027328853,0.0020447022731938636,0.01869962476842186,0.018412542971052184,0.0021699484163475845
2023-08-10,0.011693085107074765,0.018540396680711106,-0.003263919543491636,0.0021699484163475845,-0.10646710869436832,0.021804316224202838,-0.03775067650505508,-0.0059632530747735155
2023-08-11,-0.008302362401957468,-0.001611519909371176,-0.011586392152323387,-0.0059632530747735155,0.19135652178667034,0.009974872242952279,0.1359529016647541,0.00939468561793335
2023-08-14,0.0011830788066446675,0.009456370584728306,-0.0029013831165203416,0.00939468561793335,-0.25698245536312736,0.012357753701248711,-0.12678917098844014,-0.00675036845373223
2023-08-15,-0.0032146681095937537,0.0032350644733828275,-0.009737462236431836,-0.00675036845373223,-0.10454621769713283,0.012972526709814773,-0.24152169679690297,-0.0045464267339883424
2023-08-16,-0.0032987849380024547,0.007922391133420583,-0.0064208606494943815,-0.0045464267339883424,0.1988515351098384,0.014343251782914793,0.008243012356299066,-0.011047027421841545
2023-08-17,0.00043690407879478515,0.0045775260020960926,-0.013163673338722249,-0.011047027421841545,0.02661510274938796,0.01774119934081843,0.051305178976309276,-0.0012630855742106484
2023-08-18,-0.007570920642356898,0.004722484540731211,-0.016963368914070017,-0.0012630855742106484,0.15233182730127823,0.021685853454801382,0.19237556500689199,0.016918737299121685
2023-08-21,0.0045711265770932335,0.019679878087812318,0.001767892685890335,0.016918737299121685,-0.029308379146379578,0.017911985401921984,0.15916252487821841,0.0018002505888257347
2023-08-22,0.011183641201024636,0.012963888407496044,-0.0013057278882069004,0.0018002505888257347,-0.40185681717456606,0.014269616295702997,-0.29221092607498783,0.013981099860828534
2023-08-23,0.004208757440360482,0.020686434847386085,0.003096361237962802,0.013981099860828534,0.27455272623353794,0.017590073609423242,-0.00943920917327993,-0.021732925683232186
2023-08-24,0.017731785486594685,0.018122290213410067,-0.021764209622851773,-0.021732925683232186,0.09523973978611867,0.03988649983626203,0.08143419882786487,0.009363190602405124
2023-08-25,0.004676985309814511,0.016704971362702273,-0.0036633365885242273,0.009363190602405124,-0.07107548542938032,0.020368307951226527,-0.008329864433956525,0.0022267628267115774
2023-08-28,0.008263467764840366,0.00976694371184857,-0.003908829986255195,0.0022267628267115774,-0.3813779328494186,0.01367577369810379,-0.36121672973651164,0.014445640292466616
2023-08-29,-0.005638378195538606,0.01617979339599845,-0.005638378195538606,0.014445640292466616,0.2641055097028399,0.02181817159153696,-0.006223914884731412,0.0011564361476078247
2023-08-30,0.0007914097900817627,0.004253884734659865,-0.005986003909697949,0.0011564361476078247,-0.23655853067354715,0.010239888644357861,-0.2752314268318792,-0.0031376120495489814
2023-08-31,0.0012462308005986853,0.006427171064960602,-0.006132117216085186,-0.0031376120495489814,0.5510322707748956,0.012559288281045699,0.336941999738814,0.0027421298620269405
2023-09-01,0.01077282257085802,0.012823155531847048,-0.0029945051665362455,0.0027421298620269405,-0.5696045504838771,0.01581766069838337,-0.26531800255634974,0.0147689496625278
2023-09-05,0.0010339578696813647,0.018658895687979918,0.0,0.0147689496625278,0.21650396998956015,0.018658895687979918,0.02291123272767878,-0.002010663215146041
2023-09-06,-0.0005097473968893736,0.0027245228463461373,-0.010154804440998753,-0.002010663215146041,-0.05643550395209242,0.012879327287344916,-0.07400271254611915,-0.008962178251791018
2023-09-07,-0.0047879288230475055,0.000600581710703941,-0.011633151034508384,-0.008962178251791018,0.047073016820549894,0.012233732745212347,-0.00823324608901693,0.013129115686578024
2023-09-08,0.0005454323643741975,0.018767346899356566,-0.0013649765085889211,0.013129115686578024,0.06063934279155246,0.0201323234079453,0.018884732859763664,0.010919355379022269
2023-09-11,0.008845797319121995,0.012338750540341703,0.0034642522142148495,0.010919355379022269,-0.163560700318959,0.008874498326126874,-0.07015938916659344,-0.018426447515794156
2023-09-12,-0.006293048215604573,-0.0034087560692428235,-0.019300863032779482,-0.018426447515794156,0.057540586127262275,0.01589210696353667,-0.030904037513262796,0.012847783543915643
2023-09-13,-0.0013874390365659493,0.015195820884968564,-0.0018100453963692674,0.012847783543915643,-0.05988907502803637,0.017005866281337916,-0.07982173934030096,0.007825087679558586
2023-09-14,0.00915276121057763,0.014182084637148248,0.0015164648013331781,0.007825087679558586,0.20294627155372968,0.012665619835814951,0.1342514708065392,-0.0253556931642393
2023-09-15,-0.005269242563029363,-0.003845643842544598,-0.027083328820392355,-0.0253556931642393,0.6201301943012731,0.023237684977847704,0.7333193916315466,-0.0035190051611531377
2023-09-18,-0.007355473629859312,0.0005449204733902033,-0.01175808102401579,-0.0035190051611531377,-0.8057116104020448,0.012303001497406065,-0.2551892199398811,-0.0012467614010602387
2023-09-19,-0.00882133853140109,0.0010024059878792054,-0.013923715135413225,-0.0012467614010602387,-0.01969463868726926,0.014926121123292344,-0.27719065836236056,-0.02426901497800144
2023-09-20,0.002613395994396849,0.0028561105200152486,-0.025079828547065412,-0.02426901497800144,0.26137718385868675,0.027935939067080716,-0.006034979793481632,-0.0038731588572318396
2023-09-21,-0.004718472735461471,0.014177223540730461,-0.018151682334474426,-0.0038731588572318396,0.5061375825685426,0.032328905875204934,0.45573354123860366,-0.007917812376410862
2023-09-22,0.005586371796893528,0.005990886259718102,-0.010634397104012379,-0.007917812376410862,-0.505605920692964,0.016625283363730686,-0.1770968543895885,0.0016704716326497466
2023-09-25,-0.0013258001427128524,0.0020798004534513972,-0.006360711100831794,0.0016704716326497466,-0.1844078517181705,0.008440511554283015,-0.22591968978808546,-0.01715196951564595
2023-09-26,-0.007618553962752729,-0.005241411471926177,-0.02396704546944884,-0.01715196951564595,0.3882587935016686,0.018725633997522664,0.1534171683901304,0.002080214125593276
2023-09-27,0.0005123731580474241,0.006896052921263794,-0.0078800470144729,0.002080214125593276,-0.3036841311157378,0.014776099935736722,-0.23351936368685963,0.0027138118982796616
2023-09-28,-0.005771340249359486,0.00856325718489421,-0.010735498536184603,0.0027138118982796616,0.013992252573142102,0.019298755721078947,-0.20285748095744965,0.006704883163258845
2023-09-29,0.01301903200222182,0.018417498449086297,0.004263301558539002,0.006704883163258845,0.20438677088181764,0.01415419689054717,0.1427482624609381,0.018979435394085486
2023-10-02,0.0016771321125611347,0.019259156550897962,-0.0018068802748846804,0.018979435394085486,-0.16033886894125518,0.021066036825782685,-0.04305203893658198,-0.026481728574620438
2023-10-03,-0.0030188506483325864,-0.0012748121037244185,-0.03346229861772564,-0.026481728574620438,0.022282701113067124,0.03218748651400129,-0.045912834274466616,0.017617208233085463
2023-10-04,0.002040050808454571,0.020997546631400764,0.0019445178581879248,0.017617208233085463,-0.015012161143470738,0.01905302877321284,-0.011936144014142298,0.0012532709718437222
2023-10-05,0.00040750689475364474,0.0031928518918356253,-0.012810567558565423,0.0012532709718437222,-0.1999164790917453,0.016003419450400902,-0.224269903114217,0.02443604458632444
2023-10-06,-0.008837778827586991,0.030316151832227328,-0.009627855536598881,0.02443604458632444,0.4142754620344828,0.03994400736882627,0.2159432411603664,0.007792081466019591
2023-10-09,-0.007699336290610334,0.009246303598018002,-0.012545570960188043,0.007792081466019591,-0.25518580370617266,0.021791874558206005,-0.0538906663640994,-0.004345102255780579
2023-10-10,0.0034504230272230057,0.003873389679916737,-0.00654002796060321,-0.004345102255780579,0.032928957183710514,0.010413417640520015,-0.014473654107009792,0.01219729898528735
2023-10-11,0.008550618441348575,0.01339985425018609,0.0022812656208652635,0.01219729898528735,-0.0243190888074465,0.011118588629320705,-0.03421398209650672,-0.0037976167078114537
2023-10-12,-0.005580810712718281,0.003633339097426577,-0.01119294174818703,-0.0037976167078114537,-0.038103669110760956,0.014826280845613552,-0.0659694911572442,-0.010411521145171897
2023-10-13,0.0036772540607951376,0.008030187813140912,-0.014600631652727602,-0.010411521145171897,0.08718050522029579,0.022630819465868562,-0.0012918513682694222,0.01487073596274887
2023-10-16,0.010079252313313782,0.025337651242939754,0.008719071664996157,0.01487073596274887,0.05023447774165524,0.01661857957794364,0.09353632302336014,-0.001745200019275516
2023-10-17,-0.009211421488486853,0.0024620243606732167,-0.01584764881347938,-0.001745200019275516,-0.1891959300555863,0.018309673174152545,-0.11787742884065984,-0.005889780251103272
2023-10-18,0.0012940869571512273,0.010574497731483326,-0.011387880802339493,-0.005889780251103272,0.23314760095869633,0.021962378533822702,0.13701039309853416,0.0036588099600085374
2023-10-19,0.006160767859236874,0.020300910471659023,0.0024205582719406017,0.0036588099600085374,0.0788073803508781,0.017880352199718372,0.18566242052680101,-0.01413416970527237
2023-10-20,0.0012065454266823763,0.001809318643102034,-0.017875820309683293,-0.01413416970527237,-0.0009744448632277632,0.01968513895278547,0.13099195129909771,0.008079416539687778
2023-10-23,-0.00368023287791359,0.018380855172539425,-0.007003987348542517,0.008079416539687778,-0.026437502373378583,0.02538484252108203,0.06915728262947371,0.0036674783666725027
2023-10-24,0.005994327789340062,0.007622969334737957,-0.005236574060741811,0.0036674783666725027,0.2453840992633567,0.01285954339547992,0.29523798052575123,0.030216883161817015
2023-10-25,0.04290493148568582,0.046319254964835285,0.02122356517346367,0.030216883161817015,0.5693810805633575,0.02509568979137166,0.7597853921751966,-0.03823607524151242
2023-10-26,-0.000381688114377225,0.0028139881658858315,-0.04113763090863929,-0.03823607524151242,-0.37524810215434257,0.043951619074524925,0.163198542329742,0.005838492712631263
2023-10-27,0.007716583432964414,0.02657349712995868,0.0015541280350259046,0.005838492712631263,-0.23666021521101274,0.025019369094932693,-0.14998143253140606,0.022485657918339456
2023-10-30,0.010856251181619932,0.028809973038596736,0.006106025446303965,0.022485657918339456,-0.2684103383271086,0.022703947592292745,-0.4458528416877686,0.0023688614115812074
2023-10-31,0.004555168005959132,0.004997725791846636,-0.007797644025375085,0.0023688614115812074,-0.11908216943041641,0.012795369817221514,-0.5562214121886027,0.023269844897906983
2023-11-01,0.0049565618763312055,0.02716321832345175,0.004544414667110722,0.023269844897906983,0.32894985292579454,0.02261880365634087,-0.16367860455673888,0.006480530615415255
2023-11-02,0.0033750675019548443,0.007943571118832758,-0.0037635917201095615,0.006480530615415255,-0.14540609900872684,0.011707162838942336,-0.13213030230695477,0.012779671018699678
2023-11-03,0.003753847908839388,0.0172764244492593,-0.0028463205032140354,0.012779671018699678,-0.02961092265630736,0.020122744952473473,-0.05968066869133844,0.010517094830413817
2023-11-06,0.0018407776215535996,0.01334597835394066,0.0015577948779422423,0.010517094830413817,0.008031054836709092,0.011788183475998427,-0.0008096334229358294,0.011156783267241299
2023-11-07,0.008017573004323438,0.01649571544128427,0.0030805616886510133,0.011156783267241299,0.08081363301731717,0.013415153752633194,0.07165072009579733,0.007378512706943305
2023-11-08,0.0031846551059381807,0.009221479939924235,5.54418762115655e-05,0.007378512706943305,0.03551208967418215,0.0091660380637128,0.06189018818323953,-0.00693480991316717
2023-11-09,-0.002481116128932511,0.004368188631167263,-0.007850189203021664,-0.00693480991316717,-0.07445057788054314,0.01221837783418898,-0.0014421747241163423,0.024591881674086918
2023-11-10,0.0022154812603529662,0.025754385460003033,0.0010529952138754396,0.024591881674086918,0.12095785764391118,0.02470139024612751,0.11551135880869712,-0.008121238978565983
2023-11-13,-0.003930163153518351,-0.003251451595689714,-0.010250696753393903,-0.008121238978565983,-0.33864990673311013,0.006999245157704234,-0.25779035511987275,0.009742926454431833
2023-11-14,0.011739529624645719,0.014269956337202207,0.0018255755621146056,0.009742926454431833,0.32579397113939995,0.012444380775087652,0.09816167262689368,-0.0016216874758658013
2023-11-15,0.0027240520715060158,0.007694457904589591,-0.008570948809944069,-0.0016216874758658013,-0.030209102681971595,0.016265406714533633,0.053316533783705905,0.01743045246875087
2023-11-16,0.003483464950862063,0.01790882560047386,0.001378601945284989,0.01743045246875087,0.01192411209137312,0.01653022365518881,0.064516006739944,-0.0169436700299209
2023-11-17,-0.006828771182549285,-0.0047966044213485215,-0.024679356511905667,-0.0169436700299209,0.3902307452102564,0.019882752090557093,0.4365873975665983,0.020314087591139347
2023-11-20,0.0036973475227523056,0.02409559090180242,0.00310452807088022,0.020314087591139347,0.26735141524266953,0.020991062830922353,0.6146763634931635,-0.011645532898620114
2023-11-21,-0.004700487937501068,-0.0032375402181675215,-0.01688617484117029,-0.011645532898620114,-0.6129459918062771,0.013648634623002745,-0.20441548886814667,0.01273121839093114
2023-11-22,0.013128106390513318,0.017852401654367106,0.005079936796634681,0.01273121839093114,-0.19680651577654493,0.012772464857732644,-0.4054528286160725,-0.0011122059943586707
2023-11-24,-0.0013772070724512096,0.00031752300027212326,-0.007197978939888952,-0.0011122059943586707,-0.8303047119341177,0.007515501940161205,-1.2154787867737962,0.003121511211609259
2023-11-27,-0.0017236421282484302,0.008468983412705022,-0.003264152310468264,0.003121511211609259,0.7790639456178172,0.011733135723173197,-0.33203548108651615,0.01074481149152895
2023-11-28,-0.0006869035647959459,0.011528376343389914,-0.0011892166682542548,0.01074481149152895,-0.08102045249915212,0.012717593011644029,-0.28940624049906966,-0.010111059840763832
2023-11-29,0.002765958312242571,0.00417204147768482,-0.013839802201090769,-0.010111059840763832,0.3478985036988266,0.01801184367877556,0.32554436550453564,0.00015835504103129536
2023-11-30,-0.00095073784033525,0.003267692660161572,-0.008961786699718194,0.00015835504103129536,0.05347573749220529,0.012229479359879754,0.373866890442069,-0.011680188582846128
2023-12-01,-0.005690313654421142,-0.001981323360050731,-0.020261432884127826,-0.011680188582846128,0.07822538027677667,0.018280109524076948,0.3857604046486833,-0.014442515384455228
2023-12-04,-0.0145509043740423,-0.013413694555206123,-0.03149123354590787,-0.014442515384455228,-0.03002200782341775,0.018077538990701705,0.17046435175631072,0.009114682599790454
2023-12-05,-0.00731389587830496,0.010616822305342326,-0.009581486237695664,0.009114682599790454,-0.32939575687698325,0.020198308543037957,-0.22949455273473382,-0.01003623957842887
2023-12-06,0.0027344185994393365,0.004446247321678818,-0.012126244893054505,-0.01003623957842887,-0.08515983160993082,0.016572492214733347,-0.3324980631462343,0.005812856959905854
2023-12-07,-0.0015466858098350032,0.007159839877890155,-0.006747170240227372,0.005812856959905854,0.08749397941779044,0.01390701011811751,-0.19087738790510558,0.008803295472133666
2023-12-08,-0.004728779850857043,0.00941764981166954,-0.007359542769740743,0.008803295472133666,-0.13722783797964616,0.016777192581410395,-0.27349415564713464,-0.007860282708582867
2023-12-11,-0.015484145127514734,-0.0070525876505078,-0.021964074217244868,-0.007860282708582867,0.3183274254333478,0.014911486566737258,0.14717142010233436,0.008261009109010132
2023-12-12,-0.0012126436658237974,0.00836786953631145,-0.002264874677700065,0.008261009109010132,-0.10936323555127465,0.010632744214011523,0.07490154078881403,-2.6737270452321032e-05
2023-12-13,0.004370966831655215,0.008670062238157843,-0.009689442776940421,-2.6737270452321032e-05,0.22016387260008077,0.018359505015098157,0.2797932996634101,-0.022802561881636933
2023-12-14,-0.002835433017193041,-0.0016306938172567186,-0.02773364000204271,-0.022802561881636933,0.33508218014859636,0.026102946184786032,0.5346498210554833,0.013032026227117906
2023-12-15,0.0025110235341455297,0.017526490749744772,0.0009560266433360833,0.013032026227117906,0.5954950542534546,0.016570464106408632,0.982578926908337,0.00516556045841301
2023-12-18,-0.0034586182148606585,0.006104355153207126,-0.005545025231204208,0.00516556045841301,-1.2810849352515994,0.011649380384411517,-0.6329056912426821,0.0016356289690250363
2023-12-19,-0.0031177053416244853,0.0016356289690250363,-0.007569155170926101,0.0016356289690250363,-0.05657231715282324,0.0092047841399511,-0.6602864132698995,-0.007097988156897621
2023-12-20,0.004650772052364517,0.0073936702767667915,-0.007340844094492194,-0.007097988156897621,0.2447330473394056,0.014734514371258988,-0.39408535514048265,0.00784785099983242
2023-12-21,0.005220826359917813,0.010174197668321698,-0.0015661347661441263,0.00784785099983242,-0.39618720378729044,0.01174033243446589,-0.7662140400962367,0.002780245693285362
2023-12-22,0.0003746798326285496,0.004380774524400983,-0.002224502330628665,0.002780245693285362,-0.03449955102537882,0.006605276855029596,-0.6565880923851747,0.00021359535313365236
2023-12-26,0.0011206635161444241,0.00628066761112507,-0.002887357881394264,0.00021359535313365236,-0.30003532698427443,0.009168025492519397,-0.4910268723884739,-0.0015759925509875646
2023-12-27,-0.0025923745734622024,0.0010670488550009588,-0.00495005787004785,-0.0015759925509875646,0.16224192654170005,0.006017106725048705,-0.23647493175399206,0.0032294455110106757
2023-12-28,0.0034692279370509434,0.006368811941532078,0.0002405579487675582,0.0032294455110106757,-0.03957769449070621,0.006128253992764723,-0.21379673203642394,0.0020231326663655612
2023-12-29,0.0019167326224714387,0.0049970995397505364,-0.004807925735590011,0.0020231326663655612,0.2680233588589956,0.009805025275340641,0.19943167530325095,-0.01384395971079123
2024-01-02,-0.005814186831215771,-0.0003724091007290397,-0.02496062479117458,-0.01384395971079123,0.2989974640215541,0.024588215690445548,0.48518579911143833,-0.0007282534024568719
2024-01-03,-0.005027813314282328,0.0064236701950489885,-0.006383708919448415,-0.0007282534024568719,-0.0900486152019058,0.01280737911449731,0.2954315331583676,-0.007203442287565157
2024-01-04,0.00018888481277348177,0.006723166265498335,-0.009298337687292527,-0.007203442287565157,-0.09929714985955271,0.01602150395279102,0.08173548553003496,-0.0005165285514284883
2024-01-05,0.0027954551978610193,0.011135236995004611,-0.003921366706269178,-0.0005165285514284883,0.004920534624717393,0.015056603701273768,0.026256015685713723,0.018695664460686285
2024-01-08,0.004205929322458355,0.020055890185253916,0.003420410927168207,0.018695664460686285,0.09656193551816603,0.01663547925808572,0.05958610619005303,0.002931475522755293
2024-01-09,-0.007178262058989328,0.003463497376209455,-0.009384956470997413,0.002931475522755293,-0.10490914160032913,0.012848453847206915,-0.08493224477584199,0.018403758434606683
2024-01-10,0.0015421896521822344,0.022054698442233987,0.0014093652679600434,0.018403758434606683,0.20284090464607568,0.02064533317427395,0.15775096882819659,0.004847588027953987
2024-01-11,0.0084031115652358,0.02045453393232095,-0.006263492009410156,0.004847588027953987,0.08762653135595579,0.026718025941731047,0.22331321972060902,0.00993410396364497
2024-01-12,0.002233381069136375,0.010474518199862046,5.196810968199233e-05,0.00993410396364497,-0.2513390495746332,0.010422550090180034,-0.08854720019151427,0.004622829239799605
2024-01-16,0.013271651996368605,0.014211095542059137,-0.0021904842154980226,0.004622829239799605,0.22777888685030626,0.016401579757557093,0.13369830420552242,-0.0020519354751060664
2024-01-17,-0.005884958911295841,-0.00041006604374135933,-0.014089079495570603,-0.0020519354751060664,-0.20167438213301292,0.013679013451829347,-0.10159479321037118,0.011234049561225484
2024-01-18,0.005760458312970555,0.011538659822811041,0.0016675279317457277,0.011234049561225484,0.05077121210645824,0.009871131891065307,-0.06216899821060483,0.012113147475738776
2024-01-19,0.00478709837796397,0.012113147475738776,-0.0009398253596551904,0.012113147475738776,0.22625002802390973,0.013052972835394024,0.18127815820523624,-0.005432754626077051
2024-01-22,0.0033804777007243785,0.00487929421684095,-0.012824291645945323,-0.005432754626077051,-0.08218579042761368,0.017703585862786177,0.08706514949245082,0.006009457543719566
2024-01-23,-0.00191858730565329,0.0072120707744520755,-0.006528076120442474,0.006009457543719566,-0.27477509277849527,0.013740146894894556,-0.23005427048395055,0.00913340439682506
2024-01-24,0.006596432495313033,0.016730682465883943,0.003878201642481075,0.00913340439682506,0.19185411993566748,0.01285248082340294,0.01486768940062007,0.005721867857136507
2024-01-25,0.004362513747470485,0.010993631151582176,-7.452279732008768e-05,0.005721867857136507,-0.16801017097102433,0.011068153948902301,-0.1744078069149228,-0.002324438374951928
2024-01-26,-0.001235727521278648,0.0032058083700675986,-0.00604486537392501,-0.002324438374951928,-0.1661476189332144,0.009250673743992634,-0.32142659034722426,0.014232425058189259
2024-01-29,0.005259348432163923,0.014866827328467041,0.000989765519531177,0.014232425058189259,0.3197055240681896,0.013877061808935866,0.09688848238357756,-0.0027618032394777204
2024-01-30,0.006180239411370528,0.00809461890742233,-0.008013052321820887,-0.0027618032394777204,0.31178720102254837,0.01610767122924328,0.4314687991569773,-0.02731606137550749
2024-01-31,-0.0039973197906638105,0.016337125762159416,-0.028247112732832192,-0.02731606137550749,0.35763542357759937,0.04458423849499162,0.6765609993354221,0.015474034226180907
2024-02-01,0.01063294225639743,0.025871036471453702,0.01055828406726143,0.015474034226180907,-0.44562812771968635,0.01531275240419216,0.05777385981000215,0.01825818190005795
2024-02-02,7.429210229613242e-05,0.021729589088781077,-0.0005450026683840438,0.01825818190005795,-0.0815532567077859,0.02227459175716515,-0.08825921054489087,-0.013637650264133806
2024-02-05,-0.0032151414389105623,-0.00014591200745145462,-0.01773825305232987,-0.013637650264133806,-0.1084611419095933,0.017592341044878397,-0.26226322164785526,-0.0003945155394012971
2024-02-06,0.0005668576462563645,0.005702941486303404,-0.0067774827617701795,-0.0003945155394012971,-0.3214648906746077,0.012480424248073564,-0.5888257553324342,0.020890521742274678
2024-02-07,0.004797500313000484,0.021494131363712005,0.0046993005556643114,0.020890521742274678,0.19499660973936406,0.016794830808047587,-0.29825953597247573,0.00014489364529614095
2024-02-08,0.0,0.0036402923296653257,-0.003677782553788739,0.00014489364529614095,-0.05120730839614683,0.007318074883454063,-0.1636003551655981,0.015431745739113791
2024-02-09,0.002749144850421295,0.016073602572818767,0.002363751722797919,0.015431745739113791,0.037338385774560265,0.01370985085002108,-0.047797211628474466,-0.012658495783376897
2024-02-12,2.3801323964063053e-05,0.0004516931131931944,-0.013887420311542735,-0.012658495783376897,-0.038394287372139124,0.014339113424735817,-0.03082696689545315,-0.021763809079990058
2024-02-13,-0.025165939586292714,-0.012576958905149701,-0.029000981363556597,-0.021763809079990058,0.2717933384892016,0.01642402245840685,0.2796570675025699,0.007771414603537866
2024-02-14,0.004297701745106225,0.008625786176756035,-0.004316251736401296,0.007771414603537866,-0.3103375806152177,0.012942037913157258,-0.11664650915885297,-0.007180945555446858
2024-02-15,-0.0033021704306109944,-0.0008794932371894115,-0.01277999575414616,-0.007180945555446858,0.06748528832114625,0.011900502516956717,-0.03209802791295325,-0.006168137823611831
2024-02-16,0.003437595870006909,0.004246213592091732,-0.007703729746877924,-0.006168137823611831,0.021350704504688803,0.011949943338969675,-0.016059442050020765,-0.0031480202091274828
2024-02-20,-0.002031481775366082,0.001063614427826824,-0.015086220610144509,-0.0031480202091274828,0.08637168491728883,0.016149835037971398,0.06798723762089534,-0.0015156241474554896
2024-02-21,-0.00652586515794463,-0.0012421127184165223,-0.013925069090320054,-0.0015156241474554896,-0.2720095681869849,0.01268295637190342,-0.23099968842428859,0.023273727530854913
2024-02-22,0.019720741554365335,0.026136122032611075,0.015763544788821988,0.023273727530854913,0.37741163325951554,0.010372577243789193,0.22954685357451138,-0.0031873835039944224
2024-02-23,0.009718249612315412,0.010175171016022272,-0.006531652213323772,-0.0031873835039944224,-0.5052899230347333,0.016706823229345916,-0.33548464718866566,-0.0068469670736208575
2024-02-26,0.0027257138652769376,0.0044255569476120875,-0.007288796003885401,-0.0068469670736208575,-0.006303615276157843,0.01171435295149753,-0.2920486635753339,-0.00014722965636265557
2024-02-27,0.0011035320240619713,0.0019120903139528103,-0.009095571338237055,-0.00014722965636265557,-0.08756674834039802,0.011007661652189842,-0.3216836811337528,0.0005887886106833135
2024-02-28,0.0017163569579212114,0.004456474990687931,-0.00531498203317306,0.0005887886106833135,-0.11810747254003418,0.009771457023861042,-0.34265474839975124,0.01441539843608114
2024-02-29,0.00225394139679049,0.015768311138642636,-0.004424538363459429,0.01441539843608114,0.8851519639364912,0.020192849502102123,0.6016788109099015,0.00448654856523547
2024-03-01,-0.005746159327525661,0.005376633951496773,-0.006694852784933649,0.00448654856523547,-0.5835754695096479,0.012071486736430537,-0.03677841614668057,-0.0013968513696511863
2024-03-04,-0.004970207236216248,0.0044425986256961475,-0.007682849628014868,-0.0013968513696511863,-0.012840597214247901,0.012125448253710846,-0.06600546295172556,-0.03001807984266283
2024-03-05,-0.0023164327677819203,-0.0016161066191794076,-0.03502245789157977,-0.03001807984266283,0.42516818316645383,0.03340635127240029,0.3443500754221141,-0.0013917480323597433
2024-03-06,0.0007944374344948237,0.006214376774082062,-0.010636221320283868,-0.0013917480323597433,-0.18627748254566623,0.01685059809436593,0.03879778265389451,0.017381496512781994
2024-03-07,0.009972735359114639,0.018944492289300726,0.00037296607294806975,0.017381496512781994,-0.1770499644733794,0.01857152621635275,-0.2200562786349764,-0.0071625437952419595
2024-03-08,-0.002888322126783469,0.0031236267660631283,-0.011826088554576114,-0.0071625437952419595,-0.03901836698402195,0.014949715320639278,-0.1386846823388872,-0.004193735893324412
2024-03-11,-0.006074221549655172,-0.0013302343357832278,-0.012285267178914951,-0.004193735893324412,-0.11038360901123223,0.010955032843131905,-0.2507959849230177,0.026251836704458756
2024-03-12,0.007634204004353986,0.026949937576022306,0.00559595089871917,0.026251836704458756,0.33149200595777695,0.02135398667730313,0.09504054523233359,-0.00043351881678701826
2024-03-13,0.0067676643812352505,0.0069589557492611255,-0.009265452859459507,-0.00043351881678701826,-0.27159451354546355,0.016224408608720757,-0.13186810511615882,0.024087215158259706
2024-03-14,0.012306483644780323,0.030183093730803273,0.0069380156675952435,0.024087215158259706,0.6909684699329715,0.023245078063208056,0.6141314277569687,-0.020912286348276667
2024-03-15,-0.014043859921751903,-0.006180565296247593,-0.029667675152841234,-0.020912286348276667,0.27746014490658727,0.02348710985659363,0.7371033400904766,0.0021589325776746084
2024-03-18,-0.005224742266027265,0.01029692531578813,-0.006359969907228374,0.0021589325776746084,-0.807418192907271,0.01665689522301633,-0.2943066051283722,0.00975290905068781
2024-03-19,0.0012212879486605175,0.010369718294408335,-0.0042504165269407704,0.00975290905068781,-0.013424028502860256,0.01462013482134902,-0.3368379918558421,0.00902398464696863
2024-03-20,0.0013990738349497222,0.010739184885735104,-0.0017813250485031037,0.00902398464696863,-0.10502507494354667,0.012520509934238196,-0.42282924121787546,0.00968878185613659
2024-03-21,0.010759525591772262,0.013060161612569721,0.004528434028469745,0.00968878185613659,0.17595947850684646,0.008531727584100085,-0.2523150450671833,-0.0014683548886772085
2024-03-22,0.0007683124850463045,0.0011405334977332858,-0.007715337494722583,-0.0014683548886772085,-0.18787785911155686,0.008855870992455687,-0.34164422485286533,-0.01380953146010907
2024-03-25,-0.008196959360058688,-0.003106903350098725,-0.01676997044859438,-0.01380953146010907,0.02307643916629404,0.013663067098495671,-0.06895174959460619,-0.002865548810043281
2024-03-26,0.006482279219109597,0.0073747285355221575,-0.0035772636513996424,-0.002865548810043281,-0.07678675328812325,0.010951992186921706,-0.12436939829544078,-0.0005218988214657299
2024-03-27,0.006595087212116534,0.006618670398283631,-0.00628076225312362,-0.0005218988214657299,-0.001232404001561884,0.012899432651407368,-0.0921859335240592,-0.0016861405413211657
2024-03-28,-0.0011158757305447075,0.0010435254066253202,-0.005496409274061699,-0.0016861405413211657,0.26946262705916985,0.006539934680687062,0.18996840859905684,0.009109377107484188
2024-04-01,0.007648020361024447,0.01689865525500898,0.0035589759151160153,0.009109377107484188,-0.2930244814125777,0.013339679339892961,-0.10939404690404841,-0.007399484942108421
2024-04-02,-0.010560362409881808,-0.005171514943570684,-0.01597833392637369,-0.007399484942108421,0.09332465784114172,0.01080681898280307,-0.0013200305646500334,-0.0023518290357668237
2024-04-03,-0.00406575075987197,0.00430924615678312,-0.005591739093593565,-0.0023518290357668237,-0.0819711141649573,0.009900985250376582,-0.08163385318989043,-0.006131273658128468
2024-04-04,0.010740020945189315,0.019361828161003725,-0.006873382864642822,-0.006131273658128468,0.16027217481151876,0.026235211025646722,0.08113557878974254,0.018117602961436455
2024-04-05,0.005084222114684276,0.020441514558275743,0.001052385734494701,0.018117602961436455,-0.15709584995909434,0.019389128823781195,-0.10537452962201696,-0.002187935826659166
2024-04-08,-0.0008228040876882602,0.004127608559130914,-0.005230805926367634,-0.002187935826659166,-0.1483484876331841,0.009358414485498687,-0.19418074306491798,0.003972415700328721
2024-04-09,0.00434769401855324,0.007391522738033294,-0.007019565937721497,0.003972415700328721,-0.13284698879956663,0.014411088675754845,-0.30316230199028465,-0.007109733984427701
2024-04-10,-0.00964094902983192,-0.005292199922008475,-0.015556205064457254,-0.007109733984427701,0.26055479540736737,0.010264005142448674,0.023531114062456757,0.01097294318376912
2024-04-11,0.006030068460506295,0.014332336199457797,-0.00212867424874698,0.01097294318376912,0.10246793787759967,0.016461010448204777,0.1296130206787563,-0.014191309024921212
2024-04-12,-0.009108269667543377,-0.006447022241722849,-0.019252697629015075,-0.014191309024921212,0.06920509701372977,0.01280567538729218,0.2167768112176458,-0.019772238933290314
2024-04-15,0.011078515681042744,0.01159409118223814,-0.020280108824135314,-0.019772238933290314,0.05160617067739073,0.031874200006373365,0.23415295513091883,0.0022698614523318783
2024-04-16,0.002245790420261167,0.011441832432693257,0.0002175479784309632,0.0022698614523318783,-0.18998544640366152,0.01122428445426245,-0.02798662030592638,-0.0066310116669056575
2024-04-17,0.00641963535934514,0.010318567195764598,-0.010304245900332274,-0.0066310116669056575,-0.055812724837403,0.020622813096096954,-0.1321291611793457,-0.018551971122823148
2024-04-18,-0.0029423378998033847,0.00012144345827202403,-0.019343777370812384,-0.018551971122823148,0.2824287913053645,0.01946522082908447,0.15429873396969213,-0.012820833074034494
2024-04-19,-0.0005938147842419923,0.0029886332159520866,-0.01620902321793442,-0.012820833074034494,0.37393650227472536,0.019197656433886493,0.4948047873365858,0.0045995390777093205
2024-04-22,0.002402382229188419,0.009302188055208336,-0.008479412557714344,0.0045995390777093205,-0.4099063793242862,0.01778160061292274,-0.029680974153943107,0.016351064643585062
2024-04-23,0.0081470864291197,0.017895629883734027,0.00522377778561953,0.016351064643585062,-0.25411960382538795,0.01267185209811427,-0.2839288113259186,0.003649123541556942
2024-04-24,0.004870691705438954,0.01195076377661721,-0.001940219283673725,0.003649123541556942,-0.04346166762535119,0.013890983060291004,-0.31747484483223826,-0.024800154676318357
2024-04-25,-0.03743479314843418,-0.022672292661972474,-0.052779185505689094,-0.024800154676318357,0.9910414129066806,0.03010689284371663,0.6812326821144115,0.018079360613360858
2024-04-26,0.03237423427674282,0.03438590905566384,0.01670019197092783,0.018079360613360858,-0.3124669202920416,0.017685717084735986,0.19442834638352044,-0.010067258646237079
2024-04-29,-0.002636883902944191,0.0,-0.01770354437947978,-0.010067258646237079,-0.4163526950563854,0.017703544379479796,-0.21477263242142777,-0.03264650732225627
2024-04-30,-0.0018911837195576997,-0.00022375738207237473,-0.03305748522022134,-0.03264650732225627,0.38511346151887227,0.032833727838148925,0.17616489289271905,0.014306582260641647
2024-05-01,0.008389436874858415,0.03132805301359337,0.002514010370004252,0.014306582260641647,-0.2000728799601541,0.02881404264358924,-0.12657889798424427,0.00731604439062481
2024-05-02,0.006863517228204142,0.01255565266906545,-0.0007345801221086286,0.00731604439062481,-0.2855608931517132,0.013290232791174184,-0.4737516645081136,0.02192755928602745
2024-05-03,0.011098455340315576,0.023131747720809535,0.010053827603309697,0.02192755928602745,-0.014945053039812478,0.013077920117499737,-0.31330517094264393,0.01677680114796012
2024-05-06,0.005150746147330667,0.01771939522184485,-0.0007134018613264278,0.01677680114796012,-0.026137194963154867,0.0184327970831712,-0.23114459347761582,-0.010208168030562697
2024-05-07,0.002704650527463109,0.0027287899301597666,-0.010819093851983926,-0.010208168030562697,0.16362853570146102,0.01354788378214379,-0.04307476280128446,0.0029272894979643733
2024-05-08,-0.002862310418143843,0.007035375057831603,-0.006445717855384337,0.0029272894979643733,-0.5291950836547119,0.013481092913216157,-0.48468255635014856,0.004326377564595996
2024-05-09,7.306884273846912e-05,0.005296012791205365,-0.0035137472481659906,0.004326377564595996,0.21969979182113453,0.008809760039371292,-0.1337941272579298,0.005852029655827522
2024-05-10,0.001502545201499471,0.007394011005550549,-0.0012619997169057682,0.005852029655827522,-0.09172023390228899,0.008656010722456196,-0.18888713396715706,-0.0024623748631589035
2024-05-13,0.007853584722435723,0.008666623007787796,-0.009496614133997477,-0.0024623748631589035,0.14154816386146798,0.018163237141785325,0.00391823738265365,0.006841083533611444
2024-05-14,-0.004117554264067595,0.009071149056809986,-0.005258929702617486,0.006841083533611444,-0.02166404960489314,0.014330078759427337,0.002701321551571879,0.015530751728032876
2024-05-15,0.0032116518548953423,0.01725473283729941,0.0017029649643167841,0.015530751728032876,0.3865595388395504,0.015551767872982557,0.45663463796668385,-0.004952197487457364
2024-05-16,-0.003030015617457343,0.005515693077179762,-0.0064735426204155086,-0.004952197487457364,-0.23795058369183614,0.01198923569759521,0.08037837722570704,-0.0018544912501636775
2024-05-17,0.003675079860497013,0.004574010380039002,-0.007055859870159368,-0.0018544912501636775,-0.13266061718434122,0.011629870250198533,-0.08679792117281597,0.012134274500960848
2024-05-20,0.0,0.015490634695742495,-0.0005236877660689224,0.012134274500960848,0.0581931985742861,0.016014322461811288,-0.05162798312017154,0.008661334105904412
2024-05-21,0.0034969355471915885,0.01777960387180309,-0.0011526606693071499,0.008661334105904412,0.2764264948813888,0.018932264541110185,0.21513498465564915,0.003443580286311397
2024-05-22,0.0024443060067169233,0.007824046110161362,-0.004461746617421177,0.003443580286311397,-0.17142063678143973,0.012285792727582595,-0.027059375830722616,-0.008209741648732175
2024-05-23,0.005674689479587339,0.007128709324453369,-0.011916807078375809,-0.008209741648732175,-0.04886845778908142,0.019045516402829032,-0.03002287416483462,0.007373227786163656
2024-05-24,0.00044487161871911387,0.009463272659315864,-0.00608403546096536,0.007373227786163656,-0.37281436014890934,0.015547308120281165,-0.39924039258060995,0.00037189397059942064
2024-05-28,-0.0012328564909102019,0.0015331454458123819,-0.008310420670187935,0.00037189397059942064,0.2820315274686474,0.009843566116000268,-0.076830255414208,-0.0026759928677965368
2024-05-29,-0.01081774741318325,0.0014397399560040355,-0.01081774741318325,-0.0026759928677965368,-0.012863910818709277,0.01225748736918721,-0.0831436495722614,-0.03437008655194104
2024-05-30,-0.011412418679124242,-0.011412418679124242,-0.035407649689163496,-0.03437008655194104,0.6042528228151544,0.02399523101003915,0.5941181706370153,0.001108680385744227
2024-05-31,0.005003466065253257,0.005003466065253257,-0.024806573351958783,0.001108680385744227,0.5249076250066463,0.02981003941721207,0.9953194447546505,-0.0038858816314384466
2024-06-03,0.0009630749660211597,0.003126626715618427,-0.015072165225512097,-0.0038858816314384466,-1.009776876642554,0.018198791941130544,-0.3123865420282086,0.006147678619730523
2024-06-04,-0.002639377673772455,0.007036545149160677,-0.00932950504356265,0.006147678619730523,-0.19765292858930394,0.016366050192723334,-0.5560789564884048,0.01890352995140318
2024-06-05,0.004173244950082929,0.019068552076652978,0.0005525919385641712,0.01890352995140318,0.16883392823580817,0.018515960138088986,-0.376241505940118,0.0012020301231195052
2024-06-06,0.0,0.0030612461662619253,-0.008122383797239063,0.0012020301231195052,-0.13374669381152923,0.011183629963501019,-0.521805077760309,-0.0015794595596162165
2024-06-07,0.00394965529186363,0.004137311474928309,-0.0035869139679310554,-0.0015794595596162165,-0.08709640926065136,0.007724225442859342,-0.4945194995927198,0.009439766259714575
2024-06-10,0.0020034326073477813,0.009930429181107701,9.43887134550331e-05,0.009439766259714575,0.02617104511314004,0.009836040467652529,-0.10048039530553364,0.011179008120216567
2024-06-11,-0.005601430509822412,0.011502554393258445,-0.006142168438336336,0.011179008120216567,0.039831437642448,0.017644722831594798,-0.014292166697580194,0.019182507244211788
2024-06-12,0.006083001818244567,0.024473875582428455,0.0013165207611915506,0.019182507244211788,0.42988429857591,0.023157354821236962,0.41285614465529036,0.001178258595075969
2024-06-13,-0.0004762197008191343,0.005268861886968735,-0.003839043492623671,0.001178258595075969,-0.33742770541035305,0.009107905379592263,0.005274338770429012,0.0022394869028074644
2024-06-14,-0.007501200921832214,0.0035266065893213645,-0.011066913405147689,0.0022394869028074644,-0.16137779860838927,0.014593519994469022,-0.16985647036155513,0.013020112943526028
2024-06-17,4.516474669551738e-05,0.01873563779578488,-0.004188904642365202,0.013020112943526028,0.42572671517832195,0.022924542438150137,0.2563636414524155,-0.004537788293593109
2024-06-18,0.0029841380552365357,0.003939904512263405,-0.007791679995899204,-0.004537788293593109,-0.19466291125535426,0.01173158450816253,-0.019529311901406964,-0.0014348778855942771
2024-06-20,-8.964094295543113e-05,0.00042559934887122843,-0.01142407712425676,-0.0014348778855942771,0.1497742173525456,0.011849676473128002,0.10131051782033287,0.009112464275380866
2024-06-21,0.0037622489032479497,0.010889504607038957,0.0018157110123837683,0.009112464275380866,0.5422649719638242,0.009073793594655212,0.6716781307678936,-0.004702187777835919
2024-06-24,4.444077007835068e-05,0.0065815251471839364,-0.007520751162987959,-0.004702187777835919,-0.7646680064791589,0.014102276310172057,-0.2825570141807191,0.007300111842803257
2024-06-25,0.0012947286467393643,0.00834181591065319,-0.0020572297989654574,0.007300111842803257,0.030917700926540313,0.010399045709618634,-0.2734900001291974,0.002679611914001306
2024-06-26,-0.004333607939051877,0.005859270187958481,-0.006139240584221251,0.002679611914001306,0.005686458987085601,0.011998510772179467,-0.22638877964789447,0.0015248507036572506
2024-06-27,4.420685528933101e-05,0.008829468897164516,-0.0008629311468801398,0.0015248507036572506,-0.10873176749384672,0.009692400044044735,-0.3292533589996146,-0.013114199453253645
2024-06-28,0.00048569679832024653,0.005571287653554751,-0.01432313784561399,-0.013114199453253645,0.6500080326449746,0.019894425499168703,0.37129298734119165,0.021645671878020658
2024-07-01,0.0038186119017747243,0.023045921809437857,-0.0028904211696171656,0.021645671878020658,-0.4736000655121276,0.0259363429790551,-0.04091927900598357,0.005567612477786935
2024-07-02,-0.007758874634683891,0.006242348995470773,-0.007957541439656646,0.005567612477786935,-0.23384730245271923,0.014199890435127368,-0.29359952168041714,0.003238936050717344
2024-07-03,-0.002376092622683795,0.0037813589715319697,-0.0030528914872865846,0.003238936050717344,-0.3417710184250318,0.006834250458818586,-0.6090697859998769,0.014628698265744153
2024-07-05,-0.0025207073353110433,0.016316913434857337,-0.003914128145181066,0.014628698265744153,0.47676505993734897,0.020231041580038356,-0.05758956279609238,-0.0028271754566299946
2024-07-08,-0.0021625080024148427,0.0002994133139909317,-0.006652255470844407,-0.0028271754566299946,-0.21056232774985528,0.006951668784835298,-0.28214304927753575,-0.014474494317281709
2024-07-09,0.0016287556075469116,0.002335115439144804,-0.017831317947165432,-0.014474494317281709,0.28328275656593926,0.02016643338631016,0.19861424161590985,0.014495963213956669
2024-07-10,0.0036491474917099763,0.014946245639469353,-0.0014808870255976342,0.014495963213956669,0.05587938452591363,0.01642713266506707,0.2609735052230223,-0.025084083280719694
2024-07-11,-0.007038090619470033,-0.003157798232416334,-0.0320358892948381,-0.025084083280719694,0.23911006310554847,0.028878091062421722,0.4416618060102656,-0.002532397530764042
2024-07-12,-0.0008141109879753706,0.0036440519524369307,-0.008946916218691682,-0.002532397530764042,-0.3476625532882931,0.012590968171128576,-0.06928433716733869,0.0009035794633242268
2024-07-15,-0.0005513591289931737,0.008146688116371315,-0.004685184293426175,0.0009035794633242268,-0.12338700334352967,0.012831872409797499,-0.1963683247225684,-0.00982874724605526
2024-07-16,0.0005725952450526315,0.0007486762855130284,-0.016211382618662534,-0.00982874724605526,0.17422780231226634,0.016960058904175616,-0.03871181481310673,-0.013437450573088492
2024-07-17,-0.015536497040495726,-0.010443161952643953,-0.02327098722299672,-0.013437450573088492,0.2374046917318772,0.012827825270352911,0.19904580841058933,-0.007127600241447598
2024-07-18,0.0018471551165766288,0.002544570328365426,-0.020777117221446706,-0.007127600241447598,-0.04619733047180628,0.023321687549812092,0.11349381714314188,-0.007430425393780849
2024-07-19,-0.01664660923606905,0.001747047041036993,-0.01918968330516404,-0.007430425393780849,0.006977352004635826,0.020936730346200992,0.14574406008812194,0.013249480048027394
2024-07-22,0.010649829239622665,0.01699016910270786,0.004109542856093877,0.013249480048027394,-0.28111356044424296,0.012880626246613956,-0.18511672061478104,0.004302834207645639
2024-07-23,0.002164971886714959,0.012229095898263327,0.0003611657765009716,0.004302834207645639,-0.18741267889320345,0.011867930121762392,-0.38692719331065734,-0.03651338311895819
2024-07-24,-0.00994020114045405,-0.007604416621260824,-0.03957237644065191,-0.03651338311895819,0.7154642138930287,0.031967959819390976,0.37161433031544566,-0.02478587912924774
2024-07-25,-0.00023319600350649568,0.002096178514546668,-0.026915257802178627,-0.02478587912924774,0.11070400943315707,0.029011436316725137,0.4293499748912594,0.01628633733145043
2024-07-26,-0.0004780819789698493,0.024832554494901918,-0.002704430204875477,0.01628633733145043,-0.23876225580011468,0.027536984699777427,0.10085909078734093,0.0034272849807710096
2024-07-29,0.014728626499941118,0.01604850058063161,-0.0013411694324704088,0.0034272849807710096,-0.444158140565197,0.017389670013102022,-0.3677926191182913,-0.00896845286079925
2024-07-30,0.0023172582672509193,0.0054219133266451836,-0.022202396858892647,-0.00896845286079925,0.7705939060137582,0.027624310185537963,0.4090726672607216,-0.01086465028327946
2024-07-31,-0.005738588201380144,-0.002699219424934732,-0.02565016011390261,-0.01086465028327946,0.27167553854358584,0.022950940688967695,0.514932770310682,-0.0029684764685539186
2024-08-01,0.005815499858322755,0.021542279426569125,-0.012652939300294734,-0.0029684764685539186,-0.3476424460620258,0.03419521872686393,0.049040918463823885,-0.020882530572933145
2024-08-02,-0.011138001480725314,-0.005071420631851231,-0.03109384173337388,-0.020882530572933145,-0.028745933780722342,0.026022421101522666,0.017853302324781634,-0.03320198608470487
2024-08-05,-0.048451109637345204,-0.018406216027462015,-0.05771875094306315,-0.03320198608470487,0.3241711513357245,0.03931253491560113,0.30233367243178216,0.011223610624556329
2024-08-06,0.012199122903070507,0.026274630107757435,0.008442074025358275,0.011223610624556329,-0.4897205793342795,0.01783255608239929,-0.3444403835460224,-0.002957229131897858
2024-08-07,0.02234557386150871,0.02586319504210997,-0.005369572210143416,-0.002957229131897858,-0.18897462980375113,0.03123276725225345,-0.48844076372875117,0.010635235532828273
2024-08-08,0.010014217792789996,0.018476430758911037,0.003782736263718248,0.010635235532828273,-0.02192779376101063,0.01469369449519296,-0.368617698798093,0.008235351183201959
2024-08-09,0.003322088378230226,0.013222644769325293,-0.0010683712284254951,0.008235351183201959,-0.04693399552458908,0.014291015997750754,-0.3439337566548363,0.0019438475615550415
2024-08-12,0.002558196313475724,0.006725818221260585,-0.004393655587935187,0.0019438475615550415,-0.13972900159476784,0.011119473809195752,-0.40597841176915905,0.017543911735709943
2024-08-13,0.006810410448699715,0.01981182048737885,0.006761606763006027,0.017543911735709943,0.14684179682463847,0.01305021372437297,-0.04795513387836384,0.00686024716271388
2024-08-14,0.0019062952157911143,0.008921202822782557,-0.0037751358077342473,0.00686024716271388,-0.06091375464214025,0.01269633863051699,-0.05301524668009741,0.009953688278044858
2024-08-15,0.007027979434746474,0.010143648555465132,0.001917314303210368,0.009953688278044858,0.12755129308057553,0.008226334252254833,0.0996004788896888,-0.006098881462307774
2024-08-16,-0.001021809371575012,0.0007360128551226795,-0.008898728806528502,-0.006098881462307774,0.09304234110006493,0.009634741661651087,0.18681362051940745,0.007285740701155826
2024-08-19,0.001170223886360613,0.007807515736761678,-0.004814807627758224,0.007285740701155826,-0.40216001552459074,0.012622323364520039,-0.25171301847574545,0.007727494801307765
2024-08-20,0.0004032433092349389,0.010219672970472311,0.00026095773809063844,0.007727494801307765,0.07299517933265522,0.00995871523238166,-0.16298929653609762,-0.0015548172440644572
2024-08-21,-0.0016963561754400462,0.003759417345794143,-0.00727685158844862,-0.0015548172440644572,-0.019738800584581565,0.011036268934242671,-0.15084178507678153,-0.020460709324281654
2024-08-22,0.0005184931244620728,0.006228485048696,-0.022725339934170623,-0.020460709324281654,0.1865210668301653,0.02895382498286669,0.059508231901973636,0.002979603707190353
2024-08-23,0.0034353707418508083,0.008888361204829895,-0.008361151414623876,0.002979603707190353,-0.04587167675002089,0.017249512619453882,0.028994534473393438,-0.00794921157372719
2024-08-26,-0.001008242021865401,0.0011749380422284026,-0.013162404112187122,-0.00794921157372719,-0.34080087706428425,0.014337342154415572,-0.2629653012154769,0.0008461100892681507
2024-08-27,-0.001524789794852677,0.002101819081045569,-0.00786657678669635,0.0008461100892681507,0.025528957456378776,0.00996839586774185,-0.21280667880674556,-0.007859897396461705
2024-08-28,0.0025099167134057777,0.0027991033845335095,-0.015904856559841037,-0.007859897396461705,0.09803584338658745,0.018703959944374376,-0.07947285962948149,0.006118576389218072
2024-08-29,0.010514417899047853,0.0275042420568382,0.0,0.006118576389218072,0.1356691746097621,0.0275042420568382,0.0710084552905242,0.00968383614592487
2024-08-30,0.005985178072184778,0.010522472678045403,-0.002399250431441312,0.00968383614592487,0.35494921664562223,0.012921723109486711,0.4555754045912067,-0.01863155361057367
2024-09-03,0.0018441751152973077,0.006547035811817473,-0.024535042184044623,-0.01863155361057367,-0.17952724334303705,0.03108207799586192,0.2033118219451134,-0.001319765930346625
2024-09-04,-0.008658909200920585,0.004386583553467036,-0.012460090031095232,-0.001319765930346625,-0.2942278137782759,0.016846673584562284,-0.17378329113586222,-0.0012479763826883327
2024-09-05,-0.0031352565645269147,0.010219096733703541,-0.006797295027209599,-0.0012479763826883327,-0.06413778571666552,0.017016391760913293,-0.256002407716429,-0.016517064307574013
2024-09-06,0.001639202520449896,0.00551861926190358,-0.01876011674724765,-0.016517064307574013,0.32308912971298526,0.024278736009151144,0.07461013117729268,0.009957697762864308
2024-09-09,0.013697096505307125,0.017153457272672746,0.0011195664192027712,0.009957697762864308,-0.24848162702205256,0.016033890853469835,-0.20166137168617757,0.02068570891630105
2024-09-10,0.006094010763751367,0.025814913251141464,0.004868370249889359,0.02068570891630105,0.24770619194883792,0.02094654300125212,0.14733945838222542,0.021117778989288665
2024-09-11,0.003133635862673986,0.023360868582662387,-0.011216766808818437,0.021117778989288665,-0.016850109951141362,0.034577635391480725,0.139033185669965,0.009317255806507118
2024-09-12,0.0006380079656955613,0.01018337971636362,-0.007807461464467209,0.009317255806507118,-0.10216554842059934,0.017990841180830743,-0.011235983345515345,0.008372339517910114
2024-09-13,-0.00274383917124915,0.011247947953280716,-0.003613096768625051,0.008372339517910114,-0.09150270163201644,0.014861044721905631,-0.13847439878243675,0.0017402809872244939
2024-09-16,2.3246358172043274e-05,0.006804642416084817,-0.005519267684858877,0.0017402809872244939,-0.13754041874157227,0.012323910100943596,-0.2341817428797282,0.008794151475529633
2024-09-17,0.020400708832848193,0.024073838043800956,0.002153733863762534,0.008794151475529633,0.3106159812615532,0.021920104180038383,0.0932796268211854,-0.010023633235808694
2024-09-18,-0.00034475412060475075,0.0020202603124934823,-0.0109525339224598,-0.010023633235808694,0.0012601862295376612,0.012972794234953266,0.10295164147795735,0.018125866883636998
2024-09-19,0.023899154367067663,0.02451086807053442,0.014037170013858112,0.018125866883636998,0.13856026540795335,0.010473698056676329,0.24584876818827614,-0.00782651590167448
2024-09-20,-0.003356515154906011,0.0012529196393902043,-0.010241697939770977,-0.00782651590167448,0.9327503993346643,0.011494617579161226,1.1290570509225857,-0.0040516164232865534
2024-09-23,-0.0022770184026580063,0.002730210517621542,-0.011274694543265955,-0.0040516164232865534,-1.2937599391843948,0.014004905060887364,-0.5297331858223364,-0.010061744414565128
2024-09-24,-0.001177158529666369,-0.0003691568673081038,-0.017240811702150978,-0.010061744414565128,0.11753550226657482,0.01687165483484305,-0.422220403963896,0.006827009443737903
2024-09-25,0.0015366083222119733,0.00916167247482087,-0.0013990397716458927,0.006827009443737903,-0.23915631003946464,0.010560712246466738,-0.6469529989607028,-0.0018530681191624933
2024-09-26,0.006872746262038452,0.0073552689541215455,-0.0069202368562913475,-0.0018530681191624933,0.07861075888706345,0.014275505810412993,-0.5243805923343409,-0.007657185647963324
2024-09-27,0.0004867504896494146,0.0012512364175437916,-0.008942970110713062,-0.007657185647963324,0.02750266069094747,0.01019420652825686,-0.4361341382135163,0.005312713681697927
2024-09-30,0.00044381170680558624,0.005591609572053308,-0.0062105308556041254,0.005312713681697927,0.12071388211682701,0.011802140427657214,0.1147075605870046,-0.022586385265893752
2024-10-01,-0.004308537869628054,-0.00423852333285812,-0.027065260848035875,-0.022586385265893752,0.1275032223554015,0.022826737515177796,0.220058162095031,-0.008498290690073176
2024-10-02,0.004482519999763027,0.005050347679288081,-0.009505710495075304,-0.008498290690073176,-0.1409806767587494,0.014556058174363246,0.052325046496574136,-0.0014154195950152255
2024-10-03,0.0011979492403703395,0.005784743700610256,-0.006831703201143152,-0.0014154195950152255,-0.19193322238680494,0.012616446901753328,-0.17929940056877777,-0.001153041162600772
2024-10-04,0.004072891161605323,0.007676780032731455,-0.0037762845221679434,-0.001153041162600772,0.33692826843237755,0.0114530645548994,0.16751751791489794,-0.015794875277222006
2024-10-07,-0.0001442145010546589,0.002520466100231652,-0.01711431871951617,-0.015794875277222006,0.08736517143874734,0.019634784819747765,0.20350711869874868,0.012544860689151721
2024-10-08,0.003315261550250853,0.014833027716179345,-0.0033508122983120776,0.012544860689151721,-0.08426092143949632,0.018183840014491477,0.07218096266423144,0.00660925067467264
2024-10-09,0.002769169759255519,0.013579615572821164,-0.0009891405551237513,0.00660925067467264,-0.2500997591474201,0.014568756127944974,-0.1794424905512763,-0.003888148762274823
2024-10-10,-0.005356100813784302,-0.00026349792772132507,-0.010378002474849721,-0.003888148762274823,-0.07816569584036692,0.01011450454712842,-0.23949621786623274,0.0011536508302571592
2024-10-11,0.0007212152205334767,0.0030973734332884824,-0.006247825385511835,0.0011536508302571592,0.021184432598332793,0.009345198818800448,-0.22015143012215307,0.006750815023687555
2024-10-14,0.003476802638690869,0.01837359763921068,0.002878208104956972,0.006750815023687555,0.16324225018951546,0.01549538953425375,0.0017886533495900375,-0.0009548490049277246
2024-10-15,0.007226718088765507,0.007937106462461554,-0.009300174341870462,-0.0009548490049277246,0.12657611873804742,0.017237280804332084,0.18106310304524265,-0.006276510467113292
2024-10-16,-0.008562071686976886,-0.0056999434705396175,-0.019922945537365445,-0.006276510467113292,-0.19775845133264078,0.014223002066825934,-0.01251286626880821,0.001440867897699368
2024-10-17,0.014884327787413443,0.015215778328679399,-0.0012744799424841626,0.001440867897699368,-0.045436432819608116,0.01649025827116356,-0.06473460515071092,0.003449606796092696
2024-10-18,0.001007395618597509,0.007006479618287468,-0.0011044478757462626,0.003449606796092696,0.14574646370663127,0.008110927494033754,0.06879666869761811,0.001481576286925849
2024-10-21,-0.004890474693792127,0.0019112864133352383,-0.010602216471068723,0.001481576286925849,-0.1880526337445517,0.012513502884403928,-0.1560625159575752,0.02063198330986164
2024-10-22,-0.0006927480032132091,0.02778738639868955,-0.0017685772825237352,0.02063198330986164,0.5843087193758658,0.029555963681213306,0.45816139688238544,-0.006830139115230841
2024-10-23,0.007805474593014225,0.008315953820447131,-0.011717255454574369,-0.006830139115230841,-0.2596789373815748,0.020033209275021634,0.11996495171128276,0.00030613514467151286
2024-10-24,0.0017177430012660928,0.0032448589572694007,-0.005194845701457232,0.00030613514467151286,-0.3695852963100248,0.008439704658726777,-0.296084559033999,0.008019888428076943
2024-10-25,0.004768118417868709,0.01817484388802632,0.004322798457850946,0.008019888428076943,0.21854443055880327,0.013852045430175298,-0.06388442628825895,-0.0036502312014378203
2024-10-28,0.008164662597959959,0.008813108144808545,-0.004330292080319678,-0.0036502312014378203,-0.12708105935144923,0.013143400225128188,-0.1882283012721729,0.01248651304997192
2024-10-29,0.003299839566588139,0.015306935634791546,-0.0018536322242921849,0.01248651304997192,0.1702221431540505,0.017160567859083868,-0.025507173473467207,0.001341816240781737
2024-10-30,0.012629690051526938,0.015049942747057133,0.0003471879979454855,0.001341816240781737,0.522397429557503,0.014702754749111653,0.5874816265713315,-0.062436813086407424
2024-10-31,-0.040506106497139274,-0.03858187480585792,-0.06255991235666072,-0.062436813086407424,0.5956479858380039,0.02397803755080273,1.0679091539962184,0.00984430765134671
2024-11-01,0.006524757278353872,0.02226774207594801,0.002826060461362595,0.00984430765134671,-0.800838822118441,0.01944168161458559,-0.09439806174680143,-0.004665210501739753
2024-11-04,-0.0013899738538800238,0.00012187845877284402,-0.011765676767403619,-0.004665210501739753,-0.20839648825348003,0.011887555226176317,-0.356394306972325,0.007317819909601653
2024-11-05,-0.00022035512832341967,0.015643543258848917,-0.000930768659152935,0.007317819909601653,-0.10983647022180848,0.016574311918001957,-0.4997597429709458,0.02097138418557238
2024-11-06,0.002330490851753904,0.021613806033396205,-0.0022871672632304016,0.02097138418557238,0.4146066003610746,0.023900973296626632,-0.0850285366073494,0.0124172314609914
2024-11-07,0.002614519386058289,0.015749504290950293,-0.0007142056676721989,0.0124172314609914,-0.2931715051373492,0.01646370995862252,-0.356856318117425,-0.006816267830486043
2024-11-08,-0.0002585609219518112,0.00251196200640671,-0.00861655673587894,-0.006816267830486043,-0.16400556323301246,0.011128518742285706,-0.24692797260379043,-0.010778758049089602
2024-11-11,-4.7380141792543165e-05,0.005357867298402797,-0.015598876833577732,-0.010778758049089602,0.3720031856896448,0.02095674413198052,0.1953722751941951,0.011937716585878723
2024-11-12,0.0005739608211820596,0.015265279711702825,-0.001939626659711423,0.011937716585878723,-0.233472882531424,0.017204906371414152,-0.08492625787960355,0.00511657954507897
2024-11-13,-0.0032911915030677265,0.014782727083241954,-0.011459417351290522,0.00511657954507897,0.1028203356537047,0.026242144434532277,0.001223879291213747,0.003966727937535548
2024-11-14,-0.000470506252292194,0.006960669165970929,-0.012304963899294951,0.003966727937535548,0.341238444406534,0.019265633065265766,0.3919009130251974,-0.028247882883546276
2024-11-15,-0.01670033768229128,-0.009627177990043248,-0.031530337383977314,-0.028247882883546276,-0.06838520165534809,0.02190315939393411,0.22709326899959184,0.0018296739580991607
2024-11-18,-0.0003133138555217485,0.008159377932262239,-0.007012467075163296,0.0018296739580991607,-0.13311273420625558,0.015171845007425544,-0.0021507973590813865,0.004870740202815831
2024-11-19,-0.00639432832424669,0.005229693204678125,-0.010177704431258127,0.004870740202815831,-0.3101347076970184,0.01540739763593613,-0.3140893479634162,-0.00552041127829805
2024-11-20,-0.002204523509686226,-0.0011974901794243266,-0.017408172903459286,-0.00552041127829805,0.056716837574070325,0.01621068272403503,-0.24710689897222105,-0.006325761505049652
2024-11-21,0.009605002793945874,0.010272238496195685,-0.012594275546076469,-0.006325761505049652,0.07952271636175118,0.022866514042272055,-0.14859870702116082,0.009953460190536017
2024-11-22,-0.0036397206486399663,0.010912218412133289,-0.004393578304696923,0.009953460190536017,0.17743157936295428,0.015305796716830097,0.11061943962229667,0.004283399570396018
2024-11-25,0.003303900332932628,0.009736585695525657,-0.0051691979759229,0.004283399570396018,0.1096788722997206,0.014905783671448528,0.25169161902960224,0.02173018663624996
2024-11-26,0.0019084139199615651,0.024180553221847992,0.00014325380270067804,0.02173018663624996,-0.16586110812102353,0.024037299419147246,0.05866742052360016,-0.011751292987682785
2024-11-27,-0.006751883498643896,-0.0017772723907473426,-0.014047127760256174,-0.011751292987682785,-0.2465799676279517,0.012269855369508784,-0.23493472881598784,0.001110523431208362
2024-11-29,-0.006879549699409303,0.004458272588594464,-0.012345695112703132,0.001110523431208362,-0.11923029241627707,0.01680396770129757,-0.346725601291739,0.01760267235729541
2024-12-02,-0.004473183875219593,0.022278689553516837,-0.005090139485427996,0.01760267235729541,0.21659928278136664,0.027368829038944817,-0.09016196707914749,0.0005103370979606184
2024-12-03,-0.0026486729054058652,0.0034512518206420467,-0.007546199279426478,0.0005103370979606184,-0.09902863304944355,0.010997451100068483,-0.1466275646617736,0.014321814727754536
2024-12-04,0.004234958943915764,0.019452428157856826,0.0033108226242072624,0.014321814727754536,0.35144766765055246,0.016141605533649597,0.2976029374691839,0.011817740460669452
2024-12-05,0.001142413322913345,0.01641609079509084,-0.002861756234987558,0.011817740460669452,-0.18124713822535618,0.019277847030078364,0.0902882909938892,0.002144038114489921
2024-12-06,-0.0007232458173575541,0.00783155272351094,-0.001922243310078537,0.002144038114489921,-0.14223760520995576,0.009753796033589448,-0.08533746557928268,0.005508128224910512
2024-12-09,-0.0021891998000544213,0.010673897238249522,-0.006945195830908649,0.005508128224910512,0.01703697695433154,0.017619093069158293,-0.09286832011608676,-0.006049385997973405
2024-12-10,-0.0036611812069612185,0.008039001283944651,-0.009959260647801121,-0.006049385997973405,-0.03588952174385975,0.017998261931745908,-0.11858800318995144,0.012686210595027534
2024-12-11,0.0016227577802148615,0.015710688348498474,0.0016227577802148615,0.012686210595027534,0.03879997272725069,0.014087930568283842,-0.08139770461347058,0.0012687271903014086
2024-12-12,0.0002672199558256767,0.015843039163378956,0.0002672199558256767,0.0012687271903014086,0.08170396995013302,0.015575819207553228,0.06792551649491574,-0.005106906674070475
2024-12-13,-0.002494422489795686,0.004150984633706419,-0.008892547052438417,-0.005106906674070475,-0.032041675444329426,0.013043531686144723,0.04478985999581491,0.009612265885815797
2024-12-16,0.0,0.010917899905258073,-0.004459119509186158,0.009612265885815797,0.1566128731292084,0.01537701941444422,0.18743622979891444,0.006335201710133961
2024-12-17,-0.0012851465724999652,0.00815991689594291,-0.0044830937649888245,0.006335201710133961,-0.03735625574843004,0.01264301066093167,0.10555261481090786,-0.038284603037947555
2024-12-18,-0.006933243642604903,-0.003990695703801728,-0.03913094664175657,-0.038284603037947555,0.0725656342081008,0.03514025093795472,0.13727478448693295,-0.000823439271642088
2024-12-19,0.009624493632469675,0.01315071243120779,-0.0024493432197159174,-0.000823439271642088,-0.062490533446921,0.015600055650923777,0.02673587666654991,-0.0009843817362044272
2024-12-20,-0.009010136343384179,0.015236943485198889,-0.019407752516464597,-0.0009843817362044272,1.0290802223232083,0.03464469600166351,1.0369513182517087,-0.003096879447196001
2024-12-23,0.0003205719024553865,0.002402032136841234,-0.008672447907254724,-0.003096879447196001,-1.2105616752082806,0.011074480044095883,-0.500750447109206,0.009330229899727375
2024-12-24,-0.0013794831655940744,0.009944657765416195,-0.0024383467077770055,0.009330229899727375,-0.9832949802343184,0.012383004473193363,-1.4555015069941548,-0.002780821585353678
2024-12-26,-0.0005692103104318845,0.003658008757631053,-0.006164642829267767,-0.002780821585353678,0.13428831175577635,0.009822651586898903,-1.2143087477751482,-0.017452981947071698
2024-12-27,-0.008043905096358543,-0.006618333789729918,-0.02720936745887397,-0.017452981947071698,0.7934627740607144,0.02059103366914404,-0.29554884965668443,-0.013327947719835857
2024-12-30,-0.01043682932373667,-0.006945792964756112,-0.020248700352042806,-0.013327947719835857,-0.3198062241678489,0.013302907387286724,-0.5747345152496123,-0.007869279853854435
2024-12-31,0.002985017534240643,0.004462463179417723,-0.009864142143205563,-0.007869279853854435,0.00665022977166709,0.014326605322623259,0.006739908304586367,-0.006951778959333492
2025-01-02,0.009515670505369066,0.010783891767534496,-0.015902753619031568,-0.006951778959333492,0.24337313329419344,0.026686645386566087,0.3441751330217909,0.01133127602289525
2025-01-03,0.0059548090117505035,0.012936206084552189,0.0022908948554258408,0.01133127602289525,-0.013921808670834913,0.010645311229126259,0.17966265310160642,0.010573406624141976
2025-01-06,0.010923921076324906,0.025582331955369672,0.005018694699013178,0.010573406624141976,0.21082400928745917,0.020563637256356727,0.2756832143015453,-0.01289098554757803
2025-01-07,0.0026842377984030445,0.006522999932770403,-0.01661504871521867,-0.01289098554757803,-0.12593887116193606,0.02313804864798895,0.11877613574753212,0.005171637187164995
2025-01-08,0.0025773428669372124,0.010832060426156295,-0.0019670032024089196,0.005171637187164995,-0.1863862370090803,0.012799063628565161,-0.1276123913743982,-0.013301722572702544
2025-01-10,0.00016488023687531679,0.00035323018588745577,-0.022726647400456938,-0.013301722572702544,0.2940534660354288,0.02307987758634442,0.1455187127943124,-0.004209850824396031
2025-01-13,-0.008894967389479622,-0.001074720266968303,-0.016024604236115052,-0.004209850824396031,-0.13756546623654856,0.014949883969146864,-0.02919012343239513,-0.0036500508423058754
2025-01-14,0.0014850185176671327,0.006093689331281745,-0.015630039277166607,-0.0036500508423058754,-0.038735962900334875,0.021723728608448494,-0.07826511078476331,0.025275066898334055
2025-01-15,0.008289437450584676,0.029581878686850048,0.006235422218259285,0.025275066898334055,0.1480206511255709,0.023346456468590814,0.11029060160260387,-0.004066362050198243
2025-01-16,0.005590626650331134,0.007431660100326771,-0.004513897126174312,-0.004066362050198243,-0.24960345196035755,0.011945557226501206,-0.1562124185288252,0.010426430329758459
2025-01-17,0.022151464059206497,0.02304952563481112,0.008419930964747533,0.010426430329758459,0.5378111579685698,0.014629594670063629,0.3788585803504034,-0.0012361056698563524
2025-01-21,0.002723401501185623,0.0043491867495258065,-0.008026891339289119,-0.0012361056698563524,-0.004276714906680758,0.012376078088815018,0.3098577005860206,0.04047657131835469
2025-01-22,0.020923095634163596,0.042871676507504126,0.017351505311199927,0.04047657131835469,0.06378543054247918,0.02552017119630442,0.28871219832425554,0.0011422860118214056
2025-01-23,-0.009457427278490952,0.0012318446833483438,-0.010589289312174337,0.0011422860118214056,-0.41340372827629435,0.011821133995522762,-0.2239408711270114,-0.005949912428500173
2025-01-24,-0.003475819036284707,-0.00013431888525953812,-0.011958115373003949,-0.005949912428500173,-0.1677404899590185,0.011823796487744273,-0.3807678436960897,-0.02162566362734452
2025-01-27,-0.046202620048420705,-0.02015395934853303,-0.047406168847401176,-0.02162566362734452,0.8296589501087088,0.02725220949886821,0.44670060773184034,0.028671929825304934
2025-01-28,9.206255414778552e-05,0.03130707874798607,-0.007344635798886138,0.028671929825304934,-0.4170402666022066,0.038651714546872114,-0.04996253536492752,-0.01094976965361887
2025-01-29,-0.001141101953502584,-0.0007158360141528893,-0.015322558147973186,-0.01094976965361887,0.0038110984222578673,0.014606722133820287,-0.02491951228420307,-0.06380177946121203
2025-01-30,-0.05473436252583005,-0.045015059128470744,-0.06822124348176004,-0.06380177946121203,0.8393246698191144,0.023206184353289208,0.8499596982027536,0.00016868218881828487
2025-01-31,0.009568812284963896,0.013641826187367546,-0.00019276195469713654,0.00016868218881828487,-0.46867194753282015,0.013834588142064636,0.11104801921642005,-0.010024501186148569
2025-02-03,-0.008371063422808443,0.0008429109389245924,-0.015539558768913915,-0.010024501186148569,-0.28543355650386215,0.01638246970783869,-0.28928773153269094,0.0035224117227468433
2025-02-04,0.0042981306794591745,0.007274169852818672,-0.0028757926579685536,0.0035224117227468433,-0.22368791634630855,0.010149962510787177,-0.4530801918734004,0.002228553652642857
2025-02-05,-4.847466690809165e-05,0.0035342362796972992,-0.004788713763610786,0.002228553652642857,-0.22980039192508678,0.008322950043308146,-0.6643849378000981,0.006102945528459603
2025-02-06,0.0017164274246151859,0.011810269783291524,0.0017164274246151859,0.006102945528459603,-0.0004229690651997539,0.010093842358676408,-0.6179025774311725,-0.01470527430521973
2025-02-07,0.0015859756961012627,0.0067827421422407665,-0.018740234561467502,-0.01470527430521973,0.33879417101075476,0.025522976703708105,0.012613958703831142,0.006009972752502708
2025-02-10,0.00961800700230025,0.013839101915223723,0.0028513634013703267,0.006009972752502708,-0.09474713160645973,0.010987738513853144,0.022982927317346902,-0.0018939829759721271
2025-02-11,-0.006278429409910733,0.0006547490053825975,-0.007108836702250949,-0.0018939829759721271,-0.13766067333137583,0.0077635857076334995,-0.06571027353711044,-0.005850235738539471
2025-02-12,-0.01033420549298736,-0.0016784504830920867,-0.017332919057292374,-0.005850235738539471,0.05267129558973526,0.015654468574200175,0.011960350971442048,0.0036604154409619377
2025-02-13,-0.004999786219335053,0.004780242834304659,-0.0065735414865181795,0.0036604154409619377,0.22270730248225987,0.01135378432082261,0.20540850778108607,-0.005152864048149743
2025-02-14,-0.006721030133404821,-0.003978295218373878,-0.011415825661822466,-0.005152864048149743,-0.048592416297323714,0.0074375304434486185,0.08176288483855361,0.0029582379117886024
2025-02-18,-0.0010533486505805807,0.005298996394960772,-0.004736594066877022,0.0029582379117886024,-0.06046892288512937,0.010035590461837827,0.022518262415861075,0.012445362274001823
2025-02-19,-0.004305735499307447,0.014179762146784161,-0.004869812830052459,0.012445362274001823,0.11833109949335294,0.019049574976836597,0.13508734735734276,0.0032735999366388232
2025-02-20,0.001252968703015207,0.010886374101954433,-0.005390931757131262,0.0032735999366388232,-0.02543031319362302,0.016277305859085777,0.054496563494055246,-0.0192159962389568
2025-02-21,0.0029035053531848054,0.004603290218963764,-0.02000015705416066,-0.0192159962389568,0.1577168510564042,0.024603447273124503,0.17355753879540214,-0.010366848977064679
2025-02-24,0.0007346907718520973,0.002837653708628585,-0.02201860812826245,-0.010366848977064679,-0.04006947178214075,0.024856261836891116,0.10256895883388331,-0.01521417586758777
2025-02-25,-0.007204089968200509,-0.005161780712398584,-0.01823451966942341,-0.01521417586758777,0.10554806637458539,0.013072738957024797,0.17770168888393292,0.004588644583723896
2025-02-26,0.0002764530395020974,0.014223601508576334,-0.009215476250414625,0.004588644583723896,-0.4040675266143905,0.023439077758990946,-0.28909908117106975,-0.01817638236450026
2025-02-27,0.0038451433826241378,0.014923189627219812,-0.019093893187021416,-0.01817638236450026,0.07407229181893468,0.034017082814241345,-0.18010396680252883,0.01129810254111011
2025-02-28,0.0003311424842298675,0.012908972619306585,-0.01529998118901307,0.01129810254111011,0.44125006208379053,0.02820895380831972,0.2801525252959242,-0.02164366254060546
2025-03-03,0.004599138792372092,0.004599138792372092,-0.027659266018259725,-0.02164366254060546,-0.35599189583076485,0.03225840481063171,-0.11782080007796619,0.0003088280064625973
2025-03-04,-0.013188589621192818,0.010472899592594394,-0.01946802918658976,0.0003088280064625973,0.2432216664921776,0.029940928779184073,0.1523082069473788,0.03143504165884349
2025-03-05,0.00187675613543678,0.03305465708741058,0.0005145538212062662,0.03143504165884349,-0.22490105622964146,0.03254010326620435,-0.07223957640387228,-0.010352072862220509
2025-03-06,-0.016949960277389674,0.002813864194269442,-0.02101626180615245,-0.010352072862220509,-0.005498786794558983,0.02383012600042199,-0.10757325073783408,-0.009061102325628666
2025-03-07,-0.011581349139593071,-0.0052799244765822356,-0.02901422998341559,-0.009061102325628666,-0.05605951263046286,0.023734305506833402,-0.18027263176242192,-0.034005872423448456
2025-03-10,-0.019175332521295524,-0.01772501224823279,-0.041769523931672076,-0.034005872423448456,0.39905907629841636,0.024044511683439324,0.304286637528415,0.0007625683410021471
2025-03-11,-0.0030560212848729017,0.015245143097531586,-0.008585784493378134,0.0007625683410021471,-0.07785924922215295,0.023830927590909635,0.14837676736468222,0.007384878274960864
2025-03-12,0.006549669523606259,0.012459808116621592,-0.003950492237488351,0.007384878274960864,-0.2252260204508366,0.016410300354109772,-0.08473909990283676,-0.011810541278580814
2025-03-13,-0.00028700691092085873,0.005334503914306472,-0.015301531056838635,-0.011810541278580814,-0.16945811510315162,0.02063603497114499,-0.260394254755087,0.02551846004959235
2025-03-14,0.002663002778351785,0.029807205331812064,0.0019518409771626727,0.02551846004959235,-0.025737460505639097,0.02785536435464937,-0.2645808891290115,0.00036027750866593575
2025-03-17,-0.004798361573835643,0.010623812477956405,-0.007724813878579235,0.00036027750866593575,0.1190029497903796,0.01834862635653553,-0.12943601641027727,-0.01341612722290305
2025-03-18,-0.004202295114532328,-0.0034275732328444106,-0.019746045367602886,-0.01341612722290305,-0.14262998921256403,0.01631847213475857,-0.187546445234602,0.011149591300048927
2025-03-19,0.0052272657808241085,0.015934128662780326,0.0012508105476900999,0.011149591300048927,-0.015587659555685493,0.01468331811509026,-0.10587160444019363,-0.002530171958052154
2025-03-20,-0.0053777912750349105,0.010184670428449527,-0.011775543950105096,-0.002530171958052154,-0.037979920616369386,0.021960214378554697,-0.09516005201083529,0.011361164210557892
2025-03-21,-0.009401921395096054,0.012587168115720124,-0.010498533692031107,0.011361164210557892,0.7645690856946433,0.02308570180775119,0.689320948499314,0.004640793741324692
2025-03-24,0.010525569707618336,0.010525569707618336,-0.0037128909296296544,0.004640793741324692,-0.6360072499834022,0.01423846063724791,-0.12740887713057533,0.005277636109766131
2025-03-25,0.002134757749637208,0.008309732899375491,-0.0011199205038176059,0.005277636109766131,-0.28631029205452757,0.00942965340319318,-0.4013217236669484,-0.013220939225396054
2025-03-26,-0.00040499054256043786,0.0003795056056598744,-0.01681740283713745,-0.013220939225396054,0.02091446663503771,0.017196908442797355,-0.3483963767382888,0.0015629632573889317
2025-03-27,0.0004102132113863718,0.005804056227625789,-0.006612081000464701,0.0015629632573889317,-0.15708097858031458,0.012416137228090367,-0.47814135367179195,-0.03062445038928374
2025-03-28,-0.006421310139143467,-0.003719288906960087,-0.03557330509147674,-0.03062445038928374,0.4519138033785536,0.03185401618451677,0.01705850383746022,-0.009042804519401848
2025-03-31,-0.016663891544610752,-0.004577463057506419,-0.030992770402835268,-0.009042804519401848,0.486437629160944,0.026415307345328903,0.6894597680670055,0.0179523489729516
2025-04-01,-0.0019732840479169036,0.019677758934458407,-0.005770643536668835,0.0179523489729516,-0.580525830293699,0.02544840247112725,-0.04001640843519916,-0.00013080159596607922
2025-04-02,-0.011103042919663514,0.007533196499837577,-0.014681164947271237,-0.00013080159596607922,-0.2017259597275924,0.02221436144710879,-0.2792332981617584,-0.023913828870588766
2025-04-03,-0.019421180032901855,-0.012269455686445378,-0.03404235144420984,-0.023913828870588766,0.6294161580220717,0.021772895757764428,0.3503313930948976,-0.03621376503942992
2025-04-04,-0.024362282930301536,0.003958841662482031,-0.037214669721491275,-0.03621376503942992,0.4883191257462489,0.04117351138397334,0.6950017784610389,-0.005517670503672042
2025-04-07,-0.02521517944847404,0.030542584573478734,-0.0427239172022048,-0.005517670503672042,0.024392261071748602,0.07326650177568367,0.5167948169939918,-0.009264230297155287
2025-04-08,0.028647429427078035,0.043177706511167514,-0.0214946223131679,-0.009264230297155287,-0.34061645906125865,0.0646723288243354,0.07964271965390717,0.09652475851545067
2025-04-09,-0.002880919955787937,0.10351713311794007,-0.0041262570132726386,0.09652475851545067,0.3361384258051923,0.10764339013121285,0.32257058482966366,-0.023684731133308958
2025-04-10,-0.02182467780318613,-0.017020249640539987,-0.05986305676767756,-0.023684731133308958,-0.2777809916560459,0.04284280712713755,-0.12715631379531736,0.018446888206132953
2025-04-11,-0.0018635195769188706,0.022557300122983223,-0.006471640465456779,0.018446888206132953,-0.4668967743410444,0.029028940588440078,-0.6296613843058534,-0.0016489701528046637
2025-04-14,0.012204761962318093,0.015834787867365564,-0.010975236955551942,-0.0016489701528046637,-0.2137578881338993,0.02681002482291753,-0.7230581368848421,-0.0053778513387205094
2025-04-15,0.00180341196967079,0.010465702876933734,-0.00945638066288481,-0.0053778513387205094,-0.11266982660420165,0.01992208353981878,-0.6647499311420187,-0.03729279351450743
2025-04-16,-0.013204777978996713,-0.010738565034255748,-0.04705473316094761,-0.03729279351450743,0.24467417498366126,0.0363161681266919,-0.3016662659716874,-0.010359947821776285
2025-04-17,0.005742246889524972,0.007266188309320746,-0.012782762282542803,-0.010359947821776285,-0.03934781634248601,0.020048950591863603,-0.13017530181541728,-0.02382834911652242
2025-04-21,-0.01357806629349708,-0.009013219592306167,-0.03348155757929063,-0.02382834911652242,-0.014926041817054002,0.024468337986984553,0.006346723661049802,0.02121470361260636
2025-04-22,0.011792551234429674,0.023801132025116634,0.0020584453413651353,0.02121470361260636,-0.06565894788246657,0.021742686683751615,-0.029545348934609212,0.02042678948149085
2025-04-23,0.0248774141455839,0.03632579622724366,0.016760723567238442,0.02042678948149085,0.05299700007017597,0.019565072660005237,0.021124432086215186,0.03390148103125302
2025-04-24,0.003492911100185883,0.03686641885023418,0.0021344968608113927,0.03390148103125302,0.07890424755092242,0.03473192198942272,0.06730691587776573,0.011679574072604162
2025-04-25,-0.0007748619726407087,0.012470374115684028,-0.0069957059779679155,0.011679574072604162,-0.15851872928980823,0.019466080093652006,-0.09375366521890843,-0.0017624362687747538
2025-04-28,0.0002806428920962421,0.0022686613816881454,-0.013385063651695835,-0.0017624362687747538,-0.13486649624815011,0.015653725033384,-0.20779835970148486,0.007335755866643561
2025-04-29,0.000357805214021404,0.010022220059120393,-0.0019960565799424113,0.007335755866643561,-0.10184559706531918,0.012018276639062795,-0.26732875261466893,0.0030913522462310567
2025-04-30,-0.009536805762348255,0.006627051133009889,-0.024664712367259693,0.0030913522462310567,0.8899305750362859,0.03129176350026957,0.6698165848376724,0.07348608749930068
2025-05-01,0.0868194430606416,0.10036648827196283,0.07231003183704605,0.07348608749930068,0.480241801772794,0.02805645643491678,0.9925614563276661,0.022959610954833645
2025-05-02,0.014793644169076749,0.03247130617165935,0.010732041473522554,0.022959610954833645,-0.6503571249102067,0.021739264698136918,0.052470254798351275,0.002042607023734916
2025-05-05,-0.005552058676076865,0.009648217751970785,-0.007309347811931974,0.002042607023734916,-0.423616391657045,0.016957565563902734,-0.4488057670150445,-0.006578704853397568
2025-05-06,-0.009143634080269622,0.003570200645457207,-0.011529631363848533,-0.006578704853397568,-0.28754137320942114,0.015099832009305625,-0.7586487529297773,9.232812124999763e-05
2025-05-07,0.0012223925480549032,0.011039432767027254,-0.005090157563830029,9.232812124999763e-05,0.4332787726449995,0.0161295903308571,-0.3261770127921112,0.01106126390838072
2025-05-08,0.010513333863212565,0.023535343447078083,0.005316401361250529,0.01106126390838072,0.008378516352591707,0.018218942085827357,-0.23270449012559433,0.0012772211634835239
2025-05-09,0.004167733339077852,0.005848116691043582,-0.005240006262349278,0.0012772211634835239,-0.427196861662653,0.011088122953392811,-0.3866059543698094,0.02371759173744576
2025-05-12,0.016300204560253564,0.023962376246117814,0.0023903843581988926,0.02371759173744576,0.39828732309012904,0.0215719918879191,0.1588344825106691,-0.0002671307093504094
2025-05-13,-0.0032997688289297454,0.003133587678039656,-0.008718895490134897,-0.0002671307093504094,0.03432240380961303,0.01185248316817463,0.16594179958534644,0.008424996004912349
2025-05-14,-0.0022289594805877705,0.010542220250783095,-0.0022289594805877705,0.008424996004912349,-0.17118257972535744,0.012771179731370827,-0.08692637696131499,0.0004193990368412199
2025-05-15,-0.00480246454937208,0.007149722981613239,-0.005557005962886338,0.0004193990368412199,0.09983196674379725,0.012706728944499588,0.04465681403078688,0.002512639934512054
2025-05-16,-0.0023863046269054188,0.002710732316942611,-0.009757675759232854,0.002512639934512054,0.08108343946093452,0.012468408076175296,0.1400974312274948,0.010075224162045317
2025-05-19,-0.007490471201241392,0.011643068978129258,-0.007667955654048836,0.010075224162045317,-0.11135661037914839,0.019311024632178084,-0.050297508996128906,-0.0015266113122120613
2025-05-20,-0.007173660687283969,-0.0011556761117361596,-0.009965123212664328,-0.0015266113122120613,-0.32334110306325187,0.008809447100928163,-0.36030961585103766,-0.012297860098926876
2025-05-21,-0.007888390318576265,-0.0008516068929760849,-0.013978591518090696,-0.012297860098926876,0.21871198209832832,0.013126984625114748,-0.06486110178552967,0.005047183600010068
2025-05-22,0.005245086142308363,0.01682735662120729,0.0029344325236111955,0.005047183600010068,-0.06399713049262512,0.0138929240975962,-0.12214555956937663,-0.01034216057583132
2025-05-23,-0.010786485344605138,-0.002575496280009739,-0.01316721671812424,-0.01034216057583132,-0.06545615607208775,0.01059172043811446,-0.14787147192004926,0.023077884390173792
2025-05-27,0.013897425016521801,0.023642117210777323,0.013108435567894094,0.023077884390173792,0.2169610650870364,0.010533681642883198,0.14292848637223401,-0.007254575978860634
2025-05-28,0.0011497843294461236,0.0039644046012326135,-0.008195180640002114,-0.007254575978860634,-0.20502090592311129,0.012159585241234665,-0.05810005066295998,0.002881988274595837
2025-05-29,0.009119569060782158,0.009487854463056703,-0.004492294649482392,0.002881988274595837,-0.20102126514146465,0.013980149112539052,-0.27712116367188816,0.003655977078695139
2025-05-30,0.0022648279538090153,0.006519211336367766,-0.00686923601256496,0.003655977078695139,0.9115136184605726,0.013388447348932794,0.6929372545077827,0.003491196270054579
2025-06-02,-0.007019038524132642,0.003794165999870643,-0.007566066517133038,0.003491196270054579,-0.7377715180934568,0.011360232517003686,-0.22096417160467083,0.002162303256406027
2025-06-03,-0.001082907492723161,0.004686305864180623,-0.0024056790971774765,0.002162303256406027,-0.054551171058568146,0.0070919849613581155,-0.2730337098086137,0.0019420702233636999
2025-06-04,0.0022222924190319683,0.005857922141795276,0.00010796616279756879,0.0019420702233636999,-0.10583488892223548,0.005749955978997539,-0.32697590295304096,0.008179955671600535
2025-06-05,0.002347031973573959,0.012383393414056127,0.00034487264737090376,0.008179955671600535,0.35168393909902446,0.012038520766685183,0.05493151684965,0.005756603352123299
2025-06-06,0.005139872241640804,0.012029652896123757,0.0023492869305205026,0.005756603352123299,-0.2753844784108384,0.009680365965603451,-0.2830710497801385,0.005025818484256038
2025-06-09,-0.0014466700323659861,0.006463161903298072,-0.0037486939865805508,0.005025818484256038,0.07462326378257184,0.010211855889878718,0.004859419007901325,-0.003878450814737881
2025-06-10,-0.0033052926558916323,0.00010573273472729379,-0.01232312494207607,-0.003878450814737881,-0.06873312396095214,0.01242885767680347,-0.061960962528967906,0.003603415888088153
2025-06-11,-0.0019130331077685527,0.009615534355975945,-0.002679220260797033,0.003603415888088153,0.0644312045877928,0.012294754616772941,0.006978289480285125,0.013137479019772497
2025-06-12,0.005065212671342102,0.01636907665067034,0.0019024545691497122,0.013137479019772497,0.14460304014378433,0.014466622081520553,0.12448504786382138,-0.008198579660093974
2025-06-13,-0.00515031591989761,0.000647142786623709,-0.01284127083102713,-0.008198579660093974,-0.11959398390153464,0.013488413617650801,0.019109133244450908,0.00876228888160066
2025-06-16,0.0005262216451065094,0.011992004795264837,8.423206304556566e-05,0.00876228888160066,-0.07329901625028955,0.011907772732219324,-0.07255652413192942,-0.002298431979606341
2025-06-17,-0.007836318765797734,-0.0008352287035502592,-0.010616805351714682,-0.002298431979606341,-0.013659918201076978,0.009781576648164323,-0.07612163031858457,0.004591529735112913
2025-06-18,-8.369638213393298e-05,0.006172841232171282,-0.00751713164915489,0.004591529735112913,0.12843134632585432,0.013689972881326192,0.05185050080037892,-0.005931257488882328
2025-06-20,0.0041352428340553984,0.006682605094734981,-0.007042051792159525,-0.005931257488882328,0.7626568499875566,0.013724656886894535,0.8010497656149984,0.017853922780673236
2025-06-23,0.0016952475696054344,0.021448278383400174,-0.010295769721262026,0.017853922780673236,-0.41294989707159846,0.031744048104662,0.18854357617556894,0.00842120191797179
2025-06-24,0.006051635823597072,0.011965180467576,0.0016447121368074337,0.00842120191797179,-0.10858320616855045,0.010320468330768653,0.004683318908277753,0.004397498319015087
2025-06-25,0.003930205548434023,0.00903864762881869,-0.0014700782701123536,0.004397498319015087,-0.242916926294537,0.010508725898930964,-0.2966647054303978,0.010467749437100294
2025-06-26,0.0014413034165344555,0.011653088103830488,0.0010963751296857312,0.010467749437100294,0.20979514368540306,0.010556712974144906,-0.10439763060794228,-0.0030401169859907893
2025-06-27,0.00020095595230945436,0.003712019483692376,-0.008925051932237242,-0.0030401169859907893,0.4703789254909231,0.01263707141592951,0.3327055404907351,0.0029596864846030886
2025-06-30,0.0022155663584661925,0.009672007304478576,-0.0012307765854034376,0.0029596864846030886,-0.19679791120089737,0.01090278388988213,0.16074102087450345,-0.010834330536716862
2025-07-01,-0.0018915819154664924,0.0012858060083310522,-0.013011226929523044,-0.010834330536716862,-0.35229845938964316,0.014297032937854157,-0.22016339131966628,-0.001952909607338549
2025-07-02,-0.004195349733572701,0.002942546337059794,-0.006831483281789044,-0.001952909607338549,-0.20063170087626594,0.009774029618848854,-0.4016226740877667,0.015657992782158143
2025-07-03,0.005523419946681963,0.01824067146199791,0.004773872953499042,0.015657992782158143,-0.1543958139168321,0.013466798508498995,-0.5463307457368656,-0.002247723351275337
2025-07-07,-0.002931064420585927,-0.00018042750722264462,-0.007263072408406699,-0.002247723351275337,-0.0002288460448227437,0.007082644901183972,-0.48160498028327875,-0.0022125360667511434
2025-07-08,-0.0009648850761669102,0.0009639549703300724,-0.0072795375411718434,-0.0022125360667511434,-0.1657012728894676,0.008243492511501782,-0.44681464228258466,0.013778456036404983
2025-07-09,0.0073827578014669945,0.020251845667142665,0.0062628073406228914,0.013778456036404983,0.454314493195621,0.013989038326519597,0.20403418243644258,-0.00403984417404112
2025-07-10,-0.0009140478576545178,0.0018453155978342475,-0.011505649385368705,-0.00403984417404112,-0.12347392140393566,0.013350964983202913,0.09760712637681687,0.0036624171199473167
2025-07-11,-0.006020338657386644,0.007054082878767295,-0.007365382744100851,0.0036624171199473167,-0.0019786602554055454,0.014419465622868203,0.09332472844168015,-0.0005962563756331175
2025-07-14,-0.0035827002159296403,0.001290579636826064,-0.004560188180332167,-0.0005962563756331175,-0.31110813425605016,0.005850767817158177,-0.25026180737639225,0.0055509803547515385
2025-07-15,0.0,0.010441891537502405,-0.00045730401033231406,0.0055509803547515385,0.213390368240126,0.010899195547834733,-0.011728210889281221,-0.00039549989946154556
2025-07-16,-0.0012661023421040372,0.001777695944659471,-0.007799887893459595,-0.00039549989946154556,0.01510586673102971,0.009577583838119207,-0.03660597181416606,0.011953150311644374
2025-07-17,0.00011865432490541536,0.015211433893564129,0.0,0.011953150311644374,0.14408708926673594,0.015211433893564129,0.15310189207065267,-0.003229803471363197
2025-07-18,0.005418104196636221,0.005729115899327433,-0.008379783732731199,-0.003229803471363197,0.192080616106322,0.014108899632058606,0.33180885073506594,1.96248752958896e-05
2025-07-21,-0.006569905228218953,0.003991707089143015,-0.008861814804152211,1.96248752958896e-05,-0.41064121320307007,0.01285352189329514,-0.13937984127199998,-0.009435442949828435
2025-07-22,0.001782521383602368,0.002232565871679396,-0.009435442949828435,-0.009435442949828435,-0.014190119044382804,0.011668008821507994,-0.1781017144119838,0.001186791509299864
2025-07-23,0.00292486721112328,0.003003815342633335,-0.009085774405156523,0.001186791509299864,0.16744670430628986,0.012089589747790078,0.0022028807532775505,0.0098550288938364
2025-07-24,0.005716316799233382,0.01530129302324794,0.002822810879611827,0.0098550288938364,-0.017820036155284796,0.012478482143636106,-0.030688348672587993,0.005524208146873367
2025-07-25,0.0031073770217601047,0.014400150245624653,-0.0010184081727464484,0.005524208146873367,0.17177902024143538,0.015418558418371165,0.15804499511101067,-0.0023582356584324025
2025-07-28,0.0007199819401012451,0.002507953992740541,-0.007012964084186603,-0.0023582356584324025,-0.2902141589532063,0.009520918076926994,-0.10631379332206199,0.0001365903281285725
2025-07-29,0.005894843506069714,0.009940661870780076,-0.0018358352199169072,0.0001365903281285725,0.14067314844973602,0.01177649709069701,0.03133244572079728,0.0013062516587212059
2025-07-30,0.005059608767153308,0.006572583880361134,-0.006125213332394959,0.0013062516587212059,0.47112934032997844,0.012697797212756169,0.4703949053111538,0.03871551774239501
2025-07-31,0.07863885413863445,0.07903506500515002,0.03571199464858057,0.03871551774239501,0.6712355774379916,0.04332307035656945,1.0272728052665308,-0.017757512736699618
2025-08-01,0.0028076761541985617,0.00430186358588695,-0.02397780723359692,-0.017757512736699618,-0.5773337698863429,0.028279670819483817,0.1247076304234686,0.021760762969798668
2025-08-04,0.007905995607784745,0.026621578239363945,0.007640916762609642,0.021760762969798668,-0.1337838362007798,0.018980661476754233,-0.08328140272720784,-0.014839634246477301
2025-08-05,0.0028708992646414647,0.0030942540406588724,-0.015806486652805034,-0.014839634246477301,-0.27930926420727037,0.018900740693463793,-0.4396915088949869,-0.005338711731372667
2025-08-06,0.005951038847373906,0.007456756740356592,-0.007073696230954385,-0.005338711731372667,0.10788866564473547,0.014530452971311003,-0.3498019664780316,-0.007841030574691097
2025-08-07,0.003536971700027308,0.005982799582893967,-0.01417785975348576,-0.007841030574691097,-0.2837983909296402,0.020160659336379665,-0.5998706176313623,0.002301226786973777
2025-08-08,0.0033733619476072063,0.007307438139415171,-0.0027494440986394523,0.002301226786973777,-0.03468226544730539,0.010056882238054584,-0.3566504764447627,-0.0005172560192836209
2025-08-11,0.0004979408612273482,0.01057534660350699,-0.004454022565303611,-0.0005172560192836209,0.26256731166180397,0.015029369168810536,0.03513036958870548,0.014215081531986248
2025-08-12,0.003787556046291008,0.01749740377571791,0.0017807938826192688,0.014215081531986248,-0.07864807919921822,0.01571660989309856,0.010806560601415716,-0.01649838928198104
2025-08-13,0.00540821063459658,0.006516440116306073,-0.018825467515559167,-0.01649838928198104,0.04975141953577197,0.025341907631865234,0.06603804098466973,0.0036430607725255215
2025-08-14,0.003796197670027098,0.010262566954711054,-0.0008455731689682815,0.0036430607725255215,0.032588880299933676,0.011108140123679305,0.11771853067933352,-0.004431019842240026
2025-08-15,0.0005549659314882505,0.00690459411842796,-0.006528621420224967,-0.004431019842240026,0.21827407418328343,0.01343321553865292,0.2905330427707761,-0.005919416181598485
2025-08-18,0.0027262417668712387,0.0050816022041128275,-0.011893435169278146,-0.005919416181598485,-0.0593428863685916,0.016975037373390928,0.13343159252524098,-0.014276610136314975
2025-08-19,-0.004069331525012727,-0.0037587522946260447,-0.016672717120744758,-0.014276610136314975,-0.10085992320901731,0.01291396482611858,-0.0011557026645732838,-0.00797646319494437
2025-08-20,0.0001961596355433203,0.0024099681512705575,-0.010510714124925246,-0.00797646319494437,0.25509357008217337,0.012920682276195933,0.2281047973155518,-0.002930833019652575
2025-08-21,-0.004022154543073301,0.003769686509996919,-0.0059498013620362345,-0.002930833019652575,-0.4075612326715291,0.009719487872033174,-0.25032652980521847,0.005912245460434202
2025-08-22,1.9850996484438864e-05,0.012788770503393377,-0.0036357991342548988,0.005912245460434202,0.27677057865342936,0.016424569637648323,0.041978576418725926,-0.005872543861519689
2025-08-25,-0.0011836075280043427,0.0018908269059089223,-0.00615024601479391,-0.005872543861519689,-0.11699298267968712,0.008041072920702743,-0.06736136806894832,-0.00441221262410547
2025-08-26,0.000198242324659311,0.0014268188499216188,-0.011468358465892513,-0.00441221262410547,0.3541943527851512,0.012895177315814042,0.30533861130984474,0.009318217456834952
2025-08-27,-7.969512091664001e-05,0.01040303420811192,-0.004271748602594396,0.009318217456834952,-0.5792448814483444,0.014674782810706303,-0.3530319949065107,0.005706590586414439
2025-08-28,0.0006904631389019187,0.008547660505319523,-0.0024499938089546486,0.005706590586414439,0.04180982101108955,0.010997654314274167,-0.22245235576720213,-0.005805241294150553
2025-08-29,-0.0019247987258610981,-7.850662087017044e-05,-0.010156624221652663,-0.005805241294150553,0.15145414319314673,0.010078117600782496,-0.06718985782734244,-0.0031033664187017605
2025-09-02,-0.012351722223773063,-0.0013627122742790733,-0.01969172723474591,-0.0031033664187017605,-0.14523448813161863,0.01832901496046688,-0.18196661001845055,0.0004552554554274025
2025-09-03,-0.002636483606739571,0.005271977968860155,-0.005558633756406212,0.0004552554554274025,-0.10352954604926874,0.010830611725266372,-0.2526759208912281,0.005171122521180104
2025-09-04,-0.002079965721682723,0.00552539697405716,-0.004362946349736597,0.005171122521180104,-0.052475418833846044,0.00988834332379381,-0.15697757206511073,-0.025864630550960076
2025-09-05,0.0021631529206433417,0.00784363883750212,-0.031191936658739153,-0.025864630550960076,0.7241206501926353,0.03903557549624124,0.5868267197309652,0.006443864761660253
2025-09-08,0.006263144190885298,0.012447484808831847,6.060175821554403e-05,0.006443864761660253,-0.6459221852456803,0.012386883050616212,-0.20504746299709636,0.0004214114946509792
2025-09-09,0.006462374466375852,0.008096376364693268,-0.0010041169389560013,0.0004214114946509792,-0.15169409681372487,0.009100493303649416,-0.3151801811484571,0.003924776173786173
2025-09-10,0.009127390895294404,0.009624305057715677,-0.003396549310836452,0.003924776173786173,0.4052823542851513,0.013020854368552198,0.12847527238317522,0.0012782654585939373
2025-09-11,0.003750188696256191,0.005580296854499192,-0.004988721058803341,0.0012782654585939373,-0.13505155893156995,0.010569017913302513,-0.060515951142804045,0.01758853563370372
2025-09-12,0.011194337390136132,0.02277216295575468,0.005652536382785119,0.01758853563370372,0.22411333767726815,0.01711962657296956,0.1305292694675091,0.01065104106810413
2025-09-15,-0.0021792415517726633,0.010864432910927237,-0.005703612499902054,0.01065104106810413,-0.3206646483523272,0.016568045410829197,-0.10595320737367907,-0.012339041448306167
2025-09-16,0.0029450915374249903,0.0036219549354321433,-0.013203792170549579,-0.012339041448306167,0.13958592207200515,0.01682574710598166,0.02972848064617582,0.0019233033838724689
2025-09-17,0.0030990483712611577,0.004410344906847706,-0.006128310390959005,0.0019233033838724689,-0.2201624928704681,0.010538655297806768,-0.24436512410906575,-0.0030830128492876055
2025-09-18,0.002878096671179514,0.00596238328425051,-0.0046379797165864356,-0.0030830128492876055,0.17882650578491757,0.010600363000836915,-0.006432788287952376,0.018473177605975246
2025-09-19,0.004141251502644768,0.021114821098101134,0.0036514731641819195,0.018473177605975246,1.0204331873345762,0.01746334793391923,1.013663195927924,-0.006741691301310221
2025-09-22,-0.004528155767378355,-0.0003669169651976916,-0.010461369974170475,-0.006741691301310221,-0.9641225490603247,0.010094453008972843,-0.21513104769713515,-0.010198590081382294
2025-09-23,-0.001264331632682795,0.0002721267277979847,-0.013976140782373228,-0.010198590081382294,-0.01053542999877016,0.0142482675101711,-0.24850144011306344,0.0018049856884044912
2025-09-24,0.002255753408114551,0.006361845280853058,-0.004546575766024869,0.0018049856884044912,-0.38047886430761246,0.010908421046877866,-0.62967102178211,-0.006134617126464896
2025-09-25,-0.003632987719705327,-0.00027443563996915206,-0.01006713717848799,-0.006134617126464896,0.15397227325086646,0.009792701538518779,-0.4575615512058594,0.008699193227659165
2025-09-26,0.0059581900401241145,0.013536360843683261,-0.0008089650016037606,0.008699193227659165,0.026664413019397537,0.014345325845287126,-0.4055058151023101,0.0061204881464977014
2025-09-29,7.822113333159954e-05,0.010483285519880297,-0.005057122292586787,0.0061204881464977014,0.08309019715795693,0.015540407812467039,0.031678610367360666,0.006488883667235785
2025-09-30,-0.002646299405434254,0.006894170641287601,-0.009646008488782713,0.006488883667235785,0.11313932964886945,0.016540179130070304,0.17324054126039,0.0033922699061862192
2025-10-01,-0.006100284062293696,0.004930382855903174,-0.012159758381538724,0.0033922699061862192,0.13732900523304808,0.017090141237441882,0.31143066938329067,-0.007668262389025225
2025-10-02,-0.003990957726296571,0.0036299578280712575,-0.017527849368209742,-0.007668262389025225,-0.06429730210554539,0.021157807196281027,0.14297036900638802,0.003116837271103489
2025-10-03,0.0026334885995046957,0.009167913222983196,-0.0014358429255079334,0.003116837271103489,-0.3395718055976151,0.010603756148491301,-0.25402612291066184,0.02145567986696715
2025-10-06,0.00243254649688229,0.026098991130731188,0.0016417108242637569,0.02145567986696715,0.3473490880313099,0.024457280306467315,0.10468748634629968,-0.008721782348419641
2025-10-07,-0.0005299269672605474,0.002324293069825012,-0.013581040956017223,-0.008721782348419641,-0.3807959867666766,0.01590533402584217,-0.31451283538883423,0.0016589825866437171
2025-10-08,-0.0013367287389440127,0.005652212166495103,-0.0016998936486762877,0.0016589825866437171,-0.08954245629110535,0.007352105815171354,-0.351617201511177,-0.0046788362688960595
2025-10-09,-0.004793692703445123,-0.0009911712809845988,-0.014296144027561044,-0.0046788362688960595,0.31676111307375765,0.013304972746576492,0.06783782237792044,-0.02214233216657916
2025-10-10,-0.005297332379523396,0.0022562441529206186,-0.02474864288862239,-0.02214233216657916,0.2743326077303026,0.02700488704154315,0.37634425199803784,0.006029220711885203
2025-10-13,0.0106096790842276,0.0106096790842276,0.001408122801464391,0.006029220711885203,-0.5244593162387969,0.009201556282763179,-0.25150607467647146,-0.0009341595257690227
2025-10-14,-0.007458887260405269,0.002389985852908271,-0.015783843954483668,-0.0009341595257690227,0.027624864511944815,0.018173829807391965,-0.14337329709569258,-0.0002726672819960085
2025-10-15,0.002702916696845325,0.007023962834998198,-0.006975627997808643,-0.0002726672819960085,0.0007079887289843782,0.013999590832807017,-0.14348040960647346,-0.003551099031847371
2025-10-16,-0.0016568567017702326,0.006638963344045625,-0.010376356472745029,-0.003551099031847371,0.0571909269236322,0.017015319816790758,-0.10186512109381773,0.003843256681145978
2025-10-17,-0.005035971691453599,0.007535880128410043,-0.008440335634576822,0.003843256681145978,0.24442251927700057,0.015976215762986908,0.1754104529649735,0.006230715834924127
2025-10-20,0.00200345967921238,0.009919860807766434,-0.00029215764929857235,0.006230715834924127,-0.3035957154232753,0.01021201845706496,-0.07565150302987717,0.0016820443005928143
2025-10-21,0.0013729652211173576,0.003669846993328237,-0.0072827879061494625,0.0016820443005928143,0.06088129203511524,0.010952634899477802,-0.019580938563111164,0.0055480878554796925
2025-10-22,0.00671935081284779,0.014517620488928119,9.667815061279655e-05,0.0055480878554796925,0.19608798438374522,0.014420942338315307,0.1652223075690867,3.845842228772116e-05
2025-10-23,0.0036817758662271174,0.006529591144555152,-0.003714564717249562,3.845842228772116e-05,-0.3017393979341853,0.010244155861804596,-0.18825700962171585,0.005841953929257315
2025-10-24,0.0042746612672300436,0.00915951016602106,0.00028815660162399755,0.005841953929257315,0.10219367100401147,0.00887135356439691,-0.06774841759755637,0.014993758744934848
2025-10-27,0.015482820644431818,0.020734319399186876,0.010260249305476131,0.014993758744934848,0.1874492544858417,0.010474070093710815,0.17327803996354743,0.019654294732463072
2025-10-28,0.03417741505555702,0.0409182277393862,0.017253222763789097,0.019654294732463072,0.4703765307203492,0.023665004975597044,0.593286861684008,-0.0009597821625894398
2025-10-29,0.005280543436299042,0.007718236862277961,-0.0099000195229214,-0.0009597821625894398,0.18340367331483293,0.01761825638519932,0.6164133863285559,-0.029590522317628123
2025-10-30,-0.020653155498292174,-0.01222475994701668,-0.03653793857214129,-0.029590522317628123,0.12997769933764197,0.024313178625124606,0.5847440396448839,-0.015236478531260754
2025-10-31,0.005916718834481298,0.0067483243186773545,-0.02048384424840996,-0.015236478531260754,-0.18758658048378113,0.02723216856708735,0.1851020726541915,-0.0015074183239374144
2025-11-03,0.003854980602192487,0.013713736176713977,-0.0062378556140133,-0.0015074183239374144,-0.41861788594643456,0.01995159179072725,-0.3563909221471577,-0.005235840547966734
2025-11-04,-0.010245172343693792,-0.0028666882817411066,-0.01793452644111063,-0.005235840547966734,-0.06537702162122595,0.015067838159369665,-0.4442944990646659,-0.014038573139476387
2025-11-05,-0.002004670235258251,0.0009716662574008283,-0.015182884617218376,-0.014038573139476387,0.09399634531340775,0.016154550874619308,-0.29346721980102725,-0.020035317501691973
2025-11-06,-0.002962028960436271,-0.0028829106557473785,-0.022633758983795556,-0.020035317501691973,0.1742300315957065,0.019750848328048107,-0.03128410205514651,-0.000563423178769081
2025-11-07,-0.0003017834009552277,0.004576113384936276,-0.007775080476147193,-0.000563423178769081,-0.13190172131519093,0.012351193861083458,-0.061920065873617466,0.01830886708736277
2025-11-10,0.006460310110736026,0.019987311670360962,0.003977387132981194,0.01830886708736277,0.08311429371910387,0.01600992453737976,0.10257825781259865,0.005282451466600689
2025-11-11,-0.0023743822423784046,0.007089446947559406,-0.007239569229215758,0.005282451466600689,-0.37273275489813146,0.014329016176775221,-0.3013052062415343,0.0048244331871040895
2025-11-12,0.0013358861961877562,0.00586079147883949,-0.018972582734378133,0.0048244331871040895,0.39070713224236825,0.024833374213217723,0.11422126375181624,-0.015476992243604763
2025-11-13,-0.0016251745315203098,0.004606475427442534,-0.01945876095966335,-0.015476992243604763,-0.050226572300890684,0.024065236387106066,0.034479817482651554,0.01359702857204428
2025-11-14,-0.010104721851317973,0.016376519937371527,-0.01169161047918056,0.01359702857204428,0.12036347829231946,0.028068130416552088,0.172472826207598,-0.005286603224290066
2025-11-17,-0.0033966840241416024,0.0037953727738598815,-0.010383387445720952,-0.005286603224290066,-0.40079276664401686,0.014178760219580698,-0.2650358854119602,-0.02736664414833965
2025-11-18,-0.024172038806172386,-0.008926557325023926,-0.041664713918001216,-0.02736664414833965,0.5715961476567611,0.03273815659297732,0.3645327547815104,-0.013599853620500603
2025-11-19,-0.007500878527865644,0.0028311893386826835,-0.022445745883472333,-0.013599853620500603,-0.37480448722945847,0.025276935222155045,-0.13677324017128709,-0.018000594884948012
2025-11-20,0.011410259051134686,0.013154218349053502,-0.02414360729103447,-0.018000594884948012,0.1423922056877009,0.037297825640088066,0.030921842502311385,-0.013276714172975601
2025-11-21,0.00014631650147756467,0.001023702494642042,-0.02146486521462488,-0.013276714172975601,0.17000210022776674,0.022488567709266896,0.1892219070041386,0.003974141476520722
2025-11-24,0.006081623816085409,0.010073632287309486,-0.008722173645347255,0.003974141476520722,0.08016957626157682,0.018795805932656638,0.244869834105154,0.006288184139484632
2025-11-25,0.00014768387103310652,0.010806366356479715,-0.019406471722562345,0.006288184139484632,-0.20575544011295815,0.030212838079042285,-0.06863991589429548,0.017683781896818542
2025-11-26,0.01935076978169379,0.023454939237249717,0.00878750363385775,0.017683781896818542,-0.08606638829386935,0.01466743560339198,-0.11531904945174874,0.013319773606054174
2025-11-28,0.004316122393201245,0.014579107352199928,0.0023658785992229474,0.013319773606054174,-0.5805408461514856,0.012213228752976826,-0.7127948324607144,-0.010768981786818071
2025-12-01,-0.007282417374237512,-0.00437945524589302,-0.01507209299247334,-0.010768981786818071,0.5102485355423901,0.010692637746580339,-0.11412867283589716,0.006675311554056698
2025-12-02,-4.106797166840827e-05,0.013792779322920667,-0.0008632210496559756,0.006675311554056698,-0.20292801233139507,0.014656000372576618,-0.25718444691494674,-0.02535964876263152
2025-12-03,-0.02831547846052909,-0.01182475968815178,-0.030669597368040306,-0.02535964876263152,0.5706653111565203,0.01884483767988848,0.43842790509020935,0.006488824477946213
2025-12-04,0.0042402568734429625,0.007486602444863446,-0.0025990263217887384,0.006488824477946213,-0.4388875139469799,0.010085628766652274,-0.05785575776037216,0.004813302496586745
2025-12-05,0.003487781108547566,0.005309888823173783,-0.004084512519280868,0.004813302496586745,0.01293229885417314,0.00939440134245454,-0.01582549520403563,0.016136968471426146
2025-12-08,0.0035742219830684307,0.018740392651661164,0.0025218633989465057,0.016136968471426146,-0.02884353708841778,0.016218529252714962,-0.11381357273460155,0.0020345059555792527
2025-12-09,-0.003917857763613395,0.0022377414819725835,-0.005145366305162379,0.0020345059555792527,-0.401909098403233,0.007383107787135118,-0.49935378162161026,-0.027737753963508884
2025-12-10,-0.016372457998726456,-0.015918041456473728,-0.035036161101694066,-0.027737753963508884,0.8891415282144471,0.019118119645220276,0.4308143258776375,0.010207678143323889
2025-12-11,-0.0040410709854309555,0.01548875809878666,-0.005657927239869569,0.010207678143323889,-0.3711681787115922,0.021146685338656046,0.04987424840651854,-0.010270365621871403
2025-12-12,-0.007578219087027301,-0.002111954154832894,-0.014857390646332822,-0.010270365621871403,-0.14928802235695146,0.012745436491499843,-0.11925063853715606,-0.007783102028747572
2025-12-15,0.003275525948380983,0.0045660802634723135,-0.012638851471707806,-0.007783102028747572,0.11037566241677225,0.017204931735180035,0.0025572439602848745,0.0033010769728313736
2025-12-16,-0.006147503074490087,0.006444810865047337,-0.008332505418065116,0.0033010769728313736,-0.13623894693975355,0.014777316283112461,-0.14846014004824948,-0.0005669642013516311
2025-12-17,0.0010909242741104618,0.007549226656330023,-0.002922073210965332,-0.0005669642013516311,0.16937851072624294,0.010471299867295437,-0.027908548727324168,0.016373693204499575
2025-12-18,0.0043382351144261155,0.027918830620192167,0.0037106980935674746,0.016373693204499575,0.15269700905321384,0.02420813252662486,0.21804867260011057,0.004000422682315486
2025-12-19,0.006959433401333294,0.007964387816254125,-0.0030834313131457964,0.004000422682315486,0.9078890428923899,0.01104781912939986,1.0925159480157216,-0.0020600723620700385
2025-12-22,0.0004114680270700991,0.005766183294457867,-0.006669398222626884,-0.0020600723620700385,-1.4293342562435294,0.012435581517084793,-0.6856921186518808,0.003972123392512732
2025-12-23,0.00012371905796480806,0.005983000411302505,-0.00037131199543725794,0.003972123392512732,-0.14430327678394242,0.0063543124067397296,-0.7889884242065387,0.002400286146341494
2025-12-24,-0.0024061242196726745,0.00473356184618291,-0.004157793628609472,0.002400286146341494,-0.9192815247191704,0.008891355474792433,-1.6702943098039686,-0.0006354167141099218
2025-12-26,-0.0026879204981102244,0.0002049011524807549,-0.004230067704904189,-0.0006354167141099218,0.4120860144546622,0.004434968857384936,-1.1303654871723634,-0.0012514960509342136
2025-12-29,-0.005860790132018482,0.0013114249979816939,-0.0072642261156953625,-0.0012514960509342136,0.20862138679087086,0.008575651113677167,-0.7661230275068329,0.0007798331494734757
