date,open_ret,high_ret,low_ret,close_ret,volume_ret,range_ret,vol_ratio,target_return
2022-01-04,0.004242984049445914,0.005076082545338646,-0.026753755141850286,-0.010466858035202715,0.3591722306189951,0.031829837687188944,0.3591722306189951,-0.04079384903554375
2022-01-05,0.0014368270691273188,0.002854734078345091,-0.041922184430292546,-0.04079384903554375,-0.05724009606533921,0.04477691850863779,0.10630637278067248,-0.02539372122758879
2022-01-06,-0.023497788888415534,-0.007357142261995826,-0.04599151627156779,-0.02539372122758879,0.3197391782620912,0.03863437400957196,0.3893399980456636,-0.022352090625305732
2022-01-07,-0.006946288245212109,0.0002529987604835753,-0.027614878012585484,-0.022352090625305732,-0.5238008806195159,0.027867876773069056,-0.2468977205911481,-0.002238825314834094
2022-01-10,-0.004761251627251771,0.0048490621307578086,-0.027620767616017523,-0.002238825314834094,0.28225039762418774,0.032469829746775335,0.08009472153895852,0.001832145220309479
2022-01-11,-0.005311837700303105,0.007492436172520828,-0.018282261778155486,0.001832145220309479,-0.37676867137573394,0.02577469795067651,-0.36294674195221505,-0.006715783409180403
2022-01-12,0.0063219333350612176,0.0063219333350612176,-0.016442403409223816,-0.006715783409180403,0.20746471179905346,0.022764336744284977,-0.09418620639237103,-0.03411856618719285
2022-01-13,-0.0002978523334931072,0.006623310600511066,-0.03593064535186306,-0.03411856618719285,0.16684892999918974,0.04255395595237415,0.09017934594513544,0.012422559909598575
2022-01-14,-0.003086419364217248,0.03625695944547429,-0.014198912919313193,0.012422559909598575,0.5633978479127094,0.05045587236478743,0.7159699214306343,-0.028733530027444915
2022-01-18,-0.010729055285356446,-0.007523158698022818,-0.032892554280148645,-0.028733530027444915,-0.48519779273417135,0.025369395582125667,0.021219182615850936,0.009857222437428332
2022-01-19,0.00818874065854965,0.024004736773270443,-0.0005679596585339681,0.009857222437428332,-0.10574863373786232,0.024572696431804524,-0.09932187639896915,-0.014861914923052931
2022-01-20,0.0036571473044237583,0.02068184853190343,-0.017462439792508576,-0.014861914923052931,1.0673883053681579,0.03814428832441204,0.916361830064736,-0.24577853342517517
2022-01-21,-0.23843451610119867,-0.21689160816984615,-0.29082851647879515,-0.24577853342517517,1.5375456684314863,0.07393690830894915,2.1534831502394676,-0.02638271532034211
2022-01-24,-0.0347868141835392,-0.026098587100942178,-0.12309902993261258,-0.02638271532034211,-0.5994237273885908,0.09700044283167042,0.6016045653368698,-0.055032048950988025
2022-01-25,-0.020906650124667348,0.001445416347855324,-0.058558750846663725,-0.055032048950988025,-0.7587670998996895,0.06000416719451909,-0.4011280040416322,-0.018509785184778124
2022-01-26,0.03182804765575044,0.0433666663283596,-0.027109415802701438,-0.018509785184778124,-0.17738190912179622,0.07047608213106107,-0.6657215319910543,0.07237876662419124
2022-01-27,0.060307313245315464,0.09310891132622363,0.049888362579449654,0.07237876662419124,0.6511509383291657,0.04322054874677388,-0.07989324411176926,-0.006069516415828343
2022-01-28,0.00015516042341484602,0.0007755614815098058,-0.03854026142549631,-0.006069516415828343,-0.7093728592253019,0.03931582290700611,-0.8741140521946006,0.1055322099298474
2022-01-31,0.044797789198766494,0.10684239108913651,0.0353747491195726,0.1055322099298474,0.5159850219190821,0.07146764196956402,0.038340352561440166,0.06785599693172287
2022-02-01,0.01353353333430998,0.07080481614824238,-0.003752874050732344,0.06785599693172287,0.11843294704364951,0.07455769019897468,0.2931533870962753,-0.062392623797482616
2022-02-02,-0.019616712202569036,-0.011329869455504685,-0.06940239710088968,-0.062392623797482616,-0.45306624703845355,0.05807252764538498,-0.2444228516285364,-0.05720773177549646
2022-02-03,-0.01889777545964575,-0.0005124525273981511,-0.06046747598059625,-0.05720773177549646,-0.3704112859352685,0.05995502345319813,-0.6328173730329909,0.011204180107208141
2022-02-04,0.004207055419916805,0.017523061323308258,-0.0223383809170361,0.011204180107208141,-0.24024468615684838,0.03986144224034431,-0.7050836668832563,-0.019870875107860727
2022-02-07,0.0,0.0053008518387075935,-0.04136355328563378,-0.019870875107860727,0.055323136389658606,0.04666440512434145,-0.5953226982332482,0.0035500591355934947
2022-02-08,-0.009796606855835598,0.011153686690656575,-0.015715960356120887,0.0035500591355934947,-0.1884988156860327,0.02686964704677734,-0.6115462209929761,0.022930398867197877
2022-02-09,0.012608234765420988,0.023148323496716493,-0.011815847164076285,0.022930398867197877,0.12652959610051187,0.034964170660792764,-0.1965046143412343,-0.01616331297792602
2022-02-10,-0.02648045800279135,-0.01191409343270611,-0.04085831990948339,-0.01616331297792602,0.08834047534106655,0.02894422647677736,0.04302583530470643,-0.03751783817211331
2022-02-11,-0.002316362679352021,0.013058345885124509,-0.046915081239390546,-0.03751783817211331,-0.11178390079792787,0.05997342712451511,-0.032225919091726174,0.01335250997945932
2022-02-14,-0.00955204722974187,0.04509488663786576,-0.011359704384234316,0.01335250997945932,-0.04833914205442861,0.05645459102210024,-0.07463188111342386,0.027090120691492622
2022-02-15,0.01804237292653463,0.03125367857232659,0.011133800062718495,0.027090120691492622,-0.28941452486050684,0.020119878509608082,-0.3371237473014895,-0.02328977227877035
2022-02-16,-0.014660481302234756,-0.014585810913540682,-0.042822151062498315,-0.02328977227877035,-0.021481613290784133,0.028236340148957557,-0.32011457660369835,-0.029081345030161004
2022-02-17,-0.009693100893017297,0.0025840941513787285,-0.03159309907758909,-0.029081345030161004,-0.12250264595731135,0.0341771932289679,-0.372517263338833,0.011877403036827881
2022-02-18,0.015041314090508167,0.04104228685416196,0.006136227337076356,0.011877403036827881,0.37618483014089726,0.034906059517085614,0.12207535488879806,-0.03619640452138373
2022-02-22,-0.005998201964180983,0.0028836951816269695,-0.04781702678230836,-0.03619640452138373,-0.015438258500641571,0.05070072196393535,0.13211480993223984,-0.026638184689745114
2022-02-23,0.014051024712297897,0.02258472006949161,-0.028817611742164944,-0.026638184689745114,-0.3725741452928895,0.05140233181165663,-0.22310974279784124,0.0596091918152765
2022-02-24,-0.03424317850291761,0.0614024068388094,-0.03528567586573551,0.0596091918152765,0.42651641032715604,0.09668808270454494,0.23075517016478447,0.0019723500323079314
2022-02-25,-0.008807202177276818,0.0032253973958522044,-0.037752154962263675,0.0019723500323079314,-0.37843134285899355,0.04097755235811595,-0.20954858286531472,0.009473860554250743
2022-02-28,-0.008918880045720596,0.017627738558022674,-0.02243506943033133,0.009473860554250743,0.03916828155862585,0.04006280798835412,-0.1761389618683103,-0.021210875445568007
2022-03-01,-0.0074289208170556925,0.001215937324235165,-0.02778281078841339,-0.021210875445568007,-0.4254043882364484,0.028998748112648496,-0.5408977030804518,-0.0162087985223079
2022-03-02,0.0069404667257122795,0.007685807059734229,-0.02897308534243348,-0.0162087985223079,0.4873576439388872,0.03665889240216757,0.0749469417644271,-0.03197703769504173
2022-03-03,0.015587176325277433,0.01589803572556139,-0.041312159994266046,-0.03197703769504173,0.12611145976286534,0.05721019571982766,0.1716168142581413,-0.01737502945080488
2022-03-04,-0.00019019847708875754,0.01817275329572595,-0.030061283488089154,-0.01737502945080488,-0.1319716377347464,0.048234036783815125,0.07917368345040139,-0.032222322737572154
2022-03-07,-0.0036558040051312864,0.0007461464382822048,-0.03239365353992016,-0.032222322737572154,0.06943217034301562,0.03313979997820224,0.12912656117104934,-0.02456706579081704
2022-03-08,-0.001314214227530472,0.024256620779906857,-0.02776145752644643,-0.02456706579081704,0.11883356627091012,0.05201807830635347,0.22146887677516466,0.04862860626160211
2022-03-09,0.045558019706483426,0.06342975136853116,0.02528050136487668,0.04862860626160211,0.01413270979971472,0.03814925000365436,0.1206328641650014,-0.005646039921492265
2022-03-10,-0.00724496332720681,0.02267902913969184,-0.015419698004086995,-0.005646039921492265,-0.30466545128478106,0.03809872714377893,-0.22350456605235655,-0.047204868883098196
2022-03-11,0.012312857028294539,0.018302773768521182,-0.048145646664677584,-0.047204868883098196,0.002513581929379546,0.06644842043319875,-0.17785785158314218,-0.027737756439378494
2022-03-14,-0.004712539352976493,0.0029340573824930675,-0.031339391480432764,-0.027737756439378494,0.2035203307332847,0.03427344886292586,0.043379795331588554,0.037766010028373084
2022-03-15,0.012280305702320903,0.04243869197096931,0.0040700816807899476,0.037766010028373084,-0.07871483786337923,0.038368610290179406,-0.042359982729441185,0.03930457962382489
2022-03-16,0.012862369588925629,0.04616161956500011,-0.002009297115659646,0.03930457962382489,0.24584834500796682,0.048170916680659745,0.23806637491946964,0.0380604038801931
2022-03-17,0.006051156033672376,0.04318997939763893,-0.007439553680590511,0.0380604038801931,-0.18239889598218953,0.050629533078229254,0.039006103043414043,0.024469358459514593
2022-03-18,0.0016142422974723017,0.02761728679992775,-0.007920331982763729,0.024469358459514593,0.3582308886988967,0.03553761878269162,0.36175702672434595,-0.0159169062084453
2022-03-21,-0.006801935916842764,0.0032002816412808393,-0.0311149344542992,-0.0159169062084453,-0.5368640186694907,0.03431521609558004,-0.28924255158904694,0.021994000560463613
2022-03-22,-0.009252777577505497,0.031713678639623336,-0.021124437333857653,0.021994000560463613,-0.13715156423523311,0.05283811597348105,-0.3938234889346617,-0.022260949924117774
2022-03-23,-0.008260247639844854,-0.0012020549517216864,-0.022260949924117774,-0.022260949924117774,-0.1290833274524944,0.021058894972396134,-0.483418872663753,0.0032524110917200046
2022-03-24,0.013974384676144265,0.013974384676144265,-0.015039547314761004,0.0032524110917200046,0.04188337795617728,0.029013931990905024,-0.3276863481354971,-0.004962943914808736
2022-03-25,0.003613319564951053,0.005123812784155921,-0.025009996811908415,-0.004962943914808736,-0.0841981729280915,0.03013380959606439,-0.3376744790877473,0.012387936015198284
2022-03-28,0.0036845370237744094,0.017053217731692973,-0.01922871091999145,0.012387936015198284,0.19021682351704589,0.03628192865168443,0.06279511876974242,0.03455999184501259
2022-03-29,0.015415102189369251,0.04643354099428311,0.004796783223660133,0.03455999184501259,0.3076336727021623,0.04163675777062295,0.3975451198249953,-0.02677033653623149
2022-03-30,-0.0058102566281144075,0.00224344283145644,-0.03424308287468817,-0.02677033653623149,-0.3795733410411106,0.03648652570614467,-0.06166828859191239,-0.018200109137236433
2022-03-31,0.00554211020665643,0.0066103984510509466,-0.02081971964768739,-0.018200109137236433,0.027312313050239744,0.027430118098738368,-0.048017079459722875,-0.0029944014055201845
2022-04-01,0.005882466065484493,0.01662607209159989,-0.016391414514318244,-0.0029944014055201845,0.11620435477734693,0.03301748660591827,0.05690056692106978,0.047147871075704305
2022-04-04,0.00021416883704682442,0.05862706175297242,-0.0009108062991822497,0.047147871075704305,0.41054812962644444,0.05953786805215471,0.41983707982569934,-0.02941965878715256
2022-04-05,-0.005635291950552354,-0.0038388152823604638,-0.03691845036993097,-0.02941965878715256,-0.5029020014773816,0.03307963508757049,-0.1931923140685494,-0.031532347344899056
2022-04-06,-0.01590908462300607,-0.009727549851686822,-0.04690717257652164,-0.031532347344899056,0.028036390548801776,0.03717962272483485,-0.09891715135122069,-0.016975053419276732
2022-04-07,-0.009136194691509487,0.0005157081169146514,-0.04061273967777784,-0.016975053419276732,0.12786368173504173,0.04112844779469241,0.015246271062937763,-0.01746486431965812
2022-04-08,-0.0005248099791571775,0.0009659794400052838,-0.020306983388409302,-0.01746486431965812,-0.20659073058631897,0.02127296282841447,-0.22420827297818596,-0.02239117268413953
2022-04-11,-0.016660476051606764,-0.003095733410426437,-0.030469658064968565,-0.02239117268413953,-0.06361807965802084,0.027373924654542164,-0.2629404461903748,-0.011270149481897303
2022-04-12,0.022475420903883016,0.03226139290713894,-0.016661038266121118,-0.011270149481897303,0.012418924575791784,0.048922431173260124,-0.10979800526312479,0.018228642566023603
2022-04-13,-0.0005232858723388113,0.022698888903483917,-0.008580699820735983,0.018228642566023603,-0.16858375715245083,0.03127958872421987,-0.25897304832228696,-0.02689734504680019
2022-04-14,0.001482847024198666,0.00447024633746032,-0.030627181033202132,-0.02689734504680019,0.2959578542137223,0.03509742737066245,0.09217728683442908,-0.009632018168675134
2022-04-18,-0.003317988278045545,0.003599210907933493,-0.02827390854558297,-0.009632018168675134,0.16147091056054538,0.03187311945351653,0.28467517100861767,0.031322232878982136
2022-04-19,-0.013828697347237344,0.040090062669306044,-0.013828697347237344,0.031322232878982136,1.4098587964094191,0.053918760016543256,1.6398228118901028,-0.43257848949508765
2022-04-20,-0.351879597867512,-0.33770643604439227,-0.494964800366758,-0.43257848949508765,1.8531791779166351,0.15725836432236562,2.8807315595533547,-0.03587157980163922
2022-04-21,-0.027747784751110446,0.0065657878237979335,-0.0670557542412998,-0.03587157980163922,-0.9135468659458581,0.07362154206509786,0.4713101629671011,-0.012450036515782656
2022-04-22,0.00894162640109511,0.03622526090258907,-0.03815819364042476,-0.012450036515782656,-0.35496804140225935,0.074383454543014,-0.14684339727226234,-0.026374884433083123
2022-04-25,-0.007965920339682193,0.005275606633934566,-0.052436830297642616,-0.026374884433083123,-0.28712511857528183,0.05771243693157706,-0.5760676218301882,-0.056393627811272634
2022-04-26,-0.0053020145376545405,-0.0036270886910409602,-0.056998701834938444,-0.056393627811272634,-0.3261062856177764,0.053371613143897406,-0.9902166681911222,-0.050975011717811616
2022-04-27,-0.022375546391277975,0.008981668071223954,-0.055067370183281755,-0.050975011717811616,0.09300281261156769,0.06404903825450572,-0.8950584101425004,0.056604274282795505
2022-04-28,0.015890891819512275,0.06637996564831974,-0.015716399246438938,0.056604274282795505,-0.04284511140780588,0.08209636489475867,-0.4151618014495065,-0.04699748572623683
2022-04-29,-0.004218973331511935,0.02567991114281866,-0.04889039294619194,-0.04699748572623683,-0.26488250522412643,0.07457030408901053,-0.4585886070291169,0.04669669275300152
2022-05-02,0.007066809477662204,0.05044983173033153,-0.0018403059358690914,0.04669669275300152,-0.11634128970559258,0.05229013766620063,-0.39708372773939965,0.0020534586430653525
2022-05-03,-0.00588304266764493,0.018577028552390788,-0.02379433371265885,0.0020534586430653525,-0.2090130681794218,0.04237136226504969,-0.47261858320273137,0.020501835849593895
2022-05-04,-0.011169371914236958,0.022313861968950292,-0.04534135686678872,0.020501835849593895,0.03154279675274948,0.06765521883573901,-0.3475515454468293,-0.08002628422172568
2022-05-05,-0.01760412373145263,-0.016307929028175034,-0.09242227240377593,-0.08002628422172568,0.13402947624024988,0.07611434337560086,-0.08960369231826772,-0.03981140398693252
2022-05-06,-0.00837189924496878,-0.005911665121440618,-0.06873885153413649,-0.03981140398693252,0.2070607795305254,0.06282718641269591,0.21920902480553608,-0.04446184708782946
2022-05-09,-0.018459624990971285,0.012247157164519181,-0.04909416145138805,-0.04446184708782946,-0.20277545660908716,0.06134131861590729,0.004999899672539147,0.02600222209685815
2022-05-10,0.01667137074006238,0.04942272991120903,-0.014723708194804876,0.02600222209685815,-0.010560652972257063,0.06414643810601403,0.002498093835261595,-0.06565748203293621
2022-05-11,-0.008876467913930167,0.018183238892381423,-0.07059837099916247,-0.06565748203293621,-0.09184813388514111,0.08878160989154396,-0.11844761284953943,0.04662113782712058
2022-05-12,-0.014591681341245371,0.06520700755865676,-0.022244701869051753,0.04662113782712058,0.33253933935036173,0.08745170942770857,0.2078453899031491,0.07368992098682065
2022-05-13,0.016217947440542828,0.07438252313775556,0.00970549284901986,0.07368992098682065,-0.2960417104518045,0.06467703028873564,-0.13836523327379943,-0.006040423163550769
2022-05-16,0.029718152059888217,0.04302808281938398,-0.010392778282623907,-0.006040423163550769,0.20623101375851322,0.05342086110200795,0.12304320723564355,0.0214822857513172
2022-05-17,0.014161264954231345,0.025880640086130436,-0.007210474281654228,0.0214822857513172,-0.4914319563407564,0.03309111436778464,-0.39757108193322094,-0.07274449737565275
2022-05-18,-0.020356876859303874,-0.01512212481473268,-0.07795013648400365,-0.07274449737565275,-0.02160525746714225,0.06282801166927103,-0.3631084340220091,0.034883051023675685
2022-05-19,0.0048418314440875415,0.05013563714053251,-0.008387735280614643,0.034883051023675685,0.07788523703567586,0.05852337242114712,-0.24109054707180902,0.0155209917643637
2022-05-20,0.012941852430423435,0.035917878715081335,-0.020427430278311558,0.0155209917643637,-0.001829686446290697,0.05634530899339284,-0.12807205282437273,0.005832128313781111
2022-05-23,-0.0010738501844640804,0.007005216496575497,-0.04646128134564966,0.005832128313781111,-0.08265733088297646,0.05346649784222522,-0.1639846325846561,-0.03861478645073169
2022-05-24,-0.029452037524867143,-0.018523029644476545,-0.056349096306647126,-0.03861478645073169,-0.21992025764747175,0.03782606666217055,-0.26097784199393526,0.04069336872173031
2022-05-25,-0.0003327890193837594,0.04621492158682848,-0.0009431194332332825,0.04069336872173031,0.10061163688225988,0.04715804102006186,-0.11601012275202521,0.0188280983376468
2022-05-26,-0.007159721448750924,0.02372725161906061,-0.025559512734493434,0.0188280983376468,-0.05700312035047132,0.04928676435355407,-0.14882643859308617,0.01960794990578292
2022-05-27,0.009308726111737801,0.019915322052236218,-0.005395865746429318,0.01960794990578292,0.06447330080930351,0.025311187798665483,-0.03163498931093957,0.011461317404904697
2022-05-31,0.005059209655919966,0.024093980229149305,-0.022747642020288564,0.011461317404904697,0.2833487979934433,0.04684162224943794,0.29420650521452585,-0.023210936557434572
2022-06-01,0.006361477353230853,0.026489663792421736,-0.029711726417806592,-0.023210936557434572,-0.3033233478242686,0.056201390210228214,-0.05055052198674381,0.06122516724656177
2022-06-02,-0.004624262096040612,0.06307630306706916,-0.00618775743030287,0.06122516724656177,0.13400803811844442,0.06926406049737209,0.06754873151711821,-0.030244591926690427
2022-06-03,-0.024431826517184972,-0.010489298085716869,-0.03492940565291926,-0.030244591926690427,-0.2912249699836444,0.024440107567202475,-0.24786288775033144,-0.009290181361532103
2022-06-06,0.015508771405794833,0.02427813994382669,-0.018257967511524448,-0.009290181361532103,-0.2917412094453526,0.04253610745535122,-0.5208039689418518,0.007428934042166937
2022-06-07,-0.011581527322375324,0.012401146167609628,-0.021224022467306328,0.007428934042166937,-0.10438886905398494,0.03362516863491609,-0.5514583907547517,0.021025130529136755
2022-06-08,-0.00332862847747387,0.04320979518627907,-0.004895914994465664,0.021025130529136755,0.4033759348467643,0.0481057101807447,0.02171077041080433,-0.05087044583993758
2022-06-09,-0.010806113083650072,-0.005636340245486554,-0.052064327120626815,-0.05087044583993758,-0.04158958012158016,0.04642798687514024,0.013750750965780574,-0.05233952614722732
2022-06-10,-0.05398079169330394,-0.03650406463531707,-0.06382988279848424,-0.05233952614722732,0.6313850578109292,0.027325818163167207,0.726377544524824,-0.07518502953399364
2022-06-13,-0.032613088444255006,-0.021269769494674257,-0.07949626932649564,-0.07518502953399364,-0.24540143127717784,0.058226499831821286,0.31047335290527506,-0.012751123470475963
2022-06-14,0.00035355401945407725,0.013869981941395645,-0.03240097645476657,-0.012751123470475963,0.12256281531004747,0.046270958396162354,0.31130815346678636,0.07234564613659925
2022-06-15,0.01021391797914095,0.0928981087753417,0.005891702093615858,0.07234564613659925,0.07022963374951258,0.08700640668172584,0.23424887288791663,-0.03825513824069365
2022-06-16,-0.03451248026693642,-0.021550801246677267,-0.04863468990451075,-0.03825513824069365,-0.4130811616355249,0.027083888657833326,-0.278734427260183,0.012383435928862273
2022-06-17,0.001614029131027347,0.035697902735924096,-5.765673776690412e-05,0.012383435928862273,0.3916693021750081,0.03575555947369088,0.09008771556517797,-0.026558976298387927
2022-06-21,0.01183778819947402,0.01756456167333873,-0.033074808327831086,-0.026558976298387927,0.0036362180660050245,0.05063937000116972,0.11068129273209278,0.04563400944354384
2022-06-22,-0.0009365358151336466,0.06736496074284058,-0.004162835912792164,0.04563400944354384,-0.015325082716597882,0.07152779665563276,0.06011484550048976,0.01564089523799863
2022-06-23,0.008959647113578783,0.0214026773744042,-0.017026008716292042,0.01564089523799863,-0.2289683274016481,0.03842868609069633,-0.17656494249447835,0.04907574759095418
2022-06-24,0.0098027046539248,0.05085568722982181,0.0007151967541795805,0.04907574759095418,0.26432529743364186,0.050140490475642355,0.13928982267571888,-0.009000273028455826
2022-06-27,0.004809008452274368,0.0048611242492106925,-0.04534046207564108,-0.009000273028455826,-0.3957052603533853,0.05020158632485184,-0.33164912982250033,-0.05175535329955142
2022-06-28,0.0003172024584881095,0.01604900261887921,-0.053036731318434296,-0.05175535329955142,-0.15187363597368875,0.06908573393731347,-0.4166400375222459,-0.006928100323264315
2022-06-29,-0.00027838846927158195,0.005940026644674332,-0.025374852528889248,-0.006928100323264315,-0.21993385556370026,0.03131487917356361,-0.5404962079601185,-0.01976119176588408
2022-06-30,-0.007258828587390532,0.006092596018519151,-0.046242376580522195,-0.01976119176588408,0.31407431429664806,0.05233497259904135,-0.09202179396766734,0.028636268359031408
2022-07-01,0.009221414251700368,0.029469452087467884,-0.0034369895037390428,0.028636268359031408,-0.4172253776847558,0.03290644159120692,-0.47053217302386624,0.03242218775623753
2022-07-05,-0.020605426473092353,0.032637341616958256,-0.041238930798639134,0.03242218775623753,0.3435957036172673,0.07387627241559733,0.0635829220751817,-0.009839470046492608
2022-07-06,-0.0036649219889689803,0.0018274876123458453,-0.02759916710351031,-0.009839470046492608,-0.24277098977921785,0.029426654715856055,-0.14881190044049944,0.027912770597586838
2022-07-07,0.0011402769591543234,0.0328669212796887,-0.003047110588650288,0.027912770597586838,0.09621989965441739,0.03591403186833884,-0.008748423139629606,-0.012172912654428809
2022-07-08,-0.01732041320809199,0.003375665279537854,-0.03505549171337123,-0.012172912654428809,-0.08201665979268474,0.03843115699290907,-0.10837702145315693,-0.05293290502397234
2022-07-11,-0.012106380372566419,-0.010699857557292759,-0.055473632940745435,-0.05293290502397234,0.03421109244415781,0.04477377538345267,-0.008754703216291269,-0.016430601651814536
2022-07-12,-5.635947277847263e-05,0.01366516500166127,-0.022352408394227287,-0.016430601651814536,0.1253569686799617,0.036017573395888396,0.08948753714757393,0.012022619587335498
2022-07-13,-0.022902898162798536,0.026752696153926066,-0.027606018361323505,0.012022619587335498,0.6207447076780421,0.05435871451524944,0.725980246768812,-0.010132692859935266
2022-07-14,-0.005679918812881736,0.005422554454136455,-0.027213398696163224,-0.010132692859935266,-0.3427031299295158,0.032635953150299706,0.179031659439439,0.07880074235640211
2022-07-15,0.004566734786344182,0.07938232918118059,-0.0012595906211002917,0.07880074235640211,0.5907323378165504,0.0806419198022809,0.7006277069336652,0.00952562336280299
2022-07-18,0.01776733450484951,0.054337137195392085,0.0036420428346253544,0.00952562336280299,0.00022670249071567414,0.050695094360766656,0.47062430360430707,0.05457989736159419
2022-07-19,0.010939370264784443,0.056264753865931806,-0.013287072344384667,0.05457989736159419,0.5460034699507055,0.06955182621031655,0.8328592283365459,0.07087899123277663
2022-07-20,0.03192068651130816,0.07332477839571223,-0.007617086919326078,0.07087899123277663,0.6489406569888896,0.08094186531503818,1.183001850467321,0.03379688465294932
2022-07-21,-0.009936414460044863,0.035760237294403543,-0.023088350730224194,0.03379688465294932,-0.8334855098437599,0.05884858802462772,-0.05504959486868912,-0.015484638438004376
2022-07-22,-0.006722546446985102,0.024138981924364426,-0.024598844835970794,-0.015484638438004376,-0.27451412220814586,0.048737826760335085,-0.4395467377344987,-0.008793804997751524
2022-07-25,0.003938879611389589,0.021496556759544275,-0.018728100144975272,-0.008793804997751524,-0.48752045447858133,0.04022465690451947,-0.9377674243137785,-0.021276371630594784
2022-07-26,-0.008502450977372168,0.004019157996083995,-0.031945075269802344,-0.021276371630594784,-0.13980080844611242,0.035964233265886415,-1.0382271607032039,0.05829265458176018
2022-07-27,0.01194279678409166,0.06282484472031094,0.0031272369750412854,0.05829265458176018,0.09998880192384832,0.05969760774526984,-0.7885196462565357,-0.0032245961465896065
2022-07-28,-0.00952705380675101,0.005936050528509323,-0.031721678189070235,-0.0032245961465896065,-0.15798830321127375,0.03765772871757965,-0.4756451247181766,-0.004967610413711631
2022-07-29,-0.01215206297778305,0.020711447244493458,-0.016145907116954666,-0.004967610413711631,0.010223178583596474,0.03685735436144801,-0.24193444052375965,0.005807935397799919
2022-08-01,-0.008035771287771705,0.015398875930716736,-0.017493130009394516,0.005807935397799919,-0.4951265653025483,0.03289200594011119,-0.5728889120951026,-0.021402424795967507
2022-08-02,-0.015368867248811762,0.00875863986878264,-0.023844246269298153,-0.021402424795967507,0.14094951157658953,0.032602886138080885,-0.31491618488332784,0.023698537654362112
2022-08-03,0.015105277727087372,0.029722746486978133,0.004506153069970026,0.023698537654362112,0.006174600404210981,0.025216593417008118,-0.23378369866504706,0.013927997103478168
2022-08-04,0.004181221882854697,0.0232791848106373,-0.007437334596449636,0.013927997103478168,0.10968349674621225,0.030716519407086827,-0.01696642913085664,-0.013707531808099888
2022-08-05,-0.020255016232753102,-0.005626678908027661,-0.031099222876130116,-0.013707531808099888,-0.25415050846243764,0.025472543968102435,-0.21942452994488595,0.029158927163680348
2022-08-08,0.00312594318799738,0.06479202558348725,-0.0016328143516018022,0.029158927163680348,0.6843263269563382,0.06642483993508914,0.5727049668487316,-0.01532090674023698
2022-08-09,-0.008041163419467635,-0.005540249810980212,-0.03859564719505537,-0.01532090674023698,-0.5747542472473269,0.033055397384075265,-0.16434619192976443,0.059800531859831266
2022-08-10,0.03019953827841168,0.061560531296164046,0.02855256233185695,0.059800531859831266,0.4036299084739872,0.03300796896430715,0.24424018226123306,-0.005792783029216116
2022-08-11,0.0023323365890962704,0.030301124376059904,-0.010708073060501927,-0.005792783029216116,-0.05265453874758479,0.04100919743656186,0.11579045490456269,0.02683087117696676
2022-08-12,0.008656304657369565,0.027271996467410246,0.004357980548467979,0.02683087117696676,-0.3644449578026494,0.02291401591894235,-0.28967811134308996,-0.0007624649646615099
2022-08-15,-0.004784773347196556,0.010732377797818814,-0.007206039731596946,-0.0007624649646615099,0.06796586237179907,0.017938417529415798,-0.2353359795198054,-0.01382394921105544
2022-08-16,-0.00785865366486427,0.0007223738813874155,-0.02060337425338265,-0.01382394921105544,-0.23957838417525337,0.021325748134770076,-0.3607702687982235,-0.018651451571385334
2022-08-17,-0.018527044654311195,-0.0059192489149193835,-0.03365034360879874,-0.018651451571385334,0.0911816652398794,0.02773109469387931,-0.2408309568816067,0.016532718541190494
2022-08-18,0.003353250899564246,0.021861746360893504,-0.007784743745991138,0.016532718541190494,-0.0636101303131135,0.02964649010688463,-0.19759457639236716,-0.01649127421266283
2022-08-19,-0.01736244097599307,-0.0076976886981357205,-0.03947686918387712,-0.01649127421266283,0.3515276385109029,0.03177918048574149,0.2691056596293918,-0.06253908121624117
2022-08-22,-0.03635536177043821,-0.03236417931569895,-0.07118407994236754,-0.06253908121624117,0.13972660157834751,0.038819900626668555,0.3609498690190869,-0.008823103999893575
2022-08-23,-0.00035317529288697634,0.014722921677419938,-0.009937045004143746,-0.008823103999893575,-0.49191728843081994,0.02465996668156359,-0.19854356457662886,0.022283840639843254
2022-08-24,0.004931044898005475,0.04164997184269088,-0.0027202775053882322,0.022283840639843254,0.027918697973028147,0.04437024934807916,-0.1749691605124798,0.018853435494117
2022-08-25,0.0027400136531794926,0.019622421247023927,-0.0026602498797799272,0.018853435494117,-0.3650051200217162,0.022282671126803703,-0.5337387801690339,-0.04680912267877252
2022-08-26,-0.0014969676764953596,0.012613463264194916,-0.04739145726211744,-0.04680912267877252,0.3508067949973668,0.06000492052631236,-0.13466303739205723,0.005760945613565019
2022-08-29,-0.006064497004079406,0.029087360903402252,-0.007913651441570082,0.005760945613565019,0.28435867503703544,0.03700101234497236,0.22270760393037276,-0.01760973528547182
2022-08-30,0.009263618256779753,0.02297835714617351,-0.026303660185028086,-0.01760973528547182,-0.21388895775397254,0.04928201733120168,0.06375189357906902,0.013102114751767256
2022-08-31,0.0283722911716788,0.05823042426550509,0.01252042441121555,0.013102114751767256,0.4060804391582592,0.04570999985428946,0.4527670407666666,0.028573319571500368
2022-09-01,-0.012784921948606682,0.030006865820886575,-0.01846430281293472,0.028573319571500368,-0.1667080613432279,0.04847116863382138,0.1759145044740479,-0.017231585019813353
2022-09-02,0.004294405716259783,0.016554989942237364,-0.021975042943966534,-0.017231585019813353,0.1129432068203293,0.03853003288620395,0.17973870311909385,-0.03473912180621817
2022-09-06,-0.0023024161461182194,0.0032673733448035738,-0.051826488437994804,-0.03473912180621817,-0.08908335757507081,0.055093861782798334,0.011350829100942903,0.047264824392879386
2022-09-07,0.008299144943954471,0.04887955147771567,-0.0005496742453706202,0.047264824392879386,0.08717091261856927,0.04942922572308618,0.08882980556091531,-0.0066608672771223815
2022-09-08,-0.021187212883776365,-0.0009613004415541386,-0.034028102675385946,-0.0066608672771223815,-0.19025794016908795,0.03306680223383188,-0.16403764979348373,0.02659538854256736
2022-09-09,0.00953931948161753,0.03176248821457334,0.00953931948161753,0.02659538854256736,-0.005626270702232935,0.022223168732955833,-0.12118044616607689,0.012593211545679679
2022-09-12,0.00017122779474769442,0.02502980440253064,-0.0008566607650763263,0.012593211545679679,-0.10241939551542789,0.025886465167606867,-0.20778528461394882,-0.08098384188204734
2022-09-13,-0.04333011653947296,-0.038090029489780956,-0.08286524049010625,-0.08098384188204734,0.27982561399496136,0.04477521100032547,0.130613903445497,0.027090449234241563
2022-09-14,0.0077178428676034335,0.04425439275359977,-0.010739153449950302,0.027090449234241563,0.028368424427768858,0.054993546203549994,0.14396575283471696,0.04901958201452425
2022-09-15,0.027939088549788854,0.07795370762515476,0.021976930826306237,0.04901958201452425,0.860235378735594,0.055976776798848514,1.0019305884959209,0.019979229706911045
2022-09-16,-0.01783160695890161,0.02508834758724726,-0.032601455652232575,0.019979229706911045,-0.02814488204980258,0.05768980323947993,0.6692004466761903,0.014470252967834558
2022-09-19,0.02028177341386018,0.02109761919689054,-0.01840850981846939,0.014470252967834558,-0.054419752270214644,0.0395061290153601,0.3898757929366989,-0.003206754153556901
2022-09-20,-0.013471286504943824,0.027768274378106524,-0.016429480961530716,-0.003206754153556901,-0.11056971590855708,0.044197755339637226,0.10062175338083246,-0.02493248347873377
2022-09-21,-0.0007414586363284077,0.02219372693293063,-0.025734975645705115,-0.02493248347873377,-0.5593352331833229,0.047928702578635886,-0.5638320721995672,0.0007596070998479703
2022-09-22,-0.006437717666098695,0.015208578792956638,-0.02224068371748335,0.0007596070998479703,0.08879521358224787,0.03744926251043998,-0.4865963396379399,-0.04592353814146045
2022-09-23,-0.008090007285751618,-0.002534297679917021,-0.06816458952893145,-0.04592353814146045,0.11217295396434199,0.06563029184901452,-0.2513493258723413,-0.01038906333765182
2022-09-26,-0.0035840520370549853,0.02740254199189197,-0.015130907799587609,-0.01038906333765182,-0.30824807191894904,0.04253344979147971,-0.44646322838013547,0.0012934567151530092
2022-09-27,0.020146529737452,0.02889953295403328,-0.015063531927988559,0.0012934567151530092,-0.05904255781104397,0.04396306488202193,-0.3424961577869542,0.08882228136535465
2022-09-28,0.02347862635708115,0.09471842343253482,0.013370723586255342,0.08882228136535465,0.8174790280952343,0.08134769984627974,0.6391311560130905,-0.02264433533743935
2022-09-29,-0.014749395849611638,0.0072331371051845015,-0.039599236350017684,-0.02264433533743935,0.07742569481742194,0.046832373455202095,0.5498926934436357,-0.01797375689642599
2022-09-30,-0.01136971406693952,0.011324348290414897,-0.027276166972552866,-0.01797375689642599,-0.4719608049406939,0.038600515262967684,-0.07376537752729775,0.015174743360475924
2022-10-03,0.010184085965808968,0.025578932553958184,-0.011061667621851288,0.015174743360475924,-0.3137952705926083,0.036640600175809515,-0.39756712797014193,0.007086614374615705
2022-10-04,0.023974031587689282,0.02788732017037269,-0.024520001421118733,0.007086614374615705,0.4753359691325768,0.05240732159149135,0.07122244896046392,-0.016797222850789165
2022-10-05,-0.0082586479388785,0.003524602664851185,-0.05709482328032578,-0.016797222850789165,-0.25183671607745245,0.060619425945176914,-0.2714198101083563,0.01380202151549461
2022-10-06,-0.00021127851865177286,0.031394822360216554,-0.011983807427408026,0.01380202151549461,-0.16391746572171437,0.043378629787624634,-0.33538493084664744,-0.06573359657218089
2022-10-07,-0.017865547588957375,-0.011270717553726587,-0.0678270380929097,-0.06573359657218089,0.0650084071325643,0.05655632053918311,-0.10477417804154808,0.0230036231311044
2022-10-10,0.0039520820297537064,0.0396056404832579,-0.002316364568420569,0.0230036231311044,0.018690055693796913,0.041922005051678424,-0.047848406895325594,-0.07066203574540836
2022-10-11,-0.01723611996583848,0.0019982385567928747,-0.07341911185923425,-0.07066203574540836,0.4250071427584059,0.07541735041602701,0.3520268091828537,0.030244010598937783
2022-10-12,4.663900962368566e-05,0.04284149953532068,-0.007729685615910919,0.030244010598937783,-0.16540529927302705,0.05057118515123167,0.16169182024269943,0.051358922920235035
2022-10-13,-0.03773862411071253,0.05975338109888209,-0.042262394386802626,0.051358922920235035,0.30119001421235103,0.1020157754856846,0.425001755356009,-0.01085390230647184
2022-10-14,0.022496801901930128,0.026693135145001986,-0.012986600385804672,-0.01085390230647184,-0.13506519162516245,0.039679735530806615,0.15424135485934004,0.06358699094917575
2022-10-17,0.018992409334756558,0.08306158092890914,0.01894977156368998,0.06358699094917575,0.31984967502988115,0.06411180936521921,0.393684062304703,-0.017450429668166668
2022-10-18,0.018994279493898997,0.021273550075606017,-0.03053069379506418,-0.017450429668166668,0.20219994529983848,0.051804243870670286,0.45107807118987203,0.1229823118681349
2022-10-19,0.09551395578201766,0.1480706136733777,0.0866445784185313,0.1229823118681349,0.5939583568509663,0.061426035254846405,0.9247347104782196,-0.015614365347639245
2022-10-20,0.0014674229513432998,0.021788881157407923,-0.02227430296920318,-0.015614365347639245,-0.9981072506197121,0.04406318412661126,-0.38404411854430454,0.07681327255413573
2022-10-21,0.0029416890149518084,0.08088000091446723,-0.009291209791069713,0.07681327255413573,0.36910786728326406,0.09017121070553707,-0.012575136025782993,-0.02489551579492952
2022-10-24,0.0022766475197753414,0.003172055658827051,-0.032322622682533955,-0.02489551579492952,-0.6246829264267654,0.03549467834136119,-0.7106424200127945,0.029890395205139975
2022-10-25,0.015806400435309714,0.05221515290994047,0.010915582314262918,0.029890395205139975,0.12499407016335265,0.04129957059567755,-0.5269492819713214,0.0257798770582138
2022-10-26,-0.0033731341814135004,0.04898324233784395,-0.010292579642633509,0.0257798770582138,0.03981729812315795,0.05927582198047752,-0.39995894237085755,-0.005641739333526464
2022-10-27,-0.0009715832496105228,0.021828215526341926,-0.01294250859805757,-0.005641739333526464,-0.07267422825473376,0.03477072412439955,-0.1657818756183925,-0.004117028697239609
2022-10-28,0.002556176984673692,0.014211171204677566,-0.01578364317611742,-0.004117028697239609,-0.3832568990910142,0.029994814380795085,-0.5184913627911045,-0.0130703282290447
2022-10-31,-0.001997123935975027,0.006404398061870259,-0.021257754349750125,-0.0130703282290447,-0.2830444816926796,0.02766215241162038,-0.6049366270695119,-0.01773202008440225
2022-11-01,0.01459088387758165,0.026439201924072894,-0.01888347751125048,-0.01773202008440225,-0.08168738639852477,0.04532267943532343,-0.5981015542725087,-0.049138962164588
2022-11-02,-0.0012213156277146335,0.0020206446934623117,-0.04972517207582651,-0.049138962164588,0.40479015557027115,0.0517458167692887,-0.05389927508820451,-0.014537359077029828
2022-11-03,-0.006430862383789921,0.011979260998396444,-0.015504189810945777,-0.014537359077029828,-0.38460884689706176,0.027483450809342197,-0.33567032495052107,-0.03121890426428717
2022-11-04,0.010941172502417567,0.02172758321146963,-0.0524167639096888,-0.03121890426428717,0.4550911496748654,0.07414434712115853,0.2855419842056789,-0.008433013957237044
2022-11-07,0.001034796548621274,0.0013794422207834747,-0.03392935181589764,-0.008433013957237044,-0.33889320754155333,0.03530879403668107,-0.0808175575681694,0.018619089345215854
2022-11-08,0.005091423729110567,0.028514518049651633,-0.0066734508507287705,0.018619089345215854,-0.03116043739780497,0.03518796890038026,-0.12174831340028802,-0.03397227271858442
2022-11-09,-0.014528511631782832,-0.0097643812939182,-0.03570151060584731,-0.03397227271858442,-0.05590828265820363,0.025937129311929083,-0.19518687813539878,0.07673268480636238
2022-11-10,0.04352944251680328,0.07815000040626888,0.021098448318068327,0.07673268480636238,0.28554312261457276,0.05705155208820054,0.16317934767907782,0.05366712385382243
2022-11-11,-0.001820007667441233,0.05549220730015502,-0.012478876882408252,0.05366712385382243,-0.009718855571636244,0.06797108418256312,0.09183422497453798,0.03101706225873052
2022-11-14,-0.00044819224620175205,0.06946380921842021,-0.006709121918078765,0.03101706225873052,0.6301297119553582,0.07617293113649894,0.758124996758417,0.03587108801403567
2022-11-15,0.032642141695277446,0.043930063072387934,0.010900347844210121,0.03587108801403567,-0.2062976135876318,0.03302971522817785,0.3378098460521244,-0.013566829640990955
2022-11-16,-0.0008385518789848889,0.0009344223560641579,-0.021473280433728537,-0.013566829640990955,-0.5986073605343077,0.022407702789792566,-0.3857444817789255,-0.03572638127080649
2022-11-17,-0.037624678649646776,-0.020468129568900057,-0.050327155578079055,-0.03572638127080649,0.20201782882637553,0.029859026009179133,-0.19671203672356102,-0.02503300965073705
2022-11-18,0.006918571827518235,0.009169406315718689,-0.02844181224481326,-0.02503300965073705,-0.15802915696142908,0.03761121856053212,-0.3575909419461278,-0.010226470900983522
2022-11-21,0.010432235343464394,0.013417462128785107,-0.018646256545358102,-0.010226470900983522,-0.1463459916120311,0.032063718674143205,-0.4841999098726656,0.005736940401729956
2022-11-22,-0.00021046282726983515,0.0067479512891843035,-0.02742041066924317,0.005736940401729956,-0.15010046266869503,0.03416836195842752,-0.4332999615233584,0.016638478266407377
2022-11-23,-0.002724452332339131,0.01996057400232415,-0.010272723330819645,0.016638478266407377,-0.053629640550997504,0.030233297333143984,-0.29572113718154774,-0.02065783841755238
2022-11-25,-0.008613317791319382,-0.007886941226371095,-0.025467348521583263,-0.02065783841755238,-0.6038295165123428,0.017580407295212243,-0.844793402462572,-0.015422665052178127
2022-11-28,-0.005407929557381262,0.013945836750329645,-0.017701501120686587,-0.015422665052178127,0.3739476522443492,0.031647337871016125,-0.27809100222581146,-0.000747154891457618
2022-11-29,0.004719061352118963,0.006346038945910945,-0.01877604343126312,-0.000747154891457618,0.2073110908912117,0.02512208237717422,0.05595256201155675,0.08383562263925598
2022-11-30,0.0014581639347471436,0.09273125530561807,-0.001959503420478548,0.08383562263925598,1.0213636601736114,0.09469075872609652,1.132526071314734,0.036696066119485615
2022-12-01,-0.005053145332384936,0.04564782910361784,-0.008216163089810312,0.036696066119485615,-0.09150351905595207,0.05386399219342821,0.7193128275633427,0.010857414021206045
2022-12-02,-0.020592335246108547,0.01577650681443474,-0.02217172562246851,0.010857414021206045,-0.1445953215170187,0.03794823243690318,0.3556803264918884,-0.02470898451527572
2022-12-05,-0.012404588725056303,0.007338571387919825,-0.030065823188125607,-0.02470898451527572,-0.4098955025992202,0.037404394576045545,-0.24702145336997788,-0.022746301924372384
2022-12-06,-0.005099528162448944,0.0020133825069386037,-0.03073070526726026,-0.022746301924372384,-0.15752412637658073,0.03274408777419895,-0.47125885190871514,0.009316309072375708
2022-12-07,0.003071592247053647,0.01316730454466217,-0.011388092596032387,0.009316309072375708,0.08344720425267849,0.024555397140694504,-0.4119558790313255,0.005948165880393115
2022-12-08,0.0022347181415436333,0.012757963516704912,-0.011773798546935827,0.005948165880393115,-0.08207227087310467,0.024531762063640716,-0.34355298921327365,0.030941602503912747
2022-12-09,0.0354313991922956,0.05864717150868179,0.0294092335253413,0.030941602503912747,0.6899082100276167,0.0292379379833405,0.505181597995306,-0.015208335080949823
2022-12-12,-3.123234612745843e-05,0.009857239955752913,-0.035496498587214875,-0.015208335080949823,-0.3473893114238828,0.045353738542967745,0.11990454228968127,0.016239051065807614
2022-12-13,0.03986969206484438,0.054157383114190646,0.0063885750546585325,0.016239051065807614,0.058165161321115696,0.04776880805953215,0.1404476297868877,-0.007866265718616807
2022-12-14,-0.004285909741295302,0.013549552845685006,-0.018653290317473835,-0.007866265718616807,-0.35484117420644373,0.03220284316315889,-0.28782589836037725,-0.09022294817653657
2022-12-15,-0.05069239249629406,-0.046497548688572185,-0.10360361344589213,-0.09022294817653657,0.8542937531131586,0.057106064757319844,0.572016474111204,0.0010324470750857117
2022-12-16,-0.005697855981929957,0.014732026979245928,-0.005905614491321358,0.0010324470750857117,-0.23019815443788766,0.020637641470567243,0.15094016669582425,-0.00832457530667234
2022-12-19,-0.0033767372350890766,0.0052834361003442016,-0.015879893907726914,-0.00832457530667234,-0.8260781041514383,0.021163330008071118,-0.6704355449799438,-0.0003816086893748767
2022-12-20,-0.024793185135112823,0.0033934577991277,-0.02632334022363812,-0.0003816086893748767,0.1154639188768565,0.029716798022765906,-0.4865469120060346,0.03333924012406483
2022-12-21,0.006226465261310323,0.04236006438353578,-0.005881470468673183,0.03333924012406483,-0.08156885683074708,0.04824153485220886,-0.4974630035944692,-0.0007050380090436296
2022-12-22,0.00043622141052747035,0.003082937944803357,-0.024289121981816365,-0.0007050380090436296,0.20873072035201418,0.027372059926619875,-0.26622050004931413,-0.009414431668747437
2022-12-23,-0.005286816783934074,0.0023817475746895724,-0.019808660365479975,-0.009414431668747437,-0.6141252559998757,0.022190407940169625,-0.666525088987657,-0.03726711957239268
2022-12-27,-0.006018892409017628,-0.004723640117150842,-0.04447182938981457,-0.03726711957239268,0.3068971359442256,0.03974818927266376,-0.08854559461707977,-0.025988454775190805
2022-12-28,-0.00794932146078751,0.003582949061961277,-0.038600158627194944,-0.025988454775190805,0.031733554813683805,0.04218310768915613,-0.04452086586235026,0.050151347124063314
2022-12-29,0.022498576469020835,0.06508462162022567,0.014806060508837114,0.050151347124063314,0.4747559999968179,0.05027856111138853,0.46129989501760466,0.012832986885198263
2022-12-30,-0.01938845178189222,0.013273698918709711,-0.027511537957370717,0.012832986885198263,-0.23678099138323128,0.040785236876080454,0.12351943517863605,0.0002373554859016624
2023-01-03,0.010726276913062762,0.011832855810176183,-0.021180407678311915,0.0002373554859016624,-0.11216904131186803,0.03301326348848809,0.020039793206081798,0.04786137884156787
2023-01-04,0.011092632641243685,0.053437103055205465,0.0018968184564329325,0.04786137884156787,0.3232377107235153,0.0515402845987725,0.2702071621912362,0.0009368070637815004
2023-01-05,-0.007819485305419278,0.015298789015555704,-0.015831982966707528,0.0009368070637815004,-0.11518078086094698,0.03113077198226316,0.059695553270148485,0.018713092893636783
2023-01-06,0.006019954052285332,0.022571895123785147,-0.01959663761224709,0.018713092893636783,0.0730765444102387,0.042168532736032056,0.0742563381192537,-0.0012049756185329378
2023-01-09,0.0040482125445095675,0.019302219625415198,-0.007411322586953013,-0.0012049756185329378,-0.2807491601947911,0.026713542212368022,-0.1912618569885319,0.03849805231996516
2023-01-10,-0.0130942035625572,0.044008874700761626,-0.0130942035625572,0.03849805231996516,0.6584967425563558,0.05710307826331871,0.4869648178825689,-0.0008552192486506423
2023-01-11,-0.0031802389520068403,0.004082723033499084,-0.019079414817355287,-0.0008552192486506423,-0.3108492114183523,0.023162137850854483,0.03022990433875893,0.00873151591702549
2023-01-12,0.015884844941645136,0.017237258407481384,-0.012669374804577275,0.00873151591702549,0.12509006910240744,0.029906633212058647,0.15028449343578443,0.008115317153939844
2023-01-13,-0.00048473989176027964,0.019557311115227984,-0.003763184572523319,0.008115317153939844,-0.270072457965164,0.023320495687751387,-0.17249482854124823,-0.020029797322847546
2023-01-17,-0.005241758589563394,-0.0009619881293204166,-0.028093644179596092,-0.020029797322847546,0.10963528720590493,0.027131656050275735,-0.04909600810799662,0.00033707063492175766
2023-01-18,0.001623278252616471,0.011762980854091613,-0.015352414692952069,0.00033707063492175766,-0.1683693805016388,0.02711539554704382,-0.2672811166938392,-0.03286338096971129
2023-01-19,-0.011588955536854998,-0.00442250688171981,-0.040460677831965795,-0.03286338096971129,0.8348974156239286,0.03603817095024593,0.6763348053929159,0.08122591713468778
2023-01-20,0.06441387552004652,0.08559596116275024,0.05198503523957215,0.08122591713468778,0.4566282681229988,0.03361092592317798,0.9639855703062843,0.04263991938913356
2023-01-23,-0.002279943520180288,0.05606288137624971,-0.005474821556664589,0.04263991938913356,-0.5971826635427624,0.06153770293291419,0.08601568366102694,0.017775132547481316
2023-01-24,0.00030765151319248616,0.022764977068017438,-0.00639950087934739,0.017775132547481316,-0.28246993699339684,0.029164477947364934,-0.2940597757748092,0.011287565950552473
2023-01-25,-0.009000619011718888,0.013838878418558203,-0.014758092162091344,0.011287565950552473,-0.4179317629339102,0.028596970580649587,-0.7436960142542524,-0.008433163214450753
2023-01-26,0.002198838090112353,0.0028765791021461515,-0.01715918725497087,-0.008433163214450753,0.06116598889886585,0.020035766357117128,-0.6819521067278735,-0.011300485507232843
2023-01-27,-0.004587474050275411,0.002873592045601017,-0.011799586020876739,-0.011300485507232843,-0.2084073252101077,0.014673178066477739,-0.7631724122443971,-0.021460980410589966
2023-01-30,-0.006479295470551893,0.0004988515365806177,-0.02216926905970791,-0.021460980410589966,-0.2679920646036362,0.022668120596288657,-0.6713535718729563,0.0021217530734983104
2023-01-31,-0.008903605072270407,0.008010659386938112,-0.012539061623403057,0.0021217530734983104,0.0989098460237985,0.020549721010341044,-0.3371382625148834,0.02271522385531091
2023-02-01,0.0,0.03206391685986588,-0.01122538870151177,0.02271522385531091,0.3465437710416921,0.04328930556137779,0.17752122456367256,0.01344542976252443
2023-02-02,0.008718958553092368,0.017335522033011398,-0.0098832821509228,0.01344542976252443,-0.018686476327648485,0.02721880418393406,0.15174976305472374,-0.0027019769531390686
2023-02-03,-0.02151682191366511,0.03360809435747226,-0.021739622156639028,-0.0027019769531390686,0.17951757840825416,0.05534771651411132,0.3431826398366517,-0.012153394086963878
2023-02-06,-0.006195752581412363,0.006944974148406596,-0.014368915564743253,-0.012153394086963878,-0.6325050407218452,0.021313889713149927,-0.3671209051398944,0.004058351173216993
2023-02-07,-0.00825007993465294,0.007441548683757478,-0.02040144430712046,0.004058351173216993,0.23044828477523302,0.027842992990877887,-0.1329850864003404,0.010633455591974462
2023-02-08,-0.008105478334946268,0.014334082626737719,-0.012866464015425648,0.010633455591974462,-0.005772343934294368,0.027200546642163363,-0.15610890052682194,-0.01187401457886659
2023-02-09,0.015096939335273797,0.01890264423865695,-0.013972773049657442,-0.01187401457886659,0.0985874864659726,0.03287541728831442,-0.00839807538870429,-0.04266276640763223
2023-02-10,-0.009256492445804166,-0.0009935775201074888,-0.04329629728236238,-0.04266276640763223,0.05497360708293782,0.04230271976225476,0.07443107362674999,0.03176214770608443
2023-02-13,0.006141875616222518,0.03490867675118111,-0.00899359244069932,0.03176214770608443,-0.02172627137886747,0.04390226919188049,0.11711291654942918,0.0038690136389159
2023-02-14,-0.002848613225605848,0.014342962892520726,-0.014523291389874916,0.0038690136389159,-0.43349502810494595,0.02886625428239581,-0.38163500760803243,0.0040478004526452475
2023-02-15,-0.009294089954780035,0.008079282249258059,-0.016018225742286334,0.0040478004526452475,-0.15367509668852497,0.02409750799154428,-0.4849133569584052,-0.03008102291000362
2023-02-16,-0.01792288020932695,0.0002214141237272653,-0.031222243456244747,-0.03008102291000362,0.2739152775352538,0.031443657579972153,-0.13732903086771175,-0.007872074914392633
2023-02-17,-0.008015810611992588,-0.004887680850854335,-0.023863202050519387,-0.007872074914392633,0.015033012591634453,0.018975521199665113,-0.06431185371437596,-0.030522061547762023
2023-02-21,-0.014794542580545958,-0.011068131220484275,-0.033727243295842965,-0.030522061547762023,0.07556524146783342,0.02265911207535856,0.08459220703772113,-0.007793282599058617
2023-02-22,0.0,0.012982089561994753,-0.013963662087355312,-0.007793282599058617,-0.22797984250908043,0.02694575164935013,-0.08757762375090242,-0.034109490861455136
2023-02-23,-0.010959196426095023,-0.010808338221120498,-0.0634242742003069,-0.034109490861455136,1.0688526391937487,0.05261593597918643,0.9844479296749837,-0.020287883960943203
2023-02-24,-0.013531627573683957,-0.0066651457131565945,-0.028615080401951525,-0.020287883960943203,-0.6617172010269026,0.021949934688795025,0.004339852848202396,0.018370388733012808
2023-02-27,0.020967379854646268,0.039717801569398366,0.015549349932685487,0.018370388733012808,-0.10617905205313252,0.02416845163671268,-0.14823810445798888,-0.002790012005252999
2023-02-28,0.0020718863109851844,0.014109190223110956,-0.005774645610693632,-0.002790012005252999,-0.5133956976914809,0.019883835833804535,-0.6851585542395208,-0.027219681063357825
2023-03-01,-0.0018022150011049404,0.013780946245465902,-0.030798858870412577,-0.027219681063357825,0.2896862649407903,0.04457980511587854,-0.3380765756551789,-0.005117058920664995
2023-03-02,-0.008071240420787804,0.0066449537201483996,-0.009938191870736303,-0.005117058920664995,-6.108548916106645e-05,0.016583145590884564,-0.34868464576127606,0.010525403424085242
2023-03-03,0.01138170360052882,0.01782784944072722,-0.003404499583217983,0.010525403424085242,0.19246810060331737,0.021232349023945114,0.1173073622683513,-0.010044584388769328
2023-03-06,0.005757904885821064,0.02543684830883194,-0.01065365681038459,-0.010044584388769328,-0.05039812818078398,0.03609050511921658,0.1006158014698074,-0.011474710828607557
2023-03-07,0.002080983457945289,0.007248644843038337,-0.017490091389140372,-0.011474710828607557,-0.21773923982766827,0.024738736232178756,-0.09811551596641405,0.010705313832883014
2023-03-08,0.002654777884171749,0.01083358778168122,-0.008856798321243331,0.010705313832883014,-0.26891971434920503,0.019690386102924503,-0.40136224484781796,-0.0459749569463972
2023-03-09,0.0009296593912054977,0.0023065394124483743,-0.05576138825786147,-0.0459749569463972,0.7604391284017601,0.05806792767030993,0.4157442675042908,-0.01700182578852028
2023-03-10,0.00040293572388436856,0.0033860210653868777,-0.029928279815271172,-0.01700182578852028,-0.2565117941596044,0.03331430088065802,0.06108919588202007,0.002558575579844188
2023-03-13,-0.018686971377731083,0.0218927909258124,-0.025706690620968177,0.002558575579844188,0.08852661642128934,0.04759948154678055,0.15680289173405335,0.004860223713433074
2023-03-14,0.008346397441345887,0.013334467328799237,-0.010962382227992356,0.004860223713433074,-0.05482591950774213,0.024296849556791712,0.07876177845154418,0.029564735451401116
2023-03-15,-0.008273092890520365,0.03782574974102232,-0.009059659383251267,0.029564735451401116,0.4363485097492372,0.046885409124273386,0.46537900461081794,0.020429180186206392
2023-03-16,0.003155117194628017,0.04130247894311503,-0.006870388237769013,0.020429180186206392,-0.1535341419480551,0.04817286718088407,0.13097780629861452,-0.021384220801851688
2023-03-17,0.0,0.002255073086009613,-0.032983369214222534,-0.021384220801851688,-0.13308866007202144,0.03523844230023208,-0.015301196100102872,0.005356308239443084
2023-03-20,-0.012299390472868746,0.013093464178000716,-0.025022155857020858,0.005356308239443084,-0.30237779919197433,0.03811562003502149,-0.3501543371649333,0.0021606760092822506
2023-03-21,0.0038923748647596004,0.009102071720948303,-0.01552317393930834,0.0021606760092822506,-0.04542917412687261,0.024625245660256645,-0.36255289306927835,-0.03965905465974659
2023-03-22,0.0016990706565409093,0.0021560175520734387,-0.04088468801532615,-0.03965905465974659,0.1728009066537106,0.04304070556739952,-0.1587886680432826,0.08623698613852307
2023-03-23,0.036022506369004045,0.0937314201682833,0.03424855450538098,0.08623698613852307,0.991445479855078,0.05948286566290211,0.9381332194421103,0.024725409022760405
2023-03-24,0.0008112629830727318,0.035146210320494614,0.0008112629830727318,0.024725409022760405,-0.1863710653578601,0.034334947337421796,0.5262173249352575,-0.0022254978191353476
2023-03-27,-0.002561200031722128,0.02421790920882482,-0.01219374158809677,-0.0022254978191353476,-0.40955297978045235,0.03641165079692173,-0.03023007784900651,-0.012715477378969239
2023-03-28,-0.004895067374533206,0.01712656148784228,-0.019663484229630438,-0.012715477378969239,-0.28458763571997786,0.03679004571747275,-0.39086567416789364,0.02596432700468029
2023-03-29,0.00852563343510491,0.02843096084169935,0.00680790187347209,0.02596432700468029,-0.03163835074447587,0.021623058968226982,-0.4553798608786117,0.019091932474280596
2023-03-30,0.02451413304335815,0.0333502295905586,0.009800317440475844,0.019091932474280596,0.12598986520653313,0.023549912150082696,-0.339013051048294,0.020617532029117955
2023-03-31,0.004775464932491604,0.021658997670658205,-0.0036409697708302663,0.020617532029117955,-0.23993522145831744,0.02529996744148856,-0.39228823071502333,0.008071964420736827
2023-04-03,-0.010621265954744562,0.00893304399176086,-0.014813340533956495,0.008071964420736827,-0.23987302956235565,0.023746384525717357,-0.4364414802519376,-0.004402691357183985
2023-04-04,0.0006027788120662718,0.004354820948516642,-0.012510417268504012,-0.004402691357183985,-0.29136679487603107,0.016865238217020594,-0.5961470255998488,-0.012770413796997624
2023-04-05,-0.004190468148373356,-0.0038140406353837403,-0.030749106276312155,-0.012770413796997624,0.24304664733571915,0.026935065640928412,-0.2403593840980683,-0.008860577755279939
2023-04-06,-0.00883112453850848,-0.005477226822723646,-0.02880284758819905,-0.008860577755279939,0.10272954609871973,0.02332562076547539,-0.05658129446038329,-0.0010024885340539547
2023-04-10,-0.01203685554194937,0.0016195379669038308,-0.017750102467683587,-0.0010024885340539547,-0.5615864012081418,0.019369640434587315,-0.5125773524479549,-0.002303578041040804
2023-04-11,0.013071019096242854,0.023757619906337745,-0.003990319798209489,-0.002303578041040804,0.4198957682194136,0.02774793970454706,0.050102090428599554,-0.02145795399404034
2023-04-12,0.007658195791274479,0.013480172048859271,-0.024453070821707647,-0.02145795399404034,-0.019825372808021505,0.037933242870567006,0.04964088150256078,0.044778717230472734
2023-04-13,0.026707196498858457,0.045471797874882154,0.02305334712296225,0.044778717230472734,0.6247377585725439,0.022418450751919974,0.639620747437582,-0.02207970705005514
2023-04-14,-0.009432274925717285,-0.0038781847250760016,-0.02865712260026413,-0.02207970705005514,-0.3251544768099502,0.024778937875188024,0.16272233964204535,-0.017606759078225145
2023-04-17,-0.0018621623405205062,-0.000708938040889606,-0.03341998017605916,-0.017606759078225145,0.1369830495800362,0.03271104213516972,0.26980714837456965,0.002941077575939235
2023-04-18,0.0068292556519258365,0.013345346017539911,-0.006694639965800935,0.002941077575939235,1.0731105972319765,0.020039985983340693,1.204480052127358,-0.0322185739937305
2023-04-19,-0.028850855525245064,-0.024112114323114043,-0.054183715218695604,-0.0322185739937305,0.2095736710173001,0.030071600895581623,0.9975445382419914,0.006877741495682462
2023-04-20,-0.008484730313841246,0.025392893145266177,-0.014935193449676235,0.006877741495682462,-0.7995059111187992,0.040328086594942636,-0.17016658529110032,0.008051119899445488
2023-04-21,-0.00724922164879203,0.008995799156601144,-0.01814422355427348,0.008051119899445488,-0.4492116185312697,0.027140022710874772,-0.6615749002051707,0.003165911026210957
2023-04-24,0.0067459041987747975,0.020162438061276367,-0.003757311995479162,0.003165911026210957,-0.12776892952376062,0.023919750056755406,-0.8054313684595064,-0.01986035608372005
2023-04-25,-0.0015817607019148223,-0.0010947360673595476,-0.02436593207307439,-0.01986035608372005,-0.02905808632186387,0.023271196005714753,-0.8256608439600706,-0.004349840124905498
2023-04-26,-0.0036961566607484238,0.010332394432593836,-0.0064695002415033455,-0.004349840124905498,-0.16022568079710695,0.016801894674097213,-0.760180181552148,0.01452876871373738
2023-04-27,0.009760666755501838,0.019426983076813495,-0.01161954821476413,0.01452876871373738,0.19503101195318645,0.031046531291577688,-0.1280588746647527,0.012443386990689469
2023-04-28,-0.0018738068258062613,0.01510710650234728,-0.005693561794443998,0.012443386990689469,-0.2842944470622468,0.020800668296791384,-0.26667012468486095,-0.017766732683591187
2023-05-01,-0.0014862609822337731,0.003932519614941216,-0.03654614958697284,-0.017766732683591187,0.23368284149143415,0.04047866920191416,0.04690931682990662,-0.020478519168301006
2023-05-02,0.0027114033408390456,0.005998255522331501,-0.026574811966731945,-0.020478519168301006,-0.21257523674521095,0.03257306748906362,-0.15600141833729586,0.005495849457789342
2023-05-03,0.0,0.022020063122319952,-0.005367871462031987,0.005495849457789342,0.15924515622369387,0.027387934584351882,0.04813774380005319,0.004624393041538569
2023-05-04,-0.0009086881998313939,0.013407979663132225,-0.004236969165412103,0.004624393041538569,-0.2664186008240483,0.017644948828544175,-0.2363874214744258,0.006153540916994799
2023-05-05,0.008783586621593772,0.010450897545019837,-0.004186031922190052,0.006153540916994799,0.028183764478053548,0.014636929467210008,-0.13479669213116363,0.025843523221069684
2023-05-08,0.000712313140230018,0.029911267307618835,-0.0022643618127045025,0.025843523221069684,0.31873161835732655,0.03217562912032336,0.19440461249887775,0.0028040214534012014
2023-05-09,-0.001631626639217326,0.015310520323199416,-0.004448130941094724,0.0028040214534012014,0.010205372480987322,0.019758651264294047,0.19812065236344337,0.009826884533099838
2023-05-10,0.009200610455899141,0.01485265522353863,-0.007949878932642136,0.009826884533099838,-0.2566151637296746,0.02280253415618062,-0.11101410001743259,0.0274651007901523
2023-05-11,-0.0013126110972000488,0.029522361930615623,-0.010730604421466377,0.0274651007901523,0.6273568758563199,0.04025296635208207,0.5491775208640723,-0.014226584072181055
2023-05-12,0.0,0.009842331573472527,-0.021697961987138893,-0.014226584072181055,-0.27822094356916294,0.03154029356061136,0.1062121503543813,-0.011838242855631748
2023-05-15,0.0021455053117063363,0.005896267316340025,-0.012880789354028428,-0.011838242855631748,-0.5098506071189443,0.01877705667036847,-0.4773438561568351,-0.006391536592370913
2023-05-16,-0.005642707645133619,-0.002145931499427509,-0.011919841471581939,-0.006391536592370913,-0.09191600130031419,0.00977390997215446,-0.5048791627622203,0.018435706338849014
2023-05-17,-0.005980433330706594,0.022604030924886716,-0.012451679283795154,0.018435706338849014,0.17230820252756765,0.0350557102086819,-0.2490159190513718,0.08815555592985347
2023-05-18,0.02121702163934689,0.10041547077544918,0.01867968176004091,0.08815555592985347,1.665013225234505,0.0817357890154084,1.4291231276720286,-0.01610032231772496
2023-05-19,-0.0038589146762078147,-0.003507478890364703,-0.020351704386193117,-0.01610032231772496,-0.9792057365011344,0.016844225495828258,0.03487468651715706,-0.006452803719968483
2023-05-22,0.0,0.018037591709233525,-0.007858675370707292,-0.006452803719968483,-0.37416500079588116,0.025896267079940936,-0.3850575331447461,-0.01952773280790839
2023-05-23,-0.007659918239460412,0.0031904406043320338,-0.024258116694583973,-0.01952773280790839,0.23901282247237746,0.027448557298915936,-0.18923265834862585,0.024583713802904625
2023-05-24,0.0026370932148635064,0.030867874916069068,0.001796166139757505,0.024583713802904625,0.14950220035330986,0.02907170877631162,-0.12148605274819128,-0.016163895948595724
2023-05-25,-0.01446625678758004,0.007100898966100411,-0.020574749849050795,-0.016163895948595724,-0.24142318959868922,0.02767564881515122,-0.44833344989552154,0.05389711415120808
2023-05-26,0.005832514194106531,0.06669491188787875,-0.008391743001606186,0.05389711415120808,0.40181275441423314,0.07508665488948496,0.30878258021865285,0.036539183388223324
2023-05-30,0.04792510086003748,0.06693912919621303,0.018073597647792858,0.036539183388223324,0.1490585890892732,0.0488655315484203,0.4151027497036913,0.0057091152787522095
2023-05-31,-0.0027775613903793265,0.008311819072288036,-0.010410803967560134,0.0057091152787522095,-0.44135222143658287,0.018722623039848015,-0.1679055119775929,0.019791239950699587
2023-06-01,0.005500677966959232,0.030622140462102904,-0.00545472447613608,0.019791239950699587,0.02432955508366074,0.03607686493823898,-0.14652119668962152,-0.006620204325724111
2023-06-02,-0.0005954755676735784,0.008521651100524181,-0.01809742579446423,-0.006620204325724111,-0.1931648994951966,0.026619076894988495,-0.3198721780587175,0.0076367382202440146
2023-06-05,0.0,0.032888911292878194,-0.0007994178750420983,0.0076367382202440146,0.20528373599687647,0.03368832916792038,-0.10567257889082576,-0.010587626326104905
2023-06-06,0.003611449451267297,0.003907727472590789,-0.01651565494299495,-0.010587626326104905,-0.37290631806280783,0.020423382415585823,-0.42468946127123547,0.0012014201746747592
2023-06-07,0.027517381425732824,0.0480636006565796,-0.0001502910063789736,0.0012014201746747592,0.8715209235949586,0.04821389166295849,0.6139562988300699,0.02372998777991812
2023-06-08,0.0,0.02414513209371264,-0.008617011254213562,0.02372998777991812,-0.6889823547225955,0.032762143347926084,-0.2175040037997626,0.025682903750843294
2023-06-09,0.036292624440302824,0.039585181228124273,0.01308068234628071,0.025682903750843294,0.7244331063580841,0.026504498881843426,0.538828733061401,0.009360379861232433
2023-06-12,-0.0028372072100739795,0.011080763027337211,-0.008247752425530006,0.009360379861232433,-0.7297215560841637,0.019328515452867175,-0.355677047094589,0.027360145296799303
2023-06-13,0.014145768560810757,0.030888197598463195,0.010394659239566865,0.027360145296799303,0.27176190619153295,0.020493538358896418,-0.05316163298844026,0.01170450330859665
2023-06-14,-0.0016997732456841739,0.026273787282398313,-0.005131067171091294,0.01170450330859665,0.07304152373221284,0.03140485445348966,-0.04647192929559125,0.009953517840008638
2023-06-15,0.007322427360934636,0.017515779654331126,-0.0030895970167405242,0.009953517840008638,-0.16970931542333212,0.020605376671071714,-0.13294811574731188,-0.03034787775842472
2023-06-16,0.001974406626051484,0.0050180222177561825,-0.03280480117830386,-0.03034787775842472,0.20939576869245405,0.03782282339606007,0.04946896470699638,0.006323194493437905
2023-06-20,-0.004129209654407398,0.018441755329491445,-0.004547762895207265,0.006323194493437905,-0.6100694893049585,0.02298951822469878,-0.46996946129448197,-0.023861960082187744
2023-06-21,-0.004727093130787733,-0.0003451110559841067,-0.028372010925383863,-0.023861960082187744,0.07889046228611823,0.028026899869399654,-0.35893571617246395,-0.004652071591013763
2023-06-22,-0.0035875425932540683,0.000612392888571103,-0.0136873002784827,-0.004652071591013763,-0.055306178695536674,0.014299693167053871,-0.33889255203334195,0.003638499603849632
2023-06-23,-0.009250186126678262,0.007874604562164095,-0.011306872088999389,0.003638499603849632,0.5330955634574633,0.019181476651163626,0.3036917430484536,-0.019239572362443353
2023-06-26,-0.00373322140963411,0.016234659944240705,-0.021743066213348806,-0.019239572362443353,-0.5813724596384162,0.03797772615758956,-0.31607472798471237,0.0027369926671105506
2023-06-27,0.0034799368575012747,0.011806725506773686,-0.010732004446437371,0.0027369926671105506,0.03766529323933076,0.022538729953211222,-0.13999383082792727,0.030135019088058403
2023-06-28,0.014330535872287994,0.0473185383428622,0.013834078274111235,0.030135019088058403,0.6036553291761212,0.03348446006875079,0.4614229779363284,-0.003729256671500928
2023-06-29,0.010391509514601882,0.018463309083671196,-0.008621637044560653,-0.003729256671500928,-0.580229577950812,0.027084946128231938,-0.2427581247230537,0.028203922065161306
2023-06-30,0.006656279182967097,0.03641095128490645,0.006656279182967097,0.028203922065161306,0.3984049866143714,0.029754672101939307,0.15365124015551584,0.002154394489209544
2023-07-03,-0.0016585756851720888,0.0024034974756596736,-0.0203421962689119,0.002154394489209544,-0.6769446226077207,0.022745693744571537,-0.4925988034139538,0.010052581772954504
2023-07-05,0.007829906617309727,0.02135868786753701,-0.004131374925900547,0.010052581772954504,0.6098255486724112,0.02549006279343765,0.14736057670076363,-0.015959858836504966
2023-07-06,-0.01331998814314456,-0.006976541788791026,-0.034636520631282273,-0.015959858836504966,-0.32996893667041427,0.027659978842491103,-0.2495260713065997,-0.001687630052574715
2023-07-07,-0.0005470063192543481,0.007921392257688968,-0.006859661100270481,-0.001687630052574715,-0.17038210177702992,0.014781053357959423,-0.28958417817354326,0.008206364452725474
2023-07-10,0.0009582217809309802,0.014300376171476418,-0.002926033402500041,0.008206364452725474,0.020578618023230806,0.017226409573976535,-0.24104108948128133,-0.003401706917670674
2023-07-11,-0.006951723780330312,-0.0020622912410401435,-0.0244526952731018,-0.003401706917670674,0.07201923192000265,0.022390404032061592,-0.047538771832333834,0.00868525751286841
2023-07-12,0.009810692054668666,0.011743330820471626,-0.005603877678152186,0.00868525751286841,0.2266740359656366,0.01734720849862375,0.1448362952330969,0.014154489673721458
2023-07-13,0.006621470467270377,0.017014679423999018,-0.006484185086382912,0.014154489673721458,0.07165868016926433,0.023498864510381873,0.26347084483307126,-0.01898534663698913
2023-07-14,0.005336796123657488,0.0134532305040584,-0.023998926939070714,-0.01898534663698913,0.1558405683699446,0.03745215744312898,0.36907800860326173,0.01825242718532382
2023-07-17,0.008248059332818374,0.03287662651913217,0.007215194031961258,0.01825242718532382,-0.043193630393181096,0.025661432487170795,0.21091398195340483,0.05353494165797248
2023-07-18,0.0021085942330914104,0.06056575063827533,-0.0028259582213425176,0.05353494165797248,0.6378417947927996,0.06339170885961787,0.7583637520679655,0.005858947098742046
2023-07-19,0.004329310945109563,0.021255237843159566,-0.010160958390219252,0.005858947098742046,0.47619617338420495,0.031416196233378914,0.9897552140855188,-0.08785875500288731
2023-07-20,-0.06619398851150014,-0.06284395271604176,-0.10032699428831993,-0.08785875500288731,0.13326881439658408,0.03748304157227828,0.7928440128195893,-0.022939556813363394
2023-07-21,-0.00011433756936977484,0.0018728902683611407,-0.03307258864581771,-0.022939556813363394,-0.32460860021051224,0.03494547891417874,0.18418349674126044,0.002033061765785421
2023-07-24,-0.005865119452398134,0.0026630803974118074,-0.019630041192896353,0.002033061765785421,-0.74105883799588,0.022293121590308114,-0.6884862700319992,-0.0015653242068225791
2023-07-25,-0.0027819150773575416,0.005842307959415707,-0.005242910456463734,-0.0015653242068225791,-0.5309598485542655,0.01108521841587946,-1.2359958075810136,-0.011830333635548983
2023-07-26,-0.008217026970087958,-0.0057212563933300604,-0.028722874125681364,-0.011830333635548983,0.21229434340388134,0.023001617732351407,-0.9207459460837611,-0.02273252925707966
2023-07-27,0.009958069294771024,0.011409352910186231,-0.02585965418008218,-0.02273252925707966,0.09294434007767087,0.03726900709026835,-0.6063593808882668,0.030063597118831678
2023-07-28,0.005767839284202794,0.03402498598388234,0.001426919264135002,0.030063597118831678,-0.02616385887366012,0.03259806671974726,-0.29326791819699377,0.030508298848878214
2023-07-31,0.0017130760503261725,0.03087269563634865,0.001220588664666327,0.030508298848878214,0.025116984607774086,0.029652106971682246,0.024149239083528996,-0.0007976355637159951
2023-08-01,-0.0036515513900504575,0.01420489742907202,-0.01739533920396176,-0.0007976355637159951,-0.14270740782605157,0.031600236633033824,-0.06499692082745348,-0.020546104257929545
2023-08-02,-0.007758823803836384,-0.007000869574495221,-0.02788042795200665,-0.020546104257929545,-0.15075977956354428,0.02087955837751152,-0.2433205264493505,0.0030207355113106506
2023-08-03,-0.00443155107534335,0.028064197260102952,-0.0058583986228954105,0.0030207355113106506,0.23988308052185797,0.03392259588299834,0.03220809079291197,0.0013911751480548294
2023-08-04,0.004768226194049005,0.012680355536266256,-0.011035132155598345,0.0013911751480548294,-0.1374950986588793,0.023715487691864785,-0.0936214788163197,0.021001284617694897
2023-08-07,0.011197501104654615,0.021795048985249744,-0.006252150176956513,0.021001284617694897,-0.12939741243692968,0.028047199162206424,-0.18958739501330363,-0.005596865265223693
2023-08-08,-0.0009079562034007979,0.006355075140932498,-0.012924663316215685,-0.005596865265223693,-0.23838045610716155,0.0192797384571483,-0.3634205631751355,-0.02167987190884191
2023-08-09,0.0032799717570382862,0.005279183016817228,-0.024738883073316485,-0.02167987190884191,0.02085762129192179,0.030018066090133615,-0.26808719147376425,0.002514944236581915
2023-08-10,0.005162685007154882,0.021269074432355022,-0.0004897423977306944,0.002514944236581915,0.35165012205723123,0.02175881683008581,0.12686283325033695,-0.019539410751961202
2023-08-11,-0.0023284514786881196,0.0015105248241487645,-0.02032236067578901,-0.019539410751961202,-0.3307348313766807,0.02183288549993773,-0.17110363061729858,0.01440973110690642
2023-08-14,0.0007823373927943416,0.01690785752081565,-0.006853627763851302,0.01440973110690642,0.009653098177924022,0.02376148528466706,-0.09428274161250094,-0.009583409460456065
2023-08-15,-0.007909028163133092,0.0031275290517500613,-0.015881198663769296,-0.009583409460456065,-0.16343893371752397,0.019008727715519463,-0.21958854617816478,-0.019663406386298727
2023-08-16,7.085344508029537e-05,0.0019099352089148665,-0.02014484718384564,-0.019663406386298727,0.1636910451521128,0.022054782392760642,-0.036682154108209734,-0.030425683021798072
2023-08-17,-0.001083705806282508,-0.000505601603420332,-0.03395543613830654,-0.030425683021798072,0.4189855944911083,0.0334498345348863,0.3764690446076763,0.00378933449233547
2023-08-18,-0.009148433913804727,0.008696595764224905,-0.01210775880352957,0.00378933449233547,-0.3355475213029865,0.020804354567754382,0.014039939742160308,0.009251793592750374
2023-08-21,-0.005701823816238853,0.012479574220347123,-0.012512093203831029,0.009251793592750374,-0.11036660935616872,0.0249916674241781,-0.11424110298578657,0.01188149194288036
2023-08-22,0.0017375222500851338,0.01808242533141558,-0.0021821261080845304,0.01188149194288036,-0.07023109670783029,0.020264551439500084,-0.17963717811744012,0.0342121025410447
2023-08-23,0.012578753354502238,0.05611978991415296,0.010928246608875453,0.0342121025410447,0.8201935102059343,0.04519154330527749,0.6298571907243969,-0.0494300656069825
2023-08-24,-0.005017847198666513,9.35005435399894e-05,-0.05129946013341695,-0.0494300656069825,-0.3627204887235216,0.051392960676956985,0.09044597874115756,0.022116188472875192
2023-08-25,0.012382167890262764,0.029826182528385852,0.001546973858258622,0.022116188472875192,-0.05361118327548206,0.02827920867012715,0.050152645655366486,0.004867568603703369
2023-08-28,0.004819753716657027,0.009092519690934522,-0.006656264188696635,0.004867568603703369,-0.6101878537242268,0.015748783879631197,-0.6012515701272956,0.02813700832454119
2023-08-29,-0.0049397334723089645,0.033194050410159825,-0.008551964072181078,0.02813700832454119,0.4265929718023595,0.041746014482340874,-0.13910956055260051,0.010825135357739024
2023-08-30,0.0019980150581153824,0.018822218279757403,-0.0038213683416259423,0.010825135357739024,-0.21315283789469766,0.022643586621383452,-0.3860880536181064,-0.0022801650802984712
2023-08-31,-0.007945484800807642,0.005689288381345458,-0.007945484800807642,-0.0022801650802984712,0.047825601899441066,0.013634773182153195,-0.1512269101320675,0.014195003198763684
2023-09-01,0.009295319098321826,0.02689029412962749,0.00517471004215655,0.014195003198763684,0.2314497427877916,0.021715584087471124,0.16928387376475199,0.019808000602651102
2023-09-05,-0.0033929976889087465,0.030383097959387956,-0.004283045896798197,0.019808000602651102,0.2501709997962884,0.03466614385618616,0.44942824978161594,-0.006529244073412078
2023-09-06,-0.0001560246852070754,0.006021770027859401,-0.018422200663898824,-0.006529244073412078,-0.4661481105822408,0.024443970691758233,-0.16888034240399274,-0.0058949667706464535
2023-09-07,-0.01039570366813087,-0.002605714445836117,-0.02053427682160907,-0.0058949667706464535,-0.2787550143659604,0.017928562375773,-0.4199467103662799,-0.0007675553464673594
2023-09-08,0.0009473287674035697,0.008247714246070076,-0.009728097821938016,-0.0007675553464673594,-0.0801824284318486,0.01797581206800807,-0.46802298509783363,0.0057647548482114746
2023-09-11,0.0006095799315038498,0.01588489989846776,-0.00011286214004984264,0.0057647548482114746,0.07713265308760582,0.015997762038517754,-0.3381965270034626,-0.02424975403643906
2023-09-12,-0.005651819304868494,0.00017960081647181103,-0.025561963359059033,-0.02424975403643906,0.06965616073968114,0.02574156417553063,-0.17203623599242138,-0.053027493747638134
2023-09-13,0.0018616046954228495,0.008498565035936035,-0.05679449614070592,-0.053027493747638134,1.3326227437619185,0.06529306117664199,1.3390260437082986,-0.028916888257161967
2023-09-14,-0.004473364166064076,-0.0020640121345547307,-0.03014113322281278,-0.028916888257161967,-0.10065246632062003,0.028077121088258095,0.823479448416597,-0.00890365015895258
2023-09-15,0.0012725971810924677,0.010457289971347703,-0.01372712240649529,-0.00890365015895258,-0.16097661291841195,0.024184412377842968,0.37633354452616974,-0.00641955400595251
2023-09-18,-0.00363437399747624,0.006353491462851055,-0.010993902824913245,-0.00641955400595251,-0.6615458874512296,0.017347394287764464,-0.47183257190232186,0.004553519396731211
2023-09-19,-0.00396317352016935,0.009664186655298876,-0.010577989413150985,0.004553519396731211,-0.14324964209344396,0.020242176068449944,-0.6614845675660986,-0.025304809983334075
2023-09-20,0.0021431561522361345,0.004507766667635999,-0.025770917970886553,-0.025304809983334075,-0.052936799039387784,0.03027868463852268,-0.7382581075176848,-0.0055811721759328504
2023-09-21,0.0005176101847535879,0.02454736064416295,-0.007483327904076046,-0.0055811721759328504,0.36104390986053897,0.03203068854823906,-0.1575762201618811,-0.011362023982808184
2023-09-22,0.0022102091415922846,0.007081435180923234,-0.01518704051683114,-0.011362023982808184,-0.4070344998852148,0.022268475697754354,-0.3915289051577716,0.01305260573202213
2023-09-25,0.00810278123021584,0.01777116496709943,0.0026294955714362784,0.01305260573202213,0.01731563645722908,0.01514166939566316,-0.1528365636968999,-0.01452810878382333
2023-09-26,-0.005002129761490803,-0.0006238499797064739,-0.01952406630197445,-0.01452810878382333,0.08469764567799924,0.01890021632226804,-0.02389188843523208,-0.004386677145906252
2023-09-27,0.00827162695862279,0.01301973012264636,-0.007941782048497175,-0.004386677145906252,-0.06201485021976724,0.020961512171143754,-0.08650823668962312,-0.003262746662321671
2023-09-28,-0.005284137068975632,0.0036217352339257152,-0.017337336452033218,-0.003262746662321671,0.12835671574342802,0.020959071685958876,0.042951501973380636,0.0032892155170683476
2023-09-29,0.009625078417076821,0.01639159226526405,-0.002687254349559592,0.0032892155170683476,-0.0383944910318771,0.019078846614823668,0.06248323094180056,0.007203931967560887
2023-10-02,-0.00031777356289335127,0.018914289988606045,-0.002120839019070203,0.007203931967560887,-0.3042663330175832,0.021035129007676304,-0.2673977844156875,-0.009457504531928874
2023-10-03,-0.008502438554268731,0.037593289008209456,-0.019863131890654067,-0.009457504531928874,1.0515082686455426,0.057456420898863624,0.8169756435462904,0.00039804658055157664
2023-10-04,-0.0006637294881155244,0.00916819845220621,-0.008449599778757044,0.00039804658055157664,-0.7241124523186466,0.01761779823096325,-0.12562501905370668,-0.011501274767351752
2023-10-05,0.0029407517446622226,0.0045003910598930925,-0.025964305153050354,-0.011501274767351752,0.1568986856072994,0.030464696212943496,0.012587833177400818,0.023658499228807618
2023-10-06,-0.011227895366246438,0.026302321691161902,-0.013020834677033476,0.023658499228807618,-0.05233082549150471,0.03932315636819538,-0.06613829562829199,0.011570770726330223
2023-10-09,-0.009110618221417982,0.014726760328965626,-0.009877989109459622,0.011570770726330223,-0.37018111736850107,0.024604749438425236,-0.45851292843870367,-0.03327187870770292
2023-10-10,-0.0009591996778392547,0.0070999513546171665,-0.03614222845097788,-0.03327187870770292,0.792490782427699,0.04324217980559515,0.32643076359835393,-0.019993962902527855
2023-10-11,-0.0014475502876262012,0.011955396582191045,-0.021607542608992843,-0.019993962902527855,0.22755423004486267,0.03356293919118396,0.616326989967053,-0.013010225442628543
2023-10-12,0.001501899688185135,0.007893800141444892,-0.01898039685597327,-0.013010225442628543,-0.2156618294016467,0.026874196997418238,0.22149769453857052,-0.015400319447475969
2023-10-13,-0.015512831887378627,-0.006304365205816938,-0.02565852899518133,-0.015400319447475969,-0.15569740758596184,0.019354163789364463,-0.010441761945180454,0.014347766799415492
2023-10-16,0.0014889266464093846,0.020591686151515066,-0.0025617467941852017,0.014347766799415492,-0.2076564248210656,0.02315343294570039,-0.26508868021265464,-0.014235374255898908
2023-10-17,0.0007757058625024847,0.005196819586383827,-0.01939311066562482,-0.014235374255898908,0.1414838559452133,0.0245899302520086,-0.17687663800537354,-0.027156122766152938
2023-10-18,-0.013357685074042466,-0.0026177973417716464,-0.031382375523565986,-0.027156122766152938,0.6598314143845035,0.028764578181794346,0.5228962686042109,0.148891996945692
2023-10-19,0.15625711921394797,0.1666051680731963,0.12493718727757988,0.148891996945692,0.8986516475005223,0.04166798079561649,1.3564641947991716,-0.002018050794928466
2023-10-20,0.009561668020512218,0.0218371589393148,-0.0094026416206028,-0.002018050794928466,-0.7867497888038234,0.031239800559917624,0.11706143327293307,0.014558252798233152
2023-10-23,0.005868621232650515,0.016277438608283415,-0.0061039734103898475,0.014558252798233152,-0.5479806053053998,0.022381412018673205,-0.5387019151725121,0.016793672458280437
2023-10-24,0.006956389403160495,0.023922568049881198,0.0038026761291814447,0.016793672458280437,-0.1346222638435711,0.020119891920699896,-0.7084082019226731,-0.006012311629116475
2023-10-25,0.005519750928837522,0.012275344751571594,-0.008788158616624972,-0.006012311629116475,-0.02501933179825081,0.02106350336819651,-0.7417906882326475,-0.018925684424309756
2023-10-26,0.0004132469060655776,0.014628024673507541,-0.023894163974444292,-0.018925684424309756,0.08371871637635121,0.03852218864795186,-0.5773310910449043,-0.014150330340873325
2023-10-27,0.007111447946812807,0.016393603806034277,-0.019821456124866944,-0.014150330340873325,-0.3152470584974167,0.036215059930901364,-0.46500375673982897,0.030226961161828946
2023-10-30,0.011197084447410532,0.036886411514795645,0.0038632182823350337,0.030226961161828946,0.06197024474638746,0.033023193232460675,-0.18524806599465435,0.003918359339845342
2023-10-31,-0.002050472685482668,0.005932414339408854,-0.013379148262788666,0.003918359339845342,-0.3157116363945813,0.019311562602197564,-0.433979781275861,0.02043640608756289
2023-11-01,0.007453570607292911,0.021411688103287155,0.006030036443705127,0.02043640608756289,0.2146695388729567,0.015381651659582052,-0.1290854950389849,0.01069958497900112
2023-11-02,0.002329552515553329,0.015350710307512037,-0.007381034650564672,0.01069958497900112,-0.07115615397230712,0.0227317449580768,-0.14406939440221259,0.01785197707704001
2023-11-03,0.00949071012893653,0.023525517672567022,0.0019288849229575527,0.01785197707704001,-0.19932863148415703,0.02159663274960953,-0.24707139426263364,0.005489552821903391
2023-11-06,0.004661144761504215,0.006156380386958492,-0.006380789665585938,0.005489552821903391,-0.1997227721154145,0.012537170052544256,-0.38844576424490096,-0.00029908526469780815
2023-11-07,0.003306874107155607,0.006648524432366077,-0.008640074081056031,-0.00029908526469780815,0.0915434685503953,0.015288598513422147,-0.18653617469710151,0.004682936309934742
2023-11-08,0.0008969875718017288,0.007929653329166758,-0.0021421078611106475,0.004682936309934742,-0.333917088674274,0.010071761190277556,-0.4904306622150384,-0.0034411946175281487
2023-11-09,0.0031554534029941085,0.008505969843834166,-0.005281287503735585,-0.0034411946175281487,0.1490094677955148,0.01378725734756976,-0.20528144174974025,0.027404556234566113
2023-11-10,0.005340230370490947,0.02794108332099173,0.0008269428006825001,0.027404556234566113,0.4844752679275951,0.02711414052030934,0.38860360672793937,-0.005875316173921326
2023-11-13,2.2346828060504696e-05,0.0026572187190547214,-0.010428951749789294,-0.005875316173921326,-0.42742449813528843,0.01308617046884423,-0.08892706215675475,0.009023085885628933
2023-11-14,0.009312727945074938,0.02105338953606659,0.002291407431490437,0.009023085885628933,0.3380396196101933,0.018761982104576073,0.2559023880543613,0.029191906647566157
2023-11-15,0.009229461205523693,0.030943873272196117,0.008434125034214162,0.029191906647566157,0.21506848339085355,0.022509748237981946,0.4231629474774604,0.010787161217084925
2023-11-16,0.002292019804931099,0.011493645643809867,-0.0049696841737112835,0.010787161217084925,-0.3201034537231935,0.01646332981752112,-0.0474555238028214,-0.002229705109498698
2023-11-17,0.0,0.0014979608088853773,-0.009013596756524316,-0.002229705109498698,-0.2672860942426263,0.010511557565409738,-0.3616459519356714,0.01820588810685354
2023-11-20,-0.00109520337068584,0.023020718179338564,-0.00109520337068584,0.01820588810685354,0.2567272631922911,0.024115921550024483,-0.01964217873369316,0.0010111508296187896
2023-11-21,-0.003885510319430147,0.005360049675660712,-0.00689454181958887,0.0010111508296187896,-0.18796549457931058,0.012254591495249654,-0.24597463249934554,0.006401203683191903
2023-11-22,0.0038876093044513007,0.016185839302658888,0.003384083331655641,0.006401203683191903,-0.053478054146543975,0.012801755971003182,-0.24238848028863175,0.003258327036453967
2023-11-24,-0.0018636749639439375,0.005008392733053922,-0.005874938848870382,0.003258327036453967,-0.7045435169609867,0.010883331581924284,-0.8177741641612535,-0.0008136068871999628
2023-11-27,-0.0011058201852389917,0.005075086312386005,-0.008817671971805436,-0.0008136068871999628,0.9482787764986285,0.01389275828419144,0.2830612710273911,-0.00035480741320928814
2023-11-28,-0.0022145879059851667,0.002771775852681311,-0.006742604334601841,-0.00035480741320928814,-0.2267768294712625,0.00951438018728317,-0.002522592349676655,-0.003785857743864831
2023-11-29,0.0,0.00414583029925443,-0.009460058597981422,-0.003785857743864831,-0.012078744759312499,0.013605888897235893,0.03691177163623054,-0.0067707564909939245
2023-11-30,-0.003947586019613279,0.0029295336893839464,-0.014288862727544583,-0.0067707564909939245,0.4064102050509412,0.01721839641692856,0.4537099727962147,-0.0175164483507589
2023-12-01,-0.001689254699157036,0.0026548572928922903,-0.01996721440096807,-0.0175164483507589,0.012562746344841134,0.02262207169386029,0.3653765853226372,-0.025750670665215605
2023-12-04,-0.010251237077430059,-0.00979580144538329,-0.031716890169724406,-0.025750670665215605,0.17227083317078598,0.021921088724341235,0.3595346762519723,0.002750125525807436
2023-12-05,-0.007074973090139507,0.0054708097902097,-0.009563078338504914,0.002750125525807436,-0.4224079550450726,0.015033888128714794,-0.1445436846754118,-0.01867262875671758
2023-12-06,0.010599467941742198,0.011685817586330936,-0.020913592239848885,-0.01867262875671758,0.21194133533693957,0.0325994098261799,0.04259540648686124,0.01172780392674165
2023-12-07,0.009180276854539612,0.013694909948738064,0.0035528867009945206,0.01172780392674165,-0.17534869968151864,0.010142023247743466,-0.19675103175797556,0.003886215086405736
2023-12-08,-0.0027471448880989915,0.007713503239096368,-0.0027471448880989915,0.003886215086405736,-0.013869369928412279,0.01046064812719536,-0.17336608521057584,0.013418884147904684
2023-12-11,0.01226582251237349,0.036546277016796046,0.007574406834027321,0.013418884147904684,0.3544720799047825,0.028971870182768863,0.2249962919961181,0.006739741662327113
2023-12-12,0.011544585428844444,0.012361095600752799,-0.0015014908152612865,0.006739741662327113,-0.40053781851373726,0.013862586416014032,-0.1638898971250278,0.03601742164826724
2023-12-13,-0.0022053972111365713,0.03865984799393396,-0.0022053972111365713,0.03601742164826724,0.566594309651747,0.040865245205070545,0.4067218680854611,-0.021373495735349326
2023-12-14,0.000791348924108076,0.001623730271705515,-0.03222327851370512,-0.021373495735349326,-0.1172247914486992,0.03384700878541058,0.208182806537815,0.004735159781775167
2023-12-15,-0.005399523610524598,0.006724408841156775,-0.005399523610524598,0.004735159781775167,0.41525654328340694,0.012123932451681335,0.5469945853810283,0.029349373655387048
2023-12-18,0.00894180692932338,0.04145386154722959,0.006419149561416384,0.029349373655387048,-0.20139790791039436,0.03503471198581329,0.1689802781462811,0.018142646641027094
2023-12-19,0.004679248402649582,0.020402616018782526,-0.004246667548745376,0.018142646641027094,-0.5101550950367815,0.024649283567527755,-0.39444067502260655,-0.011683697310186446
2023-12-20,-0.006119411599959841,0.011788386513578065,-0.013483862220909748,-0.011683697310186446,0.17032032372359163,0.025272248734487954,-0.24307377590833534,0.004771258659596293
2023-12-21,0.0069048111208606456,0.010430432077577857,-0.005122752269513023,0.004771258659596293,-0.5042807785662934,0.015553184347090914,-0.7032117387925346,-0.009914543438969442
2023-12-22,0.004849843127581772,0.008930567538770563,-0.012609446851132054,-0.009914543438969442,-0.01960164611554054,0.02154001438990268,-0.6318706831671244,0.009059846247822606
2023-12-26,0.005388539269944819,0.009650061273404833,-0.0007809400849987701,0.009059846247822606,-0.28400118488375936,0.010431001358403524,-0.6900605836273906,0.0012208057241879808
2023-12-27,0.00010181016699417992,0.005745003089278858,-0.003957417075306113,0.0012208057241879808,0.23026485363872976,0.009702420164585075,-0.2167498289184905,-0.0026061740770701282
2023-12-28,0.0004269185175893936,0.002234241652502971,-0.00554615439176464,-0.0026061740770701282,-0.403729216662815,0.007780396044267672,-0.5360573713386247,-0.007427958897075894
2023-12-29,-0.0002854567210217998,0.0035004388481698016,-0.017626009364403044,-0.007427958897075894,0.4713911490944412,0.02112644821257273,0.15246876535421855,-0.03848161139844964
2024-01-02,-0.007607724412573445,-0.004590696420440974,-0.05275584781136919,-0.03848161139844964,0.6110925498174261,0.04816515139092823,0.7648881393239745,0.003749684896874965
2024-01-03,-0.0025218545648019322,0.013884015028005545,-0.005844126264344686,0.003749684896874965,-0.38272294958996594,0.01972814129235013,0.20007203559080125,0.009334051814584719
2024-01-04,0.0057673573913856,0.02204085671119917,-0.007963429721100248,0.009334051814584719,0.054475205855034715,0.030004286432299507,0.15926479335204666,-0.0012859471952438555
2024-01-05,0.003847949296416486,0.010228396536246248,-0.006064632378578161,-0.0012859471952438555,-0.32354365996914974,0.016293028914824335,-0.23132343528013669,0.022876852093131606
2024-01-08,-0.0003586326605020933,0.023309719429199384,-0.0008651708668370047,0.022876852093131606,0.3342927754059281,0.024174890296036384,0.04892211694141396,-0.006079899702768619
2024-01-09,-0.019780709719533343,0.0001237067368624848,-0.023425396450096312,-0.006079899702768619,-0.04137985181850174,0.023549103186958804,-0.044514386663328846,-0.007829936327369945
2024-01-10,-0.00101692018934323,0.01013332773309624,-0.01914117507203065,-0.007829936327369945,0.20803624642767793,0.029274502805126883,0.24971750948792873,0.028645203564486518
2024-01-11,0.029274833738582518,0.05110406485341012,0.011412061398927949,0.028645203564486518,0.6101765001223657,0.03969200345448202,0.8081243032225732,-0.0001422194364593895
2024-01-12,0.016681474104564935,0.017240744641418084,-0.00329654663692343,-0.0001422194364593895,-0.46842605201167853,0.020537291278341543,0.12089357013738554,-0.022437741236330515
2024-01-16,-0.0043984677115859825,0.00403527453325093,-0.029151325139326566,-0.022437741236330515,-0.06709322688502085,0.033186599672577546,-0.0478636112361764,-0.0018927302021266724
2024-01-17,0.006751329497837335,0.010274478492097297,-0.012504074327721456,-0.0018927302021266724,0.04504814472268498,0.022778552819818942,-0.04287896303205409,0.010314438159974494
2024-01-18,-0.0006248197590384585,0.011261866564733398,-0.004820853700869335,0.010314438159974494,-0.18832984546208137,0.016082720265602726,-0.2833688176664729,-0.004874734826431142
2024-01-19,-0.0006801499108107487,0.0007415830316044259,-0.019243949984352377,-0.004874734826431142,0.33580959746037103,0.0199855330159569,0.06319959700956503,0.0056986296766141755
2024-01-22,0.009479780477592473,0.014084044460792592,-0.006335306871800405,0.0056986296766141755,-0.08459109152081107,0.0204193513325929,0.06981406912434546,0.0132531363803917
2024-01-23,0.012867011611248959,0.026914209995037502,-0.008913207717665139,0.0132531363803917,1.0902058287125245,0.03582741771270272,1.1514736076391896,0.10168236837006697
2024-01-24,0.08852893975473575,0.1335262773102249,0.08726359670006191,0.10168236837006697,0.5333786174276094,0.04626268061016312,1.3190365977673046,0.030954638330708995
2024-01-25,0.01291023179689589,0.033549132821588244,0.006567137996672003,0.030954638330708995,-1.0283898837271583,0.02698199482491621,-0.18525317305088937,0.014871064919856644
2024-01-26,-0.00033815337420775484,0.0309053698179115,-0.006372615313683982,0.014871064919856644,0.3009298745648417,0.03727798513159561,0.02501708224530063,0.009370057586335438
2024-01-29,0.0016290238265312198,0.014152037021106009,-0.013661817839068429,0.009370057586335438,-0.6148419398416965,0.027813854860174403,-0.6977647650283321,-0.02272982588549183
2024-01-30,-0.014819494983101799,-0.0085639341063254,-0.026342974492932224,-0.02272982588549183,-0.11069422302342309,0.017779040386606715,-0.8325714690355811,0.002236095409597694
2024-01-31,0.0,0.016388037340818628,-0.0014401638716887545,0.002236095409597694,-0.24106500241782122,0.017828201212507243,-0.9329901094284304,0.006009105166844033
2024-02-01,0.005145315054535204,0.01504289661481622,-0.0004964781605937418,0.006009105166844033,-0.4255518666749017,0.015539374775410075,-0.9286226972348292,-0.005069988308302604
2024-02-02,-0.005282554066989112,0.0005108618737805636,-0.009098373091654495,-0.005069988308302604,0.23946830168206673,0.009609234965434995,-0.5192034449042892,-0.004579743792752287
2024-02-05,-0.0038505437365591658,0.01948517959405706,-0.013264108544505883,-0.004579743792752287,0.026983376116406416,0.032749288138563024,-0.19403930047565832,-0.011056162438004618
2024-02-06,0.0036583440787809796,0.00758595606201782,-0.013776289753348906,-0.011056162438004618,-0.3775346195056162,0.021362245815366672,-0.4552355733336374,0.006133541156721802
2024-02-07,0.004093227402472014,0.021216756412840092,-0.0016203692702245055,0.006133541156721802,0.4316767882015782,0.022837125683064518,0.13807277169331858,-0.0013776634342159018
2024-02-08,0.0022324427598929093,0.00783616885530662,-0.006385424690951388,-0.0013776634342159018,-0.32012136833775995,0.014221593546257943,-0.1563104350857162,0.004982808489545207
2024-02-09,0.011517387296726581,0.013285707394476657,-0.0007701614487865078,0.004982808489545207,-0.03845640131463364,0.014055868843263307,-0.19484763555792797,-0.006201046035356335
2024-02-12,-0.0017117305372995664,0.012604645522595095,-0.00772589871467862,-0.006201046035356335,0.16628347458393214,0.020330544237273745,0.025501863320797492,-0.005987237687492781
2024-02-13,-0.012718306205855068,0.002417051871514078,-0.01599163700058623,-0.005987237687492781,-0.02724887691325276,0.01840868887210008,0.02911988391419076,0.043769371606292184
2024-02-14,0.022714914464552604,0.047078088285155376,0.01755400460044129,0.043769371606292184,0.4728118709647202,0.029524083684714077,0.46332829115911106,0.024097586070192915
2024-02-15,0.004443588890769463,0.02461978026670775,0.0017074610797642126,0.024097586070192915,-0.0761853667555574,0.022912319186943555,0.31843745053318023,-0.016154455729231063
2024-02-16,0.0058635263862514275,0.005947299879261751,-0.0273306783744923,-0.016154455729231063,-0.18809582382752713,0.03327797825375397,0.028023859547641226,-0.015219259873668577
2024-02-20,-0.006476943516511854,0.00350439297445842,-0.02477568589911086,-0.015219259873668577,-0.3253957265838026,0.028280078873569304,-0.356006389413191,-0.0030997761737188486
2024-02-21,-0.0028207071501557207,0.0011295172314696753,-0.01367261969777985,-0.0030997761737188486,-0.31913413666647517,0.014802136929249431,-0.653184538056818,0.026029615898724334
2024-02-22,0.016261969583697206,0.030065828073657964,0.00961614122452261,0.026029615898724334,0.4402901202433898,0.020449686849135448,-0.15433376131604395,-0.00837869346883121
2024-02-23,-0.0035238102510108987,0.006706772670006105,-0.014808266711797628,-0.00837869346883121,-0.31685644227356713,0.021515039381803693,-0.36312380049252313,0.006984265246381679
2024-02-26,0.0,0.012245672035606872,-0.0004970617749641869,0.006984265246381679,-0.07063750571791107,0.012742733810571066,-0.2787438874340075,0.02357759701389051
2024-02-27,0.012429883353077632,0.02969178859888936,0.007932418668036631,0.02357759701389051,0.6288787765351002,0.021759369930852934,0.48041987696986854,-0.008663427102757325
2024-02-28,-0.009820887298231452,-0.0058341022715014445,-0.019569642608059983,-0.008663427102757325,-0.5442096148451987,0.013735540336558513,-0.15757968253679502,0.010738822801665378
2024-02-29,0.012942314853685202,0.013389057045178381,-0.002215434629167114,0.010738822801665378,0.3156442104529927,0.015604491674345395,0.13635965743494008,0.026869849454937735
2024-03-01,-0.00517159329533214,0.02838647212261031,-0.005688527711518975,0.026869849454937735,0.17853042424072205,0.03407499983412943,0.3119746370560333,-0.0056834099672698635
2024-03-04,0.003578054081194486,0.008168876021865541,-0.00690203313976485,-0.0056834099672698635,-0.34632791818236874,0.015070909161630302,-0.13768541865935935,-0.02854445489004381
2024-03-05,-0.009348103746551192,-0.0080213120741212,-0.039464306621522116,-0.02854445489004381,0.24261308259676742,0.031442994547400946,0.06941044173529318,-0.001354257764594389
2024-03-06,0.007474109796042395,0.015633232208296335,-0.008288212331827175,-0.001354257764594389,-0.44391305259241015,0.02392144454012352,-0.3382234442747102,0.01794113299415646
2024-03-07,0.0027567764641754436,0.021255213647464098,-0.0029993714248179085,0.01794113299415646,0.10492310222225987,0.024254585072281964,-0.22543929529252318,-0.006082507364122971
2024-03-08,-0.0003945179116966869,0.012379700847980513,-0.012684704697665734,-0.006082507364122971,0.012463929468908905,0.025064405545646398,-0.163505767776345,-0.006452437046535624
2024-03-11,0.005375562807187061,0.010166066829712966,-0.00738475638718436,-0.006452437046535624,-0.10479255880727839,0.017550823216897243,-0.17255081182421952,0.016749481142266265
2024-03-12,-0.0011988378667886805,0.023631503585412727,-0.007784864130030719,0.016749481142266265,0.12065343285000228,0.03141636771544351,-0.016317796274051298,-0.0026710053696953353
2024-03-13,0.003740460647391961,0.006150434081148714,-0.006353205423217706,-0.0026710053696953353,-0.2524441114565604,0.01250363950436638,-0.19437549515262334,0.005824321515645225
2024-03-14,0.009065361712068933,0.01845209226964152,-0.0034516648987485406,0.005824321515645225,0.3531332569088158,0.021903757168390003,0.17982379752440486,-0.011699260299974116
2024-03-15,0.016036869077573818,0.016036869077573818,-0.015105087840492332,-0.011699260299974116,0.7598664658289204,0.031141956918066097,0.9111254272725289,0.020437370419595622
2024-03-18,0.012596075156069886,0.03491828511147313,0.007514392809581596,0.020437370419595622,-0.6906322091744495,0.02740389230189172,-0.0344282952853997,0.003792998124079947
2024-03-19,-0.004489443202266415,0.004662501728576536,-0.016944468311895028,0.003792998124079947,-0.44520745720011085,0.021606970040471442,-0.5272126034304387,0.011134094209700815
2024-03-20,-0.001273523456999203,0.014029406521423258,-0.003873873789817501,0.011134094209700815,0.20856946043521316,0.017903280311240725,-0.2805149457766732,-0.007965510686787712
2024-03-21,0.004704581693902662,0.010570199555973138,-0.008575903929559741,-0.007965510686787712,-0.05122350689045074,0.019146103485532924,-0.3570242070211086,0.008475149636129138
2024-03-22,0.0023258322488985362,0.010129806014929037,-0.0027498620145490755,0.008475149636129138,-0.1605715365952829,0.012879668029478031,-0.48279777431644333,-0.0008761708360656139
2024-03-25,-0.00017513631199133473,0.0038936654171701332,-0.00775273100578466,-0.0008761708360656139,-0.16917614206471118,0.011646396422954751,-0.34801894504261494,0.002832840382594643
2024-03-26,-0.0036082923075746723,0.010983996105575855,-0.01328388799340537,0.002832840382594643,0.44160695023516555,0.024267884098981073,0.22218127599359608,-0.025283565402849383
2024-03-27,-0.00036556820872050755,0.0033476187399609837,-0.029857745099603292,-0.025283565402849383,-0.06488802060796375,0.03320536383956415,0.10001857982012466,-0.010156844354685134
2024-03-28,0.0023768432873204235,0.0023930946500006515,-0.01965301640479914,-0.010156844354685134,0.34437112480500476,0.022046111054799863,0.44533206109069,0.011427353952521207
2024-04-01,0.0011025406159886932,0.01272881059830698,-0.002902178656883547,0.011427353952521207,-0.5612281202631894,0.015630989255190582,-0.21221205020241132,-0.00016277018621449547
2024-04-02,-0.005402748556226676,0.0011713375556246465,-0.014428626292862016,-0.00016277018621449547,-0.04183862718970825,0.015599963848486668,-0.2525358385704563,0.02550987368007643
2024-04-03,-0.0023798652577725937,0.026033494602969227,-0.004421932487863739,0.02550987368007643,0.3677702687872762,0.03045542709083308,0.0980862730376499,-0.020750872332217108
2024-04-04,0.004955320937811015,0.01249148513827604,-0.02165869191781685,-0.020750872332217108,0.04440726281483348,0.0341501770560929,0.13300286345665863,0.030385628729464046
2024-04-05,0.012527736906235548,0.033101299388143844,0.008985005460710384,0.030385628729464046,0.09770145855869697,0.024116293927433374,0.19871661890999107,-0.012288729272889036
2024-04-08,0.0003300393478225771,0.004422935611241518,-0.012766219161865622,-0.012288729272889036,-0.45405477740230615,0.017189154773107052,-0.23122193902883087,-0.01638078861107916
2024-04-09,0.005680778628162794,0.005680778628162794,-0.020546684113207467,-0.01638078861107916,-0.000979180830340225,0.02622746274137041,-0.23440293391968128,0.0006145315241961593
2024-04-10,-0.011764164633693494,0.0031332332546008673,-0.014435651607785926,0.0006145315241961593,0.2693445963392004,0.017568884862386887,0.026533804798820632,0.01635485149901166
2024-04-11,0.009396684096463558,0.020924724214918106,-0.002168644904125357,0.01635485149901166,-0.052490609392491415,0.023093369119043364,-0.016766306777676616,-0.0095077842386779
2024-04-12,-0.0008750366965137646,0.006878574190582165,-0.015805411775593355,-0.0095077842386779,0.10561210829687695,0.022683985966175543,0.1189579898288733,-0.025497743533013175
2024-04-15,0.011715973589369762,0.011715973589369762,-0.03091466338250656,-0.025497743533013175,0.0417285547135581,0.04263063697187648,0.19314022331501934,0.016935558837539326
2024-04-16,0.0005762952016929313,0.0248874066549281,0.0005762952016929313,0.016935558837539326,0.13152396650395318,0.02431111145323537,0.2533763324400482,-0.00622153264850306
2024-04-17,0.005571334703059348,0.005571334703059348,-0.016013645863245256,-0.00622153264850306,-0.060592653926401695,0.021584980566304698,0.09682270525736965,-0.00511334138081446
2024-04-18,-0.0025942533021760536,0.012372426221980213,-0.01355096892586169,-0.00511334138081446,0.9387289676393943,0.025923395147841845,1.0024458148901836,-0.09533635245898124
2024-04-19,-0.07246646773215537,-0.05307406089454322,-0.10053871265656739,-0.09533635245898124,0.6639656511503685,0.04746465176202399,1.3489557422098217,-0.0007930956884595691
2024-04-22,-0.00792261919985237,0.006411343978814704,-0.023755756966993936,-0.0007930956884595691,-0.6488125143329715,0.03016710094580882,0.21031575095063326,0.04089415889141026
2024-04-23,0.003402053169964486,0.04341801420553412,0.0012253721591803893,0.04089415889141026,-0.5469688575569652,0.04219264204635365,-0.4835557404982913,-0.03995695028249698
2024-04-24,-0.005971959595395709,-0.0014549676289297823,-0.04686213059508162,-0.03995695028249698,0.07356085666639929,0.045407162966151784,-0.44545543090921436,0.017287352791446355
2024-04-25,-0.010248363088680792,0.020363349844655435,-0.017096641829733937,0.017287352791446355,-0.34121898028194714,0.03745999167438947,-0.8343915218622537,-0.006340854821048397
2024-04-26,-0.011736457714210896,-0.003334159198563993,-0.02077015067858422,-0.006340854821048397,0.1293000792455219,0.017435991480020122,-0.5926959403291795,-0.0031051453073314963
2024-04-29,-0.003659411450353473,-0.0028370908459499026,-0.012533021173429314,-0.0031051453073314963,-0.5463234136296012,0.009695930327479414,-0.7690772846337103,-0.015944454819606907
2024-04-30,0.0009111057834233357,0.0009111057834233357,-0.018235313295745407,-0.015944454819606907,0.29254289285350155,0.019146419079168808,-0.2217157885327512,0.0019413487787812889
2024-05-01,-0.005097942371156157,0.017551772920334083,-0.011672537029688058,0.0019413487787812889,0.032689056277398675,0.029224309950022224,-0.10897369693729347,0.02406859993197875
2024-05-02,0.007781714327153625,0.02461701265128591,0.0070080061976452775,0.02406859993197875,-0.123985288775817,0.0176090064536408,-0.13071715673204956,0.02479832007455114
2024-05-03,0.0015028794072665162,0.02638512394974215,1.7684541395992428e-05,0.02479832007455114,0.07510154657843772,0.026367439408346013,-0.01243334457160722,0.029977345446644387
2024-05-06,0.004271615995533834,0.0305969930211631,0.0015695795399923132,0.029977345446644387,0.10843062796835895,0.029027413481170758,0.15917190066191605,0.01501312353167397
2024-05-07,-0.0011565095930618132,0.01509564600516804,-0.009509511841323556,0.01501312353167397,-0.019780383016552966,0.024605157846491456,0.0671624378029822,0.00570974311420419
2024-05-08,-0.0072373524038548305,0.019964397567288746,-0.0072373524038548305,0.00570974311420419,-0.15541043095078375,0.02720174997114343,-0.10308701301031299,0.004289620536809419
2024-05-09,0.008056455477722126,0.010202587938411299,-0.006122331712407286,0.004289620536809419,-0.40410851875282944,0.016324919650818722,-0.4848297511458506,-0.001995124489583245
2024-05-10,0.011225972794497389,0.019238972958817598,-0.011551689299282113,-0.001995124489583245,0.25059329639553907,0.0307906622580996,-0.17257671181134163,0.009320103734038111
2024-05-13,0.005599213086519645,0.011960158405858366,-0.0066355362430328794,0.009320103734038111,-0.2405729793909719,0.018595694648891437,-0.37079300915700075,-0.0047632565400976615
2024-05-14,-0.002305679192935225,0.007899407287711562,-0.013371740892105485,-0.0047632565400976615,0.2915572118543756,0.02127114817981689,0.03267236803936661,-0.00022816438926621612
2024-05-15,0.007969290063365917,0.016869562249905476,-0.007458591907862774,-0.00022816438926621612,0.708393491132819,0.024328154157768376,0.8038003666305005,-0.004901860300563303
2024-05-16,0.0036281665351579114,0.007825579208079466,-0.007246836300175889,-0.004901860300563303,-0.6180571794556537,0.015072415508255336,0.000903431135548461,0.017181086836866928
2024-05-17,0.010558013715359657,0.024703806085343467,0.006839600245571073,0.017181086836866928,0.21320028757387868,0.017864205839772367,0.15121705038197802,0.03125650829060926
2024-05-20,-0.0011276633327693163,0.03678093095409088,-0.0025471301626489953,0.03125650829060926,0.01968495361656165,0.039328061116739824,0.10376334015998295,0.01516172069763384
2024-05-21,-0.006355819804204175,0.015576636352548048,-0.010352706328379927,0.01516172069763384,-0.27847088689638844,0.025929342680927833,-0.27173475302328753,-0.01570810229087903
2024-05-22,-0.005347732080229941,-0.002092440833232724,-0.019383980643470706,-0.01570810229087903,-0.294071870550552,0.017291539810237892,-0.5724546227148,-0.007522654208766098
2024-05-23,0.002915540483825668,0.003491433454422179,-0.016482416703988114,-0.007522654208766098,0.06135417609115159,0.01997385015841023,-0.31121980618396966,0.017280286371387413
2024-05-24,0.005850633267132769,0.025364933239749952,0.0030315192704430853,0.017280286371387413,0.12244440106415437,0.02233341396930703,-0.14062106394716722,0.0034728719631331546
2024-05-28,0.0004637313139946779,0.004627781785319008,-0.005768466973187178,0.0034728719631331546,-0.002220181588749639,0.010396248758506407,-0.0621045401391745,0.008622143626109349
2024-05-29,-0.007532139859129247,0.023225890367511146,-0.007904837101550665,0.008622143626109349,0.3480654650350229,0.0311307274690618,0.3801833542384662,-0.010689034451364916
2024-05-30,-0.001681786967440789,0.00285260910341094,-0.015223265962950391,-0.010689034451364916,-0.436391088186982,0.018075875066361376,-0.11578943110311721,-0.009369581300585173
2024-05-31,-0.005651580292180222,0.0014195347113479192,-0.030348060838164572,-0.009369581300585173,0.5330556605714699,0.03176759554951232,0.4015303392092943,-0.012278573285040239
2024-06-03,0.005595125011111215,0.008009959380476623,-0.022619179163984017,-0.012278573285040239,-0.5608139999779458,0.030629138544460765,-0.28059439304307593,-0.0034297671228586107
2024-06-04,-1.582974322717041e-05,0.002269424496071688,-0.011664679129965402,-0.0034297671228586107,0.25826722369608,0.013934103626037114,-0.003172941081747741,0.02909974014546765
2024-06-05,0.0037925787380978506,0.030605665385995268,-0.005349739113996868,0.02909974014546765,-0.114555419753123,0.03595540449999211,-0.14380886103530752,-0.0026948646144301196
2024-06-06,-0.0083079328185,0.011802120542796807,-0.009316284443290562,-0.0026948646144301196,-0.08390524852163175,0.02111840498608737,-0.16004861683048555,-0.010930336166651759
2024-06-07,0.0013253128366273398,0.0028947690973555504,-0.01284966474105663,-0.010930336166651759,-0.273419596090409,0.01574443383841229,-0.4388288999079085,0.004712307982493353
2024-06-10,-0.0007174419967977947,0.005162157599354698,-0.009208795441717954,0.004712307982493353,0.0953779984186228,0.014370953041072625,-0.17999371869136885,0.006264378518818671
2024-06-11,-0.005882252922894466,0.008789809658470947,-0.006194398081382077,0.006264378518818671,0.048688665214322725,0.014984207739853072,-0.11011527303515206,0.002325462073167681
2024-06-12,0.005627452704446097,0.011086257970299501,-0.008423417350186898,0.002325462073167681,-0.0342611763332594,0.019509675320486364,-0.07234731036200041,0.004910541613445373
2024-06-13,-0.009365865822321453,0.007952249870041886,-0.011931279640974474,0.004910541613445373,-0.1167570152129938,0.019883529511016355,-0.13544119046493744,0.024376806480092963
2024-06-14,0.0027363694364372,0.03359640407013319,-0.0009494825998478308,0.024376806480092963,0.8697420973851591,0.034545886669981034,0.792486965484143,0.009589604122161262
2024-06-17,-0.00040344606639269957,0.019718262860038527,-0.006399499344184095,0.009589604122161262,-0.202689026185545,0.02611776220422285,0.36237997911954023,0.014454914168973206
2024-06-18,-0.0002959265188973457,0.0164800754725618,-0.0017623987098207541,0.014454914168973206,-0.20986190838376953,0.018242474182382624,0.035636682163694776,-0.009731174598660582
2024-06-20,-0.00566011782528603,0.006121172377817311,-0.01758186321448789,-0.009731174598660582,-0.12993707184465547,0.023703035592305077,-0.14752054926842104,0.01038722501860769
2024-06-21,0.006210100521520749,0.011523449355758749,-0.001370573720294741,0.01038722501860769,0.5557344166666734,0.012894023076053498,0.37598214479167397,-0.025238570991329284
2024-06-24,-0.0016336941628413617,-0.0009039889039850585,-0.03201770019739317,-0.025238570991329284,-0.14035127807993228,0.031113711293408106,0.07792220561082737,0.0050542721509467614
2024-06-25,0.006584969871777837,0.006926367316538517,-0.010095285256807737,0.0050542721509467614,-0.5451032167701387,0.017021652573346268,-0.43743912529209816,0.007821681227640659
2024-06-26,0.0,0.015568024263625148,-0.003560687295943712,0.007821681227640659,0.4457196907338468,0.019128711559569023,0.08882104240807838,0.009764927683866333
2024-06-27,0.0024465079206220514,0.01592710128302573,0.0006638855893742573,0.009764927683866333,-0.38829706446557005,0.015263215693651602,-0.335913673658429,-0.013919960580331963
2024-06-28,-0.007833692465051884,0.0038794053046460318,-0.01659066913763115,-0.013919960580331963,0.3499491160358297,0.020470074442277223,0.024809985554969934,-0.0018835725861461065
2024-07-01,1.4809200131065462e-05,0.00020742187179186475,-0.016584137467723123,-0.0018835725861461065,-0.433157174124046,0.016791559339515035,-0.34035761337394066,0.008823653653484689
2024-07-02,-0.00010397928035319555,0.0119970969767372,-0.005269068315774803,0.008823653653484689,0.08594880977271663,0.017266165292512004,-0.13837986691325485,0.004302207934755024
2024-07-03,-0.0030949147438162584,0.006117390752993193,-0.00602176040518351,0.004302207934755024,-0.5412383748812732,0.01213915115817665,-0.6897355964329579,0.011856047577414392
2024-07-05,0.0,0.02171101363284732,-0.007766227889854216,0.011856047577414392,0.6390186028572696,0.029477241522701453,0.11552823691680973,-0.007134707850375147
2024-07-08,-0.0052989706945300915,-0.0025951381247765986,-0.01335161052988933,-0.007134707850375147,-0.3200532948728689,0.010756472405112714,-0.2257669974761755,0.0
2024-07-09,0.006193086946312871,0.013801754831077396,-0.0014885132888609186,0.0,0.2960758940969684,0.015290268119938276,0.20093522976133601,-0.011867589189852252
2024-07-10,-0.001050491766668521,0.002155964986690687,-0.018515439692540207,-0.011867589189852252,0.02126604532085682,0.02067140467923086,0.18673718902286252,-0.037436690499741014
2024-07-11,-0.007643671809784288,-0.007643671809784288,-0.04560474536107118,-0.037436690499741014,0.6552574565068073,0.03796107355128681,0.8203683412935963,-0.007920976165037494
2024-07-12,0.0,0.004844643067312455,-0.01394588269589752,-0.007920976165037494,-0.42002243956331486,0.01879052576321002,0.1156059544287353,0.013573223452067677
2024-07-15,-0.0001544612166685605,0.030326025866374347,-0.0014989628910170492,0.013573223452067677,-0.04461434569181234,0.03182498875739144,0.025464850355133562,-0.00019794570087460064
2024-07-16,0.008116921856382008,0.010953570340540505,-0.011213442402321973,-0.00019794570087460064,-0.17795563385619878,0.022167012742862466,-0.23103429438635031,-0.01359148300115702
2024-07-17,-0.00967616965187169,-0.00898412964457005,-0.02600884622545843,-0.01359148300115702,0.4026686335699857,0.017024716580888347,0.1663523669189856,-0.006850105551185622
2024-07-18,0.014018011300918655,0.0146878861202478,-0.0128865927215735,-0.006850105551185622,0.6343489211925931,0.027574478841821255,0.7234820170941186,-0.015199547024618605
2024-07-19,0.027002163418648563,0.05437004671664787,-0.02188494635889165,-0.015199547024618605,0.2590140004019776,0.07625499307553947,0.8564023043503339,0.022111396609099564
2024-07-22,0.009679235984553492,0.03559533398456908,-0.0011691126258746483,0.022111396609099564,-0.6316479835455865,0.036764446610443625,-0.04524102576828022,-0.007347374206872449
2024-07-23,0.0,0.0037150568690166004,-0.010089360457686207,-0.007347374206872449,-0.7507012784057261,0.01380441732670272,-0.8669865534983313,-0.010588594775748297
2024-07-24,-0.010981724000310165,0.014917057366862241,-0.015822487187293614,-0.010588594775748297,0.6852004427317628,0.030739544554155906,-0.17418054785640608,-0.0029919181360008244
2024-07-25,0.007846608524934543,0.021758785497022242,-0.02272519276816429,-0.0029919181360008244,-0.07070838235978659,0.04448397826518646,-0.27438625709096726,-0.004298828488061619
2024-07-26,0.017059410340701235,0.020139893297634773,-0.006836214193534316,-0.004298828488061619,-0.3780584195716883,0.026976107491169004,-0.546154041753036,-0.0070093488515346955
2024-07-29,0.005118535933116269,0.005118535933116269,-0.011853870432301626,-0.0070093488515346955,-0.2623802866421811,0.016972406365417893,-0.5228472209886623,-0.0070106042910166155
2024-07-30,0.00510686801991871,0.012253989485740642,-0.01601369284478015,-0.0070106042910166155,0.37611401879255346,0.02826768233052072,0.0031795618370951775,0.009225196666354588
2024-07-31,0.006388398979532434,0.01754572530883164,0.0,0.009225196666354588,-0.10919379213191192,0.01754572530883164,-0.16359812621476405,-0.00558569079105111
2024-08-01,0.001431300400028013,0.028800613155242488,-0.017240105507050626,-0.00558569079105111,0.17128766995225073,0.04604071866229309,0.1074830938017545,-0.018103219583858157
2024-08-02,-0.00621276228426476,0.0006719325844904249,-0.02676127151565624,-0.018103219583858157,-0.054572046242649594,0.02743320410014648,0.10411235936279971,-0.02489835506640183
2024-08-05,-0.04431547494212539,-0.014907469202263827,-0.04431547494212539,-0.02489835506640183,0.1379708565603916,0.029408005739861444,0.21705461457906025,0.018243746528915687
2024-08-06,0.003452403551505658,0.039153230618436896,0.003452403551505658,0.018243746528915687,0.06576329129879,0.03570082706693125,0.18660661536855755,0.0031284260904014005
2024-08-07,0.010606765599310128,0.036135603640266606,0.0017537714181740463,0.0031284260904014005,-0.3037160235154666,0.03438183222209253,-0.16198738728805767,0.030392989587774366
2024-08-08,0.01704180786840343,0.03346592244108259,0.007397221190675984,0.030392989587774366,0.02957890294607481,0.026068701250406428,-0.13522707611382212,0.0056791103643204265
2024-08-09,-0.011744754391326955,0.00989769334607003,-0.011744754391326955,0.0056791103643204265,-0.5054091231407504,0.02164244773739711,-0.6171049417513887,-0.001262774908766496
2024-08-12,-0.004648490261616934,0.00795014963579007,-0.010896139796292783,-0.001262774908766496,0.16309681176467034,0.01884628943208278,-0.3662596054866556,0.023230036501256136
2024-08-13,0.008524071817165283,0.02777200636046809,0.003720524912020041,0.023230036501256136,0.1240297752543193,0.024051481448447935,-0.1348214753999685,0.02086045410112244
2024-08-14,0.0010488123453933063,0.023712793156968007,0.0010488123453933063,0.02086045410112244,0.41923559546978634,0.022663980811574516,0.4023014457718109,0.0023246947007318376
2024-08-15,0.010239378643977412,0.017245567091800734,-0.0028452346419982214,0.0023246947007318376,-0.2235297454999355,0.020090801733798958,0.11902126378490398,0.016227189663051853
2024-08-16,0.009319876863837402,0.025324275843060243,0.0032215553287637424,0.016227189663051853,0.08956765668931496,0.02210272051429654,0.21374609159691696,0.021224915430160647
2024-08-19,0.0,0.021675133744900356,-0.001722332103073464,0.021224915430160647,-0.15190313624184767,0.023397465847973756,-0.04065806622498903,0.014433545219066181
2024-08-20,0.0004792362621207069,0.03257765851479118,-0.0004067444265870332,0.014433545219066181,0.467343606222808,0.03298440294137833,0.38402857333451945,-0.0020348558509935555
2024-08-21,-0.002207022351199915,0.003515475939879585,-0.010302782011143038,-0.0020348558509935555,-0.766965919921601,0.013818257951022508,-0.507453954931389,-0.011774265260477803
2024-08-22,-0.008817731791056903,0.006263387817632203,-0.01573010470324506,-0.011774265260477803,0.19970635757622193,0.021993492520877213,-0.20701357364286482,-0.0032421170044757163
2024-08-23,0.007476023650331618,0.010266994217287885,-0.015107223467804153,-0.0032421170044757163,-0.1477534141204041,0.02537421768509205,-0.32570550610570986,0.002487042900775845
2024-08-26,0.0007714962784302784,0.005605126079121599,-0.0074394704824063225,0.002487042900775845,-0.5531175166320643,0.01304459656152797,-0.8052527306490759,0.010519066249806258
2024-08-27,0.0001306499961051042,0.02786054097207603,-0.0022103374489626276,0.010519066249806258,0.8489105854509615,0.03007087842103871,0.15987018684366958,-0.017223248959821587
2024-08-28,0.00015811989556239962,0.0013645779778290153,-0.027128301391873253,-0.017223248959821587,-0.2639833190658067,0.028492879369702132,0.026236014822634903,0.012555361240849617
2024-08-29,0.00896758618895546,0.023070616501136804,0.0032556848505292326,0.012555361240849617,-0.10560739875993205,0.01981493165060749,-0.09573408296127045,0.012727706981316846
2024-08-30,0.011315160360529248,0.013454538682949406,-0.006257976112861694,0.012727706981316846,0.4012495593433572,0.01971251479581115,0.3516366884224616,-0.03782046135977442
2024-09-03,-0.0017838671281455276,0.003572415667044216,-0.044223070560671915,-0.03782046135977442,-0.03289186780450727,0.0477954862277161,0.24235571709238363,0.006435515032662266
2024-09-04,-0.0029807515670159856,0.013721087024718939,-0.0033521431751713676,0.006435515032662266,-0.5713019648967016,0.017073230199890283,-0.4649356358344391,0.005780067248840855
2024-09-05,-0.009668757083046393,0.011163335260848334,-0.011572192326067203,0.005780067248840855,0.013795624033591141,0.022735527586915678,-0.3490129381232163,-0.026457882741296495
2024-09-06,-0.002577886228935089,-0.0006877100242639038,-0.03162316377927882,-0.026457882741296495,0.5023259831503496,0.030935453755014802,0.20288250985755485,0.014390399078832813
2024-09-09,0.012285815746511521,0.02628231603456569,0.009522288041482785,0.014390399078832813,-0.10873523306103425,0.016760027993082866,0.030354318163017775,-0.0026685704336535075
2024-09-10,0.0021444616557839626,0.007625324356339129,-0.014330353079453876,-0.0026685704336535075,-0.2549896381145422,0.02195567743579319,-0.1787561470906758,0.011586129747868873
2024-09-11,0.005684396404237742,0.013784745394396405,-0.019214896533694147,0.011586129747868873,0.14010482484927886,0.032999641928090684,0.05239630730952091,0.007790857268768854
2024-09-12,0.005049719692975611,0.01948687765647448,0.0010706116801744504,0.007790857268768854,0.07651499214697903,0.018416265976300233,0.076841145918828,0.014828375190360297
2024-09-13,-0.009935637600453961,0.01852273908074406,-0.00995033529661274,0.014828375190360297,-0.1259638455487017,0.02847307437735671,-0.11169577553924138,-0.0008036935294560925
2024-09-16,0.004208826386279423,0.00851386003291997,-0.012167407112280109,-0.0008036935294560925,-0.2108647536984917,0.02068126714520002,-0.2647604134416896,0.014835570987278094
2024-09-17,0.006183273351000784,0.01585354999384402,0.0026812043077813065,0.014835570987278094,0.2205258198583132,0.013172345686062775,0.028202200871536867,-0.023530903417474703
2024-09-18,0.0009048734652279868,0.0009048734652279868,-0.027114503824659825,-0.023530903417474703,0.26109847966270094,0.028019377289887896,0.2698550571262417,0.019860304375048397
2024-09-19,0.020825320114796046,0.03583273758449316,0.007071632172151072,0.019860304375048397,0.34844859862491756,0.028761105412342152,0.5676043338120588,-0.00468215022173337
2024-09-20,0.001744857756608707,0.0033310063043315834,-0.011437870935192265,-0.00468215022173337,-0.056028071968485985,0.014768877239523852,0.3828591979032065,0.006171887327548246
2024-09-23,0.0019381458736615982,0.01587831510386864,-0.0026710171460315696,0.006171887327548246,-0.2151033758471699,0.018549332249900168,0.048823350217710136,0.023662631961510274
2024-09-24,0.0017846951847384333,0.02391189299888609,-0.0013051720111643178,0.023662631961510274,0.1006445156031475,0.025217065010050388,0.06336169846371613,-0.0009696458308240915
2024-09-25,-0.0017460400182662161,0.003952016569063942,-0.008411705413636013,-0.0009696458308240915,-0.45608407423462277,0.012363721982699877,-0.46571308568145836,-0.014138513058644735
2024-09-26,0.004383655494065811,0.005114714411276768,-0.02788108799813151,-0.014138513058644735,0.2260599070553706,0.03299580240940849,-0.19856727505569294,-0.005751395716727339
2024-09-27,-0.00432457888914774,-0.001012538905010862,-0.01441254041347124,-0.005751395716727339,-0.16770249944020918,0.013400001508460394,-0.28204549543372065,0.0027106980963982827
2024-09-30,-0.0004949788019693897,0.0054421742043519765,-0.006424821027865298,0.0027106980963982827,-0.3371988321357601,0.011866995232217284,-0.512875104109511,-0.004436957804562294
2024-10-01,0.0061423116395551095,0.011898965307492196,-0.015172265102616865,-0.004436957804562294,0.49799437061878643,0.027071230410109105,0.09723846390929994,0.006999678553690186
2024-10-02,0.0,0.014174108900724116,-0.002041326911136228,0.006999678553690186,-0.4701387014562554,0.016215435811860444,-0.3121610290967792,-0.006051275615924296
2024-10-03,-0.009651378687569587,-0.0032115593347231894,-0.01571868533577148,-0.006051275615924296,0.24948006444874285,0.01250712600104821,-0.020025063459655993,0.01808673071178389
2024-10-04,0.00918239308884898,0.019905233269251827,0.0028539242208564285,0.01808673071178389,-0.012217568479952121,0.017051309048395587,0.01915035016937864,-0.02501501892712528
2024-10-07,-0.006887682498031795,-0.005321956134575488,-0.032867222245271104,-0.02501501892712528,0.4105367180241517,0.027545266110695504,0.44504178402840394,0.0278732517835532
2024-10-08,0.002788437472645986,0.03243490804624116,0.002319538400567977,0.0278732517835532,-0.05288423498448725,0.030115369645673025,0.24952862875975923,0.007825014132255484
2024-10-09,-0.0034836634700843453,0.009418467113454553,-0.004012159200121815,0.007825014132255484,-0.47555329144525227,0.013430626313576551,-0.25569072940616405,0.003923983872293207
2024-10-10,-0.005707441315643742,0.008786954703394396,-0.006800302477131856,0.003923983872293207,0.3344366639370474,0.015587257180526238,0.06147038563852325,-0.010322992088243511
2024-10-11,0.006292700130497859,0.00778839166081343,-0.012497460983382908,-0.010322992088243511,-0.18539720193734976,0.02028585264419623,-0.1624767455247646,-0.013637251031821482
2024-10-14,0.003052940606905974,0.005284965901031173,-0.016010420177095808,-0.013637251031821482,0.19589145817493553,0.02129538607812684,0.028216026788009885,-0.009894560787681906
2024-10-15,-0.0006875237935091774,0.0005607583756581166,-0.01871550863959096,-0.009894560787681906,0.04737443193052656,0.019276267015249107,0.11791090798882106,-0.005653541874788889
2024-10-16,-0.003618500340276762,-0.0005525969874260485,-0.011625745815609862,-0.005653541874788889,-0.16194946938670063,0.011073148828183863,-0.024310204342906528,-0.02065338186866424
2024-10-17,0.0033419964910050624,0.003427239307710979,-0.03496304971567023,-0.02065338186866424,1.2750386570012897,0.03839028902338133,1.2113524414016537,0.10514382025913253
2024-10-18,0.0701759211946677,0.10826763800625147,0.0682626061485219,0.10514382025913253,0.5819218749304905,0.04000503185772947,1.4125389376767972,0.010651430031830415
2024-10-21,0.0024449587499156375,0.011855289122878792,-0.009589038342831353,0.010651430031830415,-0.9697375229625138,0.021444327465710237,-0.08961923418641654,-0.010193305894346158
2024-10-22,-0.008846510658909082,-0.0030743845760373635,-0.01428420270710314,-0.010193305894346158,-0.7068611682758921,0.011209818131065767,-0.8903487199549721,-0.019755820185598415
2024-10-23,-0.001846758945244022,-0.0005890695762229891,-0.026491453307281632,-0.019755820185598415,0.22711916834379767,0.025902383731058635,-0.6647263009242356,0.006995466435572222
2024-10-24,0.0035703079728039355,0.008677159386863226,-0.004065438189018841,0.006995466435572222,-0.3495745021316228,0.012742597575881892,-1.048153688408333,0.0001722797447159557
2024-10-25,0.0021446065144625345,0.018318973791959143,-0.0013527799764857659,0.0001722797447159557,0.06464492864294769,0.019671753768444992,-0.8011447552219509,-0.007394630553734816
2024-10-28,0.005286182161532424,0.005286182161532424,-0.009051284847450436,-0.007394630553734816,0.015100869507218003,0.014337467008982953,-0.24338996924711626,0.013682104265904344
2024-10-29,0.002679506977373693,0.01951149663694907,-0.0014828381986625061,0.013682104265904344,0.24591199728676835,0.020994334835611538,0.1948884430209227,-0.00753383454536578
2024-10-30,-0.0017924195306876485,0.0004607075180879673,-0.009472769903864245,-0.00753383454536578,-0.754086025053547,0.009933477421952169,-0.6029187242743255,0.003033527708773245
2024-10-31,0.0002520073052947374,0.009309910131137071,-0.0020053656718817844,0.003033527708773245,0.5741765933533711,0.011315275803019016,0.10917237415600439,9.263468489393006e-05
2024-11-01,-0.003378546707981903,0.010224922880279297,-0.010985566178338785,9.263468489393006e-05,-0.020117946651223205,0.0212104890586181,0.05924910004763229,-0.0007805996214769336
2024-11-04,-0.003922477433414351,0.00840264240145757,-0.008513839275316112,-0.0007805996214769336,-0.454533941641539,0.016916481676773756,-0.4077615615185204,0.011056914984510502
2024-11-05,0.0024324550169638154,0.015784494159396124,0.0010053897342415337,0.011056914984510502,0.14571893938752714,0.014779104425154808,-0.19253160905688452,0.021113195936918582
2024-11-06,0.009886725581672464,0.02275241442907157,-0.008584870706627099,0.021113195936918582,0.5171131862685884,0.03133728513569875,0.4404837595167899,0.020714177435041992
2024-11-07,0.0014856405980073857,0.022821069154295794,-0.0003461260302011894,0.020714177435041992,-0.11340672021465817,0.02316719518449687,0.1737263898344834,-0.0018849391547445774
2024-11-08,0.0010289320530823835,0.003158675291349585,-0.009954743525281418,-0.0018849391547445774,-0.5450191876538347,0.013113418816630865,-0.38829065816794217,0.012996295816595059
2024-11-11,0.0010811035827837001,0.014708185012619428,0.0006664286879468875,0.012996295816595059,0.22771801959889132,0.014041756324672583,-0.08032224897117171,0.017305664911183728
2024-11-12,0.002554359063377184,0.018366793215957068,-0.0021004204816052053,0.017305664911183728,0.15950714621082576,0.020467213697562034,0.04166483329244153,0.013297409361242903
2024-11-13,0.003800020322890343,0.021117732144079387,0.0012683095727567908,0.013297409361242903,-0.01658971385379519,0.0198494225713225,-0.01937889817603598,0.008142860375410834
2024-11-14,0.003845831493610633,0.012599871523461212,-0.0005419866562095829,0.008142860375410834,0.09321245398173245,0.013141858179670849,0.14148681796678395,-0.016012600453418426
2024-11-15,-0.0062540854837910805,-0.0062540854837910805,-0.025119940327127537,-0.016012600453418426,0.1899340937954941,0.018865854843336503,0.3510947822192103,0.027637716175944627
2024-11-18,-0.010320570744862865,0.02928913957843045,-0.017915301932374467,0.027637716175944627,0.10519173423209376,0.04720444151080504,0.3284577853593041,0.02824960020678042
2024-11-19,-0.008655536082029241,0.031881084267692816,-0.009358350536004437,0.02824960020678042,-0.06766011863073199,0.04123943480369704,0.15241307510106578,0.014278042540917576
2024-11-20,0.009889845815425366,0.021886018863972838,-0.0033569507772093533,0.014278042540917576,0.07074268987901482,0.0252429696411822,0.16387339967141915,0.015303459081387192
2024-11-21,9.04592820343006e-05,0.026957023059463972,-0.007506785144407659,0.015303459081387192,0.09711172624874952,0.03446380820387176,0.18744092709022903,0.000345332236541127
2024-11-22,-0.001650452287851582,0.009448440968165309,-0.005004233182165215,0.000345332236541127,-0.3390690930007245,0.014452674150330566,-0.22745038058445333,-0.03652484698312355
2024-11-25,0.0047337907282030516,0.0047337907282030516,-0.038108848348150155,-0.03652484698312355,0.6266070724346713,0.042842639076353335,0.422206846576057,0.008065951684419054
2024-11-26,0.002192657223001655,0.023711873038422565,0.0019159347691054907,0.008065951684419054,-0.6504420877143043,0.0217959382693171,-0.3217708098700311,0.005417330579701593
2024-11-27,-0.000619041591585039,0.009523599322585667,-0.01581315516901274,0.005417330579701593,-0.19658977100882047,0.02533675449159849,-0.4866397480176451,0.010736135674909466
2024-11-29,0.005490197965984078,0.01703102238931353,-0.0007525785913983485,0.010736135674909466,-0.24043595044212976,0.017783600980711863,-0.6520620627649185,0.012249765776087022
2024-12-02,0.0007890312769838557,0.01736065059803056,-0.0030379223994222715,0.012249765776087022,0.16421933775893496,0.020398572997452798,-0.35124625448744085,0.004922486966720681
2024-12-03,-0.0037721719596235208,0.005498646061068082,-0.01087497518800209,0.004922486966720681,0.005260313553387974,0.016373621249070283,-0.2961549864482602,0.009805783430523107
2024-12-04,-0.0045772547304629065,0.01518061021064924,-0.0045772547304629065,0.009805783430523107,0.11325730177515371,0.019757864941112126,0.07036150969318589,0.007447008721974762
2024-12-05,0.007425230876775214,0.017344745046396905,5.484947442381556e-05,0.007447008721974762,0.05275526801476888,0.017289895571973166,0.15957100287370524,0.018212608984332163
2024-12-06,-0.002880367836086792,0.018779465903637577,-0.005637559562947196,0.018212608984332163,0.041486253800413334,0.024417025466584627,0.18000712272932773,-0.022777023799220735
2024-12-09,-0.007236639633447169,-0.004761303652062711,-0.03499996732446506,-0.022777023799220735,0.12535619065032252,0.030238663672402324,0.23285444037228423,-0.0003722328068940099
2024-12-10,7.656739920017583e-05,0.010007855535451356,-0.004508424984972125,-0.0003722328068940099,-0.33828277588552963,0.014516280520423553,-0.17534761767724416,0.02509442057340535
2024-12-11,0.012361033404933356,0.03062073027847592,0.010596741390860852,0.02509442057340535,0.3825411446078915,0.02002398888761515,0.2081073788799439,-0.011825410569327831
2024-12-12,-0.0034333146026996196,-0.002640812534106918,-0.015017774994079214,-0.011825410569327831,-0.34249312448460295,0.01237696245997218,-0.18992803523668436,-0.007243493167918512
2024-12-13,-0.00948790796051536,0.0,-0.01737223858767526,-0.007243493167918512,-0.0001609010462039385,0.01737223858767524,-0.1665898019252151,0.0024022476085418594
2024-12-16,0.005502438545922493,0.01089945539331817,0.0006853453200443325,0.0024022476085418594,0.07331745714235728,0.010214110073273667,-0.060764914086363,-0.002119320771716721
2024-12-17,0.0004992632265508149,0.0079696290508028,-0.005072156920077418,-0.002119320771716721,-0.08395391921837389,0.013041785970880357,-0.09604546172938011,-0.032711854906997836
2024-12-18,0.0,0.003594776507422653,-0.036078807217826726,-0.032711854906997836,0.1778390717009322,0.039673583725249366,0.0765698577032707,0.013943153901290493
2024-12-19,0.02072686811216435,0.02560385756429186,0.010567313979849039,0.013943153901290493,-0.042657283241653514,0.015036543584442725,0.0762035231173731,0.0077411933708123005
2024-12-20,-0.009837185328480182,0.019627783209662915,-0.01288697790649043,0.0077411933708123005,0.4756924429674422,0.03251476111615322,0.5269651747048028,0.0026366164112929915
2024-12-23,0.004795743391814103,0.006523980538578254,-0.011005781015381638,0.0026366164112929915,-0.6609378224455087,0.017529761553959917,-0.2762421741645594,0.022424839005523084
2024-12-24,0.0038873641272853064,0.026418496293826126,0.0002742673586605493,0.022424839005523084,-0.008197998571285359,0.026144228935165836,-0.26244051164762555,-0.008597948986935187
2024-12-26,-0.003998905198861027,-0.0017501723386286218,-0.018209673099670545,-0.008597948986935187,0.008582638617055906,0.016459500761041822,-0.2445861511009349,-0.01811496039053696
2024-12-27,-0.008836332176439919,-0.006524559814902613,-0.032598722334962825,-0.01811496039053696,0.32102584778131027,0.02607416252006039,0.11727172879140808,-0.007876211907793878
2024-12-30,-0.014472588717660537,0.0007489982089911998,-0.019853056298866852,-0.007876211907793878,-0.38148490624134423,0.020602054507858118,-0.2924392366851315,-0.010168866393821648
2024-12-31,0.0015203505025649013,0.0024956724174827593,-0.012246654926709876,-0.010168866393821648,-0.16073152356098122,0.014742327344192563,-0.28152208633973114,-0.005163052580591001
2025-01-02,0.004678703104908951,0.008112206088444006,-0.016196594900183298,-0.005163052580591001,0.20915415591855996,0.024308800988627418,-0.03436361100707315,-0.006426083777830719
2025-01-03,0.007191686731208753,0.013553453686893735,-0.007743618270348121,-0.006426083777830719,0.24940974825398282,0.02129707195724192,0.21571493852918527,0.0008395259937027319
2025-01-06,0.008712810515282068,0.013281744966911506,-0.010680574705223173,0.0008395259937027319,0.15295117971595476,0.02396231967213469,0.31755975018093563,-0.0029529276401935897
2025-01-07,-0.0027367881449528427,0.007017835248859288,-0.0144842067610716,-0.0029529276401935897,-0.2661194626958368,0.02150204200993087,0.03321208218861347,-0.004777128112144082
2025-01-08,0.0009208930024936634,0.007964230905245744,-0.007065423673022746,-0.004777128112144082,-0.12096285383081093,0.015029654578268313,-0.12201897945704075,-0.04357581623306039
2025-01-10,-0.009877197715519218,-0.00986566210926331,-0.04751095341162928,-0.04357581623306039,0.7157818700729067,0.037645291302365894,0.5587937745808447,0.0030989922371442184
2025-01-13,-0.007380694235813022,0.011135274387253454,-0.010259033414080444,0.0030989922371442184,-0.46255739312914956,0.02139430780133375,-0.07043119297394099,-0.014250977047288118
2025-01-14,0.0034571118061422707,0.005459360224361332,-0.020159258326689494,-0.014250977047288118,0.004354861555638033,0.02561861855105068,-0.06959533890095976,0.02369106480526358
2025-01-15,0.009658671537917047,0.026728007176929205,0.0024234738239166196,0.02369106480526358,0.046220701361653176,0.024304533353012595,0.0027573026137648277,-0.006967808266179407
2025-01-16,0.014860903419553257,0.024132990123356707,-0.00738334187296911,-0.006967808266179407,0.23607274675299048,0.03151633199632588,0.2058677992881189,0.018501272508278408
2025-01-17,0.020468788226327486,0.026510165078385054,0.011519725412808792,0.018501272508278408,-0.10758327569354524,0.01499043966557623,0.0006968371618742929,0.013404740202815015
2025-01-21,0.006307988195079886,0.06573232955724974,-0.003911603694118815,0.013404740202815015,1.0018027545223318,0.06964393325136842,1.0703475208253808,0.09252785640126632
2025-01-22,0.13765799548111596,0.13862943935802902,0.08913627232481867,0.09252785640126632,0.3707700759566569,0.049493167033210224,1.101646340553611,0.031846288744566804
2025-01-23,0.003996199001317515,0.03198843020623503,-9.437321317737494e-05,0.031846288744566804,-0.610419878618494,0.032082803419412276,0.10342313412451579,-0.007409113006881773
2025-01-24,-0.00045700355240450884,0.0014407735292520552,-0.017598068936630573,-0.007409113006881773,-0.5327486332153331,0.019038842465882576,-0.5522246669515088,-0.005847726599209448
2025-01-27,-0.006660930818074056,0.004775806224015079,-0.01788629540727875,-0.005847726599209448,0.018248443149781253,0.0226621016312938,-0.5470948334049905,-6.178187647498028e-05
2025-01-28,-0.00534413083981829,0.006195425237261807,-0.015125803085339335,-6.178187647498028e-05,-0.29973782186122755,0.02132122832260118,-0.8719023971641309,0.0064821792388918276
2025-01-29,0.008371693436763016,0.016137380032609314,-0.003711236040805751,0.0064821792388918276,-0.15848446013041434,0.019848616073415166,-0.8604424491829493,-0.005032371593747413
2025-01-30,0.008753688003575191,0.016667530788134516,-0.008356682407105092,-0.005032371593747413,0.2774445676011915,0.025024213195239623,-0.1863896622233217,0.003610311663888296
2025-01-31,0.0007806334356437897,0.01736713687345918,0.0007806334356437897,0.003610311663888296,-0.0675663522006443,0.016586503437815363,-0.07159669094571587,0.0022293274077403525
2025-02-03,-0.003856883986465576,0.011127857368102683,-0.012755553019856473,0.0022293274077403525,0.02973254592010838,0.023883410387959096,0.007503512032009732,0.016141745503761632
2025-02-04,0.0015616937088760194,0.029253153962060824,-0.0004393396443574145,0.016141745503761632,0.47692407209030935,0.029692493606418235,0.5349187038848572,0.016191946422275158
2025-02-05,-0.007202662829209936,0.016903767827632324,-0.008266305799280413,0.016191946422275158,-0.4071331373851742,0.025170073626912873,-0.008522700939914548,0.004509608839402219
2025-02-06,-0.003209519375844037,0.005169061152956195,-0.008442122195747494,0.004509608839402219,-0.24223713470413505,0.013611183348703737,-0.30218570706364295,-0.0017244997451826402
2025-02-07,0.001298740331041569,0.011823339515141154,-0.009904347321701696,-0.0017244997451826402,0.0247680924223129,0.021727686836842723,-0.24220685037634804,0.013392160059385459
2025-02-10,0.008954517630684044,0.018488159935729793,0.0019213597277103387,0.013392160059385459,0.02571767822628053,0.016566800208019452,-0.19664247315460057,-0.01917848878293962
2025-02-11,-0.006649146401061464,-0.004789623751891118,-0.02428036801025248,-0.01917848878293962,0.010621064178360968,0.01949074425836145,-0.16448020800649749,0.018896244518148506
2025-02-12,-0.002572497564801146,0.019314718688450597,-0.009698890178827814,0.018896244518148506,0.017022194131434926,0.029013608867278242,-0.0014153449316743811,0.015818779302604103
2025-02-13,-0.0006621497643087514,0.018020033253994292,-0.0021535731308826274,0.015818779302604103,0.025376083064074993,0.02017360638487698,0.060228422876243526,0.014184744127453314
2025-02-14,0.0012065215865168751,0.019742634602989192,-0.0019181601149784117,0.014184744127453314,-0.0999699076145013,0.021660794717967585,-0.06041289903184093,-0.021724949336054202
2025-02-18,0.0013216219165770404,0.003206607876398826,-0.033474930022256634,-0.021724949336054202,0.296095426656036,0.036681537898655366,0.23973107972587535,0.007195185874335193
2025-02-19,-0.0006470340471915293,0.008794548545429829,-0.011007922512443436,0.007195185874335193,-0.48652504970308774,0.019802471057873326,-0.301334604905538,-0.018173768141655992
2025-02-20,-0.0012756087020079233,0.001599362671094615,-0.02694781697243847,-0.018173768141655992,0.179689891871289,0.02854717964353294,-0.07910588292626836,-0.021098681122551685
2025-02-21,0.004751795281208983,0.007623051683807985,-0.024853910804238113,-0.021098681122551685,0.1835366205201756,0.0324769624880461,0.12102872838893822,-0.014742058092193094
2025-02-24,0.0048231264430793255,0.011910995838046275,-0.018786789310582884,-0.014742058092193094,0.16880347071727358,0.030697785148629007,0.2741015780373258,-0.01142603253988605
2025-02-25,0.0009404290978159034,0.005981270376635935,-0.03444695389068579,-0.01142603253988605,0.06813699345156365,0.0404282242673219,0.26887295896858987,0.01303325223135215
2025-02-26,0.00036834843758553194,0.023912590235189192,-0.00034794418127063,0.01303325223135215,-0.33272685866402096,0.024260534416459704,-0.09157823196686271,-0.027639423633399877
2025-02-27,0.004977223095710528,0.010719479081853405,-0.028927808150468488,-0.027639423633399877,0.1032211748547926,0.039647287232322,-0.03029108418270439,0.017997744113619336
2025-02-28,0.006716283128973408,0.019740102498071732,-0.0051008611604706515,0.017997744113619336,0.22508506258912817,0.024840963658542443,0.16161903799735763,-0.007020558350708913
2025-03-03,0.002485316649413362,0.014548510347263044,-0.016192614681232936,-0.007020558350708913,-0.18838560919223987,0.03074112502849589,-0.07438616011736145,-0.0011509086117055172
2025-03-04,-0.002148754778509132,0.012867397202671452,-0.02652728849337183,-0.0011509086117055172,0.11709464580712768,0.03939468569604308,0.0676685283259348,0.018681465901272263
2025-03-05,0.0010687111837022387,0.02339317839079043,-0.003192542447179041,0.018681465901272263,-0.14288898090242166,0.02658572083796966,-0.05824561962430655,-0.08919723785995191
2025-03-06,-0.01825999183066777,-0.017540821804148902,-0.0973507820372702,-0.08919723785995191,0.7237668310673087,0.07980996023312126,0.6453750924846776,-0.016968718296302938
2025-03-07,-0.00966749924658299,-0.0016232238079315002,-0.05475092362733845,-0.016968718296302938,-0.014766049136698253,0.053127699819406855,0.44960033978444697,-0.027798065938089693
2025-03-10,-0.01816395092361199,-0.011103840887765918,-0.04195141048401872,-0.027798065938089693,-0.10084014303594084,0.030847569596252712,0.2333089782764581,0.03226565635510864
2025-03-11,0.0008419176931499947,0.0495217705290046,-0.0007849204450284521,0.03226565635510864,0.05609284553739633,0.05030669097403301,0.1837059635339483,0.027090340926826897
2025-03-12,0.021551333471092192,0.03521227874588292,0.0065697729302215705,0.027090340926826897,-0.07477877494258306,0.028642505815661207,0.01576047137679974,-0.032613372146137735
2025-03-13,-0.0072898946489765365,0.002400134353909774,-0.03560602596723534,-0.032613372146137735,-0.31677471092238874,0.038006160321145045,-0.38764256525457097,0.030784987340626454
2025-03-14,0.012603275943209922,0.03255895083792563,0.012092804149532371,0.030784987340626454,0.03901537726496085,0.020466146688393298,-0.2681058505813161,0.034285601576210654
2025-03-17,0.023629287716443265,0.052652363984692176,0.01772860646057536,0.034285601576210654,0.3718400061961289,0.034923757524117055,0.18127796847297398,-0.021319933087026066
2025-03-18,-0.010603150176199918,-0.0018648770542926032,-0.03613923344378552,-0.021319933087026066,-0.22730832815552748,0.03427435638949296,-0.06329177962287683,0.031238774864425833
2025-03-19,0.00620666461092013,0.04006902644977651,-0.006451004197698449,0.031238774864425833,0.10315487004569737,0.046520030647475036,0.08424144158908155,-0.009056066632039995
2025-03-20,-0.009929362144891747,0.007796596676618617,-0.014687946842481892,-0.009056066632039995,-0.39991945463147244,0.022484543519100533,-0.3090132876944404,0.009889514600122846
2025-03-21,-0.009722749101923747,0.013382335391335234,-0.010455784401655,0.009889514600122846,0.2793068611922082,0.023838119792990293,-0.011947846933781026,0.012110175410393526
2025-03-24,0.009720521826675993,0.017251305621043926,-0.009143094051271613,0.012110175410393526,-0.23301789528238126,0.02639439967231558,-0.2682748008407636,0.02568605063956945
2025-03-25,0.0063482196950570184,0.027108970154535193,0.005253729677210073,0.02568605063956945,-0.2125434403657769,0.021855240477325327,-0.3824609147517345,-0.027065565912028883
2025-03-26,-0.003485532895573994,-0.0004914167831175634,-0.03153645977794277,-0.027065565912028883,-0.0697447952569083,0.03104504299482524,-0.3684520072248635,0.0062340140417709786
2025-03-27,0.0036711454312767,0.018728371727548276,-0.004419180934254808,0.0062340140417709786,-0.14633791947186994,0.023147552661803093,-0.38357682085517364,-0.04488414073030088
2025-03-28,-0.004844216301683807,-0.0017830201302338668,-0.04984374059272343,-0.04488414073030088,0.3725272331369983,0.04806072046248949,0.054522300773179704,-0.0014145437246998128
2025-03-31,-0.01436624225991334,0.0006743553116429782,-0.0362657655473982,-0.0014145437246998128,0.046691636086922624,0.036940120859041005,0.17465245740847762,-0.00446020079316369
2025-04-01,-0.005408510428846275,-0.00025741976189825493,-0.022809694051412723,-0.00446020079316369,-0.27498101579617223,0.022552274289514604,-0.0980749493456094,0.007661441187513773
2025-04-02,-0.005811836550956478,0.02254710332637506,-0.013304658650562271,0.007661441187513773,-0.0776851668882723,0.03585176197693722,-0.1621620848482395,-0.019940528940953075
2025-04-03,-0.03670977593372893,0.011763471879097426,-0.03818572860391741,-0.019940528940953075,0.5881584558643773,0.049949200483014926,0.4402213619474851,-0.06905522211540957
2025-04-04,-0.02266370629824557,-0.011427565520237376,-0.07138304683528901,-0.06905522211540957,0.14781184743494866,0.05995548131505173,0.44895012199138823,0.013889015640287229
2025-04-07,-0.03327477145841696,0.057748995170166816,-0.04146188210034065,0.013889015640287229,-0.02110723741697625,0.09921087727050756,0.3239277657829355,0.0029570767314336757
2025-04-08,0.05012655610323627,0.061004806328980185,-0.011741461031121033,0.0029570767314336757,-0.16834683193076339,0.07274626736010119,0.07490577206318023,0.08272924074462461
2025-04-09,-0.016764262425890717,0.08901320562349209,-0.018553389839703473,0.08272924074462461,0.2873442616404005,0.10756659546319575,0.2846636042508824,-0.026037561283405158
2025-04-10,-0.014413689814210321,-0.0044839666409968995,-0.05597633512325872,-0.026037561283405158,-0.3795696462458056,0.05149236848226197,-0.23499861269406844,-0.0031312952868676005
2025-04-11,-0.0012708960382783623,0.025392202935179894,-0.01585499776327215,-0.0031312952868676005,-0.23053954268696436,0.04124720069845202,-0.44262920306739245,0.014046695449959883
2025-04-14,0.015570298946751899,0.03287448043389139,0.0013167400605604942,0.014046695449959883,-0.009297804203480423,0.03155774037333101,-0.3620629151683378,0.04718944739095126
2025-04-15,0.019902018350130044,0.0646237796421561,0.01779456820210276,0.04718944739095126,0.6475482321307746,0.046829211440053385,0.3802653374323272,-0.015119631392512912
2025-04-16,0.0,0.005037112692540892,-0.028161497064956072,-0.015119631392512912,-0.2400616628496786,0.03319860975749701,0.06403025119244372,0.011785146371862005
2025-04-17,0.007634845394815761,0.02370725640756234,-0.005871885152569988,0.011785146371862005,0.3826272664561471,0.02957914156013235,0.4982999704651893,0.015176675573398387
2025-04-21,0.011617414703101162,0.04616211958224584,2.0542848698020252e-05,0.015176675573398387,0.09455655364595017,0.0461415767335479,0.4624302642582381,0.05171122474213761
2025-04-22,0.017449667080544257,0.07511032001866909,0.01667352490530531,0.05171122474213761,-0.04250402114627914,0.05843679511336385,0.24997624323098133,0.008852058286035611
2025-04-23,0.006591485197193858,0.019899908695264493,-0.00804891246008145,0.008852058286035611,-0.3699259649518531,0.027948821155346026,-0.2563809661847107,0.0440610287489463
2025-04-24,-0.001515993215514884,0.047819235647324335,-0.002451541103810119,0.0440610287489463,-0.014003869798497312,0.05027077675113437,-0.240280381222418,0.004239484385887186
2025-04-25,0.00015502842444869056,0.00901233470477654,-0.005365944118261756,0.004239484385887186,-0.4797502797510029,0.014378278823038182,-0.7277833990107524,0.008002195851168065
2025-04-28,-0.0013899415646999559,0.011257033833364653,-0.01731608253082387,0.008002195851168065,-0.030563610689981795,0.028573116364188526,-0.629494696260781,0.013649472138226081
2025-04-29,-0.00583485124008383,0.01557536625749399,-0.013509725595144673,0.013649472138226081,-0.014142499529421213,0.029085091852638648,-0.46287665917954934,0.005386784116202549
2025-04-30,-0.011607237413997702,0.006693696922760987,-0.022033026880680935,0.005386784116202549,0.12183122603331684,0.02872672380344197,-0.13480440017976247,0.0015451515214630947
2025-05-01,-0.008162425414339407,0.009410217662231692,-0.01773127910820621,0.0015451515214630947,-0.19822059357948701,0.027141496770437895,-0.23834954091056487,0.020105848820724383
2025-05-02,0.00281041573320807,0.02265340704171634,-0.00013234035454366675,0.020105848820724383,0.07559483389560055,0.022785747396260093,-0.02372604820513611,-0.019585475465838113
2025-05-05,-0.03671452707872418,-0.010841194759934314,-0.04372691923717847,-0.019585475465838113,0.40561523505402536,0.03288572447724413,0.39102280980760423,0.003195767832350476
2025-05-06,-0.0040910106451728856,0.01192097832820659,-0.00677739734793401,0.003195767832350476,-0.5531157573483486,0.018698375676140504,-0.2534220442181895,0.015455396325036282
2025-05-07,0.0013088327289881665,0.022862496234849886,0.00027249633766988,0.015455396325036282,0.2893924644563863,0.02258999989718019,0.0610974673420154,-0.009548559114652933
2025-05-08,0.005360342130785631,0.005936902458587391,-0.014129016905945991,-0.009548559114652933,-0.14544858674363156,0.020065919364533193,-0.08839970792761641,-0.003685449314653567
2025-05-09,0.002330306930146395,0.0057244130890563485,-0.009843577827817298,-0.003685449314653567,-0.3809080456911835,0.015567990916873733,-0.48195231192693844,-0.026861238754808288
2025-05-12,-0.014096190372597435,-0.009003621354801924,-0.033250985744215526,-0.026861238754808288,0.924831367059034,0.024247364389413606,0.5025307751865079,0.025298904434168695
2025-05-13,0.004009959674270929,0.03355676503958915,-0.003338926092253119,0.025298904434168695,-0.48281238857020226,0.03689569113184226,-0.021111771469141723,0.010963513361741804
2025-05-14,-0.007795340106451771,0.012621595439441488,-0.008858252066708016,0.010963513361741804,-0.022206274141338734,0.021479847506149424,-0.07897941154067877,0.023178644502780166
2025-05-15,-0.002827623628964096,0.031480413202460464,-0.0029060650745925416,0.023178644502780166,0.13248227596121118,0.03438647827705294,0.07449955694648382,0.011437116938894962
2025-05-16,0.01278743488913579,0.015599563496210665,0.0011963033960330233,0.011437116938894962,0.051176800147162915,0.014403260100177622,0.09230219343607933,9.232733594252336e-05
2025-05-19,-0.01517927387971552,9.232733594252336e-05,-0.01677399461380109,9.232733594252336e-05,-0.49871075952759564,0.016866321949743832,-0.5011554106818543,0.0003188543139031455
2025-05-20,-0.004078331318260311,0.0011406467985424081,-0.010646933334263272,0.0003188543139031455,-0.29093494498294203,0.011787580132805547,-0.6249007638659684,0.002187116339275364
2025-05-21,-0.004641566457656924,0.015978753508276673,-0.004641566457656924,0.002187116339275364,0.33320538883728623,0.020620319965933713,-0.19342455348318469,-0.005590549115891708
2025-05-22,-0.0018684276445553195,0.00344285466456122,-0.0062304703196886125,-0.005590549115891708,-0.4693453765469762,0.009673324984249748,-0.6096943353623093,-0.0021740967125369443
2025-05-23,-0.003347394085753409,0.0029250811548604833,-0.007206191805660051,-0.0021740967125369443,0.16086575886489335,0.010131272960520512,-0.2840004809267134,0.02184517335156879
2025-05-27,0.008350427167169716,0.0220102700572445,0.006474717756121626,0.02184517335156879,0.28945274262738874,0.015535552301122963,0.19535319909572657,-0.002495698388374052
2025-05-28,-0.0010735413315383889,0.003575775683257479,-0.004591359920437835,-0.002495698388374052,-0.45338508089610513,0.00816713560369544,-0.26360278809044435,-0.019796697022899924
2025-05-29,-0.00045519691019741976,0.00037226256793954364,-0.027064419321196503,-0.019796697022899924,0.5757648135879105,0.027436681889136172,0.3353797321582764,0.018703850855478602
2025-05-30,0.01130429772505268,0.022490483004038535,-0.003322341367879735,0.018703850855478602,0.35274685857780674,0.025812824371918185,0.6610334066690702,0.009685989485742773
2025-06-02,-0.005007395525938342,0.010030478994657026,-0.009136811733267632,0.009685989485742773,-0.7164972269028089,0.019167290727924516,-0.2655845988576619,-0.0008535685372644202
2025-06-03,0.0007298266837060574,0.008650055719033642,-0.006419405232605123,-0.0008535685372644202,0.029886294730972953,0.01506946095163869,-0.24287152035850262,0.017676279575685284
2025-06-04,0.0022881279881241533,0.020012844569327295,0.0015915882791922588,0.017676279575685284,-0.0018631441703981187,0.018421256290134923,-0.20708928556462788,0.008722304386243537
2025-06-05,0.0007579378351837465,0.018502206521729646,-0.0019137020427300387,0.008722304386243537,0.17733613446351315,0.020415908564459656,-0.06386164508323708,-0.0072632935068567455
2025-06-06,0.007083891924926779,0.007552240534684664,-0.012043262885512619,-0.0072632935068567455,-0.09690878758006864,0.019595503420197346,-0.12803921657184755,-0.013796263418287609
2025-06-09,-0.0020884373242569666,-0.0020884373242569666,-0.01615928924440613,-0.013796263418287609,-0.06207512577222696,0.01407085192014918,-0.030821340733063758,-0.01716624510841664
2025-06-10,0.0024959413792498505,0.0024959413792498505,-0.03646869477763584,-0.01716624510841664,0.6171328011810862,0.03896463615688566,0.5775616406437324,0.013418806350824415
2025-06-11,-0.000847781008376604,0.020289299180632017,-0.0063426790486288305,0.013418806350824415,-0.6258259641307707,0.02663197822926081,-0.20290743377701498,-0.003983730463288795
2025-06-12,0.002219096509080605,0.008261684638360755,-0.006513607994292092,-0.003983730463288795,-0.13348941726405308,0.014775292632652813,-0.33796507061184083,-0.0023731421289326614
2025-06-13,-0.006970583370708575,0.004590143093603925,-0.010873411616933318,-0.0023731421289326614,0.05855126260017464,0.015463554710537128,-0.22798364918812575,0.010830935206337884
2025-06-16,4.1288451449674344e-05,0.011565119743691784,4.1288451449674344e-05,0.010830935206337884,-0.045114170922474064,0.011523831292242083,-0.24780476362770212,-0.003826648031077676
2025-06-17,-0.004416650547435085,0.005704483354342304,-0.007585743861013358,-0.003826648031077676,-0.11032675864520719,0.013290227215355688,-0.33644958579502304,0.0013262186806521968
2025-06-18,0.007606144406995147,0.017323059610963656,-0.0001392634739663272,0.0013262186806521968,0.18692661994667284,0.01746232308492986,0.06548241231980945,0.007433726873013619
2025-06-20,0.009899406273420846,0.021216700506337106,0.001683952977213455,0.007433726873013619,0.8521461123960056,0.01953274752912367,0.9271569301940961,0.017811674173543252
2025-06-23,0.00536157305845957,0.018848238775250818,-0.013407542192438934,0.017811674173543252,-0.6956933308851905,0.03225578096768979,-0.03737618149194094,0.02019302886908147
2025-06-24,0.005576617022780124,0.02289438791844093,0.0011640535275337653,0.02019302886908147,-0.0015007694258694082,0.02173033439090714,-0.07135356675036907,-0.0030222981390643656
2025-06-25,0.006025097420431347,0.014660093867834526,-0.00415216434932982,-0.0030222981390643656,-0.21572734670471833,0.01881225821716435,-0.3248512820756684,0.02433972335194451
2025-06-26,0.003717828145295433,0.024852239258160644,0.003717828145295433,0.02433972335194451,0.1939394962984951,0.02113441111286526,-0.14789585793739607,0.01251058407398746
2025-06-27,0.00016067106359219193,0.018711450627041125,-0.004348726693775323,0.01251058407398746,0.446086000248977,0.02306017732081641,0.2769105837361571,0.012027550230879784
2025-06-30,0.005938028057427413,0.013534938613747124,-0.0014445571988231077,0.012027550230879784,-0.2151369271195802,0.01497949581257041,0.14817488605643195,-0.03459107344404193
2025-07-01,-0.0006722767489181419,-0.00026883367203914103,-0.04342715585103974,-0.03459107344404193,0.419429914424008,0.0431583221790006,0.5250307614017161,-0.006779329907735996
2025-07-02,0.0025940238703827524,0.0048967306288238205,-0.0171609749631101,-0.006779329907735996,-0.4934090219568645,0.022057705591933912,-0.11488078452216996,0.00954299129773333
2025-07-03,0.005541677648728979,0.013451496604163962,-0.003977159955565097,0.00954299129773333,-0.41850568511026576,0.01742865655972903,-0.584808119856457,-0.005845050512391753
2025-07-07,-0.0016820002374964907,-0.0016820002374964907,-0.0164468571759953,-0.005845050512391753,0.12516607503670826,0.01476485693849877,-0.4257617548052991,-0.01115837244351821
2025-07-08,0.0009919762852676304,0.0028107614272952735,-0.023235923913219284,-0.01115837244351821,0.370238694131343,0.026046685340514495,0.053480875023787684,0.010118745668433462
2025-07-09,-0.0010355483185405094,0.010126444440816907,-0.007137388879995582,0.010118745668433462,-0.3226576958791571,0.017263833320812338,-0.26979181126552765,-0.029692593273850147
2025-07-10,-0.0021602466378634645,0.0010241267303296166,-0.033361588741006955,-0.029692593273850147,0.5734016417156188,0.03438571547133643,0.4864412900020346,-0.004391532655106852
2025-07-11,0.0073295860249246066,0.008289620054564937,-0.015544925317341956,-0.004391532655106852,-0.06685439600483024,0.0238345453719069,0.33259922484247034,0.01343424909194373
2025-07-14,-0.00016067559772404644,0.02017878900155871,-0.0041125125556186,0.01343424909194373,-0.3527261292151027,0.02429130155717749,-0.14897162668268935,-0.0013321541526241931
2025-07-15,3.9598672597335225e-05,0.007318940981134075,-0.01493728624707783,-0.0013321541526241931,0.00741580054981699,0.02225622722821211,-0.17250565908815815,-0.00793448070123584
2025-07-16,0.0011419377564131031,0.008477993090091741,-0.00832642809766123,-0.00793448070123584,0.1413265372681799,0.01680442118775311,-0.0012511537639943824,0.018903478390791
2025-07-17,0.002149193858892214,0.02151353668507469,-0.0044166050010038425,0.018903478390791,0.695607739372999,0.025930141686078424,0.6435205240914299,-0.052302891923616396
2025-07-18,-0.025604214808133588,-0.021955348578656362,-0.05913213262233694,-0.052302891923616396,0.5024567246755393,0.03717678404368065,1.0222301783139558,0.019677113643957515
2025-07-21,-0.0026830072252243442,0.02277783060823355,-0.009338567710793905,0.019677113643957515,-0.641934313597442,0.0321163983190275,0.08006728920626141,-0.03564864758531446
2025-07-22,-0.002346125390884136,-0.0007300657856871335,-0.03781894959512072,-0.03564864758531446,-0.10572387053314894,0.037088883809433634,-0.12965513593585626,-0.011238652087892414
2025-07-23,-0.000226904829016389,0.0021320174121132536,-0.013944605889152674,-0.011238652087892414,-0.11692669690852574,0.01607662330126576,-0.3221198566805711,0.0033763616050264227
2025-07-24,0.0008663743154952761,0.005694230230392919,-0.012071433405608444,0.0033763616050264227,-0.1581028584816325,0.017765663636001357,-0.5204968259725161,-0.00022863142800759478
2025-07-25,-0.00198368592248537,0.00554041705659429,-0.005417889549351773,-0.00022863142800759478,-0.38021198653053634,0.01095830660594608,-0.8161288823607743,-0.005001980713685433
2025-07-28,0.0006012571145108398,0.014548549543398764,-0.010183115578298112,-0.005001980713685433,0.2707866364676508,0.024731665121696868,-0.22897738618751737,-0.005001406177409877
2025-07-29,0.003738978185472378,0.0042477338857403665,-0.009675438280715258,-0.005001406177409877,-0.22499469792003032,0.013923172166455486,-0.34791296393762206,0.013141175518664925
2025-07-30,-0.00016255742425757286,0.013689939313202169,-0.0022613973562194234,0.013141175518664925,0.05999825696730336,0.015951336669421747,-0.16172448529393188,-0.021164774672169116
2025-07-31,0.000506586651625456,0.004885881470276242,-0.022597578830520444,-0.021164774672169116,0.2393053958505814,0.027483460300796805,0.17416615532815904,-0.0006902660325964922
2025-08-01,0.003108842487784663,0.016348260131169124,-0.005665481794802123,-0.0006902660325964922,0.046852951569833955,0.0220137419259712,0.22956349833630807,0.010637151581439363
2025-08-04,0.007780791789923577,0.015756417401469727,0.003463702934662942,0.010637151581439363,-0.5500943120270538,0.012292714466806813,-0.3989605792477703,-0.019941463130295562
2025-08-05,8.535055182012102e-06,0.0006146634181919458,-0.02269820084723501,-0.019941463130295562,0.17001736409301665,0.023312864265426992,-0.15434717164368422,0.026317395499606315
2025-08-06,0.004910040864514714,0.02877517741409412,0.003478604551236141,0.026317395499606315,0.23400627554844194,0.025296572862857993,0.08559015844749356,0.0016025014685783592
2025-08-07,0.00277940495846168,0.010752536973505382,-0.008761368887433271,0.0016025014685783592,-0.24625827225853045,0.01951390586093861,-0.18874988623779793,0.02614685554412887
2025-08-08,0.0023862124178984138,0.028183353358448748,0.0,0.02614685554412887,0.37304892556016456,0.028183353358448748,0.2550824336810359,0.005489837112219414
2025-08-11,0.0019541119679229403,0.009389258971995577,-0.008046221165989303,0.005489837112219414,-0.44101504434725103,0.017435480137984842,-0.1808952264993678,0.00570472528645494
2025-08-12,0.0054761809726173805,0.011166064859006664,-0.00973276044373286,0.00570472528645494,-0.07472214194710072,0.020898825302739482,-0.26985025065718327,-0.01715465765195036
2025-08-13,0.007091549537975362,0.009616693006205171,-0.01835092595009112,-0.01715465765195036,0.192450878469542,0.02796761895629643,-0.051475727789006005,0.021454617684049337
2025-08-14,0.004514702610496462,0.032389580834708,0.0021480904322332983,0.021454617684049337,0.34608108866297743,0.03024149040247482,0.3367273463735776,0.006794871269998873
2025-08-15,0.0028239860855175983,0.013223203678458658,-0.0021802268587219438,0.006794871269998873,-0.34412817494693015,0.015403430537180619,-0.09500138675562782,0.0049436184170346936
2025-08-18,-0.0026832294932456857,0.009806879911335527,-0.0028289582515301503,0.0049436184170346936,-0.27084364215121687,0.012635838162865471,-0.2944306012486424,-0.02516358700024584
2025-08-19,-0.003935208163699677,-0.0032903441027496536,-0.04291274286026445,-0.02516358700024584,0.5632025996231865,0.03962239875751477,0.2933855699581178,-0.00023887322088703142
2025-08-20,0.003165943313772966,0.0072626306286686535,-0.01731328180767134,-0.00023887322088703142,-0.4207114186810381,0.024575912436339924,-0.22568386454132736,-0.0063221470927787874
2025-08-21,-0.002003916457053594,0.006192359001222386,-0.013452424619046208,-0.0063221470927787874,-0.1732273137371823,0.019644783620268592,-0.3771736410538271,-0.001294192795084481
2025-08-22,0.002211084446739552,0.006124394071827843,-0.0066377791052457166,-0.001294192795084481,0.42395278561807814,0.0127621731770736,0.1796819057331512,0.011078594465947436
2025-08-25,-0.0024934179546475047,0.023909777611575454,-0.004701149149024519,0.011078594465947436,-0.1065298175331016,0.028610926760600053,0.0459545723309111,0.006562621352990151
2025-08-26,0.001755373205553436,0.010965318582252862,-0.004830731781418152,0.006562621352990151,-0.3479244771375687,0.01579605036367097,-0.35284832370490316,-0.0021146623104383844
2025-08-27,-0.0020247473741476212,0.0025414135090500206,-0.010733598618927625,-0.0021146623104383844,-0.17644671877790716,0.013275012127977796,-0.39933037833859075,0.006476718171825952
2025-08-28,-0.0005804638709151462,0.011692737730280409,-0.007572502163647787,0.006476718171825952,0.15845842886345318,0.01926523989392828,-0.17681152327268934,-0.019019303115602116
2025-08-29,-0.0028299339998553493,-0.0021623821252053426,-0.02491289616679968,-0.019019303115602116,0.498225423008523,0.02275051404159429,0.3297752895430673,0.004838317240785889
2025-09-02,-0.009354605404604399,0.0059002417664547726,-0.021288507809654994,0.004838317240785889,-0.33186575267819607,0.027188749576109863,-0.009144876771999492,0.00989229107279547
2025-09-03,-0.007415581466070356,0.010560817130898938,-0.008877080940331931,0.00989229107279547,0.07048237653815427,0.019437898071230923,0.10609358263135944,0.025206112230526056
2025-09-04,-0.0024332416611503598,0.025206112230526056,-0.002523186737329351,0.025206112230526056,0.20158984696625365,0.027729298967855354,0.2648996405285823,-0.010922407291680833
2025-09-05,0.0020019939338915506,0.00762109056785488,-0.014788979014472538,-0.010922407291680833,-0.2394406714129372,0.022410069582327326,-0.08533188476029462,0.0007554038403364093
2025-09-08,0.0037875191128057266,0.006586920323468272,-0.009548479397247749,0.0007554038403364093,-0.21720458872781648,0.016135399720715964,-0.3351360914618983,0.014745017453742518
2025-09-09,0.0015332715046405534,0.016698395555032355,0.0015332715046405534,0.014745017453742518,0.14760221102710105,0.015165124050391846,-0.08582507796404171,-0.012377840042215165
2025-09-10,0.0005698453438930126,0.0029641362206226938,-0.013460425106317295,-0.012377840042215165,0.19625002319300067,0.016424561326940087,0.11736198399267689,-0.0360759354273662
2025-09-11,0.0026333182978229906,0.004589858256995148,-0.045677357948515004,-0.0360759354273662,0.7437340055381901,0.050267216205510126,0.8421664183825674,-0.012592427928025162
2025-09-12,-0.00036565653111136855,0.006856399041264403,-0.01768771241741322,-0.012592427928025162,-0.40633661388753317,0.024544111458677662,0.2392438278520167,0.01156156398354513
2025-09-15,-3.370384343207561e-05,0.015695216725239894,-0.012897963136948886,0.01156156398354513,-0.2631069640426634,0.02859317986218875,-0.1139987251049449,-0.0014566142659773473
2025-09-16,0.0028074694683545374,0.005590482635824133,-0.0041508107765744215,-0.0014566142659773473,-0.19048734676618403,0.00974129341239854,-0.3636815706072844,0.02304741320657587
2025-09-17,0.016940066164521952,0.027457692126659924,0.005068313186869384,0.02304741320657587,0.363785628278452,0.022389378939790622,-0.010534524066649694,-0.01700993784752099
2025-09-18,-0.00627113044527485,0.003656348374448574,-0.018899456604055054,-0.01700993784752099,-0.08776314802402367,0.022555804978503444,-0.1407862593639609,0.015763741399948957
2025-09-19,0.008935104256213152,0.018189577771505688,0.0002648946238284005,0.015763741399948957,0.44545497461200134,0.017924683147677346,0.45291067580383304,0.0003259606752927878
2025-09-22,-0.004140659790109205,0.0022713074086844628,-0.010429307780370945,0.0003259606752927878,-0.6640649413579842,0.012700615189055516,-0.28247575210227704,-0.007277690439242993
2025-09-23,-3.25726379179576e-05,0.00034213507472098377,-0.015518567084936314,-0.007277690439242993,-0.018907002102134314,0.015860702159657212,-0.2796873328845835,-0.011988184444468985
2025-09-24,0.00011489109072915786,0.002483649860595597,-0.02011948454905093,-0.011988184444468985,0.10403516095150876,0.02260313440964643,-0.1813474428899221,0.0035569446620502313
2025-09-25,-0.0007145584675851675,0.010649529080786356,-0.010386371402783446,0.0035569446620502313,-0.3279192528941954,0.021035900483569743,-0.4670773878138267,0.0019596055393419514
2025-09-26,-0.0023366821516916368,0.0047559706418362465,-0.006843177770534548,0.0019596055393419514,-0.026784598045502685,0.011599148412370724,-0.41751898822498096,-0.003475342354515369
2025-09-29,-0.00464477316121284,0.011400070237694094,-0.019240418036612375,-0.003475342354515369,0.44435619077423383,0.03064048827430639,0.25419908829644716,-0.006227860452890767
2025-09-30,0.0,0.0017309107858630734,-0.023830886613658075,-0.006227860452890767,0.23332496126208,0.025561797399520917,0.4470020541221575,-0.023648484699905204
2025-10-01,-0.019736024718248434,-0.0166357656689033,-0.030237719908379704,-0.023648484699905204,0.07052856001795951,0.013601954239476395,0.41435566302581606,-0.007174002174054821
2025-10-02,-0.008060366231052288,-0.006486068809934472,-0.03202143383523726,-0.007174002174054821,0.13100094445705845,0.025535365025302695,0.45144256320986503,-0.007953904430856654
2025-10-03,0.0021224365951989224,0.004694260111633268,-0.01674982046982776,-0.007953904430856654,-0.40107820214173834,0.02144408058146115,-0.11530516606451129,0.008624655064905477
2025-10-06,0.0060941958771092335,0.008856728149754838,-0.006847189079849905,0.008624655064905477,-0.0553039702314754,0.015703917229604684,-0.23614762877392026,0.02357428945390619
2025-10-07,0.012370394329540124,0.03219317983509803,0.012090193659974088,0.02357428945390619,0.10858578788477054,0.02010298617512393,-0.12411912979389697,0.019282936866158947
2025-10-08,0.0050666160143847845,0.021865519271109298,0.0007888525307427171,0.019282936866158947,-0.14886614735557444,0.02107666674036649,-0.24476681050826113,0.013757100891169572
2025-10-09,0.0,0.018966588084129158,-0.0020032721580118076,0.013757100891169572,-0.009620371968801705,0.02096986024214109,-0.18275817876297576,-0.008967271388423636
2025-10-10,-0.0016828852682374943,0.012856913957353203,-0.009770816639335472,-0.008967271388423636,0.41571654976098854,0.022627730596688822,0.3492721585433064,-0.000860997348051356
2025-10-13,0.0010403649502801855,0.009007863327979454,-0.010935944256716698,-0.000860997348051356,-0.5534197792007226,0.019943807584695966,-0.2771217945654197,-0.003023328246001927
2025-10-14,-0.00351717778865722,0.004305631579896648,-0.013153920766561564,-0.003023328246001927,-0.040808448881611885,0.017459552346458313,-0.28614855722490123,-0.009972639555149472
2025-10-15,-0.0019272367042428558,0.0035071870168631564,-0.011369781149966047,-0.009972639555149472,-0.15400959033395886,0.014876968166829159,-0.37806704832406196,-0.01650728922428079
2025-10-16,0.007336120423621614,0.011090983436276675,-0.02294065522884803,-0.01650728922428079,0.33552655668454195,0.03403163866512468,0.014988561003228616,0.013235853745981161
2025-10-17,8.44419481455077e-06,0.01636595071155507,-0.003928019144848999,0.013235853745981161,0.04301404055920699,0.020293969856404085,0.05739356850894193,0.0321613808908422
2025-10-20,0.007078717253302771,0.03956189533613541,0.0062670526186291075,0.0321613808908422,0.2986293377891343,0.033294842717506434,0.4555602476162361,0.0022500771460428246
2025-10-21,0.0034415770620089174,0.008073491391129329,-0.005505375887156601,0.0022500771460428246,0.49022452414558954,0.01357886727828601,0.8318325998621159,-0.10611715476420716
2025-10-22,-0.08263061435672871,-0.06985059949961016,-0.10958079544443447,-0.10611715476420716,0.8208207408925422,0.0397301959448243,1.3959124461382666,-0.0024933184380808112
2025-10-23,0.009388162116465261,0.01021304753858411,-0.015017668279536427,-0.0024933184380808112,-0.7696788054899922,0.025230715818120496,0.09730027499866353,-0.017117806753439414
2025-10-24,-0.0023285441632103616,0.0008257730397513165,-0.01737361852644159,-0.017117806753439414,-0.12778957493039078,0.018199391566192817,-0.15206869601005554,-0.00011876659235169248
2025-10-27,0.005447863159456513,0.0069094988152714285,-0.006773644437381169,-0.00011876659235169248,-0.2507481842288118,0.013683143252652536,-0.4867116631908943,0.007227860598235325
2025-10-28,-0.0005117497931344532,0.020276129597417137,-0.0014170865622934678,0.007227860598235325,-0.15416133836501364,0.021693216159710513,-0.6591761618379877,-0.001897487379416268
2025-10-29,-0.0024156031155624833,0.005472556999420402,-0.005913153735293133,-0.001897487379416268,-0.16787739618604627,0.011385710734713523,-0.7609171641132907,-0.010422982996880532
2025-10-30,-0.005476550765128074,0.0052116928606723975,-0.011240622180559505,-0.010422982996880532,0.20142987718629668,0.01645231504123174,-0.18394757992454386,0.027050466016529426
2025-10-31,0.014938369166361033,0.04126705136627614,0.011848686059357981,0.027050466016529426,0.5015962758175255,0.0294183653069183,0.43161337806641736,-0.01691830492781363
2025-11-03,0.01277044056035924,0.012999853524692146,-0.03985014292673286,-0.01691830492781363,-0.1579248748748357,0.052849996451425046,0.23677338431212458,-0.00650242882900469
2025-11-04,-9.092520354069934e-05,0.004091251145351497,-0.012264849217397187,-0.00650242882900469,-0.41501012492565187,0.016356100362748673,-0.2276645420038116,0.005019614778490941
2025-11-05,-0.007309603229855461,0.0071930101382167546,-0.018086377191704694,0.005019614778490941,-0.08567392316118709,0.025279387329921438,-0.3071858946763149,-0.0013117606200815858
2025-11-06,-0.003538475281885405,0.0047589916811547,-0.012209405017718757,-0.0013117606200815858,0.027557903808861965,0.016968396698873452,-0.28599856921762323,0.00603446069381144
2025-11-07,-0.002592226788058718,0.01015766752422062,-0.008715960399985491,0.00603446069381144,0.18883792642402836,0.01887362792420606,-0.07617592554316381,0.01475931206466686
2025-11-10,0.0027687543238341036,0.021991534544260123,0.00035332055332965663,0.01475931206466686,-0.17802936501177188,0.02163821399093057,-0.1454265690796537,0.014509327407528673
2025-11-11,-0.0022076690641051585,0.016952574845466653,-0.0065118664817241665,0.014509327407528673,-0.27800766362303,0.023464441327190808,-0.3162499301358652,0.018361962431557605
2025-11-12,0.001521176684050861,0.024253842080366447,-0.007223953494213576,0.018361962431557605,0.33822283101980194,0.0314777955745801,0.07965056271848196,-0.0028290821335396296
2025-11-13,0.0008635447408815871,0.008456597342198242,-0.010255429256334917,-0.0028290821335396296,0.023260671985605625,0.018712026598533327,0.08278285742090082,-0.037120337209794796
2025-11-14,-0.010013265441897826,-0.010013265441897826,-0.041590081148552976,-0.037120337209794796,0.17050681962474848,0.03157681570665516,0.2339299805447156,-0.008370005003862462
2025-11-17,-0.004207864697764062,0.005675400670939763,-0.015102179724319861,-0.008370005003862462,-0.6017075499416137,0.02077758039525981,-0.386092251919874,0.03387430989070521
2025-11-18,0.0,0.04399041325761113,-0.009932233254842425,0.03387430989070521,0.5101222283777879,0.05392264651245364,0.1822210107515168,-0.03650721271743568
2025-11-19,-0.00959975979751133,-0.006595460079208361,-0.049224088598244495,-0.03650721271743568,-0.3097889782277738,0.04262862851903629,-0.20959509055688288,-0.04015935266752341
2025-11-20,0.009049835519917856,0.00995031711888432,-0.0428126166379321,-0.04015935266752341,0.147107270966382,0.0527629337568165,-0.0243494776625927,-0.012953801842307513
2025-11-21,-0.005123359662731806,0.008105611039439978,-0.017758731437764606,-0.012953801842307513,0.1105188504474634,0.025864342477204736,0.1033697436188349,0.025181221447094147
2025-11-24,-0.0005753506036744562,0.03513432611579595,-0.009536246008640616,0.025181221447094147,0.42260542851790234,0.04467057212443677,0.5608624661467754,-0.02431874266544283
2025-11-25,-0.007977877578289575,-0.006283118672861311,-0.029889805270066398,-0.02431874266544283,-0.582992261471612,0.02360668659720512,-0.20874509217478923,0.01652928158507354
2025-11-26,0.012753540540395961,0.02413171692974284,0.007823717839860734,0.01652928158507354,-0.22839182078095377,0.016307999089882137,-0.3979365713329639,0.013475802216186463
2025-11-28,0.002822497397102491,0.0168165681593652,0.00094169397122223,0.013475802216186463,-0.6209638118399332,0.015874874188142964,-0.9998941407863888,0.014305033091517828
2025-12-01,-0.009995876353803671,0.01622748610849531,-0.011875442529955807,0.014305033091517828,0.5043097940714285,0.02810292863845116,-0.38212164838929014,0.0020139262116798153
2025-12-02,0.0007328188694400237,0.005483026638361822,-0.0148629614036563,0.0020139262116798153,0.0351403947146931,0.020345988042018093,-0.2529289643310903,-0.05054753220193953
2025-12-03,-0.025564068824619073,-0.022940564931673756,-0.06928685744563949,-0.05054753220193953,0.7324865720841581,0.04634629251396576,0.7331342218913401,-0.007143556419947035
2025-12-04,-0.003758491312532767,-0.001540200834602807,-0.021290868748407868,-0.007143556419947035,-0.034439333222681466,0.019750667913805045,0.5646159948684757,-0.029295355270153152
2025-12-05,-0.043967501792125406,0.015095711676824053,-0.05455177456105547,-0.029295355270153152,0.9460926397352079,0.06964748623787947,1.3606752419423243,-0.03502359665675317
2025-12-08,-0.00369792152003915,-0.0034977148428331664,-0.05053744659385654,-0.03502359665675317,-0.27888686921139916,0.04703973175102347,0.5559154904076476,-0.0008268923577584577
2025-12-09,0.0024765038366291407,0.004638434859381724,-0.013941174420463805,-0.0008268923577584577,-0.6678529590917408,0.018579609279845456,-0.34523010534959997,-0.04224046851842553
2025-12-10,0.00031014505050984566,0.0026848646427733757,-0.04613111013967597,-0.04224046851842553,0.3594714613772808,0.048815974782449485,-0.05445061713225952,0.014775400353610975
2025-12-11,0.012754070720541251,0.02250402251178009,0.0005392036732647724,0.014775400353610975,-0.522780995009637,0.021964818838515143,-0.6283708403730276,0.011623187813602805
2025-12-12,0.014874515389356226,0.029634144958562748,0.005934161679280764,0.011623187813602805,0.11536266040271588,0.023699983279281887,-0.49381658564918995,-0.01502998027905242
2025-12-15,0.008681548231087728,0.012320058452648979,-0.017592692515932422,-0.01502998027905242,-0.20910066208728975,0.029912750968581342,-0.46975776293047816,0.00849535816855895
2025-12-16,0.0011724020946371626,0.012294841476573785,-0.004810495748857175,0.00849535816855895,-0.1551674440214136,0.017105337225431075,-0.4138967991892261,0.002323630322992605
2025-12-17,0.014799573605005834,0.02876698745081407,-0.001163843024689338,0.002323630322992605,0.3873101522775893,0.029930830475503507,0.04324595340508407,-0.008369145853426522
2025-12-18,0.0024234323066387765,0.01070311005760371,-0.012740427083546788,-0.008369145853426522,-0.30392492449202924,0.023443537141150442,-0.15766859111694853,0.004140346600575626
2025-12-19,-0.004584966243652653,0.01625023527447193,-0.005868281025016789,0.004140346600575626,0.7518141413158469,0.02211851629948881,0.625378196791065,-0.012365534554967321
2025-12-22,0.003384452700791952,0.003384452700791952,-0.015803806801694784,-0.012365534554967321,-0.6934080064171164,0.019188259502486697,-0.19939841905232386,0.0028918419790292128
2025-12-23,0.0018217672562179886,0.006201839797236655,-0.02059025356324924,0.0028918419790292128,-0.42181954792746384,0.026792093360485894,-0.6190092065244199,0.0014961998100042604
2025-12-24,-0.004179839839036317,0.001923286252461243,-0.008916660454913523,0.0014961998100042604,-0.7341522946431432,0.010839946707374818,-1.317737768598378,0.008824700597992863
2025-12-26,-0.0017100905232743254,0.011150787673910508,-0.003959159357442462,0.008824700597992863,0.5741982445110643,0.015109947031352796,-0.5645038046796369,-0.0033930653925848377
2025-12-29,-0.0050939657987027175,0.005278728405788237,-0.00893152108626428,-0.0033930653925848377,0.10427375196411065,0.014210249492052473,-0.37879089514244885,-0.003937670665281337
