date,open_ret,high_ret,low_ret,close_ret,volume_ret,range_ret,vol_ratio,target_return
2022-01-04,-0.004226023317768562,0.0033817739567007944,-0.020181540044792702,-0.018490011233714323,0.49384708876396116,0.023563314001493595,0.49384708876396116,0.013430519676677395
2022-01-05,0.005968140666331921,0.027437097927345614,0.0051978012894304286,0.013430519676677395,0.04292058669046844,0.02223929663791494,0.25966335819594516,-0.0027831489138404135
2022-01-06,-0.0020866351687937133,0.00499034201019587,-0.01061754072055549,-0.0027831489138404135,-0.4839853855667651,0.015607882730751425,-0.31856908446115056,0.009500401791851385
2022-01-07,-0.0001393928836129021,0.012739053029881079,-0.003909563736609235,0.009500401791851385,-0.10142396170689594,0.016648616766490355,-0.3493529720296581,-0.0019343090653019237
2022-01-10,0.003788817694965257,0.004819623639773117,-0.01229131824681979,-0.0019343090653019237,0.14194520872715008,0.017110941886593036,-0.14662626959176464,-0.0028392905391021682
2022-01-11,-0.002769930001173002,6.91638893235245e-05,-0.009937938769797929,-0.0028392905391021682,-0.04788720396199761,0.010007102659121362,-0.20978301796786503,-0.005284410558953637
2022-01-12,-0.003612597009593791,-0.0016657003379311267,-0.008356546751367835,-0.005284410558953637,-0.13423377114439256,0.006690846413436699,-0.24777653432167876,0.014053121271544095
2022-01-13,-6.965309847618281e-05,0.015495670571119124,-0.0023031968851295426,0.014053121271544095,0.2468887762973538,0.017798867456248642,0.14495899161850107,-0.0028224812951239396
2022-01-14,-0.008629994447282763,0.007942499873342897,-0.008629994447282763,-0.0028224812951239396,0.10238982762626314,0.016572494320625755,0.22450672570991184,-0.017665062389336572
2022-01-18,-0.004490984438843968,-0.002484794194947819,-0.020405293838967314,-0.017665062389336572,-0.24050855487574474,0.01792049964401937,-0.08044443214510591,0.009914165823330209
2022-01-19,0.00014027101877215234,0.01718244169599526,-0.004218838177151807,0.009914165823330209,0.07081379271382852,0.021401279873146918,0.0045140098237508456,-0.019077569806757004
2022-01-20,-0.011107706736085023,0.0036060833395780666,-0.02014029057465652,-0.019077569806757004,-0.012729526633370363,0.02374637391423451,-0.0170836220382479,-0.007320331147665329
2022-01-21,0.0,0.007337363959632712,-0.008248027463627294,-0.007320331147665329,0.20599477508130803,0.015585391423259834,0.1591438215022976,7.1344457765596e-05
2022-01-24,-0.008021234288402004,0.002422371986786418,-0.02075748224946584,7.1344457765596e-05,0.042385105769268155,0.023179854236252382,0.1741537997077711,-0.021994751533049986
2022-01-25,-0.0014989765656443612,0.0012118330706824237,-0.024476895955492968,-0.021994751533049986,0.026825858713400815,0.02568872902617525,0.18589992526905133,-0.010260269695188312
2022-01-26,0.0013843480187465884,0.011886749969618821,-0.014615967792086508,-0.010260269695188312,-0.11848928407520637,0.02650271776170526,0.0013711635942162729,0.0006627367900008588
2022-01-27,0.008581841474767938,0.02423436149109383,-0.00280319650668929,0.0006627367900008588,0.05835428948419585,0.027037557997783093,0.03322278515684321,0.012291668799254356
2022-01-28,0.0011771620827612436,0.012655180650527618,-0.014011065439208895,0.012291668799254356,-0.09942215639314646,0.02666624608973657,-0.10543022542648492,0.01651497613411819
2022-01-31,-0.003131718842441992,0.018158738220778074,-0.0059806429978866114,0.01651497613411819,-0.21877223301962734,0.024139381218664574,-0.30703760321289714,0.007837074158590496
2022-02-01,-0.004300790116000489,0.009538797946576163,-0.00588231291874296,0.007837074158590496,0.006397368104289639,0.015421110865319325,-0.23666765298054016,-0.0004259041235856659
2022-02-02,0.0006384756821596522,0.005167208238519183,-0.00540812619774158,-0.0004259041235856659,-0.11310905897788288,0.010575334436260807,-0.27600403963013,0.0009934401532011115
2022-02-03,-0.004197652233154857,0.008061160700820918,-0.007697292800486945,0.0009934401532011115,0.13346320735478723,0.01575845350130786,-0.07298410520579067,-0.011843744837133664
2022-02-04,-0.0007095109925530662,7.093965254410098e-05,-0.018902200376205627,-0.011843744837133664,0.060582930493031414,0.01897314002874962,0.05257309151545292,-0.009881396805281687
2022-02-07,0.005225733380064954,0.0052970623495060655,-0.012421631897004213,-0.009881396805281687,-0.09645302850945064,0.017718694246510364,-0.013822854432099732,0.0002173941992012071
2022-02-08,0.0026060300855235783,0.009235265914516419,-0.003267179554499229,0.0002173941992012071,-0.027942592034416347,0.012502445469015558,-0.03995690557814301,-0.0021764040949485953
2022-02-09,0.0036891498879232554,0.005780775196441775,-0.003775482919303107,-0.0021764040949485953,0.09852438157898125,0.009556258115744924,0.06713949687345246,-0.011761837644132854
2022-02-10,-0.008313956855000646,-0.00495092341560648,-0.01632844032041957,-0.011761837644132854,0.2585883124545999,0.011377516904813118,0.29315537409038717,-0.005526707924620387
2022-02-11,0.005423229559032399,0.008050944944514402,-0.01413535102004239,-0.005526707924620387,-0.15853811773171625,0.022186295964556846,0.06868052015597081,-0.010249623453871407
2022-02-14,0.0,0.004644464475407912,-0.019549935323646545,-0.010249623453871407,0.2128698756018325,0.024194399799054266,0.2663510318633376,0.0031305791629222006
2022-02-15,0.005880377824755715,0.012758794718522723,-0.0011951883237178162,0.0031305791629222006,-0.2967203909174492,0.013953983042240575,-0.1102413654651111,-0.006271075341767924
2022-02-16,-0.00029770822386493824,0.003788264562633505,-0.012506262240242,-0.006271075341767924,0.2665491082937134,0.016294526802875367,0.13707898385155348,0.03928406968181352
2022-02-17,0.0035136944328100295,0.0435234264884357,0.0018705450942701888,0.03928406968181352,0.6362792218044608,0.04165288139416538,0.7184012588268035,-0.006429000385394443
2022-02-18,-0.005632154301645088,0.005099324622107772,-0.012462049373541891,-0.006429000385394443,-0.5485398020684945,0.01756137399564959,-0.011038600999675362,-0.011222950536714557
2022-02-22,-0.0015955995921187439,0.001810141509764587,-0.014967629527728113,-0.011222950536714557,-0.20332021531809163,0.01677777103749251,-0.2601642518382514,-0.010313178156381693
2022-02-23,0.003000229365345242,0.005408563582238731,-0.01186936124821366,-0.010313178156381693,-0.18800413784583164,0.017277924830452207,-0.4236778667082962,-0.003857832809961397
2022-02-24,-0.008477171708343367,-0.0002962089974015543,-0.022767381114307244,-0.003857832809961397,0.41087579422802467,0.022471172116905743,-0.007849931398965187,0.013657845173969542
2022-02-25,0.0020791764073246626,0.016586572855315652,-0.003276024349850365,0.013657845173969542,-0.23808075803664278,0.019862597205165845,-0.26591764160731207,-0.008985826236175241
2022-02-28,-0.010170308514892326,-0.002275629993339924,-0.019323176223806356,-0.008985826236175241,0.05027148264218685,0.01704754623046639,-0.021061255370059453,0.006122133297602655
2022-03-01,0.005239305733864465,0.019997000710137502,-0.0010363134602517307,0.006122133297602655,-0.08996851112137215,0.021033314170389186,-0.07448554477293882,0.0012492416733787934
2022-03-02,-0.0024296115020542774,0.006157898758937568,-0.005974139865599375,0.0012492416733787934,-0.006728126164133418,0.012132038624536845,-0.07068036481151739,0.022727461584626647
2022-03-03,0.008264820104261559,0.031163315844824565,0.0028602066443328433,0.022727461584626647,0.2249973620782453,0.028303109200491724,0.13243608107004556,0.0250269967114234
2022-03-04,-0.010682134739752472,0.02586688159901536,-0.01227981999892018,0.0250269967114234,0.1743224682492545,0.03814670159793555,0.3208569437052163,-0.00808472444434817
2022-03-07,-0.010699836690276583,0.005655461896128312,-0.01673356216235422,-0.00808472444434817,0.2541288119289259,0.022389024058482296,0.4962044551388169,-0.020898706980040163
2022-03-08,-0.0012006254975465557,0.00556090936114234,-0.02205260765465566,-0.020898706980040163,-0.48275164367686824,0.027613517015798117,-0.11779057241693307,0.00517618002161589
2022-03-09,0.009040787297351882,0.010753562820513214,-0.004334030932037136,0.00517618002161589,-0.24644639379719416,0.015087593752550414,-0.39076731134019543,0.0224759759518261
2022-03-10,0.0002150562081603369,0.02506681435470626,-0.003231981666836384,0.0224759759518261,0.21803444511412934,0.02829879602154247,-0.16202812658891344,-0.003933926797312179
2022-03-11,-0.002316291991481213,0.009906637700954362,-0.00527223487308413,-0.003933926797312179,-0.36170812775106415,0.01517887257403853,-0.5089614706790523,0.013840564498266558
2022-03-14,-0.00035199575873798056,0.01937882194523959,-0.0005632204626754973,0.013840564498266558,0.1670613104012453,0.019942042407915122,-0.23321978763771717,0.011938197513776658
2022-03-15,0.003326633780545682,0.014473045763567838,-0.0013893503254831469,0.011938197513776658,0.00993878872518774,0.015862396089050865,-0.04602696608487539,-0.0029540109961334743
2022-03-16,-0.002678871002658246,0.007925677098238252,-0.014370828807474322,-0.0029540109961334743,0.0734528879885327,0.022296505905712548,0.07385694641982901,-0.0023419487668602957
2022-03-17,-0.00621118414947315,-0.00034405117244136967,-0.018750581137313992,-0.0023419487668602957,-0.2577438022270448,0.018406529964872683,-0.20546028516385823,0.002960927001879925
2022-03-18,0.001171659973776931,0.0038544007004242737,-0.006225792899381366,0.002960927001879925,0.49583605995383395,0.010080193599805635,0.3658320134198533,-0.008354350116566404
2022-03-21,-6.87739292626832e-05,0.012639843629645047,-0.012592705741769851,-0.008354350116566404,-0.3804003073174369,0.025232549371414708,-0.12022400204603997,-0.0029858043610982428
2022-03-22,0.002631223356299249,0.005117562012908226,-0.008704513733168905,-0.0029858043610982428,-0.05367074769457237,0.013822075746077042,-0.16307400151020063,-0.012948605089026293
2022-03-23,-0.004600298462750781,-0.0004869301309296061,-0.015982440378214034,-0.012948605089026293,-0.03058913270146521,0.015495510247284528,-0.17126727624363455,0.006180263274197857
2022-03-24,0.0030949060862677687,0.013713268209143698,-0.0004932777600103791,0.006180263274197857,-0.37852234848765354,0.014206545969154116,-0.5059919618953537,0.004331396459000402
2022-03-25,0.004331396459000402,0.007671921196693455,-0.003998794002540299,0.004331396459000402,0.04682940321732613,0.011670715199233761,-0.4077868199838969,0.017620126683043403
2022-03-28,0.00034848746306308275,0.018031010558176293,-0.0010461916433012548,0.017620126683043403,0.3558716565967456,0.01907720220147755,0.1247609498624866,0.008389364841525974
2022-03-29,0.004101183249954653,0.014281114649477225,0.0017108382755662878,0.008389364841525974,-0.008556474390319988,0.012570276373911001,0.13033400550522062,0.01777228275878275
2022-03-30,-0.0006795075631858249,0.019838589426712776,-0.0012913737874279884,0.01777228275878275,0.22608888449263426,0.021129963214140766,0.35986453659073653,-0.006359058727751423
2022-03-31,-0.007232347805822321,0.004460540251299346,-0.011340542388703674,-0.006359058727751423,0.08334943748343637,0.01580108264000302,0.38348980273614874,0.013936811963802778
2022-04-01,0.004956791434601294,0.015657060673483023,-0.0005373065758379863,0.013936811963802778,-0.2602383258463335,0.016194367249321173,-0.014998916119234972,0.00019868504212520498
2022-04-04,-0.0006624170534189111,0.014398188713640986,-0.0061775257965624285,0.00019868504212520498,0.19044522513861817,0.020575714510203486,0.11294733646225132,0.0028428850675979527
2022-04-05,-0.0010599583164779519,0.015047739675333677,-0.0010599583164779519,0.0028428850675979527,-0.3058224549376682,0.016107697991811554,-0.2380401636625373,0.022972990755993464
2022-04-06,-0.0029753373760571596,0.02574352376172359,-0.006424509246726864,0.022972990755993464,0.40659535739218133,0.03216803300845038,0.17939848157272822,0.009950964686736188
2022-04-07,0.0007094754010663773,0.01631876633394767,-0.0035549470345087072,0.009950964686736188,-0.03376679757862985,0.019873713368456475,0.12010731753741476,0.005542315406299855
2022-04-08,0.002360817373309788,0.011875033512300435,-0.0021103242431702294,0.005542315406299855,-0.1508852203697761,0.013985357755470737,-0.03014829474258599,-0.020019935242768894
2022-04-11,-0.002799177567731357,0.005258964742949951,-0.02430679336684525,-0.020019935242768894,0.05910833969158928,0.02956575810979516,0.00953350019034007,-0.006893871890849406
2022-04-12,-0.00032411264433196093,0.007168468816242849,-0.011341573233516629,-0.006893871890849406,0.07963174927542191,0.018510042049759555,0.09424218836237055,0.025705999368580576
2022-04-13,0.0014347283993057164,0.02932498252765791,0.0007828478635766037,0.025705999368580576,0.09010528850489409,0.028542134664081457,0.11992305885270879,-0.0008908404998367
2022-04-14,-0.000699905302523941,0.006782693515612761,-0.0050374543419178675,-0.0008908404998367,-0.26976235641237195,0.011820147857530872,-0.1595399209520455,-0.007668778515978165
2022-04-18,-0.002103061853607639,0.005713198472030078,-0.01197618402452974,-0.007668778515978165,-0.42136872538201825,0.01768938249655977,-0.5441922923035004,0.01129090862205705
2022-04-19,0.00505518351878764,0.01319209337899002,0.0010259032081374696,0.01129090862205705,0.0775576239758713,0.01216619017085233,-0.3959873492712444,0.012481248597744387
2022-04-20,0.004430391875816564,0.016981568940337876,0.00405140390937056,0.012481248597744387,0.2232873441921693,0.012930165030967108,-0.09452284972095587,0.0015023820864359654
2022-04-21,0.0018150825256516587,0.007116154951727766,-0.0035142410974431763,0.0015023820864359654,-0.08709393496601557,0.010630396049170982,-0.11579187565783745,-0.019007310481317184
2022-04-22,0.002374117448545351,0.0030603132118765457,-0.020283126841643843,-0.019007310481317184,0.14704170405044584,0.02334344005352022,0.1466487890619577,0.0005098419666023107
2022-04-25,-0.00312870465085242,0.0038813042336249097,-0.01613092589865638,0.0005098419666023107,-0.15315337247422628,0.02001223013228116,0.008063389493447036,-0.010504808400222219
2022-04-26,-0.0036385466174547448,0.007553928523903393,-0.011148920977216894,-0.010504808400222219,0.08201903831796152,0.018702849501120354,0.052975871489083885,-0.006848883497548635
2022-04-27,0.001479930492925422,0.00577849262612358,-0.008276258158750435,-0.006848883497548635,-0.113561964729969,0.014054750784873869,-0.10009799163807197,0.012691408237630776
2022-04-28,0.0063980187705175665,0.01760858833872287,-0.0009080598108426649,0.012691408237630776,-0.1569178515679164,0.018516648149565572,-0.23268050244460964,-0.020828704165957983
2022-04-29,-0.0025639004558902926,6.402801410946329e-05,-0.022660582992164183,-0.020828704165957983,0.34363622305484604,0.022724611006273654,0.1455890326067087,-0.006623615586444692
2022-05-02,0.012794442757200273,0.012988063722391911,-0.017606192741048316,-0.006623615586444692,-0.052210140143050685,0.030594256463440443,0.09291167961009604,0.0034812264328348
2022-05-03,0.002956571072077565,0.015020195198129789,-0.0013168091633856118,0.0034812264328348,-0.10891398402501168,0.016337004361515556,-0.03724860829822717,0.013740354993287508
2022-05-04,-0.0031522948990864827,0.015032993142927914,-0.006578513191129636,0.013740354993287508,0.10924366588500571,0.021611506334057562,0.08987205506508049,-0.012233371206478235
2022-05-05,-0.006358312150666039,-0.005122378386861307,-0.021045160573952896,-0.012233371206478235,0.1487723035072849,0.015922782187091613,0.21141755941925205,-0.021039506664295746
2022-05-06,-0.006766342724001884,0.00789071409818061,-0.02970222706002874,-0.021039506664295746,0.38829201301934313,0.03759294115820928,0.5153339642111923,0.01163311296563867
2022-05-09,-0.007314682237812146,0.023393658912099786,-0.009202383108062637,0.01163311296563867,-0.1943486876065606,0.03259604202016241,0.1999031010885004,-0.014177139749024814
2022-05-10,0.0007927020420710431,0.0064558320758075745,-0.01834182046215992,-0.014177139749024814,-0.12626488694937132,0.024797652537967653,0.005110113007606853,-0.010512158212606941
2022-05-11,0.0014736503770460742,0.010469228605693487,-0.015333427691695621,-0.010512158212606941,0.11455057884247895,0.025802656297388912,0.06528646835453666,-0.000948878526954028
2022-05-12,0.001624435467861458,0.016993330396799317,-0.007479507754140584,-0.000948878526954028,-0.09925860745187781,0.02447283815093982,-0.09239331271698202,0.003857453366027219
2022-05-13,0.0015583414179129102,0.006083961988879409,-0.009127508075453932,0.003857453366027219,-0.23475885424012663,0.015211470064333281,-0.34156672241511415,0.0010801314250641857
2022-05-16,0.008943327377440016,0.011283645464299089,-0.010797676246184154,0.0010801314250641857,0.07183719174608452,0.022081321710483104,-0.16238199129997954,-0.12076465053847614
2022-05-17,-0.08281851820232124,-0.0754427345644825,-0.12618474026300494,-0.12076465053847614,1.8242167165985919,0.050742005698522455,1.716893291024078,-0.0703260327779865
2022-05-18,-0.02560090259107666,-0.0237280538945556,-0.07770440006534182,-0.0703260327779865,-0.24307876580711765,0.05397634617078626,0.829219526261739,-0.02782795087401499
2022-05-19,-0.012823861141865246,-0.0052411827984635935,-0.03178299803880228,-0.02782795087401499,-0.3840210490577691,0.026541815240338724,0.1557066331412425,0.0010912401690937232
2022-05-20,0.0047757396823233525,0.014755805350376678,-0.015232548486179156,0.0010912401690937232,-0.36374024914922226,0.029988353836555952,-0.34832986300483837,0.02812431225433942
2022-05-23,0.006022045683273953,0.037622278039540304,0.005521670916769081,0.02812431225433942,-0.12214840341630101,0.03210060712277132,-0.5512052988198913,0.012402338846580525
2022-05-24,-0.011402533828703447,0.01578016229653458,-0.012475574009884667,0.012402338846580525,-0.2334937649985376,0.028255736306419213,-0.841701179770117,-0.006141450707114422
2022-05-25,-0.0010478772913190748,0.004340850135361702,-0.012402338846580483,-0.006141450707114422,-0.24307933807034052,0.01674318898194209,-0.8035718378205702,0.02109394552592465
2022-05-26,0.015522894387567173,0.0242634719998953,0.008314231145433216,0.02109394552592465,0.03889903538822727,0.015949240854462178,-0.47076271420597404,0.01949136937503674
2022-05-27,-0.00405578905554274,0.020580405450813386,-0.005491228815135017,0.01949136937503674,-0.10843642478284231,0.026071634265948277,-0.3689264341438253,0.0011667980678895294
2022-05-31,-0.00797066369464334,0.01099162973019025,-0.008284603946382248,0.0011667980678895294,0.3777443856801087,0.01927623367657245,0.14980144179113883,-0.025032825908460312
2022-06-01,-0.0010111997454901015,0.002251938760154818,-0.03118958645169242,-0.025032825908460312,-0.25742043380888713,0.03344152521184725,-0.06408436718209283,0.016287561162941604
2022-06-02,0.0009561210846046219,0.016444343068817792,-0.008967943475755425,0.016287561162941604,-0.20635592692880997,0.02541228654457311,-0.22985493230819679,-0.017324315560414333
2022-06-03,-0.006609574723898283,-0.0007061372687529293,-0.019161330202410547,-0.017324315560414333,-0.23771987815102355,0.018455192933657515,-0.44045894367420746,-0.0035973065152350957
2022-06-06,0.003981787309229352,0.007789499023819138,-0.005842177170984416,-0.0035973065152350957,0.08143245689191671,0.01363167619480345,-0.28688096597514545,-0.012085226147682567
2022-06-07,-0.02950112153946659,-0.011112992851580142,-0.0324749238880325,-0.012085226147682567,0.876613859698809,0.021361931036452383,0.6317672147824401,-0.008710924970688596
2022-06-08,-0.008302184008298274,0.004367532971406927,-0.01157679922662827,-0.008710924970688596,-0.7505667770705398,0.015944332198035115,-0.2004946159483538,-0.0105212114781437
2022-06-09,-0.002455960453598312,0.016623152200808105,-0.010769093499677031,-0.0105212114781437,-0.12480889807120417,0.027392245700485172,-0.2806334310138126,0.005603149940689402
2022-06-10,-0.010549556830187393,0.014112485659207844,-0.013979293569138511,0.005603149940689402,0.23863552610510888,0.02809177922834633,-0.01633617167820016,-0.0189960266499657
2022-06-13,-0.016236235402609753,-0.0037869088836411675,-0.021679463856223796,-0.0189960266499657,-0.01357129493730193,0.01789255497258261,-0.08256559283806121,0.0004186313728331748
2022-06-14,-0.002347637511509965,0.004928794514601258,-0.010438698111609872,0.0004186313728331748,-0.14467682377131766,0.015367492626211055,-0.2638584634867672,-0.0006699518610696338
2022-06-15,0.004260173858720769,0.007920973315712305,-0.013144791510170437,-0.0006699518610696338,0.18467672441326666,0.021065764825882776,0.12729414543089423,0.010333534639910888
2022-06-16,-0.008665272479812478,0.01974025254912444,-0.009679751775992677,0.010333534639910888,0.16970076523072544,0.029420004325117106,0.26770245461493886,-0.019505918121788746
2022-06-17,-0.004986731259845002,0.002153101266084123,-0.02221479721779569,-0.019505918121788746,0.1820675091293382,0.024367898483879973,0.36161048417729913,0.03227422690637567
2022-06-21,8.45524837794825e-05,0.037254881759821355,-0.0005919708431995142,0.03227422690637567,-0.4319788590553929,0.03784685260302088,-0.1569293421890279,-0.012188207952564176
2022-06-22,-0.0005730713416062677,0.008801310768202123,-0.013017107822860518,-0.012188207952564176,-0.16715900018346097,0.021818418591062767,-0.31704941646482315,0.023987134056179322
2022-06-23,0.008744467379340936,0.02673366228273797,0.004216848153351299,0.023987134056179322,-0.1147779187785972,0.022516814129386775,-0.42235854555232666,0.0008085912095174748
2022-06-24,0.0037947434502365665,0.013578280829021648,-0.0037280754899621086,0.0008085912095174748,0.5682727857682844,0.0173063563189838,0.20482952553180367,0.003227842457835945
2022-06-27,0.0004847671141334936,0.008210626618045995,-0.0075454018883759685,0.003227842457835945,-0.4707368023441745,0.015756028506422097,-0.27464895949979795,-0.01419956653220141
2022-06-28,0.004341199181997215,0.011614538595873764,-0.014853581480730915,-0.01419956653220141,-0.25586927072706583,0.026468120076604693,-0.39182091873878716,-0.0036841875226305857
2022-06-29,0.004240376887382871,0.007976628014169223,-0.011506673379759087,-0.0036841875226305857,0.21598767586113243,0.01948330139392821,-0.09812745037059704,-0.0027925481627486797
2022-06-30,-0.008566813234639415,0.0011476927000959429,-0.016790426291210286,-0.0027925481627486797,0.0028528453733360185,0.01793811899130608,-0.08455899559486309,0.008599171726905105
2022-07-01,0.0029566117439488357,0.010961162574892972,-0.003460575342240649,0.008599171726905105,-0.09317899800600495,0.014421737917133571,-0.1884706790685995,0.01312399519452726
2022-07-05,-0.003430800311237036,0.015214350637421457,-0.008352492472165433,0.01312399519452726,0.04245150990955136,0.023566843109586923,0.0007017463228031843,0.0070574792486083554
2022-07-06,0.0018493304290854687,0.016205988552871167,0.0004023273896898432,0.0070574792486083554,0.15629146733108895,0.01580366116318147,0.17552107063394004,0.001517319161336095
2022-07-07,0.00047939737478161335,0.0031916195673182884,-0.008104343952460067,0.001517319161336095,-0.1972321695297089,0.011295963519778409,-0.08566148732508813,0.000638115858209106
2022-07-08,0.003981787309229352,0.010241036393921776,-0.0013574640182874248,0.000638115858209106,-0.17016402608775857,0.01159850041220924,-0.23862768790026734,0.00039863853926364506
2022-07-11,-0.0030349122941867555,0.007388935389484855,-0.006239480790947651,0.00039863853926364506,-0.24610705666253327,0.013628416180432448,-0.43643323409969476,-0.0030337008656669976
2022-07-12,-0.0027138627873702077,0.013302944877843155,-0.005836013948873754,-0.0030337008656669976,0.17453961957483252,0.019138958826716856,-0.19313873709734797,0.0023958394154656756
2022-07-13,-0.005049886626609016,0.011052467605282043,-0.009318053223316546,0.0023958394154656756,-0.0790000827848135,0.020370520828598637,-0.2167748734816431,0.019353634798849814
2022-07-14,-0.00969836255383997,0.023257784432223608,-0.009859400237881684,0.019353634798849814,0.4992689250201392,0.03311718467010523,0.3982087269622531,0.009731898203341659
2022-07-15,0.007637815529432303,0.0189861721058342,0.00179781464348976,0.009731898203341659,0.013243338552107268,0.01718835746234428,0.36390313762884274,-0.002327078821463067
2022-07-18,-0.003259428752977447,0.009484587513876585,-0.006295449661748177,-0.002327078821463067,-0.3969409171034882,0.015780037175624713,-0.11682261803740235,0.006116293129789518
2022-07-19,0.00480328287640824,0.009198862539742845,-0.0013209819517117864,0.006116293129789518,0.17662213154878603,0.01051984449145456,0.026493937449710275,0.008301280443866377
2022-07-20,0.007305734201503586,0.013416815983041706,-0.0004632237495467662,0.008301280443866377,0.08833586589165884,0.013880039732588598,0.07615636198773859,0.014514540968353794
2022-07-21,0.00030620346916566255,0.01458999746508607,-0.0010721880273787637,0.014514540968353794,0.010704744114354684,0.01566218549246468,0.02078397166049256,-0.0025683951612718173
2022-07-22,-7.54621908447833e-05,0.006317207818779956,-0.01000847940733027,-0.0025683951612718173,-0.3207024966461486,0.016325687226110292,-0.2763463636164282,-0.0014381019743596932
2022-07-25,0.001360575556191322,0.0036993864903081407,-0.005688944726082184,-0.0014381019743596932,0.4108704079028,0.00938833121639031,0.22261046528121858,-0.07909636550731532
2022-07-26,-0.0860891007762136,-0.07329258992077471,-0.09496182936077956,-0.07909636550731532,1.535845167757512,0.021669239440004883,1.684690326424632,0.03709642573857385
2022-07-27,-0.006085027081764576,0.0385173615375616,-0.007818622932367344,0.03709642573857385,-0.8165281077410544,0.04633598446992903,0.23366788415049639,0.02465600319189028
2022-07-28,-0.0025310437782421523,0.030496349693656444,-0.0025310437782421523,0.02465600319189028,-0.23704079942465703,0.03302739347189857,-0.13562257183006127,0.01757111091948758
2022-07-29,-0.011082350578031825,0.01916014750985731,-0.013501179089972436,0.01757111091948758,-0.09850538673531141,0.03266132659982964,-0.3074855779466347,0.003703860602150344
2022-08-01,-0.00752535976930196,0.016374081704654327,-0.00798328064450792,0.003703860602150344,-0.18718841644697598,0.024357362349162408,-0.5722144243122051,0.0010556940601944103
2022-08-02,0.004591772852907986,0.008788775211826411,-0.008638404935834855,0.0010556940601944103,-0.23836301749225086,0.017427180147661148,-0.8305181081879051,-0.01656696086508203
2022-08-03,-0.003926879009731693,0.001957671960569074,-0.021483235847415915,-0.01656696086508203,0.48546797668477765,0.02344090780798489,0.06293683480990994,-0.03850985719219958
2022-08-04,0.001301849418857462,0.0022961772631268328,-0.04042292309222696,-0.03850985719219958,0.5064571431071481,0.04271910035535379,0.639382082001366,0.008011134105552214
2022-08-05,-0.0004779462713658337,0.00982654450577634,-0.0035900403336568965,0.008011134105552214,-0.506335287337361,0.013416584839433258,0.0005794161185400143,0.00810423885272889
2022-08-08,0.0005528848195811956,0.012795063501174445,0.00023702680629208626,0.00810423885272889,-0.5658966013918484,0.012558036694882339,-0.5769107991347666,0.009825452685407783
2022-08-09,0.0021918019718816916,0.0106011156906608,-0.003139515545087741,0.009825452685407783,0.061346741618754884,0.013740631235748715,-0.472494044377662,0.0020928577185662617
2022-08-10,0.008730225897519565,0.009883389330326642,-0.003731723076927035,0.0020928577185662617,0.26746098979320826,0.013615112407253483,-0.202643539402551,0.005251849706268978
2022-08-11,0.004327044271934068,0.00947955907002003,-0.00419019366804435,0.005251849706268978,-0.05689288011560558,0.013669752738064488,-0.21488417005369126,0.01831830849872318
2022-08-12,0.0013855184726843277,0.02299646630165184,0.0,0.01831830849872318,0.10987774524764603,0.02299646630165184,0.11542412992262302,0.002869883875039889
2022-08-15,-0.004472246585952045,0.010158500125991378,-0.006525560787274072,0.002869883875039889,-0.004098528349665856,0.016684060913265415,0.1577617945476454,0.04979521919671391
2022-08-16,0.04641713826928842,0.06092619328799756,0.041292417260128,0.04979521919671391,1.2415693099683496,0.019633776027869497,1.3282551058993548,0.0010756765736895204
2022-08-17,-0.005756730830275382,0.02375236317528269,-0.006984315126527601,0.0010756765736895204,-0.7866140791947195,0.03073667830181023,0.07418450776543148,-0.00323058948712342
2022-08-18,7.160503257657543e-05,0.006429954932359944,-0.007337637612905449,-0.00323058948712342,-0.7779220552329685,0.013767592545265496,-0.7855522137111112,-0.01485052522095099
2022-08-19,-0.001079159141214076,0.0,-0.01565365462777319,-0.01485052522095099,0.17717226323438734,0.015653654627773107,-0.5860150795253404,-0.018042368589499043
2022-08-22,-0.006002448750085401,-0.0021918283393392,-0.019008911807878292,-0.018042368589499043,-0.20518956136751657,0.016817083468539194,-0.7730410352542062,-0.004244679066864319
2022-08-23,0.00029717736567293326,0.0028939522337448854,-0.010157712631825461,-0.004244679066864319,-0.09619929956204444,0.013051664865570333,-0.8296489259691675,0.007212740409941642
2022-08-24,0.002608495285208201,0.009580829160061121,-0.0029895787375050276,0.007212740409941642,-0.07268123757602934,0.012570407897566065,-0.41624873036445875,0.006645997622268477
2022-08-25,0.0022941549365830764,0.007528825186006419,0.000444369853232506,0.006645997622268477,0.20813277361908375,0.007084455332774102,0.03744107228111785,-0.03193150118049703
2022-08-26,0.0017647923506470592,0.007040726322675588,-0.03261568486017329,-0.03193150118049703,0.09417870753996517,0.0396564111828489,0.12930280898367844,0.009679350657046322
2022-08-29,-0.005868280752050265,0.017102106548542467,-0.0077044490809992745,0.009679350657046322,-0.20478098847579454,0.02480655562954194,-0.05840013708336703,-0.003014728745952428
2022-08-30,0.0034558424067056104,0.005778009531902859,-0.008616119974260426,-0.003014728745952428,-0.18347170276130736,0.014394129506163453,-0.22782125366519831,0.0005282685768728534
2022-08-31,0.0022618981865218948,0.009839754659511117,-0.004160234887313711,0.0005282685768728534,0.43982088947155723,0.013999989546824862,0.23975622457875764,0.014455558304205146
2022-09-01,-7.54621908447833e-05,0.019351289621364943,-0.0011323583546344784,0.014455558304205146,-0.032525840964534716,0.020483647975999386,0.13420457914291406,-0.011066414522866724
2022-09-02,0.00274755249612216,0.008809910820673807,-0.015285782949585368,-0.011066414522866724,-0.23233388789627082,0.02409569377025913,-0.12231868091446349,-0.004974700977931455
2022-09-06,0.00037586347849150433,0.0046508715126836134,-0.01729145908982208,-0.004974700977931455,0.23956555161641074,0.02194233060250574,0.1602322317880836,0.02536687697606073
2022-09-07,0.00542573740369323,0.027059883583445663,0.0030179130625470592,0.02536687697606073,-0.24980087642561433,0.024041970520898487,-0.136863681484024,0.005070361312862268
2022-09-08,-0.0025079601374381854,0.008290286881359932,-0.00635580164755593,0.005070361312862268,-0.006050308182486035,0.014646088528915666,-0.16905871567161224,0.0030007522507381934
2022-09-09,-0.0009532757583179199,0.00781225251256225,-0.0022013174801404963,0.0030007522507381934,-0.04928391661836124,0.010013569992702764,-0.161952061301014,0.008948439244933713
2022-09-12,0.0017522934341663524,0.010251223708147988,0.0009495157067700884,0.008948439244933713,-0.12216280355195615,0.00930170800137813,-0.2232720739799467,-0.02085773765641679
2022-09-13,-0.008802346235441644,-0.0008695221526368454,-0.023894410159805354,-0.02085773765641679,0.21367748835715333,0.02302488800716844,0.024000918625195575,-0.002221122341799044
2022-09-14,0.003027479034008055,0.009641243125319516,-0.008317283334436248,-0.002221122341799044,0.11960941013390144,0.017958526459755816,0.19362814412316703,-0.010805197135374266
2022-09-15,0.000963106241047097,0.001703287438796843,-0.014558420299362499,-0.010805197135374266,0.012695782390017958,0.016261707738159322,0.17190672379473942,-0.0021000726697014615
2022-09-16,-0.011074848626521475,0.008059071938195616,-0.016544362787245817,-0.0021000726697014615,0.7295145593864528,0.024603434725441325,0.8640883430971331,0.008522802560703167
2022-09-19,-0.002781844007483431,0.011718679232589404,-0.00542051342876874,0.008522802560703167,-0.9101376574496578,0.017139192661358233,-0.30196535956378806,-0.005823567260686692
2022-09-20,-0.006347879228969295,-0.0033556167826143484,-0.013415007536258173,-0.005823567260686692,-0.1880878338954242,0.010059390753643772,-0.5123404281744751,0.009093663029248442
2022-09-21,0.014052822007412629,0.028784258565371142,0.007980052805061361,0.009093663029248442,0.5785655890909607,0.020804205760309676,0.09870097482110222,-0.01029243329519529
2022-09-22,-0.0014850893867905427,-0.00037106563314659707,-0.014424227931731533,-0.01029243329519529,-0.3969425251927184,0.014053162298584974,-0.34134383097613674,-0.02528129990763945
2022-09-23,-0.003905936302846627,-0.0015755646033307606,-0.03524932236078954,-0.02528129990763945,0.4849743181129216,0.03367375775745877,0.17331435673592463,0.009565086659681058
2022-09-26,-0.01012329449705949,0.015866069444537823,-0.013858413049521187,0.009565086659681058,-0.16706311032764315,0.029724482494058985,0.14365457350687968,-0.002745344418447803
2022-09-27,0.006981905626508961,0.016016019122684664,-0.007721442777491556,-0.002745344418447803,-0.29271837401682027,0.023737461900176237,-0.20902098995351953,0.016360224075158185
2022-09-28,0.0035065995835332916,0.02040881954860865,-0.009437285654281981,0.016360224075158185,-0.019600687485435708,0.029846105202890712,-0.258489232670531,-0.0064817880921961175
2022-09-29,0.002925647854291547,0.007559140532975134,-0.01118086543416896,-0.0064817880921961175,-0.09964002181187315,0.018740005967143973,-0.2812754110916599,-0.01946994468907889
2022-09-30,-7.554684169550511e-05,0.0008314169502738526,-0.01946994468907889,-0.01946994468907889,0.25162493567872496,0.02030136163935263,-0.014651631222342757,0.021584928477081336
2022-10-03,0.0041548179369832,0.023544813964755464,0.002387260459049507,0.021584928477081336,-0.10917515851051929,0.021157553505705987,-0.04441153641074716,0.012894707707155142
2022-10-04,0.009985428052639335,0.019946115354871216,0.006318244148548689,0.012894707707155142,-0.08552430716523916,0.013627871206322644,-0.0689356005511547,-0.009956274978998191
2022-10-05,-0.0036565966009290455,0.0027522532592946366,-0.013045660567143428,-0.009956274978998191,-0.10308844167689468,0.015797913826438047,-0.15994848177548604,-0.009372719163660182
2022-10-06,0.0012030064993524203,0.011668055652709865,-0.01013241283621983,-0.009372719163660182,-0.02458182368306191,0.02180046848892969,-0.1574126432163518,-0.023979036807462092
2022-10-07,-0.0028137889170134272,-0.0002278996656818629,-0.02779778197725184,-0.023979036807462092,0.18466028668171375,0.027569882311569913,0.039852791330501375,0.005894248058528779
2022-10-10,0.007516802679215232,0.010600173164195618,-0.002180366867099486,0.005894248058528779,-0.4032983170486881,0.012780540031295142,-0.33223452752078303,0.025574848876592074
2022-10-11,0.0014681053231323917,0.03405616298421328,0.0010819660818640736,0.025574848876592074,0.622940531992127,0.03297419690234926,0.371353905539927,-0.011370650588408918
2022-10-12,0.0025595013721279054,0.015704797498481526,-0.012896529838680825,-0.011370650588408918,-0.2274534459991898,0.02860132733716217,0.07617766187214953,0.008426758937900231
2022-10-13,-0.014513533947850685,0.013403710802833688,-0.0215774082929059,0.008426758937900231,0.19251570797996723,0.03498111909573954,0.2386645642128078,-0.014084250248592462
2022-10-14,0.0012088233896344798,0.007080969790060452,-0.01700195102785823,-0.014084250248592462,-0.21077240911964135,0.024082920817918574,-0.04759962341514096,0.0071811329137671
2022-10-17,0.004055239468391747,0.018233500173128282,0.0012259587146412037,0.0071811329137671,0.0680309282876621,0.017007541458486954,0.025480628256334785,0.020866235732841975
2022-10-18,0.015559179063346388,0.02799744328307207,0.014809452861035135,0.020866235732841975,-0.05600687896838267,0.013187990422037011,-0.10165869007157366,-0.0028368893334376304
2022-10-19,0.0014154749824114546,0.004388746248636463,-0.008760478072578456,-0.0028368893334376304,-0.3956101922135768,0.013149224321214932,-0.4485403429039632,0.0024640806414569553
2022-10-20,0.0016433948754197409,0.012186178612465296,-0.0008227113285818472,0.0024640806414569553,0.11762428449848947,0.013008889941046958,-0.26566976598434744,0.020008754296690655
2022-10-21,0.005355200757174988,0.024457938803724065,-0.0006713890107009732,0.020008754296690655,0.35191955865544833,0.025129327814425055,0.18459050221133755,0.01889928630743135
2022-10-24,0.004740220682385925,0.026545182056780914,0.0024093892565315244,0.01889928630743135,0.036385959324449435,0.024135792800249526,0.20135721130433232,0.004723010204372717
2022-10-25,-0.0022980238914338783,0.007361056325647985,-0.007849418864891544,0.004723010204372717,-0.2227488231232991,0.01521047519053948,-0.03423993694348751,0.007610005982491863
2022-10-26,0.0020682868254898947,0.013966473138950006,-0.0017863893367908094,0.007610005982491863,0.3212890879214263,0.01575286247574084,0.3103152584265332,-0.0029091164647917734
2022-10-27,-0.0009214492218534571,0.006778803834822042,-0.006040586155357154,-0.0029091164647917734,-0.22317607522380337,0.012819389990179139,-0.02952213701896875,0.012569029919463272
2022-10-28,-0.004843634259091669,0.015301884468328147,-0.0049150551316187235,0.012569029919463272,-0.19596973409588672,0.020216939599946998,-0.2695145651727961,-0.001263896529551414
2022-10-31,-0.001193624732038998,0.003921804506877112,-0.005206131409054376,-0.001263896529551414,0.5031025553031595,0.00912793591593148,0.28510520757839153,-0.0045067282616957785
2022-11-01,0.004486508751838455,0.008535083532667341,-0.005848547103325328,-0.0045067282616957785,-0.421117269607036,0.014383630635992656,-0.17942488998904274,-0.006656268761468575
2022-11-02,-0.003747565157800498,0.01318115613006607,-0.007011566228838474,-0.006656268761468575,0.04666544193208937,0.02019272235890467,-0.1300817889667617,-0.0002132121268692042
2022-11-03,-0.00884899553004521,0.006797442172805665,-0.011935973817305684,-0.0002132121268692042,-0.34651085896376504,0.01873341599011116,-0.41557382205428645,0.0017750555069177912
2022-11-04,0.009266239161167407,0.010532723126779078,-0.01381010351672308,0.0017750555069177912,0.2900161780547878,0.02434282664350217,-0.05550075844978449,0.010443928797264634
2022-11-07,0.002055014596173677,0.014087662394954313,0.002055014596173677,0.010443928797264634,-0.25531322753102836,0.012032647798780627,-0.32389918296689074,0.0023839862695879863
2022-11-08,0.000912218986806232,0.011308250633459296,-0.006620719153682323,0.0023839862695879863,0.28214937180884003,0.017928969787141664,0.1121927535139499,-0.023525492094918544
2022-11-09,-0.00021016570464845905,0.002587858909014237,-0.025391502147927673,-0.023525492094918544,0.05573610617479055,0.027979361056942008,0.16416291278524897,0.020509531251077056
2022-11-10,0.02156262720073319,0.022824848109599054,0.007357901148503072,0.020509531251077056,0.24280697527785108,0.01546694696109616,0.4009216653936928,0.0015441935610596893
2022-11-11,0.0021751933049309665,0.005324393319559803,-0.016788088248865123,0.0015441935610596893,-0.05255192038011454,0.022112481568424998,0.21975944018166316,-0.029827475894265192
2022-11-14,-0.006614662352035822,0.005176631637500722,-0.030694986575386315,-0.029827475894265192,0.6664376995395541,0.035871618212886945,0.8284073354150984,0.06334552052791165
2022-11-15,0.05085600952220187,0.08235786969161127,0.04354968018218242,0.06334552052791165,0.7128971368233937,0.03880818950942874,1.264235793219679,0.007163628322544135
2022-11-16,0.0029797597792770424,0.018546389091862504,-0.0021727309551531917,0.007163628322544135,-0.853822155578352,0.020719120047015725,-0.03982978638104661,-0.0033727102536211372
2022-11-17,-0.010084332035687838,0.0015476459324074356,-0.012127141333207497,-0.0033727102536211372,-0.2736068588205908,0.013674787265615084,-0.40714975684632426,0.014955227430493425
2022-11-18,0.011220610317976507,0.015021804033412578,0.00518924425700803,0.014955227430493425,-0.2667422843760357,0.009832559776404447,-0.6976653198896703,0.0061052054253194895
2022-11-21,0.0025262681849736158,0.012633670137752902,-0.00026635074497196194,0.0061052054253194895,0.10822573863129979,0.012900020882724695,-0.5879505042894742,0.003566249557379962
2022-11-22,0.005607865098022457,0.008563972571227561,-0.0001984647196858493,0.003566249557379962,-0.22476133020168157,0.008762437290913493,-0.7228431725692785,0.004800950849964639
2022-11-23,0.002567754734432346,0.011014365296058693,0.0012518119939013118,0.004800950849964639,0.0013128716513627432,0.009762553302157332,-0.30196908594613925,0.004255474778883947
2022-11-25,-0.0019701550599734836,0.004386078570414814,-0.003680858567859894,0.004255474778883947,-0.6563515783123004,0.008066937138274692,-0.8110198363107329,0.0028703196701808553
2022-11-28,-0.002289193598976959,0.010204450253737105,-0.002289193598976959,0.0028703196701808553,0.6999596600714022,0.012493643852714108,0.0658673960968714,-0.003523819048613976
2022-11-29,-0.0031317280030730677,0.001302053396781808,-0.006273294546128936,-0.003523819048613976,-0.24445412128517274,0.0075753479429106286,-0.1626004190576203,-0.003601975400450837
2022-11-30,-0.002356230146916065,-0.0013083562488853116,-0.011638362631934266,-0.003601975400450837,0.8171456436660287,0.010330006383048911,0.7486797248971935,0.006213414446094153
2022-12-01,-0.0024304470581655944,0.007777070315799097,-0.01114975277497998,0.006213414446094153,-0.3210489971160647,0.01892682309077903,0.24962473753301495,-0.0009784906427140277
2022-12-02,-0.012399720869576943,-0.0008479400191345461,-0.012399720869576943,-0.0009784906427140277,-0.09205578778878504,0.011551780850442521,0.09400384200127637,-0.010299586013849418
2022-12-05,-0.003072182030498233,-0.0014368836632353533,-0.017845314388404088,-0.010299586013849418,0.12986747553189354,0.016408430725168833,0.10458142901278075,-0.011673531371313566
2022-12-06,-0.002971725021014119,0.0017129950617257802,-0.016220489959359798,-0.011673531371313566,-0.1350610866025572,0.017933485021085802,-0.08478520802672308,-0.005217369391286714
2022-12-07,0.004061421865247884,0.008767880171584048,-0.007164167752029573,-0.005217369391286714,-0.16146197892383557,0.015932047923613694,-0.3049254129373444,-0.0022155960809262334
2022-12-08,0.0003352615829498267,0.00113938508856616,-0.006526524063555077,-0.0022155960809262334,-0.26144846028988344,0.007665909152121104,-0.44327132578193523,-0.023599295162791807
2022-12-09,-0.00884397452542418,-0.007150098126467633,-0.024218906108707396,-0.023599295162791807,0.7260573139562322,0.017068807982239795,0.374460291262058,0.018477975826397108
2022-12-12,0.004051986659681372,0.01901833545037369,0.0017189551429916583,0.018477975826397108,-0.36274841350095205,0.017299380307382047,-0.06055233166626326,-0.0035870146102818276
2022-12-13,0.013287891234355491,0.014620316150172522,-0.008685078137679473,-0.0035870146102818276,0.18615063236412444,0.023305394287852044,0.16689424601132355,-0.005575235477134551
2022-12-14,-0.0027157688174325135,0.007026535888251101,-0.010427809091049466,-0.005575235477134551,-0.1407582476654783,0.017454344979300596,-0.0015685075272707095,-0.00897169824457053
2022-12-15,-0.007459350303276673,-0.0017059350083668324,-0.020944596894177592,-0.00897169824457053,-0.149323307546878,0.019238661885810863,-0.17786663292363467,-0.018118632716717094
2022-12-16,-0.00607236802959122,-0.004412578648786365,-0.019380322747915225,-0.018118632716717094,0.8344198152756501,0.014967744099128896,0.6190183872185822,0.0003501960360076537
2022-12-19,0.0018196976605985129,0.005658227460036848,-0.007171012779453794,0.0003501960360076537,-0.9848802700006208,0.012829240239490565,-0.4740769546333714,0.008715438384982243
2022-12-20,0.0008400024942595542,0.012802874574864759,-0.003858918025911411,0.008715438384982243,0.12122602604198163,0.016661792600776076,-0.3161222495208994,0.007813897724559777
2022-12-21,0.0018725979655502994,0.013035138832123348,0.0014567592063286004,0.007813897724559777,-0.2144378613756383,0.011578379625794721,-0.47415302410493565,-0.011778677898137854
2022-12-22,-0.0028280482807338646,-0.0013785289315543477,-0.022640346620079882,-0.011778677898137854,-0.04806045560536176,0.021261817688525534,-0.46041540834109945,0.0020191010245600967
2022-12-23,-0.003001435230984396,0.0022277904485762208,-0.008398737559936862,0.0020191010245600967,-0.3149884753185095,0.01062652800851288,-0.7317120499558217,0.00027824288841534866
2022-12-27,0.0018762415679728151,0.004718681517188064,-0.004042366989943878,0.00027824288841534866,0.05075583655012286,0.008761048507131894,-0.3093864591628418,-0.017678470717032446
2022-12-28,-0.0023670573548640935,-0.0009740296958203205,-0.02037160527757463,-0.017678470717032446,0.4173016739972341,0.019397575581754284,0.18414687725365955,0.006068245903308735
2022-12-29,0.005997960685786553,0.012169907891921253,0.003250393351310466,0.006068245903308735,-0.508192388476161,0.008919514540610797,-0.29584705840802855,-0.002535725857321215
2022-12-30,-0.00415910303390963,-0.0011261238866156955,-0.009471294386749096,-0.002535725857321215,0.2267154850969258,0.00834517050013346,0.00762159711518682,0.012684629815175418
2023-01-03,0.005345740704059652,0.013450277868547272,0.0021136182683766597,0.012684629815175418,0.4049348047361345,0.011336659600170709,0.44055779440376036,0.0011135051469319634
2023-01-04,-0.001254296832281142,0.003128757116472206,-0.010711807381794336,0.0011135051469319634,-0.2571551559368647,0.013840564498266558,0.053482110498512724,-0.0034142125383215295
2023-01-05,-0.0020889599481178477,0.0025704203070225674,-0.007751142650130645,-0.0034142125383215295,-0.0048022277184848325,0.010321562957153202,-0.0021086051967024663,0.02420386707404313
2023-01-06,0.00924033382695944,0.02943613034549633,0.006747625252236997,0.02420386707404313,0.4696673993404278,0.022688505093259346,0.49765439466853056,-0.01254602448656853
2023-01-09,-0.0031388307325093848,0.007331025456488568,-0.013581384117669995,-0.01254602448656853,-0.17874185821862293,0.020912409574158502,0.14760113421315157,-0.0006210713332295431
2023-01-10,-6.90064267046987e-05,0.0034435558727843422,-0.008452297935544315,-0.0006210713332295431,-0.3943092658613124,0.011895853808328739,-0.3251522577447311,0.008728854710521608
2023-01-11,0.006056486953099546,0.009070952063456851,-0.0008978548512729423,0.008728854710521608,0.21451538746445922,0.009968806914729981,-0.044798304682728454,-0.009074069867180623
2023-01-12,0.001914286472104252,0.0019826000750261764,-0.011978623515666826,-0.009074069867180623,-0.17341875771118784,0.01396122359069295,-0.23732385010063875,0.003309203560716248
2023-01-13,0.004959668500895415,0.0069504344615488045,-0.006581912625289828,0.003309203560716248,0.09383096080716885,0.013532347086838483,-0.13330307855864526,-0.006075302718524408
2023-01-17,0.0,0.0028865873579211635,-0.007530547697146911,-0.006075302718524408,0.0987958541264448,0.010417135055068109,0.06668015576217813,-0.02503195329583714
2023-01-18,-0.0014552449786225036,-0.001108569722935027,-0.027591294883128323,-0.02503195329583714,0.4050550362075551,0.02648272516019326,0.5096884185233669,-0.014374291656897938
2023-01-19,0.0038975568966547816,0.004887204750434188,-0.014662516891412953,-0.014374291656897938,-0.2680950532354346,0.01954972164184712,0.09561122672320328,0.012241975708181063
2023-01-20,0.004097305559103236,0.013948175795620478,-0.004765378288252883,0.012241975708181063,0.5327131427621351,0.01871355408387337,0.5970018983562972,0.01483176311084062
2023-01-23,-0.0005694352087380935,0.017422340052246726,-0.0024221993792648395,0.01483176311084062,-0.8094360600159528,0.019844539431511484,-0.4030027446866221,0.0026605146160838073
2023-01-24,0.027042693388506005,0.027042693388506005,-0.01156405215422022,0.0026605146160838073,0.03873097267960846,0.0386067455427263,-0.35866663841827257,-0.004765894205351375
2023-01-25,-0.005468673582633289,-0.001259306647896003,-0.018560224684299683,-0.004765894205351375,-0.09008070294910779,0.017300918036403868,-0.43378184907472794,-0.0009137578207667385
2023-01-26,0.0048358269890928385,0.009857143271363033,-0.004083061017004216,-0.0009137578207667385,0.2361473254538206,0.013940204288367111,-0.08597411123012204,0.007635524387700641
2023-01-27,0.002738692157428192,0.015767050463691312,-0.0032398625144926395,0.007635524387700641,0.15183432571859462,0.01900691297818419,0.08368838968143631,-0.008057534350195175
2023-01-30,-0.008268565872815471,-0.005949263210297319,-0.014267373346135962,-0.008057534350195175,-0.1468779204981786,0.008318110135838596,0.07774123671390981,0.012027364494692366
2023-01-31,0.0011952192497638923,0.01209680457816931,-0.0034529489829830287,0.012027364494692366,-0.1197380704921868,0.015549753561152195,-0.07867780407898453,0.005545087961910123
2023-02-01,-0.0014607906236920442,0.012021659259948223,-0.00816565655759051,0.005545087961910123,-0.09314074879541491,0.02018731581753892,-0.17749644284637217,-0.007284332371383249
2023-02-02,-0.0017987989503601511,0.0013125153641071474,-0.012030268744692084,-0.007284332371383249,0.32629107166868715,0.013342784108799268,0.14414463702287814,-0.013388178949829027
2023-02-03,-0.0018119617609839416,0.002364588104469521,-0.0194043945132984,-0.013388178949829027,-0.03726158491069991,0.02176898261776786,0.08142193355714576,-0.007294926520177664
2023-02-06,0.0007759363269091058,0.0027483417600605983,-0.011926059645004164,-0.007294926520177664,0.017250026833875578,0.014674401405064945,0.11470081910193856,0.0021301962652168238
2023-02-07,-0.006489592003136042,0.004397447518829129,-0.01424659300870319,0.0021301962652168238,-0.06587320311041597,0.01864404052753238,0.02902317438789573,-0.005405352350753618
2023-02-08,-0.004621174045278358,0.0008508420043126478,-0.007047002563650276,-0.005405352350753618,-0.3348506701705628,0.007897844567962848,-0.33363092932445376,0.009228372441434457
2023-02-09,0.004624872159517751,0.012191742856728329,0.002492929483151052,0.009228372441434457,0.11104599823285674,0.009698813373577234,-0.2082933141289417,0.015425918065404522
2023-02-10,0.01103277785405061,0.016955510407969644,0.0045824856373041815,0.015425918065404522,0.1383392112111562,0.012373024770665549,-0.009195924676534444,0.015123021889609319
2023-02-13,0.006864815587870677,0.01656130263406867,0.005481727101518373,0.015123021889609319,0.06534555007825385,0.011079575532550174,0.08499789572001754,-0.002882625041692145
2023-02-14,-0.0012343485050834164,0.008326539028755952,-0.009295283913879904,-0.002882625041692145,-0.1466488251739784,0.01762182294263566,-0.041904178139219594,0.007395786912801464
2023-02-15,-0.0036495050653463945,0.007600490042062551,-0.006412658872187724,0.007395786912801464,0.05916393993935377,0.014013148914250359,0.0526866116442669,-0.015816580826446925
2023-02-16,-0.007464537206334691,-0.003964990248069144,-0.01644058040614954,-0.015816580826446925,0.10582244436141856,0.012475590158080327,0.11654745472453362,0.014929205693990064
2023-02-17,0.005805506290171376,0.01663498601232913,0.0020772436922773217,0.014929205693990064,0.4177482089846863,0.014557742320051938,0.49052498295411656,0.006059228322880936
2023-02-21,-0.024610628220836706,0.012891184512412016,-0.029732957664776564,0.006059228322880936,0.7865905121277655,0.04262414217718859,1.1559567484588298,-0.021196364168955737
2023-02-22,-0.003808268396479109,0.0016276304097472194,-0.03151009428282015,-0.021196364168955737,-0.6002682006123855,0.03313772469256732,0.18528372012948408,-0.015017929407646222
2023-02-23,0.0009008242647050292,0.0009008242647050292,-0.02477761579523074,-0.015017929407646222,-0.30397818888677575,0.025678440059935727,-0.24016316952922717,0.002670799001808429
2023-02-24,-0.00883619220065027,0.004564144455710537,-0.018181091755099577,0.002670799001808429,-0.06557442341923102,0.022745236210810104,-0.3568873004716028,-0.0072558704223166385
2023-02-27,0.0016831061242771393,0.004342317412297149,-0.012785883897637317,-0.0072558704223166385,-0.21418316118867542,0.01712820130993448,-0.5999110409821815,0.004866523115571846
2023-02-28,-0.003115725772238466,0.008518445464108288,-0.003470393177447832,0.004866523115571846,0.08111922576137759,0.011988838641556202,-0.4637381965545266,-0.014028850767711622
2023-03-01,-0.007556797750435801,-0.005998384049668365,-0.019609825056429338,-0.014028850767711622,-0.2415276936106705,0.013611441006761078,-0.4133254750040352,0.0024941731246627447
2023-03-02,-0.0022143482208679724,0.004200939966146678,-0.004648687236846797,0.0024941731246627447,0.04180739752617359,0.008849627202993588,-0.21353929428267088,0.001209247130006775
2023-03-03,0.0038360559110272655,0.004899002653774284,-0.00520924385099368,0.001209247130006775,0.13300370954684546,0.010108246504767996,0.001820613252867264,-0.00014221721213476143
2023-03-06,-0.0012092471300066796,0.002201297287352516,-0.004631463178557488,-0.00014221721213476143,-0.009997226936430025,0.006832760465909976,0.03714249521568601,-0.010003585338814442
2023-03-07,0.003761209608228367,0.007296477163014463,-0.013312513061949891,-0.010003585338814442,0.039092352573053164,0.020608990224964496,0.07532285162663749,-0.00829285683582791
2023-03-08,-0.004967423945684341,-0.002372664047086173,-0.01424830714211732,-0.00829285683582791,0.09346073764212229,0.011875643095031231,0.17708543068947127,-0.00675705803463997
2023-03-09,0.005272154347207363,0.006352012674098369,-0.008581249077346769,-0.00675705803463997,-0.21381358612313964,0.014933261751445121,-0.096328686295169,-0.0014590865232007217
2023-03-10,-0.0010941152563551382,0.008059642480901446,-0.007904530607370999,-0.0014590865232007217,0.2635940137805691,0.015964173088272356,0.15986640338911626,0.0029161305228403195
2023-03-13,-0.002119447418756322,0.011108448362014493,-0.0028513399387828774,0.0029161305228403195,0.33827970449298206,0.013959788300797521,0.4616702034534582,0.0053000140350004405
2023-03-14,0.002326763856302277,0.006530263380018301,-0.0026970816585289163,0.0053000140350004405,-0.09691902924813586,0.009227345038547134,0.24360288570360178,0.011089601181697679
2023-03-15,-0.008800342350559294,0.012306291171258782,-0.010116162119115774,0.011089601181697679,0.26019720864352114,0.02242245329037457,0.4254793563276788,-0.00978701673543638
2023-03-16,-0.001504992511418368,7.16254536517238e-05,-0.012683928819282897,-0.00978701673543638,-0.13650950718946658,0.012755554272934622,0.16700275902766062,0.00806687546004917
2023-03-17,-0.000651121539457258,0.00871226497714491,-0.00500235653858648,0.00806687546004917,0.3990513590800563,0.013714621515731249,0.46142240911649873,0.010702920461681132
2023-03-20,0.005008960407524276,0.01791602326598751,0.0029368312649480344,0.010702920461681132,-0.23883133789943492,0.014979192001039622,0.06601624712465615,-0.0034124840185524013
2023-03-21,0.0034716225327682954,0.0034716225327682954,-0.009770833918335728,-0.0034124840185524013,-0.5791113754108644,0.013242456451104148,-0.5488841328271241,-0.0064299549323598775
2023-03-22,0.0015655110052958307,0.005681021016583843,-0.006860103134193299,-0.0064299549323598775,-0.024760461779008033,0.012541124150777194,-0.5331671820467536,0.008066500757563011
2023-03-23,0.004861989259044364,0.014868840699866208,-0.00021509199367311037,0.008066500757563011,0.17267053310959485,0.015083932693539259,-0.263683463075768,0.008143117176834438
2023-03-24,0.0025563334578332024,0.012856995031921578,-0.00035546875374286387,0.008143117176834438,0.03161217411417786,0.013212463785664541,-0.1830684550044875,0.01657556386522847
2023-03-27,0.006957443851709225,0.022178216309555115,0.006887393524447637,0.01657556386522847,0.16282478585841206,0.01529082278510732,0.14086852402498223,-0.003891902823168825
2023-03-28,-0.00361342964636356,0.0016632760832372333,-0.007798931753241175,-0.003891902823168825,-0.22958709166241817,0.00946220783647846,-0.025234639167755372,0.004308001110586535
2023-03-29,0.005278171483570274,0.009356566219249466,-0.0011147486063397072,0.004308001110586535,0.12914680315530072,0.010471314825589141,0.0833299036612772,0.009934532207946038
2023-03-30,0.00876681574126492,0.016298560216071734,0.005462396229719859,0.009934532207946038,-0.10152346386899765,0.010836163986352005,-0.06782394503736805,0.012145363228405596
2023-03-31,0.00622756391132112,0.018837023862679544,0.0054768345861386505,0.012145363228405596,-0.04731038751005936,0.013360189276540872,-0.11372138318493626,0.00837440051119157
2023-04-03,0.00189708810614246,0.010121543585364112,0.0003390353355946662,0.00837440051119157,-0.05421818148535731,0.009782508249769388,-0.15169027589538706,-0.009867554139900063
2023-04-04,-0.0010766426779560405,0.0006723808130604929,-0.011294905811478028,-0.009867554139900063,-0.08733014563460231,0.011967286624538477,-0.17614974883808365,0.016436845629184224
2023-04-05,-0.0004076180233243561,0.01783894292235391,-0.0006115282475388761,0.016436845629184224,0.38201084579864547,0.018450471169892804,0.23564092377899717,0.007521592207465927
2023-04-06,-0.005829766671806465,0.00911187540777499,-0.007713200231324336,0.007521592207465927,-0.3943424856790911,0.016825075639099567,-0.18062379913187984,-0.0019249598473089454
2023-04-10,-0.00292205312975652,0.002119765610684521,-0.006853688924196982,-0.0019249598473089454,-0.2088718941552201,0.008973454534881613,-0.351579852788414,-0.0029276153734722585
2023-04-11,0.003250320884761579,0.003250320884761579,-0.005930751361861154,-0.0029276153734722585,0.2352810931427937,0.00918107224662267,-0.05279245586748508,-0.004876314208198038
2023-04-12,-0.001867556001094299,0.005979274371583212,-0.006015317975726766,-0.004876314208198038,-0.4939577214356049,0.01199459234731,-0.532226414144374,0.001003976621856113
2023-04-13,0.002073632427840993,0.0044097330106594316,-0.0076628173353734,0.001003976621856113,0.16891336411118513,0.012072550346032765,-0.28822213725008494,-0.006779297444218507
2023-04-14,-0.0030819179377403333,0.0026721499630553893,-0.009004304886094596,-0.006779297444218507,-0.237674959632317,0.011676454849149885,-0.363533234234097,0.00697992594562818
2023-04-17,0.001077005032051596,0.007982618043875827,0.00013471797952047495,0.00697992594562818,0.43492677093829446,0.00784790006435538,0.1752851888781248,0.0022046428278730567
2023-04-18,0.0017373764623847146,0.005469255929213603,-0.0005352264445257844,0.0022046428278730567,-0.18157585705378404,0.0060044823737392386,-0.030288079605812587,0.001067163744650836
2023-04-19,0.006584839075315799,0.01035660417025273,-0.0005340474463565442,0.001067163744650836,-0.08098327135753464,0.010890651616609286,-0.03832477845480007,0.00637917688399168
2023-04-20,0.001332336133594451,0.009157311810750848,-0.0027368664421087182,0.00637917688399168,0.09272950487120053,0.011894178252859445,0.03563811650766063,0.005021497996161111
2023-04-21,0.006536147525956243,0.008771105226287075,0.0013900322172781773,0.005021497996161111,0.619062891339119,0.007381073009008925,0.6491104653676292,0.006765378736335807
2023-04-24,-0.00013184993625738398,0.008008427923535818,-0.00013184993625738398,0.006765378736335807,-0.6236255363264053,0.008140277859793233,-0.17717930321620642,-0.007820438799849554
2023-04-25,0.003463556638152465,0.006459880288752565,-0.009405156806999054,-0.007820438799849554,0.23905951822706412,0.015865037095751516,0.0943181343413216,-0.004363955978684538
2023-04-26,-0.0039001876522534156,-0.0010561743910373136,-0.008946693214056937,-0.004363955978684538,-0.2896031242232085,0.007890518823019615,-0.24214120138296508,0.003109582118054965
2023-04-27,-0.0008618442314638042,0.006802090523960819,-0.0008618442314638042,0.003109582118054965,-0.0038182203213736297,0.007663934755424414,-0.25173939563737124,-0.0027120640720179434
2023-04-28,-0.0005946829291791404,0.005205066093016968,-0.007958611632757405,-0.0027120640720179434,0.09116648344087029,0.013163677725774354,-0.15109064486492035,0.004098334148561193
2023-05-01,0.00046358404950706973,0.010345738080447002,-0.0002649691974596752,0.004098334148561193,-0.210910853432918,0.01061070727790669,-0.21435451476603473,-0.0027083019312829763
2023-05-02,-0.0007918650314562727,-0.0006598817451688683,-0.01415069143736255,-0.0027083019312829763,-0.007045162852426824,0.013490809692193663,-0.19022089827420416,-0.0037110296476448174
2023-05-03,0.0025104133287826426,0.006067032430706405,-0.00603750279874639,-0.0037110296476448174,0.08499027065744756,0.01210453522945279,-0.014909579535658234,-0.0009964407035025291
2023-05-04,-0.0004648770365424627,0.0024534936023457893,-0.007530614527558799,-0.0009964407035025291,0.12745679568890023,0.009984108129904416,0.12178641361939052,0.008602508456612682
2023-05-05,-0.0011304452292453192,0.010182560487558813,-0.004262406715744331,0.008602508456612682,0.03814626996409046,0.014444967203303363,0.14155786570455633,0.006239942444076338
2023-05-08,-0.0032999226056816696,0.007744855596953443,-0.004689127264651059,0.006239942444076338,0.02511477830673424,0.01243398286160437,0.1593011963899275,0.0017010035332897242
2023-05-09,0.0,0.003007564944882277,-0.0024913215266091113,0.0017010035332897242,0.01881532415415801,0.005498886471491307,0.12433217670490614,-0.0028147848102609008
2023-05-10,0.004630411718271834,0.008915599811435734,-0.011505312229775288,-0.0028147848102609008,0.03982818737990439,0.020420912041211107,0.10799016769536449,0.003729564486865393
2023-05-11,0.0,0.004708693842238613,-0.003611835212257995,0.003729564486865393,-0.28297360081088707,0.008320529054496607,-0.22298658155471526,-0.000326589610917236
2023-05-12,0.003129889972640981,0.006185096970831191,-0.00268127865221419,-0.000326589610917236,0.30122934303817833,0.008866375623045262,0.10660824616096529,-0.007804613634947174
2023-05-15,0.0028052358475247614,0.005082735818911157,-0.011102142293779003,-0.007804613634947174,-0.00033505826604365515,0.016184878112690232,0.08492400029118152,-0.013923199724980701
2023-05-16,-0.0068047869063639745,-0.0023071504785432168,-0.015326233765346533,-0.013923199724980701,-0.03806188901041641,0.01301908328680338,0.030941621085643505,-0.0016704837278445075
2023-05-17,0.009039038122502417,0.009105138173699104,-0.00716944812711586,-0.0016704837278445075,0.5536941428350494,0.016274586300815092,0.5806224125658433,0.012890559839080282
2023-05-18,0.015066775862416969,0.031336895445340754,0.002804851339574493,0.012890559839080282,0.5498953920059679,0.02853204410576615,0.9926784744695744,-0.010352480329539804
2023-05-19,-0.0004622677006738174,-6.603595531718454e-05,-0.015703300503261516,-0.010352480329539804,-0.527611541596717,0.01563726454794426,0.1271244765781897,-0.008844327830419314
2023-05-22,-0.0014018164486249672,0.0011333844232543503,-0.01086531629206713,-0.008844327830419314,-0.5376741064479135,0.011998700715321527,-0.5007944647198335,-0.0018860978879484463
2023-05-23,-0.003910982913651972,0.0018154347833393963,-0.010214115803867174,-0.0018860978879484463,0.011381950814992263,0.012029550587206558,-0.4894418424282987,-0.004595587793076563
2023-05-24,0.0013475976927004427,0.001549549988802702,-0.013645409923393425,-0.004595587793076563,0.22985987265788058,0.015194959912196175,-0.26550670672320487,-0.010007187816264598
2023-05-25,-0.00509321676881467,-0.0012877950212881806,-0.017354858070289657,-0.010007187816264598,0.03749874349074633,0.01606706304900141,-0.17842649266737967,0.0017772806408831822
2023-05-26,-0.0031522448695643092,0.004505381496693585,-0.004732022725163936,0.0017772806408831822,-0.3036737810309181,0.009237404221857596,-0.2588600938934558,-0.002461686054584632
2023-05-30,-0.0008199149549352639,0.005924246850376797,-0.005616092483468952,-0.002461686054584632,0.001373024110131135,0.011540339333845729,-0.13351090646899438,0.0055303547282985095
2023-05-31,-0.004391463313387627,0.008521661542059184,-0.007214837726563451,0.0055303547282985095,0.6491838430186527,0.015736499268622573,0.5198537360543599,0.0036699067060854094
2023-06-01,-0.0045039221816769795,0.0069884678014779,-0.006352291373521418,0.0036699067060854094,-0.397926586453009,0.013340759174999366,-0.021627933344189245,0.009519726772562086
2023-06-02,-0.001289718223662916,0.010795587777053087,-0.0021051759115965915,0.009519726772562086,-0.0538523149204481,0.01290076368864966,-0.07280765382301581,0.006563571536855739
2023-06-05,0.0036889477914980287,0.016196602213611203,0.0036889477914980287,0.006563571536855739,-0.2095025977907636,0.012507654422112982,-0.26153005407638946,-0.00013354878408706593
2023-06-06,-0.0006677694510160918,0.0026000332193207433,-0.008648781028058347,-0.00013354878408706593,-0.03517674455832014,0.011248814247379156,-0.2950452119576874,0.00146775142500891
2023-06-07,-0.003544790398535412,0.0038648547135722217,-0.004952810235084091,0.00146775142500891,0.4795949620270986,0.008817664948656342,0.19178403189844337,0.014362985734157084
2023-06-08,0.002596647154172543,0.01607020720546131,-0.0014009748035556358,0.014362985734157084,-0.2509522934479689,0.01747118200901704,0.001297933033273596,0.006027679992292869
2023-06-09,-6.56569658422375e-05,0.010134518623193187,-0.003752816687305829,0.006027679992292869,-0.1902114462453036,0.01388733531049889,-0.17431078150373824,0.00657582211086307
2023-06-12,0.0022184791234315633,0.007872819324489714,0.0005224688043516178,0.00657582211086307,-0.05875544332035569,0.007350350520138248,-0.19382277151277805,0.007756943308391309
2023-06-13,0.0027217835144010835,0.009108245506372802,-0.0001947393206455712,0.007756943308391309,0.06736991521512173,0.009302984827018385,-0.11700546606233808,0.010058729134839574
2023-06-14,0.0039202159351112275,0.012986772402207058,0.001994131197300337,0.010058729134839574,0.29328933284530034,0.010992641204906669,0.1681407660965365,0.005467277405367551
2023-06-15,0.0008283266740735951,0.00863218935250609,0.0007009757063347443,0.005467277405367551,-0.15017578191699735,0.007931213646171323,0.05396168642647254,-0.014046076047281732
2023-06-16,0.002216489669044361,0.002659227617792597,-0.015654825349287412,-0.014046076047281732,0.6467931314780604,0.01831405296707997,0.7090710561427785,-0.008847657363628976
2023-06-20,-0.00535091788280622,-0.0005145388618872811,-0.010665620489726517,-0.008847657363628976,-0.5505898029651558,0.010151081627839334,-0.04326193945090383,0.0019441835395748164
2023-06-21,0.0003242808243923099,0.007625241045445278,-0.005202920528140379,0.0019441835395748164,-0.03788922691018412,0.012828161573585628,-0.13050046771448634,0.00831700024916952
2023-06-22,0.003360891471277979,0.010433550576191865,0.0001294285523786558,0.00831700024916952,-0.36924273595940593,0.010304122023813395,-0.5312645807342175,-0.0018637242470774462
2023-06-23,0.0008342806906590897,0.0034611039597906576,-0.004698062961477323,-0.0018637242470774462,0.35480205180461166,0.008159166921268076,-0.10509897948393798,-0.0026407926840544133
2023-06-26,0.0012213997616150585,0.0020562897428085783,-0.007360116012398143,-0.0026407926840544133,-0.29650081717613197,0.009416405755206575,-0.40929858799872665,-0.0036183097325399884
2023-06-27,-0.005821550491362163,0.005146355670511083,-0.0064055441511622424,-0.0036183097325399884,-0.15394511905320069,0.011551899821673171,-0.347969268821151,0.00542256685030905
2023-06-28,0.0015523287006804483,0.007673264901642246,0.0009704507885833226,0.00542256685030905,0.44594570679251466,0.006702814113059133,0.19477626928730687,-0.006782796918868483
2023-06-29,-0.005293089358471409,-0.00374103543264188,-0.014199415557108323,-0.006782796918868483,0.1308437960861708,0.010458380124466314,0.330277551868911,0.018622521951828425
2023-06-30,0.0044624076327882765,0.020846758925400177,0.003235645173776954,0.018622521951828425,-0.12118692453681713,0.017611113751623185,0.10808883930973004,0.006468412776581894
2023-07-03,-0.0023567572289825782,0.007984292629935226,-0.0054224780776117535,0.006468412776581894,-0.7910087035650426,0.013406770707546924,-0.6840653016345828,-0.0005690388469726667
2023-07-05,-0.0002528581393583442,0.0057985916506106475,-0.005450990285285836,-0.0005690388469726667,0.709798750497142,0.011249581935896482,0.09155457417034406,-0.006344844745256436
2023-07-06,-0.0011391224948951685,0.00044258159517896085,-0.007873566932407376,-0.006344844745256436,-0.19796756136269367,0.008316148527586366,-0.17261913310349247,-0.023310747303284286
2023-07-07,-0.008308827037798675,-0.005232890444159168,-0.023571365666751023,-0.023310747303284286,0.3153069488589124,0.018338475222591882,0.1961505815681936,0.009015201164005806
2023-07-10,0.006946950088706036,0.013010277826807227,0.005392912639858711,0.009015201164005806,-0.4219390380867571,0.00761736518694841,-0.2039478558851565,-0.0014861460935829318
2023-07-11,-0.0007104835423009908,0.004059397015269507,-0.006607528426955266,-0.0014861460935829318,-0.12352811950141906,0.010666925442224787,-0.24757884031747535,0.0025186697164710195
2023-07-12,0.0042586440930880215,0.007986142078229588,0.0010986654743130677,0.0025186697164710195,0.36501895874413104,0.0068874766039166,0.07982801106944515,-0.005886744958968578
2023-07-13,0.002512341953538482,0.0036054969224093166,-0.008745576363800755,-0.005886744958968578,-0.33082253479050105,0.012351073286209921,-0.23678278490587856,0.0034327491056956564
2023-07-14,-6.489626104775002e-05,0.0034974187864557065,-0.0035748181022157363,0.0034327491056956564,-0.1287007091713954,0.007072236888671311,-0.3307180823813346,0.0012277876405882274
2023-07-17,-0.0016825107209760464,0.002066915187821774,-0.005446047749611362,0.0012277876405882274,-0.02842244371089966,0.007512962937433241,-0.2212568566881562,-0.0018098549655862774
2023-07-18,-0.0011631179598282913,0.005217170209502912,-0.006413843837158796,-0.0018098549655862774,0.28201990875048116,0.011631014046661664,0.10659913030548704,0.00032342078647245036
2023-07-19,0.0014868407150402116,0.0040675217956758925,-0.005319184182662073,0.00032342078647245036,-0.08252582497129052,0.009386705978337897,-0.00812826096314117,0.018327927289593517
2023-07-20,0.002002892322204281,0.018772351704999246,0.0018091963641190913,0.018327927289593517,0.1917212676334105,0.016963155340880165,0.25222587628462073,0.005635645901096976
2023-07-21,0.00266344366192996,0.008221149663596466,-0.00025401436404283017,0.005635645901096976,0.12365724634296478,0.008475164027639401,0.32355871783854195,0.005855103333601003
2023-07-24,0.0005049820304093798,0.006984434796350663,-0.005127738027759266,0.005855103333601003,-0.3027773039726241,0.012112172824109908,-0.0803940543402966,-0.0008163622758752182
2023-07-25,0.0072555202133235954,0.007567071054091356,-0.0064236034760748045,-0.0008163622758752182,0.21619517467273278,0.01399067453016611,0.10113896153018527,0.003574654211892975
2023-07-26,0.00043970672406998403,0.009504184863788796,-0.0014460620324554282,0.003574654211892975,-0.029994417688357297,0.010950246896244365,0.04147726209540743,-0.003637495516050516
2023-07-27,0.002126221597779597,0.0056183288409234165,-0.0038260431261746934,-0.003637495516050516,-0.11902600681541424,0.009444371967098072,-0.11444423422315556,0.004701171417119398
2023-07-28,0.0008164854022044815,0.011121655287633682,0.0008164854022044815,0.004701171417119398,-0.19555460487720236,0.010305169885429202,-0.2886439334479237,-0.0003127200012286472
2023-07-31,0.00031262223800119886,0.0045546529398546335,-0.006273128747416032,-0.0003127200012286472,0.1677699957114464,0.010827781687270686,-0.036646453603804446,-0.0047026452601107065
2023-08-01,0.0005628113001671556,0.003683936294952793,-0.0056458195339884575,-0.0047026452601107065,-0.10088456827610481,0.0093297558289413,-0.14495035227436745,0.000691110571401729
2023-08-02,-0.003651924537867523,0.008261897731465543,-0.003651924537867523,0.000691110571401729,0.07183203690028127,0.011913822269333048,-0.016148528666014933,0.0002511749629353143
2023-08-03,-0.001256893986421092,0.0017570448142941333,-0.004469229106428851,0.0002511749629353143,0.04197393741427121,0.00622627392072297,0.06439886248913393,-0.005793479674987951
2023-08-04,0.0031346261889200204,0.006197043315304808,-0.008196269817400962,-0.005793479674987951,0.07717730347581048,0.014393313132705646,0.14477532982390323,0.013487025407238486
2023-08-07,0.0072993495263467606,0.017963284256566955,0.004851194140650823,0.013487025407238486,0.00048368611817510923,0.013112090115916087,0.09405032997078186,0.0009964492922438443
2023-08-08,0.0031106396577218866,0.007016272174107291,-0.00612504027577287,0.0009964492922438443,-0.25859742599028207,0.013141312449880206,-0.18339654039851896,0.0016171065011214073
2023-08-09,0.0016171065011214073,0.008985348013803343,0.0003734215495801467,0.0016171065011214073,0.18145892025093752,0.008611926464223202,0.009689781586867069,-0.004047715742405386
2023-08-10,-0.0007459826407843757,0.005206779149165324,-0.005483863948430471,-0.004047715742405386,0.13834299504325528,0.010690643097595627,0.1396656353347925,0.005848372732054864
2023-08-11,0.0018079537101386165,0.009748927197875814,-0.0009988039475339033,0.005848372732054864,-0.06638999839401595,0.010747731145409823,0.043893787133205846,-0.007472043413434118
2023-08-14,0.004950500426981325,0.009753730159714107,-0.012610171545848784,-0.007472043413434118,0.3827145891019997,0.022363901705562822,0.4275937351203059,-0.0051381281324147975
2023-08-15,-0.002879111170441061,0.004925403783000218,-0.006772895971319702,-0.0051381281324147975,-0.3573814590464507,0.01169829975431991,-0.02186064272652882,0.0005024130305835676
2023-08-16,0.004387829544793505,0.011182332843816383,-0.005101578413101883,0.0005024130305835676,0.6168955372440525,0.016283911256918197,0.5485317399710877,-0.022671209907353
2023-08-17,0.010244939774603145,0.011735472271202552,-0.026983957091614295,-0.022671209907353,0.6866884564295775,0.03871942936281678,1.0725288573559004,0.014285032431527258
2023-08-18,-0.0024437379586073433,0.02524228360994739,-0.0024437379586073433,0.014285032431527258,-0.6512214610687571,0.027686021568554785,0.0712421302607269,-0.00266293693816055
2023-08-21,-0.0019014258004207538,0.005745508409377965,-0.005651318724961502,-0.00266293693816055,-0.5782575040820904,0.011396827134339515,-0.6075048338760336,-0.003179474978911409
2023-08-22,-0.0034342498123703124,-0.0012705480623453897,-0.008095640149227992,-0.003179474978911409,0.061317694270246484,0.006825092086882584,-0.509859871176354,0.006918271795216041
2023-08-23,-0.0025508201636850795,0.008813978033474949,-0.0031896162926764514,0.006918271795216041,-0.15967859657922073,0.012003594326151244,-0.6846369961195717,-0.007682864052377573
2023-08-24,0.00018970347362979613,0.007121960258172338,-0.008129085510382208,-0.007682864052377573,-0.012555266099929204,0.01525104576855457,-0.6021839535287224,0.005910246519115724
2023-08-25,0.0018467527395194805,0.007303276696122178,-0.0022333204148659385,0.005910246519115724,-0.13450609475299485,0.009536597110987978,-0.3671975233667284,0.005686486034159787
2023-08-28,0.00025340282240722745,0.006379294198777346,0.00025340282240722745,0.005686486034159787,-0.03281427897921799,0.00612589137636989,-0.20500891804063556,0.008344610621226366
2023-08-29,0.001762575026878025,0.00946865296951913,0.0008817118666543339,0.008344610621226366,0.06768462835830019,0.008586941102864709,-0.08364174845426506,0.007159596990822807
2023-08-30,0.002184467130795015,0.007717731139621615,-0.0008125352184672445,0.007159596990822807,-0.14682848984135788,0.008530266358089001,-0.17128316829803372,0.008708888244876844
2023-08-31,-0.0004963651122163583,0.0110430481285988,-0.001489977281607197,0.008708888244876844,0.5796970403544127,0.012533025410205895,0.45952135041630177,-0.0064162396503550335
2023-09-01,0.001597630398835717,0.002150043250159882,-0.01524388510635653,-0.0064162396503550335,-0.44465211878385086,0.01739392835651644,-0.07107108649216884,-0.008078611339930099
2023-09-05,0.0017315111139311525,0.007583965482155305,-0.00864029859918304,-0.008078611339930099,0.1919141466024625,0.016224264081338195,0.11660074931028921,0.0074595023934729545
2023-09-06,0.0008108328853804275,0.011785307903159865,-0.0022487160428547146,0.0074595023934729545,-0.04125520865112606,0.014034023946014555,0.027195382187377944,0.012310143612856775
2023-09-07,0.003276960778916788,0.012371258108152561,0.00012388080301376742,0.012310143612856775,0.27011829864189124,0.012247377305138762,0.27101491623288804,0.0018334891906136986
2023-09-08,6.111449529576409e-05,0.0023828670919573873,-0.0024499634645786077,0.0018334891906136986,-0.4117607723170966,0.004832830556536128,-0.24675053707045477,0.0034744229623665255
2023-09-11,0.001403443827609515,0.004325995419234645,-0.0006719030900490474,0.0034744229623665255,-0.061461285192658095,0.004997898509283892,-0.21903812496948463,0.0010947159253383981
2023-09-12,0.0009731167964727366,0.0035836899619016383,-0.0018271241143233681,0.0010947159253383981,-0.013080365968868654,0.0054108140762250245,-0.223430310735737,0.00024308436409452086
2023-09-13,0.0024889740365632387,0.008051610048063387,-0.0009121452164564737,0.00024308436409452086,0.20027163741943207,0.0089637552645197,0.024944623206647188,0.004184225138656967
2023-09-14,0.002670243391843154,0.007145052023112859,-0.0009119234140456591,0.004184225138656967,0.03821129234326302,0.00805697543715835,0.06645031676556423,-0.0036981640989139125
2023-09-15,-0.00024206924649227776,0.0024780616289009944,-0.008996448390456538,-0.0036981640989139125,1.4547563958025613,0.011474510019357478,1.583199412800095,-0.00743775213941664
2023-09-18,0.00024290720636761706,0.0033955510652867596,-0.008478500024728863,-0.00743775213941664,-1.5929335374675984,0.011874051090015722,-0.5869528429863814,-0.0002447803063459868
2023-09-19,-0.0002447803063459868,0.0022005402712620553,-0.006569003265410371,-0.0002447803063459868,0.07567623815780242,0.008769543536672565,-0.5205225290285137,0.003238713394504761
2023-09-20,0.0013456557390405138,0.008107563973363348,-0.00257399280227836,0.003238713394504761,-0.32586363841064325,0.010681556775641574,-0.865381772591612,-0.012215121265661632
2023-09-21,0.0021330788200012198,0.00359307451855466,-0.013018268821238483,-0.012215121265661632,0.6183275490237979,0.016611343339793246,-0.2111216666141191,0.0026521849120926385
2023-09-22,0.0019127508831805896,0.008057895129973788,0.0,0.0026521849120926385,-0.3515677130858681,0.008057895129973788,-0.595415455971236,0.00442501845809191
2023-09-25,0.00012313887709007533,0.004670264036980355,-0.0029609516635335886,0.00442501845809191,-0.23384189170921452,0.007631215700514021,-0.2791212246939465,-0.0035015293568934664
2023-09-26,-0.0007975515591192183,0.002878036404496405,-0.004425018458092038,-0.0035015293568934664,0.3221936488376846,0.007303054862588475,0.08047818143480995,-0.0048115965123150025
2023-09-27,-0.003081690012467904,-0.0016629231301104697,-0.01369334489536886,-0.0048115965123150025,0.08465679878073763,0.012030421765258351,0.15890641700592836,0.005057702225149765
2023-09-28,0.0017299064998470214,0.0068403177162680955,-0.000804141196829648,0.005057702225149765,-0.3018743454335712,0.007644458913097727,-0.22308983641223687,-0.016187885694430918
2023-09-29,0.0030101179050222716,0.0036233045381568016,-0.020825706180555695,-0.016187885694430918,0.4836228910381293,0.024449010718712555,0.3644383198862809,0.0010624128625583138
2023-10-02,-0.0027550104046304737,0.0021236267967386277,-0.01018110050287433,0.0010624128625583138,-0.37172198829178943,0.012304727299612947,-0.08978063471493798,-0.006328601327770618
2023-10-03,-0.002564230872769219,0.004051681261293835,-0.008909060556469606,-0.006328601327770618,-0.14372624230827738,0.012960741817763246,-0.2685321072819533,0.011934331880191098
2023-10-04,0.003513871920398143,0.012244837928296934,-0.00050295003917097,0.011934331880191098,0.3365407855918627,0.01274778796746775,0.11221108617275154,-0.011997132848728042
2023-10-05,-0.003422016367370619,-0.0002485311544389359,-0.012500186458003057,-0.011997132848728042,-0.09907781222932997,0.012251655303564073,0.012498681839193913,-0.016926516508008308
2023-10-06,-0.002706776271879276,-0.0005659621051458404,-0.047832036787685134,-0.016926516508008308,1.0941100703442255,0.047266074682539315,1.0696579791479555,-0.0036508984481415183
2023-10-09,-0.008539639309862181,-0.003586718422118505,-0.020344924731000632,-0.0036508984481415183,-0.7066411699517938,0.016758206308882095,0.08148172567680624,0.011230326868449294
2023-10-10,0.002499461037580116,0.014271380577854539,-0.001155724828978318,0.011230326868449294,-0.2721112196418528,0.015427105406832927,-0.27025148212578626,0.003989475987499524
2023-10-11,0.004179095937475169,0.0119210671168193,-0.003559587652455827,0.003989475987499524,-0.2864027851834447,0.015480654769275204,-0.6010334234071163,0.004540048427376688
2023-10-12,0.0018942224886272757,0.006802330530620212,-0.002911364558480932,0.004540048427376688,0.11665429693659615,0.009713695089101191,-0.4497825735766055,0.005521093547360049
2023-10-13,0.0019483841334551994,0.009455016236694438,-0.0003146090112498655,0.005521093547360049,0.02158696866699953,0.009769625247944206,-0.4210401934938489,0.008597095167674158
2023-10-16,0.004432328940524823,0.013979289629449516,0.0030610064946463024,0.008597095167674158,0.03829697575502408,0.010918283134803107,-0.06274399161522495,0.001301795313213681
2023-10-17,-0.002919693912924972,0.0030966974668549265,-0.005099535327851334,0.001301795313213681,-0.27549714815792964,0.008196232794706203,-0.2468084379311701,0.0007431431112837936
2023-10-18,0.002845626855956513,0.005806396049712888,-0.004345948083035079,0.0007431431112837936,-0.03113233372697069,0.010152344132747883,-0.20163828490799598,-0.004778044274024942
2023-10-19,-0.0006811816056644802,0.0017317616238758204,-0.008204964699445018,-0.004778044274024942,0.10651619615422664,0.00993672632332083,-0.0721478005781523,-0.012581181707753502
2023-10-20,0.0003731428703990414,0.0020505293681783374,-0.01289616730692217,-0.012581181707753502,0.24831883132714394,0.014946696675100587,0.2045826900026086,0.014072847425498957
2023-10-23,-0.00018895061419923987,0.016182315726585402,-0.004672007263574338,0.014072847425498957,0.12707993466626377,0.020854322990159616,0.3115309164148016,0.01381635078381734
2023-10-24,0.002419300914883323,0.015224191821685504,0.0023573278894382234,0.01381635078381734,0.025295874071169313,0.012866863932247365,0.2938533425223662,-0.0030060552652287943
2023-10-25,-0.0005515013896991336,0.006593844025631771,-0.004789438148081215,-0.0030060552652287943,-0.05348379678011531,0.011383282173712981,0.14357438405841955,-0.0061011836681943475
2023-10-26,-0.0003072432892760536,0.006674676136929654,-0.007090730725615907,-0.0061011836681943475,-0.02446387291565075,0.013765406862545449,0.038257484011975776,-0.0037158790854966896
2023-10-27,-0.001794235817047619,0.0012356113964519077,-0.0075701368068418875,-0.0037158790854966896,-0.15943276042895244,0.008805748203293865,-0.1769127677602486,0.011413221969501074
2023-10-30,0.0017977547917332661,0.012884314871654163,-0.0023604783298627687,0.011413221969501074,-0.08886879094221235,0.015244793201517056,-0.2508027210569084,0.0023895069999182415
2023-10-31,-0.00012271807062158265,0.0036737873975656535,-0.006585245146037987,0.0023895069999182415,0.11306447019371665,0.010259032543603637,-0.08153744317667723,0.008894921895519345
2023-11-01,0.004883711684752895,0.01198346027832099,-0.002634887984965725,0.008894921895519345,0.050313522622455906,0.014618348263286722,0.013565879516086296,0.003934688786381072
2023-11-02,-0.0029765435647310184,0.00797440246011361,-0.007549583027233097,0.003934688786381072,0.03901547095708899,0.015523985487346747,0.07629497072314828,-0.005209295379672225
2023-11-03,0.00217258266765585,0.004701391393649064,-0.006181466140374281,-0.005209295379672225,0.10689493938428925,0.010882857534023418,0.19338220504124037,0.0013352021476574609
2023-11-06,-0.0009721707607020768,0.005873650604947325,-0.0035895768601480614,0.0013352021476574609,-0.17109141359355975,0.009463227465095264,-0.02459692049723536,0.004659218033231435
2023-11-07,0.005383391286064187,0.010437835680195467,0.0027255677142677052,0.004659218033231435,0.033462333477001456,0.007712267965927818,-0.016009977061879715,-0.008183117557721116
2023-11-08,0.0011463080879719099,0.003795969085818077,-0.012574936136835222,-0.008183117557721116,0.037142563073081655,0.016370905222653283,0.009993392600353068,-0.0023155276394194162
2023-11-09,0.00042598052853950926,0.0013381257449959936,-0.006411228875895477,-0.0023155276394194162,-0.03337555478172709,0.007749354620891311,-0.03231290043322894,0.013753234069656239
2023-11-10,0.0038359548099976535,0.015256383103545506,-0.00012204424970994983,0.013753234069656239,-0.05172581558966466,0.015378427353255411,-0.07873167619757973,0.008925676122782535
2023-11-13,0.0011425855179718054,0.010058182589916491,-0.0008428065749501837,0.008925676122782535,0.07329508629696128,0.010900989164866556,0.03298959746384199,-0.00017896644672615907
2023-11-14,0.0029179813774524595,0.008728456190599906,-0.0025677039443286406,-0.00017896644672615907,0.2503578134985973,0.011296160134928604,0.27161281207148813,0.012625060082442666
2023-11-15,0.004344899747058162,0.013567011435738503,-0.0008353955504442613,0.012625060082442666,0.5918036795647633,0.014402406986182965,0.8021046998267349,-0.08439113052958587
2023-11-16,-0.06717283478599316,-0.06277307442340038,-0.08785778950090964,-0.08439113052958587,1.0043719894278615,0.025084715077509267,1.5820403496710318,-0.004431740041941568
2023-11-17,-0.0005769181127793602,0.009567009813626596,-0.006622770529076605,-0.004431740041941568,-0.8322617711585056,0.01618978034270324,0.14944254346403602,-0.00032190077489553935
2023-11-20,0.0012223376615691495,0.004239495435209941,-0.0021910304871349796,-0.00032190077489553935,-0.465936388837128,0.006430525922345035,-0.4596977720323614,0.0035994715646314682
2023-11-21,0.00102973267096309,0.009931199666458848,-0.00756231615336828,0.0035994715646314682,0.09711186516852399,0.01749351581982702,-0.4145212905068046,-0.007664368931544156
2023-11-22,-0.0008986907224031995,0.0012182670211267645,-0.00954111907593198,-0.007664368931544156,-0.10640363730785446,0.010759386097058607,-0.5631459755815322,0.008946729613330996
2023-11-24,0.003098572854204288,0.009395123653918529,0.00019390997703179694,0.008946729613330996,-0.6367044847122297,0.009201213676886996,-1.1586919313355386,0.004539232845113032
2023-11-27,-0.0007051095423604973,0.008295644712969216,-0.0007051095423604973,0.004539232845113032,0.5151824251364322,0.009000754255329715,-0.17202883157346185,0.011857714076900122
2023-11-28,-0.0007019150182380192,0.013621105087157947,-0.0007019150182380192,0.011857714076900122,0.006021919507790519,0.014323020105395875,-0.01815416050944371,-0.01626877192336824
2023-11-29,0.0008190885356539595,0.0008190885356539595,-0.01928464797113091,-0.01626877192336824,0.2392527418356593,0.020103736506784972,0.2475496538512073,-0.0025018661042384258
2023-11-30,-0.00038450094279690334,0.0017283904543426377,-0.010109899498856502,-0.0025018661042384258,0.0009829094909924578,0.011838289953199329,0.2441361739142524,-0.008708904364679724
2023-12-01,-0.0019931790878196538,-0.000514009943524179,-0.019850167457685138,-0.008708904364679724,0.2718282112412947,0.019336157514160936,0.4864644498785191,-0.0002591828709092999
2023-12-04,-0.006630723496200352,0.003815441959861333,-0.006695962620380021,-0.0002591828709092999,-0.4563596604572332,0.01051140458024138,-0.1601449960836111,0.009224956420581989
2023-12-05,0.0009716451571132312,0.009995241752184221,-0.0036359291212953613,0.009224956420581989,-0.12844623990105833,0.013631170873479776,-0.2987398928356811,-0.010911395913301397
2023-12-06,-0.0011565416528474793,0.0006419211602163317,-0.013446437060408946,-0.010911395913301397,0.1894112177331678,0.014088358220625097,-0.09807205778217332,-0.010310079099381177
2023-12-07,0.002010426122447484,0.003240604090964933,-0.011819832649141146,-0.010310079099381177,-0.04188220682278831,0.015060436740105966,-0.11602404616640925,-0.010550002083795374
2023-12-08,-0.0030217146121259714,-0.0016410952163482216,-0.01466820853254886,-0.010550002083795374,0.2951269079243037,0.013027113316200701,0.21166997831408338,0.00251573164946772
2023-12-11,0.0018543223224501938,0.003903284039513505,-0.008788311267695238,0.00251573164946772,-0.06631705772486482,0.012691595307208592,0.18383571559530112,0.0007931444180599946
2023-12-12,-0.00013227714442014274,0.0030368761166606134,-0.006700514701140389,0.0007931444180599946,-0.39954072842318644,0.009737390817801127,-0.2671329794236547,0.017616060788583597
2023-12-13,0.0012544639307429427,0.017616060788583597,-0.0047682542416529914,0.017616060788583597,0.5027168468108866,0.022384315030236406,0.23918441146562555,-0.012278915496997618
2023-12-14,-0.0034463654943913233,-0.0007143129226054279,-0.013857304863074918,-0.012278915496997618,-0.13478702569823672,0.01314299194046932,0.0423887915473852,0.0037388606188705946
2023-12-15,-0.0025661587641589373,0.008441636095278187,-0.004148682458569516,0.0037388606188705946,0.8180706499373585,0.012590318553847808,0.8237954084796534,0.01449439261127413
2023-12-18,0.003985789912186902,0.015139460858946007,0.0025500505300603163,0.01449439261127413,-0.9783681215756491,0.012589410328885674,-0.3648204297811418,0.003607122674327536
2023-12-19,-0.0008391817292741187,0.0046353333222269155,-0.005694660020250753,0.003607122674327536,-0.07489750821073742,0.010329993342477434,-0.4098997051760301,-0.011770926636747949
2023-12-20,-0.0007075131906790366,0.003914356616995286,-0.012356592453249469,-0.011770926636747949,-0.10570186618033502,0.01627094907024469,-0.5319672832416681,0.0070662024861921895
2023-12-21,0.0018848485447299594,0.008744443150615726,0.0013002859023155688,0.0070662024861921895,-0.08947005737804063,0.007444157248300245,-0.5471828563941855,0.011880095554559898
2023-12-22,0.0041901852886684545,0.015066792820457694,0.002322934589585198,0.011880095554559898,-0.034551156410709216,0.012743858230872493,-0.5174788688338584,-0.001533287817391287
2023-12-26,0.0,0.002168116903870748,-0.003453136260561111,-0.001533287817391287,-0.507687115324335,0.0056212531644319885,-0.6529221875691835,0.00935451823850941
2023-12-27,-0.0006395400331208088,0.009797816908151291,-0.0015996176338412538,0.00935451823850941,0.5326492907815092,0.011397434541992373,0.019510571034407266,-0.001965431313276592
2023-12-28,-0.0006969783891829912,0.0028462406114661194,-0.0024097992943198847,-0.001965431313276592,-0.17056941290148475,0.005256039905785907,-0.10360898261901991,0.0005075452259856652
2023-12-29,-0.0002539418935615794,0.003231395204480382,-0.0026054568000785025,0.0005075452259856652,0.2687403941750999,0.005836852004558816,0.22255256402373177,0.010349098529508166
2024-01-02,-0.0025404516333609145,0.011917308748810902,-0.002922091201008097,0.010349098529508166,0.07000291784459872,0.0148393999498191,0.2715962058570732,6.27181778281047e-05
2024-01-03,0.0030088377785765534,0.006320608651072685,-0.0022626383756807794,6.27181778281047e-05,-0.22717890439197758,0.008583247026753477,-0.0006395906837797636,-0.009714307965096577
2024-01-04,-0.0005651084225784623,0.0015054920414746744,-0.011427237557793261,-0.009714307965096577,0.0276842475986774,0.01293272959926787,-0.04565361729515461,-0.006677898179609166
2024-01-05,0.0010136838753905056,0.0021528784774991587,-0.013786229244987087,-0.006677898179609166,0.11855200393761481,0.01593910772248629,0.07899624833251755,0.009779078988938256
2024-01-08,-6.382780458195675e-05,0.010031793346739903,-0.00019149563701166162,0.009779078988938256,-0.048544219152102205,0.010223288983751633,-0.017562751286997934,0.006675913235640258
2024-01-09,-0.002024162209973972,0.0068642478261716254,-0.0032913292421186905,0.006675913235640258,0.12020425079466861,0.010155577068290235,0.11475896636379744,0.012351994694275774
2024-01-10,0.0015680852916208053,0.013653144782368601,0.0015680852916208053,0.012351994694275774,-0.1476012102336102,0.012085059490747842,-0.030748074857552706,-0.0011165799852970032
2024-01-11,0.00037194008681905533,0.0037131195290507277,-0.006968229205942394,-0.0011165799852970032,-0.33768956217634605,0.010681348734993155,-0.381516891085933,0.0013026027912927522
2024-01-12,0.001612493004756737,0.002665430327309169,-0.004541406715486813,0.0013026027912927522,-0.05191933655086611,0.00720683704279591,-0.3854285991824965,0.003156397511026486
2024-01-16,0.000743532709395556,0.0066723983841551196,-0.0005581012837178603,0.003156397511026486,0.2229234082203103,0.00723049966787302,-0.07841471926231752,-0.004707361746789141
2024-01-17,-0.002784597508190171,0.0009882024734007237,-0.007442846548709656,-0.004707361746789141,-0.13861948646384803,0.008431049022110426,-0.1766200672847732,0.013382493295372956
2024-01-18,0.0005586555221501539,0.014300949782747189,-0.002424192393118056,0.013382493295372956,0.20439568258098098,0.016725142175865255,0.12872959524330305,-0.0052822468076330524
2024-01-19,0.0011632218110016316,0.0020195339064035026,-0.011087996350214685,-0.0052822468076330524,0.05272872774836046,0.013107530256618155,0.20590739449532333,6.159519722902064e-05
2024-01-22,0.0025217347989805535,0.0035041125432103506,-0.0054341549698802725,6.159519722902064e-05,-0.3189877608549685,0.008938267513090526,-0.1730161468240631,0.002521579672675932
2024-01-23,-0.001664050507635499,0.00282865314299568,-0.0038253166190753396,0.002521579672675932,-0.14419914138973594,0.006653969762071084,-0.3209413563593178,-0.014228506312009264
2024-01-24,0.0006140526754693268,0.0016571057196657244,-0.015350656683391186,-0.014228506312009264,0.6421312554573565,0.01700776240305693,0.38275872860022325,0.014474158575703683
2024-01-25,0.0055917990847471144,0.014658410879044704,-0.0004986018248592654,0.014474158575703683,-0.3371527135047145,0.015157012703904122,-0.05301471119352194,0.008743340416105623
2024-01-26,0.0012887730145046486,0.009412679659265228,-0.0011059458932550965,0.008743340416105623,-0.03880807952247679,0.010518625552520334,-0.07049709952376604,0.004676409634648129
2024-01-29,0.000486849264023009,0.006915774707695155,-0.004576108418477204,0.004676409634648129,0.14702166416270948,0.011491883126172227,0.11795944634091354,0.0033270033793449767
2024-01-30,-0.0020621862191467335,0.004654711599070472,-0.008641168324629363,0.0033270033793449767,-0.17774331264880885,0.013295879923699745,-0.11149919917715038,-0.0020553989284785783
2024-01-31,0.013257957644108847,0.013257957644108847,-0.002902932435495909,-0.0020553989284785783,0.5373776403318853,0.016160890079604664,0.3890355462494109,0.018348046985266236
2024-02-01,0.0027194733894645657,0.01858572621460768,-0.0004236423231053633,0.018348046985266236,-0.22866579599502987,0.019009368537712925,0.12485250524499533,0.007458338982969455
2024-02-02,-0.000951078058147556,0.013396902992589868,-0.0023198607419603516,0.007458338982969455,0.041363768696764426,0.01571676373455017,0.11913854167989853,-0.005380965756165679
2024-02-05,0.0025913849231777066,0.0025913849231777066,-0.008885261445846924,-0.005380965756165679,-0.12391892405264465,0.01147664636902478,-0.06455223212369486,0.006795274721463336
2024-02-06,0.0007704456651771456,0.007619427217857234,-0.0018991085089373298,0.006795274721463336,-0.300122612889434,0.009518535726794527,-0.37349696909893976,-0.0025354553029786195
2024-02-07,0.0027052869438952605,0.004993099280791332,-0.0035986763542145603,-0.0025354553029786195,0.18613620627767472,0.008591775635005858,-0.1767359913264365,-5.8985635595981356e-05
2024-02-08,0.0,0.006883786746267138,-0.001417901978941653,-5.8985635595981356e-05,-0.1688965695500467,0.00830168872520874,-0.25262584029141566,-0.0005315681835664625
2024-02-09,0.00011803535270479781,0.002123249309167086,-0.002660467833521418,-0.0005315681835664625,-0.006822547041150021,0.004783717142688625,-0.18845422987440524,0.006007441729882783
2024-02-12,-0.00029540774377162017,0.006359707178942423,-0.0013596393834884436,0.006007441729882783,0.031954759860986885,0.007719346562430989,-0.06782179855548175,-0.006834789889661994
2024-02-13,0.0018772720316797462,0.0045112667906503714,-0.011991748279902478,-0.006834789889661994,0.22747747616614916,0.016503015070552896,0.21617031137653814,-0.003197734155817324
2024-02-14,-0.0023084635463682503,-0.00153842861066775,-0.009504636339939818,-0.003197734155817324,-0.004840977971545781,0.00796620772927195,0.15427295190225418,0.004084166914009698
2024-02-15,0.007092187775065007,0.007386671398142621,-0.003743637136304374,0.004084166914009698,-0.08673550820405589,0.01113030853444689,0.0499936280586768,0.006300622580529218
2024-02-16,0.00588962295641503,0.015474215137058073,0.0,0.006300622580529218,0.27767571836409016,0.015474215137058073,0.29687614808814844,0.031774357092123146
2024-02-20,0.04656267754851013,0.06251502971218226,0.028185545470239635,0.031774357092123146,1.16585154287095,0.034329484241942654,1.370370503975801,-0.012358506129098895
2024-02-21,-0.004902253604608506,-0.0015933940769207477,-0.017553375850850664,-0.012358506129098895,-0.5723852856314583,0.015959981773929943,0.3124207090880456,0.009796412132361704
2024-02-22,0.0010356907239899263,0.010138417218935988,-0.0022477932155700727,0.009796412132361704,-0.31651494291946625,0.012386210434506002,-0.14210511888258257,0.0008547609092638298
2024-02-23,0.0038691171061051187,0.012689219323163347,-0.0005702467741077466,0.0008547609092638298,0.9241720911914278,0.01325946609727104,0.7192466705288921,0.01828696449503924
2024-02-26,0.010200674598775102,0.022305752241883883,-0.005826925661841006,0.01828696449503924,-0.8384344190406477,0.02813267790372486,-0.3945457433243403,-0.0001677711497919014
2024-02-27,0.0006709311932993384,0.0033500997290925585,-0.006396205182842177,-0.0001677711497919014,-0.5794846750305758,0.009746304911934681,-1.0142169518129136,0.0005032930150238289
2024-02-28,-0.0006714943299532839,0.0028487354182510803,-0.004709828314421839,0.0005032930150238289,-0.19622693577615102,0.007558563732672764,-0.9663888218717375,-0.01708572943242418
2024-02-29,-0.0028554343644536678,-0.002182810920458712,-0.01742703417350992,-0.01708572943242418,0.680861909388809,0.015244223253051184,-0.14385724266428276,0.0025559818387742243
2024-03-01,0.0032365010273038906,0.004086466875895129,-0.007019973055799041,0.0025559818387742243,-0.42964806434061276,0.011106439931694296,-0.5719186123809354,0.009147970397030962
2024-03-04,-0.004434568503079772,0.01066452900986915,-0.0061454067786460955,0.009147970397030962,-0.1713961644970942,0.016809935788515386,-0.3454637860198269,0.01240172887596284
2024-03-05,0.00956623395876367,0.017385943121795013,0.004710684879921213,0.01240172887596284,0.20477754945190904,0.012675258241873846,0.012881373839245166,0.00878869394057313
2024-03-06,0.0013315251045014408,0.009613831995923831,0.0,0.00878869394057313,-0.4379457328708216,0.009613831995923831,-0.4420537853480046,-0.003473071942954601
2024-03-07,0.0070741482188537595,0.008221026283438631,-0.0036387936947436493,-0.003473071942954601,0.2432214506671432,0.011859819978182216,-0.1772982480937228,-0.003984096893117225
2024-03-08,-0.005982081789402349,-0.0013262905037578967,-0.010492244931170468,-0.003984096893117225,-0.2879187946532089,0.00916595442741244,-0.32022309396643794,0.008941952626587892
2024-03-11,-0.0003327309662244745,0.009765866943618338,-0.004167020021700406,0.008941952626587892,0.15319498761920558,0.013932886965318698,-0.08108953947366464,0.012288186111594162
2024-03-12,0.00476936869977111,0.01489023422157887,-0.00016483919615295243,0.012288186111594162,0.16019427111504372,0.015055073417731869,0.1038962118877008,-0.0021191803443221598
2024-03-13,-0.002445611851005157,0.0008138559494586538,-0.008667954758537716,-0.0021191803443221598,-0.041661041989709616,0.009481810707996342,0.1040184776912078,-0.00425181872185917
2024-03-14,0.0,0.0026075609754290367,-0.011158637616497142,-0.00425181872185917,0.03995008482217922,0.013766198591926144,0.0998811999938844,-0.005587527280790207
2024-03-15,-0.005587527280790207,0.002128200295842953,-0.00921971258176961,-0.005587527280790207,1.122291553214754,0.01134791287761267,1.2169970210212542,0.0029619949880090304
2024-03-18,0.00016475771020526878,0.003619040261737633,-0.004790641296618058,0.0029619949880090304,-1.1092920650498674,0.008409681558355772,-0.3073248642119092,0.00016427046074571952
2024-03-19,0.0018058054434926091,0.0034445877402910353,-0.0042812866018567325,0.00016427046074571952,-0.3075325531935785,0.007725874342147617,-0.6377708921830387,0.006223424466485606
2024-03-20,-0.0004929550592395314,0.006713080553894897,-0.002137937707116731,0.006223424466485606,-0.028407735921997423,0.008851018261011385,-0.6290549437795216,0.0032599990028209748
2024-03-21,0.0004896560874092404,0.00667157055850221,-0.0032706613650835296,0.0032599990028209748,0.17233229150751234,0.009942231923585634,-0.42122568820518425,-0.009483423469306428
2024-03-22,-0.002117799400817963,0.0013009924855878214,-0.009812054070192373,-0.009483423469306428,-0.01671694646052456,0.01111304655578011,-0.41637848683209644,-0.0049407090038932795
2024-03-25,0.0,0.001969518870374378,-0.008413780946847828,-0.0049407090038932795,0.011142729408712658,0.010383299817222275,0.021010636755288685,-0.0009911030588958313
2024-03-26,-0.0018177417458407207,0.004283402479334468,-0.005629156499088147,-0.0009911030588958313,-0.03211030431308375,0.00991255897842255,0.02727738316190811,0.003464540295618939
2024-03-27,0.005931812062789145,0.00888457516419101,-0.0021506709269845815,0.003464540295618939,0.04449575160396347,0.01103524609117568,0.051269110404601324,-0.009099294390276775
2024-03-28,-0.0009886534462070808,0.0008231004888077542,-0.00926547608596413,-0.009099294390276775,0.19952128205883718,0.010088576574771982,0.21684467599287588,-0.002829296578803294
2024-04-01,0.002324091432527009,0.00975779130213195,-0.00399663923860621,-0.002829296578803294,-0.23681506170825786,0.013754430540738048,-0.06524648576891127,-0.014098926958742507
2024-04-02,-0.0016680316269259323,0.0016652539300606511,-0.01884306966093601,-0.014098926958742507,0.343542755450935,0.02050832359099668,0.28089670581862347,0.004553519250256963
2024-04-03,0.003711852060049906,0.005730677288225922,-0.0037256812536235555,0.004553519250256963,-0.28887703937338727,0.009456358541849372,-0.07775847742591659,0.0011771580379689472
2024-04-04,0.0018492164506919563,0.006373739503743338,-0.002358481352825372,0.0011771580379689472,-0.012323226941946654,0.008732220856568659,-0.10112145367265708,0.005865093957344972
2024-04-05,0.0008399704379794037,0.00903470946230031,-0.0001680531375022528,0.005865093957344972,-0.3341087418123345,0.00920276259980251,-0.43614010966915034,-0.0011702700730624454
2024-04-08,-0.004185858039620434,0.003169615504955502,-0.007210567289928797,-0.0011702700730624454,0.06862450803256882,0.010380182794884294,-0.273134256976289,0.00016730176932885522
2024-04-09,0.0015043906608189063,0.0031733210997813865,-0.008061843297944961,0.00016730176932885522,-0.10031359754007077,0.011235164397726323,-0.33465589504955773,0.013786415804612711
2024-04-10,-0.002847367870654811,0.01609321189784064,-0.006712586454435566,0.013786415804612711,0.41060160822782293,0.022805798352276,0.221814753019051,-0.00878141312464901
2024-04-11,0.002142228210849671,0.0044440935868353725,-0.009114310228074057,-0.00878141312464901,-0.3177684265698629,0.013558403814909432,-0.10390107994455575,0.0008317265263785625
2024-04-12,-0.0014988786630583957,0.010429712306021676,-0.0023325466853731354,0.0008317265263785625,0.11125341723894071,0.012762258991394824,0.06559201030106364,-0.0034979478492397423
2024-04-15,0.006133445484024228,0.009268543222934,-0.00383173386265594,-0.0034979478492397423,-0.1512126898561563,0.013100277085589923,-0.11887952653295664,-0.0015028833461446767
2024-04-16,0.0016671973665690972,0.005989048124409301,-0.0025060831264311872,-0.0015028833461446767,0.33282691926585506,0.008495131250840601,0.2226123301805013,-0.003180162091693451
2024-04-17,0.005167131572429809,0.009811339207384756,-0.004522249698534733,-0.003180162091693451,0.04015711235067294,0.014333588905919629,0.18584170835513533,-0.006559660302814055
2024-04-18,0.0030130638817706034,0.004849864852962384,-0.007234830837993331,-0.006559660302814055,-0.23977356154643756,0.012084695690955766,-0.05757176509105466,0.00454585283797303
2024-04-19,0.0032011221484412396,0.00689483702599125,-0.004905653108824001,0.00454585283797303,0.1608120472461403,0.011800490134815435,0.08656918033529122,0.010194800751918797
2024-04-22,0.0005038642134593652,0.014508763544046037,-0.008265170860502376,0.010194800751918797,0.05120151985633035,0.022773934404548408,0.1091608569609652,-0.01761345947165798
2024-04-23,0.0018274049592268836,0.0034857548481765,-0.026623274307473955,-0.01761345947165798,0.18633205974441716,0.03010902915565033,0.2324033880886184,0.013113819156805708
2024-04-24,-0.001863312314086627,0.0159493140740048,-0.004749776116697154,0.013113819156805708,0.030978280709978802,0.020699090190702107,0.21890920346800244,0.005662909174101461
2024-04-25,0.0030020087242371395,0.010963562639999341,-0.0006682890904551451,0.005662909174101461,0.038843688248977916,0.011631851730454598,0.21566625501862022,-0.0008307591655702552
2024-04-26,-0.001662209065805603,0.0029850819421914166,-0.003493874048686088,-0.0008307591655702552,-0.5561902130308244,0.006478955990877494,-0.4292366156196336,0.001328934249415945
2024-04-29,0.00033239916773257836,0.0038158411077614997,-0.003663638127794427,0.001328934249415945,-0.1211351239293107,0.007479479235556111,-0.5128923464197248,-0.014884516008794165
2024-04-30,-0.0006642463664442694,0.000995479726111786,-0.01809097609127418,-0.014884516008794165,0.3730288216228885,0.019086455817385942,-0.07509065499895745,-0.008460287567826628
2024-05-01,-0.0006741463407434132,0.0010104644534245672,-0.010671690251037348,-0.008460287567826628,0.08464449947161373,0.011682154704461965,0.059822127091147335,0.014507687447991309
2024-05-02,0.0015281462317230903,0.01751772830714957,-0.004598435121089566,0.014507687447991309,0.1278920856672689,0.022116163428239022,0.2307058878013933,0.0018405528742313894
2024-05-03,-0.0015084248914623013,0.004511670462921571,-0.009591991122124246,0.0018405528742313894,-0.21266327165327265,0.014103661585046008,0.04254823033657036,0.0008354789964510977
2024-05-06,0.0030045141218663983,0.0030045141218663983,-0.007214196349474418,0.0008354789964510977,-0.24507162509620276,0.010218710471340799,-0.24792661915997702,0.012449326913122864
2024-05-07,0.004998331704218615,0.015414249327089517,0.0030020087242371395,0.012449326913122864,0.26684945287428957,0.012412240602852533,0.000366453273731945,-0.005292762929064044
2024-05-08,0.00016498369077374178,0.0037869403476568433,-0.0066203106854944875,-0.005292762929064044,-0.2762192554664138,0.010407251033151356,-0.2801289042344469,0.0023190236022356007
2024-05-09,-0.0016597260925559883,0.004632744743745986,-0.005821196880958205,0.0023190236022356007,0.278303829348175,0.010453941624704163,0.061152578074324386,0.0006616096194540612
2024-05-10,-0.0004964630582011538,0.0023137211415104773,-0.004643437577763151,0.0006616096194540612,-0.16343502400652865,0.006957158719273452,-0.057095827243818946,-0.0011580726776552392
2024-05-13,0.0023121297073743488,0.014282421982784546,-0.0031464566157266413,-0.0011580726776552392,0.44386603329128616,0.01742887859851112,0.4154721784542196,-0.009146139003908241
2024-05-14,0.0018192448592178998,0.0023148057741665513,-0.016187274319094377,-0.009146139003908241,-0.025258567993418093,0.018502080093261014,0.269696150094605,-0.0005012746146400637
2024-05-15,-0.0005012746146400637,0.0013355263565518194,-0.006536508375999864,-0.0005012746146400637,0.16912164885616535,0.007872034732551665,0.3811057145272583,0.06753211652106773
2024-05-16,0.0708074696632833,0.07391687747312312,0.050674631810980114,0.06753211652106773,1.0014773527057985,0.023242245662143158,1.2447645649748065,0.009948774292716955
2024-05-17,0.0035866818573088407,0.013500012946596699,-0.005954280496250769,0.009948774292716955,-0.7247722793317718,0.01945429344284751,0.09633530752849344,-0.0072964883833058596
2024-05-20,-0.003564013340661408,0.0017000329763009424,-0.012138377969786784,-0.0072964883833058596,-0.6704809907295045,0.013838410946087695,-0.6941013028132694,0.015000686555156455
2024-05-21,0.0054385725942079945,0.015614479950363391,0.004198041597705672,0.015000686555156455,0.13278701842918747,0.01141643835265767,-0.5325399718821664,0.0015337192109374346
2024-05-22,-0.0026127450898846666,0.008254417078084723,-0.006467502573895032,0.0015337192109374346,-0.14095284249812284,0.014721919651979793,-0.6621302072179187,-0.006303405814498876
2024-05-23,-0.0012268339551029293,0.004129342106759722,-0.010631060057192042,-0.006303405814498876,0.08644611830991705,0.014760402163951745,-0.5233049890887784,0.008293718898245725
2024-05-24,0.00446258999923875,0.013024103681646396,0.0026184966881016916,0.008293718898245725,-0.3187481114616023,0.01040560699354471,-0.45080611768554185,-0.00521387997062083
2024-05-28,-0.0024501702086774262,0.0013756818116790323,-0.009837143785524284,-0.00521387997062083,0.12381070899091756,0.011212825597203317,-0.11696903045962323,-0.0018467648743243834
2024-05-29,-0.0044687787362815735,0.002610338049505049,-0.0060143504959139105,-0.0018467648743243834,-0.1457884852878364,0.008624688545418828,-0.2404964909802573,-0.00046219521446909964
2024-05-30,0.0001540567788646203,0.0038434978060954816,-0.002313233075305503,-0.00046219521446909964,0.1232357804779558,0.006156730881401041,-0.037976678292557554,0.013318264006045159
2024-05-31,-0.0033961320824533866,0.015444945435785985,-0.011313498591113288,0.013318264006045159,0.7500480423223983,0.02675844402689921,0.7394014959723924,0.0009119556454928719
2024-06-03,-0.0038089478801689295,0.0012157175142869907,-0.009165943297536356,0.0009119556454928719,-0.869814556041722,0.010381660811823432,-0.28995909494999306,0.011780815756575205
2024-06-04,0.0025794441446231817,0.012381249820976839,0.00015195041600894215,0.011780815756575205,0.24416183793279742,0.012229299404967892,-0.042997586799717075,0.007330392354520945
2024-06-05,-0.0004505336069201585,0.008224391057436518,-0.00481638049425407,0.007330392354520945,0.013567160914016515,0.01304077155169068,-0.04781109608192831,0.0008939987029153982
2024-06-06,-0.00044724235798424293,0.005203402904990064,-0.004781119396069276,0.0008939987029153982,-0.12244592204390388,0.009984522301059501,-0.2131517349897891,-0.019094082073926818
2024-06-07,0.00371609486472899,0.006235147354959192,-0.022743688769264785,-0.019094082073926818,0.42188557621392037,0.028978836124223913,0.20624870539659124,0.016260548889711478
2024-06-10,0.019689599649156897,0.0217710661336587,0.005902391825972438,0.016260548889711478,0.06910830094236803,0.015868674307686223,0.3699117899297849,-0.0034407352867427666
2024-06-11,-0.00014938595393021662,0.0,-0.009151674727674794,-0.0034407352867427666,-0.4826177694398007,0.009151674727674834,-0.23911791603036886,-0.006313998659021735
2024-06-12,0.0017966035008112034,0.003142055033013253,-0.0125162125588058,-0.006313998659021735,-0.13283591729894992,0.015658267591819108,-0.3551655223374687,0.005864228605381468
2024-06-13,-0.00015073534135973354,0.006763452229587474,-0.005443845673193221,0.005864228605381468,-0.04438030975645575,0.012207297902780745,-0.3594866635351961,0.0047861250525418845
2024-06-14,-0.0024016228187036053,0.006128166096854364,-0.0060149639467411715,0.0047861250525418845,0.11730063005112337,0.012143130043595574,-0.2161725824864177,0.005950650426361492
2024-06-17,-0.0014931834638508377,0.0062473176741313086,-0.009143329524062865,0.005950650426361492,-0.039457435080000394,0.015390647198194088,-0.15298240048273323,0.002666277829755232
2024-06-18,0.0031099483279693157,0.0066524685369544504,-0.0017814006507245494,0.002666277829755232,-0.0007852375747020856,0.008433869187678958,-0.008143048255817137,0.00604682412133668
2024-06-20,-0.003705080276332217,0.007809643994989378,-0.004447678480479757,0.00604682412133668,0.13639659397197426,0.01225732247546912,0.14937330479866495,-0.0014714315464608363
2024-06-21,0.003669190175973617,0.00790866592895432,-0.002650182645332006,-0.0014714315464608363,0.6245216703898572,0.010558848574286354,0.7384092097373481,0.014472847114274916
2024-06-24,0.002059420891669727,0.01650270698437651,-0.00014729601452714044,0.014472847114274916,-0.7302285463813429,0.016650002998903714,-0.20489229892029748,-0.02171451751890595
2024-06-25,-0.025429508147130173,-0.01919621123486504,-0.03470260946815995,-0.02171451751890595,0.5149165516574071,0.015506398233294841,0.3115895615316803,0.012821673732470732
2024-06-26,-0.000296642089575802,0.017350829841716625,-0.0031196502870071223,0.012821673732470732,-0.38661818691361405,0.020470480128723857,-0.1836361569730553,-0.006021956475752113
2024-06-27,0.0,0.004237617354856721,-0.009120433193915395,-0.006021956475752113,-0.09449090696533641,0.01335805054877211,-0.3022992752715901,-0.002507533927456324
2024-06-28,-0.00014724871976420892,0.00323579084531294,-0.008284035114314466,-0.002507533927456324,0.3775794794644678,0.011519825959627304,0.08636119902265281,-0.003402558551396429
2024-07-01,0.0026548733470020663,0.00779700590250426,-0.00681684749430362,-0.003402558551396429,-0.7753374500874597,0.014613853396807834,-0.6035476429537783,0.008705275551740221
2024-07-02,-0.0005929575300960223,0.008852203735895571,-0.003265569351946688,0.008705275551740221,0.08517782537833934,0.012117773087842065,-0.4691634523085978,0.002494288902160343
2024-07-03,-0.0038269422844774445,0.002640851088473144,-0.00663274507896233,0.002494288902160343,-0.4060216132701994,0.00927359616743544,-0.7108175709476242,0.026035648610387343
2024-07-05,-0.0011729356295669413,0.02760495642137277,-0.002053681129734857,0.026035648610387343,1.2334860535988281,0.02965863755110765,0.6542465251195793,-0.005153183565220937
2024-07-08,-0.002000849419924313,0.0014267155209842287,-0.009900395730883027,-0.005153183565220937,-0.5806888119968868,0.011327111251867163,-0.07039579661192184,0.0031523341452966143
2024-07-09,0.0031523341452966143,0.008146971289932302,-0.00014355416371971086,0.0031523341452966143,-0.21323232446774407,0.008290525453652164,-0.17380380181692692,0.007269679473032268
2024-07-10,0.0028571012041507067,0.007695647218158558,-0.002578432908748635,0.007269679473032268,0.10173244684114796,0.010274080126907299,-0.09071353307653503,-0.008701297052467168
2024-07-11,-0.003271976038710334,0.0005678444843697592,-0.01646778072433669,-0.008701297052467168,0.36899849613934166,0.01703562520870661,0.2554374374512337,-0.0080553540343251
2024-07-12,0.0014316175794348758,0.0032896507464961738,-0.009066837349095587,-0.0080553540343251,-0.25191713186822573,0.012356488095591735,-0.1399756361370626,0.005329544493274859
2024-07-15,0.0008662507773065198,0.010487896748438858,0.0008662507773065198,0.005329544493274859,-0.17739189820225362,0.009621645971132298,-0.17215975480426796,0.005444100230775132
2024-07-16,0.0030122533572621854,0.00900967496482262,-0.00043104790911964913,0.005444100230775132,-0.03341991054798018,0.009440722873942263,-0.173509667618028,0.014749961644468746
2024-07-17,0.002711030324031778,0.015734971168660187,-0.000571686695723052,0.014749961644468746,0.3190598051815963,0.016306657864383133,0.14421093248215117,-0.0029608634493956997
2024-07-18,-0.0049396540547720635,0.0022500875860331543,-0.008482992733622501,-0.0029608634493956997,-0.23656464953367595,0.010733080319655735,-0.13790879733479405,-0.0009889058512355519
2024-07-19,0.005351333181579511,0.007175579585554349,-0.0024033116463265457,-0.0009889058512355519,0.08801015725096532,0.009578891231880871,0.0341419001555257,-0.005243443654944654
2024-07-22,0.0015535715274641185,0.007182653632317151,-0.007376918553279147,-0.005243443654944654,0.08229336539447786,0.014559572185596233,0.12498336159838513,0.0038290378598536214
2024-07-23,0.0012780117928376739,0.004536436869232505,-0.0038436469438983254,0.0038290378598536214,-0.31283639120991985,0.008380083813130821,-0.23152664031789194,-0.0007080078420755818
2024-07-24,-0.0018418208011627638,0.0026856304908733203,-0.00439755574539194,-0.0007080078420755818,0.8870135946981008,0.007083186236265222,0.6653530717986675,-0.008249255302158375
2024-07-25,0.0,0.0024050117670960146,-0.009249465402394094,-0.008249255302158375,-0.17812244262373628,0.011654477169490134,0.3431873986555317,-0.0034334493189901267
2024-07-26,0.0029947503860456473,0.0031370513295346796,-0.017141144571182623,-0.0034334493189901267,-0.11424211534258338,0.0202781959007173,0.11392967709735842,-0.0022954964306908625
2024-07-29,0.0010026455928577552,0.00171825280418742,-0.009358668038540892,-0.0022954964306908625,-0.48711354877856333,0.011076920842728223,-0.4393479172222992,-0.006195543038085767
2024-07-30,-0.001005959586273117,0.0032981420235484666,-0.009235265660330023,-0.006195543038085767,0.1938987962908883,0.012533407683878497,-0.21563545996131336,-0.00798093250861665
2024-07-31,-0.0001445708759029904,0.0008667662711925405,-0.013093022416794662,-0.00798093250861665,0.6039940899700941,0.013959788687987345,0.3472620086155951,0.016615299859738624
2024-08-01,0.003925912224842923,0.016758607202145955,-0.0017498218237462083,0.016615299859738624,-0.28223180342479415,0.01850842902589205,0.059879118175125555,-0.019241126418509846
2024-08-02,-0.002726200730550953,0.006427172766179531,-0.029813930293483788,-0.019241126418509846,0.3110544493271497,0.03624110305966335,0.39011532316067454,-0.01278963079783664
2024-08-05,-0.005272428979845888,0.0017513540054500843,-0.022901132202274008,-0.01278963079783664,-0.12681005134134318,0.024652486207723995,0.1816625698138324,0.0022168269228627006
2024-08-06,0.003691948571050355,0.015269727969374383,0.00133073087603551,0.0022168269228627006,-0.33788677986236715,0.013938997093338784,-0.2702032881536962,-0.012328328327299987
2024-08-07,0.001917335330050845,0.0039779687441881826,-0.013824082459035443,-0.012328328327299987,0.2220805569876458,0.017802051203223604,-0.07146947696304827,0.01114672995114306
2024-08-08,-0.0010468385885906574,0.01498202751750692,-0.003593438361072167,0.01114672995114306,-0.3928151767069881,0.018575465878578983,-0.4188843564663774,0.0042768782076005
2024-08-09,0.002804146314137615,0.008242577406388542,-0.00488928772531951,0.0042768782076005,0.10016199575220032,0.013131865131708035,-0.266999335251261,0.01097705912145472
2024-08-12,0.005723097415190749,0.018517760156982695,0.0017644872912590496,0.01097705912145472,0.2305507146150977,0.016753272865723753,0.07829505680133117,-0.008331550335057291
2024-08-13,-0.003937825382706998,-0.0013108492080358583,-0.022969172345631974,-0.008331550335057291,0.4237022336509411,0.021658323137596063,0.5450246829709952,0.0077492368946785635
2024-08-14,-0.0030870894276341034,0.009640794375206218,-0.004118240679860223,0.0077492368946785635,-0.1469422155973711,0.013759035055066456,0.25613699793635747,0.06375532239485542
2024-08-15,0.07651859710662834,0.08082662320460408,0.05827433404509281,0.06375532239485542,0.7709503374106806,0.02255228915951101,0.9783775610459716,0.003682697309838399
2024-08-16,-0.006580821199206822,0.005858730601039837,-0.009059824164381683,0.003682697309838399,-0.9140186390860546,0.014918554765421583,-0.27066187401800507,0.0036692882891584517
2024-08-19,-0.0008171828306845604,0.007189970709431802,-0.0014987483612435607,0.0036692882891584517,-0.3712423032959612,0.008688719070675175,-0.6874296271538212,0.011061756973210421
2024-08-20,0.00040684585966433703,0.013875062910530948,0.0,0.011061756973210421,0.05151210000151685,0.013875062910530948,-0.6085795633636698,0.009347069707136132
2024-08-21,0.010144269000363818,0.013855815814576518,0.0006704945370759173,0.009347069707136132,0.027200474173417918,0.013185321277500632,-0.4855202628040621,0.004508746107440551
2024-08-22,0.0017263782560829877,0.012940935420625129,-0.0011968395371849117,0.004508746107440551,0.10724587317620346,0.014137774957810014,-0.30872569651776516,0.001586397981508829
2024-08-23,0.0002645408538518157,0.0030384557158829395,-0.007570255687231654,0.001586397981508829,-0.294506793030147,0.010608711403114594,-0.25501156018465354,0.004349863055239055
2024-08-26,0.0026385843758298137,0.006714555535247435,-0.0017187451352513672,0.004349863055239055,-0.2573715047748754,0.008433300670498696,-0.4120900091700544,0.0013143860557952073
2024-08-27,0.005508909271921547,0.005508909271921547,-0.003425591545776166,0.0013143860557952073,0.19520594951934975,0.008934500817697604,-0.15657874103870234,-0.0006569269359696303
2024-08-28,0.001968395488698284,0.00393292400707745,-0.004212191376660002,-0.0006569269359696303,-0.16352002793802362,0.00814511538373732,-0.27660951406050127,0.004458975753716279
2024-08-29,-0.001183717734926637,0.005113080714672119,-0.005403685796089896,0.004458975753716279,0.18906103688456144,0.010516766510761954,-0.006833423663304191,0.010543607989534621
2024-08-30,0.0002617332525874055,0.013646362342577002,-0.002620506597104998,0.010543607989534621,0.6725430041217496,0.016266868939682076,0.746891308672423,-0.0007772693059102895
2024-09-03,0.0012939762515196593,0.007481900204452066,-0.005583346157820537,-0.0007772693059102895,-0.02457413058682594,0.013065246362272643,0.5411521957365281,0.0009066731612984541
2024-09-04,0.002071245557429788,0.004009125123281496,-0.005717946802443871,0.0009066731612984541,-0.20619636577636224,0.009727071925725278,0.15308308238888976,-0.003631635441958642
2024-09-05,0.00012948587459066447,0.002715097556671249,-0.011065640339936548,-0.003631635441958642,-0.3433680164264431,0.013780737896607767,-0.27371962213660134,-0.004166668762577977
2024-09-06,-0.0007798981073290243,0.004666855931905499,-0.008612816174069301,-0.004166668762577977,0.1061887350641091,0.013279672105974617,-0.20482913601557254,0.009092113129641664
2024-09-09,0.002736324430588616,0.010771654702190839,-0.001959140293185502,0.009092113129641664,0.42530556147620674,0.012730794995376334,0.19077145681763558,0.018828622558806823
2024-09-10,0.0001293184637644074,0.01997000836286233,-0.0007760647199547093,0.018828622558806823,-0.23001000195405774,0.02074607308281703,-0.028637858888662278,0.00038057444745165397
2024-09-11,-0.0054711036575646604,0.0013947965658357411,-0.01585911081859448,0.00038057444745165397,0.09858777510647555,0.017253907384430143,0.1262268886444235,0.0103471878906165
2024-09-12,0.0019007992973842911,0.013480611379666165,-0.0027942809060116963,0.0103471878906165,-0.2715146561201041,0.0162748922856779,-0.15771878380411045,0.01173100685583808
2024-09-13,0.0020064720720440184,0.01284705839178535,0.00037651432070584116,0.01173100685583808,-0.13536803927696192,0.012470544071079592,-0.31348432914413826,-0.0004964124762160071
2024-09-16,0.0029732166536270894,0.00519736576006712,-0.005723532989150281,-0.0004964124762160071,0.16638551055163722,0.010920898749217502,-0.12945651265982625,-0.02463053808292336
2024-09-17,-0.009980065668053246,-0.003730826649718354,-0.02896557402601877,-0.02463053808292336,0.3167747005774282,0.025234747376300506,0.26978959665577107,0.005455831748868189
2024-09-18,0.000508788055630695,0.010252671001651626,-0.004079553088129044,0.005455831748868189,-0.2949571533131121,0.014332224089780665,-0.06633123455609977,-0.012605984284386895
2024-09-19,0.00025309049008097144,0.0007588864574490123,-0.019678643562773962,-0.012605984284386895,0.31654910400591657,0.020437530020223107,0.29704642296796807,0.0129854995016917
2024-09-20,0.0024317211216415874,0.019918193280832643,0.0008965699497819027,0.0129854995016917,0.6079210794256399,0.019021623331050647,0.8251104608169655,0.01593614599176269
2024-09-23,0.00012650523515516304,0.01730456826698452,0.00012650523515516304,0.01593614599176269,-1.1800617266665447,0.0171780630318294,-0.6222331670981184,0.004223563270916985
2024-09-24,0.0018655750829511682,0.007194298101385991,-0.001121055949210685,0.004223563270916985,0.18740849509922786,0.00831535405059674,-0.40614605373456497,0.009008555503139953
2024-09-25,0.002723463233614217,0.01146250701976918,0.00012398061776101572,0.009008555503139953,-0.03382600412358023,0.011338526402008074,-0.37986255642718575,-0.018349180324732473
2024-09-26,-0.004432420516279845,-0.002460082169528228,-0.0266416770394583,-0.018349180324732473,0.1861116044517703,0.02418159486993003,-0.17895150593057263,-0.0017532802528091316
2024-09-27,-0.0002502395596162493,0.004618980170146348,-0.004012037748198974,-0.0017532802528091316,-0.3603382512914654,0.008631017918345245,-0.4945422933597545,0.012085130926371862
2024-09-30,0.0013778496776570683,0.014435338434486092,0.0010022781014505568,0.012085130926371862,0.46781830495764093,0.013433060333035417,0.30633292869602796,0.006418941356408605
2024-10-01,-0.0008672452342093,0.009613073599612209,-0.003846366847665564,0.006418941356408605,-0.1683105743767228,0.013459440447277845,0.044567117119282,-0.010389658748893898
2024-10-02,-0.003451239574748235,-0.003451239574748235,-0.014251358380703391,-0.010389658748893898,0.03453400020757661,0.010800118805955189,0.060989948524586106,0.0
2024-10-03,-0.0016175857531092858,0.0018632577763591706,-0.007237389158575486,0.0,-0.35602269181974344,0.009100646934934753,-0.3259473495823946,0.006320924900599618
2024-10-04,-0.0047357671444118385,0.008419020896958295,-0.007237389158575486,0.006320924900599618,-0.004908767252209792,0.015656410055533646,-0.2612599534897632,-0.022995314127776573
2024-10-07,-0.0030934874938505106,0.0,-0.024513471248786865,-0.022995314127776573,0.37130572264571826,0.024513471248786795,0.11425223988305155,0.007682181471000764
2024-10-08,0.006552496585199021,0.009061240314184723,-0.0003793232598325025,0.007682181471000764,-0.09498864213698982,0.009440563574017156,0.04915309839144148,0.008619158209409564
2024-10-09,0.0013790588431838791,0.009862147470413453,0.0005017047108498399,0.008619158209409564,-0.20714580869673033,0.009360442759563672,-0.1471455007966642,-0.009874474396257089
2024-10-10,-0.0011200793629225297,-0.000995543019594053,-0.011760456298925468,-0.009874474396257089,-0.13802294133705584,0.01076491327933144,-0.22490326433010313,0.00613611425738238
2024-10-11,0.0011298267383495872,0.006510560746145855,-0.0030192230596851363,0.00613611425738238,-0.12201502116131602,0.009529783805830925,-0.33461664361393734,0.0023692565747102396
2024-10-14,-0.0006243574587704968,0.005105591820978227,-0.0042536825878259936,0.0023692565747102396,0.035291984021284174,0.009359274408804371,-0.2687640202669134,0.016796746505170053
2024-10-15,0.004721644651446279,0.01887661717205987,0.002736335246267912,0.016796746505170053,0.29197462646608036,0.0161402819257918,0.13529722498987062,-0.005280300816779891
2024-10-16,-0.0014708024021411728,0.00012249263272585392,-0.012695046347253738,-0.005280300816779891,-0.17693095113574644,0.0128175389799795,-0.006641387234853024,-0.004071337803329639
2024-10-17,0.0006153661714349137,0.0034414829590776286,-0.00704271379675856,-0.004071337803329639,-0.16570810479830192,0.010484196755836171,-0.14904436128271187,0.005178780709431969
2024-10-18,-0.0002472384137511044,0.009841425755599162,-0.002847364637386488,0.005178780709431969,0.26822279236136687,0.012688790392985585,0.1448819315369189,-0.00616829016017078
2024-10-21,-0.0009843018047017873,0.0029473862951033903,-0.0072825890258034634,-0.00616829016017078,-0.23424838514086893,0.010229975320906855,-0.13972626873191277,0.014862389002009401
2024-10-22,0.0037055755735677523,0.017419549772841245,0.00024751636523888594,0.014862389002009401,0.2274091371761939,0.017172033407602393,0.09061423534286774,0.015125220898205184
2024-10-23,-0.001586203206893573,0.015965503016829054,-0.002685798119426944,0.015125220898205184,0.06469884194290874,0.01865130113625593,0.17402232361109995,-0.0027658694911704695
2024-10-24,-0.003729747048382042,0.0006003127961903966,-0.008320757302840518,-0.0027658694911704695,-0.11446210218948227,0.008921070099030797,0.02489978849902344,-0.006402906435899148
2024-10-25,0.0019248807046657794,0.003126155365829349,-0.007251644806116513,-0.006402906435899148,-0.2622509262799565,0.010377800171945771,-0.2757131699474726,0.0029044902503563724
2024-10-28,0.0029044902503563724,0.006884497040752268,-0.00048491835976803197,0.0029044902503563724,-0.11448746970489967,0.007369415400520271,-0.33150024975807735,-0.012770049744432596
2024-10-29,-0.0009672571415502705,0.001328429758141503,-0.013137299307150924,-0.012770049744432596,0.19209401368823972,0.014465729065292397,-0.10726772659307246,-0.003801556672887365
2024-10-30,-0.0012247212421749721,0.001589982402875596,-0.0049079104219790035,-0.003801556672887365,-0.04365588308203442,0.006497892824854645,-0.1023023746027497,0.006856860110720212
2024-10-31,-0.001229388818887184,0.012818377796746274,-0.0020908705521128557,0.006856860110720212,0.5166990714443744,0.014909248348859037,0.4910785192865482,0.0029244019142553607
2024-11-01,0.007052580862997279,0.007052580862997279,-0.005015559331511489,0.0029244019142553607,-0.24340995819048358,0.012068140194508765,0.1689687551512918,0.003158342127343305
2024-11-04,0.000121595071298174,0.00872205643299309,-0.002314422600574686,0.003158342127343305,-0.03770812409053022,0.011036479033567735,0.07050039445689281,0.014807991971379863
2024-11-05,0.0027857265124437316,0.015882896100326917,0.0007275120146447813,0.014807991971379863,-0.1002023588861176,0.015155384085682054,-0.09589679430624279,-0.0028721640116113594
2024-11-06,0.017296949267656205,0.02198410953812652,-0.019549346700988814,-0.0028721640116113594,0.6323988761834772,0.0415334562391155,0.5207020112230701,0.004901630119557108
2024-11-07,0.003350072206641976,0.011321063985425097,-0.0002397731329689686,0.004901630119557108,-0.4555259801561254,0.011560837118394098,-0.10069887517950706,0.011619805333136283
2024-11-08,0.005115104380591183,0.018550773905922333,0.004521722110144864,0.011619805333136283,0.12807967381879323,0.014029051795777327,0.06926926653315132,-0.00733560723468735
2024-11-11,0.0014135367891425308,0.006813957430244022,-0.008404891919373315,-0.00733560723468735,-0.32199209223998776,0.015218849349617418,-0.28516481718460285,0.009219909205508674
2024-11-12,0.0034378661931825714,0.015553509150522884,0.0034378661931825714,0.009219909205508674,0.2091442415444512,0.012115642957340285,-0.05713767781473292,0.005982798567260255
2024-11-13,0.0,0.009368882881145173,-0.002591910355631539,0.005982798567260255,-0.004488995489592268,0.01196079323677674,-0.094107996973242,-0.012119919751987875
2024-11-14,-0.0055122549011599135,0.003036346289180736,-0.013660171045091006,-0.012119919751987875,0.20660143938296233,0.01669651733427189,0.22004335385981333,-0.0026078869582555546
2024-11-15,0.0007100303090456859,0.003663195335284492,-0.006294169200147021,-0.0026078869582555546,0.09852940728933256,0.009957364535431586,0.2710351866022946,-0.0020198208862461267
2024-11-18,0.006742791216051168,0.007096404464512316,-0.007027559444700167,-0.0020198208862461267,0.36784168170229337,0.014123963909212452,0.5949523677178856,0.029531049602315507
2024-11-19,0.025249435548003765,0.04885811293681348,0.02153153093101628,0.029531049602315507,0.37032302508624415,0.02732658200579714,0.7731387992610161,0.006675152362231247
2024-11-20,0.0,0.00690449796917017,-0.007999518671299218,0.006675152362231247,-0.6924457378975015,0.01490401664046931,-0.16614547949064623,0.013783883856874412
2024-11-21,0.0030922162566655058,0.01660826580246679,-0.0028717497092064516,0.013783883856874412,0.029585712455616735,0.019480015511673242,-0.18546676667722783,0.022927840236884364
2024-11-22,0.0114737395381904,0.028111212248920405,0.006090712675543162,0.022927840236884364,0.2475782836424274,0.022020499573377213,0.03594639504524493,-0.010448049123720613
2024-11-25,0.0006631763013501534,0.005623197005364111,-0.015376401924024553,-0.010448049123720613,0.04435280587518173,0.020999598929388505,0.02466755169683497,0.020021658609882767
2024-11-26,0.004348068514515305,0.026244722646943597,0.003791644386806228,0.020021658609882767,-0.40918434434006756,0.022453078260137288,-0.38439253867777734,0.006223064037060815
2024-11-27,0.007528293158347862,0.010241999029944182,0.0,0.006223064037060815,-0.1484605894802596,0.010241999029944182,-0.35740620885907587,0.00672529659062621
2024-11-29,0.004127353356380959,0.008237659308508135,-0.0006532124303081193,0.00672529659062621,-0.2627362284205323,0.008890871738816229,-0.582170688094282,0.0015123627178819377
2024-12-02,0.0034534860068267587,0.005283292999035612,-0.005963726657368056,0.0015123627178819377,0.44170465240754614,0.011247019656403687,-0.05947016090920655,0.009347398056035265
2024-12-03,0.0015100789303720812,0.010202493803622254,-0.004110305952127286,0.009347398056035265,0.03446584438236628,0.014312799755749414,0.052757077288454204,0.010002156344392289
2024-12-04,-0.0006419040473096283,0.010743011510819413,-0.004931389407070241,0.010002156344392289,-0.02636966727993073,0.015674400917889762,0.11699822188450196,0.008959281046109028
2024-12-05,0.004647757916777011,0.01210224245958998,-0.0011653225987782684,0.008959281046109028,0.23652587598716837,0.013267565058368189,0.34504643531146495,0.004188423887313833
2024-12-06,0.0025151748616778304,0.009191596339683515,0.00031473303022721237,0.004188423887313833,-0.15391741337018286,0.00887686330945634,0.09807700017480689,-0.019733612753556406
2024-12-09,-0.0004179900354050651,0.0025047549510250947,-0.02218789938869074,-0.019733612753556406,0.10719306849524951,0.02469265433971577,0.11811107030532653,0.007644173564566302
2024-12-10,0.002341934378732065,0.014915345372134705,-0.0006397141846767223,0.007644173564566302,-0.4637122784804368,0.015555059556811452,-0.3852171843712893,0.004326913279101558
2024-12-11,-0.00010579233201041031,0.011984997923752499,-0.0005289928814245839,0.004326913279101558,0.402185780512401,0.012513990805177146,0.06579493491814349,-0.009204008562894855
2024-12-12,0.0075535527316445954,0.007971535132802783,-0.009204008562894855,-0.009204008562894855,-0.31954796287312354,0.017175543695697706,-0.2791431386301077,0.0016990942307918608
2024-12-13,-0.0030868435504184553,0.006251055771688877,-0.011222214046771577,0.0016990942307918608,-0.21817118031414717,0.017473269818460428,-0.4130971916620034,0.0065567360276720795
2024-12-16,0.0018020693973634374,0.015371950314055638,-0.001592795952290105,0.0065567360276720795,0.3759300821767756,0.016964746266345736,0.05069365905345164,0.005780618542746221
2024-12-17,0.0028419222330440213,0.006513945235070554,-0.005814309362212975,0.005780618542746221,0.34166378182641965,0.012328254597283489,0.4464391145381688,-0.019792095556764363
2024-12-18,-0.0008387695329082203,0.00501781690200002,-0.02429184385688747,-0.019792095556764363,0.04582524629351652,0.02930966075888737,0.36306858836507405,-0.0016047237699441095
2024-12-19,0.009892122077958513,0.010844212458663563,-0.0020330908258605045,-0.0016047237699441095,-0.3956153753723066,0.012877303284524043,-0.08901851438351858,-0.012497508770507303
2024-12-20,-0.004184324349704121,0.00374030327869021,-0.019132662569411762,-0.012497508770507303,1.0891557388747992,0.02287296584810198,0.9750273424530468,-0.02070285265161791
2024-12-23,-0.008054880519847162,-0.008054880519847162,-0.03676918947932798,-0.02070285265161791,-0.6329844274601161,0.028714308959480756,0.000774949695686286,0.025461702707260597
2024-12-24,0.00022138415678991903,0.025461702707260597,0.0,0.025461702707260597,-1.06958572025246,0.025461702707260597,-1.1385987400554403,0.0011861823747819147
2024-12-26,-0.0015117094847973056,0.0021556049613734507,-0.005518024717451955,0.0011861823747819147,0.20096989329075146,0.007673629678825226,-0.8280687061924311,-0.012252766197580551
2024-12-27,-0.007138291922934174,-0.00475319510928053,-0.019149776124449312,-0.012252766197580551,0.03489432776622577,0.014396581015168915,-0.6781455429868555,-0.011963090016811699
2024-12-30,-0.010198018853472232,-0.006457680805442126,-0.016833076939409934,-0.011963090016811699,-0.1508621118617517,0.010375396133967863,-0.7813246904238355,-0.0024320288676504005
2024-12-31,0.0,0.004076946225849789,-0.005646941252593692,-0.0024320288676504005,0.14055834024859903,0.009723887478443365,-0.17876823927157126,-0.0038813298194398612
2025-01-02,-0.004103539429126669,0.002763196057297988,-0.00922897364529401,-0.0038813298194398612,0.274064384465467,0.011992169702592044,0.3459883711787828,0.008629313251225528
2025-01-03,0.0016652962450611414,0.014341150696262742,0.0015543401610859018,0.008629313251225528,-0.31325989314747377,0.012786810535176838,-0.0726764779469412,0.007134671932652548
2025-01-06,0.0005506640917712138,0.01844529720912851,-0.001212462118239542,0.007134671932652548,0.29277540541105757,0.0196577593273682,0.22283884357735423,-0.006804270697179582
2025-01-07,0.002948690468474033,0.005562561418280855,-0.0107764774125609,-0.006804270697179582,-0.256219229630586,0.016339038830841757,-0.08594418853791125,0.010842946053029686
2025-01-08,0.00329818960786581,0.011387410231444564,0.00011013749261480867,0.010842946053029686,0.17994583553639668,0.011277272738829816,0.0706326507871012,0.012987162283262658
2025-01-10,0.007488176599294733,0.01920437413480768,0.0043477665932289584,0.012987162283262658,0.29892232934230667,0.014856607541578743,0.335275658295389,-0.015932719093213123
2025-01-13,-0.00950738838550869,-0.006147888574873479,-0.020641705636837437,-0.015932719093213123,0.025911455641334173,0.014493817061964096,0.31126449480001245,-0.008117616592366192
2025-01-14,0.0035989114819716776,0.004904424548076915,-0.01054374504268747,-0.008117616592366192,-0.3177530082177043,0.0154481695907644,-0.11456652652168484,0.0060396101960139646
2025-01-15,0.0030792807610483166,0.01030035864969637,0.00022022734928709602,0.0060396101960139646,0.24716124962080419,0.010080131300409346,0.14545455363893528,-0.0004379466371626493
2025-01-16,0.0017502046177851054,0.004151703635030966,-0.013446621622704977,-0.0004379466371626493,-0.26815624457685083,0.017598325257735994,-0.20102350659984516,0.006985395905896002
2025-01-17,0.008398332958620481,0.01045988025760642,-0.0027419813355277016,0.006985395905896002,0.17898459651921975,0.013201861593134108,-0.01974430201756729,0.012323141173504755
2025-01-21,0.005856224290665184,0.02470848030287187,0.004016234621729439,0.012323141173504755,0.3818804928147025,0.02069224568114245,0.390622796489694,0.0016102362096834502
2025-01-22,0.007385581525949999,0.009835424164075093,-0.006034557026019874,0.0016102362096834502,-0.40103788649182204,0.01586998119009502,-0.06762040509601579,0.006201839797236655
2025-01-23,-0.0029003110606270806,0.006201839797236655,-0.009808794861452908,0.006201839797236655,-0.09203043067593995,0.016010634658689574,-0.18359201941669157,0.010075967721324672
2025-01-24,-0.002882272027559584,0.012710737590078904,-0.0037379066364957507,0.010075967721324672,0.053172725032268324,0.01644864422657472,-0.09279353458481865,0.02747882448042381
2025-01-27,0.011958595966365134,0.028094626187308784,0.0006329524213240314,0.02747882448042381,0.23183293263868723,0.027461673765984764,0.11848373552391821,-0.0011300079169685915
2025-01-28,-0.0017468859673342675,0.004507227634746527,-0.006902599415980059,-0.0011300079169685915,-0.25426814769443207,0.011409827050726552,-0.171078113430716,0.002156159606172793
2025-01-29,0.001437956171878082,0.009004432654925282,-0.0007197542242286933,0.002156159606172793,-0.2624858432708546,0.009724186879153862,-0.3292369221359937,0.011725869932424427
2025-01-30,0.0019468466524121969,0.01456015441609446,-0.0008208684208748964,0.011725869932424427,-0.022377199787603046,0.015381022836969478,-0.2950259558991592,-0.004979410226017931
2025-01-31,0.003541602198363938,0.003541602198363938,-0.00967672012349543,-0.004979410226017931,0.39774085633033335,0.01321832232185943,0.14675298792570968,0.013960744917782436
2025-02-03,-0.014261843507174481,0.016469149360553114,-0.017366745874038806,0.013960744917782436,0.2229092518198106,0.033835895234591934,0.3498317954195648,0.012281076351493005
2025-02-04,0.004310570561793306,0.01406573190046638,0.001505812896603115,0.012281076351493005,-0.2982794851661907,0.012559919003863072,0.02958093231826823,0.01663181059611179
2025-02-05,-0.0011914917334354873,0.01780234083165515,-0.00228499160895375,0.01663181059611179,0.04662257404880179,0.02008733244060891,0.06864849570500327,0.0037991316874069724
2025-02-06,0.0006829572005905916,0.005450641976582577,-0.005088040714256515,0.0037991316874069724,-0.196262964088611,0.010538682690839156,-0.18847214125470413,-0.01666702256393965
2025-02-07,0.0014573869666338818,0.0025247841862717224,-0.017062562123183925,-0.01666702256393965,-0.04992500964322481,0.01958734630945576,-0.2643349614128337,0.017347390923432727
2025-02-10,0.007877888387533718,0.017444569804292334,0.0009881272875862002,0.017347390923432727,0.20438234571396824,0.01645644251670613,-0.010144382993655528,-0.004381884898083225
2025-02-11,-0.0029190973440885015,-0.000680368359493122,-0.010450841931309348,-0.004381884898083225,-0.24515882989600674,0.00977047357181613,-0.18539122816042272,0.01106377143010427
2025-02-12,-0.0034214654554961415,0.013858828066803507,-0.004205182478561537,0.01106377143010427,0.23776640480892092,0.018064010545364998,0.09856766768311122,0.013802600187019334
2025-02-13,0.0037570429868565647,0.015609579718920408,-0.0007724421673099114,0.013802600187019334,-0.1847529337000282,0.016382021886230235,-0.07499241931609814,-0.009661006961321637
2025-02-14,0.00237699177994963,0.00237699177994963,-0.013899141244713642,-0.009661006961321637,0.11280237002747377,0.01627613302466314,0.044961929441779486,-0.002502187203032345
2025-02-18,-0.0030804769405338305,-0.0004807292507256042,-0.014815073745663933,-0.002502187203032345,0.25716879450228336,0.014334344494938329,0.27783952590952327,0.0021176369641912845
2025-02-19,0.0006742734518351874,0.004038837854581845,-0.011922747900061925,0.0021176369641912845,0.014185947166703525,0.015961585754643744,0.2499073788727771,-0.0675173217264318
2025-02-20,-0.051495756386690295,-0.03802140514489856,-0.07298434014953495,-0.0675173217264318,1.0972948734584975,0.03496293500463636,1.2601660179407486,-0.02531517375483117
2025-02-21,-0.007019749200259262,-0.003710203317010044,-0.032302984374074924,-0.02531517375483117,-0.45972711524986615,0.028592781057064948,0.38675690265649526,-0.011780455987001512
2025-02-24,-0.006350555604355325,-0.0014781904391707949,-0.028466298892362584,-0.011780455987001512,-0.1627433975966931,0.02698810845319184,0.05136422489770235,0.04202127698310541
2025-02-25,0.007233307968913323,0.044270779095683534,0.006066749562187542,0.04202127698310541,-0.014375635764078425,0.03820402953349592,-0.06800895243839947,-0.015369898707607415
2025-02-26,0.00010230315651681508,0.010589660968294447,-0.01672213541116463,-0.015369898707607415,-0.43055110791949636,0.02731179637945919,-0.566787218286214,0.006114366671295228
2025-02-27,-0.003123328148067839,0.018946242049609617,-0.004062287767572173,0.006114366671295228,-0.1489004636821957,0.0230085298171819,-0.7190243518961087,0.018628989913886698
2025-02-28,0.01027863906645977,0.021161021432809932,0.003918310387618967,0.018628989913886698,0.43756659795114206,0.01724271104519094,-0.01827196870902454,-0.010397690905876307
2025-03-03,-0.00640927206194339,0.008884432595668932,-0.01821580000035495,-0.010397690905876307,-0.3259281697067005,0.02710023259602399,-0.2675451233745591,-0.02721392651948518
2025-03-04,-0.01892990807002306,-0.005548650567681323,-0.032598536852163365,-0.02721392651948518,0.3171039446462647,0.027049886284482114,0.1491945015804541,0.010578806297016899
2025-03-05,0.0,0.014841390355345423,-0.002319221145890887,0.010578806297016899,-0.3578302375522871,0.017160611501236413,-0.17013810907140103,-0.014059658184504626
2025-03-06,-0.01237042995293004,0.0021855561401619016,-0.018932023349689197,-0.014059658184504626,0.12350768473837677,0.021117579489851056,-0.032851887341016725,-0.03133974192221743
2025-03-07,-0.007423906633094767,-0.007317519844251746,-0.04186152977216206,-0.03133974192221743,0.5874848715681248,0.03454400992791025,0.5210091365585662,-0.04345120964016475
2025-03-10,-0.02160100572497657,-0.016378468088128123,-0.057325181908642366,-0.04345120964016475,-0.021514437664490845,0.040946713820514256,0.4059155805498144,-0.0043363898693425905
2025-03-11,-0.006053342422956791,0.017271962869332205,-0.007773247973524696,-0.0043363898693425905,-0.20312550461788242,0.025045210842856824,0.06891045998186035,-0.025951473772698533
2025-03-12,0.005019344473416599,0.018806445562084433,-0.029714409841899322,-0.025951473772698533,0.1491404702267073,0.04852085540398394,0.19253715452784992,-0.008249863653387566
2025-03-13,-0.0030562443886756087,0.0029299758311242953,-0.01573338427210946,-0.008249863653387566,-0.05537030965350565,0.018663360103233818,0.0291763034689591,0.010008896999419658
2025-03-14,0.005429012354519491,0.0102432488317704,-0.005220733829772624,0.010008896999419658,0.11931446352032365,0.015463982661543058,0.07571834166574579,0.024421104154271636
2025-03-17,-0.0025809637299684454,0.030462716016816143,-0.004344457173251997,0.024421104154271636,-0.3000643122522611,0.034807173190068076,-0.2218355146177535,-0.02161312440995213
2025-03-18,-0.00022866372760521205,0.002512291163449083,-0.022665159574104914,-0.02161312440995213,-0.3874313583720712,0.025177450737554067,-0.553837270069048,0.008608772350510196
2025-03-19,0.004197285215791116,0.013923007098051306,0.00035052168867569266,0.008608772350510196,0.3188982241098137,0.013572485409375466,-0.16260358988476015,-0.006041662089650811
2025-03-20,-0.006041662089650811,0.008650073936239051,-0.009426955993787784,-0.006041662089650811,-0.30032757798316656,0.018077029930026727,-0.4004798761267781,0.0019792287435992867
2025-03-21,-0.0061955752642536225,0.004882662526501872,-0.012075869841715733,0.0019792287435992867,0.3876728311973962,0.016958532368217687,0.09051693008139264,0.017409726589993856
2025-03-24,0.00568279697808368,0.019236878664689785,0.00429403681049964,0.017409726589993856,-0.4034575862193694,0.014942841854189957,-0.23917396640700164,-0.03170071809793647
2025-03-25,-0.008378766120349723,-0.0020595008411082413,-0.033353798951563624,-0.03170071809793647,0.4440950668302456,0.031294298110455365,0.2816524501091939,0.005295028492116208
2025-03-26,0.005060326109731937,0.009394097076386197,-0.002244168417810906,0.005295028492116208,-0.024659648384479867,0.011638265494197081,0.16576037011479886,0.004916869867603154
2025-03-27,-0.00505913556948841,0.01050676870061928,-0.00505913556948841,0.004916869867603154,-0.48392068423865714,0.015565904270107886,-0.34106841524962095,-0.005621231934512363
2025-03-28,-0.002338326227343442,0.0023329601005300632,-0.010920091335293177,-0.005621231934512363,-0.12636270858327425,0.013253051435823164,-0.45547473714484177,0.030533184338133335
2025-03-31,-0.0045906664252069115,0.0351925033837259,-0.009202504297043078,0.030533184338133335,0.7161421537085908,0.04439500768076908,0.36931842176766394,0.011776842027907117
2025-04-01,-0.00285176714558572,0.0149239591073219,-0.0047956036205067075,0.011776842027907117,-0.31544818928664603,0.019719562727828675,-0.05788011415428189,0.010415014179114125
2025-04-02,-0.007117522982314418,0.014750515180695473,-0.008024898291832104,0.010415014179114125,-0.1302326658782638,0.0227754134725276,-0.13700577978211154,-0.028247273397070772
2025-04-03,-0.039541658200948,0.0013359511850604547,-0.039541658200948,-0.028247273397070772,0.5324452517774857,0.04087760938600847,0.4686302009937857,-0.04776501453352584
2025-04-04,-0.018739735582137065,0.0014886604785520798,-0.054277349447706486,-0.04776501453352584,0.09240931254339087,0.05576600992625855,0.4151179991500127,0.007663782849092474
2025-04-07,-0.03610506061248051,0.036238838341566625,-0.04147839834546125,0.007663782849092474,0.01849454648767784,0.07771723668702786,0.26879521846576415,-0.024635962551723917
2025-04-08,0.02381060907746477,0.036772285145343225,-0.03397151908443647,-0.024635962551723917,-0.0711507452210896,0.07074380422977976,0.1517786492400278,0.09120030501046915
2025-04-09,0.018653652427133457,0.10450432127639751,0.014926504249135247,0.09120030501046915,0.30565264821508137,0.08957781702726213,0.37755248759728177,0.011209286019011774
2025-04-10,-0.009757214270610798,0.02501926122878606,-0.016201916007029457,0.011209286019011774,-0.29454769526820007,0.04122117723581557,-0.07440235963733592,0.023882083707477474
2025-04-11,0.0007722400347446561,0.029791264671949792,-0.006643789967747239,0.023882083707477474,-0.30876041214513883,0.03643505463969718,-0.3923268534199564,0.02058410264682544
2025-04-14,0.005051804069727446,0.02805113069271959,0.0010769895672786216,0.02058410264682544,0.08398390281583629,0.026974141125441047,-0.24999919341521898,-0.008055179938977997
2025-04-15,0.0009495789311966404,0.01362985461389526,-0.009119899715977785,-0.008055179938977997,-0.2378092487320044,0.022749754329873115,-0.4351173036276268,-0.03003032666700822
2025-04-16,0.0003191868846811034,0.003505626616313333,-0.036411006415324944,-0.03003032666700822,0.016231538458682606,0.039916633031638164,-0.3421538734679732,0.022017035321143186
2025-04-17,0.006993792846729041,0.028965606890008398,0.004704349718255764,0.022017035321143186,-0.03829640666127919,0.024261257171752815,-0.21091402097935846,-0.00872706651057996
2025-04-21,-0.0021478163318066562,0.00918319957359978,-0.020373536375767238,-0.00872706651057996,-0.15286609213166208,0.02955673594936702,-0.25730236607743484,0.02606144276486109
2025-04-22,0.005073070289461139,0.030689645439019926,0.005073070289461139,0.02606144276486109,-0.17536586783209532,0.02561657514955891,-0.3705940297206412,0.001159060366484308
2025-04-23,0.0017906801363302388,0.018282045128885482,-0.007301178449307816,0.001159060366484308,0.15810005017511217,0.025583223578193145,-0.09536307089427895,0.009224355496258286
2025-04-24,-0.00263615908885186,0.013181508297668612,-0.013784497804792213,0.009224355496258286,-0.2944038243932588,0.026966006102460822,-0.350478239239951,-0.007856323117163926
2025-04-25,-0.000417379324157688,0.006551995679687864,-0.015562835148677697,-0.007856323117163926,0.13040627950099773,0.022114830828365673,-0.12351234743972267,0.0013662435468736473
2025-04-28,0.0001051804670332079,0.009524418428518812,-0.007918534001406739,0.0013662435468736473,-0.1678805918388401,0.01744295242992551,-0.218686994674475,0.00857476429963246
2025-04-29,-0.003998794002540299,0.010031422436290361,-0.008437120860707699,0.00857476429963246,-0.02114870659973576,0.018468543296998225,-0.1703193286165786,0.012520201612732118
2025-04-30,-0.0010417593646865533,0.01795526378049569,-0.011624999777371131,0.012520201612732118,0.5345917513497039,0.02958026355786691,0.40125124373016624,0.0016439298791070208
2025-05-01,-0.002367874281914515,0.006661582624005913,-0.006809804221311658,0.0016439298791070208,-0.4964606522197198,0.013471386845317583,-0.14361979772103944,0.013662491403568571
2025-05-02,0.005528200856604928,0.018410706798234703,0.004506765870361206,0.013662491403568571,0.19647111837662026,0.013903940927873658,0.05644448210586306,0.005856254880088128
2025-05-05,0.0019222266939550163,0.009975374918753372,-0.0022303458359998847,0.005856254880088128,-0.2537045616254527,0.012205720754753253,-0.20664331856770962,-0.007883594095997053
2025-05-06,-0.005957547465507308,0.0014084447750764425,-0.009305196537649003,-0.007883594095997053,-0.15754090939821117,0.010713641312725371,-0.3574809431447592,0.0028371563500862946
2025-05-07,0.0,0.00687635719065295,-0.0024383380202424552,0.0028371563500862946,0.06161393532024906,0.009314695210895223,-0.26846810677314653,-0.014267046345901962
2025-05-08,-0.0008098171341774195,0.005046437745910559,-0.014985765967119305,-0.014267046345901962,0.24654452241084115,0.020032203713030022,0.12876482954165205,-0.007313955641969429
2025-05-09,-0.0070038426596155095,-0.0023634944997989317,-0.011769693809293102,-0.007313955641969429,-0.05422704976234986,0.009406199309494155,0.05445900730153966,0.00031011298235403495
2025-05-12,0.009774211784488033,0.01284110288898219,-0.011438187005651747,0.00031011298235403495,0.6705657247303213,0.024279289894634012,0.7616675983289738,-0.00903295098974517
2025-05-13,-0.0025873235649509123,0.005874182869633466,-0.015835278453138087,-0.00903295098974517,-0.30481457194913364,0.02170946132277154,0.25030731695496594,0.00985950161328714
2025-05-14,0.00156324901805007,0.015009904331105977,-0.000521573457153328,0.00985950161328714,0.2603908108829158,0.015531477788259147,0.398574798308794,-0.00496950350989128
2025-05-15,-0.02647566053179704,-0.001136663605895921,-0.052364679662837435,-0.00496950350989128,0.5414054402120553,0.05122801605694144,0.785959149058629,0.01942606363027318
2025-05-16,-0.0021819229062976253,0.029049848347791472,-0.0036391875557056025,0.01942606363027318,-0.2659148214867261,0.03268903590349705,0.26173636129088057,-0.0012221952714553644
2025-05-19,-0.016317221211798936,0.0004070925784966296,-0.025046404472780864,-0.0012221952714553644,-0.5210577050379678,0.025453497051277574,-0.4028738031792028,-0.0032666391375208888
2025-05-20,0.0044742276320883885,0.007108762947045768,-0.01644104140519756,-0.0032666391375208888,-0.24992400374954724,0.023549804352243485,-0.6067834468735492,-0.014107248557806542
2025-05-21,-0.006874349107981106,-0.0004090909697688316,-0.018784736839394942,-0.014107248557806542,0.008465247238206557,0.01837564586962616,-0.5689982837398673,-0.005198597675941816
2025-05-22,0.0011400800287137663,0.00548115319165233,-0.006345931416942011,-0.005198597675941816,-0.1380654093242691,0.011827084608594206,-0.6333729904779155,0.004264801178638129
2025-05-23,-0.006169350645459949,0.006338677704655651,-0.00974187041054942,0.004264801178638129,-0.003184716067519836,0.016080548115205033,-0.36908362659395944,0.012789009962613855
2025-05-27,0.009915457366647697,0.015041045055110296,0.002488136214609848,0.012789009962613855,0.22869707023408326,0.012552908840500364,0.08664941257806862,-0.0034904456730590976
2025-05-28,-0.0006151224023537325,0.006740869501472821,-0.0053432543288500275,-0.0034904456730590976,-0.426091488969106,0.012084123830322754,-0.3024511263410038,-0.0014407678965138633
2025-05-29,0.004002667625734518,0.005435619703289513,-0.004018753381352227,-0.0014407678965138633,0.24520654271987619,0.009454373084641868,0.0023168120207063083,0.01654621293961559
2025-05-30,-0.0014428467040848987,0.018671172837126788,-0.005162634160144939,0.01654621293961559,0.7376204727952462,0.023833806997271643,0.7597665328643411,0.010579930756306916
2025-06-02,0.0012147715471398123,0.011982244876624155,-0.0068099887555241,0.010579930756306916,-0.5673675441005412,0.0187922336321484,-0.016241108005108116,0.002102696282783182
2025-06-03,-0.0020065919436358867,0.011163305091922546,-0.012100550697375244,0.002102696282783182,-0.08598511748683467,0.023263855789297887,-0.14005568256212642,-0.006321245922269204
2025-06-04,-0.0019022124907138482,0.0014991147280749,-0.006623241994160852,-0.006321245922269204,-0.33883163957270584,0.008122356722235848,-0.4610936365378183,-0.014089730901169143
2025-06-05,-0.0005033518553723127,0.002412767532483568,-0.01766900019937052,-0.014089730901169143,0.352742106206958,0.020081767731854053,-0.10716515926631355,-0.005014571865032388
2025-06-06,0.004176684707561285,0.0061062522764114705,-0.010157557833120091,-0.005014571865032388,-0.013865591818952569,0.01626381010953155,-0.13769310013408864,-0.00020525623557431544
2025-06-09,-0.0007184245584069014,0.0038910273750196677,-0.007207656669970607,-0.00020525623557431544,-0.13306902456857259,0.011098684044990292,-0.09562235500570541,-0.0013348798579051581
2025-06-10,-0.0016431762398012022,0.006545992604617162,-0.010003626864467286,-0.0013348798579051581,0.22856975420881157,0.016549619469084478,0.1784710334795783,-0.01574179794720095
2025-06-11,-0.0003082963818960983,-0.0003082963818960983,-0.02045019873602187,-0.01574179794720095,-0.04607978376123726,0.020141902354125777,0.11083966852864574,-0.010176882627875576
2025-06-12,-0.009544397278857664,-0.0056526990343474005,-0.02505022076110197,-0.010176882627875576,0.08511559551406403,0.019397521726754522,0.1265209551929396,-0.004121096135736145
2025-06-13,-0.003274417401332027,0.005153814824500852,-0.008684651890550073,-0.004121096135736145,0.04647747838199573,0.013838466715051016,0.14752445177752244,-0.001589588881428993
2025-06-16,0.0032771058938236494,0.01408914410088657,-0.003606707692881964,-0.001589588881428993,-0.22810779103786524,0.01769585179376861,-0.11824449531174751,-0.00042432285916290833
2025-06-17,-0.003612455810595804,0.0056052050682144985,-0.007131083977802379,-0.00042432285916290833,0.0036153547577828307,0.012736289046016855,-0.12916214362124642,0.008872946711197227
2025-06-18,0.0033894714723176574,0.013070681262742606,-0.0016990942307918498,0.008872946711197227,-0.2759670365829464,0.014769775493534584,-0.3785728845260795,0.010773666403461874
2025-06-20,0.00157622614937284,0.012748357183997855,0.0011561367017223336,0.010773666403461874,0.5977483232221479,0.0115922204822756,0.2822222548849284,0.018042656058523142
2025-06-23,-0.0020829478129146713,0.018655501406188393,-0.004692688891980964,0.018042656058523142,-0.008407035355569359,0.0233481902981692,0.23891645720750337,0.0013273831692696572
2025-06-24,-0.0014314868014989423,0.012590255075639403,-0.006355113002746707,0.0013273831692696572,0.09210424755948309,0.018945368078386017,0.30965108006103065,-0.007579651730810684
2025-06-25,0.0031582478745079837,0.0056979963438760365,-0.008711287140700803,-0.007579651730810684,-0.6973651900387027,0.014409283484576959,-0.47528674348705346,-0.012831358797742366
2025-06-26,-0.0037082922960964535,0.0008221398437118285,-0.013873335309896593,-0.012831358797742366,0.5514204595302411,0.01469547515360835,0.11919327684438621,0.012934114227829493
2025-06-27,0.003119510250138729,0.017959049133050957,0.0014570407283780093,0.012934114227829493,0.48454190749650256,0.01650200840467278,0.5144229180972139,0.005229462296470804
2025-06-30,-0.0004112420225856364,0.008904442072716187,-0.009918452146533205,0.005229462296470804,-0.56845631835726,0.018822894219249365,-0.16309714796259114,0.00469339798749561
2025-07-01,-0.0018425668812778579,0.014317182705013918,-0.003688535083392795,0.00469339798749561,-0.12980382556896217,0.01800571778840656,-0.26748726168578196,-0.006433489213979846
2025-07-02,-0.0011203404246319735,0.0014240607952847187,-0.012084123830322736,-0.006433489213979846,-0.2236745253441429,0.013508184625607458,-0.42261366015735646,0.007654270113438999
2025-07-03,0.0009215743728952815,0.008873562523827793,-0.0019484438569084977,0.007654270113438999,-0.4864621183680209,0.010822006380736382,-0.9231015517434439,0.010014730085931622
2025-07-07,-0.001322521692276775,0.010014730085931622,-0.007551804958829007,0.010014730085931622,0.5201932827882566,0.01756653504476052,-0.27428624932994494,-0.023010607975860957
2025-07-08,-0.005348943309800281,-0.001813422904968331,-0.029002301585351525,-0.023010607975860957,0.26621344082873705,0.027188878680383142,0.2371989036582368,-0.0028880761498984164
2025-07-09,0.0006178458665263192,0.0020578727342840187,-0.007339662948585741,-0.0028880761498984164,-0.20824764090875653,0.009397535682869544,0.04299212349289975,-0.020348142629775315
2025-07-10,-0.0015505652100060111,-0.00030992076144937495,-0.021613994566188743,-0.020348142629775315,0.32130115608479926,0.021304073804739285,0.39419190847008145,-0.004861037568244657
2025-07-11,0.0015800448192567842,0.007038194620028501,-0.006663489040114463,-0.004861037568244657,-0.25820774762855814,0.013701683660142837,0.04034391993865176,0.014512792854172424
2025-07-14,0.001164582294759757,0.015139006841054988,-0.00021193211849965436,0.014512792854172424,-0.05752605289993431,0.015350938959554609,-0.11119247984764086,-0.004080137410967865
2025-07-15,-0.0018810780733196605,0.0,-0.008808743331172849,-0.004080137410967865,-0.27647442090158664,0.008808743331172876,-0.39862249607764655,-0.0025191349799101093
2025-07-16,0.0003144361399076377,0.0046020627043619425,-0.008210559591040684,-0.0025191349799101093,0.06759103968400258,0.012812622295402533,-0.24490266288957274,-0.0006308367394032239
2025-07-17,-0.0007359480286853341,0.005031939861805262,-0.0027362902252547083,-0.0006308367394032239,-0.001476728375867504,0.007768230087060033,-0.21044429151935168,-0.0004206719980118288
2025-07-18,0.0,0.004093063589811424,-0.006964950532572464,-0.0004206719980118288,0.27071190253786154,0.01105801412238381,0.17925962725954006,0.006501649509492822
2025-07-21,0.0022069167566706634,0.016589626829475235,0.000525852465045077,0.006501649509492822,-0.08449589896797229,0.016063774364430176,0.09408880619656801,0.0018797030214090138
2025-07-22,0.0017753456056831868,0.010398346984423767,0.0007314111007328649,0.0018797030214090138,-0.3963435401297906,0.009666935883690896,-0.2968704816604206,-0.0017751601803394678
2025-07-23,0.0016679213874079462,0.004580027188006253,-0.005859570604309583,-0.0017751601803394678,0.0725177579929167,0.010439597792315822,-0.20106117596363954,0.00956943203075646
2025-07-24,-0.0011503333069969122,0.013289219486816427,-0.003454977348364998,0.00956943203075646,0.4323003105736003,0.016744196835181382,0.25595082862476365,0.008965925450379735
2025-07-25,0.002481368831150684,0.010810947526063493,-0.0007248972079426102,0.008965925450379735,-0.1527009091203152,0.011535844734006137,0.03939510765740549,0.0014353025668309306
2025-07-28,-0.001951245203493584,0.0067484513561789135,-0.004009251153307095,0.0014353025668309306,-0.045744335336064104,0.010757702509486012,0.022645916903104298,0.007349233973755748
2025-07-29,0.0017400912264842424,0.011307619082549751,-0.002769986656362156,0.007349233973755748,0.13246620389538197,0.014077605738911808,0.1745597057197125,-0.0075541957856791065
2025-07-30,0.002843495120197145,0.005577778518867469,-0.010632969015962277,-0.0075541957856791065,-0.012201567945455868,0.01621074753482968,0.08115374652966378,0.003988418843932951
2025-07-31,-0.0015381626108424977,0.01060045549066118,-0.002873257882969751,0.003988418843932951,0.12125121531607962,0.01347371337363079,0.1397271215927705,0.005191588019944963
2025-08-01,0.00020406819872718286,0.008637810443564008,-0.0031689797598194822,0.005191588019944963,0.06786815795401933,0.011806790203383436,0.1979463820540853,0.011106722679899516
2025-08-04,-0.0029488142083332752,0.014314818907219275,-0.0029488142083332752,0.011106722679899516,0.1286554616223098,0.017263633115552682,0.27164425910719703,-0.002815474840112004
2025-08-05,0.0008029894365040012,0.008797466452460411,-0.006851338395277915,-0.002815474840112004,-0.0579844371409842,0.01564880484773813,0.1246588478147718,0.03997179960781872
2025-08-06,0.0015092977500350392,0.04315945578385227,0.0015092977500350392,0.03997179960781872,0.27800082704732454,0.0416501580338173,0.35416739051737434,-0.0023246606736500044
2025-08-07,0.0009670097868784991,0.005210866851819421,-0.012167376394556622,-0.0023246606736500044,-0.6406056344571063,0.01737824324637622,-0.3984705336686506,0.005898016540215269
2025-08-08,0.0024214258850452446,0.015396747992727465,0.0002908690443302197,0.005898016540215269,-0.009219393768033775,0.01510587894839733,-0.3733860892117257,0.0019261967307280527
2025-08-11,0.0016375109852542116,0.005767568224522166,-0.005995016356687303,0.0019261967307280527,0.036596114350820115,0.011762584581209466,-0.2871973827623313,-0.0029872106437546834
2025-08-12,0.003074262142221525,0.0036496127458961187,-0.0054027873858980766,-0.0029872106437546834,0.3317900201232151,0.009052400131794116,0.11963414478643575,-0.025708907007360456
2025-08-13,-0.014288051691673525,-0.00784778708508555,-0.02709613862289641,-0.025708907007360456,0.07954064713184127,0.019248351537810893,0.1999514254838399,-0.0013872316155360124
2025-08-14,0.002274896960258231,0.004446033870831808,-0.002677079029713542,-0.0013872316155360124,-0.5802567694907218,0.007123112900545473,-0.32410673142169527,-0.008464063281946752
2025-08-15,-0.0021838526186658052,-0.0007935902905547666,-0.013074666642047735,-0.008464063281946752,0.22549104796769545,0.012281076351493005,-0.07637747542424381,0.006975583430984959
2025-08-18,0.0,0.008761478442342834,-0.0008003384959762341,0.006975583430984959,-0.15460037384073408,0.009561816938319033,-0.2473259271457955,0.005841929318304143
2025-08-19,0.0025786203056081935,0.01703387200872634,0.0009926164935665715,0.005841929318304143,0.37732487066805304,0.01604125551515975,0.14621628179804935,0.012557790606646446
2025-08-20,-0.0013831200383179053,0.013337459592432209,-0.003560488462974166,0.012557790606646446,0.0929596878764886,0.01689794805540632,0.2517324809627041,-0.04598626660599027
2025-08-21,-0.03129274028153324,-0.030890514730398968,-0.05635013913301269,-0.04598626660599027,1.021760381217531,0.025459624402613713,1.2837985664504534,-0.011602340204603425
2025-08-22,0.0011222835543764893,0.011065581216798579,-0.012325514918590512,-0.011602340204603425,-0.4606463097528285,0.0233910961353891,0.3715810209222591,-0.007879793288384092
2025-08-25,0.0017540959699497388,0.007715690618909229,-0.007879793288384092,-0.007879793288384092,-0.5451024986718451,0.015595483907293173,-0.32995255607592217,-0.00020816825788841158
2025-08-26,0.002183510991144051,0.004155002591120299,-0.0067889083465105604,-0.00020816825788841158,0.1611326630250203,0.010943910937630842,-0.2227152679335376,0.00031227584217216646
2025-08-27,-0.0015629231866222011,0.002807057404997097,-0.00469611689088166,0.00031227584217216646,-0.5440408649556805,0.007503174295878617,-0.803944201785576,0.0003121783564123904
2025-08-28,-0.0008330053614964786,0.005086933989342699,-0.003962930259220901,0.0003121783564123904,0.3978570243277941,0.009049864248563591,-0.3656025237188287,0.009011431106160378
2025-08-29,-0.00010407508753072482,0.009526821270785593,-0.0032306583534213273,0.009011431106160378,-0.2097844570232992,0.01275747962420701,-0.3075503071937505,0.008930871956118273
2025-09-02,0.002574534055357451,0.008930871956118273,-0.004858154238051384,0.008930871956118273,-0.01608998383890366,0.013789026194169633,-0.1479320019648777,0.016118793505982592
2025-09-03,0.0,0.016118793505982592,-0.0035833002442222494,0.016118793505982592,0.21302300540594812,0.019702093750204847,0.10644027863627194,0.014872738520399768
2025-09-04,0.0047153456450026165,0.019025386088463325,0.0021095902171796807,0.014872738520399768,-0.19433388818829558,0.01691579587128368,-0.04879107752529782,-0.004169963983847963
2025-09-05,0.0014850903604929802,0.00543455753642996,-0.013767149108673393,-0.004169963983847963,-0.12895955096591893,0.01920170664510339,-0.2102816141328996,0.01745689219751252
2025-09-08,0.0033770029794800748,0.0182387709638235,-0.0008958739179629631,0.01745689219751252,-0.0045782351730227246,0.019134644881786636,-0.14791393746225748,9.77869311566973e-05
2025-09-09,-0.0027413252037995516,0.0020510735120942867,-0.007162820409901861,9.77869311566973e-05,-0.14658386113442406,0.009213893921996104,-0.2700693094146946,-0.018550085056322625
2025-09-10,-0.0033294583326311474,0.001562919477903496,-0.018749330795596507,-0.018550085056322625,0.4169809043335135,0.02031225027350011,0.19359947341537664,0.022063317966907796
2025-09-11,0.005759640522669441,0.023328929324324194,-0.0012955792457590978,0.022063317966907796,-0.1203791128528456,0.024624508570083165,0.08768349582028075,0.008149810708366503
2025-09-12,-0.0010721830457682431,0.012873446910172807,-0.002829141075430726,0.008149810708366503,-0.3117587632026289,0.015702587985603665,-0.22763751411510488,0.0019307330772503474
2025-09-15,0.0015448845650653065,0.004723636201806349,-0.000773264427802307,0.0019307330772503474,-0.0790632500887725,0.005496900629608646,-0.2774550901835099,-0.00260735285238871
2025-09-16,0.001541833513587163,0.0050023831034988085,-0.005415400419683713,-0.00260735285238871,0.2973521846847238,0.010417783523182737,0.062033059736344744,0.008185307343835184
2025-09-17,0.002993052542920315,0.02567794837452275,0.002993052542920315,0.008185307343835184,0.5611406675687858,0.022684895831602412,0.584800661765763,-0.006446341510054124
2025-09-18,-0.004710394429694369,0.0035422252691422037,-0.020835037337960036,-0.006446341510054124,-0.5347348514273572,0.024377262607102393,-0.050059464275807375,-0.012334412104532495
2025-09-19,0.002024966590306478,0.0032765179720849777,-0.01468257378728022,-0.012334412104532495,0.8500705683727938,0.017959091759365137,0.8132943544322278,0.004776980667010857
2025-09-22,0.0011719419048418346,0.008465920483876345,-0.004014729134043144,0.004776980667010857,-0.995106525491578,0.012480649617919462,-0.4442768575937921,-0.002922014907612695
2025-09-23,-0.003995483812659643,-0.0013625246842550013,-0.014597348128861088,-0.002922014907612695,0.0228136839813309,0.013234823444606199,-0.44223674878902003,0.0020463511537316347
2025-09-24,0.005059402489520581,0.00922385866282456,-0.00039017840624580704,0.0020463511537316347,-0.14418933848742924,0.009614037069070354,-0.5734183108619995,0.0031101170453892647
2025-09-25,0.004758424641388975,0.007564027128153799,-0.001461220094280379,0.0031101170453892647,0.15987274107115734,0.00902524722243412,-0.26454698927814096,0.0010668795616505294
2025-09-26,-0.0016511031584476486,0.004260632087370889,-0.0056442522263962566,0.0010668795616505294,-0.1196541695016015,0.009904884313767159,-0.3667926524941837,-0.0007758129648616165
2025-09-29,-0.0010668795616505494,0.001452936717046756,-0.010524378978531387,-0.0007758129648616165,0.26625560334282233,0.011977315695578169,0.21142737711004975,-0.00019408433669284108
2025-09-30,-0.0007764153179613296,0.008308429521309557,-0.003498551722154084,-0.00019408433669284108,-0.10939463558025048,0.011806981243463521,0.06112850052598215,-0.010730748682269248
2025-10-01,-0.004863349843207658,-0.0019424729303254506,-0.02465617264159434,-0.010730748682269248,0.15150079215989243,0.022713699711268718,0.20173620276973087,-0.0025532974815726276
2025-10-02,-0.005014534338209485,0.0017638447152258034,-0.020711202772019658,-0.0025532974815726276,-0.033857121623528524,0.022475047487245547,0.09833498650782369,0.0036315763784769014
2025-10-03,-0.002362649932048487,0.010952610612237488,-0.0049285463494073145,0.0036315763784769014,-0.27381343676088865,0.01588115696164483,-0.2066438198828828,0.006153237793706903
2025-10-06,-0.0018632262732749814,0.00974951666230245,-0.004812166026700686,0.006153237793706903,0.11423110384977482,0.01456168268900303,-0.0925251029952423,0.005244266939278847
2025-10-07,-0.0031207330171394397,0.005341144621895774,-0.017186772690789578,0.005244266939278847,0.1553118820702241,0.022527917312685435,0.0930285817583218,-0.0032986964897662873
2025-10-08,-0.002133242606347702,0.0001937459808576025,-0.010614017957264316,-0.0032986964897662873,-0.1344465662195554,0.0108077639381219,-0.06467194028875407,-0.011042325450412104
2025-10-09,0.00223264402698659,0.005330717022958798,-0.024894272478478884,-0.011042325450412104,0.36192464670402663,0.030224989501437736,0.33320405414354787,0.0006875860713634215
2025-10-10,0.0027475869420415418,0.01811150447404386,-0.0024595418789369852,0.0006875860713634215,-0.05200580656278754,0.020571046352980845,0.2268695572329833,0.0027457009792053715
2025-10-13,-0.0046257018007783484,0.005971926607420544,-0.007589575222588871,0.0027457009792053715,-0.532701740660868,0.013561501830009383,-0.39213058946730905,0.048640900059662096
2025-10-14,0.018722962900451313,0.055241575663806726,0.007511831186724462,0.048640900059662096,1.0433275539761073,0.047729744477082135,0.6818968456039615,0.016833543193682635
2025-10-15,0.0010255033852396172,0.021682802782562183,0.0008391587494332612,0.016833543193682635,-0.36529233026216607,0.020843644033128963,0.13731791678326663,-0.023759795730515055
2025-10-16,0.001557972842043832,0.00503183029776151,-0.03139663612671822,-0.023759795730515055,-0.268934081850526,0.03642846642447965,-0.21218961550392396,0.01176486127497514
2025-10-17,0.006553074847644752,0.016118071415849613,-0.0023508403052771073,0.01176486127497514,-0.175227229875518,0.01846891172112668,-0.35587116136888575,-0.006332084523249747
2025-10-20,0.0011132306202860972,0.0048152388158784415,-0.010450806379249592,-0.006332084523249747,-0.2609121610635379,0.015266045195128078,-0.566754435825805,-0.0077836170570024085
2025-10-21,0.002612174010007399,0.0040087714369191965,-0.008160273513809355,-0.0077836170570024085,0.029656424372045145,0.012169044950728512,-0.5339832058876575,0.008623958269579304
2025-10-22,0.003101960699713219,0.01448686897321695,-0.00528600009092612,0.008623958269579304,0.12057940311944546,0.019772869064142964,-0.17169316095032605,-0.0026168125147290142
2025-10-23,0.001958125354686118,0.004005410850869074,-0.012774930658232165,-0.0026168125147290142,-0.07498227396493427,0.01678034150910135,-0.11322349227769758,-0.006478006462278483
2025-10-24,0.0019632510786143794,0.0028967693980716442,-0.01271381684060706,-0.006478006462278483,-0.1004424522526082,0.015610586238678588,-0.1328731027292526,-0.01614160524489968
2025-10-27,0.0015999078594105879,0.0017880063343230122,-0.019209383421277697,-0.01614160524489968,0.46192079902057237,0.020997389755600806,0.38880077076351155,-0.012521865169793398
2025-10-28,-0.003932328133507922,-0.0031638186602629594,-0.013685623583332472,-0.012521865169793398,-0.20631887686495567,0.0105218049230694,0.08317766731785681,-0.006905625788752191
2025-10-29,-0.0025232399307934823,0.004834664308334474,-0.01032742581950797,-0.006905625788752191,-0.10571919123127758,0.015162090127842453,-0.06131300840132122,-0.0022472599696036146
2025-10-30,-0.002540821666635302,0.008842341575195888,-0.004891899046960018,-0.0022472599696036146,0.1599238780168863,0.013734240622156078,0.10348923119080204,-0.01032409772603437
2025-10-31,-0.005197936558928939,-0.0012724993803169388,-0.02025663863024616,-0.01032409772603437,0.3638160603258387,0.018984139249929376,0.4262599555148797,0.004043957175564133
2025-11-03,-0.003564366252409238,0.0061090222144392445,-0.007738889424331257,0.004043957175564133,-0.31209520309149913,0.013847911638770511,-0.025712215635929406,0.006671272938173678
2025-11-04,0.005301415641486306,0.010087803222885302,-0.0012804459405073294,0.006671272938173678,-0.1588358709720008,0.011368249163392637,-0.16374827072768,-0.007853141672515879
2025-11-05,-0.005195823596033849,0.00400101698135026,-0.013982092723656667,-0.007853141672515879,0.05544408043466747,0.017983109705006987,-0.09903575290136396,0.0020674295613551386
2025-11-06,-0.0012820364102756954,0.004523105853116623,-0.014293071527459858,0.0020674295613551386,0.1070511078424118,0.01881617738057657,-0.010399124743786846,0.008909796520533749
2025-11-07,0.004415854814473602,0.012607065641065035,0.0004916479215849942,0.008909796520533749,0.1486600520155443,0.012115417719480055,0.1276539274460836,-0.0016584382465651068
2025-11-10,-0.004298090201806757,0.0007795170734364969,-0.009696906277179505,-0.0016584382465651068,-0.17306412827338977,0.010476423350615844,-0.005246901852538924,0.009909769909247745
2025-11-11,0.0007808104219602119,0.012805760174593254,-0.0009768338684777436,0.009909769909247745,-0.09581280134124168,0.01378259404307094,-0.09688063652763748,0.0
2025-11-12,-0.0008704867021618238,0.0015455570310715333,-0.007569165261380825,0.0,-0.08694448410545601,0.009114722292452276,-0.19131194876117436,-0.00873878278170598
2025-11-13,0.0014490066523013521,0.004725840470938927,-0.013822918475632022,-0.00873878278170598,0.40336101263106144,0.01854875894657112,0.22959380897584683,-0.0005852849386027604
2025-11-14,-0.023084817089944944,-0.00048776328387937465,-0.03634600935158602,-0.0005852849386027604,0.2584932987641967,0.03585824606770652,0.4442365749314348,0.004575713485250191
2025-11-17,0.0009753094656971343,0.008163274928503104,-0.003714980119766986,0.004575713485250191,-0.42660989815701217,0.011878255048270133,-0.06138595147716879,-0.015268942886043158
2025-11-18,0.00029142338522098474,0.0037810835908643594,-0.015367597878440234,-0.015268942886043158,0.14099477334445804,0.01914868146930455,0.070036980727747,-0.007722798574179352
2025-11-19,0.0018722224541903331,0.003151156691505984,-0.017009402843950777,-0.007722798574179352,0.2299989224718767,0.02016055953545664,0.24755102380536606,0.06260468710443114
2025-11-20,0.032562170698437407,0.07004591794187325,0.020365696604575902,0.06260468710443114,0.8213594124590757,0.04968022133729743,0.9587489399333735,-0.016853017744396973
2025-11-21,0.00808970640371565,0.00966281703308008,-0.02256621621642706,-0.016853017744396973,-0.19572971599039793,0.032229033249507065,0.47456438452529975,-0.012035699329870756
2025-11-24,0.0003797314975323383,0.008979662065376917,-0.014922771134126253,-0.012035699329870756,0.026172568499485415,0.02390243319950314,0.36999833675167954,0.027861202061273557
2025-11-25,0.005271522789579905,0.03177873503092856,0.001632395557578451,0.027861202061273557,-0.7436347241798157,0.030146339473350114,-0.5437411010186881,0.019436044391061082
2025-11-26,0.00186738570690503,0.023917261596938414,0.0015875071774840914,0.019436044391061082,-0.12806119977783606,0.022329754419454454,-0.6866752868028736,0.012841155078376692
2025-11-28,0.001831544250456532,0.014558933293802525,-0.00091699662382353,0.012841155078376692,-0.5911437525735365,0.015475929917626054,-1.2527533928933057,0.009187568130036463
2025-12-01,0.0,0.011247700131808223,-0.0013582790517079352,0.009187568130036463,0.5599305710676771,0.012605979183516167,-0.4246698083771686,0.007859331990470737
2025-12-02,-0.000538094708891662,0.009992078362180839,-0.006657076265170773,0.007859331990470737,0.08210770773862075,0.01664915462735149,-0.13981631253979981,0.01763558566964873
2025-12-03,0.0008002875926237615,0.021822209500935996,-0.0016916928512571547,0.01763558566964873,0.268632669891892,0.023513902352193097,0.3788957397396441,0.003751303642566801
2025-12-04,-0.006928948419116161,0.004186623831287317,-0.010985740925908732,0.003751303642566801,0.05665284972963426,0.01517236475719617,0.38589684777585465,0.0023483748652374497
2025-12-05,-0.0009582522935921398,0.012375220444569084,-0.001394179687790011,0.0023483748652374497,-0.07820434897677657,0.013769400132359076,0.2194675840053143,-0.01355688812335564
2025-12-08,-0.004702210987431439,-0.001043048746263271,-0.024714309309859468,-0.01355688812335564,-0.05383975052484997,0.02367126056359625,0.028734920445856134,0.013122400110650106
2025-12-09,0.003428418804193305,0.018842180550751562,-0.004766545606371246,0.013122400110650106,0.06917875156136291,0.023608726157122735,0.04955986183247833,-0.01647423580584493
2025-12-10,0.0025172611749119233,0.010117305320834975,-0.01815440990181128,-0.01647423580584493,-0.06220335217687194,0.02827171522264615,-0.06001158806586337,0.020464171674434085
2025-12-11,-0.00035348989040128077,0.023489422302213583,-0.0029199846685105065,0.020464171674434085,-0.05729840859037412,0.026409406970724122,-0.10388304587201011,0.010162867056870023
2025-12-12,-0.0022531815426530912,0.012302820850448674,-0.004337648985230896,0.010162867056870023,-0.1227824017025095,0.01664046983567958,-0.1899360230848015,0.0007709449875067443
2025-12-15,0.0019689546200710173,0.0064061719794003226,-0.009124601271943776,0.0007709449875067443,-0.020034474161787986,0.015530773251344068,-0.16691883934171853,-0.011799824711019395
2025-12-16,-0.0017997098057386505,0.000770285813717597,-0.015880233468941237,-0.011799824711019395,0.048429528066562436,0.016650519282658868,-0.08176317775444376,0.002077250974239861
2025-12-17,-0.0019079116477074298,0.008368982291319535,-0.003036997235265656,0.002077250974239861,-0.19404547196089714,0.01140597952658513,-0.23086110120807668,-0.007202094658900232
2025-12-18,-0.005635784713992655,0.007064728875418965,-0.009119818558711665,-0.007202094658900232,0.28332869450145665,0.016184547434130638,0.12029215244662074,-0.004101416942666263
2025-12-19,0.002695984212827675,0.003911151368354423,-0.011385681309693741,-0.004101416942666263,0.8459299954108197,0.015296832678048126,0.9673770710951535,-0.0155096706369506
2025-12-22,-0.0030651902083696394,-0.00034984183909331473,-0.01889013159062426,-0.0155096706369506,-0.8460603777572346,0.018540289751530853,-0.1604366098581848,-0.015212794038893893
2025-12-23,-0.005432139634855064,-0.002222717104406114,-0.01701789000749781,-0.015212794038893893,-0.055237542768508834,0.014795172903091791,-0.23733477110118825,0.006381749020859878
2025-12-24,0.0,0.0072773112718114786,-0.0031609732066920928,0.006381749020859878,-0.8133100259201123,0.01043828447850355,-1.05589128746546,0.0011640677769018325
2025-12-26,0.0009850948671934953,0.003220332037927204,-0.002242455069237208,0.0011640677769018325,-0.0006439650704957466,0.005462787107164344,-0.9995878218147564,0.007045117000968564
2025-12-29,-0.001343317533066727,0.009264282642145419,-0.0015225310433322522,0.007045117000968564,0.36573218371239413,0.010786813685477627,-0.5263080955176812,-0.005435527917266745
